tip_id,year,treatment,end_year,StartDate,EndDate,Status,age_band,cohort_2022,race,gender,census_tract,participated_tip,graduated_tip,employed_full_year,employed_partial_year,earnings_full_year,offense_count_year,offended_year,has_offense_by_year,has_offense_prior_to_year,graduatedXcohort
1416,2017,0,2022.0,2021-08-23,2022-03-11 00:00:00+00:00,Non Graduated,25-34,0.0,Unknown,Unknown,Unknown,0,0,0,0,0.0,0,0,0,0,0.0
1416,2018,0,2022.0,2021-08-23,2022-03-11 00:00:00+00:00,Non Graduated,25-34,0.0,Unknown,Unknown,Unknown,0,0,0,1,1163.025221934804,0,0,0,0,0.0
1416,2019,0,2022.0,2021-08-23,2022-03-11 00:00:00+00:00,Non Graduated,25-34,0.0,Unknown,Unknown,Unknown,0,0,0,1,893.5013255820497,0,0,0,0,0.0
1416,2020,0,2022.0,2021-08-23,2022-03-11 00:00:00+00:00,Non Graduated,25-34,0.0,Unknown,Unknown,Unknown,0,0,0,0,0.0,0,0,0,0,0.0
1416,2021,0,2022.0,2021-08-23,2022-03-11 00:00:00+00:00,Non Graduated,25-34,0.0,Unknown,Unknown,Unknown,0,0,0,0,0.0,0,0,0,0,0.0
1416,2022,0,2022.0,2021-08-23,2022-03-11 00:00:00+00:00,Non Graduated,25-34,0.0,Unknown,Unknown,Unknown,1,0,1,1,23295.06768875508,0,0,0,0,0.0
1416,2023,0,2022.0,2021-08-23,2022-03-11 00:00:00+00:00,Non Graduated,25-34,0.0,Unknown,Unknown,Unknown,1,0,0,1,19831.00811186321,0,0,0,0,0.0
1416,2024,0,2022.0,2021-08-23,2022-03-11 00:00:00+00:00,Non Graduated,25-34,0.0,Unknown,Unknown,Unknown,1,0,0,0,0.0,0,0,0,0,0.0
1419,2017,1,2021.0,2021-08-23,2021-11-19 00:00:00+00:00,Graduated,25-34,0.0,Unknown,Unknown,Unknown,0,0,0,0,0.0,0,0,0,0,0.0
1419,2018,1,2021.0,2021-08-23,2021-11-19 00:00:00+00:00,Graduated,25-34,0.0,Unknown,Unknown,Unknown,0,0,0,0,0.0,0,0,0,0,0.0
1419,2019,1,2021.0,2021-08-23,2021-11-19 00:00:00+00:00,Graduated,25-34,0.0,Unknown,Unknown,Unknown,0,0,0,1,32922.16479559438,0,0,0,0,0.0
1419,2020,1,2021.0,2021-08-23,2021-11-19 00:00:00+00:00,Graduated,25-34,0.0,Unknown,Unknown,Unknown,0,0,1,1,46716.443717367234,0,0,0,0,0.0
1419,2021,1,2021.0,2021-08-23,2021-11-19 00:00:00+00:00,Graduated,25-34,0.0,Unknown,Unknown,Unknown,1,1,1,1,98396.02418104396,0,0,0,0,0.0
1419,2022,1,2021.0,2021-08-23,2021-11-19 00:00:00+00:00,Graduated,25-34,0.0,Unknown,Unknown,Unknown,1,1,1,1,74990.27310426859,0,0,0,0,0.0
1419,2023,1,2021.0,2021-08-23,2021-11-19 00:00:00+00:00,Graduated,25-34,0.0,Unknown,Unknown,Unknown,1,1,1,1,56069.976724095,0,0,0,0,0.0
1419,2024,1,2021.0,2021-08-23,2021-11-19 00:00:00+00:00,Graduated,25-34,0.0,Unknown,Unknown,Unknown,1,1,0,1,30891.937046687195,0,0,0,0,0.0
1427,2017,0,2021.0,2021-09-20,2021-10-01 00:00:00+00:00,Non Graduated,25-34,0.0,Unknown,Unknown,Unknown,0,0,0,0,0.0,0,0,0,0,0.0
1427,2018,0,2021.0,2021-09-20,2021-10-01 00:00:00+00:00,Non Graduated,25-34,0.0,Unknown,Unknown,Unknown,0,0,0,1,1396.657220160118,0,0,0,0,0.0
1427,2019,0,2021.0,2021-09-20,2021-10-01 00:00:00+00:00,Non Graduated,25-34,0.0,Unknown,Unknown,Unknown,0,0,1,1,4931.72692893046,0,0,0,0,0.0
1427,2020,0,2021.0,2021-09-20,2021-10-01 00:00:00+00:00,Non Graduated,25-34,0.0,Unknown,Unknown,Unknown,0,0,1,1,9292.17347551961,0,0,0,0,0.0
1427,2021,0,2021.0,2021-09-20,2021-10-01 00:00:00+00:00,Non Graduated,25-34,0.0,Unknown,Unknown,Unknown,1,0,1,1,9390.109737244195,0,0,0,0,0.0
1427,2022,0,2021.0,2021-09-20,2021-10-01 00:00:00+00:00,Non Graduated,25-34,0.0,Unknown,Unknown,Unknown,1,0,1,1,21236.18282717522,0,0,0,0,0.0
1427,2023,0,2021.0,2021-09-20,2021-10-01 00:00:00+00:00,Non Graduated,25-34,0.0,Unknown,Unknown,Unknown,1,0,1,1,31974.691831357726,0,0,0,0,0.0
1427,2024,0,2021.0,2021-09-20,2021-10-01 00:00:00+00:00,Non Graduated,25-34,0.0,Unknown,Unknown,Unknown,1,0,0,1,22449.219814043812,0,0,0,0,0.0
1190,2017,0,2020.0,2020-05-26,2020-07-02 00:00:00+00:00,Non Graduated,25-34,0.0,Unknown,Unknown,Unknown,0,0,1,1,63456.38936605643,0,0,1,1,0.0
1190,2018,0,2020.0,2020-05-26,2020-07-02 00:00:00+00:00,Non Graduated,25-34,0.0,Unknown,Unknown,Unknown,0,0,1,1,74257.49558195575,0,0,1,1,0.0
1190,2019,0,2020.0,2020-05-26,2020-07-02 00:00:00+00:00,Non Graduated,25-34,0.0,Unknown,Unknown,Unknown,0,0,1,1,29967.79033780956,0,0,1,1,0.0
1190,2020,0,2020.0,2020-05-26,2020-07-02 00:00:00+00:00,Non Graduated,25-34,0.0,Unknown,Unknown,Unknown,1,0,0,1,4797.12660635763,0,0,1,1,0.0
1190,2021,0,2020.0,2020-05-26,2020-07-02 00:00:00+00:00,Non Graduated,25-34,0.0,Unknown,Unknown,Unknown,1,0,0,1,11769.68529246521,0,0,1,1,0.0
1190,2022,0,2020.0,2020-05-26,2020-07-02 00:00:00+00:00,Non Graduated,25-34,0.0,Unknown,Unknown,Unknown,1,0,0,1,16228.804579607324,0,0,1,1,0.0
1190,2023,0,2020.0,2020-05-26,2020-07-02 00:00:00+00:00,Non Graduated,25-34,0.0,Unknown,Unknown,Unknown,1,0,0,1,13800.699626082169,0,0,1,1,0.0
1190,2024,0,2020.0,2020-05-26,2020-07-02 00:00:00+00:00,Non Graduated,25-34,0.0,Unknown,Unknown,Unknown,1,0,0,1,21908.65006470147,0,0,1,1,0.0
1331,2017,1,2021.0,2021-03-22,2021-04-09 00:00:00+00:00,Graduated,25-34,0.0,Unknown,Unknown,Unknown,0,0,1,1,19843.152056207662,0,0,0,0,0.0
1331,2018,1,2021.0,2021-03-22,2021-04-09 00:00:00+00:00,Graduated,25-34,0.0,Unknown,Unknown,Unknown,0,0,1,1,50400.88819239772,0,0,0,0,0.0
1331,2019,1,2021.0,2021-03-22,2021-04-09 00:00:00+00:00,Graduated,25-34,0.0,Unknown,Unknown,Unknown,0,0,1,1,29640.240145555414,0,0,0,0,0.0
1331,2020,1,2021.0,2021-03-22,2021-04-09 00:00:00+00:00,Graduated,25-34,0.0,Unknown,Unknown,Unknown,0,0,1,1,25467.21089072997,0,0,0,0,0.0
1331,2021,1,2021.0,2021-03-22,2021-04-09 00:00:00+00:00,Graduated,25-34,0.0,Unknown,Unknown,Unknown,1,1,1,1,11967.067926605532,0,0,0,0,0.0
1331,2022,1,2021.0,2021-03-22,2021-04-09 00:00:00+00:00,Graduated,25-34,0.0,Unknown,Unknown,Unknown,1,1,1,1,33394.275995149736,0,0,0,0,0.0
1331,2023,1,2021.0,2021-03-22,2021-04-09 00:00:00+00:00,Graduated,25-34,0.0,Unknown,Unknown,Unknown,1,1,1,1,28718.12201371619,0,0,0,0,0.0
1331,2024,1,2021.0,2021-03-22,2021-04-09 00:00:00+00:00,Graduated,25-34,0.0,Unknown,Unknown,Unknown,1,1,0,1,6050.248818870281,0,0,0,0,0.0
1032,2017,1,2019.0,2019-07-22,2019-10-04 00:00:00+00:00,Graduated,25-34,0.0,Unknown,Unknown,Unknown,0,0,1,1,14551.479423598945,0,0,0,0,0.0
1032,2018,1,2019.0,2019-07-22,2019-10-04 00:00:00+00:00,Graduated,25-34,0.0,Unknown,Unknown,Unknown,0,0,0,1,7707.99877895833,0,0,0,0,0.0
1032,2019,1,2019.0,2019-07-22,2019-10-04 00:00:00+00:00,Graduated,25-34,0.0,Unknown,Unknown,Unknown,1,1,0,1,2214.309084900984,0,0,0,0,0.0
1032,2020,1,2019.0,2019-07-22,2019-10-04 00:00:00+00:00,Graduated,25-34,0.0,Unknown,Unknown,Unknown,1,1,0,0,0.0,0,0,0,0,0.0
1032,2021,1,2019.0,2019-07-22,2019-10-04 00:00:00+00:00,Graduated,25-34,0.0,Unknown,Unknown,Unknown,1,1,0,0,0.0,0,0,0,0,0.0
1032,2022,1,2019.0,2019-07-22,2019-10-04 00:00:00+00:00,Graduated,25-34,0.0,Unknown,Unknown,Unknown,1,1,0,0,0.0,0,0,0,0,0.0
1032,2023,1,2019.0,2019-07-22,2019-10-04 00:00:00+00:00,Graduated,25-34,0.0,Unknown,Unknown,Unknown,1,1,0,1,122.54524590377706,0,0,0,0,0.0
1032,2024,1,2019.0,2019-07-22,2019-10-04 00:00:00+00:00,Graduated,25-34,0.0,Unknown,Unknown,Unknown,1,1,0,0,0.0,0,0,0,0,0.0
1368,2017,1,2021.0,2021-06-07,2021-08-03 00:00:00+00:00,Graduated,35+,0.0,Unknown,Unknown,Unknown,0,0,1,1,7986.262685763499,0,0,0,0,0.0
1368,2018,1,2021.0,2021-06-07,2021-08-03 00:00:00+00:00,Graduated,35+,0.0,Unknown,Unknown,Unknown,0,0,1,1,4944.001022082373,0,0,0,0,0.0
1368,2019,1,2021.0,2021-06-07,2021-08-03 00:00:00+00:00,Graduated,35+,0.0,Unknown,Unknown,Unknown,0,0,1,1,18851.32394673623,0,0,0,0,0.0
1368,2020,1,2021.0,2021-06-07,2021-08-03 00:00:00+00:00,Graduated,35+,0.0,Unknown,Unknown,Unknown,0,0,1,1,11537.281896932083,0,0,0,0,0.0
1368,2021,1,2021.0,2021-06-07,2021-08-03 00:00:00+00:00,Graduated,35+,0.0,Unknown,Unknown,Unknown,1,1,0,1,6484.520433856284,0,0,0,0,0.0
1368,2022,1,2021.0,2021-06-07,2021-08-03 00:00:00+00:00,Graduated,35+,0.0,Unknown,Unknown,Unknown,1,1,1,1,14438.350063188864,0,0,0,0,0.0
1368,2023,1,2021.0,2021-06-07,2021-08-03 00:00:00+00:00,Graduated,35+,0.0,Unknown,Unknown,Unknown,1,1,1,1,22158.510872783187,0,0,0,0,0.0
1368,2024,1,2021.0,2021-06-07,2021-08-03 00:00:00+00:00,Graduated,35+,0.0,Unknown,Unknown,Unknown,1,1,0,1,18087.08512313015,0,0,0,0,0.0
996,2017,1,2019.0,2019-07-15,2019-09-27 00:00:00+00:00,Graduated,<=24,0.0,Unknown,Unknown,Unknown,0,0,1,1,27325.761951472818,0,0,0,0,0.0
996,2018,1,2019.0,2019-07-15,2019-09-27 00:00:00+00:00,Graduated,<=24,0.0,Unknown,Unknown,Unknown,0,0,1,1,28592.59263851664,0,0,0,0,0.0
996,2019,1,2019.0,2019-07-15,2019-09-27 00:00:00+00:00,Graduated,<=24,0.0,Unknown,Unknown,Unknown,1,1,1,1,42720.18882059363,0,0,0,0,0.0
996,2020,1,2019.0,2019-07-15,2019-09-27 00:00:00+00:00,Graduated,<=24,0.0,Unknown,Unknown,Unknown,1,1,1,1,38887.97488048935,0,0,0,0,0.0
996,2021,1,2019.0,2019-07-15,2019-09-27 00:00:00+00:00,Graduated,<=24,0.0,Unknown,Unknown,Unknown,1,1,0,1,16242.733009847181,0,0,0,0,0.0
996,2022,1,2019.0,2019-07-15,2019-09-27 00:00:00+00:00,Graduated,<=24,0.0,Unknown,Unknown,Unknown,1,1,1,1,45277.649312701404,0,0,0,0,0.0
996,2023,1,2019.0,2019-07-15,2019-09-27 00:00:00+00:00,Graduated,<=24,0.0,Unknown,Unknown,Unknown,1,1,1,1,24788.41755826309,0,0,0,0,0.0
996,2024,1,2019.0,2019-07-15,2019-09-27 00:00:00+00:00,Graduated,<=24,0.0,Unknown,Unknown,Unknown,1,1,0,1,4590.597694788952,0,0,0,0,0.0
1434,2017,0,2021.0,2021-10-18,2021-12-02 00:00:00+00:00,Non Graduated,<=24,0.0,Unknown,Unknown,Unknown,0,0,1,1,55711.13667677916,0,0,0,0,0.0
1434,2018,0,2021.0,2021-10-18,2021-12-02 00:00:00+00:00,Non Graduated,<=24,0.0,Unknown,Unknown,Unknown,0,0,1,1,41670.03389653124,0,0,0,0,0.0
1434,2019,0,2021.0,2021-10-18,2021-12-02 00:00:00+00:00,Non Graduated,<=24,0.0,Unknown,Unknown,Unknown,0,0,1,1,43601.69534994656,0,0,0,0,0.0
1434,2020,0,2021.0,2021-10-18,2021-12-02 00:00:00+00:00,Non Graduated,<=24,0.0,Unknown,Unknown,Unknown,0,0,1,1,33256.8579223072,0,0,0,0,0.0
1434,2021,0,2021.0,2021-10-18,2021-12-02 00:00:00+00:00,Non Graduated,<=24,0.0,Unknown,Unknown,Unknown,1,0,1,1,31355.344738261236,0,0,0,0,0.0
1434,2022,0,2021.0,2021-10-18,2021-12-02 00:00:00+00:00,Non Graduated,<=24,0.0,Unknown,Unknown,Unknown,1,0,1,1,30612.64474944104,0,0,0,0,0.0
1434,2023,0,2021.0,2021-10-18,2021-12-02 00:00:00+00:00,Non Graduated,<=24,0.0,Unknown,Unknown,Unknown,1,0,1,1,40268.35664501552,0,0,0,0,0.0
1434,2024,0,2021.0,2021-10-18,2021-12-02 00:00:00+00:00,Non Graduated,<=24,0.0,Unknown,Unknown,Unknown,1,0,0,1,8136.314780425957,0,0,0,0,0.0
744,2017,1,2018.0,2018-03-19,2018-06-01 00:00:00+00:00,Graduated,<=24,0.0,Unknown,Unknown,Unknown,0,0,0,0,0.0,0,0,0,0,0.0
744,2018,1,2018.0,2018-03-19,2018-06-01 00:00:00+00:00,Graduated,<=24,0.0,Unknown,Unknown,Unknown,1,1,0,0,0.0,0,0,0,0,0.0
744,2019,1,2018.0,2018-03-19,2018-06-01 00:00:00+00:00,Graduated,<=24,0.0,Unknown,Unknown,Unknown,1,1,0,1,1028.5500755437392,0,0,0,0,0.0
744,2020,1,2018.0,2018-03-19,2018-06-01 00:00:00+00:00,Graduated,<=24,0.0,Unknown,Unknown,Unknown,1,1,0,1,16408.46755659542,0,0,0,0,0.0
744,2021,1,2018.0,2018-03-19,2018-06-01 00:00:00+00:00,Graduated,<=24,0.0,Unknown,Unknown,Unknown,1,1,0,1,9700.321406739939,0,0,0,0,0.0
744,2022,1,2018.0,2018-03-19,2018-06-01 00:00:00+00:00,Graduated,<=24,0.0,Unknown,Unknown,Unknown,1,1,0,0,0.0,0,0,0,0,0.0
744,2023,1,2018.0,2018-03-19,2018-06-01 00:00:00+00:00,Graduated,<=24,0.0,Unknown,Unknown,Unknown,1,1,0,0,0.0,0,0,0,0,0.0
744,2024,1,2018.0,2018-03-19,2018-06-01 00:00:00+00:00,Graduated,<=24,0.0,Unknown,Unknown,Unknown,1,1,0,0,0.0,0,0,0,0,0.0
1130,2017,0,2020.0,2020-01-13,2020-01-17 00:00:00+00:00,Non Graduated,<=24,0.0,Unknown,Unknown,Unknown,0,0,0,1,3043.402148377801,0,0,0,0,0.0
1130,2018,0,2020.0,2020-01-13,2020-01-17 00:00:00+00:00,Non Graduated,<=24,0.0,Unknown,Unknown,Unknown,0,0,0,1,7847.533090817315,0,0,0,0,0.0
1130,2019,0,2020.0,2020-01-13,2020-01-17 00:00:00+00:00,Non Graduated,<=24,0.0,Unknown,Unknown,Unknown,0,0,0,1,974.2618994713514,0,0,0,0,0.0
1130,2020,0,2020.0,2020-01-13,2020-01-17 00:00:00+00:00,Non Graduated,<=24,0.0,Unknown,Unknown,Unknown,1,0,0,0,0.0,0,0,0,0,0.0
1130,2021,0,2020.0,2020-01-13,2020-01-17 00:00:00+00:00,Non Graduated,<=24,0.0,Unknown,Unknown,Unknown,1,0,0,0,0.0,0,0,0,0,0.0
1130,2022,0,2020.0,2020-01-13,2020-01-17 00:00:00+00:00,Non Graduated,<=24,0.0,Unknown,Unknown,Unknown,1,0,0,0,0.0,0,0,0,0,0.0
1130,2023,0,2020.0,2020-01-13,2020-01-17 00:00:00+00:00,Non Graduated,<=24,0.0,Unknown,Unknown,Unknown,1,0,0,0,0.0,0,0,0,0,0.0
1130,2024,0,2020.0,2020-01-13,2020-01-17 00:00:00+00:00,Non Graduated,<=24,0.0,Unknown,Unknown,Unknown,1,0,0,0,0.0,3,1,1,0,0.0
1123,2017,1,2020.0,2020-01-06,2020-03-13 00:00:00+00:00,Graduated,<=24,0.0,Unknown,Unknown,Unknown,0,0,1,1,18169.58531325854,0,0,0,0,0.0
1123,2018,1,2020.0,2020-01-06,2020-03-13 00:00:00+00:00,Graduated,<=24,0.0,Unknown,Unknown,Unknown,0,0,0,1,11790.55047337339,0,0,0,0,0.0
1123,2019,1,2020.0,2020-01-06,2020-03-13 00:00:00+00:00,Graduated,<=24,0.0,Unknown,Unknown,Unknown,0,0,0,1,19095.2452527979,0,0,0,0,0.0
1123,2020,1,2020.0,2020-01-06,2020-03-13 00:00:00+00:00,Graduated,<=24,0.0,Unknown,Unknown,Unknown,1,1,0,1,588.0525563089561,0,0,0,0,0.0
1123,2021,1,2020.0,2020-01-06,2020-03-13 00:00:00+00:00,Graduated,<=24,0.0,Unknown,Unknown,Unknown,1,1,1,1,12788.871070633315,0,0,0,0,0.0
1123,2022,1,2020.0,2020-01-06,2020-03-13 00:00:00+00:00,Graduated,<=24,0.0,Unknown,Unknown,Unknown,1,1,1,1,18949.62951780238,0,0,0,0,0.0
1123,2023,1,2020.0,2020-01-06,2020-03-13 00:00:00+00:00,Graduated,<=24,0.0,Unknown,Unknown,Unknown,1,1,0,1,17717.934654760524,0,0,0,0,0.0
1123,2024,1,2020.0,2020-01-06,2020-03-13 00:00:00+00:00,Graduated,<=24,0.0,Unknown,Unknown,Unknown,1,1,0,1,22639.589637934714,0,0,0,0,0.0
1201,2017,0,2020.0,2020-06-15,2020-06-26 00:00:00+00:00,Non Graduated,<=24,0.0,Unknown,Unknown,Unknown,0,0,0,1,249.75361425256767,0,0,1,1,0.0
1201,2018,0,2020.0,2020-06-15,2020-06-26 00:00:00+00:00,Non Graduated,<=24,0.0,Unknown,Unknown,Unknown,0,0,1,1,13747.179329189881,0,0,1,1,0.0
1201,2019,0,2020.0,2020-06-15,2020-06-26 00:00:00+00:00,Non Graduated,<=24,0.0,Unknown,Unknown,Unknown,0,0,1,1,17964.75866737213,0,0,1,1,0.0
1201,2020,0,2020.0,2020-06-15,2020-06-26 00:00:00+00:00,Non Graduated,<=24,0.0,Unknown,Unknown,Unknown,1,0,0,1,6713.648844987898,0,0,1,1,0.0
1201,2021,0,2020.0,2020-06-15,2020-06-26 00:00:00+00:00,Non Graduated,<=24,0.0,Unknown,Unknown,Unknown,1,0,1,1,22057.936488114417,0,0,1,1,0.0
1201,2022,0,2020.0,2020-06-15,2020-06-26 00:00:00+00:00,Non Graduated,<=24,0.0,Unknown,Unknown,Unknown,1,0,0,1,4410.979564176398,0,0,1,1,0.0
1201,2023,0,2020.0,2020-06-15,2020-06-26 00:00:00+00:00,Non Graduated,<=24,0.0,Unknown,Unknown,Unknown,1,0,1,1,12574.345975549333,0,0,1,1,0.0
1201,2024,0,2020.0,2020-06-15,2020-06-26 00:00:00+00:00,Non Graduated,<=24,0.0,Unknown,Unknown,Unknown,1,0,0,1,17220.35814292857,0,0,1,1,0.0
910,2017,0,2019.0,2019-01-30,2019-02-13 00:00:00+00:00,Non Graduated,25-34,0.0,Unknown,Unknown,Unknown,0,0,1,1,75959.96540198881,0,0,0,0,0.0
910,2018,0,2019.0,2019-01-30,2019-02-13 00:00:00+00:00,Non Graduated,25-34,0.0,Unknown,Unknown,Unknown,0,0,1,1,51839.5827847553,0,0,0,0,0.0
910,2019,0,2019.0,2019-01-30,2019-02-13 00:00:00+00:00,Non Graduated,25-34,0.0,Unknown,Unknown,Unknown,1,0,1,1,7826.964273119756,0,0,0,0,0.0
910,2020,0,2019.0,2019-01-30,2019-02-13 00:00:00+00:00,Non Graduated,25-34,0.0,Unknown,Unknown,Unknown,1,0,0,0,0.0,0,0,0,0,0.0
910,2021,0,2019.0,2019-01-30,2019-02-13 00:00:00+00:00,Non Graduated,25-34,0.0,Unknown,Unknown,Unknown,1,0,0,0,0.0,0,0,0,0,0.0
910,2022,0,2019.0,2019-01-30,2019-02-13 00:00:00+00:00,Non Graduated,25-34,0.0,Unknown,Unknown,Unknown,1,0,0,0,0.0,0,0,0,0,0.0
910,2023,0,2019.0,2019-01-30,2019-02-13 00:00:00+00:00,Non Graduated,25-34,0.0,Unknown,Unknown,Unknown,1,0,0,0,0.0,0,0,0,0,0.0
910,2024,0,2019.0,2019-01-30,2019-02-13 00:00:00+00:00,Non Graduated,25-34,0.0,Unknown,Unknown,Unknown,1,0,0,0,0.0,0,0,0,0,0.0
1136,2017,1,2020.0,2020-01-20,2020-03-06 00:00:00+00:00,Graduated,25-34,0.0,Unknown,Unknown,Unknown,0,0,0,1,20248.445652350274,0,0,0,0,0.0
1136,2018,1,2020.0,2020-01-20,2020-03-06 00:00:00+00:00,Graduated,25-34,0.0,Unknown,Unknown,Unknown,0,0,1,1,73655.09042106633,0,0,0,0,0.0
1136,2019,1,2020.0,2020-01-20,2020-03-06 00:00:00+00:00,Graduated,25-34,0.0,Unknown,Unknown,Unknown,0,0,1,1,77598.38016666728,0,0,0,0,0.0
1136,2020,1,2020.0,2020-01-20,2020-03-06 00:00:00+00:00,Graduated,25-34,0.0,Unknown,Unknown,Unknown,1,1,1,1,76702.87920238929,0,0,0,0,0.0
1136,2021,1,2020.0,2020-01-20,2020-03-06 00:00:00+00:00,Graduated,25-34,0.0,Unknown,Unknown,Unknown,1,1,1,1,74027.57209106289,0,0,0,0,0.0
1136,2022,1,2020.0,2020-01-20,2020-03-06 00:00:00+00:00,Graduated,25-34,0.0,Unknown,Unknown,Unknown,1,1,1,1,72372.94511432329,4,1,1,0,0.0
1136,2023,1,2020.0,2020-01-20,2020-03-06 00:00:00+00:00,Graduated,25-34,0.0,Unknown,Unknown,Unknown,1,1,1,1,62987.882479753964,0,0,1,1,0.0
1136,2024,1,2020.0,2020-01-20,2020-03-06 00:00:00+00:00,Graduated,25-34,0.0,Unknown,Unknown,Unknown,1,1,0,1,44804.71529701895,0,0,1,1,0.0
1431,2017,1,2021.0,2021-09-20,2021-10-14 00:00:00+00:00,Graduated,25-34,0.0,Unknown,Unknown,Unknown,0,0,0,1,7499.732591231981,0,0,0,0,0.0
1431,2018,1,2021.0,2021-09-20,2021-10-14 00:00:00+00:00,Graduated,25-34,0.0,Unknown,Unknown,Unknown,0,0,0,1,16341.249248447468,0,0,0,0,0.0
1431,2019,1,2021.0,2021-09-20,2021-10-14 00:00:00+00:00,Graduated,25-34,0.0,Unknown,Unknown,Unknown,0,0,0,1,20042.98423274947,0,0,0,0,0.0
1431,2020,1,2021.0,2021-09-20,2021-10-14 00:00:00+00:00,Graduated,25-34,0.0,Unknown,Unknown,Unknown,0,0,1,1,54880.48606198984,0,0,0,0,0.0
1431,2021,1,2021.0,2021-09-20,2021-10-14 00:00:00+00:00,Graduated,25-34,0.0,Unknown,Unknown,Unknown,1,1,1,1,47576.022971184844,0,0,0,0,0.0
1431,2022,1,2021.0,2021-09-20,2021-10-14 00:00:00+00:00,Graduated,25-34,0.0,Unknown,Unknown,Unknown,1,1,1,1,53775.99473844879,0,0,0,0,0.0
1431,2023,1,2021.0,2021-09-20,2021-10-14 00:00:00+00:00,Graduated,25-34,0.0,Unknown,Unknown,Unknown,1,1,1,1,39302.071162251406,0,0,0,0,0.0
1431,2024,1,2021.0,2021-09-20,2021-10-14 00:00:00+00:00,Graduated,25-34,0.0,Unknown,Unknown,Unknown,1,1,0,1,19164.0284809309,0,0,0,0,0.0
1189,2017,0,2020.0,2020-05-26,2020-07-02 00:00:00+00:00,Non Graduated,25-34,0.0,Unknown,Unknown,Unknown,0,0,1,1,26678.768313066346,0,0,0,0,0.0
1189,2018,0,2020.0,2020-05-26,2020-07-02 00:00:00+00:00,Non Graduated,25-34,0.0,Unknown,Unknown,Unknown,0,0,1,1,29299.136007641628,0,0,0,0,0.0
1189,2019,0,2020.0,2020-05-26,2020-07-02 00:00:00+00:00,Non Graduated,25-34,0.0,Unknown,Unknown,Unknown,0,0,0,1,24930.25729021479,0,0,0,0,0.0
1189,2020,0,2020.0,2020-05-26,2020-07-02 00:00:00+00:00,Non Graduated,25-34,0.0,Unknown,Unknown,Unknown,1,0,0,1,11650.675664071026,0,0,0,0,0.0
1189,2021,0,2020.0,2020-05-26,2020-07-02 00:00:00+00:00,Non Graduated,25-34,0.0,Unknown,Unknown,Unknown,1,0,1,1,38598.70100517643,0,0,0,0,0.0
1189,2022,0,2020.0,2020-05-26,2020-07-02 00:00:00+00:00,Non Graduated,25-34,0.0,Unknown,Unknown,Unknown,1,0,1,1,35182.80371251515,0,0,0,0,0.0
1189,2023,0,2020.0,2020-05-26,2020-07-02 00:00:00+00:00,Non Graduated,25-34,0.0,Unknown,Unknown,Unknown,1,0,1,1,34527.963796522235,0,0,0,0,0.0
1189,2024,0,2020.0,2020-05-26,2020-07-02 00:00:00+00:00,Non Graduated,25-34,0.0,Unknown,Unknown,Unknown,1,0,0,1,2250.40382029379,0,0,0,0,0.0
1318,2017,1,2021.0,2021-03-01,2021-05-10 00:00:00+00:00,Graduated,25-34,0.0,Unknown,Unknown,Unknown,0,0,0,1,10591.49365472977,0,0,0,0,0.0
1318,2018,1,2021.0,2021-03-01,2021-05-10 00:00:00+00:00,Graduated,25-34,0.0,Unknown,Unknown,Unknown,0,0,1,1,30183.221597792526,0,0,0,0,0.0
1318,2019,1,2021.0,2021-03-01,2021-05-10 00:00:00+00:00,Graduated,25-34,0.0,Unknown,Unknown,Unknown,0,0,1,1,35389.44602396561,0,0,0,0,0.0
1318,2020,1,2021.0,2021-03-01,2021-05-10 00:00:00+00:00,Graduated,25-34,0.0,Unknown,Unknown,Unknown,0,0,1,1,34688.85983538478,0,0,0,0,0.0
1318,2021,1,2021.0,2021-03-01,2021-05-10 00:00:00+00:00,Graduated,25-34,0.0,Unknown,Unknown,Unknown,1,1,1,1,28898.573740618973,0,0,0,0,0.0
1318,2022,1,2021.0,2021-03-01,2021-05-10 00:00:00+00:00,Graduated,25-34,0.0,Unknown,Unknown,Unknown,1,1,1,1,43344.630846363005,0,0,0,0,0.0
1318,2023,1,2021.0,2021-03-01,2021-05-10 00:00:00+00:00,Graduated,25-34,0.0,Unknown,Unknown,Unknown,1,1,1,1,47521.8892599135,0,0,0,0,0.0
1318,2024,1,2021.0,2021-03-01,2021-05-10 00:00:00+00:00,Graduated,25-34,0.0,Unknown,Unknown,Unknown,1,1,0,1,34037.66698498149,1,1,1,0,0.0
1077,2017,0,2019.0,2019-10-07,2019-12-11 00:00:00+00:00,Non Graduated,25-34,0.0,Unknown,Unknown,Unknown,0,0,1,1,18133.268607543287,0,0,0,0,0.0
1077,2018,0,2019.0,2019-10-07,2019-12-11 00:00:00+00:00,Non Graduated,25-34,0.0,Unknown,Unknown,Unknown,0,0,1,1,39590.694685905284,0,0,0,0,0.0
1077,2019,0,2019.0,2019-10-07,2019-12-11 00:00:00+00:00,Non Graduated,25-34,0.0,Unknown,Unknown,Unknown,1,0,0,1,31341.246662595444,0,0,0,0,0.0
1077,2020,0,2019.0,2019-10-07,2019-12-11 00:00:00+00:00,Non Graduated,25-34,0.0,Unknown,Unknown,Unknown,1,0,0,1,841.1606454487339,0,0,0,0,0.0
1077,2021,0,2019.0,2019-10-07,2019-12-11 00:00:00+00:00,Non Graduated,25-34,0.0,Unknown,Unknown,Unknown,1,0,0,1,45.330040674026726,0,0,0,0,0.0
1077,2022,0,2019.0,2019-10-07,2019-12-11 00:00:00+00:00,Non Graduated,25-34,0.0,Unknown,Unknown,Unknown,1,0,0,0,0.0,0,0,0,0,0.0
1077,2023,0,2019.0,2019-10-07,2019-12-11 00:00:00+00:00,Non Graduated,25-34,0.0,Unknown,Unknown,Unknown,1,0,1,1,26392.095213476023,0,0,0,0,0.0
1077,2024,0,2019.0,2019-10-07,2019-12-11 00:00:00+00:00,Non Graduated,25-34,0.0,Unknown,Unknown,Unknown,1,0,0,1,24148.7677055984,1,1,1,0,0.0
806,2017,1,2018.0,2018-07-23,2018-10-05 00:00:00+00:00,Graduated,25-34,0.0,Unknown,Unknown,Unknown,0,0,0,1,2905.741534116587,5,1,1,1,0.0
806,2018,1,2018.0,2018-07-23,2018-10-05 00:00:00+00:00,Graduated,25-34,0.0,Unknown,Unknown,Unknown,1,1,0,1,7756.532848775123,0,0,1,1,0.0
806,2019,1,2018.0,2018-07-23,2018-10-05 00:00:00+00:00,Graduated,25-34,0.0,Unknown,Unknown,Unknown,1,1,1,1,29112.11988653087,0,0,1,1,0.0
806,2020,1,2018.0,2018-07-23,2018-10-05 00:00:00+00:00,Graduated,25-34,0.0,Unknown,Unknown,Unknown,1,1,0,0,0.0,0,0,1,1,0.0
806,2021,1,2018.0,2018-07-23,2018-10-05 00:00:00+00:00,Graduated,25-34,0.0,Unknown,Unknown,Unknown,1,1,0,1,5083.938407902382,0,0,1,1,0.0
806,2022,1,2018.0,2018-07-23,2018-10-05 00:00:00+00:00,Graduated,25-34,0.0,Unknown,Unknown,Unknown,1,1,0,1,1000.8902554399242,0,0,1,1,0.0
806,2023,1,2018.0,2018-07-23,2018-10-05 00:00:00+00:00,Graduated,25-34,0.0,Unknown,Unknown,Unknown,1,1,0,1,28076.879291887755,0,0,1,1,0.0
806,2024,1,2018.0,2018-07-23,2018-10-05 00:00:00+00:00,Graduated,25-34,0.0,Unknown,Unknown,Unknown,1,1,0,1,31365.762770417736,0,0,1,1,0.0
1125,2017,0,2020.0,2019-12-16,2020-01-08 00:00:00+00:00,Non Graduated,25-34,0.0,Unknown,Unknown,Unknown,0,0,0,1,22013.14343799042,0,0,0,0,0.0
1125,2018,0,2020.0,2019-12-16,2020-01-08 00:00:00+00:00,Non Graduated,25-34,0.0,Unknown,Unknown,Unknown,0,0,1,1,34513.376546919826,0,0,0,0,0.0
1125,2019,0,2020.0,2019-12-16,2020-01-08 00:00:00+00:00,Non Graduated,25-34,0.0,Unknown,Unknown,Unknown,0,0,1,1,20974.6187162039,0,0,0,0,0.0
1125,2020,0,2020.0,2019-12-16,2020-01-08 00:00:00+00:00,Non Graduated,25-34,0.0,Unknown,Unknown,Unknown,1,0,1,1,22329.303202886847,0,0,0,0,0.0
1125,2021,0,2020.0,2019-12-16,2020-01-08 00:00:00+00:00,Non Graduated,25-34,0.0,Unknown,Unknown,Unknown,1,0,0,1,6096.309316288979,2,1,1,0,0.0
1125,2022,0,2020.0,2019-12-16,2020-01-08 00:00:00+00:00,Non Graduated,25-34,0.0,Unknown,Unknown,Unknown,1,0,1,1,33986.22008430136,0,0,1,1,0.0
1125,2023,0,2020.0,2019-12-16,2020-01-08 00:00:00+00:00,Non Graduated,25-34,0.0,Unknown,Unknown,Unknown,1,0,1,1,31384.91330791768,1,1,1,1,0.0
1125,2024,0,2020.0,2019-12-16,2020-01-08 00:00:00+00:00,Non Graduated,25-34,0.0,Unknown,Unknown,Unknown,1,0,0,1,18385.531708150244,0,0,1,1,0.0
864,2017,1,2019.0,2018-10-22,2019-01-04 00:00:00+00:00,Graduated,25-34,0.0,Unknown,Unknown,Unknown,0,0,1,1,32181.358165984675,0,0,0,0,0.0
864,2018,1,2019.0,2018-10-22,2019-01-04 00:00:00+00:00,Graduated,25-34,0.0,Unknown,Unknown,Unknown,0,0,1,1,17374.81308644295,0,0,0,0,0.0
864,2019,1,2019.0,2018-10-22,2019-01-04 00:00:00+00:00,Graduated,25-34,0.0,Unknown,Unknown,Unknown,1,1,1,1,11832.653171917942,0,0,0,0,0.0
864,2020,1,2019.0,2018-10-22,2019-01-04 00:00:00+00:00,Graduated,25-34,0.0,Unknown,Unknown,Unknown,1,1,1,1,23437.6773013585,0,0,0,0,0.0
864,2021,1,2019.0,2018-10-22,2019-01-04 00:00:00+00:00,Graduated,25-34,0.0,Unknown,Unknown,Unknown,1,1,1,1,2869.9907541402017,0,0,0,0,0.0
864,2022,1,2019.0,2018-10-22,2019-01-04 00:00:00+00:00,Graduated,25-34,0.0,Unknown,Unknown,Unknown,1,1,0,0,0.0,0,0,0,0,0.0
864,2023,1,2019.0,2018-10-22,2019-01-04 00:00:00+00:00,Graduated,25-34,0.0,Unknown,Unknown,Unknown,1,1,0,0,0.0,0,0,0,0,0.0
864,2024,1,2019.0,2018-10-22,2019-01-04 00:00:00+00:00,Graduated,25-34,0.0,Unknown,Unknown,Unknown,1,1,0,0,0.0,0,0,0,0,0.0
1263,2017,0,2020.0,2020-10-19,2020-11-06 00:00:00+00:00,Non Graduated,25-34,0.0,Unknown,Unknown,Unknown,0,0,0,0,0.0,0,0,0,0,0.0
1263,2018,0,2020.0,2020-10-19,2020-11-06 00:00:00+00:00,Non Graduated,25-34,0.0,Unknown,Unknown,Unknown,0,0,0,1,13991.380312880206,0,0,0,0,0.0
1263,2019,0,2020.0,2020-10-19,2020-11-06 00:00:00+00:00,Non Graduated,25-34,0.0,Unknown,Unknown,Unknown,0,0,1,1,18093.095899043157,0,0,0,0,0.0
1263,2020,0,2020.0,2020-10-19,2020-11-06 00:00:00+00:00,Non Graduated,25-34,0.0,Unknown,Unknown,Unknown,1,0,0,1,2657.053445827325,0,0,0,0,0.0
1263,2021,0,2020.0,2020-10-19,2020-11-06 00:00:00+00:00,Non Graduated,25-34,0.0,Unknown,Unknown,Unknown,1,0,1,1,20839.64379866689,0,0,0,0,0.0
1263,2022,0,2020.0,2020-10-19,2020-11-06 00:00:00+00:00,Non Graduated,25-34,0.0,Unknown,Unknown,Unknown,1,0,1,1,7670.295049051773,0,0,0,0,0.0
1263,2023,0,2020.0,2020-10-19,2020-11-06 00:00:00+00:00,Non Graduated,25-34,0.0,Unknown,Unknown,Unknown,1,0,0,1,6680.181712158045,0,0,0,0,0.0
1263,2024,0,2020.0,2020-10-19,2020-11-06 00:00:00+00:00,Non Graduated,25-34,0.0,Unknown,Unknown,Unknown,1,0,0,1,6756.862526470548,0,0,0,0,0.0
938,2017,1,2019.0,2019-03-04,2019-04-05 00:00:00+00:00,Graduated,25-34,0.0,Unknown,Unknown,Unknown,0,0,1,1,22824.798063023925,0,0,0,0,0.0
938,2018,1,2019.0,2019-03-04,2019-04-05 00:00:00+00:00,Graduated,25-34,0.0,Unknown,Unknown,Unknown,0,0,0,1,6100.16751005729,2,1,1,0,0.0
938,2019,1,2019.0,2019-03-04,2019-04-05 00:00:00+00:00,Graduated,25-34,0.0,Unknown,Unknown,Unknown,1,1,0,1,2795.5873876804144,1,1,1,1,0.0
938,2020,1,2019.0,2019-03-04,2019-04-05 00:00:00+00:00,Graduated,25-34,0.0,Unknown,Unknown,Unknown,1,1,0,1,2039.8332656484506,0,0,1,1,0.0
938,2021,1,2019.0,2019-03-04,2019-04-05 00:00:00+00:00,Graduated,25-34,0.0,Unknown,Unknown,Unknown,1,1,1,1,7277.904736103523,0,0,1,1,0.0
938,2022,1,2019.0,2019-03-04,2019-04-05 00:00:00+00:00,Graduated,25-34,0.0,Unknown,Unknown,Unknown,1,1,0,1,2497.784605810588,1,1,1,1,0.0
938,2023,1,2019.0,2019-03-04,2019-04-05 00:00:00+00:00,Graduated,25-34,0.0,Unknown,Unknown,Unknown,1,1,1,1,13792.0570776832,0,0,1,1,0.0
938,2024,1,2019.0,2019-03-04,2019-04-05 00:00:00+00:00,Graduated,25-34,0.0,Unknown,Unknown,Unknown,1,1,0,1,5170.984497240057,1,1,1,1,0.0
1111,2017,0,2020.0,2019-12-02,2020-01-21 00:00:00+00:00,Non Graduated,25-34,0.0,Unknown,Unknown,Unknown,0,0,0,0,0.0,0,0,1,1,0.0
1111,2018,0,2020.0,2019-12-02,2020-01-21 00:00:00+00:00,Non Graduated,25-34,0.0,Unknown,Unknown,Unknown,0,0,0,1,5090.538126842919,0,0,1,1,0.0
1111,2019,0,2020.0,2019-12-02,2020-01-21 00:00:00+00:00,Non Graduated,25-34,0.0,Unknown,Unknown,Unknown,0,0,0,1,63.73946703802488,1,1,1,1,0.0
1111,2020,0,2020.0,2019-12-02,2020-01-21 00:00:00+00:00,Non Graduated,25-34,0.0,Unknown,Unknown,Unknown,1,0,0,0,0.0,0,0,1,1,0.0
1111,2021,0,2020.0,2019-12-02,2020-01-21 00:00:00+00:00,Non Graduated,25-34,0.0,Unknown,Unknown,Unknown,1,0,0,0,0.0,1,1,1,1,0.0
1111,2022,0,2020.0,2019-12-02,2020-01-21 00:00:00+00:00,Non Graduated,25-34,0.0,Unknown,Unknown,Unknown,1,0,0,0,0.0,0,0,1,1,0.0
1111,2023,0,2020.0,2019-12-02,2020-01-21 00:00:00+00:00,Non Graduated,25-34,0.0,Unknown,Unknown,Unknown,1,0,0,1,4074.629426300587,0,0,1,1,0.0
1111,2024,0,2020.0,2019-12-02,2020-01-21 00:00:00+00:00,Non Graduated,25-34,0.0,Unknown,Unknown,Unknown,1,0,0,1,16606.114792161105,0,0,1,1,0.0
1485,2017,1,2022.0,2021-12-20,2022-03-25 00:00:00+00:00,Graduated,25-34,0.0,Unknown,Unknown,Unknown,0,0,0,0,0.0,0,0,1,1,0.0
1485,2018,1,2022.0,2021-12-20,2022-03-25 00:00:00+00:00,Graduated,25-34,0.0,Unknown,Unknown,Unknown,0,0,0,1,1695.0377655866127,0,0,1,1,0.0
1485,2019,1,2022.0,2021-12-20,2022-03-25 00:00:00+00:00,Graduated,25-34,0.0,Unknown,Unknown,Unknown,0,0,0,0,0.0,1,1,1,1,0.0
1485,2020,1,2022.0,2021-12-20,2022-03-25 00:00:00+00:00,Graduated,25-34,0.0,Unknown,Unknown,Unknown,0,0,0,0,0.0,0,0,1,1,0.0
1485,2021,1,2022.0,2021-12-20,2022-03-25 00:00:00+00:00,Graduated,25-34,0.0,Unknown,Unknown,Unknown,0,0,0,1,47.25369107943567,0,0,1,1,0.0
1485,2022,1,2022.0,2021-12-20,2022-03-25 00:00:00+00:00,Graduated,25-34,0.0,Unknown,Unknown,Unknown,1,1,0,1,268.2998344852181,0,0,1,1,0.0
1485,2023,1,2022.0,2021-12-20,2022-03-25 00:00:00+00:00,Graduated,25-34,0.0,Unknown,Unknown,Unknown,1,1,0,0,0.0,0,0,1,1,0.0
1485,2024,1,2022.0,2021-12-20,2022-03-25 00:00:00+00:00,Graduated,25-34,0.0,Unknown,Unknown,Unknown,1,1,0,0,0.0,0,0,1,1,0.0
833,2017,0,2018.0,2018-09-04,2018-09-26 00:00:00+00:00,Non Graduated,25-34,0.0,Unknown,Unknown,Unknown,0,0,0,0,0.0,0,0,1,1,0.0
833,2018,0,2018.0,2018-09-04,2018-09-26 00:00:00+00:00,Non Graduated,25-34,0.0,Unknown,Unknown,Unknown,1,0,0,1,77.15908234089584,0,0,1,1,0.0
833,2019,0,2018.0,2018-09-04,2018-09-26 00:00:00+00:00,Non Graduated,25-34,0.0,Unknown,Unknown,Unknown,1,0,0,0,0.0,0,0,1,1,0.0
833,2020,0,2018.0,2018-09-04,2018-09-26 00:00:00+00:00,Non Graduated,25-34,0.0,Unknown,Unknown,Unknown,1,0,0,0,0.0,0,0,1,1,0.0
833,2021,0,2018.0,2018-09-04,2018-09-26 00:00:00+00:00,Non Graduated,25-34,0.0,Unknown,Unknown,Unknown,1,0,0,1,355.66647298082506,0,0,1,1,0.0
833,2022,0,2018.0,2018-09-04,2018-09-26 00:00:00+00:00,Non Graduated,25-34,0.0,Unknown,Unknown,Unknown,1,0,1,1,19200.67969674513,0,0,1,1,0.0
833,2023,0,2018.0,2018-09-04,2018-09-26 00:00:00+00:00,Non Graduated,25-34,0.0,Unknown,Unknown,Unknown,1,0,1,1,28370.165036172235,0,0,1,1,0.0
833,2024,0,2018.0,2018-09-04,2018-09-26 00:00:00+00:00,Non Graduated,25-34,0.0,Unknown,Unknown,Unknown,1,0,0,1,27324.894502328018,0,0,1,1,0.0
984,2017,1,2019.0,2019-05-13,2019-07-03 00:00:00+00:00,Graduated,25-34,0.0,Unknown,Unknown,Unknown,0,0,0,0,0.0,0,0,1,1,0.0
984,2018,1,2019.0,2019-05-13,2019-07-03 00:00:00+00:00,Graduated,25-34,0.0,Unknown,Unknown,Unknown,0,0,1,1,34651.05966835924,0,0,1,1,0.0
984,2019,1,2019.0,2019-05-13,2019-07-03 00:00:00+00:00,Graduated,25-34,0.0,Unknown,Unknown,Unknown,1,1,0,1,1903.2443674028618,0,0,1,1,0.0
984,2020,1,2019.0,2019-05-13,2019-07-03 00:00:00+00:00,Graduated,25-34,0.0,Unknown,Unknown,Unknown,1,1,0,0,0.0,0,0,1,1,0.0
984,2021,1,2019.0,2019-05-13,2019-07-03 00:00:00+00:00,Graduated,25-34,0.0,Unknown,Unknown,Unknown,1,1,0,0,0.0,0,0,1,1,0.0
984,2022,1,2019.0,2019-05-13,2019-07-03 00:00:00+00:00,Graduated,25-34,0.0,Unknown,Unknown,Unknown,1,1,0,1,3132.388857693707,0,0,1,1,0.0
984,2023,1,2019.0,2019-05-13,2019-07-03 00:00:00+00:00,Graduated,25-34,0.0,Unknown,Unknown,Unknown,1,1,0,1,719.6023788249136,0,0,1,1,0.0
984,2024,1,2019.0,2019-05-13,2019-07-03 00:00:00+00:00,Graduated,25-34,0.0,Unknown,Unknown,Unknown,1,1,0,0,0.0,0,0,1,1,0.0
832,2017,1,2018.0,2018-08-27,2018-11-09 00:00:00+00:00,Graduated,25-34,0.0,Unknown,Unknown,Unknown,0,0,1,1,49113.689652678804,0,0,0,0,0.0
832,2018,1,2018.0,2018-08-27,2018-11-09 00:00:00+00:00,Graduated,25-34,0.0,Unknown,Unknown,Unknown,1,1,0,1,16562.797579264618,0,0,0,0,0.0
832,2019,1,2018.0,2018-08-27,2018-11-09 00:00:00+00:00,Graduated,25-34,0.0,Unknown,Unknown,Unknown,1,1,0,1,13264.402958591005,0,0,0,0,0.0
832,2020,1,2018.0,2018-08-27,2018-11-09 00:00:00+00:00,Graduated,25-34,0.0,Unknown,Unknown,Unknown,1,1,0,1,4908.937188627423,0,0,0,0,0.0
832,2021,1,2018.0,2018-08-27,2018-11-09 00:00:00+00:00,Graduated,25-34,0.0,Unknown,Unknown,Unknown,1,1,1,1,56269.31625711477,0,0,0,0,0.0
832,2022,1,2018.0,2018-08-27,2018-11-09 00:00:00+00:00,Graduated,25-34,0.0,Unknown,Unknown,Unknown,1,1,1,1,82944.31145954404,0,0,0,0,0.0
832,2023,1,2018.0,2018-08-27,2018-11-09 00:00:00+00:00,Graduated,25-34,0.0,Unknown,Unknown,Unknown,1,1,1,1,48040.561009771205,0,0,0,0,0.0
832,2024,1,2018.0,2018-08-27,2018-11-09 00:00:00+00:00,Graduated,25-34,0.0,Unknown,Unknown,Unknown,1,1,0,1,26290.535266857154,0,0,0,0,0.0
1275,2017,0,2021.0,2020-12-01,2021-01-04 00:00:00+00:00,Non Graduated,25-34,0.0,Unknown,Unknown,Unknown,0,0,0,0,0.0,0,0,1,1,0.0
1275,2018,0,2021.0,2020-12-01,2021-01-04 00:00:00+00:00,Non Graduated,25-34,0.0,Unknown,Unknown,Unknown,0,0,0,0,0.0,0,0,1,1,0.0
1275,2019,0,2021.0,2020-12-01,2021-01-04 00:00:00+00:00,Non Graduated,25-34,0.0,Unknown,Unknown,Unknown,0,0,0,0,0.0,0,0,1,1,0.0
1275,2020,0,2021.0,2020-12-01,2021-01-04 00:00:00+00:00,Non Graduated,25-34,0.0,Unknown,Unknown,Unknown,0,0,0,1,1326.314739278441,0,0,1,1,0.0
1275,2021,0,2021.0,2020-12-01,2021-01-04 00:00:00+00:00,Non Graduated,25-34,0.0,Unknown,Unknown,Unknown,1,0,0,1,1569.6390475579228,0,0,1,1,0.0
1275,2022,0,2021.0,2020-12-01,2021-01-04 00:00:00+00:00,Non Graduated,25-34,0.0,Unknown,Unknown,Unknown,1,0,0,0,0.0,0,0,1,1,0.0
1275,2023,0,2021.0,2020-12-01,2021-01-04 00:00:00+00:00,Non Graduated,25-34,0.0,Unknown,Unknown,Unknown,1,0,0,0,0.0,0,0,1,1,0.0
1275,2024,0,2021.0,2020-12-01,2021-01-04 00:00:00+00:00,Non Graduated,25-34,0.0,Unknown,Unknown,Unknown,1,0,0,1,8166.962761855113,0,0,1,1,0.0
1034,2017,1,2019.0,2019-08-12,2019-10-11 00:00:00+00:00,Graduated,25-34,0.0,Unknown,Unknown,Unknown,0,0,0,1,8304.3556943689,0,0,1,1,0.0
1034,2018,1,2019.0,2019-08-12,2019-10-11 00:00:00+00:00,Graduated,25-34,0.0,Unknown,Unknown,Unknown,0,0,0,1,5254.206143758514,0,0,1,1,0.0
1034,2019,1,2019.0,2019-08-12,2019-10-11 00:00:00+00:00,Graduated,25-34,0.0,Unknown,Unknown,Unknown,1,1,0,1,9135.95359172611,0,0,1,1,0.0
1034,2020,1,2019.0,2019-08-12,2019-10-11 00:00:00+00:00,Graduated,25-34,0.0,Unknown,Unknown,Unknown,1,1,0,1,1171.4714774148015,0,0,1,1,0.0
1034,2021,1,2019.0,2019-08-12,2019-10-11 00:00:00+00:00,Graduated,25-34,0.0,Unknown,Unknown,Unknown,1,1,0,1,8907.146288691263,0,0,1,1,0.0
1034,2022,1,2019.0,2019-08-12,2019-10-11 00:00:00+00:00,Graduated,25-34,0.0,Unknown,Unknown,Unknown,1,1,0,1,12033.24248594217,0,0,1,1,0.0
1034,2023,1,2019.0,2019-08-12,2019-10-11 00:00:00+00:00,Graduated,25-34,0.0,Unknown,Unknown,Unknown,1,1,0,0,0.0,0,0,1,1,0.0
1034,2024,1,2019.0,2019-08-12,2019-10-11 00:00:00+00:00,Graduated,25-34,0.0,Unknown,Unknown,Unknown,1,1,0,1,5515.048118347002,0,0,1,1,0.0
785,2017,0,2018.0,2018-06-04,2018-06-29 00:00:00+00:00,Non Graduated,25-34,0.0,Unknown,Unknown,Unknown,0,0,0,1,7124.555663941951,0,0,1,1,0.0
785,2018,0,2018.0,2018-06-04,2018-06-29 00:00:00+00:00,Non Graduated,25-34,0.0,Unknown,Unknown,Unknown,1,0,0,1,590.7533325637953,4,1,1,1,0.0
785,2019,0,2018.0,2018-06-04,2018-06-29 00:00:00+00:00,Non Graduated,25-34,0.0,Unknown,Unknown,Unknown,1,0,1,1,1545.347242077462,0,0,1,1,0.0
785,2020,0,2018.0,2018-06-04,2018-06-29 00:00:00+00:00,Non Graduated,25-34,0.0,Unknown,Unknown,Unknown,1,0,0,1,2689.244813278008,0,0,1,1,0.0
785,2021,0,2018.0,2018-06-04,2018-06-29 00:00:00+00:00,Non Graduated,25-34,0.0,Unknown,Unknown,Unknown,1,0,0,1,12853.945874779807,0,0,1,1,0.0
785,2022,0,2018.0,2018-06-04,2018-06-29 00:00:00+00:00,Non Graduated,25-34,0.0,Unknown,Unknown,Unknown,1,0,0,1,13271.068132016815,0,0,1,1,0.0
785,2023,0,2018.0,2018-06-04,2018-06-29 00:00:00+00:00,Non Graduated,25-34,0.0,Unknown,Unknown,Unknown,1,0,0,1,4285.286507820771,0,0,1,1,0.0
785,2024,0,2018.0,2018-06-04,2018-06-29 00:00:00+00:00,Non Graduated,25-34,0.0,Unknown,Unknown,Unknown,1,0,0,1,26682.315775241106,0,0,1,1,0.0
1140,2017,1,2020.0,2020-01-20,2020-04-03 00:00:00+00:00,Graduated,25-34,0.0,Unknown,Unknown,Unknown,0,0,1,1,18794.07662960673,0,0,1,1,0.0
1140,2018,1,2020.0,2020-01-20,2020-04-03 00:00:00+00:00,Graduated,25-34,0.0,Unknown,Unknown,Unknown,0,0,0,1,9665.976559461287,2,1,1,1,0.0
1140,2019,1,2020.0,2020-01-20,2020-04-03 00:00:00+00:00,Graduated,25-34,0.0,Unknown,Unknown,Unknown,0,0,0,1,9534.846136773835,0,0,1,1,0.0
1140,2020,1,2020.0,2020-01-20,2020-04-03 00:00:00+00:00,Graduated,25-34,0.0,Unknown,Unknown,Unknown,1,1,0,1,6196.7542605690505,0,0,1,1,0.0
1140,2021,1,2020.0,2020-01-20,2020-04-03 00:00:00+00:00,Graduated,25-34,0.0,Unknown,Unknown,Unknown,1,1,1,1,13536.717139156008,0,0,1,1,0.0
1140,2022,1,2020.0,2020-01-20,2020-04-03 00:00:00+00:00,Graduated,25-34,0.0,Unknown,Unknown,Unknown,1,1,0,1,1547.031070032845,1,1,1,1,0.0
1140,2023,1,2020.0,2020-01-20,2020-04-03 00:00:00+00:00,Graduated,25-34,0.0,Unknown,Unknown,Unknown,1,1,0,1,1143.873691041562,0,0,1,1,0.0
1140,2024,1,2020.0,2020-01-20,2020-04-03 00:00:00+00:00,Graduated,25-34,0.0,Unknown,Unknown,Unknown,1,1,0,1,12291.72549495252,0,0,1,1,0.0
1430,2017,0,2021.0,2021-09-20,2021-12-14 00:00:00+00:00,Non Graduated,25-34,0.0,Unknown,Unknown,Unknown,0,0,0,1,8792.641714396974,0,0,0,0,0.0
1430,2018,0,2021.0,2021-09-20,2021-12-14 00:00:00+00:00,Non Graduated,25-34,0.0,Unknown,Unknown,Unknown,0,0,1,1,23884.248067701472,0,0,0,0,0.0
1430,2019,0,2021.0,2021-09-20,2021-12-14 00:00:00+00:00,Non Graduated,25-34,0.0,Unknown,Unknown,Unknown,0,0,0,1,7450.101137917063,0,0,0,0,0.0
1430,2020,0,2021.0,2021-09-20,2021-12-14 00:00:00+00:00,Non Graduated,25-34,0.0,Unknown,Unknown,Unknown,0,0,1,1,27249.937034631977,0,0,0,0,0.0
1430,2021,0,2021.0,2021-09-20,2021-12-14 00:00:00+00:00,Non Graduated,25-34,0.0,Unknown,Unknown,Unknown,1,0,0,0,0.0,0,0,0,0,0.0
1430,2022,0,2021.0,2021-09-20,2021-12-14 00:00:00+00:00,Non Graduated,25-34,0.0,Unknown,Unknown,Unknown,1,0,0,1,15204.183109273836,0,0,0,0,0.0
1430,2023,0,2021.0,2021-09-20,2021-12-14 00:00:00+00:00,Non Graduated,25-34,0.0,Unknown,Unknown,Unknown,1,0,0,1,12225.452069731176,0,0,0,0,0.0
1430,2024,0,2021.0,2021-09-20,2021-12-14 00:00:00+00:00,Non Graduated,25-34,0.0,Unknown,Unknown,Unknown,1,0,0,1,31382.429022796747,0,0,0,0,0.0
935,2017,1,2019.0,2019-02-25,2019-05-10 00:00:00+00:00,Graduated,25-34,0.0,Unknown,Unknown,Unknown,0,0,0,1,669.5900234584857,0,0,1,1,0.0
935,2018,1,2019.0,2019-02-25,2019-05-10 00:00:00+00:00,Graduated,25-34,0.0,Unknown,Unknown,Unknown,0,0,0,1,7433.8184297435055,0,0,1,1,0.0
935,2019,1,2019.0,2019-02-25,2019-05-10 00:00:00+00:00,Graduated,25-34,0.0,Unknown,Unknown,Unknown,1,1,0,1,7993.661058816811,1,1,1,1,0.0
935,2020,1,2019.0,2019-02-25,2019-05-10 00:00:00+00:00,Graduated,25-34,0.0,Unknown,Unknown,Unknown,1,1,0,1,12149.817709192597,0,0,1,1,0.0
935,2021,1,2019.0,2019-02-25,2019-05-10 00:00:00+00:00,Graduated,25-34,0.0,Unknown,Unknown,Unknown,1,1,0,1,3065.141110040998,0,0,1,1,0.0
935,2022,1,2019.0,2019-02-25,2019-05-10 00:00:00+00:00,Graduated,25-34,0.0,Unknown,Unknown,Unknown,1,1,1,1,8889.262988727067,0,0,1,1,0.0
935,2023,1,2019.0,2019-02-25,2019-05-10 00:00:00+00:00,Graduated,25-34,0.0,Unknown,Unknown,Unknown,1,1,0,0,0.0,0,0,1,1,0.0
935,2024,1,2019.0,2019-02-25,2019-05-10 00:00:00+00:00,Graduated,25-34,0.0,Unknown,Unknown,Unknown,1,1,0,1,4454.443226104438,0,0,1,1,0.0
787,2017,0,2018.0,2018-06-18,2018-06-29 00:00:00+00:00,Non Graduated,25-34,0.0,Unknown,Unknown,Unknown,0,0,1,1,50601.2148758424,0,0,0,0,0.0
787,2018,0,2018.0,2018-06-18,2018-06-29 00:00:00+00:00,Non Graduated,25-34,0.0,Unknown,Unknown,Unknown,1,0,1,1,46555.14508936004,0,0,0,0,0.0
787,2019,0,2018.0,2018-06-18,2018-06-29 00:00:00+00:00,Non Graduated,25-34,0.0,Unknown,Unknown,Unknown,1,0,1,1,93391.27000748971,0,0,0,0,0.0
787,2020,0,2018.0,2018-06-18,2018-06-29 00:00:00+00:00,Non Graduated,25-34,0.0,Unknown,Unknown,Unknown,1,0,1,1,78807.18372764527,0,0,0,0,0.0
787,2021,0,2018.0,2018-06-18,2018-06-29 00:00:00+00:00,Non Graduated,25-34,0.0,Unknown,Unknown,Unknown,1,0,1,1,101633.8823227402,0,0,0,0,0.0
787,2022,0,2018.0,2018-06-18,2018-06-29 00:00:00+00:00,Non Graduated,25-34,0.0,Unknown,Unknown,Unknown,1,0,1,1,110207.38387261852,0,0,0,0,0.0
787,2023,0,2018.0,2018-06-18,2018-06-29 00:00:00+00:00,Non Graduated,25-34,0.0,Unknown,Unknown,Unknown,1,0,1,1,84448.88181776233,0,0,0,0,0.0
787,2024,0,2018.0,2018-06-18,2018-06-29 00:00:00+00:00,Non Graduated,25-34,0.0,Unknown,Unknown,Unknown,1,0,0,1,48221.265413037196,0,0,0,0,0.0
1152,2017,1,2020.0,2020-02-17,2020-03-13 00:00:00+00:00,Graduated,25-34,0.0,Unknown,Unknown,Unknown,0,0,0,0,0.0,0,0,1,1,0.0
1152,2018,1,2020.0,2020-02-17,2020-03-13 00:00:00+00:00,Graduated,25-34,0.0,Unknown,Unknown,Unknown,0,0,0,0,0.0,0,0,1,1,0.0
1152,2019,1,2020.0,2020-02-17,2020-03-13 00:00:00+00:00,Graduated,25-34,0.0,Unknown,Unknown,Unknown,0,0,0,1,926.0746067626287,0,0,1,1,0.0
1152,2020,1,2020.0,2020-02-17,2020-03-13 00:00:00+00:00,Graduated,25-34,0.0,Unknown,Unknown,Unknown,1,1,0,1,6871.053721549195,0,0,1,1,0.0
1152,2021,1,2020.0,2020-02-17,2020-03-13 00:00:00+00:00,Graduated,25-34,0.0,Unknown,Unknown,Unknown,1,1,0,1,2746.535541351927,0,0,1,1,0.0
1152,2022,1,2020.0,2020-02-17,2020-03-13 00:00:00+00:00,Graduated,25-34,0.0,Unknown,Unknown,Unknown,1,1,1,1,1816.0649216023894,0,0,1,1,0.0
1152,2023,1,2020.0,2020-02-17,2020-03-13 00:00:00+00:00,Graduated,25-34,0.0,Unknown,Unknown,Unknown,1,1,0,1,17740.034193340187,0,0,1,1,0.0
1152,2024,1,2020.0,2020-02-17,2020-03-13 00:00:00+00:00,Graduated,25-34,0.0,Unknown,Unknown,Unknown,1,1,0,1,27477.051376957148,0,0,1,1,0.0
1243,2017,0,2020.0,2020-08-17,2020-11-09 00:00:00+00:00,Non Graduated,25-34,0.0,Unknown,Unknown,Unknown,0,0,0,1,4205.341337169631,1,1,1,0,0.0
1243,2018,0,2020.0,2020-08-17,2020-11-09 00:00:00+00:00,Non Graduated,25-34,0.0,Unknown,Unknown,Unknown,0,0,0,1,216.85494121512778,3,1,1,1,0.0
1243,2019,0,2020.0,2020-08-17,2020-11-09 00:00:00+00:00,Non Graduated,25-34,0.0,Unknown,Unknown,Unknown,0,0,0,1,5663.216120601426,0,0,1,1,0.0
1243,2020,0,2020.0,2020-08-17,2020-11-09 00:00:00+00:00,Non Graduated,25-34,0.0,Unknown,Unknown,Unknown,1,0,0,1,154.2675890875865,1,1,1,1,0.0
1243,2021,0,2020.0,2020-08-17,2020-11-09 00:00:00+00:00,Non Graduated,25-34,0.0,Unknown,Unknown,Unknown,1,0,0,0,0.0,0,0,1,1,0.0
1243,2022,0,2020.0,2020-08-17,2020-11-09 00:00:00+00:00,Non Graduated,25-34,0.0,Unknown,Unknown,Unknown,1,0,0,0,0.0,0,0,1,1,0.0
1243,2023,0,2020.0,2020-08-17,2020-11-09 00:00:00+00:00,Non Graduated,25-34,0.0,Unknown,Unknown,Unknown,1,0,0,1,3677.054723145376,0,0,1,1,0.0
1243,2024,0,2020.0,2020-08-17,2020-11-09 00:00:00+00:00,Non Graduated,25-34,0.0,Unknown,Unknown,Unknown,1,0,0,1,2611.759039010749,0,0,1,1,0.0
755,2017,1,2019.0,2019-09-09,2019-11-22 00:00:00+00:00,Graduated,25-34,0.0,Unknown,Unknown,Unknown,0,0,0,0,0.0,0,0,1,1,0.0
755,2018,1,2019.0,2019-09-09,2019-11-22 00:00:00+00:00,Graduated,25-34,0.0,Unknown,Unknown,Unknown,0,0,0,1,12739.007099180619,3,1,1,1,0.0
755,2019,1,2019.0,2019-09-09,2019-11-22 00:00:00+00:00,Graduated,25-34,0.0,Unknown,Unknown,Unknown,1,1,1,1,32080.74265485356,0,0,1,1,0.0
755,2020,1,2019.0,2019-09-09,2019-11-22 00:00:00+00:00,Graduated,25-34,0.0,Unknown,Unknown,Unknown,1,1,0,1,4606.900589949813,0,0,1,1,0.0
755,2021,1,2019.0,2019-09-09,2019-11-22 00:00:00+00:00,Graduated,25-34,0.0,Unknown,Unknown,Unknown,1,1,1,1,33050.02974547853,0,0,1,1,0.0
755,2022,1,2019.0,2019-09-09,2019-11-22 00:00:00+00:00,Graduated,25-34,0.0,Unknown,Unknown,Unknown,1,1,0,1,14470.864099041912,0,0,1,1,0.0
755,2023,1,2019.0,2019-09-09,2019-11-22 00:00:00+00:00,Graduated,25-34,0.0,Unknown,Unknown,Unknown,1,1,1,1,37373.611318184216,0,0,1,1,0.0
755,2024,1,2019.0,2019-09-09,2019-11-22 00:00:00+00:00,Graduated,25-34,0.0,Unknown,Unknown,Unknown,1,1,0,1,25217.330168616194,0,0,1,1,0.0
1455,2017,0,2021.0,2021-10-11,2021-11-01 00:00:00+00:00,Non Graduated,25-34,0.0,Unknown,Unknown,Unknown,0,0,1,1,15918.787734434278,0,0,0,0,0.0
1455,2018,0,2021.0,2021-10-11,2021-11-01 00:00:00+00:00,Non Graduated,25-34,0.0,Unknown,Unknown,Unknown,0,0,1,1,22921.895287780328,0,0,0,0,0.0
1455,2019,0,2021.0,2021-10-11,2021-11-01 00:00:00+00:00,Non Graduated,25-34,0.0,Unknown,Unknown,Unknown,0,0,0,1,4262.5467618161065,0,0,0,0,0.0
1455,2020,0,2021.0,2021-10-11,2021-11-01 00:00:00+00:00,Non Graduated,25-34,0.0,Unknown,Unknown,Unknown,0,0,0,1,20839.410718378775,0,0,0,0,0.0
1455,2021,0,2021.0,2021-10-11,2021-11-01 00:00:00+00:00,Non Graduated,25-34,0.0,Unknown,Unknown,Unknown,1,0,1,1,32692.129282476577,0,0,0,0,0.0
1455,2022,0,2021.0,2021-10-11,2021-11-01 00:00:00+00:00,Non Graduated,25-34,0.0,Unknown,Unknown,Unknown,1,0,1,1,27494.11779729504,0,0,0,0,0.0
1455,2023,0,2021.0,2021-10-11,2021-11-01 00:00:00+00:00,Non Graduated,25-34,0.0,Unknown,Unknown,Unknown,1,0,1,1,25344.99213798524,0,0,0,0,0.0
1455,2024,0,2021.0,2021-10-11,2021-11-01 00:00:00+00:00,Non Graduated,25-34,0.0,Unknown,Unknown,Unknown,1,0,0,1,30824.29755123008,0,0,0,0,0.0
904,2017,1,2019.0,2019-01-07,2019-03-13 00:00:00+00:00,Graduated,25-34,0.0,Unknown,Unknown,Unknown,0,0,0,0,0.0,0,0,1,1,0.0
904,2018,1,2019.0,2019-01-07,2019-03-13 00:00:00+00:00,Graduated,25-34,0.0,Unknown,Unknown,Unknown,0,0,0,1,749.4054284269979,0,0,1,1,0.0
904,2019,1,2019.0,2019-01-07,2019-03-13 00:00:00+00:00,Graduated,25-34,0.0,Unknown,Unknown,Unknown,1,1,0,1,2146.406345077484,0,0,1,1,0.0
904,2020,1,2019.0,2019-01-07,2019-03-13 00:00:00+00:00,Graduated,25-34,0.0,Unknown,Unknown,Unknown,1,1,0,1,3876.8913185030806,0,0,1,1,0.0
904,2021,1,2019.0,2019-01-07,2019-03-13 00:00:00+00:00,Graduated,25-34,0.0,Unknown,Unknown,Unknown,1,1,0,1,2758.1586287042414,0,0,1,1,0.0
904,2022,1,2019.0,2019-01-07,2019-03-13 00:00:00+00:00,Graduated,25-34,0.0,Unknown,Unknown,Unknown,1,1,0,1,1954.5100634704145,0,0,1,1,0.0
904,2023,1,2019.0,2019-01-07,2019-03-13 00:00:00+00:00,Graduated,25-34,0.0,Unknown,Unknown,Unknown,1,1,0,1,6050.735403636145,0,0,1,1,0.0
904,2024,1,2019.0,2019-01-07,2019-03-13 00:00:00+00:00,Graduated,25-34,0.0,Unknown,Unknown,Unknown,1,1,0,1,608.5521126760563,0,0,1,1,0.0
1009,2017,0,2021.0,2021-10-25,2021-10-29 00:00:00+00:00,Non Graduated,25-34,0.0,Unknown,Unknown,Unknown,0,0,0,0,0.0,0,0,1,1,0.0
1009,2018,0,2021.0,2021-10-25,2021-10-29 00:00:00+00:00,Non Graduated,25-34,0.0,Unknown,Unknown,Unknown,0,0,0,1,283.7679763406877,5,1,1,1,0.0
1009,2019,0,2021.0,2021-10-25,2021-10-29 00:00:00+00:00,Non Graduated,25-34,0.0,Unknown,Unknown,Unknown,0,0,0,0,0.0,1,1,1,1,0.0
1009,2020,0,2021.0,2021-10-25,2021-10-29 00:00:00+00:00,Non Graduated,25-34,0.0,Unknown,Unknown,Unknown,0,0,0,1,3047.372239841134,0,0,1,1,0.0
1009,2021,0,2021.0,2021-10-25,2021-10-29 00:00:00+00:00,Non Graduated,25-34,0.0,Unknown,Unknown,Unknown,1,0,0,1,731.6010525640202,0,0,1,1,0.0
1009,2022,0,2021.0,2021-10-25,2021-10-29 00:00:00+00:00,Non Graduated,25-34,0.0,Unknown,Unknown,Unknown,1,0,0,1,12595.366089877676,0,0,1,1,0.0
1009,2023,0,2021.0,2021-10-25,2021-10-29 00:00:00+00:00,Non Graduated,25-34,0.0,Unknown,Unknown,Unknown,1,0,0,1,4561.452235323828,0,0,1,1,0.0
1009,2024,0,2021.0,2021-10-25,2021-10-29 00:00:00+00:00,Non Graduated,25-34,0.0,Unknown,Unknown,Unknown,1,0,0,0,0.0,0,0,1,1,0.0
1463,2017,1,2022.0,2021-11-08,2022-01-21 00:00:00+00:00,Graduated,25-34,0.0,Unknown,Unknown,Unknown,0,0,0,1,14854.711801522662,0,0,1,1,0.0
1463,2018,1,2022.0,2021-11-08,2022-01-21 00:00:00+00:00,Graduated,25-34,0.0,Unknown,Unknown,Unknown,0,0,0,1,2658.389996537079,0,0,1,1,0.0
1463,2019,1,2022.0,2021-11-08,2022-01-21 00:00:00+00:00,Graduated,25-34,0.0,Unknown,Unknown,Unknown,0,0,0,1,8874.12446777852,5,1,1,1,0.0
1463,2020,1,2022.0,2021-11-08,2022-01-21 00:00:00+00:00,Graduated,25-34,0.0,Unknown,Unknown,Unknown,0,0,0,0,0.0,0,0,1,1,0.0
1463,2021,1,2022.0,2021-11-08,2022-01-21 00:00:00+00:00,Graduated,25-34,0.0,Unknown,Unknown,Unknown,0,0,0,1,10407.187688785354,1,1,1,1,0.0
1463,2022,1,2022.0,2021-11-08,2022-01-21 00:00:00+00:00,Graduated,25-34,0.0,Unknown,Unknown,Unknown,1,1,0,1,4760.772177601048,3,1,1,1,0.0
1463,2023,1,2022.0,2021-11-08,2022-01-21 00:00:00+00:00,Graduated,25-34,0.0,Unknown,Unknown,Unknown,1,1,0,1,5587.681262074549,0,0,1,1,0.0
1463,2024,1,2022.0,2021-11-08,2022-01-21 00:00:00+00:00,Graduated,25-34,0.0,Unknown,Unknown,Unknown,1,1,0,1,6920.347191008435,2,1,1,1,0.0
884,2017,0,2019.0,2018-12-03,2019-01-09 00:00:00+00:00,Non Graduated,25-34,0.0,Unknown,Unknown,Unknown,0,0,0,1,519.0199779231403,0,0,0,0,0.0
884,2018,0,2019.0,2018-12-03,2019-01-09 00:00:00+00:00,Non Graduated,25-34,0.0,Unknown,Unknown,Unknown,0,0,0,1,1443.9682313246833,4,1,1,0,0.0
884,2019,0,2019.0,2018-12-03,2019-01-09 00:00:00+00:00,Non Graduated,25-34,0.0,Unknown,Unknown,Unknown,1,0,0,0,0.0,0,0,1,1,0.0
884,2020,0,2019.0,2018-12-03,2019-01-09 00:00:00+00:00,Non Graduated,25-34,0.0,Unknown,Unknown,Unknown,1,0,0,0,0.0,2,1,1,1,0.0
884,2021,0,2019.0,2018-12-03,2019-01-09 00:00:00+00:00,Non Graduated,25-34,0.0,Unknown,Unknown,Unknown,1,0,0,0,0.0,0,0,1,1,0.0
884,2022,0,2019.0,2018-12-03,2019-01-09 00:00:00+00:00,Non Graduated,25-34,0.0,Unknown,Unknown,Unknown,1,0,0,0,0.0,0,0,1,1,0.0
884,2023,0,2019.0,2018-12-03,2019-01-09 00:00:00+00:00,Non Graduated,25-34,0.0,Unknown,Unknown,Unknown,1,0,0,1,483.25211645674165,0,0,1,1,0.0
884,2024,0,2019.0,2018-12-03,2019-01-09 00:00:00+00:00,Non Graduated,25-34,0.0,Unknown,Unknown,Unknown,1,0,0,0,0.0,0,0,1,1,0.0
1028,2017,1,2019.0,2019-07-10,2019-09-09 00:00:00+00:00,Graduated,25-34,0.0,Unknown,Unknown,Unknown,0,0,0,1,6884.368080562043,0,0,0,0,0.0
1028,2018,1,2019.0,2019-07-10,2019-09-09 00:00:00+00:00,Graduated,25-34,0.0,Unknown,Unknown,Unknown,0,0,0,1,7805.961223040941,0,0,0,0,0.0
1028,2019,1,2019.0,2019-07-10,2019-09-09 00:00:00+00:00,Graduated,25-34,0.0,Unknown,Unknown,Unknown,1,1,0,0,0.0,0,0,0,0,0.0
1028,2020,1,2019.0,2019-07-10,2019-09-09 00:00:00+00:00,Graduated,25-34,0.0,Unknown,Unknown,Unknown,1,1,0,1,1961.9353870251925,0,0,0,0,0.0
1028,2021,1,2019.0,2019-07-10,2019-09-09 00:00:00+00:00,Graduated,25-34,0.0,Unknown,Unknown,Unknown,1,1,0,1,631.2811757910274,0,0,0,0,0.0
1028,2022,1,2019.0,2019-07-10,2019-09-09 00:00:00+00:00,Graduated,25-34,0.0,Unknown,Unknown,Unknown,1,1,0,0,0.0,1,1,1,0,0.0
1028,2023,1,2019.0,2019-07-10,2019-09-09 00:00:00+00:00,Graduated,25-34,0.0,Unknown,Unknown,Unknown,1,1,0,0,0.0,0,0,1,1,0.0
1028,2024,1,2019.0,2019-07-10,2019-09-09 00:00:00+00:00,Graduated,25-34,0.0,Unknown,Unknown,Unknown,1,1,0,0,0.0,0,0,1,1,0.0
861,2017,0,2018.0,2018-10-22,2018-11-16 00:00:00+00:00,Non Graduated,25-34,0.0,Unknown,Unknown,Unknown,0,0,1,1,11397.589601340584,0,0,0,0,0.0
861,2018,0,2018.0,2018-10-22,2018-11-16 00:00:00+00:00,Non Graduated,25-34,0.0,Unknown,Unknown,Unknown,1,0,0,1,632.0286745769862,0,0,0,0,0.0
861,2019,0,2018.0,2018-10-22,2018-11-16 00:00:00+00:00,Non Graduated,25-34,0.0,Unknown,Unknown,Unknown,1,0,0,1,14193.054668673401,0,0,0,0,0.0
861,2020,0,2018.0,2018-10-22,2018-11-16 00:00:00+00:00,Non Graduated,25-34,0.0,Unknown,Unknown,Unknown,1,0,0,1,8565.691369496273,2,1,1,0,0.0
861,2021,0,2018.0,2018-10-22,2018-11-16 00:00:00+00:00,Non Graduated,25-34,0.0,Unknown,Unknown,Unknown,1,0,0,1,20432.42632547511,0,0,1,1,0.0
861,2022,0,2018.0,2018-10-22,2018-11-16 00:00:00+00:00,Non Graduated,25-34,0.0,Unknown,Unknown,Unknown,1,0,0,1,20642.879784424968,0,0,1,1,0.0
861,2023,0,2018.0,2018-10-22,2018-11-16 00:00:00+00:00,Non Graduated,25-34,0.0,Unknown,Unknown,Unknown,1,0,0,1,15579.936798290626,0,0,1,1,0.0
861,2024,0,2018.0,2018-10-22,2018-11-16 00:00:00+00:00,Non Graduated,25-34,0.0,Unknown,Unknown,Unknown,1,0,0,1,14677.112602897114,0,0,1,1,0.0
1075,2017,1,2019.0,2019-10-07,2019-12-20 00:00:00+00:00,Graduated,25-34,0.0,Unknown,Unknown,Unknown,0,0,0,1,5780.320039216562,0,0,0,0,0.0
1075,2018,1,2019.0,2019-10-07,2019-12-20 00:00:00+00:00,Graduated,25-34,0.0,Unknown,Unknown,Unknown,0,0,1,1,11052.19399492291,0,0,0,0,0.0
1075,2019,1,2019.0,2019-10-07,2019-12-20 00:00:00+00:00,Graduated,25-34,0.0,Unknown,Unknown,Unknown,1,1,1,1,19104.402685413108,0,0,0,0,0.0
1075,2020,1,2019.0,2019-10-07,2019-12-20 00:00:00+00:00,Graduated,25-34,0.0,Unknown,Unknown,Unknown,1,1,0,1,4087.1123265555434,0,0,0,0,0.0
1075,2021,1,2019.0,2019-10-07,2019-12-20 00:00:00+00:00,Graduated,25-34,0.0,Unknown,Unknown,Unknown,1,1,0,1,949.3685899492971,0,0,0,0,0.0
1075,2022,1,2019.0,2019-10-07,2019-12-20 00:00:00+00:00,Graduated,25-34,0.0,Unknown,Unknown,Unknown,1,1,1,1,20944.312383220764,0,0,0,0,0.0
1075,2023,1,2019.0,2019-10-07,2019-12-20 00:00:00+00:00,Graduated,25-34,0.0,Unknown,Unknown,Unknown,1,1,1,1,27058.674944337978,0,0,0,0,0.0
1075,2024,1,2019.0,2019-10-07,2019-12-20 00:00:00+00:00,Graduated,25-34,0.0,Unknown,Unknown,Unknown,1,1,0,1,26325.855790198817,0,0,0,0,0.0
950,2017,0,2019.0,2019-03-25,2019-05-13 00:00:00+00:00,Non Graduated,25-34,0.0,Unknown,Unknown,Unknown,0,0,1,1,8999.077536145316,0,0,0,0,0.0
950,2018,0,2019.0,2019-03-25,2019-05-13 00:00:00+00:00,Non Graduated,25-34,0.0,Unknown,Unknown,Unknown,0,0,0,1,1423.1917100106589,0,0,0,0,0.0
950,2019,0,2019.0,2019-03-25,2019-05-13 00:00:00+00:00,Non Graduated,25-34,0.0,Unknown,Unknown,Unknown,1,0,0,1,431.63615686305053,0,0,0,0,0.0
950,2020,0,2019.0,2019-03-25,2019-05-13 00:00:00+00:00,Non Graduated,25-34,0.0,Unknown,Unknown,Unknown,1,0,1,1,14908.277505334978,0,0,0,0,0.0
950,2021,0,2019.0,2019-03-25,2019-05-13 00:00:00+00:00,Non Graduated,25-34,0.0,Unknown,Unknown,Unknown,1,0,0,1,10890.894512338433,0,0,0,0,0.0
950,2022,0,2019.0,2019-03-25,2019-05-13 00:00:00+00:00,Non Graduated,25-34,0.0,Unknown,Unknown,Unknown,1,0,1,1,42638.89130561138,0,0,0,0,0.0
950,2023,0,2019.0,2019-03-25,2019-05-13 00:00:00+00:00,Non Graduated,25-34,0.0,Unknown,Unknown,Unknown,1,0,1,1,44468.77351912447,0,0,0,0,0.0
950,2024,0,2019.0,2019-03-25,2019-05-13 00:00:00+00:00,Non Graduated,25-34,0.0,Unknown,Unknown,Unknown,1,0,0,1,17283.340273048027,0,0,0,0,0.0
752,2017,1,2018.0,2018-03-26,2018-07-06 00:00:00+00:00,Graduated,25-34,0.0,Unknown,Unknown,Unknown,0,0,0,1,13546.618262741682,0,0,1,1,0.0
752,2018,1,2018.0,2018-03-26,2018-07-06 00:00:00+00:00,Graduated,25-34,0.0,Unknown,Unknown,Unknown,1,1,0,1,13770.136470742233,0,0,1,1,0.0
752,2019,1,2018.0,2018-03-26,2018-07-06 00:00:00+00:00,Graduated,25-34,0.0,Unknown,Unknown,Unknown,1,1,0,1,31534.841134868373,0,0,1,1,0.0
752,2020,1,2018.0,2018-03-26,2018-07-06 00:00:00+00:00,Graduated,25-34,0.0,Unknown,Unknown,Unknown,1,1,0,1,33953.75254766151,0,0,1,1,0.0
752,2021,1,2018.0,2018-03-26,2018-07-06 00:00:00+00:00,Graduated,25-34,0.0,Unknown,Unknown,Unknown,1,1,0,1,3869.721485529527,0,0,1,1,0.0
752,2022,1,2018.0,2018-03-26,2018-07-06 00:00:00+00:00,Graduated,25-34,0.0,Unknown,Unknown,Unknown,1,1,0,0,0.0,0,0,1,1,0.0
752,2023,1,2018.0,2018-03-26,2018-07-06 00:00:00+00:00,Graduated,25-34,0.0,Unknown,Unknown,Unknown,1,1,0,1,19657.75774671735,0,0,1,1,0.0
752,2024,1,2018.0,2018-03-26,2018-07-06 00:00:00+00:00,Graduated,25-34,0.0,Unknown,Unknown,Unknown,1,1,0,1,19657.415307655872,0,0,1,1,0.0
1131,2017,0,2020.0,2020-01-14,2020-06-03 00:00:00+00:00,Non Graduated,25-34,0.0,Unknown,Unknown,Unknown,0,0,1,1,20051.646321064785,0,0,1,1,0.0
1131,2018,0,2020.0,2020-01-14,2020-06-03 00:00:00+00:00,Non Graduated,25-34,0.0,Unknown,Unknown,Unknown,0,0,1,1,8566.841680714466,0,0,1,1,0.0
1131,2019,0,2020.0,2020-01-14,2020-06-03 00:00:00+00:00,Non Graduated,25-34,0.0,Unknown,Unknown,Unknown,0,0,1,1,11338.871484699388,0,0,1,1,0.0
1131,2020,0,2020.0,2020-01-14,2020-06-03 00:00:00+00:00,Non Graduated,25-34,0.0,Unknown,Unknown,Unknown,1,0,1,1,27511.478280102165,0,0,1,1,0.0
1131,2021,0,2020.0,2020-01-14,2020-06-03 00:00:00+00:00,Non Graduated,25-34,0.0,Unknown,Unknown,Unknown,1,0,1,1,42394.71439435125,0,0,1,1,0.0
1131,2022,0,2020.0,2020-01-14,2020-06-03 00:00:00+00:00,Non Graduated,25-34,0.0,Unknown,Unknown,Unknown,1,0,0,1,27979.827388341026,0,0,1,1,0.0
1131,2023,0,2020.0,2020-01-14,2020-06-03 00:00:00+00:00,Non Graduated,25-34,0.0,Unknown,Unknown,Unknown,1,0,0,0,0.0,0,0,1,1,0.0
1131,2024,0,2020.0,2020-01-14,2020-06-03 00:00:00+00:00,Non Graduated,25-34,0.0,Unknown,Unknown,Unknown,1,0,0,0,0.0,0,0,1,1,0.0
836,2017,1,2018.0,2018-09-04,2018-11-16 00:00:00+00:00,Graduated,25-34,0.0,Unknown,Unknown,Unknown,0,0,0,0,0.0,3,1,1,0,0.0
836,2018,1,2018.0,2018-09-04,2018-11-16 00:00:00+00:00,Graduated,25-34,0.0,Unknown,Unknown,Unknown,1,1,0,1,15787.77333534593,0,0,1,1,0.0
836,2019,1,2018.0,2018-09-04,2018-11-16 00:00:00+00:00,Graduated,25-34,0.0,Unknown,Unknown,Unknown,1,1,0,0,0.0,0,0,1,1,0.0
836,2020,1,2018.0,2018-09-04,2018-11-16 00:00:00+00:00,Graduated,25-34,0.0,Unknown,Unknown,Unknown,1,1,0,0,0.0,0,0,1,1,0.0
836,2021,1,2018.0,2018-09-04,2018-11-16 00:00:00+00:00,Graduated,25-34,0.0,Unknown,Unknown,Unknown,1,1,0,0,0.0,0,0,1,1,0.0
836,2022,1,2018.0,2018-09-04,2018-11-16 00:00:00+00:00,Graduated,25-34,0.0,Unknown,Unknown,Unknown,1,1,0,0,0.0,0,0,1,1,0.0
836,2023,1,2018.0,2018-09-04,2018-11-16 00:00:00+00:00,Graduated,25-34,0.0,Unknown,Unknown,Unknown,1,1,0,0,0.0,0,0,1,1,0.0
836,2024,1,2018.0,2018-09-04,2018-11-16 00:00:00+00:00,Graduated,25-34,0.0,Unknown,Unknown,Unknown,1,1,0,0,0.0,0,0,1,1,0.0
1357,2017,0,2021.0,2021-05-10,2021-05-26 00:00:00+00:00,Non Graduated,25-34,0.0,Unknown,Unknown,Unknown,0,0,0,1,909.1551552290597,0,0,0,0,0.0
1357,2018,0,2021.0,2021-05-10,2021-05-26 00:00:00+00:00,Non Graduated,25-34,0.0,Unknown,Unknown,Unknown,0,0,0,1,3603.2490485082662,0,0,0,0,0.0
1357,2019,0,2021.0,2021-05-10,2021-05-26 00:00:00+00:00,Non Graduated,25-34,0.0,Unknown,Unknown,Unknown,0,0,1,1,3385.5383162691533,0,0,0,0,0.0
1357,2020,0,2021.0,2021-05-10,2021-05-26 00:00:00+00:00,Non Graduated,25-34,0.0,Unknown,Unknown,Unknown,0,0,0,1,3279.2710536001387,3,1,1,0,0.0
1357,2021,0,2021.0,2021-05-10,2021-05-26 00:00:00+00:00,Non Graduated,25-34,0.0,Unknown,Unknown,Unknown,1,0,0,1,4677.048439610692,0,0,1,1,0.0
1357,2022,0,2021.0,2021-05-10,2021-05-26 00:00:00+00:00,Non Graduated,25-34,0.0,Unknown,Unknown,Unknown,1,0,0,0,0.0,0,0,1,1,0.0
1357,2023,0,2021.0,2021-05-10,2021-05-26 00:00:00+00:00,Non Graduated,25-34,0.0,Unknown,Unknown,Unknown,1,0,0,1,4275.168007764318,0,0,1,1,0.0
1357,2024,0,2021.0,2021-05-10,2021-05-26 00:00:00+00:00,Non Graduated,25-34,0.0,Unknown,Unknown,Unknown,1,0,0,1,643.2689573914937,0,0,1,1,0.0
815,2017,1,2018.0,2018-08-06,2018-10-19 00:00:00+00:00,Graduated,25-34,0.0,Unknown,Unknown,Unknown,0,0,1,1,7939.23708780922,0,0,0,0,0.0
815,2018,1,2018.0,2018-08-06,2018-10-19 00:00:00+00:00,Graduated,25-34,0.0,Unknown,Unknown,Unknown,1,1,1,1,5227.274547788583,1,1,1,0,0.0
815,2019,1,2018.0,2018-08-06,2018-10-19 00:00:00+00:00,Graduated,25-34,0.0,Unknown,Unknown,Unknown,1,1,0,1,2099.824811615558,0,0,1,1,0.0
815,2020,1,2018.0,2018-08-06,2018-10-19 00:00:00+00:00,Graduated,25-34,0.0,Unknown,Unknown,Unknown,1,1,0,1,5779.163768680166,0,0,1,1,0.0
815,2021,1,2018.0,2018-08-06,2018-10-19 00:00:00+00:00,Graduated,25-34,0.0,Unknown,Unknown,Unknown,1,1,0,1,2530.8854624276473,0,0,1,1,0.0
815,2022,1,2018.0,2018-08-06,2018-10-19 00:00:00+00:00,Graduated,25-34,0.0,Unknown,Unknown,Unknown,1,1,0,1,12335.667815827182,0,0,1,1,0.0
815,2023,1,2018.0,2018-08-06,2018-10-19 00:00:00+00:00,Graduated,25-34,0.0,Unknown,Unknown,Unknown,1,1,0,0,0.0,0,0,1,1,0.0
815,2024,1,2018.0,2018-08-06,2018-10-19 00:00:00+00:00,Graduated,25-34,0.0,Unknown,Unknown,Unknown,1,1,0,0,0.0,0,0,1,1,0.0
820,2017,0,2018.0,2018-08-13,2018-08-23 00:00:00+00:00,Non Graduated,25-34,0.0,Unknown,Unknown,Unknown,0,0,1,1,6096.163666675226,0,0,0,0,0.0
820,2018,0,2018.0,2018-08-13,2018-08-23 00:00:00+00:00,Non Graduated,25-34,0.0,Unknown,Unknown,Unknown,1,0,0,1,8953.916959539147,0,0,0,0,0.0
820,2019,0,2018.0,2018-08-13,2018-08-23 00:00:00+00:00,Non Graduated,25-34,0.0,Unknown,Unknown,Unknown,1,0,1,1,9446.725927939184,0,0,0,0,0.0
820,2020,0,2018.0,2018-08-13,2018-08-23 00:00:00+00:00,Non Graduated,25-34,0.0,Unknown,Unknown,Unknown,1,0,0,1,3598.158820680704,0,0,0,0,0.0
820,2021,0,2018.0,2018-08-13,2018-08-23 00:00:00+00:00,Non Graduated,25-34,0.0,Unknown,Unknown,Unknown,1,0,0,1,11901.82771727238,0,0,0,0,0.0
820,2022,0,2018.0,2018-08-13,2018-08-23 00:00:00+00:00,Non Graduated,25-34,0.0,Unknown,Unknown,Unknown,1,0,1,1,23082.18119898544,0,0,0,0,0.0
820,2023,0,2018.0,2018-08-13,2018-08-23 00:00:00+00:00,Non Graduated,25-34,0.0,Unknown,Unknown,Unknown,1,0,1,1,32970.42725471467,0,0,0,0,0.0
820,2024,0,2018.0,2018-08-13,2018-08-23 00:00:00+00:00,Non Graduated,25-34,0.0,Unknown,Unknown,Unknown,1,0,0,1,21375.516252945563,0,0,0,0,0.0
899,2017,1,2019.0,2019-01-02,2019-02-08 00:00:00+00:00,Graduated,25-34,0.0,Unknown,Unknown,Unknown,0,0,1,1,7051.838593469432,0,0,0,0,0.0
899,2018,1,2019.0,2019-01-02,2019-02-08 00:00:00+00:00,Graduated,25-34,0.0,Unknown,Unknown,Unknown,0,0,1,1,17064.08136956341,0,0,0,0,0.0
899,2019,1,2019.0,2019-01-02,2019-02-08 00:00:00+00:00,Graduated,25-34,0.0,Unknown,Unknown,Unknown,1,1,0,1,10642.209297272962,0,0,0,0,0.0
899,2020,1,2019.0,2019-01-02,2019-02-08 00:00:00+00:00,Graduated,25-34,0.0,Unknown,Unknown,Unknown,1,1,0,1,5081.6337510533995,0,0,0,0,0.0
899,2021,1,2019.0,2019-01-02,2019-02-08 00:00:00+00:00,Graduated,25-34,0.0,Unknown,Unknown,Unknown,1,1,0,1,901.6341296828455,0,0,0,0,0.0
899,2022,1,2019.0,2019-01-02,2019-02-08 00:00:00+00:00,Graduated,25-34,0.0,Unknown,Unknown,Unknown,1,1,1,1,3956.7288298505896,0,0,0,0,0.0
899,2023,1,2019.0,2019-01-02,2019-02-08 00:00:00+00:00,Graduated,25-34,0.0,Unknown,Unknown,Unknown,1,1,1,1,10715.134289303072,0,0,0,0,0.0
899,2024,1,2019.0,2019-01-02,2019-02-08 00:00:00+00:00,Graduated,25-34,0.0,Unknown,Unknown,Unknown,1,1,0,1,13880.009579146204,0,0,0,0,0.0
742,2017,0,2018.0,2018-03-12,2018-05-10 00:00:00+00:00,Non Graduated,25-34,0.0,Unknown,Unknown,Unknown,0,0,0,1,2567.222250917179,0,0,1,1,0.0
742,2018,0,2018.0,2018-03-12,2018-05-10 00:00:00+00:00,Non Graduated,25-34,0.0,Unknown,Unknown,Unknown,1,0,0,1,1881.998613001222,0,0,1,1,0.0
742,2019,0,2018.0,2018-03-12,2018-05-10 00:00:00+00:00,Non Graduated,25-34,0.0,Unknown,Unknown,Unknown,1,0,0,0,0.0,0,0,1,1,0.0
742,2020,0,2018.0,2018-03-12,2018-05-10 00:00:00+00:00,Non Graduated,25-34,0.0,Unknown,Unknown,Unknown,1,0,0,0,0.0,0,0,1,1,0.0
742,2021,0,2018.0,2018-03-12,2018-05-10 00:00:00+00:00,Non Graduated,25-34,0.0,Unknown,Unknown,Unknown,1,0,0,0,0.0,0,0,1,1,0.0
742,2022,0,2018.0,2018-03-12,2018-05-10 00:00:00+00:00,Non Graduated,25-34,0.0,Unknown,Unknown,Unknown,1,0,0,0,0.0,0,0,1,1,0.0
742,2023,0,2018.0,2018-03-12,2018-05-10 00:00:00+00:00,Non Graduated,25-34,0.0,Unknown,Unknown,Unknown,1,0,0,0,0.0,0,0,1,1,0.0
742,2024,0,2018.0,2018-03-12,2018-05-10 00:00:00+00:00,Non Graduated,25-34,0.0,Unknown,Unknown,Unknown,1,0,0,0,0.0,0,0,1,1,0.0
1390,2017,1,2021.0,2021-07-12,2021-09-10 00:00:00+00:00,Graduated,25-34,0.0,Unknown,Unknown,Unknown,0,0,0,0,0.0,0,0,0,0,0.0
1390,2018,1,2021.0,2021-07-12,2021-09-10 00:00:00+00:00,Graduated,25-34,0.0,Unknown,Unknown,Unknown,0,0,0,1,2320.915674677843,0,0,0,0,0.0
1390,2019,1,2021.0,2021-07-12,2021-09-10 00:00:00+00:00,Graduated,25-34,0.0,Unknown,Unknown,Unknown,0,0,0,1,2694.8383805365524,0,0,0,0,0.0
1390,2020,1,2021.0,2021-07-12,2021-09-10 00:00:00+00:00,Graduated,25-34,0.0,Unknown,Unknown,Unknown,0,0,1,1,20568.96260168718,0,0,0,0,0.0
1390,2021,1,2021.0,2021-07-12,2021-09-10 00:00:00+00:00,Graduated,25-34,0.0,Unknown,Unknown,Unknown,1,1,1,1,17644.481141770244,0,0,0,0,0.0
1390,2022,1,2021.0,2021-07-12,2021-09-10 00:00:00+00:00,Graduated,25-34,0.0,Unknown,Unknown,Unknown,1,1,1,1,30959.161141423858,0,0,0,0,0.0
1390,2023,1,2021.0,2021-07-12,2021-09-10 00:00:00+00:00,Graduated,25-34,0.0,Unknown,Unknown,Unknown,1,1,1,1,42809.393482421045,0,0,0,0,0.0
1390,2024,1,2021.0,2021-07-12,2021-09-10 00:00:00+00:00,Graduated,25-34,0.0,Unknown,Unknown,Unknown,1,1,0,1,36858.65579454767,0,0,0,0,0.0
739,2017,0,2018.0,2018-03-12,2018-03-29 00:00:00+00:00,Non Graduated,25-34,0.0,Unknown,Unknown,Unknown,0,0,0,1,2526.4549820707107,0,0,1,1,0.0
739,2018,0,2018.0,2018-03-12,2018-03-29 00:00:00+00:00,Non Graduated,25-34,0.0,Unknown,Unknown,Unknown,1,0,0,1,5718.3954480340635,0,0,1,1,0.0
739,2019,0,2018.0,2018-03-12,2018-03-29 00:00:00+00:00,Non Graduated,25-34,0.0,Unknown,Unknown,Unknown,1,0,0,0,0.0,0,0,1,1,0.0
739,2020,0,2018.0,2018-03-12,2018-03-29 00:00:00+00:00,Non Graduated,25-34,0.0,Unknown,Unknown,Unknown,1,0,0,0,0.0,0,0,1,1,0.0
739,2021,0,2018.0,2018-03-12,2018-03-29 00:00:00+00:00,Non Graduated,25-34,0.0,Unknown,Unknown,Unknown,1,0,0,1,1206.4764671702499,0,0,1,1,0.0
739,2022,0,2018.0,2018-03-12,2018-03-29 00:00:00+00:00,Non Graduated,25-34,0.0,Unknown,Unknown,Unknown,1,0,1,1,6538.465040741719,0,0,1,1,0.0
739,2023,0,2018.0,2018-03-12,2018-03-29 00:00:00+00:00,Non Graduated,25-34,0.0,Unknown,Unknown,Unknown,1,0,0,1,6503.140430459506,0,0,1,1,0.0
739,2024,0,2018.0,2018-03-12,2018-03-29 00:00:00+00:00,Non Graduated,25-34,0.0,Unknown,Unknown,Unknown,1,0,0,0,0.0,0,0,1,1,0.0
714,2017,1,2018.0,2018-02-19,2018-03-05 00:00:00+00:00,Graduated,25-34,0.0,Unknown,Unknown,Unknown,0,0,0,1,9452.51705310639,0,0,1,1,0.0
714,2018,1,2018.0,2018-02-19,2018-03-05 00:00:00+00:00,Graduated,25-34,0.0,Unknown,Unknown,Unknown,1,1,0,1,15099.68403253919,0,0,1,1,0.0
714,2019,1,2018.0,2018-02-19,2018-03-05 00:00:00+00:00,Graduated,25-34,0.0,Unknown,Unknown,Unknown,1,1,0,0,0.0,5,1,1,1,0.0
714,2020,1,2018.0,2018-02-19,2018-03-05 00:00:00+00:00,Graduated,25-34,0.0,Unknown,Unknown,Unknown,1,1,0,0,0.0,0,0,1,1,0.0
714,2021,1,2018.0,2018-02-19,2018-03-05 00:00:00+00:00,Graduated,25-34,0.0,Unknown,Unknown,Unknown,1,1,0,0,0.0,0,0,1,1,0.0
714,2022,1,2018.0,2018-02-19,2018-03-05 00:00:00+00:00,Graduated,25-34,0.0,Unknown,Unknown,Unknown,1,1,0,0,0.0,0,0,1,1,0.0
714,2023,1,2018.0,2018-02-19,2018-03-05 00:00:00+00:00,Graduated,25-34,0.0,Unknown,Unknown,Unknown,1,1,0,0,0.0,0,0,1,1,0.0
714,2024,1,2018.0,2018-02-19,2018-03-05 00:00:00+00:00,Graduated,25-34,0.0,Unknown,Unknown,Unknown,1,1,0,0,0.0,0,0,1,1,0.0
707,2017,0,2018.0,2018-01-15,2018-03-19 00:00:00+00:00,Non Graduated,25-34,0.0,Unknown,Unknown,Unknown,0,0,0,1,10252.992699703474,0,0,1,1,0.0
707,2018,0,2018.0,2018-01-15,2018-03-19 00:00:00+00:00,Non Graduated,25-34,0.0,Unknown,Unknown,Unknown,1,0,1,1,7035.244453956731,2,1,1,1,0.0
707,2019,0,2018.0,2018-01-15,2018-03-19 00:00:00+00:00,Non Graduated,25-34,0.0,Unknown,Unknown,Unknown,1,0,1,1,25654.446983207417,1,1,1,1,0.0
707,2020,0,2018.0,2018-01-15,2018-03-19 00:00:00+00:00,Non Graduated,25-34,0.0,Unknown,Unknown,Unknown,1,0,1,1,21641.988200736847,0,0,1,1,0.0
707,2021,0,2018.0,2018-01-15,2018-03-19 00:00:00+00:00,Non Graduated,25-34,0.0,Unknown,Unknown,Unknown,1,0,1,1,19152.138975493566,0,0,1,1,0.0
707,2022,0,2018.0,2018-01-15,2018-03-19 00:00:00+00:00,Non Graduated,25-34,0.0,Unknown,Unknown,Unknown,1,0,0,0,0.0,0,0,1,1,0.0
707,2023,0,2018.0,2018-01-15,2018-03-19 00:00:00+00:00,Non Graduated,25-34,0.0,Unknown,Unknown,Unknown,1,0,0,0,0.0,0,0,1,1,0.0
707,2024,0,2018.0,2018-01-15,2018-03-19 00:00:00+00:00,Non Graduated,25-34,0.0,Unknown,Unknown,Unknown,1,0,0,0,0.0,0,0,1,1,0.0
1023,2017,0,2019.0,2019-07-08,2019-07-16 00:00:00+00:00,Non Graduated,25-34,0.0,Unknown,Unknown,Unknown,0,0,0,1,2258.8263422531377,0,0,0,0,0.0
1023,2018,0,2019.0,2019-07-08,2019-07-16 00:00:00+00:00,Non Graduated,25-34,0.0,Unknown,Unknown,Unknown,0,0,0,1,4749.404992422213,0,0,0,0,0.0
1023,2019,0,2019.0,2019-07-08,2019-07-16 00:00:00+00:00,Non Graduated,25-34,0.0,Unknown,Unknown,Unknown,1,0,0,1,6185.170252467645,0,0,0,0,0.0
1023,2020,0,2019.0,2019-07-08,2019-07-16 00:00:00+00:00,Non Graduated,25-34,0.0,Unknown,Unknown,Unknown,1,0,0,1,2062.726776824283,0,0,0,0,0.0
1023,2021,0,2019.0,2019-07-08,2019-07-16 00:00:00+00:00,Non Graduated,25-34,0.0,Unknown,Unknown,Unknown,1,0,0,0,0.0,0,0,0,0,0.0
1023,2022,0,2019.0,2019-07-08,2019-07-16 00:00:00+00:00,Non Graduated,25-34,0.0,Unknown,Unknown,Unknown,1,0,0,0,0.0,0,0,0,0,0.0
1023,2023,0,2019.0,2019-07-08,2019-07-16 00:00:00+00:00,Non Graduated,25-34,0.0,Unknown,Unknown,Unknown,1,0,0,0,0.0,0,0,0,0,0.0
1023,2024,0,2019.0,2019-07-08,2019-07-16 00:00:00+00:00,Non Graduated,25-34,0.0,Unknown,Unknown,Unknown,1,0,0,0,0.0,0,0,0,0,0.0
1199,2017,1,2021.0,2020-06-15,2021-02-26 00:00:00+00:00,Graduated,25-34,0.0,Unknown,Unknown,Unknown,0,0,0,1,13947.951361271473,5,1,1,0,0.0
1199,2018,1,2021.0,2020-06-15,2021-02-26 00:00:00+00:00,Graduated,25-34,0.0,Unknown,Unknown,Unknown,0,0,0,0,0.0,0,0,1,1,0.0
1199,2019,1,2021.0,2020-06-15,2021-02-26 00:00:00+00:00,Graduated,25-34,0.0,Unknown,Unknown,Unknown,0,0,0,1,6818.432907609331,0,0,1,1,0.0
1199,2020,1,2021.0,2020-06-15,2021-02-26 00:00:00+00:00,Graduated,25-34,0.0,Unknown,Unknown,Unknown,0,0,1,1,31710.792749716093,0,0,1,1,0.0
1199,2021,1,2021.0,2020-06-15,2021-02-26 00:00:00+00:00,Graduated,25-34,0.0,Unknown,Unknown,Unknown,1,1,1,1,75701.2634619293,0,0,1,1,0.0
1199,2022,1,2021.0,2020-06-15,2021-02-26 00:00:00+00:00,Graduated,25-34,0.0,Unknown,Unknown,Unknown,1,1,1,1,81508.51717567167,0,0,1,1,0.0
1199,2023,1,2021.0,2020-06-15,2021-02-26 00:00:00+00:00,Graduated,25-34,0.0,Unknown,Unknown,Unknown,1,1,0,1,26026.482244002764,0,0,1,1,0.0
1199,2024,1,2021.0,2020-06-15,2021-02-26 00:00:00+00:00,Graduated,25-34,0.0,Unknown,Unknown,Unknown,1,1,0,0,0.0,0,0,1,1,0.0
736,2017,0,2018.0,2018-03-05,2018-03-21 00:00:00+00:00,Non Graduated,25-34,0.0,Unknown,Unknown,Unknown,0,0,0,1,8785.541711856495,0,0,0,0,0.0
736,2018,0,2018.0,2018-03-05,2018-03-21 00:00:00+00:00,Non Graduated,25-34,0.0,Unknown,Unknown,Unknown,1,0,0,1,9519.727296217234,0,0,0,0,0.0
736,2019,0,2018.0,2018-03-05,2018-03-21 00:00:00+00:00,Non Graduated,25-34,0.0,Unknown,Unknown,Unknown,1,0,0,1,4528.051738381288,0,0,0,0,0.0
736,2020,0,2018.0,2018-03-05,2018-03-21 00:00:00+00:00,Non Graduated,25-34,0.0,Unknown,Unknown,Unknown,1,0,0,1,2654.384232365145,0,0,0,0,0.0
736,2021,0,2018.0,2018-03-05,2018-03-21 00:00:00+00:00,Non Graduated,25-34,0.0,Unknown,Unknown,Unknown,1,0,0,1,9887.325723088412,0,0,0,0,0.0
736,2022,0,2018.0,2018-03-05,2018-03-21 00:00:00+00:00,Non Graduated,25-34,0.0,Unknown,Unknown,Unknown,1,0,1,1,47328.90725693788,0,0,0,0,0.0
736,2023,0,2018.0,2018-03-05,2018-03-21 00:00:00+00:00,Non Graduated,25-34,0.0,Unknown,Unknown,Unknown,1,0,0,1,143.86367431320318,0,0,0,0,0.0
736,2024,0,2018.0,2018-03-05,2018-03-21 00:00:00+00:00,Non Graduated,25-34,0.0,Unknown,Unknown,Unknown,1,0,0,1,32711.829262236868,0,0,0,0,0.0
1298,2017,1,2021.0,2021-02-16,2021-03-16 00:00:00+00:00,Graduated,25-34,0.0,Unknown,Unknown,Unknown,0,0,1,1,8809.457964426727,0,0,0,0,0.0
1298,2018,1,2021.0,2021-02-16,2021-03-16 00:00:00+00:00,Graduated,25-34,0.0,Unknown,Unknown,Unknown,0,0,0,1,2464.3856531031925,0,0,0,0,0.0
1298,2019,1,2021.0,2021-02-16,2021-03-16 00:00:00+00:00,Graduated,25-34,0.0,Unknown,Unknown,Unknown,0,0,1,1,9999.54382671748,0,0,0,0,0.0
1298,2020,1,2021.0,2021-02-16,2021-03-16 00:00:00+00:00,Graduated,25-34,0.0,Unknown,Unknown,Unknown,0,0,0,1,2984.730412934828,0,0,0,0,0.0
1298,2021,1,2021.0,2021-02-16,2021-03-16 00:00:00+00:00,Graduated,25-34,0.0,Unknown,Unknown,Unknown,1,1,0,1,2060.3263904983273,0,0,0,0,0.0
1298,2022,1,2021.0,2021-02-16,2021-03-16 00:00:00+00:00,Graduated,25-34,0.0,Unknown,Unknown,Unknown,1,1,0,0,0.0,0,0,0,0,0.0
1298,2023,1,2021.0,2021-02-16,2021-03-16 00:00:00+00:00,Graduated,25-34,0.0,Unknown,Unknown,Unknown,1,1,0,0,0.0,0,0,0,0,0.0
1298,2024,1,2021.0,2021-02-16,2021-03-16 00:00:00+00:00,Graduated,25-34,0.0,Unknown,Unknown,Unknown,1,1,0,0,0.0,0,0,0,0,0.0
702,2017,0,2018.0,2018-01-15,2018-03-26 00:00:00+00:00,Non Graduated,25-34,0.0,Unknown,Unknown,Unknown,0,0,0,1,859.6782301114697,0,0,0,0,0.0
702,2018,0,2018.0,2018-01-15,2018-03-26 00:00:00+00:00,Non Graduated,25-34,0.0,Unknown,Unknown,Unknown,1,0,0,1,4070.1536499288923,0,0,0,0,0.0
702,2019,0,2018.0,2018-01-15,2018-03-26 00:00:00+00:00,Non Graduated,25-34,0.0,Unknown,Unknown,Unknown,1,0,1,1,1950.260351445584,0,0,0,0,0.0
702,2020,0,2018.0,2018-01-15,2018-03-26 00:00:00+00:00,Non Graduated,25-34,0.0,Unknown,Unknown,Unknown,1,0,0,1,265.19182767290215,0,0,0,0,0.0
702,2021,0,2018.0,2018-01-15,2018-03-26 00:00:00+00:00,Non Graduated,25-34,0.0,Unknown,Unknown,Unknown,1,0,0,0,0.0,0,0,0,0,0.0
702,2022,0,2018.0,2018-01-15,2018-03-26 00:00:00+00:00,Non Graduated,25-34,0.0,Unknown,Unknown,Unknown,1,0,0,0,0.0,0,0,0,0,0.0
702,2023,0,2018.0,2018-01-15,2018-03-26 00:00:00+00:00,Non Graduated,25-34,0.0,Unknown,Unknown,Unknown,1,0,0,0,0.0,0,0,0,0,0.0
702,2024,0,2018.0,2018-01-15,2018-03-26 00:00:00+00:00,Non Graduated,25-34,0.0,Unknown,Unknown,Unknown,1,0,0,0,0.0,0,0,0,0,0.0
775,2017,0,2018.0,2018-06-04,2018-06-14 00:00:00+00:00,Non Graduated,25-34,0.0,Unknown,Unknown,Unknown,0,0,0,1,8602.696913559921,0,0,0,0,0.0
775,2018,0,2018.0,2018-06-04,2018-06-14 00:00:00+00:00,Non Graduated,25-34,0.0,Unknown,Unknown,Unknown,1,0,1,1,17346.769799449754,0,0,0,0,0.0
775,2019,0,2018.0,2018-06-04,2018-06-14 00:00:00+00:00,Non Graduated,25-34,0.0,Unknown,Unknown,Unknown,1,0,1,1,22401.78393550533,0,0,0,0,0.0
775,2020,0,2018.0,2018-06-04,2018-06-14 00:00:00+00:00,Non Graduated,25-34,0.0,Unknown,Unknown,Unknown,1,0,1,1,28281.822621120686,0,0,0,0,0.0
775,2021,0,2018.0,2018-06-04,2018-06-14 00:00:00+00:00,Non Graduated,25-34,0.0,Unknown,Unknown,Unknown,1,0,1,1,39035.415677291836,0,0,0,0,0.0
775,2022,0,2018.0,2018-06-04,2018-06-14 00:00:00+00:00,Non Graduated,25-34,0.0,Unknown,Unknown,Unknown,1,0,1,1,30637.82837321754,0,0,0,0,0.0
775,2023,0,2018.0,2018-06-04,2018-06-14 00:00:00+00:00,Non Graduated,25-34,0.0,Unknown,Unknown,Unknown,1,0,1,1,39685.26798019021,0,0,0,0,0.0
775,2024,0,2018.0,2018-06-04,2018-06-14 00:00:00+00:00,Non Graduated,25-34,0.0,Unknown,Unknown,Unknown,1,0,0,1,29363.66428816574,0,0,0,0,0.0
672,2017,1,2018.0,2017-10-30,2018-01-12 00:00:00+00:00,Graduated,25-34,0.0,Unknown,Unknown,Unknown,0,0,0,1,16306.627740072736,0,0,0,0,0.0
672,2018,1,2018.0,2017-10-30,2018-01-12 00:00:00+00:00,Graduated,25-34,0.0,Unknown,Unknown,Unknown,1,1,0,1,6965.839158082741,0,0,0,0,0.0
672,2019,1,2018.0,2017-10-30,2018-01-12 00:00:00+00:00,Graduated,25-34,0.0,Unknown,Unknown,Unknown,1,1,0,0,0.0,0,0,0,0,0.0
672,2020,1,2018.0,2017-10-30,2018-01-12 00:00:00+00:00,Graduated,25-34,0.0,Unknown,Unknown,Unknown,1,1,0,1,517.542879519645,0,0,0,0,0.0
672,2021,1,2018.0,2017-10-30,2018-01-12 00:00:00+00:00,Graduated,25-34,0.0,Unknown,Unknown,Unknown,1,1,0,1,9745.355339747026,0,0,0,0,0.0
672,2022,1,2018.0,2017-10-30,2018-01-12 00:00:00+00:00,Graduated,25-34,0.0,Unknown,Unknown,Unknown,1,1,0,0,0.0,3,1,1,0,0.0
672,2023,1,2018.0,2017-10-30,2018-01-12 00:00:00+00:00,Graduated,25-34,0.0,Unknown,Unknown,Unknown,1,1,1,1,22052.352992634478,0,0,1,1,0.0
672,2024,1,2018.0,2017-10-30,2018-01-12 00:00:00+00:00,Graduated,25-34,0.0,Unknown,Unknown,Unknown,1,1,0,1,5879.690743478623,0,0,1,1,0.0
843,2017,0,2018.0,2018-10-01,2018-10-17 00:00:00+00:00,Non Graduated,25-34,0.0,Unknown,Unknown,Unknown,0,0,0,0,0.0,0,0,0,0,0.0
843,2018,0,2018.0,2018-10-01,2018-10-17 00:00:00+00:00,Non Graduated,25-34,0.0,Unknown,Unknown,Unknown,1,0,0,1,713.2355212123402,0,0,0,0,0.0
843,2019,0,2018.0,2018-10-01,2018-10-17 00:00:00+00:00,Non Graduated,25-34,0.0,Unknown,Unknown,Unknown,1,0,0,1,1096.318833054028,0,0,0,0,0.0
843,2020,0,2018.0,2018-10-01,2018-10-17 00:00:00+00:00,Non Graduated,25-34,0.0,Unknown,Unknown,Unknown,1,0,0,1,4364.096997848767,0,0,0,0,0.0
843,2021,0,2018.0,2018-10-01,2018-10-17 00:00:00+00:00,Non Graduated,25-34,0.0,Unknown,Unknown,Unknown,1,0,0,0,0.0,0,0,0,0,0.0
843,2022,0,2018.0,2018-10-01,2018-10-17 00:00:00+00:00,Non Graduated,25-34,0.0,Unknown,Unknown,Unknown,1,0,0,0,0.0,0,0,0,0,0.0
843,2023,0,2018.0,2018-10-01,2018-10-17 00:00:00+00:00,Non Graduated,25-34,0.0,Unknown,Unknown,Unknown,1,0,0,0,0.0,0,0,0,0,0.0
843,2024,0,2018.0,2018-10-01,2018-10-17 00:00:00+00:00,Non Graduated,25-34,0.0,Unknown,Unknown,Unknown,1,0,0,0,0.0,0,0,0,0,0.0
1418,2017,0,2021.0,2021-08-23,2021-09-01 00:00:00+00:00,Non Graduated,25-34,0.0,Unknown,Unknown,Unknown,0,0,0,1,1291.6509766646054,0,0,0,0,0.0
1418,2018,0,2021.0,2021-08-23,2021-09-01 00:00:00+00:00,Non Graduated,25-34,0.0,Unknown,Unknown,Unknown,0,0,0,0,0.0,0,0,0,0,0.0
1418,2019,0,2021.0,2021-08-23,2021-09-01 00:00:00+00:00,Non Graduated,25-34,0.0,Unknown,Unknown,Unknown,0,0,0,0,0.0,0,0,0,0,0.0
1418,2020,0,2021.0,2021-08-23,2021-09-01 00:00:00+00:00,Non Graduated,25-34,0.0,Unknown,Unknown,Unknown,0,0,0,1,17424.07060576274,0,0,0,0,0.0
1418,2021,0,2021.0,2021-08-23,2021-09-01 00:00:00+00:00,Non Graduated,25-34,0.0,Unknown,Unknown,Unknown,1,0,0,1,11763.04988537403,0,0,0,0,0.0
1418,2022,0,2021.0,2021-08-23,2021-09-01 00:00:00+00:00,Non Graduated,25-34,0.0,Unknown,Unknown,Unknown,1,0,0,1,5026.731951954823,0,0,0,0,0.0
1418,2023,0,2021.0,2021-08-23,2021-09-01 00:00:00+00:00,Non Graduated,25-34,0.0,Unknown,Unknown,Unknown,1,0,0,1,654.9748076385519,0,0,0,0,0.0
1418,2024,0,2021.0,2021-08-23,2021-09-01 00:00:00+00:00,Non Graduated,25-34,0.0,Unknown,Unknown,Unknown,1,0,0,1,47.446435903556925,0,0,0,0,0.0
757,2017,1,2018.0,2018-04-09,2018-06-22 00:00:00+00:00,Graduated,25-34,0.0,Unknown,Unknown,Unknown,0,0,0,0,0.0,0,0,1,1,0.0
757,2018,1,2018.0,2018-04-09,2018-06-22 00:00:00+00:00,Graduated,25-34,0.0,Unknown,Unknown,Unknown,1,1,0,1,1671.211433196823,1,1,1,1,0.0
757,2019,1,2018.0,2018-04-09,2018-06-22 00:00:00+00:00,Graduated,25-34,0.0,Unknown,Unknown,Unknown,1,1,0,1,11673.408743287888,0,0,1,1,0.0
757,2020,1,2018.0,2018-04-09,2018-06-22 00:00:00+00:00,Graduated,25-34,0.0,Unknown,Unknown,Unknown,1,1,0,0,0.0,1,1,1,1,0.0
757,2021,1,2018.0,2018-04-09,2018-06-22 00:00:00+00:00,Graduated,25-34,0.0,Unknown,Unknown,Unknown,1,1,0,1,17130.401134315114,0,0,1,1,0.0
757,2022,1,2018.0,2018-04-09,2018-06-22 00:00:00+00:00,Graduated,25-34,0.0,Unknown,Unknown,Unknown,1,1,0,1,4784.661187322611,0,0,1,1,0.0
757,2023,1,2018.0,2018-04-09,2018-06-22 00:00:00+00:00,Graduated,25-34,0.0,Unknown,Unknown,Unknown,1,1,0,0,0.0,0,0,1,1,0.0
757,2024,1,2018.0,2018-04-09,2018-06-22 00:00:00+00:00,Graduated,25-34,0.0,Unknown,Unknown,Unknown,1,1,0,0,0.0,0,0,1,1,0.0
812,2017,1,2018.0,2018-07-30,2018-09-19 00:00:00+00:00,Graduated,25-34,0.0,Unknown,Unknown,Unknown,0,0,0,1,5330.313524179651,1,1,1,0,0.0
812,2018,1,2018.0,2018-07-30,2018-09-19 00:00:00+00:00,Graduated,25-34,0.0,Unknown,Unknown,Unknown,1,1,1,1,4395.771135972937,0,0,1,1,0.0
812,2019,1,2018.0,2018-07-30,2018-09-19 00:00:00+00:00,Graduated,25-34,0.0,Unknown,Unknown,Unknown,1,1,1,1,16750.45188259677,0,0,1,1,0.0
812,2020,1,2018.0,2018-07-30,2018-09-19 00:00:00+00:00,Graduated,25-34,0.0,Unknown,Unknown,Unknown,1,1,1,1,15333.527823698918,0,0,1,1,0.0
812,2021,1,2018.0,2018-07-30,2018-09-19 00:00:00+00:00,Graduated,25-34,0.0,Unknown,Unknown,Unknown,1,1,1,1,13830.363784456225,0,0,1,1,0.0
812,2022,1,2018.0,2018-07-30,2018-09-19 00:00:00+00:00,Graduated,25-34,0.0,Unknown,Unknown,Unknown,1,1,1,1,26557.420763532333,0,0,1,1,0.0
812,2023,1,2018.0,2018-07-30,2018-09-19 00:00:00+00:00,Graduated,25-34,0.0,Unknown,Unknown,Unknown,1,1,1,1,28665.352768902307,0,0,1,1,0.0
812,2024,1,2018.0,2018-07-30,2018-09-19 00:00:00+00:00,Graduated,25-34,0.0,Unknown,Unknown,Unknown,1,1,0,1,11672.147184210793,0,0,1,1,0.0
1055,2017,0,2019.0,2019-09-16,2019-09-30 00:00:00+00:00,Non Graduated,25-34,0.0,Unknown,Unknown,Unknown,0,0,0,0,0.0,0,0,0,0,0.0
1055,2018,0,2019.0,2019-09-16,2019-09-30 00:00:00+00:00,Non Graduated,25-34,0.0,Unknown,Unknown,Unknown,0,0,0,0,0.0,0,0,0,0,0.0
1055,2019,0,2019.0,2019-09-16,2019-09-30 00:00:00+00:00,Non Graduated,25-34,0.0,Unknown,Unknown,Unknown,1,0,0,1,29141.360839637135,0,0,0,0,0.0
1055,2020,0,2019.0,2019-09-16,2019-09-30 00:00:00+00:00,Non Graduated,25-34,0.0,Unknown,Unknown,Unknown,1,0,0,1,1066.3560404687814,0,0,0,0,0.0
1055,2021,0,2019.0,2019-09-16,2019-09-30 00:00:00+00:00,Non Graduated,25-34,0.0,Unknown,Unknown,Unknown,1,0,0,1,9523.41754780299,0,0,0,0,0.0
1055,2022,0,2019.0,2019-09-16,2019-09-30 00:00:00+00:00,Non Graduated,25-34,0.0,Unknown,Unknown,Unknown,1,0,0,1,25378.429044465465,0,0,0,0,0.0
1055,2023,0,2019.0,2019-09-16,2019-09-30 00:00:00+00:00,Non Graduated,25-34,0.0,Unknown,Unknown,Unknown,1,0,0,1,26704.96294676579,0,0,0,0,0.0
1055,2024,0,2019.0,2019-09-16,2019-09-30 00:00:00+00:00,Non Graduated,25-34,0.0,Unknown,Unknown,Unknown,1,0,0,0,0.0,0,0,0,0,0.0
767,2017,1,2018.0,2018-05-07,2018-07-06 00:00:00+00:00,Graduated,25-34,0.0,Unknown,Unknown,Unknown,0,0,0,1,1214.5912608914343,0,0,1,1,0.0
767,2018,1,2018.0,2018-05-07,2018-07-06 00:00:00+00:00,Graduated,25-34,0.0,Unknown,Unknown,Unknown,1,1,0,0,0.0,0,0,1,1,0.0
767,2019,1,2018.0,2018-05-07,2018-07-06 00:00:00+00:00,Graduated,25-34,0.0,Unknown,Unknown,Unknown,1,1,0,1,2886.5161689509446,0,0,1,1,0.0
767,2020,1,2018.0,2018-05-07,2018-07-06 00:00:00+00:00,Graduated,25-34,0.0,Unknown,Unknown,Unknown,1,1,1,1,11423.714895234942,0,0,1,1,0.0
767,2021,1,2018.0,2018-05-07,2018-07-06 00:00:00+00:00,Graduated,25-34,0.0,Unknown,Unknown,Unknown,1,1,0,1,3257.748494144253,0,0,1,1,0.0
767,2022,1,2018.0,2018-05-07,2018-07-06 00:00:00+00:00,Graduated,25-34,0.0,Unknown,Unknown,Unknown,1,1,0,1,2671.7515346774753,0,0,1,1,0.0
767,2023,1,2018.0,2018-05-07,2018-07-06 00:00:00+00:00,Graduated,25-34,0.0,Unknown,Unknown,Unknown,1,1,0,1,223.31077803840495,0,0,1,1,0.0
767,2024,1,2018.0,2018-05-07,2018-07-06 00:00:00+00:00,Graduated,25-34,0.0,Unknown,Unknown,Unknown,1,1,0,0,0.0,0,0,1,1,0.0
216,2017,0,2020.0,2020-10-05,2020-10-05 00:00:00+00:00,Non Graduated,25-34,0.0,Unknown,Unknown,Unknown,0,0,0,0,0.0,0,0,0,0,0.0
216,2018,0,2020.0,2020-10-05,2020-10-05 00:00:00+00:00,Non Graduated,25-34,0.0,Unknown,Unknown,Unknown,0,0,0,0,0.0,0,0,0,0,0.0
216,2019,0,2020.0,2020-10-05,2020-10-05 00:00:00+00:00,Non Graduated,25-34,0.0,Unknown,Unknown,Unknown,0,0,0,1,1467.86007658584,0,0,0,0,0.0
216,2020,0,2020.0,2020-10-05,2020-10-05 00:00:00+00:00,Non Graduated,25-34,0.0,Unknown,Unknown,Unknown,1,0,1,1,36418.60475461222,0,0,0,0,0.0
216,2021,0,2020.0,2020-10-05,2020-10-05 00:00:00+00:00,Non Graduated,25-34,0.0,Unknown,Unknown,Unknown,1,0,0,1,5975.149733649957,0,0,0,0,0.0
216,2022,0,2020.0,2020-10-05,2020-10-05 00:00:00+00:00,Non Graduated,25-34,0.0,Unknown,Unknown,Unknown,1,0,0,1,11374.742142231205,0,0,0,0,0.0
216,2023,0,2020.0,2020-10-05,2020-10-05 00:00:00+00:00,Non Graduated,25-34,0.0,Unknown,Unknown,Unknown,1,0,0,1,3185.787460038054,0,0,0,0,0.0
216,2024,0,2020.0,2020-10-05,2020-10-05 00:00:00+00:00,Non Graduated,25-34,0.0,Unknown,Unknown,Unknown,1,0,0,1,13898.621096129575,0,0,0,0,0.0
699,2017,1,2018.0,2018-01-08,2018-03-16 00:00:00+00:00,Graduated,25-34,0.0,Unknown,Unknown,Unknown,0,0,1,1,19806.91067031945,0,0,1,1,0.0
699,2018,1,2018.0,2018-01-08,2018-03-16 00:00:00+00:00,Graduated,25-34,0.0,Unknown,Unknown,Unknown,1,1,0,1,7579.38896150044,1,1,1,1,0.0
699,2019,1,2018.0,2018-01-08,2018-03-16 00:00:00+00:00,Graduated,25-34,0.0,Unknown,Unknown,Unknown,1,1,1,1,27649.675377059473,0,0,1,1,0.0
699,2020,1,2018.0,2018-01-08,2018-03-16 00:00:00+00:00,Graduated,25-34,0.0,Unknown,Unknown,Unknown,1,1,1,1,18655.43702198458,0,0,1,1,0.0
699,2021,1,2018.0,2018-01-08,2018-03-16 00:00:00+00:00,Graduated,25-34,0.0,Unknown,Unknown,Unknown,1,1,1,1,34061.36618113499,0,0,1,1,0.0
699,2022,1,2018.0,2018-01-08,2018-03-16 00:00:00+00:00,Graduated,25-34,0.0,Unknown,Unknown,Unknown,1,1,1,1,42845.482759475424,0,0,1,1,0.0
699,2023,1,2018.0,2018-01-08,2018-03-16 00:00:00+00:00,Graduated,25-34,0.0,Unknown,Unknown,Unknown,1,1,1,1,24896.28545311138,0,0,1,1,0.0
699,2024,1,2018.0,2018-01-08,2018-03-16 00:00:00+00:00,Graduated,25-34,0.0,Unknown,Unknown,Unknown,1,1,0,1,28457.040806865767,0,0,1,1,0.0
1230,2017,0,2020.0,2020-07-27,2020-09-10 00:00:00+00:00,Non Graduated,25-34,0.0,Unknown,Unknown,Unknown,0,0,0,1,729.5434521588161,0,0,0,0,0.0
1230,2018,0,2020.0,2020-07-27,2020-09-10 00:00:00+00:00,Non Graduated,25-34,0.0,Unknown,Unknown,Unknown,0,0,0,0,0.0,0,0,0,0,0.0
1230,2019,0,2020.0,2020-07-27,2020-09-10 00:00:00+00:00,Non Graduated,25-34,0.0,Unknown,Unknown,Unknown,0,0,0,0,0.0,0,0,0,0,0.0
1230,2020,0,2020.0,2020-07-27,2020-09-10 00:00:00+00:00,Non Graduated,25-34,0.0,Unknown,Unknown,Unknown,1,0,0,1,2048.916676675125,0,0,0,0,0.0
1230,2021,0,2020.0,2020-07-27,2020-09-10 00:00:00+00:00,Non Graduated,25-34,0.0,Unknown,Unknown,Unknown,1,0,0,1,3444.4140277079523,0,0,0,0,0.0
1230,2022,0,2020.0,2020-07-27,2020-09-10 00:00:00+00:00,Non Graduated,25-34,0.0,Unknown,Unknown,Unknown,1,0,0,1,13977.667389589333,0,0,0,0,0.0
1230,2023,0,2020.0,2020-07-27,2020-09-10 00:00:00+00:00,Non Graduated,25-34,0.0,Unknown,Unknown,Unknown,1,0,1,1,40964.65734692356,0,0,0,0,0.0
1230,2024,0,2020.0,2020-07-27,2020-09-10 00:00:00+00:00,Non Graduated,25-34,0.0,Unknown,Unknown,Unknown,1,0,0,1,34856.88515905341,0,0,0,0,0.0
886,2017,1,2019.0,2018-12-03,2019-02-08 00:00:00+00:00,Graduated,25-34,0.0,Unknown,Unknown,Unknown,0,0,0,1,231.2763114179187,0,0,0,0,0.0
886,2018,1,2019.0,2018-12-03,2019-02-08 00:00:00+00:00,Graduated,25-34,0.0,Unknown,Unknown,Unknown,0,0,0,1,852.8935855844408,0,0,0,0,0.0
886,2019,1,2019.0,2018-12-03,2019-02-08 00:00:00+00:00,Graduated,25-34,0.0,Unknown,Unknown,Unknown,1,1,0,1,388.4143415696909,0,0,0,0,0.0
886,2020,1,2019.0,2018-12-03,2019-02-08 00:00:00+00:00,Graduated,25-34,0.0,Unknown,Unknown,Unknown,1,1,0,1,144.3148414045164,0,0,0,0,0.0
886,2021,1,2019.0,2018-12-03,2019-02-08 00:00:00+00:00,Graduated,25-34,0.0,Unknown,Unknown,Unknown,1,1,0,1,466.61340763938733,0,0,0,0,0.0
886,2022,1,2019.0,2018-12-03,2019-02-08 00:00:00+00:00,Graduated,25-34,0.0,Unknown,Unknown,Unknown,1,1,1,1,1949.2895137600185,0,0,0,0,0.0
886,2023,1,2019.0,2018-12-03,2019-02-08 00:00:00+00:00,Graduated,25-34,0.0,Unknown,Unknown,Unknown,1,1,1,1,1828.2110464525008,0,0,0,0,0.0
886,2024,1,2019.0,2018-12-03,2019-02-08 00:00:00+00:00,Graduated,25-34,0.0,Unknown,Unknown,Unknown,1,1,0,1,1318.270551544577,0,0,0,0,0.0
1484,2017,0,2022.0,2021-12-13,2022-01-28 00:00:00+00:00,Non Graduated,25-34,0.0,Unknown,Unknown,Unknown,0,0,0,0,0.0,0,0,0,0,0.0
1484,2018,0,2022.0,2021-12-13,2022-01-28 00:00:00+00:00,Non Graduated,25-34,0.0,Unknown,Unknown,Unknown,0,0,0,1,481.11570534125684,1,1,1,0,0.0
1484,2019,0,2022.0,2021-12-13,2022-01-28 00:00:00+00:00,Non Graduated,25-34,0.0,Unknown,Unknown,Unknown,0,0,0,0,0.0,0,0,1,1,0.0
1484,2020,0,2022.0,2021-12-13,2022-01-28 00:00:00+00:00,Non Graduated,25-34,0.0,Unknown,Unknown,Unknown,0,0,0,0,0.0,0,0,1,1,0.0
1484,2021,0,2022.0,2021-12-13,2022-01-28 00:00:00+00:00,Non Graduated,25-34,0.0,Unknown,Unknown,Unknown,0,0,0,1,5403.93661867383,0,0,1,1,0.0
1484,2022,0,2022.0,2021-12-13,2022-01-28 00:00:00+00:00,Non Graduated,25-34,0.0,Unknown,Unknown,Unknown,1,0,0,1,3657.53252128666,0,0,1,1,0.0
1484,2023,0,2022.0,2021-12-13,2022-01-28 00:00:00+00:00,Non Graduated,25-34,0.0,Unknown,Unknown,Unknown,1,0,0,0,0.0,0,0,1,1,0.0
1484,2024,0,2022.0,2021-12-13,2022-01-28 00:00:00+00:00,Non Graduated,25-34,0.0,Unknown,Unknown,Unknown,1,0,0,0,0.0,0,0,1,1,0.0
743,2017,1,2018.0,2018-03-19,2018-05-15 00:00:00+00:00,Graduated,25-34,0.0,Unknown,Unknown,Unknown,0,0,0,1,538.4253352656609,0,0,0,0,0.0
743,2018,1,2018.0,2018-03-19,2018-05-15 00:00:00+00:00,Graduated,25-34,0.0,Unknown,Unknown,Unknown,1,1,0,0,0.0,0,0,0,0,0.0
743,2019,1,2018.0,2018-03-19,2018-05-15 00:00:00+00:00,Graduated,25-34,0.0,Unknown,Unknown,Unknown,1,1,0,0,0.0,0,0,0,0,0.0
743,2020,1,2018.0,2018-03-19,2018-05-15 00:00:00+00:00,Graduated,25-34,0.0,Unknown,Unknown,Unknown,1,1,0,0,0.0,0,0,0,0,0.0
743,2021,1,2018.0,2018-03-19,2018-05-15 00:00:00+00:00,Graduated,25-34,0.0,Unknown,Unknown,Unknown,1,1,0,0,0.0,0,0,0,0,0.0
743,2022,1,2018.0,2018-03-19,2018-05-15 00:00:00+00:00,Graduated,25-34,0.0,Unknown,Unknown,Unknown,1,1,0,1,2757.05699095368,0,0,0,0,0.0
743,2023,1,2018.0,2018-03-19,2018-05-15 00:00:00+00:00,Graduated,25-34,0.0,Unknown,Unknown,Unknown,1,1,0,0,0.0,0,0,0,0,0.0
743,2024,1,2018.0,2018-03-19,2018-05-15 00:00:00+00:00,Graduated,25-34,0.0,Unknown,Unknown,Unknown,1,1,0,0,0.0,0,0,0,0,0.0
740,2017,1,2018.0,2018-03-12,2018-05-11 00:00:00+00:00,Graduated,25-34,0.0,Unknown,Unknown,Unknown,0,0,0,1,18678.159970675377,0,0,0,0,0.0
740,2018,1,2018.0,2018-03-12,2018-05-11 00:00:00+00:00,Graduated,25-34,0.0,Unknown,Unknown,Unknown,1,1,1,1,29269.366644153073,0,0,0,0,0.0
740,2019,1,2018.0,2018-03-12,2018-05-11 00:00:00+00:00,Graduated,25-34,0.0,Unknown,Unknown,Unknown,1,1,0,1,38633.17807256735,2,1,1,0,0.0
740,2020,1,2018.0,2018-03-12,2018-05-11 00:00:00+00:00,Graduated,25-34,0.0,Unknown,Unknown,Unknown,1,1,0,0,0.0,0,0,1,1,0.0
740,2021,1,2018.0,2018-03-12,2018-05-11 00:00:00+00:00,Graduated,25-34,0.0,Unknown,Unknown,Unknown,1,1,0,1,43219.21500892717,0,0,1,1,0.0
740,2022,1,2018.0,2018-03-12,2018-05-11 00:00:00+00:00,Graduated,25-34,0.0,Unknown,Unknown,Unknown,1,1,0,1,35642.00450715991,0,0,1,1,0.0
740,2023,1,2018.0,2018-03-12,2018-05-11 00:00:00+00:00,Graduated,25-34,0.0,Unknown,Unknown,Unknown,1,1,0,1,38591.19179997321,0,0,1,1,0.0
740,2024,1,2018.0,2018-03-12,2018-05-11 00:00:00+00:00,Graduated,25-34,0.0,Unknown,Unknown,Unknown,1,1,0,1,32271.397296228253,0,0,1,1,0.0
1388,2017,0,2021.0,2021-07-19,2021-08-13 00:00:00+00:00,Non Graduated,25-34,0.0,Unknown,Unknown,Unknown,0,0,0,0,0.0,0,0,0,0,0.0
1388,2018,0,2021.0,2021-07-19,2021-08-13 00:00:00+00:00,Non Graduated,25-34,0.0,Unknown,Unknown,Unknown,0,0,0,0,0.0,0,0,0,0,0.0
1388,2019,0,2021.0,2021-07-19,2021-08-13 00:00:00+00:00,Non Graduated,25-34,0.0,Unknown,Unknown,Unknown,0,0,0,1,848.6786289663546,0,0,0,0,0.0
1388,2020,0,2021.0,2021-07-19,2021-08-13 00:00:00+00:00,Non Graduated,25-34,0.0,Unknown,Unknown,Unknown,0,0,0,0,0.0,0,0,0,0,0.0
1388,2021,0,2021.0,2021-07-19,2021-08-13 00:00:00+00:00,Non Graduated,25-34,0.0,Unknown,Unknown,Unknown,1,0,0,1,381.6665685177551,0,0,0,0,0.0
1388,2022,0,2021.0,2021-07-19,2021-08-13 00:00:00+00:00,Non Graduated,25-34,0.0,Unknown,Unknown,Unknown,1,0,1,1,37920.66606675973,0,0,0,0,0.0
1388,2023,0,2021.0,2021-07-19,2021-08-13 00:00:00+00:00,Non Graduated,25-34,0.0,Unknown,Unknown,Unknown,1,0,1,1,54730.95643895448,0,0,0,0,0.0
1388,2024,0,2021.0,2021-07-19,2021-08-13 00:00:00+00:00,Non Graduated,25-34,0.0,Unknown,Unknown,Unknown,1,0,0,1,23203.71327574326,0,0,0,0,0.0
789,2017,1,2018.0,2018-06-25,2018-09-04 00:00:00+00:00,Graduated,25-34,0.0,Unknown,Unknown,Unknown,0,0,0,1,2181.944774321791,0,0,0,0,0.0
789,2018,1,2018.0,2018-06-25,2018-09-04 00:00:00+00:00,Graduated,25-34,0.0,Unknown,Unknown,Unknown,1,1,1,1,7133.218890670761,0,0,0,0,0.0
789,2019,1,2018.0,2018-06-25,2018-09-04 00:00:00+00:00,Graduated,25-34,0.0,Unknown,Unknown,Unknown,1,1,1,1,20178.323910049694,0,0,0,0,0.0
789,2020,1,2018.0,2018-06-25,2018-09-04 00:00:00+00:00,Graduated,25-34,0.0,Unknown,Unknown,Unknown,1,1,0,0,0.0,0,0,0,0,0.0
789,2021,1,2018.0,2018-06-25,2018-09-04 00:00:00+00:00,Graduated,25-34,0.0,Unknown,Unknown,Unknown,1,1,0,0,0.0,0,0,0,0,0.0
789,2022,1,2018.0,2018-06-25,2018-09-04 00:00:00+00:00,Graduated,25-34,0.0,Unknown,Unknown,Unknown,1,1,0,1,12798.52861260385,0,0,0,0,0.0
789,2023,1,2018.0,2018-06-25,2018-09-04 00:00:00+00:00,Graduated,25-34,0.0,Unknown,Unknown,Unknown,1,1,0,0,0.0,0,0,0,0,0.0
789,2024,1,2018.0,2018-06-25,2018-09-04 00:00:00+00:00,Graduated,25-34,0.0,Unknown,Unknown,Unknown,1,1,0,0,0.0,0,0,0,0,0.0
1354,2017,0,2021.0,2021-05-03,2021-05-19 00:00:00+00:00,Non Graduated,25-34,0.0,Unknown,Unknown,Unknown,0,0,0,0,0.0,0,0,0,0,0.0
1354,2018,0,2021.0,2021-05-03,2021-05-19 00:00:00+00:00,Non Graduated,25-34,0.0,Unknown,Unknown,Unknown,0,0,0,0,0.0,0,0,0,0,0.0
1354,2019,0,2021.0,2021-05-03,2021-05-19 00:00:00+00:00,Non Graduated,25-34,0.0,Unknown,Unknown,Unknown,0,0,0,0,0.0,0,0,0,0,0.0
1354,2020,0,2021.0,2021-05-03,2021-05-19 00:00:00+00:00,Non Graduated,25-34,0.0,Unknown,Unknown,Unknown,0,0,0,1,15843.801358472967,0,0,0,0,0.0
1354,2021,0,2021.0,2021-05-03,2021-05-19 00:00:00+00:00,Non Graduated,25-34,0.0,Unknown,Unknown,Unknown,1,0,1,1,25778.401294266383,0,0,0,0,0.0
1354,2022,0,2021.0,2021-05-03,2021-05-19 00:00:00+00:00,Non Graduated,25-34,0.0,Unknown,Unknown,Unknown,1,0,1,1,32686.24368157705,0,0,0,0,0.0
1354,2023,0,2021.0,2021-05-03,2021-05-19 00:00:00+00:00,Non Graduated,25-34,0.0,Unknown,Unknown,Unknown,1,0,1,1,54316.494342732425,0,0,0,0,0.0
1354,2024,0,2021.0,2021-05-03,2021-05-19 00:00:00+00:00,Non Graduated,25-34,0.0,Unknown,Unknown,Unknown,1,0,0,1,50775.50884879705,0,0,0,0,0.0
1202,2017,1,2020.0,2020-07-06,2020-09-25 00:00:00+00:00,Graduated,25-34,0.0,Unknown,Unknown,Unknown,0,0,0,0,0.0,0,0,0,0,0.0
1202,2018,1,2020.0,2020-07-06,2020-09-25 00:00:00+00:00,Graduated,25-34,0.0,Unknown,Unknown,Unknown,0,0,0,1,6378.591289763536,0,0,0,0,0.0
1202,2019,1,2020.0,2020-07-06,2020-09-25 00:00:00+00:00,Graduated,25-34,0.0,Unknown,Unknown,Unknown,0,0,0,1,4671.15219545294,0,0,0,0,0.0
1202,2020,1,2020.0,2020-07-06,2020-09-25 00:00:00+00:00,Graduated,25-34,0.0,Unknown,Unknown,Unknown,1,1,0,1,1560.4494443738317,0,0,0,0,0.0
1202,2021,1,2020.0,2020-07-06,2020-09-25 00:00:00+00:00,Graduated,25-34,0.0,Unknown,Unknown,Unknown,1,1,1,1,39836.756743122605,0,0,0,0,0.0
1202,2022,1,2020.0,2020-07-06,2020-09-25 00:00:00+00:00,Graduated,25-34,0.0,Unknown,Unknown,Unknown,1,1,1,1,42018.97139099086,0,0,0,0,0.0
1202,2023,1,2020.0,2020-07-06,2020-09-25 00:00:00+00:00,Graduated,25-34,0.0,Unknown,Unknown,Unknown,1,1,0,1,8787.429951190818,0,0,0,0,0.0
1202,2024,1,2020.0,2020-07-06,2020-09-25 00:00:00+00:00,Graduated,25-34,0.0,Unknown,Unknown,Unknown,1,1,0,1,18271.791100439656,0,0,0,0,0.0
1466,2017,0,2021.0,2021-11-15,2021-12-06 00:00:00+00:00,Non Graduated,25-34,0.0,Unknown,Unknown,Unknown,0,0,0,0,0.0,0,0,0,0,0.0
1466,2018,0,2021.0,2021-11-15,2021-12-06 00:00:00+00:00,Non Graduated,25-34,0.0,Unknown,Unknown,Unknown,0,0,0,0,0.0,0,0,0,0,0.0
1466,2019,0,2021.0,2021-11-15,2021-12-06 00:00:00+00:00,Non Graduated,25-34,0.0,Unknown,Unknown,Unknown,0,0,0,0,0.0,0,0,0,0,0.0
1466,2020,0,2021.0,2021-11-15,2021-12-06 00:00:00+00:00,Non Graduated,25-34,0.0,Unknown,Unknown,Unknown,0,0,0,1,3424.9892964364967,0,0,0,0,0.0
1466,2021,0,2021.0,2021-11-15,2021-12-06 00:00:00+00:00,Non Graduated,25-34,0.0,Unknown,Unknown,Unknown,1,0,0,1,5913.355854059136,0,0,0,0,0.0
1466,2022,0,2021.0,2021-11-15,2021-12-06 00:00:00+00:00,Non Graduated,25-34,0.0,Unknown,Unknown,Unknown,1,0,0,1,3042.811083253094,0,0,0,0,0.0
1466,2023,0,2021.0,2021-11-15,2021-12-06 00:00:00+00:00,Non Graduated,25-34,0.0,Unknown,Unknown,Unknown,1,0,0,1,1833.1717648446947,0,0,0,0,0.0
1466,2024,0,2021.0,2021-11-15,2021-12-06 00:00:00+00:00,Non Graduated,25-34,0.0,Unknown,Unknown,Unknown,1,0,0,0,0.0,0,0,0,0,0.0
717,2017,1,2018.0,2018-02-05,2018-04-27 00:00:00+00:00,Graduated,25-34,0.0,Unknown,Unknown,Unknown,0,0,1,1,18512.468180545493,0,0,0,0,0.0
717,2018,1,2018.0,2018-02-05,2018-04-27 00:00:00+00:00,Graduated,25-34,0.0,Unknown,Unknown,Unknown,1,1,1,1,18102.54594737867,0,0,0,0,0.0
717,2019,1,2018.0,2018-02-05,2018-04-27 00:00:00+00:00,Graduated,25-34,0.0,Unknown,Unknown,Unknown,1,1,1,1,11498.625382502727,0,0,0,0,0.0
717,2020,1,2018.0,2018-02-05,2018-04-27 00:00:00+00:00,Graduated,25-34,0.0,Unknown,Unknown,Unknown,1,1,0,1,630.2427522615887,0,0,0,0,0.0
717,2021,1,2018.0,2018-02-05,2018-04-27 00:00:00+00:00,Graduated,25-34,0.0,Unknown,Unknown,Unknown,1,1,0,1,12101.300419490726,0,0,0,0,0.0
717,2022,1,2018.0,2018-02-05,2018-04-27 00:00:00+00:00,Graduated,25-34,0.0,Unknown,Unknown,Unknown,1,1,1,1,45877.20489746766,0,0,0,0,0.0
717,2023,1,2018.0,2018-02-05,2018-04-27 00:00:00+00:00,Graduated,25-34,0.0,Unknown,Unknown,Unknown,1,1,1,1,26632.204627687126,0,0,0,0,0.0
717,2024,1,2018.0,2018-02-05,2018-04-27 00:00:00+00:00,Graduated,25-34,0.0,Unknown,Unknown,Unknown,1,1,0,1,3738.2162857525864,0,0,0,0,0.0
1319,2017,1,2021.0,2021-03-01,2021-05-06 00:00:00+00:00,Graduated,25-34,0.0,Unknown,Unknown,Unknown,0,0,0,0,0.0,0,0,0,0,0.0
1319,2018,1,2021.0,2021-03-01,2021-05-06 00:00:00+00:00,Graduated,25-34,0.0,Unknown,Unknown,Unknown,0,0,0,0,0.0,0,0,0,0,0.0
1319,2019,1,2021.0,2021-03-01,2021-05-06 00:00:00+00:00,Graduated,25-34,0.0,Unknown,Unknown,Unknown,0,0,0,1,5711.91597961328,0,0,0,0,0.0
1319,2020,1,2021.0,2021-03-01,2021-05-06 00:00:00+00:00,Graduated,25-34,0.0,Unknown,Unknown,Unknown,0,0,1,1,73802.08984059634,0,0,0,0,0.0
1319,2021,1,2021.0,2021-03-01,2021-05-06 00:00:00+00:00,Graduated,25-34,0.0,Unknown,Unknown,Unknown,1,1,1,1,87823.89390566909,0,0,0,0,0.0
1319,2022,1,2021.0,2021-03-01,2021-05-06 00:00:00+00:00,Graduated,25-34,0.0,Unknown,Unknown,Unknown,1,1,1,1,82656.58259939485,0,0,0,0,0.0
1319,2023,1,2021.0,2021-03-01,2021-05-06 00:00:00+00:00,Graduated,25-34,0.0,Unknown,Unknown,Unknown,1,1,1,1,34310.05599275788,0,0,0,0,0.0
1319,2024,1,2021.0,2021-03-01,2021-05-06 00:00:00+00:00,Graduated,25-34,0.0,Unknown,Unknown,Unknown,1,1,0,1,30446.860598917032,0,0,0,0,0.0
1256,2017,1,2020.0,2020-09-28,2020-12-04 00:00:00+00:00,Graduated,25-34,0.0,Unknown,Unknown,Unknown,0,0,1,1,40187.58131272472,0,0,0,0,0.0
1256,2018,1,2020.0,2020-09-28,2020-12-04 00:00:00+00:00,Graduated,25-34,0.0,Unknown,Unknown,Unknown,0,0,0,1,13771.302806360487,0,0,0,0,0.0
1256,2019,1,2020.0,2020-09-28,2020-12-04 00:00:00+00:00,Graduated,25-34,0.0,Unknown,Unknown,Unknown,0,0,0,1,5053.963205500638,0,0,0,0,0.0
1256,2020,1,2020.0,2020-09-28,2020-12-04 00:00:00+00:00,Graduated,25-34,0.0,Unknown,Unknown,Unknown,1,1,0,1,3821.8004343531175,0,0,0,0,0.0
1256,2021,1,2020.0,2020-09-28,2020-12-04 00:00:00+00:00,Graduated,25-34,0.0,Unknown,Unknown,Unknown,1,1,0,1,3169.2854846795813,0,0,0,0,0.0
1256,2022,1,2020.0,2020-09-28,2020-12-04 00:00:00+00:00,Graduated,25-34,0.0,Unknown,Unknown,Unknown,1,1,0,1,2671.542430619301,0,0,0,0,0.0
1256,2023,1,2020.0,2020-09-28,2020-12-04 00:00:00+00:00,Graduated,25-34,0.0,Unknown,Unknown,Unknown,1,1,0,1,14594.966282147976,0,0,0,0,0.0
1256,2024,1,2020.0,2020-09-28,2020-12-04 00:00:00+00:00,Graduated,25-34,0.0,Unknown,Unknown,Unknown,1,1,0,1,8096.075364103708,0,0,0,0,0.0
872,2017,0,2018.0,2018-11-06,2018-12-03 00:00:00+00:00,Non Graduated,25-34,0.0,Unknown,Unknown,Unknown,0,0,0,1,2157.8867339838557,0,0,1,1,0.0
872,2018,0,2018.0,2018-11-06,2018-12-03 00:00:00+00:00,Non Graduated,25-34,0.0,Unknown,Unknown,Unknown,1,0,0,1,1394.3326473831064,0,0,1,1,0.0
872,2019,0,2018.0,2018-11-06,2018-12-03 00:00:00+00:00,Non Graduated,25-34,0.0,Unknown,Unknown,Unknown,1,0,1,1,33159.68737465846,0,0,1,1,0.0
872,2020,0,2018.0,2018-11-06,2018-12-03 00:00:00+00:00,Non Graduated,25-34,0.0,Unknown,Unknown,Unknown,1,0,0,1,20973.043561559032,0,0,1,1,0.0
872,2021,0,2018.0,2018-11-06,2018-12-03 00:00:00+00:00,Non Graduated,25-34,0.0,Unknown,Unknown,Unknown,1,0,0,1,12471.381769222899,0,0,1,1,0.0
872,2022,0,2018.0,2018-11-06,2018-12-03 00:00:00+00:00,Non Graduated,25-34,0.0,Unknown,Unknown,Unknown,1,0,1,1,23048.97577267643,0,0,1,1,0.0
872,2023,0,2018.0,2018-11-06,2018-12-03 00:00:00+00:00,Non Graduated,25-34,0.0,Unknown,Unknown,Unknown,1,0,1,1,35824.209836231836,0,0,1,1,0.0
872,2024,0,2018.0,2018-11-06,2018-12-03 00:00:00+00:00,Non Graduated,25-34,0.0,Unknown,Unknown,Unknown,1,0,0,1,35148.85640243147,0,0,1,1,0.0
1277,2017,1,2021.0,2020-12-01,2021-02-16 00:00:00+00:00,Graduated,25-34,0.0,Unknown,Unknown,Unknown,0,0,0,1,4489.643345309121,0,0,0,0,0.0
1277,2018,1,2021.0,2020-12-01,2021-02-16 00:00:00+00:00,Graduated,25-34,0.0,Unknown,Unknown,Unknown,0,0,0,1,8163.448964859925,0,0,0,0,0.0
1277,2019,1,2021.0,2020-12-01,2021-02-16 00:00:00+00:00,Graduated,25-34,0.0,Unknown,Unknown,Unknown,0,0,0,1,151.3245698008359,0,0,0,0,0.0
1277,2020,1,2021.0,2020-12-01,2021-02-16 00:00:00+00:00,Graduated,25-34,0.0,Unknown,Unknown,Unknown,0,0,0,1,4824.303359963196,0,0,0,0,0.0
1277,2021,1,2021.0,2020-12-01,2021-02-16 00:00:00+00:00,Graduated,25-34,0.0,Unknown,Unknown,Unknown,1,1,1,1,5580.538413397911,0,0,0,0,0.0
1277,2022,1,2021.0,2020-12-01,2021-02-16 00:00:00+00:00,Graduated,25-34,0.0,Unknown,Unknown,Unknown,1,1,1,1,5400.499634975857,0,0,0,0,0.0
1277,2023,1,2021.0,2020-12-01,2021-02-16 00:00:00+00:00,Graduated,25-34,0.0,Unknown,Unknown,Unknown,1,1,0,0,0.0,0,0,0,0,0.0
1277,2024,1,2021.0,2020-12-01,2021-02-16 00:00:00+00:00,Graduated,25-34,0.0,Unknown,Unknown,Unknown,1,1,0,0,0.0,0,0,0,0,0.0
999,2017,1,2019.0,2019-06-04,2019-08-16 00:00:00+00:00,Graduated,25-34,0.0,Unknown,Unknown,Unknown,0,0,0,0,0.0,0,0,0,0,0.0
999,2018,1,2019.0,2019-06-04,2019-08-16 00:00:00+00:00,Graduated,25-34,0.0,Unknown,Unknown,Unknown,0,0,0,1,136.65491523854382,0,0,0,0,0.0
999,2019,1,2019.0,2019-06-04,2019-08-16 00:00:00+00:00,Graduated,25-34,0.0,Unknown,Unknown,Unknown,1,1,0,0,0.0,0,0,0,0,0.0
999,2020,1,2019.0,2019-06-04,2019-08-16 00:00:00+00:00,Graduated,25-34,0.0,Unknown,Unknown,Unknown,1,1,0,0,0.0,0,0,0,0,0.0
999,2021,1,2019.0,2019-06-04,2019-08-16 00:00:00+00:00,Graduated,25-34,0.0,Unknown,Unknown,Unknown,1,1,0,0,0.0,0,0,0,0,0.0
999,2022,1,2019.0,2019-06-04,2019-08-16 00:00:00+00:00,Graduated,25-34,0.0,Unknown,Unknown,Unknown,1,1,0,0,0.0,0,0,0,0,0.0
999,2023,1,2019.0,2019-06-04,2019-08-16 00:00:00+00:00,Graduated,25-34,0.0,Unknown,Unknown,Unknown,1,1,0,0,0.0,0,0,0,0,0.0
999,2024,1,2019.0,2019-06-04,2019-08-16 00:00:00+00:00,Graduated,25-34,0.0,Unknown,Unknown,Unknown,1,1,0,0,0.0,0,0,0,0,0.0
1040,2017,1,2019.0,2019-07-29,2019-10-11 00:00:00+00:00,Graduated,25-34,0.0,Unknown,Unknown,Unknown,0,0,0,0,0.0,0,0,0,0,0.0
1040,2018,1,2019.0,2019-07-29,2019-10-11 00:00:00+00:00,Graduated,25-34,0.0,Unknown,Unknown,Unknown,0,0,0,0,0.0,0,0,0,0,0.0
1040,2019,1,2019.0,2019-07-29,2019-10-11 00:00:00+00:00,Graduated,25-34,0.0,Unknown,Unknown,Unknown,1,1,0,1,5117.3639206390535,0,0,0,0,0.0
1040,2020,1,2019.0,2019-07-29,2019-10-11 00:00:00+00:00,Graduated,25-34,0.0,Unknown,Unknown,Unknown,1,1,0,1,9012.89591640933,0,0,0,0,0.0
1040,2021,1,2019.0,2019-07-29,2019-10-11 00:00:00+00:00,Graduated,25-34,0.0,Unknown,Unknown,Unknown,1,1,1,1,19592.826364213855,0,0,0,0,0.0
1040,2022,1,2019.0,2019-07-29,2019-10-11 00:00:00+00:00,Graduated,25-34,0.0,Unknown,Unknown,Unknown,1,1,1,1,31165.300645334617,0,0,0,0,0.0
1040,2023,1,2019.0,2019-07-29,2019-10-11 00:00:00+00:00,Graduated,25-34,0.0,Unknown,Unknown,Unknown,1,1,1,1,35213.52237008388,0,0,0,0,0.0
1040,2024,1,2019.0,2019-07-29,2019-10-11 00:00:00+00:00,Graduated,25-34,0.0,Unknown,Unknown,Unknown,1,1,0,1,26290.305764806348,0,0,0,0,0.0
1236,2017,1,2020.0,2020-08-10,2020-10-09 00:00:00+00:00,Graduated,25-34,0.0,Unknown,Unknown,Unknown,0,0,0,0,0.0,0,0,1,1,0.0
1236,2018,1,2020.0,2020-08-10,2020-10-09 00:00:00+00:00,Graduated,25-34,0.0,Unknown,Unknown,Unknown,0,0,0,0,0.0,0,0,1,1,0.0
1236,2019,1,2020.0,2020-08-10,2020-10-09 00:00:00+00:00,Graduated,25-34,0.0,Unknown,Unknown,Unknown,0,0,0,0,0.0,0,0,1,1,0.0
1236,2020,1,2020.0,2020-08-10,2020-10-09 00:00:00+00:00,Graduated,25-34,0.0,Unknown,Unknown,Unknown,1,1,0,1,197.1077930379869,0,0,1,1,0.0
1236,2021,1,2020.0,2020-08-10,2020-10-09 00:00:00+00:00,Graduated,25-34,0.0,Unknown,Unknown,Unknown,1,1,0,1,11649.876932434683,1,1,1,1,0.0
1236,2022,1,2020.0,2020-08-10,2020-10-09 00:00:00+00:00,Graduated,25-34,0.0,Unknown,Unknown,Unknown,1,1,0,1,4881.5942526017025,0,0,1,1,0.0
1236,2023,1,2020.0,2020-08-10,2020-10-09 00:00:00+00:00,Graduated,25-34,0.0,Unknown,Unknown,Unknown,1,1,1,1,22610.323378602483,0,0,1,1,0.0
1236,2024,1,2020.0,2020-08-10,2020-10-09 00:00:00+00:00,Graduated,25-34,0.0,Unknown,Unknown,Unknown,1,1,0,1,21335.367992008807,0,0,1,1,0.0
1469,2017,1,2022.0,2021-11-22,2022-01-28 00:00:00+00:00,Graduated,25-34,0.0,Unknown,Unknown,Unknown,0,0,0,1,2319.838738793987,0,0,0,0,0.0
1469,2018,1,2022.0,2021-11-22,2022-01-28 00:00:00+00:00,Graduated,25-34,0.0,Unknown,Unknown,Unknown,0,0,0,1,1611.5972760956183,0,0,0,0,0.0
1469,2019,1,2022.0,2021-11-22,2022-01-28 00:00:00+00:00,Graduated,25-34,0.0,Unknown,Unknown,Unknown,0,0,0,1,4682.719910128499,0,0,0,0,0.0
1469,2020,1,2022.0,2021-11-22,2022-01-28 00:00:00+00:00,Graduated,25-34,0.0,Unknown,Unknown,Unknown,0,0,0,1,3068.2890915612015,0,0,0,0,0.0
1469,2021,1,2022.0,2021-11-22,2022-01-28 00:00:00+00:00,Graduated,25-34,0.0,Unknown,Unknown,Unknown,0,0,1,1,10353.105086797745,0,0,0,0,0.0
1469,2022,1,2022.0,2021-11-22,2022-01-28 00:00:00+00:00,Graduated,25-34,0.0,Unknown,Unknown,Unknown,1,1,1,1,8592.587720879426,0,0,0,0,0.0
1469,2023,1,2022.0,2021-11-22,2022-01-28 00:00:00+00:00,Graduated,25-34,0.0,Unknown,Unknown,Unknown,1,1,1,1,3987.9702266480776,0,0,0,0,0.0
1469,2024,1,2022.0,2021-11-22,2022-01-28 00:00:00+00:00,Graduated,25-34,0.0,Unknown,Unknown,Unknown,1,1,0,1,1074.8809308479358,0,0,0,0,0.0
858,2017,0,2018.0,2018-10-22,2018-11-02 00:00:00+00:00,Non Graduated,25-34,0.0,Unknown,Unknown,Unknown,0,0,0,1,555.3658429861558,0,0,1,1,0.0
858,2018,0,2018.0,2018-10-22,2018-11-02 00:00:00+00:00,Non Graduated,25-34,0.0,Unknown,Unknown,Unknown,1,0,0,0,0.0,0,0,1,1,0.0
858,2019,0,2018.0,2018-10-22,2018-11-02 00:00:00+00:00,Non Graduated,25-34,0.0,Unknown,Unknown,Unknown,1,0,0,1,1668.3533820542157,1,1,1,1,0.0
858,2020,0,2018.0,2018-10-22,2018-11-02 00:00:00+00:00,Non Graduated,25-34,0.0,Unknown,Unknown,Unknown,1,0,0,1,11379.008269263788,0,0,1,1,0.0
858,2021,0,2018.0,2018-10-22,2018-11-02 00:00:00+00:00,Non Graduated,25-34,0.0,Unknown,Unknown,Unknown,1,0,0,1,24191.76057771987,0,0,1,1,0.0
858,2022,0,2018.0,2018-10-22,2018-11-02 00:00:00+00:00,Non Graduated,25-34,0.0,Unknown,Unknown,Unknown,1,0,0,1,4513.023178807946,0,0,1,1,0.0
858,2023,0,2018.0,2018-10-22,2018-11-02 00:00:00+00:00,Non Graduated,25-34,0.0,Unknown,Unknown,Unknown,1,0,0,0,0.0,0,0,1,1,0.0
858,2024,0,2018.0,2018-10-22,2018-11-02 00:00:00+00:00,Non Graduated,25-34,0.0,Unknown,Unknown,Unknown,1,0,0,0,0.0,0,0,1,1,0.0
1385,2017,1,2021.0,2021-07-21,2021-12-16 00:00:00+00:00,Graduated,25-34,0.0,Unknown,Unknown,Unknown,0,0,0,0,0.0,0,0,0,0,0.0
1385,2018,1,2021.0,2021-07-21,2021-12-16 00:00:00+00:00,Graduated,25-34,0.0,Unknown,Unknown,Unknown,0,0,0,0,0.0,0,0,0,0,0.0
1385,2019,1,2021.0,2021-07-21,2021-12-16 00:00:00+00:00,Graduated,25-34,0.0,Unknown,Unknown,Unknown,0,0,0,1,297.60498727497725,0,0,0,0,0.0
1385,2020,1,2021.0,2021-07-21,2021-12-16 00:00:00+00:00,Graduated,25-34,0.0,Unknown,Unknown,Unknown,0,0,0,0,0.0,0,0,0,0,0.0
1385,2021,1,2021.0,2021-07-21,2021-12-16 00:00:00+00:00,Graduated,25-34,0.0,Unknown,Unknown,Unknown,1,1,0,1,8907.79402276174,0,0,0,0,0.0
1385,2022,1,2021.0,2021-07-21,2021-12-16 00:00:00+00:00,Graduated,25-34,0.0,Unknown,Unknown,Unknown,1,1,1,1,10390.888313979478,0,0,0,0,0.0
1385,2023,1,2021.0,2021-07-21,2021-12-16 00:00:00+00:00,Graduated,25-34,0.0,Unknown,Unknown,Unknown,1,1,1,1,4846.220088821703,0,0,0,0,0.0
1385,2024,1,2021.0,2021-07-21,2021-12-16 00:00:00+00:00,Graduated,25-34,0.0,Unknown,Unknown,Unknown,1,1,0,1,1470.1808268124946,0,0,0,0,0.0
933,2017,0,2019.0,2019-02-25,2019-03-15 00:00:00+00:00,Non Graduated,25-34,0.0,Unknown,Unknown,Unknown,0,0,0,1,4726.781239481638,0,0,1,1,0.0
933,2018,0,2019.0,2019-02-25,2019-03-15 00:00:00+00:00,Non Graduated,25-34,0.0,Unknown,Unknown,Unknown,0,0,0,0,0.0,1,1,1,1,0.0
933,2019,0,2019.0,2019-02-25,2019-03-15 00:00:00+00:00,Non Graduated,25-34,0.0,Unknown,Unknown,Unknown,1,0,0,1,16946.075869854598,0,0,1,1,0.0
933,2020,0,2019.0,2019-02-25,2019-03-15 00:00:00+00:00,Non Graduated,25-34,0.0,Unknown,Unknown,Unknown,1,0,0,1,34555.2012439436,0,0,1,1,0.0
933,2021,0,2019.0,2019-02-25,2019-03-15 00:00:00+00:00,Non Graduated,25-34,0.0,Unknown,Unknown,Unknown,1,0,1,1,31489.904969120398,6,1,1,1,0.0
933,2022,0,2019.0,2019-02-25,2019-03-15 00:00:00+00:00,Non Graduated,25-34,0.0,Unknown,Unknown,Unknown,1,0,1,1,50282.00688777808,3,1,1,1,0.0
933,2023,0,2019.0,2019-02-25,2019-03-15 00:00:00+00:00,Non Graduated,25-34,0.0,Unknown,Unknown,Unknown,1,0,0,1,34928.32881851196,0,0,1,1,0.0
933,2024,0,2019.0,2019-02-25,2019-03-15 00:00:00+00:00,Non Graduated,25-34,0.0,Unknown,Unknown,Unknown,1,0,0,0,0.0,0,0,1,1,0.0
1343,2017,1,2021.0,2021-04-19,2021-09-23 00:00:00+00:00,Graduated,25-34,0.0,Unknown,Unknown,Unknown,0,0,0,0,0.0,0,0,0,0,0.0
1343,2018,1,2021.0,2021-04-19,2021-09-23 00:00:00+00:00,Graduated,25-34,0.0,Unknown,Unknown,Unknown,0,0,0,0,0.0,0,0,0,0,0.0
1343,2019,1,2021.0,2021-04-19,2021-09-23 00:00:00+00:00,Graduated,25-34,0.0,Unknown,Unknown,Unknown,0,0,0,0,0.0,0,0,0,0,0.0
1343,2020,1,2021.0,2021-04-19,2021-09-23 00:00:00+00:00,Graduated,25-34,0.0,Unknown,Unknown,Unknown,0,0,0,0,0.0,0,0,0,0,0.0
1343,2021,1,2021.0,2021-04-19,2021-09-23 00:00:00+00:00,Graduated,25-34,0.0,Unknown,Unknown,Unknown,1,1,1,1,8213.599624969676,0,0,0,0,0.0
1343,2022,1,2021.0,2021-04-19,2021-09-23 00:00:00+00:00,Graduated,25-34,0.0,Unknown,Unknown,Unknown,1,1,0,0,0.0,0,0,0,0,0.0
1343,2023,1,2021.0,2021-04-19,2021-09-23 00:00:00+00:00,Graduated,25-34,0.0,Unknown,Unknown,Unknown,1,1,0,0,0.0,0,0,0,0,0.0
1343,2024,1,2021.0,2021-04-19,2021-09-23 00:00:00+00:00,Graduated,25-34,0.0,Unknown,Unknown,Unknown,1,1,0,0,0.0,0,0,0,0,0.0
1213,2017,1,2020.0,2020-07-06,2020-08-17 00:00:00+00:00,Graduated,25-34,0.0,Unknown,Unknown,Unknown,0,0,0,0,0.0,0,0,0,0,0.0
1213,2018,1,2020.0,2020-07-06,2020-08-17 00:00:00+00:00,Graduated,25-34,0.0,Unknown,Unknown,Unknown,0,0,0,1,15541.4561224043,0,0,0,0,0.0
1213,2019,1,2020.0,2020-07-06,2020-08-17 00:00:00+00:00,Graduated,25-34,0.0,Unknown,Unknown,Unknown,0,0,0,1,21313.973481656096,0,0,0,0,0.0
1213,2020,1,2020.0,2020-07-06,2020-08-17 00:00:00+00:00,Graduated,25-34,0.0,Unknown,Unknown,Unknown,1,1,0,0,0.0,0,0,0,0,0.0
1213,2021,1,2020.0,2020-07-06,2020-08-17 00:00:00+00:00,Graduated,25-34,0.0,Unknown,Unknown,Unknown,1,1,0,1,9708.352644567742,0,0,0,0,0.0
1213,2022,1,2020.0,2020-07-06,2020-08-17 00:00:00+00:00,Graduated,25-34,0.0,Unknown,Unknown,Unknown,1,1,0,1,5371.838933681944,0,0,0,0,0.0
1213,2023,1,2020.0,2020-07-06,2020-08-17 00:00:00+00:00,Graduated,25-34,0.0,Unknown,Unknown,Unknown,1,1,1,1,24137.90914989089,0,0,0,0,0.0
1213,2024,1,2020.0,2020-07-06,2020-08-17 00:00:00+00:00,Graduated,25-34,0.0,Unknown,Unknown,Unknown,1,1,0,0,0.0,0,0,0,0,0.0
849,2017,1,2018.0,2018-10-08,2018-10-22 00:00:00+00:00,Graduated,25-34,0.0,Unknown,Unknown,Unknown,0,0,0,0,0.0,5,1,1,1,0.0
849,2018,1,2018.0,2018-10-08,2018-10-22 00:00:00+00:00,Graduated,25-34,0.0,Unknown,Unknown,Unknown,1,1,0,0,0.0,0,0,1,1,0.0
849,2019,1,2018.0,2018-10-08,2018-10-22 00:00:00+00:00,Graduated,25-34,0.0,Unknown,Unknown,Unknown,1,1,0,1,2954.40094709381,0,0,1,1,0.0
849,2020,1,2018.0,2018-10-08,2018-10-22 00:00:00+00:00,Graduated,25-34,0.0,Unknown,Unknown,Unknown,1,1,0,0,0.0,0,0,1,1,0.0
849,2021,1,2018.0,2018-10-08,2018-10-22 00:00:00+00:00,Graduated,25-34,0.0,Unknown,Unknown,Unknown,1,1,0,0,0.0,0,0,1,1,0.0
849,2022,1,2018.0,2018-10-08,2018-10-22 00:00:00+00:00,Graduated,25-34,0.0,Unknown,Unknown,Unknown,1,1,0,0,0.0,0,0,1,1,0.0
849,2023,1,2018.0,2018-10-08,2018-10-22 00:00:00+00:00,Graduated,25-34,0.0,Unknown,Unknown,Unknown,1,1,0,0,0.0,0,0,1,1,0.0
849,2024,1,2018.0,2018-10-08,2018-10-22 00:00:00+00:00,Graduated,25-34,0.0,Unknown,Unknown,Unknown,1,1,0,0,0.0,0,0,1,1,0.0
854,2017,1,2019.0,2018-10-22,2019-01-04 00:00:00+00:00,Graduated,25-34,0.0,Unknown,Unknown,Unknown,0,0,0,1,10728.848635629805,1,1,1,1,0.0
854,2018,1,2019.0,2018-10-22,2019-01-04 00:00:00+00:00,Graduated,25-34,0.0,Unknown,Unknown,Unknown,0,0,0,0,0.0,0,0,1,1,0.0
854,2019,1,2019.0,2018-10-22,2019-01-04 00:00:00+00:00,Graduated,25-34,0.0,Unknown,Unknown,Unknown,1,1,1,1,11205.542729864974,0,0,1,1,0.0
854,2020,1,2019.0,2018-10-22,2019-01-04 00:00:00+00:00,Graduated,25-34,0.0,Unknown,Unknown,Unknown,1,1,1,1,27397.167331066077,0,0,1,1,0.0
854,2021,1,2019.0,2018-10-22,2019-01-04 00:00:00+00:00,Graduated,25-34,0.0,Unknown,Unknown,Unknown,1,1,1,1,34283.97916925146,0,0,1,1,0.0
854,2022,1,2019.0,2018-10-22,2019-01-04 00:00:00+00:00,Graduated,25-34,0.0,Unknown,Unknown,Unknown,1,1,1,1,36262.433605893166,0,0,1,1,0.0
854,2023,1,2019.0,2018-10-22,2019-01-04 00:00:00+00:00,Graduated,25-34,0.0,Unknown,Unknown,Unknown,1,1,1,1,23926.145645661185,0,0,1,1,0.0
854,2024,1,2019.0,2018-10-22,2019-01-04 00:00:00+00:00,Graduated,25-34,0.0,Unknown,Unknown,Unknown,1,1,0,1,30820.947022747234,0,0,1,1,0.0
889,2017,1,2019.0,2018-12-11,2019-02-08 00:00:00+00:00,Graduated,25-34,0.0,Unknown,Unknown,Unknown,0,0,0,0,0.0,0,0,1,1,0.0
889,2018,1,2019.0,2018-12-11,2019-02-08 00:00:00+00:00,Graduated,25-34,0.0,Unknown,Unknown,Unknown,0,0,0,0,0.0,0,0,1,1,0.0
889,2019,1,2019.0,2018-12-11,2019-02-08 00:00:00+00:00,Graduated,25-34,0.0,Unknown,Unknown,Unknown,1,1,0,0,0.0,6,1,1,1,0.0
889,2020,1,2019.0,2018-12-11,2019-02-08 00:00:00+00:00,Graduated,25-34,0.0,Unknown,Unknown,Unknown,1,1,0,1,112.99172849311351,0,0,1,1,0.0
889,2021,1,2019.0,2018-12-11,2019-02-08 00:00:00+00:00,Graduated,25-34,0.0,Unknown,Unknown,Unknown,1,1,0,1,1703.9446058493122,2,1,1,1,0.0
889,2022,1,2019.0,2018-12-11,2019-02-08 00:00:00+00:00,Graduated,25-34,0.0,Unknown,Unknown,Unknown,1,1,0,0,0.0,0,0,1,1,0.0
889,2023,1,2019.0,2018-12-11,2019-02-08 00:00:00+00:00,Graduated,25-34,0.0,Unknown,Unknown,Unknown,1,1,0,1,1855.0814810951078,22,1,1,1,0.0
889,2024,1,2019.0,2018-12-11,2019-02-08 00:00:00+00:00,Graduated,25-34,0.0,Unknown,Unknown,Unknown,1,1,0,1,12176.025468214839,0,0,1,1,0.0
1176,2017,1,2020.0,2020-03-16,2020-06-11 00:00:00+00:00,Graduated,25-34,0.0,Unknown,Unknown,Unknown,0,0,0,0,0.0,0,0,1,1,0.0
1176,2018,1,2020.0,2020-03-16,2020-06-11 00:00:00+00:00,Graduated,25-34,0.0,Unknown,Unknown,Unknown,0,0,0,0,0.0,0,0,1,1,0.0
1176,2019,1,2020.0,2020-03-16,2020-06-11 00:00:00+00:00,Graduated,25-34,0.0,Unknown,Unknown,Unknown,0,0,0,0,0.0,1,1,1,1,0.0
1176,2020,1,2020.0,2020-03-16,2020-06-11 00:00:00+00:00,Graduated,25-34,0.0,Unknown,Unknown,Unknown,1,1,0,1,2425.982247748336,0,0,1,1,0.0
1176,2021,1,2020.0,2020-03-16,2020-06-11 00:00:00+00:00,Graduated,25-34,0.0,Unknown,Unknown,Unknown,1,1,0,1,344.9519448798804,0,0,1,1,0.0
1176,2022,1,2020.0,2020-03-16,2020-06-11 00:00:00+00:00,Graduated,25-34,0.0,Unknown,Unknown,Unknown,1,1,0,0,0.0,0,0,1,1,0.0
1176,2023,1,2020.0,2020-03-16,2020-06-11 00:00:00+00:00,Graduated,25-34,0.0,Unknown,Unknown,Unknown,1,1,0,0,0.0,0,0,1,1,0.0
1176,2024,1,2020.0,2020-03-16,2020-06-11 00:00:00+00:00,Graduated,25-34,0.0,Unknown,Unknown,Unknown,1,1,0,0,0.0,0,0,1,1,0.0
418,2017,0,2018.0,2016-10-08,2018-10-22 00:00:00+00:00,Non Graduated,25-34,0.0,Unknown,Unknown,Unknown,0,0,0,1,22225.10712483161,0,0,1,1,0.0
418,2018,0,2018.0,2016-10-08,2018-10-22 00:00:00+00:00,Non Graduated,25-34,0.0,Unknown,Unknown,Unknown,1,0,1,1,18994.52176125402,0,0,1,1,0.0
418,2019,0,2018.0,2016-10-08,2018-10-22 00:00:00+00:00,Non Graduated,25-34,0.0,Unknown,Unknown,Unknown,1,0,0,1,2446.0507499601376,0,0,1,1,0.0
418,2020,0,2018.0,2016-10-08,2018-10-22 00:00:00+00:00,Non Graduated,25-34,0.0,Unknown,Unknown,Unknown,1,0,0,1,31888.129763843644,0,0,1,1,0.0
418,2021,0,2018.0,2016-10-08,2018-10-22 00:00:00+00:00,Non Graduated,25-34,0.0,Unknown,Unknown,Unknown,1,0,1,1,51399.28565674208,0,0,1,1,0.0
418,2022,0,2018.0,2016-10-08,2018-10-22 00:00:00+00:00,Non Graduated,25-34,0.0,Unknown,Unknown,Unknown,1,0,1,1,70715.1578971553,0,0,1,1,0.0
418,2023,0,2018.0,2016-10-08,2018-10-22 00:00:00+00:00,Non Graduated,25-34,0.0,Unknown,Unknown,Unknown,1,0,0,1,36580.234474889134,0,0,1,1,0.0
418,2024,0,2018.0,2016-10-08,2018-10-22 00:00:00+00:00,Non Graduated,25-34,0.0,Unknown,Unknown,Unknown,1,0,0,1,54349.31798075832,0,0,1,1,0.0
1362,2017,0,2021.0,2021-05-10,2021-05-21 00:00:00+00:00,Non Graduated,25-34,0.0,Unknown,Unknown,Unknown,0,0,0,0,0.0,0,0,1,1,0.0
1362,2018,0,2021.0,2021-05-10,2021-05-21 00:00:00+00:00,Non Graduated,25-34,0.0,Unknown,Unknown,Unknown,0,0,0,0,0.0,0,0,1,1,0.0
1362,2019,0,2021.0,2021-05-10,2021-05-21 00:00:00+00:00,Non Graduated,25-34,0.0,Unknown,Unknown,Unknown,0,0,0,0,0.0,1,1,1,1,0.0
1362,2020,0,2021.0,2021-05-10,2021-05-21 00:00:00+00:00,Non Graduated,25-34,0.0,Unknown,Unknown,Unknown,0,0,0,0,0.0,1,1,1,1,0.0
1362,2021,0,2021.0,2021-05-10,2021-05-21 00:00:00+00:00,Non Graduated,25-34,0.0,Unknown,Unknown,Unknown,1,0,0,0,0.0,0,0,1,1,0.0
1362,2022,0,2021.0,2021-05-10,2021-05-21 00:00:00+00:00,Non Graduated,25-34,0.0,Unknown,Unknown,Unknown,1,0,0,1,2328.647824030274,0,0,1,1,0.0
1362,2023,0,2021.0,2021-05-10,2021-05-21 00:00:00+00:00,Non Graduated,25-34,0.0,Unknown,Unknown,Unknown,1,0,0,1,3539.022187738389,0,0,1,1,0.0
1362,2024,0,2021.0,2021-05-10,2021-05-21 00:00:00+00:00,Non Graduated,25-34,0.0,Unknown,Unknown,Unknown,1,0,0,1,23400.080520734402,0,0,1,1,0.0
951,2017,1,2019.0,2019-04-01,2019-07-12 00:00:00+00:00,Graduated,25-34,0.0,Unknown,Unknown,Unknown,0,0,0,0,0.0,0,0,1,1,0.0
951,2018,1,2019.0,2019-04-01,2019-07-12 00:00:00+00:00,Graduated,25-34,0.0,Unknown,Unknown,Unknown,0,0,0,0,0.0,0,0,1,1,0.0
951,2019,1,2019.0,2019-04-01,2019-07-12 00:00:00+00:00,Graduated,25-34,0.0,Unknown,Unknown,Unknown,1,1,0,1,2546.905744297181,0,0,1,1,0.0
951,2020,1,2019.0,2019-04-01,2019-07-12 00:00:00+00:00,Graduated,25-34,0.0,Unknown,Unknown,Unknown,1,1,0,1,7034.818158388041,0,0,1,1,0.0
951,2021,1,2019.0,2019-04-01,2019-07-12 00:00:00+00:00,Graduated,25-34,0.0,Unknown,Unknown,Unknown,1,1,1,1,11500.746506265808,0,0,1,1,0.0
951,2022,1,2019.0,2019-04-01,2019-07-12 00:00:00+00:00,Graduated,25-34,0.0,Unknown,Unknown,Unknown,1,1,0,1,4195.172894985809,0,0,1,1,0.0
951,2023,1,2019.0,2019-04-01,2019-07-12 00:00:00+00:00,Graduated,25-34,0.0,Unknown,Unknown,Unknown,1,1,0,1,3239.878211072676,0,0,1,1,0.0
951,2024,1,2019.0,2019-04-01,2019-07-12 00:00:00+00:00,Graduated,25-34,0.0,Unknown,Unknown,Unknown,1,1,0,1,218.66618285987104,0,0,1,1,0.0
839,2017,1,2018.0,2018-09-17,2018-09-27 00:00:00+00:00,Graduated,25-34,0.0,Unknown,Unknown,Unknown,0,0,0,0,0.0,1,1,1,1,0.0
839,2018,1,2018.0,2018-09-17,2018-09-27 00:00:00+00:00,Graduated,25-34,0.0,Unknown,Unknown,Unknown,1,1,0,0,0.0,4,1,1,1,0.0
839,2019,1,2018.0,2018-09-17,2018-09-27 00:00:00+00:00,Graduated,25-34,0.0,Unknown,Unknown,Unknown,1,1,0,0,0.0,2,1,1,1,0.0
839,2020,1,2018.0,2018-09-17,2018-09-27 00:00:00+00:00,Graduated,25-34,0.0,Unknown,Unknown,Unknown,1,1,0,0,0.0,0,0,1,1,0.0
839,2021,1,2018.0,2018-09-17,2018-09-27 00:00:00+00:00,Graduated,25-34,0.0,Unknown,Unknown,Unknown,1,1,0,0,0.0,0,0,1,1,0.0
839,2022,1,2018.0,2018-09-17,2018-09-27 00:00:00+00:00,Graduated,25-34,0.0,Unknown,Unknown,Unknown,1,1,0,0,0.0,4,1,1,1,0.0
839,2023,1,2018.0,2018-09-17,2018-09-27 00:00:00+00:00,Graduated,25-34,0.0,Unknown,Unknown,Unknown,1,1,0,0,0.0,0,0,1,1,0.0
839,2024,1,2018.0,2018-09-17,2018-09-27 00:00:00+00:00,Graduated,25-34,0.0,Unknown,Unknown,Unknown,1,1,0,0,0.0,2,1,1,1,0.0
896,2017,0,2019.0,2019-01-07,2019-02-25 00:00:00+00:00,Non Graduated,25-34,0.0,Unknown,Unknown,Unknown,0,0,0,0,0.0,1,1,1,1,0.0
896,2018,0,2019.0,2019-01-07,2019-02-25 00:00:00+00:00,Non Graduated,25-34,0.0,Unknown,Unknown,Unknown,0,0,0,0,0.0,0,0,1,1,0.0
896,2019,0,2019.0,2019-01-07,2019-02-25 00:00:00+00:00,Non Graduated,25-34,0.0,Unknown,Unknown,Unknown,1,0,0,0,0.0,0,0,1,1,0.0
896,2020,0,2019.0,2019-01-07,2019-02-25 00:00:00+00:00,Non Graduated,25-34,0.0,Unknown,Unknown,Unknown,1,0,0,1,3387.1237219261443,0,0,1,1,0.0
896,2021,0,2019.0,2019-01-07,2019-02-25 00:00:00+00:00,Non Graduated,25-34,0.0,Unknown,Unknown,Unknown,1,0,0,1,1372.6866163083478,0,0,1,1,0.0
896,2022,0,2019.0,2019-01-07,2019-02-25 00:00:00+00:00,Non Graduated,25-34,0.0,Unknown,Unknown,Unknown,1,0,0,0,0.0,0,0,1,1,0.0
896,2023,0,2019.0,2019-01-07,2019-02-25 00:00:00+00:00,Non Graduated,25-34,0.0,Unknown,Unknown,Unknown,1,0,0,1,8449.030341811313,0,0,1,1,0.0
896,2024,0,2019.0,2019-01-07,2019-02-25 00:00:00+00:00,Non Graduated,25-34,0.0,Unknown,Unknown,Unknown,1,0,0,1,6997.348725556396,3,1,1,1,0.0
674,2017,1,2018.0,2017-10-30,2018-01-19 00:00:00+00:00,Graduated,25-34,0.0,Unknown,Unknown,Unknown,0,0,0,1,517.9101263974298,0,0,1,1,0.0
674,2018,1,2018.0,2017-10-30,2018-01-19 00:00:00+00:00,Graduated,25-34,0.0,Unknown,Unknown,Unknown,1,1,1,1,6481.676479902008,0,0,1,1,0.0
674,2019,1,2018.0,2017-10-30,2018-01-19 00:00:00+00:00,Graduated,25-34,0.0,Unknown,Unknown,Unknown,1,1,0,1,5313.32739895446,0,0,1,1,0.0
674,2020,1,2018.0,2017-10-30,2018-01-19 00:00:00+00:00,Graduated,25-34,0.0,Unknown,Unknown,Unknown,1,1,0,0,0.0,0,0,1,1,0.0
674,2021,1,2018.0,2017-10-30,2018-01-19 00:00:00+00:00,Graduated,25-34,0.0,Unknown,Unknown,Unknown,1,1,0,1,1607.393263088929,0,0,1,1,0.0
674,2022,1,2018.0,2017-10-30,2018-01-19 00:00:00+00:00,Graduated,25-34,0.0,Unknown,Unknown,Unknown,1,1,0,0,0.0,0,0,1,1,0.0
674,2023,1,2018.0,2017-10-30,2018-01-19 00:00:00+00:00,Graduated,25-34,0.0,Unknown,Unknown,Unknown,1,1,0,0,0.0,1,1,1,1,0.0
674,2024,1,2018.0,2017-10-30,2018-01-19 00:00:00+00:00,Graduated,25-34,0.0,Unknown,Unknown,Unknown,1,1,0,0,0.0,0,0,1,1,0.0
857,2017,1,2019.0,2018-10-15,2019-03-18 00:00:00+00:00,Graduated,25-34,0.0,Unknown,Unknown,Unknown,0,0,0,0,0.0,5,1,1,1,0.0
857,2018,1,2019.0,2018-10-15,2019-03-18 00:00:00+00:00,Graduated,25-34,0.0,Unknown,Unknown,Unknown,0,0,0,0,0.0,1,1,1,1,0.0
857,2019,1,2019.0,2018-10-15,2019-03-18 00:00:00+00:00,Graduated,25-34,0.0,Unknown,Unknown,Unknown,1,1,0,1,11662.662468438008,1,1,1,1,0.0
857,2020,1,2019.0,2018-10-15,2019-03-18 00:00:00+00:00,Graduated,25-34,0.0,Unknown,Unknown,Unknown,1,1,0,1,3713.9391767716097,0,0,1,1,0.0
857,2021,1,2019.0,2018-10-15,2019-03-18 00:00:00+00:00,Graduated,25-34,0.0,Unknown,Unknown,Unknown,1,1,0,0,0.0,0,0,1,1,0.0
857,2022,1,2019.0,2018-10-15,2019-03-18 00:00:00+00:00,Graduated,25-34,0.0,Unknown,Unknown,Unknown,1,1,0,0,0.0,0,0,1,1,0.0
857,2023,1,2019.0,2018-10-15,2019-03-18 00:00:00+00:00,Graduated,25-34,0.0,Unknown,Unknown,Unknown,1,1,0,0,0.0,0,0,1,1,0.0
857,2024,1,2019.0,2018-10-15,2019-03-18 00:00:00+00:00,Graduated,25-34,0.0,Unknown,Unknown,Unknown,1,1,0,0,0.0,0,0,1,1,0.0
670,2017,1,2018.0,2017-10-23,2018-01-05 00:00:00+00:00,Graduated,25-34,0.0,Unknown,Unknown,Unknown,0,0,0,0,0.0,0,0,1,1,0.0
670,2018,1,2018.0,2017-10-23,2018-01-05 00:00:00+00:00,Graduated,25-34,0.0,Unknown,Unknown,Unknown,1,1,0,1,1427.443023306573,0,0,1,1,0.0
670,2019,1,2018.0,2017-10-23,2018-01-05 00:00:00+00:00,Graduated,25-34,0.0,Unknown,Unknown,Unknown,1,1,0,0,0.0,0,0,1,1,0.0
670,2020,1,2018.0,2017-10-23,2018-01-05 00:00:00+00:00,Graduated,25-34,0.0,Unknown,Unknown,Unknown,1,1,0,0,0.0,0,0,1,1,0.0
670,2021,1,2018.0,2017-10-23,2018-01-05 00:00:00+00:00,Graduated,25-34,0.0,Unknown,Unknown,Unknown,1,1,0,0,0.0,0,0,1,1,0.0
670,2022,1,2018.0,2017-10-23,2018-01-05 00:00:00+00:00,Graduated,25-34,0.0,Unknown,Unknown,Unknown,1,1,0,1,6456.779586313029,0,0,1,1,0.0
670,2023,1,2018.0,2017-10-23,2018-01-05 00:00:00+00:00,Graduated,25-34,0.0,Unknown,Unknown,Unknown,1,1,0,0,0.0,0,0,1,1,0.0
670,2024,1,2018.0,2017-10-23,2018-01-05 00:00:00+00:00,Graduated,25-34,0.0,Unknown,Unknown,Unknown,1,1,0,0,0.0,0,0,1,1,0.0
1,2017,0,2018.0,2018-07-12,2018-08-01 00:00:00+00:00,Non Graduated,25-34,0.0,Unknown,Unknown,Unknown,0,0,0,1,410.10283521463117,0,0,1,1,0.0
1,2018,0,2018.0,2018-07-12,2018-08-01 00:00:00+00:00,Non Graduated,25-34,0.0,Unknown,Unknown,Unknown,1,0,0,1,5953.968085402793,0,0,1,1,0.0
1,2019,0,2018.0,2018-07-12,2018-08-01 00:00:00+00:00,Non Graduated,25-34,0.0,Unknown,Unknown,Unknown,1,0,1,1,23186.21670945909,0,0,1,1,0.0
1,2020,0,2018.0,2018-07-12,2018-08-01 00:00:00+00:00,Non Graduated,25-34,0.0,Unknown,Unknown,Unknown,1,0,1,1,28437.798259750376,0,0,1,1,0.0
1,2021,0,2018.0,2018-07-12,2018-08-01 00:00:00+00:00,Non Graduated,25-34,0.0,Unknown,Unknown,Unknown,1,0,1,1,46254.079667900995,0,0,1,1,0.0
1,2022,0,2018.0,2018-07-12,2018-08-01 00:00:00+00:00,Non Graduated,25-34,0.0,Unknown,Unknown,Unknown,1,0,1,1,70816.13639133176,0,0,1,1,0.0
1,2023,0,2018.0,2018-07-12,2018-08-01 00:00:00+00:00,Non Graduated,25-34,0.0,Unknown,Unknown,Unknown,1,0,1,1,47692.22827723769,0,0,1,1,0.0
1,2024,0,2018.0,2018-07-12,2018-08-01 00:00:00+00:00,Non Graduated,25-34,0.0,Unknown,Unknown,Unknown,1,0,0,1,6457.590307749446,0,0,1,1,0.0
1209,2017,0,2020.0,2020-07-06,2020-08-10 00:00:00+00:00,Non Graduated,25-34,0.0,Unknown,Unknown,Unknown,0,0,0,0,0.0,0,0,1,1,0.0
1209,2018,0,2020.0,2020-07-06,2020-08-10 00:00:00+00:00,Non Graduated,25-34,0.0,Unknown,Unknown,Unknown,0,0,0,1,6934.1879682416475,0,0,1,1,0.0
1209,2019,0,2020.0,2020-07-06,2020-08-10 00:00:00+00:00,Non Graduated,25-34,0.0,Unknown,Unknown,Unknown,0,0,0,0,0.0,0,0,1,1,0.0
1209,2020,0,2020.0,2020-07-06,2020-08-10 00:00:00+00:00,Non Graduated,25-34,0.0,Unknown,Unknown,Unknown,1,0,0,0,0.0,0,0,1,1,0.0
1209,2021,0,2020.0,2020-07-06,2020-08-10 00:00:00+00:00,Non Graduated,25-34,0.0,Unknown,Unknown,Unknown,1,0,0,0,0.0,0,0,1,1,0.0
1209,2022,0,2020.0,2020-07-06,2020-08-10 00:00:00+00:00,Non Graduated,25-34,0.0,Unknown,Unknown,Unknown,1,0,0,0,0.0,1,1,1,1,0.0
1209,2023,0,2020.0,2020-07-06,2020-08-10 00:00:00+00:00,Non Graduated,25-34,0.0,Unknown,Unknown,Unknown,1,0,0,1,2125.52616171034,0,0,1,1,0.0
1209,2024,0,2020.0,2020-07-06,2020-08-10 00:00:00+00:00,Non Graduated,25-34,0.0,Unknown,Unknown,Unknown,1,0,0,1,33473.25758000104,0,0,1,1,0.0
697,2017,0,2018.0,2017-12-27,2018-01-09 00:00:00+00:00,Non Graduated,25-34,0.0,Unknown,Unknown,Unknown,0,0,0,0,0.0,0,0,0,0,0.0
697,2018,0,2018.0,2017-12-27,2018-01-09 00:00:00+00:00,Non Graduated,25-34,0.0,Unknown,Unknown,Unknown,1,0,1,1,28532.36047849792,0,0,0,0,0.0
697,2019,0,2018.0,2017-12-27,2018-01-09 00:00:00+00:00,Non Graduated,25-34,0.0,Unknown,Unknown,Unknown,1,0,0,1,1977.0330156669704,0,0,0,0,0.0
697,2020,0,2018.0,2017-12-27,2018-01-09 00:00:00+00:00,Non Graduated,25-34,0.0,Unknown,Unknown,Unknown,1,0,0,0,0.0,0,0,0,0,0.0
697,2021,0,2018.0,2017-12-27,2018-01-09 00:00:00+00:00,Non Graduated,25-34,0.0,Unknown,Unknown,Unknown,1,0,0,0,0.0,0,0,0,0,0.0
697,2022,0,2018.0,2017-12-27,2018-01-09 00:00:00+00:00,Non Graduated,25-34,0.0,Unknown,Unknown,Unknown,1,0,0,0,0.0,0,0,0,0,0.0
697,2023,0,2018.0,2017-12-27,2018-01-09 00:00:00+00:00,Non Graduated,25-34,0.0,Unknown,Unknown,Unknown,1,0,0,0,0.0,0,0,0,0,0.0
697,2024,0,2018.0,2017-12-27,2018-01-09 00:00:00+00:00,Non Graduated,25-34,0.0,Unknown,Unknown,Unknown,1,0,0,0,0.0,0,0,0,0,0.0
949,2017,0,2019.0,2019-03-25,2019-04-24 00:00:00+00:00,Non Graduated,25-34,0.0,Unknown,Unknown,Unknown,0,0,0,1,2147.939761525652,0,0,0,0,0.0
949,2018,0,2019.0,2019-03-25,2019-04-24 00:00:00+00:00,Non Graduated,25-34,0.0,Unknown,Unknown,Unknown,0,0,0,0,0.0,0,0,0,0,0.0
949,2019,0,2019.0,2019-03-25,2019-04-24 00:00:00+00:00,Non Graduated,25-34,0.0,Unknown,Unknown,Unknown,1,0,0,0,0.0,0,0,0,0,0.0
949,2020,0,2019.0,2019-03-25,2019-04-24 00:00:00+00:00,Non Graduated,25-34,0.0,Unknown,Unknown,Unknown,1,0,0,0,0.0,0,0,0,0,0.0
949,2021,0,2019.0,2019-03-25,2019-04-24 00:00:00+00:00,Non Graduated,25-34,0.0,Unknown,Unknown,Unknown,1,0,0,1,7089.905410661175,0,0,0,0,0.0
949,2022,0,2019.0,2019-03-25,2019-04-24 00:00:00+00:00,Non Graduated,25-34,0.0,Unknown,Unknown,Unknown,1,0,1,1,13758.586789084256,2,1,1,0,0.0
949,2023,0,2019.0,2019-03-25,2019-04-24 00:00:00+00:00,Non Graduated,25-34,0.0,Unknown,Unknown,Unknown,1,0,1,1,22169.73540938286,0,0,1,1,0.0
949,2024,0,2019.0,2019-03-25,2019-04-24 00:00:00+00:00,Non Graduated,25-34,0.0,Unknown,Unknown,Unknown,1,0,0,1,908.7023919789924,0,0,1,1,0.0
825,2017,1,2018.0,2018-08-13,2018-10-16 00:00:00+00:00,Graduated,25-34,0.0,Unknown,Unknown,Unknown,0,0,0,0,0.0,0,0,1,1,0.0
825,2018,1,2018.0,2018-08-13,2018-10-16 00:00:00+00:00,Graduated,25-34,0.0,Unknown,Unknown,Unknown,1,1,0,0,0.0,0,0,1,1,0.0
825,2019,1,2018.0,2018-08-13,2018-10-16 00:00:00+00:00,Graduated,25-34,0.0,Unknown,Unknown,Unknown,1,1,0,0,0.0,0,0,1,1,0.0
825,2020,1,2018.0,2018-08-13,2018-10-16 00:00:00+00:00,Graduated,25-34,0.0,Unknown,Unknown,Unknown,1,1,0,0,0.0,0,0,1,1,0.0
825,2021,1,2018.0,2018-08-13,2018-10-16 00:00:00+00:00,Graduated,25-34,0.0,Unknown,Unknown,Unknown,1,1,0,0,0.0,0,0,1,1,0.0
825,2022,1,2018.0,2018-08-13,2018-10-16 00:00:00+00:00,Graduated,25-34,0.0,Unknown,Unknown,Unknown,1,1,0,0,0.0,0,0,1,1,0.0
825,2023,1,2018.0,2018-08-13,2018-10-16 00:00:00+00:00,Graduated,25-34,0.0,Unknown,Unknown,Unknown,1,1,0,0,0.0,3,1,1,1,0.0
825,2024,1,2018.0,2018-08-13,2018-10-16 00:00:00+00:00,Graduated,25-34,0.0,Unknown,Unknown,Unknown,1,1,0,0,0.0,0,0,1,1,0.0
871,2017,0,2018.0,2018-11-06,2018-11-19 00:00:00+00:00,Non Graduated,25-34,0.0,Unknown,Unknown,Unknown,0,0,0,0,0.0,0,0,0,0,0.0
871,2018,0,2018.0,2018-11-06,2018-11-19 00:00:00+00:00,Non Graduated,25-34,0.0,Unknown,Unknown,Unknown,1,0,0,0,0.0,0,0,0,0,0.0
871,2019,0,2018.0,2018-11-06,2018-11-19 00:00:00+00:00,Non Graduated,25-34,0.0,Unknown,Unknown,Unknown,1,0,0,0,0.0,0,0,0,0,0.0
871,2020,0,2018.0,2018-11-06,2018-11-19 00:00:00+00:00,Non Graduated,25-34,0.0,Unknown,Unknown,Unknown,1,0,0,0,0.0,0,0,0,0,0.0
871,2021,0,2018.0,2018-11-06,2018-11-19 00:00:00+00:00,Non Graduated,25-34,0.0,Unknown,Unknown,Unknown,1,0,0,0,0.0,0,0,0,0,0.0
871,2022,0,2018.0,2018-11-06,2018-11-19 00:00:00+00:00,Non Graduated,25-34,0.0,Unknown,Unknown,Unknown,1,0,0,0,0.0,0,0,0,0,0.0
871,2023,0,2018.0,2018-11-06,2018-11-19 00:00:00+00:00,Non Graduated,25-34,0.0,Unknown,Unknown,Unknown,1,0,0,0,0.0,0,0,0,0,0.0
871,2024,0,2018.0,2018-11-06,2018-11-19 00:00:00+00:00,Non Graduated,25-34,0.0,Unknown,Unknown,Unknown,1,0,0,0,0.0,0,0,0,0,0.0
956,2017,0,2019.0,2019-04-08,2019-05-14 00:00:00+00:00,Non Graduated,25-34,0.0,Unknown,Unknown,Unknown,0,0,0,0,0.0,0,0,0,0,0.0
956,2018,0,2019.0,2019-04-08,2019-05-14 00:00:00+00:00,Non Graduated,25-34,0.0,Unknown,Unknown,Unknown,0,0,0,0,0.0,0,0,0,0,0.0
956,2019,0,2019.0,2019-04-08,2019-05-14 00:00:00+00:00,Non Graduated,25-34,0.0,Unknown,Unknown,Unknown,1,0,0,0,0.0,0,0,0,0,0.0
956,2020,0,2019.0,2019-04-08,2019-05-14 00:00:00+00:00,Non Graduated,25-34,0.0,Unknown,Unknown,Unknown,1,0,0,0,0.0,0,0,0,0,0.0
956,2021,0,2019.0,2019-04-08,2019-05-14 00:00:00+00:00,Non Graduated,25-34,0.0,Unknown,Unknown,Unknown,1,0,0,0,0.0,0,0,0,0,0.0
956,2022,0,2019.0,2019-04-08,2019-05-14 00:00:00+00:00,Non Graduated,25-34,0.0,Unknown,Unknown,Unknown,1,0,0,1,2463.184681785867,0,0,0,0,0.0
956,2023,0,2019.0,2019-04-08,2019-05-14 00:00:00+00:00,Non Graduated,25-34,0.0,Unknown,Unknown,Unknown,1,0,0,1,5130.46504593832,0,0,0,0,0.0
956,2024,0,2019.0,2019-04-08,2019-05-14 00:00:00+00:00,Non Graduated,25-34,0.0,Unknown,Unknown,Unknown,1,0,0,1,11384.077120162732,0,0,0,0,0.0
909,2017,0,2019.0,2019-01-28,2019-02-21 00:00:00+00:00,Non Graduated,25-34,0.0,Unknown,Unknown,Unknown,0,0,0,1,243.23887924988,0,0,0,0,0.0
909,2018,0,2019.0,2019-01-28,2019-02-21 00:00:00+00:00,Non Graduated,25-34,0.0,Unknown,Unknown,Unknown,0,0,0,0,0.0,0,0,0,0,0.0
909,2019,0,2019.0,2019-01-28,2019-02-21 00:00:00+00:00,Non Graduated,25-34,0.0,Unknown,Unknown,Unknown,1,0,0,1,2605.2843594138258,4,1,1,0,0.0
909,2020,0,2019.0,2019-01-28,2019-02-21 00:00:00+00:00,Non Graduated,25-34,0.0,Unknown,Unknown,Unknown,1,0,0,0,0.0,0,0,1,1,0.0
909,2021,0,2019.0,2019-01-28,2019-02-21 00:00:00+00:00,Non Graduated,25-34,0.0,Unknown,Unknown,Unknown,1,0,0,0,0.0,0,0,1,1,0.0
909,2022,0,2019.0,2019-01-28,2019-02-21 00:00:00+00:00,Non Graduated,25-34,0.0,Unknown,Unknown,Unknown,1,0,0,1,4575.889628264436,0,0,1,1,0.0
909,2023,0,2019.0,2019-01-28,2019-02-21 00:00:00+00:00,Non Graduated,25-34,0.0,Unknown,Unknown,Unknown,1,0,0,1,1792.7099777889446,0,0,1,1,0.0
909,2024,0,2019.0,2019-01-28,2019-02-21 00:00:00+00:00,Non Graduated,25-34,0.0,Unknown,Unknown,Unknown,1,0,0,0,0.0,0,0,1,1,0.0
1446,2017,0,2021.0,2021-10-04,2021-10-25 00:00:00+00:00,Non Graduated,25-34,0.0,Unknown,Unknown,Unknown,0,0,0,0,0.0,0,0,0,0,0.0
1446,2018,0,2021.0,2021-10-04,2021-10-25 00:00:00+00:00,Non Graduated,25-34,0.0,Unknown,Unknown,Unknown,0,0,0,0,0.0,0,0,0,0,0.0
1446,2019,0,2021.0,2021-10-04,2021-10-25 00:00:00+00:00,Non Graduated,25-34,0.0,Unknown,Unknown,Unknown,0,0,0,0,0.0,0,0,0,0,0.0
1446,2020,0,2021.0,2021-10-04,2021-10-25 00:00:00+00:00,Non Graduated,25-34,0.0,Unknown,Unknown,Unknown,0,0,0,0,0.0,0,0,0,0,0.0
1446,2021,0,2021.0,2021-10-04,2021-10-25 00:00:00+00:00,Non Graduated,25-34,0.0,Unknown,Unknown,Unknown,1,0,0,0,0.0,0,0,0,0,0.0
1446,2022,0,2021.0,2021-10-04,2021-10-25 00:00:00+00:00,Non Graduated,25-34,0.0,Unknown,Unknown,Unknown,1,0,0,1,19224.69969327678,0,0,0,0,0.0
1446,2023,0,2021.0,2021-10-04,2021-10-25 00:00:00+00:00,Non Graduated,25-34,0.0,Unknown,Unknown,Unknown,1,0,1,1,39166.03957122296,0,0,0,0,0.0
1446,2024,0,2021.0,2021-10-04,2021-10-25 00:00:00+00:00,Non Graduated,25-34,0.0,Unknown,Unknown,Unknown,1,0,0,1,32356.458015387252,0,0,0,0,0.0
1422,2017,0,2021.0,2021-08-30,2021-10-27 00:00:00+00:00,Non Graduated,25-34,0.0,Unknown,Unknown,Unknown,0,0,0,0,0.0,0,0,0,0,0.0
1422,2018,0,2021.0,2021-08-30,2021-10-27 00:00:00+00:00,Non Graduated,25-34,0.0,Unknown,Unknown,Unknown,0,0,0,1,1091.1384532500922,0,0,0,0,0.0
1422,2019,0,2021.0,2021-08-30,2021-10-27 00:00:00+00:00,Non Graduated,25-34,0.0,Unknown,Unknown,Unknown,0,0,0,0,0.0,0,0,0,0,0.0
1422,2020,0,2021.0,2021-08-30,2021-10-27 00:00:00+00:00,Non Graduated,25-34,0.0,Unknown,Unknown,Unknown,0,0,0,0,0.0,0,0,0,0,0.0
1422,2021,0,2021.0,2021-08-30,2021-10-27 00:00:00+00:00,Non Graduated,25-34,0.0,Unknown,Unknown,Unknown,1,0,0,0,0.0,0,0,0,0,0.0
1422,2022,0,2021.0,2021-08-30,2021-10-27 00:00:00+00:00,Non Graduated,25-34,0.0,Unknown,Unknown,Unknown,1,0,0,1,4839.932285951035,0,0,0,0,0.0
1422,2023,0,2021.0,2021-08-30,2021-10-27 00:00:00+00:00,Non Graduated,25-34,0.0,Unknown,Unknown,Unknown,1,0,0,1,7254.622992667008,0,0,0,0,0.0
1422,2024,0,2021.0,2021-08-30,2021-10-27 00:00:00+00:00,Non Graduated,25-34,0.0,Unknown,Unknown,Unknown,1,0,0,1,5583.9895623887405,0,0,0,0,0.0
1487,2017,0,2022.0,2021-12-20,2022-02-03 00:00:00+00:00,Non Graduated,25-34,0.0,Unknown,Unknown,Unknown,0,0,0,0,0.0,0,0,0,0,0.0
1487,2018,0,2022.0,2021-12-20,2022-02-03 00:00:00+00:00,Non Graduated,25-34,0.0,Unknown,Unknown,Unknown,0,0,0,0,0.0,0,0,0,0,0.0
1487,2019,0,2022.0,2021-12-20,2022-02-03 00:00:00+00:00,Non Graduated,25-34,0.0,Unknown,Unknown,Unknown,0,0,0,0,0.0,0,0,0,0,0.0
1487,2020,0,2022.0,2021-12-20,2022-02-03 00:00:00+00:00,Non Graduated,25-34,0.0,Unknown,Unknown,Unknown,0,0,0,0,0.0,0,0,0,0,0.0
1487,2021,0,2022.0,2021-12-20,2022-02-03 00:00:00+00:00,Non Graduated,25-34,0.0,Unknown,Unknown,Unknown,0,0,0,0,0.0,0,0,0,0,0.0
1487,2022,0,2022.0,2021-12-20,2022-02-03 00:00:00+00:00,Non Graduated,25-34,0.0,Unknown,Unknown,Unknown,1,0,0,0,0.0,1,1,1,0,0.0
1487,2023,0,2022.0,2021-12-20,2022-02-03 00:00:00+00:00,Non Graduated,25-34,0.0,Unknown,Unknown,Unknown,1,0,0,0,0.0,0,0,1,1,0.0
1487,2024,0,2022.0,2021-12-20,2022-02-03 00:00:00+00:00,Non Graduated,25-34,0.0,Unknown,Unknown,Unknown,1,0,0,0,0.0,0,0,1,1,0.0
1309,2017,0,2021.0,2021-02-01,2021-03-31 00:00:00+00:00,Non Graduated,25-34,0.0,Unknown,Unknown,Unknown,0,0,0,0,0.0,0,0,0,0,0.0
1309,2018,0,2021.0,2021-02-01,2021-03-31 00:00:00+00:00,Non Graduated,25-34,0.0,Unknown,Unknown,Unknown,0,0,0,0,0.0,0,0,0,0,0.0
1309,2019,0,2021.0,2021-02-01,2021-03-31 00:00:00+00:00,Non Graduated,25-34,0.0,Unknown,Unknown,Unknown,0,0,0,0,0.0,0,0,0,0,0.0
1309,2020,0,2021.0,2021-02-01,2021-03-31 00:00:00+00:00,Non Graduated,25-34,0.0,Unknown,Unknown,Unknown,0,0,0,0,0.0,0,0,0,0,0.0
1309,2021,0,2021.0,2021-02-01,2021-03-31 00:00:00+00:00,Non Graduated,25-34,0.0,Unknown,Unknown,Unknown,1,0,0,0,0.0,0,0,0,0,0.0
1309,2022,0,2021.0,2021-02-01,2021-03-31 00:00:00+00:00,Non Graduated,25-34,0.0,Unknown,Unknown,Unknown,1,0,0,1,2752.521534921175,0,0,0,0,0.0
1309,2023,0,2021.0,2021-02-01,2021-03-31 00:00:00+00:00,Non Graduated,25-34,0.0,Unknown,Unknown,Unknown,1,0,0,1,284.50652009700633,0,0,0,0,0.0
1309,2024,0,2021.0,2021-02-01,2021-03-31 00:00:00+00:00,Non Graduated,25-34,0.0,Unknown,Unknown,Unknown,1,0,0,0,0.0,1,1,1,0,0.0
1260,2017,0,2020.0,2020-10-12,2020-12-01 00:00:00+00:00,Non Graduated,25-34,0.0,Unknown,Unknown,Unknown,0,0,1,1,32630.985811865503,1,1,1,0,0.0
1260,2018,0,2020.0,2020-10-12,2020-12-01 00:00:00+00:00,Non Graduated,25-34,0.0,Unknown,Unknown,Unknown,0,0,1,1,25926.548344032606,0,0,1,1,0.0
1260,2019,0,2020.0,2020-10-12,2020-12-01 00:00:00+00:00,Non Graduated,25-34,0.0,Unknown,Unknown,Unknown,0,0,1,1,22817.348955123252,0,0,1,1,0.0
1260,2020,0,2020.0,2020-10-12,2020-12-01 00:00:00+00:00,Non Graduated,25-34,0.0,Unknown,Unknown,Unknown,1,0,0,1,3836.6969141661657,0,0,1,1,0.0
1260,2021,0,2020.0,2020-10-12,2020-12-01 00:00:00+00:00,Non Graduated,25-34,0.0,Unknown,Unknown,Unknown,1,0,0,1,7638.693007941119,0,0,1,1,0.0
1260,2022,0,2020.0,2020-10-12,2020-12-01 00:00:00+00:00,Non Graduated,25-34,0.0,Unknown,Unknown,Unknown,1,0,1,1,31727.5139298011,0,0,1,1,0.0
1260,2023,0,2020.0,2020-10-12,2020-12-01 00:00:00+00:00,Non Graduated,25-34,0.0,Unknown,Unknown,Unknown,1,0,1,1,42691.35605728092,0,0,1,1,0.0
1260,2024,0,2020.0,2020-10-12,2020-12-01 00:00:00+00:00,Non Graduated,25-34,0.0,Unknown,Unknown,Unknown,1,0,0,1,32933.47254206453,0,0,1,1,0.0
979,2017,0,2020.0,2019-05-06,2020-08-03 00:00:00+00:00,Non Graduated,25-34,0.0,Unknown,Unknown,Unknown,0,0,1,1,25826.264738504724,0,0,0,0,0.0
979,2018,0,2020.0,2019-05-06,2020-08-03 00:00:00+00:00,Non Graduated,25-34,0.0,Unknown,Unknown,Unknown,0,0,1,1,18501.515412716148,0,0,0,0,0.0
979,2019,0,2020.0,2019-05-06,2020-08-03 00:00:00+00:00,Non Graduated,25-34,0.0,Unknown,Unknown,Unknown,0,0,1,1,12761.76303645723,0,0,0,0,0.0
979,2020,0,2020.0,2019-05-06,2020-08-03 00:00:00+00:00,Non Graduated,25-34,0.0,Unknown,Unknown,Unknown,1,0,1,1,15109.213247358131,0,0,0,0,0.0
979,2021,0,2020.0,2019-05-06,2020-08-03 00:00:00+00:00,Non Graduated,25-34,0.0,Unknown,Unknown,Unknown,1,0,0,1,8266.25490902252,0,0,0,0,0.0
979,2022,0,2020.0,2019-05-06,2020-08-03 00:00:00+00:00,Non Graduated,25-34,0.0,Unknown,Unknown,Unknown,1,0,1,1,11700.651884758801,0,0,0,0,0.0
979,2023,0,2020.0,2019-05-06,2020-08-03 00:00:00+00:00,Non Graduated,25-34,0.0,Unknown,Unknown,Unknown,1,0,1,1,24474.505019265198,0,0,0,0,0.0
979,2024,0,2020.0,2019-05-06,2020-08-03 00:00:00+00:00,Non Graduated,25-34,0.0,Unknown,Unknown,Unknown,1,0,0,0,0.0,0,0,0,0,0.0
1027,2017,0,2019.0,2019-07-10,2019-07-16 00:00:00+00:00,Non Graduated,25-34,0.0,Unknown,Unknown,Unknown,0,0,1,1,21817.566920271973,0,0,0,0,0.0
1027,2018,0,2019.0,2019-07-10,2019-07-16 00:00:00+00:00,Non Graduated,25-34,0.0,Unknown,Unknown,Unknown,0,0,1,1,29265.776544151886,0,0,0,0,0.0
1027,2019,0,2019.0,2019-07-10,2019-07-16 00:00:00+00:00,Non Graduated,25-34,0.0,Unknown,Unknown,Unknown,1,0,1,1,20122.386409413644,0,0,0,0,0.0
1027,2020,0,2019.0,2019-07-10,2019-07-16 00:00:00+00:00,Non Graduated,25-34,0.0,Unknown,Unknown,Unknown,1,0,1,1,32043.05134044101,0,0,0,0,0.0
1027,2021,0,2019.0,2019-07-10,2019-07-16 00:00:00+00:00,Non Graduated,25-34,0.0,Unknown,Unknown,Unknown,1,0,1,1,47408.50653642251,0,0,0,0,0.0
1027,2022,0,2019.0,2019-07-10,2019-07-16 00:00:00+00:00,Non Graduated,25-34,0.0,Unknown,Unknown,Unknown,1,0,1,1,53952.260975997284,0,0,0,0,0.0
1027,2023,0,2019.0,2019-07-10,2019-07-16 00:00:00+00:00,Non Graduated,25-34,0.0,Unknown,Unknown,Unknown,1,0,1,1,50140.194197482815,0,0,0,0,0.0
1027,2024,0,2019.0,2019-07-10,2019-07-16 00:00:00+00:00,Non Graduated,25-34,0.0,Unknown,Unknown,Unknown,1,0,0,1,39169.11613429189,0,0,0,0,0.0
1438,2017,1,2021.0,2021-09-27,2021-12-02 00:00:00+00:00,Graduated,35+,0.0,Unknown,Unknown,Unknown,0,0,1,1,12671.077000339115,0,0,0,0,0.0
1438,2018,1,2021.0,2021-09-27,2021-12-02 00:00:00+00:00,Graduated,35+,0.0,Unknown,Unknown,Unknown,0,0,0,1,14215.376814024217,0,0,0,0,0.0
1438,2019,1,2021.0,2021-09-27,2021-12-02 00:00:00+00:00,Graduated,35+,0.0,Unknown,Unknown,Unknown,0,0,0,0,0.0,0,0,0,0,0.0
1438,2020,1,2021.0,2021-09-27,2021-12-02 00:00:00+00:00,Graduated,35+,0.0,Unknown,Unknown,Unknown,0,0,0,1,8454.859156768047,0,0,0,0,0.0
1438,2021,1,2021.0,2021-09-27,2021-12-02 00:00:00+00:00,Graduated,35+,0.0,Unknown,Unknown,Unknown,1,1,1,1,17162.120355180938,0,0,0,0,0.0
1438,2022,1,2021.0,2021-09-27,2021-12-02 00:00:00+00:00,Graduated,35+,0.0,Unknown,Unknown,Unknown,1,1,0,1,274.0511325923105,1,1,1,0,0.0
1438,2023,1,2021.0,2021-09-27,2021-12-02 00:00:00+00:00,Graduated,35+,0.0,Unknown,Unknown,Unknown,1,1,0,1,553.5664556343032,0,0,1,1,0.0
1438,2024,1,2021.0,2021-09-27,2021-12-02 00:00:00+00:00,Graduated,35+,0.0,Unknown,Unknown,Unknown,1,1,0,1,9761.758393167314,0,0,1,1,0.0
900,2017,0,2019.0,2019-01-16,2019-02-08 00:00:00+00:00,Non Graduated,35+,0.0,Unknown,Unknown,Unknown,0,0,0,0,0.0,0,0,0,0,0.0
900,2018,0,2019.0,2019-01-16,2019-02-08 00:00:00+00:00,Non Graduated,35+,0.0,Unknown,Unknown,Unknown,0,0,0,1,10738.67585265608,0,0,0,0,0.0
900,2019,0,2019.0,2019-01-16,2019-02-08 00:00:00+00:00,Non Graduated,35+,0.0,Unknown,Unknown,Unknown,1,0,1,1,33194.998234011015,0,0,0,0,0.0
900,2020,0,2019.0,2019-01-16,2019-02-08 00:00:00+00:00,Non Graduated,35+,0.0,Unknown,Unknown,Unknown,1,0,1,1,52070.38841929711,0,0,0,0,0.0
900,2021,0,2019.0,2019-01-16,2019-02-08 00:00:00+00:00,Non Graduated,35+,0.0,Unknown,Unknown,Unknown,1,0,1,1,51541.153117918046,0,0,0,0,0.0
900,2022,0,2019.0,2019-01-16,2019-02-08 00:00:00+00:00,Non Graduated,35+,0.0,Unknown,Unknown,Unknown,1,0,0,1,9194.358991605246,0,0,0,0,0.0
900,2023,0,2019.0,2019-01-16,2019-02-08 00:00:00+00:00,Non Graduated,35+,0.0,Unknown,Unknown,Unknown,1,0,0,1,19832.577073814642,0,0,0,0,0.0
900,2024,0,2019.0,2019-01-16,2019-02-08 00:00:00+00:00,Non Graduated,35+,0.0,Unknown,Unknown,Unknown,1,0,0,1,40037.39080270757,0,0,0,0,0.0
1458,2017,1,2021.0,2021-10-25,2021-11-08 00:00:00+00:00,Graduated,35+,0.0,Unknown,Unknown,Unknown,0,0,0,1,5339.206249815248,0,0,0,0,0.0
1458,2018,1,2021.0,2021-10-25,2021-11-08 00:00:00+00:00,Graduated,35+,0.0,Unknown,Unknown,Unknown,0,0,0,1,3236.532079314695,0,0,0,0,0.0
1458,2019,1,2021.0,2021-10-25,2021-11-08 00:00:00+00:00,Graduated,35+,0.0,Unknown,Unknown,Unknown,0,0,0,1,8568.422946683786,0,0,0,0,0.0
1458,2020,1,2021.0,2021-10-25,2021-11-08 00:00:00+00:00,Graduated,35+,0.0,Unknown,Unknown,Unknown,0,0,0,1,5297.349954314058,0,0,0,0,0.0
1458,2021,1,2021.0,2021-10-25,2021-11-08 00:00:00+00:00,Graduated,35+,0.0,Unknown,Unknown,Unknown,1,1,0,1,6300.560109271582,0,0,0,0,0.0
1458,2022,1,2021.0,2021-10-25,2021-11-08 00:00:00+00:00,Graduated,35+,0.0,Unknown,Unknown,Unknown,1,1,1,1,9460.099378315099,0,0,0,0,0.0
1458,2023,1,2021.0,2021-10-25,2021-11-08 00:00:00+00:00,Graduated,35+,0.0,Unknown,Unknown,Unknown,1,1,0,1,12129.496434910638,0,0,0,0,0.0
1458,2024,1,2021.0,2021-10-25,2021-11-08 00:00:00+00:00,Graduated,35+,0.0,Unknown,Unknown,Unknown,1,1,0,1,19797.51160394593,0,0,0,0,0.0
1145,2017,0,2020.0,2020-02-03,2020-06-11 00:00:00+00:00,Non Graduated,35+,0.0,Unknown,Unknown,Unknown,0,0,0,0,0.0,0,0,1,1,0.0
1145,2018,0,2020.0,2020-02-03,2020-06-11 00:00:00+00:00,Non Graduated,35+,0.0,Unknown,Unknown,Unknown,0,0,0,0,0.0,0,0,1,1,0.0
1145,2019,0,2020.0,2020-02-03,2020-06-11 00:00:00+00:00,Non Graduated,35+,0.0,Unknown,Unknown,Unknown,0,0,0,1,382.0945387471106,0,0,1,1,0.0
1145,2020,0,2020.0,2020-02-03,2020-06-11 00:00:00+00:00,Non Graduated,35+,0.0,Unknown,Unknown,Unknown,1,0,0,1,16608.709547089016,0,0,1,1,0.0
1145,2021,0,2020.0,2020-02-03,2020-06-11 00:00:00+00:00,Non Graduated,35+,0.0,Unknown,Unknown,Unknown,1,0,1,1,47393.003873000445,0,0,1,1,0.0
1145,2022,0,2020.0,2020-02-03,2020-06-11 00:00:00+00:00,Non Graduated,35+,0.0,Unknown,Unknown,Unknown,1,0,1,1,45666.67376806788,0,0,1,1,0.0
1145,2023,0,2020.0,2020-02-03,2020-06-11 00:00:00+00:00,Non Graduated,35+,0.0,Unknown,Unknown,Unknown,1,0,1,1,44329.3320161828,0,0,1,1,0.0
1145,2024,0,2020.0,2020-02-03,2020-06-11 00:00:00+00:00,Non Graduated,35+,0.0,Unknown,Unknown,Unknown,1,0,0,1,28270.88342878839,0,0,1,1,0.0
1304,2017,1,2021.0,2021-01-25,2021-03-26 00:00:00+00:00,Graduated,35+,0.0,Unknown,Unknown,Unknown,0,0,0,1,1428.4587167114362,0,0,0,0,0.0
1304,2018,1,2021.0,2021-01-25,2021-03-26 00:00:00+00:00,Graduated,35+,0.0,Unknown,Unknown,Unknown,0,0,0,0,0.0,0,0,0,0,0.0
1304,2019,1,2021.0,2021-01-25,2021-03-26 00:00:00+00:00,Graduated,35+,0.0,Unknown,Unknown,Unknown,0,0,0,1,422.55316756655463,0,0,0,0,0.0
1304,2020,1,2021.0,2021-01-25,2021-03-26 00:00:00+00:00,Graduated,35+,0.0,Unknown,Unknown,Unknown,0,0,0,1,2615.7885892116183,0,0,0,0,0.0
1304,2021,1,2021.0,2021-01-25,2021-03-26 00:00:00+00:00,Graduated,35+,0.0,Unknown,Unknown,Unknown,1,1,0,1,3789.6073151042756,0,0,0,0,0.0
1304,2022,1,2021.0,2021-01-25,2021-03-26 00:00:00+00:00,Graduated,35+,0.0,Unknown,Unknown,Unknown,1,1,0,1,46993.702059238596,0,0,0,0,0.0
1304,2023,1,2021.0,2021-01-25,2021-03-26 00:00:00+00:00,Graduated,35+,0.0,Unknown,Unknown,Unknown,1,1,1,1,58859.28981769823,0,0,0,0,0.0
1304,2024,1,2021.0,2021-01-25,2021-03-26 00:00:00+00:00,Graduated,35+,0.0,Unknown,Unknown,Unknown,1,1,0,1,36447.58693060819,0,0,0,0,0.0
1018,2017,0,2019.0,2019-06-19,2019-08-21 00:00:00+00:00,Non Graduated,35+,0.0,Unknown,Unknown,Unknown,0,0,1,1,4081.286601645461,0,0,0,0,0.0
1018,2018,0,2019.0,2019-06-19,2019-08-21 00:00:00+00:00,Non Graduated,35+,0.0,Unknown,Unknown,Unknown,0,0,0,1,2179.854000071646,2,1,1,0,0.0
1018,2019,0,2019.0,2019-06-19,2019-08-21 00:00:00+00:00,Non Graduated,35+,0.0,Unknown,Unknown,Unknown,1,0,0,1,1098.3641691377338,0,0,1,1,0.0
1018,2020,0,2019.0,2019-06-19,2019-08-21 00:00:00+00:00,Non Graduated,35+,0.0,Unknown,Unknown,Unknown,1,0,0,1,7023.736156518933,0,0,1,1,0.0
1018,2021,0,2019.0,2019-06-19,2019-08-21 00:00:00+00:00,Non Graduated,35+,0.0,Unknown,Unknown,Unknown,1,0,0,1,3190.4979264592866,0,0,1,1,0.0
1018,2022,0,2019.0,2019-06-19,2019-08-21 00:00:00+00:00,Non Graduated,35+,0.0,Unknown,Unknown,Unknown,1,0,0,1,890.9061211288106,0,0,1,1,0.0
1018,2023,0,2019.0,2019-06-19,2019-08-21 00:00:00+00:00,Non Graduated,35+,0.0,Unknown,Unknown,Unknown,1,0,0,1,29340.342935572742,0,0,1,1,0.0
1018,2024,0,2019.0,2019-06-19,2019-08-21 00:00:00+00:00,Non Graduated,35+,0.0,Unknown,Unknown,Unknown,1,0,0,1,29865.98808578367,0,0,1,1,0.0
1195,2017,1,2020.0,2020-06-08,2020-08-21 00:00:00+00:00,Graduated,35+,0.0,Unknown,Unknown,Unknown,0,0,0,1,1238.0850825908863,0,0,0,0,0.0
1195,2018,1,2020.0,2020-06-08,2020-08-21 00:00:00+00:00,Graduated,35+,0.0,Unknown,Unknown,Unknown,0,0,0,1,3786.2703709945185,0,0,0,0,0.0
1195,2019,1,2020.0,2020-06-08,2020-08-21 00:00:00+00:00,Graduated,35+,0.0,Unknown,Unknown,Unknown,0,0,0,1,7741.154725365517,0,0,0,0,0.0
1195,2020,1,2020.0,2020-06-08,2020-08-21 00:00:00+00:00,Graduated,35+,0.0,Unknown,Unknown,Unknown,1,1,0,1,10660.422104386013,0,0,0,0,0.0
1195,2021,1,2020.0,2020-06-08,2020-08-21 00:00:00+00:00,Graduated,35+,0.0,Unknown,Unknown,Unknown,1,1,1,1,33991.32074080912,0,0,0,0,0.0
1195,2022,1,2020.0,2020-06-08,2020-08-21 00:00:00+00:00,Graduated,35+,0.0,Unknown,Unknown,Unknown,1,1,1,1,36409.734038739894,0,0,0,0,0.0
1195,2023,1,2020.0,2020-06-08,2020-08-21 00:00:00+00:00,Graduated,35+,0.0,Unknown,Unknown,Unknown,1,1,0,1,26763.93472384678,0,0,0,0,0.0
1195,2024,1,2020.0,2020-06-08,2020-08-21 00:00:00+00:00,Graduated,35+,0.0,Unknown,Unknown,Unknown,1,1,0,1,9513.264833858608,0,0,0,0,0.0
760,2017,0,2018.0,2018-04-16,2018-06-12 00:00:00+00:00,Non Graduated,35+,0.0,Unknown,Unknown,Unknown,0,0,1,1,12052.268081873515,0,0,0,0,0.0
760,2018,0,2018.0,2018-04-16,2018-06-12 00:00:00+00:00,Non Graduated,35+,0.0,Unknown,Unknown,Unknown,1,0,0,1,8689.72047239378,0,0,0,0,0.0
760,2019,0,2018.0,2018-04-16,2018-06-12 00:00:00+00:00,Non Graduated,35+,0.0,Unknown,Unknown,Unknown,1,0,0,1,7133.667559373201,0,0,0,0,0.0
760,2020,0,2018.0,2018-04-16,2018-06-12 00:00:00+00:00,Non Graduated,35+,0.0,Unknown,Unknown,Unknown,1,0,0,1,7493.432420309581,0,0,0,0,0.0
760,2021,0,2018.0,2018-04-16,2018-06-12 00:00:00+00:00,Non Graduated,35+,0.0,Unknown,Unknown,Unknown,1,0,0,1,12525.949112056283,0,0,0,0,0.0
760,2022,0,2018.0,2018-04-16,2018-06-12 00:00:00+00:00,Non Graduated,35+,0.0,Unknown,Unknown,Unknown,1,0,0,1,19456.3907140994,0,0,0,0,0.0
760,2023,0,2018.0,2018-04-16,2018-06-12 00:00:00+00:00,Non Graduated,35+,0.0,Unknown,Unknown,Unknown,1,0,1,1,19813.616665853784,0,0,0,0,0.0
760,2024,0,2018.0,2018-04-16,2018-06-12 00:00:00+00:00,Non Graduated,35+,0.0,Unknown,Unknown,Unknown,1,0,0,1,21179.344314363727,0,0,0,0,0.0
1325,2017,1,2021.0,2021-03-08,2021-04-12 00:00:00+00:00,Graduated,35+,0.0,Unknown,Unknown,Unknown,0,0,0,1,2078.111675371935,0,0,0,0,0.0
1325,2018,1,2021.0,2021-03-08,2021-04-12 00:00:00+00:00,Graduated,35+,0.0,Unknown,Unknown,Unknown,0,0,0,1,299.2462295956343,0,0,0,0,0.0
1325,2019,1,2021.0,2021-03-08,2021-04-12 00:00:00+00:00,Graduated,35+,0.0,Unknown,Unknown,Unknown,0,0,1,1,7398.092901092405,0,0,0,0,0.0
1325,2020,1,2021.0,2021-03-08,2021-04-12 00:00:00+00:00,Graduated,35+,0.0,Unknown,Unknown,Unknown,0,0,0,1,8316.068950331066,0,0,0,0,0.0
1325,2021,1,2021.0,2021-03-08,2021-04-12 00:00:00+00:00,Graduated,35+,0.0,Unknown,Unknown,Unknown,1,1,0,1,6487.1614645901545,0,0,0,0,0.0
1325,2022,1,2021.0,2021-03-08,2021-04-12 00:00:00+00:00,Graduated,35+,0.0,Unknown,Unknown,Unknown,1,1,1,1,13657.666748852005,0,0,0,0,0.0
1325,2023,1,2021.0,2021-03-08,2021-04-12 00:00:00+00:00,Graduated,35+,0.0,Unknown,Unknown,Unknown,1,1,0,1,42849.90025389915,0,0,0,0,0.0
1325,2024,1,2021.0,2021-03-08,2021-04-12 00:00:00+00:00,Graduated,35+,0.0,Unknown,Unknown,Unknown,1,1,0,1,42868.48261962122,1,1,1,0,0.0
851,2017,0,2018.0,2018-10-08,2018-10-19 00:00:00+00:00,Non Graduated,35+,0.0,Unknown,Unknown,Unknown,0,0,0,0,0.0,0,0,0,0,0.0
851,2018,0,2018.0,2018-10-08,2018-10-19 00:00:00+00:00,Non Graduated,35+,0.0,Unknown,Unknown,Unknown,1,0,0,1,10404.006542819732,0,0,0,0,0.0
851,2019,0,2018.0,2018-10-08,2018-10-19 00:00:00+00:00,Non Graduated,35+,0.0,Unknown,Unknown,Unknown,1,0,1,1,39593.48458214409,0,0,0,0,0.0
851,2020,0,2018.0,2018-10-08,2018-10-19 00:00:00+00:00,Non Graduated,35+,0.0,Unknown,Unknown,Unknown,1,0,0,1,19965.452401788032,0,0,0,0,0.0
851,2021,0,2018.0,2018-10-08,2018-10-19 00:00:00+00:00,Non Graduated,35+,0.0,Unknown,Unknown,Unknown,1,0,0,1,2066.9935676544374,0,0,0,0,0.0
851,2022,0,2018.0,2018-10-08,2018-10-19 00:00:00+00:00,Non Graduated,35+,0.0,Unknown,Unknown,Unknown,1,0,0,1,338.1385998107852,0,0,0,0,0.0
851,2023,0,2018.0,2018-10-08,2018-10-19 00:00:00+00:00,Non Graduated,35+,0.0,Unknown,Unknown,Unknown,1,0,0,0,0.0,0,0,0,0,0.0
851,2024,0,2018.0,2018-10-08,2018-10-19 00:00:00+00:00,Non Graduated,35+,0.0,Unknown,Unknown,Unknown,1,0,0,0,0.0,0,0,0,0,0.0
882,2017,0,2019.0,2018-11-26,2019-02-08 00:00:00+00:00,Non Graduated,35+,0.0,Unknown,Unknown,Unknown,0,0,0,1,56.52318638347584,0,0,0,0,0.0
882,2018,0,2019.0,2018-11-26,2019-02-08 00:00:00+00:00,Non Graduated,35+,0.0,Unknown,Unknown,Unknown,0,0,0,1,8091.925291210643,0,0,0,0,0.0
882,2019,0,2019.0,2018-11-26,2019-02-08 00:00:00+00:00,Non Graduated,35+,0.0,Unknown,Unknown,Unknown,1,0,1,1,14409.24805908211,0,0,0,0,0.0
882,2020,0,2019.0,2018-11-26,2019-02-08 00:00:00+00:00,Non Graduated,35+,0.0,Unknown,Unknown,Unknown,1,0,1,1,11999.497095426514,0,0,0,0,0.0
882,2021,0,2019.0,2018-11-26,2019-02-08 00:00:00+00:00,Non Graduated,35+,0.0,Unknown,Unknown,Unknown,1,0,1,1,25575.601680630323,0,0,0,0,0.0
882,2022,0,2019.0,2018-11-26,2019-02-08 00:00:00+00:00,Non Graduated,35+,0.0,Unknown,Unknown,Unknown,1,0,0,1,5447.41284295175,0,0,0,0,0.0
882,2023,0,2019.0,2018-11-26,2019-02-08 00:00:00+00:00,Non Graduated,35+,0.0,Unknown,Unknown,Unknown,1,0,0,1,13007.505362069227,0,0,0,0,0.0
882,2024,0,2019.0,2018-11-26,2019-02-08 00:00:00+00:00,Non Graduated,35+,0.0,Unknown,Unknown,Unknown,1,0,0,1,12625.005738100697,0,0,0,0,0.0
797,2017,1,2018.0,2018-07-09,2018-08-17 00:00:00+00:00,Graduated,35+,0.0,Unknown,Unknown,Unknown,0,0,0,1,2879.3607409368615,0,0,0,0,0.0
797,2018,1,2018.0,2018-07-09,2018-08-17 00:00:00+00:00,Graduated,35+,0.0,Unknown,Unknown,Unknown,1,1,0,1,715.0770275691821,0,0,0,0,0.0
797,2019,1,2018.0,2018-07-09,2018-08-17 00:00:00+00:00,Graduated,35+,0.0,Unknown,Unknown,Unknown,1,1,0,0,0.0,0,0,0,0,0.0
797,2020,1,2018.0,2018-07-09,2018-08-17 00:00:00+00:00,Graduated,35+,0.0,Unknown,Unknown,Unknown,1,1,0,0,0.0,0,0,0,0,0.0
797,2021,1,2018.0,2018-07-09,2018-08-17 00:00:00+00:00,Graduated,35+,0.0,Unknown,Unknown,Unknown,1,1,0,1,3411.376137904319,0,0,0,0,0.0
797,2022,1,2018.0,2018-07-09,2018-08-17 00:00:00+00:00,Graduated,35+,0.0,Unknown,Unknown,Unknown,1,1,1,1,26958.429392727565,3,1,1,0,0.0
797,2023,1,2018.0,2018-07-09,2018-08-17 00:00:00+00:00,Graduated,35+,0.0,Unknown,Unknown,Unknown,1,1,1,1,7575.815599661773,0,0,1,1,0.0
797,2024,1,2018.0,2018-07-09,2018-08-17 00:00:00+00:00,Graduated,35+,0.0,Unknown,Unknown,Unknown,1,1,0,1,7253.114847777262,0,0,1,1,0.0
1346,2017,0,2021.0,2021-04-26,2021-05-11 00:00:00+00:00,Non Graduated,35+,0.0,Unknown,Unknown,Unknown,0,0,0,1,157.73912479109538,0,0,0,0,0.0
1346,2018,0,2021.0,2021-04-26,2021-05-11 00:00:00+00:00,Non Graduated,35+,0.0,Unknown,Unknown,Unknown,0,0,0,1,3717.283379394795,0,0,0,0,0.0
1346,2019,0,2021.0,2021-04-26,2021-05-11 00:00:00+00:00,Non Graduated,35+,0.0,Unknown,Unknown,Unknown,0,0,1,1,7689.705876056103,0,0,0,0,0.0
1346,2020,0,2021.0,2021-04-26,2021-05-11 00:00:00+00:00,Non Graduated,35+,0.0,Unknown,Unknown,Unknown,0,0,1,1,13714.261802120564,0,0,0,0,0.0
1346,2021,0,2021.0,2021-04-26,2021-05-11 00:00:00+00:00,Non Graduated,35+,0.0,Unknown,Unknown,Unknown,1,0,0,0,0.0,0,0,0,0,0.0
1346,2022,0,2021.0,2021-04-26,2021-05-11 00:00:00+00:00,Non Graduated,35+,0.0,Unknown,Unknown,Unknown,1,0,0,1,12577.146277631091,0,0,0,0,0.0
1346,2023,0,2021.0,2021-04-26,2021-05-11 00:00:00+00:00,Non Graduated,35+,0.0,Unknown,Unknown,Unknown,1,0,0,1,11405.078222155273,0,0,0,0,0.0
1346,2024,0,2021.0,2021-04-26,2021-05-11 00:00:00+00:00,Non Graduated,35+,0.0,Unknown,Unknown,Unknown,1,0,0,1,10337.816333618288,0,0,0,0,0.0
1456,2017,1,2021.0,2021-10-18,2021-11-01 00:00:00+00:00,Graduated,35+,0.0,Unknown,Unknown,Unknown,0,0,0,1,1408.7648924920688,0,0,0,0,0.0
1456,2018,1,2021.0,2021-10-18,2021-11-01 00:00:00+00:00,Graduated,35+,0.0,Unknown,Unknown,Unknown,0,0,0,1,5772.968917401042,0,0,0,0,0.0
1456,2019,1,2021.0,2021-10-18,2021-11-01 00:00:00+00:00,Graduated,35+,0.0,Unknown,Unknown,Unknown,0,0,1,1,11661.511107648766,0,0,0,0,0.0
1456,2020,1,2021.0,2021-10-18,2021-11-01 00:00:00+00:00,Graduated,35+,0.0,Unknown,Unknown,Unknown,0,0,0,1,13318.962083363336,0,0,0,0,0.0
1456,2021,1,2021.0,2021-10-18,2021-11-01 00:00:00+00:00,Graduated,35+,0.0,Unknown,Unknown,Unknown,1,1,1,1,28331.181318383788,0,0,0,0,0.0
1456,2022,1,2021.0,2021-10-18,2021-11-01 00:00:00+00:00,Graduated,35+,0.0,Unknown,Unknown,Unknown,1,1,1,1,24968.886594824726,0,0,0,0,0.0
1456,2023,1,2021.0,2021-10-18,2021-11-01 00:00:00+00:00,Graduated,35+,0.0,Unknown,Unknown,Unknown,1,1,1,1,22836.171967152888,0,0,0,0,0.0
1456,2024,1,2021.0,2021-10-18,2021-11-01 00:00:00+00:00,Graduated,35+,0.0,Unknown,Unknown,Unknown,1,1,0,0,0.0,0,0,0,0,0.0
210,2017,0,2020.0,2020-07-27,2020-10-30 00:00:00+00:00,Non Graduated,35+,0.0,Unknown,Unknown,Unknown,0,0,0,1,1989.3711557234792,1,1,1,1,0.0
210,2018,0,2020.0,2020-07-27,2020-10-30 00:00:00+00:00,Non Graduated,35+,0.0,Unknown,Unknown,Unknown,0,0,0,1,746.8257195511735,1,1,1,1,0.0
210,2019,0,2020.0,2020-07-27,2020-10-30 00:00:00+00:00,Non Graduated,35+,0.0,Unknown,Unknown,Unknown,0,0,0,1,5095.866168837941,0,0,1,1,0.0
210,2020,0,2020.0,2020-07-27,2020-10-30 00:00:00+00:00,Non Graduated,35+,0.0,Unknown,Unknown,Unknown,1,0,0,1,5809.2904814719595,0,0,1,1,0.0
210,2021,0,2020.0,2020-07-27,2020-10-30 00:00:00+00:00,Non Graduated,35+,0.0,Unknown,Unknown,Unknown,1,0,0,0,0.0,0,0,1,1,0.0
210,2022,0,2020.0,2020-07-27,2020-10-30 00:00:00+00:00,Non Graduated,35+,0.0,Unknown,Unknown,Unknown,1,0,0,0,0.0,0,0,1,1,0.0
210,2023,0,2020.0,2020-07-27,2020-10-30 00:00:00+00:00,Non Graduated,35+,0.0,Unknown,Unknown,Unknown,1,0,1,1,36415.8168096258,0,0,1,1,0.0
210,2024,0,2020.0,2020-07-27,2020-10-30 00:00:00+00:00,Non Graduated,35+,0.0,Unknown,Unknown,Unknown,1,0,0,0,0.0,0,0,1,1,0.0
1097,2017,0,2019.0,2019-11-04,2019-12-17 00:00:00+00:00,Non Graduated,35+,0.0,Unknown,Unknown,Unknown,0,0,0,0,0.0,3,1,1,0,0.0
1097,2018,0,2019.0,2019-11-04,2019-12-17 00:00:00+00:00,Non Graduated,35+,0.0,Unknown,Unknown,Unknown,0,0,0,1,9786.145997877858,2,1,1,1,0.0
1097,2019,0,2019.0,2019-11-04,2019-12-17 00:00:00+00:00,Non Graduated,35+,0.0,Unknown,Unknown,Unknown,1,0,1,1,10623.588175991586,1,1,1,1,0.0
1097,2020,0,2019.0,2019-11-04,2019-12-17 00:00:00+00:00,Non Graduated,35+,0.0,Unknown,Unknown,Unknown,1,0,1,1,16618.286718541403,0,0,1,1,0.0
1097,2021,0,2019.0,2019-11-04,2019-12-17 00:00:00+00:00,Non Graduated,35+,0.0,Unknown,Unknown,Unknown,1,0,0,1,12203.28701376123,0,0,1,1,0.0
1097,2022,0,2019.0,2019-11-04,2019-12-17 00:00:00+00:00,Non Graduated,35+,0.0,Unknown,Unknown,Unknown,1,0,1,1,19400.610628157243,0,0,1,1,0.0
1097,2023,0,2019.0,2019-11-04,2019-12-17 00:00:00+00:00,Non Graduated,35+,0.0,Unknown,Unknown,Unknown,1,0,0,1,11434.521650178933,0,0,1,1,0.0
1097,2024,0,2019.0,2019-11-04,2019-12-17 00:00:00+00:00,Non Graduated,35+,0.0,Unknown,Unknown,Unknown,1,0,0,1,22469.752412513444,0,0,1,1,0.0
759,2017,0,2018.0,2018-04-23,2018-06-14 00:00:00+00:00,Non Graduated,35+,0.0,Unknown,Unknown,Unknown,0,0,1,1,21721.98698320258,6,1,1,0,0.0
759,2018,0,2018.0,2018-04-23,2018-06-14 00:00:00+00:00,Non Graduated,35+,0.0,Unknown,Unknown,Unknown,1,0,0,1,17105.158834051213,0,0,1,1,0.0
759,2019,0,2018.0,2018-04-23,2018-06-14 00:00:00+00:00,Non Graduated,35+,0.0,Unknown,Unknown,Unknown,1,0,1,1,13350.104002381191,0,0,1,1,0.0
759,2020,0,2018.0,2018-04-23,2018-06-14 00:00:00+00:00,Non Graduated,35+,0.0,Unknown,Unknown,Unknown,1,0,0,1,2134.288204869922,2,1,1,1,0.0
759,2021,0,2018.0,2018-04-23,2018-06-14 00:00:00+00:00,Non Graduated,35+,0.0,Unknown,Unknown,Unknown,1,0,1,1,16271.91401914844,0,0,1,1,0.0
759,2022,0,2018.0,2018-04-23,2018-06-14 00:00:00+00:00,Non Graduated,35+,0.0,Unknown,Unknown,Unknown,1,0,0,1,3328.4109508041624,0,0,1,1,0.0
759,2023,0,2018.0,2018-04-23,2018-06-14 00:00:00+00:00,Non Graduated,35+,0.0,Unknown,Unknown,Unknown,1,0,0,0,0.0,3,1,1,1,0.0
759,2024,0,2018.0,2018-04-23,2018-06-14 00:00:00+00:00,Non Graduated,35+,0.0,Unknown,Unknown,Unknown,1,0,0,1,6021.959035525253,0,0,1,1,0.0
811,2017,1,2018.0,2018-07-30,2018-10-12 00:00:00+00:00,Graduated,35+,0.0,Unknown,Unknown,Unknown,0,0,1,1,6613.6382958578,0,0,0,0,0.0
811,2018,1,2018.0,2018-07-30,2018-10-12 00:00:00+00:00,Graduated,35+,0.0,Unknown,Unknown,Unknown,1,1,0,0,0.0,2,1,1,0,0.0
811,2019,1,2018.0,2018-07-30,2018-10-12 00:00:00+00:00,Graduated,35+,0.0,Unknown,Unknown,Unknown,1,1,0,0,0.0,0,0,1,1,0.0
811,2020,1,2018.0,2018-07-30,2018-10-12 00:00:00+00:00,Graduated,35+,0.0,Unknown,Unknown,Unknown,1,1,0,0,0.0,1,1,1,1,0.0
811,2021,1,2018.0,2018-07-30,2018-10-12 00:00:00+00:00,Graduated,35+,0.0,Unknown,Unknown,Unknown,1,1,0,1,1513.306095144636,0,0,1,1,0.0
811,2022,1,2018.0,2018-07-30,2018-10-12 00:00:00+00:00,Graduated,35+,0.0,Unknown,Unknown,Unknown,1,1,0,1,7645.363568621282,0,0,1,1,0.0
811,2023,1,2018.0,2018-07-30,2018-10-12 00:00:00+00:00,Graduated,35+,0.0,Unknown,Unknown,Unknown,1,1,0,0,0.0,0,0,1,1,0.0
811,2024,1,2018.0,2018-07-30,2018-10-12 00:00:00+00:00,Graduated,35+,0.0,Unknown,Unknown,Unknown,1,1,0,1,1811.5283864605613,0,0,1,1,0.0
1076,2017,0,2019.0,2019-10-07,2019-10-23 00:00:00+00:00,Non Graduated,35+,0.0,Unknown,Unknown,Unknown,0,0,0,1,3272.4194380054405,0,0,1,1,0.0
1076,2018,0,2019.0,2019-10-07,2019-10-23 00:00:00+00:00,Non Graduated,35+,0.0,Unknown,Unknown,Unknown,0,0,0,0,0.0,0,0,1,1,0.0
1076,2019,0,2019.0,2019-10-07,2019-10-23 00:00:00+00:00,Non Graduated,35+,0.0,Unknown,Unknown,Unknown,1,0,0,1,388.7249599819285,0,0,1,1,0.0
1076,2020,0,2019.0,2019-10-07,2019-10-23 00:00:00+00:00,Non Graduated,35+,0.0,Unknown,Unknown,Unknown,1,0,0,1,3956.7160635750033,0,0,1,1,0.0
1076,2021,0,2019.0,2019-10-07,2019-10-23 00:00:00+00:00,Non Graduated,35+,0.0,Unknown,Unknown,Unknown,1,0,0,1,354.50416424559364,0,0,1,1,0.0
1076,2022,0,2019.0,2019-10-07,2019-10-23 00:00:00+00:00,Non Graduated,35+,0.0,Unknown,Unknown,Unknown,1,0,0,1,10222.232040858442,0,0,1,1,0.0
1076,2023,0,2019.0,2019-10-07,2019-10-23 00:00:00+00:00,Non Graduated,35+,0.0,Unknown,Unknown,Unknown,1,0,0,1,13335.641989354637,0,0,1,1,0.0
1076,2024,0,2019.0,2019-10-07,2019-10-23 00:00:00+00:00,Non Graduated,35+,0.0,Unknown,Unknown,Unknown,1,0,0,1,13649.664445128265,0,0,1,1,0.0
737,2017,1,2018.0,2018-03-12,2018-04-17 00:00:00+00:00,Graduated,35+,0.0,Unknown,Unknown,Unknown,0,0,1,1,37295.56548058239,0,0,1,1,0.0
737,2018,1,2018.0,2018-03-12,2018-04-17 00:00:00+00:00,Graduated,35+,0.0,Unknown,Unknown,Unknown,1,1,1,1,26459.73697562871,0,0,1,1,0.0
737,2019,1,2018.0,2018-03-12,2018-04-17 00:00:00+00:00,Graduated,35+,0.0,Unknown,Unknown,Unknown,1,1,1,1,23239.7920686566,0,0,1,1,0.0
737,2020,1,2018.0,2018-03-12,2018-04-17 00:00:00+00:00,Graduated,35+,0.0,Unknown,Unknown,Unknown,1,1,0,1,24851.490436854998,0,0,1,1,0.0
737,2021,1,2018.0,2018-03-12,2018-04-17 00:00:00+00:00,Graduated,35+,0.0,Unknown,Unknown,Unknown,1,1,0,0,0.0,0,0,1,1,0.0
737,2022,1,2018.0,2018-03-12,2018-04-17 00:00:00+00:00,Graduated,35+,0.0,Unknown,Unknown,Unknown,1,1,0,0,0.0,0,0,1,1,0.0
737,2023,1,2018.0,2018-03-12,2018-04-17 00:00:00+00:00,Graduated,35+,0.0,Unknown,Unknown,Unknown,1,1,0,0,0.0,0,0,1,1,0.0
737,2024,1,2018.0,2018-03-12,2018-04-17 00:00:00+00:00,Graduated,35+,0.0,Unknown,Unknown,Unknown,1,1,0,0,0.0,0,0,1,1,0.0
838,2017,1,2018.0,2018-09-10,2018-11-21 00:00:00+00:00,Graduated,35+,0.0,Unknown,Unknown,Unknown,0,0,0,0,0.0,0,0,0,0,0.0
838,2018,1,2018.0,2018-09-10,2018-11-21 00:00:00+00:00,Graduated,35+,0.0,Unknown,Unknown,Unknown,1,1,0,0,0.0,0,0,0,0,0.0
838,2019,1,2018.0,2018-09-10,2018-11-21 00:00:00+00:00,Graduated,35+,0.0,Unknown,Unknown,Unknown,1,1,0,0,0.0,0,0,0,0,0.0
838,2020,1,2018.0,2018-09-10,2018-11-21 00:00:00+00:00,Graduated,35+,0.0,Unknown,Unknown,Unknown,1,1,0,1,2239.3682286907715,4,1,1,0,0.0
838,2021,1,2018.0,2018-09-10,2018-11-21 00:00:00+00:00,Graduated,35+,0.0,Unknown,Unknown,Unknown,1,1,1,1,25270.882395588196,0,0,1,1,0.0
838,2022,1,2018.0,2018-09-10,2018-11-21 00:00:00+00:00,Graduated,35+,0.0,Unknown,Unknown,Unknown,1,1,1,1,22572.464716771075,0,0,1,1,0.0
838,2023,1,2018.0,2018-09-10,2018-11-21 00:00:00+00:00,Graduated,35+,0.0,Unknown,Unknown,Unknown,1,1,1,1,18978.31801113921,0,0,1,1,0.0
838,2024,1,2018.0,2018-09-10,2018-11-21 00:00:00+00:00,Graduated,35+,0.0,Unknown,Unknown,Unknown,1,1,0,1,18020.245620585534,0,0,1,1,0.0
765,2017,1,2018.0,2018-05-14,2018-07-27 00:00:00+00:00,Graduated,35+,0.0,Unknown,Unknown,Unknown,0,0,1,1,21080.493327510216,0,0,1,1,0.0
765,2018,1,2018.0,2018-05-14,2018-07-27 00:00:00+00:00,Graduated,35+,0.0,Unknown,Unknown,Unknown,1,1,1,1,22457.68338277623,0,0,1,1,0.0
765,2019,1,2018.0,2018-05-14,2018-07-27 00:00:00+00:00,Graduated,35+,0.0,Unknown,Unknown,Unknown,1,1,0,0,0.0,1,1,1,1,0.0
765,2020,1,2018.0,2018-05-14,2018-07-27 00:00:00+00:00,Graduated,35+,0.0,Unknown,Unknown,Unknown,1,1,0,0,0.0,0,0,1,1,0.0
765,2021,1,2018.0,2018-05-14,2018-07-27 00:00:00+00:00,Graduated,35+,0.0,Unknown,Unknown,Unknown,1,1,0,1,4802.65969397637,0,0,1,1,0.0
765,2022,1,2018.0,2018-05-14,2018-07-27 00:00:00+00:00,Graduated,35+,0.0,Unknown,Unknown,Unknown,1,1,1,1,44925.834349811164,0,0,1,1,0.0
765,2023,1,2018.0,2018-05-14,2018-07-27 00:00:00+00:00,Graduated,35+,0.0,Unknown,Unknown,Unknown,1,1,1,1,33541.164886342514,0,0,1,1,0.0
765,2024,1,2018.0,2018-05-14,2018-07-27 00:00:00+00:00,Graduated,35+,0.0,Unknown,Unknown,Unknown,1,1,0,1,11086.299601690174,0,0,1,1,0.0
1080,2017,0,2019.0,2019-10-14,2019-10-21 00:00:00+00:00,Non Graduated,35+,0.0,Unknown,Unknown,Unknown,0,0,0,0,0.0,0,0,0,0,0.0
1080,2018,0,2019.0,2019-10-14,2019-10-21 00:00:00+00:00,Non Graduated,35+,0.0,Unknown,Unknown,Unknown,0,0,0,0,0.0,0,0,0,0,0.0
1080,2019,0,2019.0,2019-10-14,2019-10-21 00:00:00+00:00,Non Graduated,35+,0.0,Unknown,Unknown,Unknown,1,0,0,0,0.0,0,0,0,0,0.0
1080,2020,0,2019.0,2019-10-14,2019-10-21 00:00:00+00:00,Non Graduated,35+,0.0,Unknown,Unknown,Unknown,1,0,0,1,7377.513491137144,0,0,0,0,0.0
1080,2021,0,2019.0,2019-10-14,2019-10-21 00:00:00+00:00,Non Graduated,35+,0.0,Unknown,Unknown,Unknown,1,0,0,1,1062.7028517166243,0,0,0,0,0.0
1080,2022,0,2019.0,2019-10-14,2019-10-21 00:00:00+00:00,Non Graduated,35+,0.0,Unknown,Unknown,Unknown,1,0,0,1,24726.354945287545,0,0,0,0,0.0
1080,2023,0,2019.0,2019-10-14,2019-10-21 00:00:00+00:00,Non Graduated,35+,0.0,Unknown,Unknown,Unknown,1,0,1,1,38723.6144061654,0,0,0,0,0.0
1080,2024,0,2019.0,2019-10-14,2019-10-21 00:00:00+00:00,Non Graduated,35+,0.0,Unknown,Unknown,Unknown,1,0,0,1,15447.397720391868,0,0,0,0,0.0
1265,2017,1,2021.0,2020-10-26,2021-01-15 00:00:00+00:00,Graduated,35+,0.0,Unknown,Unknown,Unknown,0,0,1,1,20409.875188227925,0,0,1,1,0.0
1265,2018,1,2021.0,2020-10-26,2021-01-15 00:00:00+00:00,Graduated,35+,0.0,Unknown,Unknown,Unknown,0,0,0,1,10231.179344000633,0,0,1,1,0.0
1265,2019,1,2021.0,2020-10-26,2021-01-15 00:00:00+00:00,Graduated,35+,0.0,Unknown,Unknown,Unknown,0,0,0,1,8918.091272477006,0,0,1,1,0.0
1265,2020,1,2021.0,2020-10-26,2021-01-15 00:00:00+00:00,Graduated,35+,0.0,Unknown,Unknown,Unknown,0,0,0,1,8549.47588381562,0,0,1,1,0.0
1265,2021,1,2021.0,2020-10-26,2021-01-15 00:00:00+00:00,Graduated,35+,0.0,Unknown,Unknown,Unknown,1,1,0,1,58.72383030614209,0,0,1,1,0.0
1265,2022,1,2021.0,2020-10-26,2021-01-15 00:00:00+00:00,Graduated,35+,0.0,Unknown,Unknown,Unknown,1,1,0,1,6153.3707386138185,0,0,1,1,0.0
1265,2023,1,2021.0,2020-10-26,2021-01-15 00:00:00+00:00,Graduated,35+,0.0,Unknown,Unknown,Unknown,1,1,0,0,0.0,0,0,1,1,0.0
1265,2024,1,2021.0,2020-10-26,2021-01-15 00:00:00+00:00,Graduated,35+,0.0,Unknown,Unknown,Unknown,1,1,0,0,0.0,0,0,1,1,0.0
776,2017,0,2018.0,2018-05-29,2018-07-16 00:00:00+00:00,Non Graduated,35+,0.0,Unknown,Unknown,Unknown,0,0,0,0,0.0,0,0,0,0,0.0
776,2018,0,2018.0,2018-05-29,2018-07-16 00:00:00+00:00,Non Graduated,35+,0.0,Unknown,Unknown,Unknown,1,0,0,0,0.0,0,0,0,0,0.0
776,2019,0,2018.0,2018-05-29,2018-07-16 00:00:00+00:00,Non Graduated,35+,0.0,Unknown,Unknown,Unknown,1,0,0,0,0.0,0,0,0,0,0.0
776,2020,0,2018.0,2018-05-29,2018-07-16 00:00:00+00:00,Non Graduated,35+,0.0,Unknown,Unknown,Unknown,1,0,0,0,0.0,0,0,0,0,0.0
776,2021,0,2018.0,2018-05-29,2018-07-16 00:00:00+00:00,Non Graduated,35+,0.0,Unknown,Unknown,Unknown,1,0,0,0,0.0,0,0,0,0,0.0
776,2022,0,2018.0,2018-05-29,2018-07-16 00:00:00+00:00,Non Graduated,35+,0.0,Unknown,Unknown,Unknown,1,0,0,0,0.0,0,0,0,0,0.0
776,2023,0,2018.0,2018-05-29,2018-07-16 00:00:00+00:00,Non Graduated,35+,0.0,Unknown,Unknown,Unknown,1,0,0,0,0.0,0,0,0,0,0.0
776,2024,0,2018.0,2018-05-29,2018-07-16 00:00:00+00:00,Non Graduated,35+,0.0,Unknown,Unknown,Unknown,1,0,0,0,0.0,0,0,0,0,0.0
916,2017,1,2019.0,2019-02-04,2019-03-29 00:00:00+00:00,Graduated,35+,0.0,Unknown,Unknown,Unknown,0,0,0,0,0.0,2,1,1,1,0.0
916,2018,1,2019.0,2019-02-04,2019-03-29 00:00:00+00:00,Graduated,35+,0.0,Unknown,Unknown,Unknown,0,0,0,1,4175.592339348146,0,0,1,1,0.0
916,2019,1,2019.0,2019-02-04,2019-03-29 00:00:00+00:00,Graduated,35+,0.0,Unknown,Unknown,Unknown,1,1,0,1,1893.6142260754657,1,1,1,1,0.0
916,2020,1,2019.0,2019-02-04,2019-03-29 00:00:00+00:00,Graduated,35+,0.0,Unknown,Unknown,Unknown,1,1,0,0,0.0,1,1,1,1,0.0
916,2021,1,2019.0,2019-02-04,2019-03-29 00:00:00+00:00,Graduated,35+,0.0,Unknown,Unknown,Unknown,1,1,0,1,2963.887274840209,0,0,1,1,0.0
916,2022,1,2019.0,2019-02-04,2019-03-29 00:00:00+00:00,Graduated,35+,0.0,Unknown,Unknown,Unknown,1,1,0,1,3865.0479842271125,0,0,1,1,0.0
916,2023,1,2019.0,2019-02-04,2019-03-29 00:00:00+00:00,Graduated,35+,0.0,Unknown,Unknown,Unknown,1,1,1,1,8601.897553058468,3,1,1,1,0.0
916,2024,1,2019.0,2019-02-04,2019-03-29 00:00:00+00:00,Graduated,35+,0.0,Unknown,Unknown,Unknown,1,1,0,1,295.6962142847995,0,0,1,1,0.0
780,2017,1,2018.0,2018-05-29,2018-07-06 00:00:00+00:00,Graduated,35+,0.0,Unknown,Unknown,Unknown,0,0,0,1,2687.1573176950087,0,0,1,1,0.0
780,2018,1,2018.0,2018-05-29,2018-07-06 00:00:00+00:00,Graduated,35+,0.0,Unknown,Unknown,Unknown,1,1,0,1,12243.957375478816,0,0,1,1,0.0
780,2019,1,2018.0,2018-05-29,2018-07-06 00:00:00+00:00,Graduated,35+,0.0,Unknown,Unknown,Unknown,1,1,1,1,12564.851369340176,0,0,1,1,0.0
780,2020,1,2018.0,2018-05-29,2018-07-06 00:00:00+00:00,Graduated,35+,0.0,Unknown,Unknown,Unknown,1,1,1,1,6676.568380619407,0,0,1,1,0.0
780,2021,1,2018.0,2018-05-29,2018-07-06 00:00:00+00:00,Graduated,35+,0.0,Unknown,Unknown,Unknown,1,1,0,1,3238.6066150433794,0,0,1,1,0.0
780,2022,1,2018.0,2018-05-29,2018-07-06 00:00:00+00:00,Graduated,35+,0.0,Unknown,Unknown,Unknown,1,1,1,1,12931.666961746183,0,0,1,1,0.0
780,2023,1,2018.0,2018-05-29,2018-07-06 00:00:00+00:00,Graduated,35+,0.0,Unknown,Unknown,Unknown,1,1,1,1,14276.120476661865,0,0,1,1,0.0
780,2024,1,2018.0,2018-05-29,2018-07-06 00:00:00+00:00,Graduated,35+,0.0,Unknown,Unknown,Unknown,1,1,0,1,5554.361377914797,0,0,1,1,0.0
1433,2017,1,2022.0,2021-09-27,2022-01-21 00:00:00+00:00,Graduated,35+,0.0,Unknown,Unknown,Unknown,0,0,0,1,9773.956575917306,1,1,1,0,0.0
1433,2018,1,2022.0,2021-09-27,2022-01-21 00:00:00+00:00,Graduated,35+,0.0,Unknown,Unknown,Unknown,0,0,0,1,13051.664633435983,0,0,1,1,0.0
1433,2019,1,2022.0,2021-09-27,2022-01-21 00:00:00+00:00,Graduated,35+,0.0,Unknown,Unknown,Unknown,0,0,0,1,3628.0065609750404,0,0,1,1,0.0
1433,2020,1,2022.0,2021-09-27,2022-01-21 00:00:00+00:00,Graduated,35+,0.0,Unknown,Unknown,Unknown,0,0,1,1,27013.88399168693,0,0,1,1,0.0
1433,2021,1,2022.0,2021-09-27,2022-01-21 00:00:00+00:00,Graduated,35+,0.0,Unknown,Unknown,Unknown,0,0,1,1,13659.982388185144,0,0,1,1,0.0
1433,2022,1,2022.0,2021-09-27,2022-01-21 00:00:00+00:00,Graduated,35+,0.0,Unknown,Unknown,Unknown,1,1,0,0,0.0,0,0,1,1,0.0
1433,2023,1,2022.0,2021-09-27,2022-01-21 00:00:00+00:00,Graduated,35+,0.0,Unknown,Unknown,Unknown,1,1,0,1,3756.645641670959,0,0,1,1,0.0
1433,2024,1,2022.0,2021-09-27,2022-01-21 00:00:00+00:00,Graduated,35+,0.0,Unknown,Unknown,Unknown,1,1,0,1,17726.728433117198,0,0,1,1,0.0
726,2017,1,2018.0,2018-02-12,2018-08-17 00:00:00+00:00,Graduated,35+,0.0,Unknown,Unknown,Unknown,0,0,0,0,0.0,0,0,0,0,0.0
726,2018,1,2018.0,2018-02-12,2018-08-17 00:00:00+00:00,Graduated,35+,0.0,Unknown,Unknown,Unknown,1,1,0,1,5587.90896182832,0,0,0,0,0.0
726,2019,1,2018.0,2018-02-12,2018-08-17 00:00:00+00:00,Graduated,35+,0.0,Unknown,Unknown,Unknown,1,1,0,0,0.0,0,0,0,0,0.0
726,2020,1,2018.0,2018-02-12,2018-08-17 00:00:00+00:00,Graduated,35+,0.0,Unknown,Unknown,Unknown,1,1,0,1,345.8579819866858,0,0,0,0,0.0
726,2021,1,2018.0,2018-02-12,2018-08-17 00:00:00+00:00,Graduated,35+,0.0,Unknown,Unknown,Unknown,1,1,0,0,0.0,0,0,0,0,0.0
726,2022,1,2018.0,2018-02-12,2018-08-17 00:00:00+00:00,Graduated,35+,0.0,Unknown,Unknown,Unknown,1,1,0,0,0.0,2,1,1,0,0.0
726,2023,1,2018.0,2018-02-12,2018-08-17 00:00:00+00:00,Graduated,35+,0.0,Unknown,Unknown,Unknown,1,1,0,0,0.0,0,0,1,1,0.0
726,2024,1,2018.0,2018-02-12,2018-08-17 00:00:00+00:00,Graduated,35+,0.0,Unknown,Unknown,Unknown,1,1,0,0,0.0,0,0,1,1,0.0
693,2017,0,2018.0,2017-12-18,2018-01-08 00:00:00+00:00,Non Graduated,35+,0.0,Unknown,Unknown,Unknown,0,0,0,0,0.0,0,0,0,0,0.0
693,2018,0,2018.0,2017-12-18,2018-01-08 00:00:00+00:00,Non Graduated,35+,0.0,Unknown,Unknown,Unknown,1,0,1,1,20376.138507257714,0,0,0,0,0.0
693,2019,0,2018.0,2017-12-18,2018-01-08 00:00:00+00:00,Non Graduated,35+,0.0,Unknown,Unknown,Unknown,1,0,0,0,0.0,0,0,0,0,0.0
693,2020,0,2018.0,2017-12-18,2018-01-08 00:00:00+00:00,Non Graduated,35+,0.0,Unknown,Unknown,Unknown,1,0,1,1,6476.2840587584315,0,0,0,0,0.0
693,2021,0,2018.0,2017-12-18,2018-01-08 00:00:00+00:00,Non Graduated,35+,0.0,Unknown,Unknown,Unknown,1,0,0,1,2631.466976564013,0,0,0,0,0.0
693,2022,0,2018.0,2017-12-18,2018-01-08 00:00:00+00:00,Non Graduated,35+,0.0,Unknown,Unknown,Unknown,1,0,0,1,1148.5441106906337,0,0,0,0,0.0
693,2023,0,2018.0,2017-12-18,2018-01-08 00:00:00+00:00,Non Graduated,35+,0.0,Unknown,Unknown,Unknown,1,0,0,1,4796.580854941833,0,0,0,0,0.0
693,2024,0,2018.0,2017-12-18,2018-01-08 00:00:00+00:00,Non Graduated,35+,0.0,Unknown,Unknown,Unknown,1,0,0,1,26234.056198129176,0,0,0,0,0.0
824,2017,0,2018.0,2018-09-04,2018-10-25 00:00:00+00:00,Non Graduated,35+,0.0,Unknown,Unknown,Unknown,0,0,0,0,0.0,0,0,1,1,0.0
824,2018,0,2018.0,2018-09-04,2018-10-25 00:00:00+00:00,Non Graduated,35+,0.0,Unknown,Unknown,Unknown,1,0,0,0,0.0,0,0,1,1,0.0
824,2019,0,2018.0,2018-09-04,2018-10-25 00:00:00+00:00,Non Graduated,35+,0.0,Unknown,Unknown,Unknown,1,0,0,0,0.0,0,0,1,1,0.0
824,2020,0,2018.0,2018-09-04,2018-10-25 00:00:00+00:00,Non Graduated,35+,0.0,Unknown,Unknown,Unknown,1,0,0,1,15171.719749379976,0,0,1,1,0.0
824,2021,0,2018.0,2018-09-04,2018-10-25 00:00:00+00:00,Non Graduated,35+,0.0,Unknown,Unknown,Unknown,1,0,0,1,10428.813867969116,0,0,1,1,0.0
824,2022,0,2018.0,2018-09-04,2018-10-25 00:00:00+00:00,Non Graduated,35+,0.0,Unknown,Unknown,Unknown,1,0,0,1,7637.073322002538,0,0,1,1,0.0
824,2023,0,2018.0,2018-09-04,2018-10-25 00:00:00+00:00,Non Graduated,35+,0.0,Unknown,Unknown,Unknown,1,0,0,1,23945.817341593232,0,0,1,1,0.0
824,2024,0,2018.0,2018-09-04,2018-10-25 00:00:00+00:00,Non Graduated,35+,0.0,Unknown,Unknown,Unknown,1,0,0,0,0.0,0,0,1,1,0.0
1082,2017,1,2019.0,2019-10-14,2019-12-06 00:00:00+00:00,Graduated,35+,0.0,Unknown,Unknown,Unknown,0,0,0,0,0.0,0,0,0,0,0.0
1082,2018,1,2019.0,2019-10-14,2019-12-06 00:00:00+00:00,Graduated,35+,0.0,Unknown,Unknown,Unknown,0,0,0,1,2297.5914334040863,0,0,0,0,0.0
1082,2019,1,2019.0,2019-10-14,2019-12-06 00:00:00+00:00,Graduated,35+,0.0,Unknown,Unknown,Unknown,1,1,0,0,0.0,0,0,0,0,0.0
1082,2020,1,2019.0,2019-10-14,2019-12-06 00:00:00+00:00,Graduated,35+,0.0,Unknown,Unknown,Unknown,1,1,0,1,3405.4397476317254,0,0,0,0,0.0
1082,2021,1,2019.0,2019-10-14,2019-12-06 00:00:00+00:00,Graduated,35+,0.0,Unknown,Unknown,Unknown,1,1,0,1,2297.155659266238,0,0,0,0,0.0
1082,2022,1,2019.0,2019-10-14,2019-12-06 00:00:00+00:00,Graduated,35+,0.0,Unknown,Unknown,Unknown,1,1,0,1,1082.0435193945127,0,0,0,0,0.0
1082,2023,1,2019.0,2019-10-14,2019-12-06 00:00:00+00:00,Graduated,35+,0.0,Unknown,Unknown,Unknown,1,1,0,0,0.0,0,0,0,0,0.0
1082,2024,1,2019.0,2019-10-14,2019-12-06 00:00:00+00:00,Graduated,35+,0.0,Unknown,Unknown,Unknown,1,1,0,0,0.0,0,0,0,0,0.0
1147,2017,1,2020.0,2020-02-10,2020-08-14 00:00:00+00:00,Graduated,35+,0.0,Unknown,Unknown,Unknown,0,0,0,1,513.9666482776524,0,0,0,0,0.0
1147,2018,1,2020.0,2020-02-10,2020-08-14 00:00:00+00:00,Graduated,35+,0.0,Unknown,Unknown,Unknown,0,0,0,0,0.0,0,0,0,0,0.0
1147,2019,1,2020.0,2020-02-10,2020-08-14 00:00:00+00:00,Graduated,35+,0.0,Unknown,Unknown,Unknown,0,0,0,0,0.0,0,0,0,0,0.0
1147,2020,1,2020.0,2020-02-10,2020-08-14 00:00:00+00:00,Graduated,35+,0.0,Unknown,Unknown,Unknown,1,1,0,1,124.36988251549693,0,0,0,0,0.0
1147,2021,1,2020.0,2020-02-10,2020-08-14 00:00:00+00:00,Graduated,35+,0.0,Unknown,Unknown,Unknown,1,1,0,1,2072.3964749176835,0,0,0,0,0.0
1147,2022,1,2020.0,2020-02-10,2020-08-14 00:00:00+00:00,Graduated,35+,0.0,Unknown,Unknown,Unknown,1,1,1,1,7162.290325236796,6,1,1,0,0.0
1147,2023,1,2020.0,2020-02-10,2020-08-14 00:00:00+00:00,Graduated,35+,0.0,Unknown,Unknown,Unknown,1,1,0,1,1428.7577368447814,0,0,1,1,0.0
1147,2024,1,2020.0,2020-02-10,2020-08-14 00:00:00+00:00,Graduated,35+,0.0,Unknown,Unknown,Unknown,1,1,0,0,0.0,0,0,1,1,0.0
1299,2017,1,2021.0,2021-01-25,2021-04-09 00:00:00+00:00,Graduated,35+,0.0,Unknown,Unknown,Unknown,0,0,0,0,0.0,0,0,0,0,0.0
1299,2018,1,2021.0,2021-01-25,2021-04-09 00:00:00+00:00,Graduated,35+,0.0,Unknown,Unknown,Unknown,0,0,0,0,0.0,0,0,0,0,0.0
1299,2019,1,2021.0,2021-01-25,2021-04-09 00:00:00+00:00,Graduated,35+,0.0,Unknown,Unknown,Unknown,0,0,0,0,0.0,0,0,0,0,0.0
1299,2020,1,2021.0,2021-01-25,2021-04-09 00:00:00+00:00,Graduated,35+,0.0,Unknown,Unknown,Unknown,0,0,0,0,0.0,0,0,0,0,0.0
1299,2021,1,2021.0,2021-01-25,2021-04-09 00:00:00+00:00,Graduated,35+,0.0,Unknown,Unknown,Unknown,1,1,0,0,0.0,0,0,0,0,0.0
1299,2022,1,2021.0,2021-01-25,2021-04-09 00:00:00+00:00,Graduated,35+,0.0,Unknown,Unknown,Unknown,1,1,0,0,0.0,0,0,0,0,0.0
1299,2023,1,2021.0,2021-01-25,2021-04-09 00:00:00+00:00,Graduated,35+,0.0,Unknown,Unknown,Unknown,1,1,0,0,0.0,0,0,0,0,0.0
1299,2024,1,2021.0,2021-01-25,2021-04-09 00:00:00+00:00,Graduated,35+,0.0,Unknown,Unknown,Unknown,1,1,0,0,0.0,0,0,0,0,0.0
920,2017,0,2019.0,2019-02-11,2019-03-29 00:00:00+00:00,Non Graduated,35+,0.0,Unknown,Unknown,Unknown,0,0,1,1,46768.606889779636,0,0,0,0,0.0
920,2018,0,2019.0,2019-02-11,2019-03-29 00:00:00+00:00,Non Graduated,35+,0.0,Unknown,Unknown,Unknown,0,0,0,1,9212.655005790588,0,0,0,0,0.0
920,2019,0,2019.0,2019-02-11,2019-03-29 00:00:00+00:00,Non Graduated,35+,0.0,Unknown,Unknown,Unknown,1,0,0,1,12214.72311646858,0,0,0,0,0.0
920,2020,0,2019.0,2019-02-11,2019-03-29 00:00:00+00:00,Non Graduated,35+,0.0,Unknown,Unknown,Unknown,1,0,0,1,3650.71982258648,0,0,0,0,0.0
920,2021,0,2019.0,2019-02-11,2019-03-29 00:00:00+00:00,Non Graduated,35+,0.0,Unknown,Unknown,Unknown,1,0,0,0,0.0,0,0,0,0,0.0
920,2022,0,2019.0,2019-02-11,2019-03-29 00:00:00+00:00,Non Graduated,35+,0.0,Unknown,Unknown,Unknown,1,0,1,1,11547.061712649236,3,1,1,0,0.0
920,2023,0,2019.0,2019-02-11,2019-03-29 00:00:00+00:00,Non Graduated,35+,0.0,Unknown,Unknown,Unknown,1,0,1,1,25843.763590852912,0,0,1,1,0.0
920,2024,0,2019.0,2019-02-11,2019-03-29 00:00:00+00:00,Non Graduated,35+,0.0,Unknown,Unknown,Unknown,1,0,0,1,26507.892535310853,0,0,1,1,0.0
1353,2017,1,2021.0,2021-04-26,2021-07-09 00:00:00+00:00,Graduated,35+,0.0,Unknown,Unknown,Unknown,0,0,0,0,0.0,0,0,0,0,0.0
1353,2018,1,2021.0,2021-04-26,2021-07-09 00:00:00+00:00,Graduated,35+,0.0,Unknown,Unknown,Unknown,0,0,0,0,0.0,0,0,0,0,0.0
1353,2019,1,2021.0,2021-04-26,2021-07-09 00:00:00+00:00,Graduated,35+,0.0,Unknown,Unknown,Unknown,0,0,0,0,0.0,0,0,0,0,0.0
1353,2020,1,2021.0,2021-04-26,2021-07-09 00:00:00+00:00,Graduated,35+,0.0,Unknown,Unknown,Unknown,0,0,0,0,0.0,0,0,0,0,0.0
1353,2021,1,2021.0,2021-04-26,2021-07-09 00:00:00+00:00,Graduated,35+,0.0,Unknown,Unknown,Unknown,1,1,0,1,5039.84320820098,0,0,0,0,0.0
1353,2022,1,2021.0,2021-04-26,2021-07-09 00:00:00+00:00,Graduated,35+,0.0,Unknown,Unknown,Unknown,1,1,0,0,0.0,0,0,0,0,0.0
1353,2023,1,2021.0,2021-04-26,2021-07-09 00:00:00+00:00,Graduated,35+,0.0,Unknown,Unknown,Unknown,1,1,0,0,0.0,0,0,0,0,0.0
1353,2024,1,2021.0,2021-04-26,2021-07-09 00:00:00+00:00,Graduated,35+,0.0,Unknown,Unknown,Unknown,1,1,0,0,0.0,0,0,0,0,0.0
1223,2017,1,2020.0,2020-08-24,2020-10-30 00:00:00+00:00,Graduated,35+,0.0,Unknown,Unknown,Unknown,0,0,0,0,0.0,0,0,0,0,0.0
1223,2018,1,2020.0,2020-08-24,2020-10-30 00:00:00+00:00,Graduated,35+,0.0,Unknown,Unknown,Unknown,0,0,0,0,0.0,0,0,0,0,0.0
1223,2019,1,2020.0,2020-08-24,2020-10-30 00:00:00+00:00,Graduated,35+,0.0,Unknown,Unknown,Unknown,0,0,0,0,0.0,0,0,0,0,0.0
1223,2020,1,2020.0,2020-08-24,2020-10-30 00:00:00+00:00,Graduated,35+,0.0,Unknown,Unknown,Unknown,1,1,0,1,3922.340474088461,0,0,0,0,0.0
1223,2021,1,2020.0,2020-08-24,2020-10-30 00:00:00+00:00,Graduated,35+,0.0,Unknown,Unknown,Unknown,1,1,0,1,352.3429818368525,0,0,0,0,0.0
1223,2022,1,2020.0,2020-08-24,2020-10-30 00:00:00+00:00,Graduated,35+,0.0,Unknown,Unknown,Unknown,1,1,0,0,0.0,0,0,0,0,0.0
1223,2023,1,2020.0,2020-08-24,2020-10-30 00:00:00+00:00,Graduated,35+,0.0,Unknown,Unknown,Unknown,1,1,0,0,0.0,0,0,0,0,0.0
1223,2024,1,2020.0,2020-08-24,2020-10-30 00:00:00+00:00,Graduated,35+,0.0,Unknown,Unknown,Unknown,1,1,0,0,0.0,0,0,0,0,0.0
1283,2017,1,2021.0,2020-12-07,2021-01-15 00:00:00+00:00,Graduated,35+,0.0,Unknown,Unknown,Unknown,0,0,0,1,1190.4061509829862,0,0,0,0,0.0
1283,2018,1,2021.0,2020-12-07,2021-01-15 00:00:00+00:00,Graduated,35+,0.0,Unknown,Unknown,Unknown,0,0,0,1,9976.6636642298,0,0,0,0,0.0
1283,2019,1,2021.0,2020-12-07,2021-01-15 00:00:00+00:00,Graduated,35+,0.0,Unknown,Unknown,Unknown,0,0,0,0,0.0,0,0,0,0,0.0
1283,2020,1,2021.0,2020-12-07,2021-01-15 00:00:00+00:00,Graduated,35+,0.0,Unknown,Unknown,Unknown,0,0,0,0,0.0,0,0,0,0,0.0
1283,2021,1,2021.0,2020-12-07,2021-01-15 00:00:00+00:00,Graduated,35+,0.0,Unknown,Unknown,Unknown,1,1,0,1,13894.547225345288,0,0,0,0,0.0
1283,2022,1,2021.0,2020-12-07,2021-01-15 00:00:00+00:00,Graduated,35+,0.0,Unknown,Unknown,Unknown,1,1,1,1,26952.661861638368,0,0,0,0,0.0
1283,2023,1,2021.0,2020-12-07,2021-01-15 00:00:00+00:00,Graduated,35+,0.0,Unknown,Unknown,Unknown,1,1,1,1,21911.732702340836,0,0,0,0,0.0
1283,2024,1,2021.0,2020-12-07,2021-01-15 00:00:00+00:00,Graduated,35+,0.0,Unknown,Unknown,Unknown,1,1,0,0,0.0,0,0,0,0,0.0
1020,2017,1,2019.0,2019-07-01,2019-09-13 00:00:00+00:00,Graduated,35+,0.0,Unknown,Unknown,Unknown,0,0,0,1,3576.7346546380872,0,0,1,1,0.0
1020,2018,1,2019.0,2019-07-01,2019-09-13 00:00:00+00:00,Graduated,35+,0.0,Unknown,Unknown,Unknown,0,0,1,1,17557.19034607616,0,0,1,1,0.0
1020,2019,1,2019.0,2019-07-01,2019-09-13 00:00:00+00:00,Graduated,35+,0.0,Unknown,Unknown,Unknown,1,1,0,1,7364.33634994101,0,0,1,1,0.0
1020,2020,1,2019.0,2019-07-01,2019-09-13 00:00:00+00:00,Graduated,35+,0.0,Unknown,Unknown,Unknown,1,1,0,1,2644.9426967758777,0,0,1,1,0.0
1020,2021,1,2019.0,2019-07-01,2019-09-13 00:00:00+00:00,Graduated,35+,0.0,Unknown,Unknown,Unknown,1,1,0,1,4949.9059975303735,0,0,1,1,0.0
1020,2022,1,2019.0,2019-07-01,2019-09-13 00:00:00+00:00,Graduated,35+,0.0,Unknown,Unknown,Unknown,1,1,0,0,0.0,0,0,1,1,0.0
1020,2023,1,2019.0,2019-07-01,2019-09-13 00:00:00+00:00,Graduated,35+,0.0,Unknown,Unknown,Unknown,1,1,0,1,16814.69794389334,0,0,1,1,0.0
1020,2024,1,2019.0,2019-07-01,2019-09-13 00:00:00+00:00,Graduated,35+,0.0,Unknown,Unknown,Unknown,1,1,0,1,22576.395061545125,0,0,1,1,0.0
1026,2017,0,2019.0,2019-07-10,2019-07-17 00:00:00+00:00,Non Graduated,35+,0.0,Unknown,Unknown,Unknown,0,0,0,0,0.0,0,0,1,1,0.0
1026,2018,0,2019.0,2019-07-10,2019-07-17 00:00:00+00:00,Non Graduated,35+,0.0,Unknown,Unknown,Unknown,0,0,0,0,0.0,0,0,1,1,0.0
1026,2019,0,2019.0,2019-07-10,2019-07-17 00:00:00+00:00,Non Graduated,35+,0.0,Unknown,Unknown,Unknown,1,0,0,0,0.0,0,0,1,1,0.0
1026,2020,0,2019.0,2019-07-10,2019-07-17 00:00:00+00:00,Non Graduated,35+,0.0,Unknown,Unknown,Unknown,1,0,0,0,0.0,1,1,1,1,0.0
1026,2021,0,2019.0,2019-07-10,2019-07-17 00:00:00+00:00,Non Graduated,35+,0.0,Unknown,Unknown,Unknown,1,0,0,0,0.0,0,0,1,1,0.0
1026,2022,0,2019.0,2019-07-10,2019-07-17 00:00:00+00:00,Non Graduated,35+,0.0,Unknown,Unknown,Unknown,1,0,0,1,25259.648445276038,0,0,1,1,0.0
1026,2023,0,2019.0,2019-07-10,2019-07-17 00:00:00+00:00,Non Graduated,35+,0.0,Unknown,Unknown,Unknown,1,0,0,1,1053.595823132061,0,0,1,1,0.0
1026,2024,0,2019.0,2019-07-10,2019-07-17 00:00:00+00:00,Non Graduated,35+,0.0,Unknown,Unknown,Unknown,1,0,0,0,0.0,0,0,1,1,0.0
790,2017,1,2018.0,2018-06-25,2018-09-07 00:00:00+00:00,Graduated,35+,0.0,Unknown,Unknown,Unknown,0,0,0,0,0.0,0,0,0,0,0.0
790,2018,1,2018.0,2018-06-25,2018-09-07 00:00:00+00:00,Graduated,35+,0.0,Unknown,Unknown,Unknown,1,1,0,1,18213.569087136562,0,0,0,0,0.0
790,2019,1,2018.0,2018-06-25,2018-09-07 00:00:00+00:00,Graduated,35+,0.0,Unknown,Unknown,Unknown,1,1,0,1,26145.957075256072,0,0,0,0,0.0
790,2020,1,2018.0,2018-06-25,2018-09-07 00:00:00+00:00,Graduated,35+,0.0,Unknown,Unknown,Unknown,1,1,1,1,56061.360599470485,0,0,0,0,0.0
790,2021,1,2018.0,2018-06-25,2018-09-07 00:00:00+00:00,Graduated,35+,0.0,Unknown,Unknown,Unknown,1,1,1,1,52132.914043164674,0,0,0,0,0.0
790,2022,1,2018.0,2018-06-25,2018-09-07 00:00:00+00:00,Graduated,35+,0.0,Unknown,Unknown,Unknown,1,1,0,1,25652.050794259092,0,0,0,0,0.0
790,2023,1,2018.0,2018-06-25,2018-09-07 00:00:00+00:00,Graduated,35+,0.0,Unknown,Unknown,Unknown,1,1,0,1,12025.189151167457,0,0,0,0,0.0
790,2024,1,2018.0,2018-06-25,2018-09-07 00:00:00+00:00,Graduated,35+,0.0,Unknown,Unknown,Unknown,1,1,0,0,0.0,0,0,0,0,0.0
814,2017,1,2018.0,2018-08-06,2018-10-19 00:00:00+00:00,Graduated,35+,0.0,Unknown,Unknown,Unknown,0,0,0,0,0.0,0,0,0,0,0.0
814,2018,1,2018.0,2018-08-06,2018-10-19 00:00:00+00:00,Graduated,35+,0.0,Unknown,Unknown,Unknown,1,1,0,1,992.2941463086131,0,0,0,0,0.0
814,2019,1,2018.0,2018-08-06,2018-10-19 00:00:00+00:00,Graduated,35+,0.0,Unknown,Unknown,Unknown,1,1,0,1,8297.377278151716,0,0,0,0,0.0
814,2020,1,2018.0,2018-08-06,2018-10-19 00:00:00+00:00,Graduated,35+,0.0,Unknown,Unknown,Unknown,1,1,0,1,939.4113572877234,0,0,0,0,0.0
814,2021,1,2018.0,2018-08-06,2018-10-19 00:00:00+00:00,Graduated,35+,0.0,Unknown,Unknown,Unknown,1,1,0,1,11291.485879865872,0,0,0,0,0.0
814,2022,1,2018.0,2018-08-06,2018-10-19 00:00:00+00:00,Graduated,35+,0.0,Unknown,Unknown,Unknown,1,1,1,1,46132.983724974576,0,0,0,0,0.0
814,2023,1,2018.0,2018-08-06,2018-10-19 00:00:00+00:00,Graduated,35+,0.0,Unknown,Unknown,Unknown,1,1,0,1,6317.11835566334,0,0,0,0,0.0
814,2024,1,2018.0,2018-08-06,2018-10-19 00:00:00+00:00,Graduated,35+,0.0,Unknown,Unknown,Unknown,1,1,0,1,6600.2796946409935,0,0,0,0,0.0
1109,2017,1,2020.0,2019-12-02,2020-02-28 00:00:00+00:00,Graduated,<=24,0.0,Unknown,Unknown,Unknown,0,0,1,1,24407.232359420654,0,0,1,1,0.0
1109,2018,1,2020.0,2019-12-02,2020-02-28 00:00:00+00:00,Graduated,<=24,0.0,Unknown,Unknown,Unknown,0,0,1,1,40382.091258505956,0,0,1,1,0.0
1109,2019,1,2020.0,2019-12-02,2020-02-28 00:00:00+00:00,Graduated,<=24,0.0,Unknown,Unknown,Unknown,0,0,1,1,37181.72751187117,1,1,1,1,0.0
1109,2020,1,2020.0,2019-12-02,2020-02-28 00:00:00+00:00,Graduated,<=24,0.0,Unknown,Unknown,Unknown,1,1,1,1,22665.265377401367,0,0,1,1,0.0
1109,2021,1,2020.0,2019-12-02,2020-02-28 00:00:00+00:00,Graduated,<=24,0.0,Unknown,Unknown,Unknown,1,1,0,1,667.1652140228549,0,0,1,1,0.0
1109,2022,1,2020.0,2019-12-02,2020-02-28 00:00:00+00:00,Graduated,<=24,0.0,Unknown,Unknown,Unknown,1,1,0,1,29366.851722905732,0,0,1,1,0.0
1109,2023,1,2020.0,2019-12-02,2020-02-28 00:00:00+00:00,Graduated,<=24,0.0,Unknown,Unknown,Unknown,1,1,0,1,11081.14710134151,0,0,1,1,0.0
1109,2024,1,2020.0,2019-12-02,2020-02-28 00:00:00+00:00,Graduated,<=24,0.0,Unknown,Unknown,Unknown,1,1,0,1,20107.389953426482,0,0,1,1,0.0
1161,2017,0,2020.0,2020-03-02,2020-03-11 00:00:00+00:00,Non Graduated,<=24,0.0,Unknown,Unknown,Unknown,0,0,1,1,15556.935116126413,0,0,0,0,0.0
1161,2018,0,2020.0,2020-03-02,2020-03-11 00:00:00+00:00,Non Graduated,<=24,0.0,Unknown,Unknown,Unknown,0,0,1,1,10400.538927011528,2,1,1,0,0.0
1161,2019,0,2020.0,2020-03-02,2020-03-11 00:00:00+00:00,Non Graduated,<=24,0.0,Unknown,Unknown,Unknown,0,0,1,1,21128.05137942155,2,1,1,1,0.0
1161,2020,0,2020.0,2020-03-02,2020-03-11 00:00:00+00:00,Non Graduated,<=24,0.0,Unknown,Unknown,Unknown,1,0,1,1,28272.49477174297,0,0,1,1,0.0
1161,2021,0,2020.0,2020-03-02,2020-03-11 00:00:00+00:00,Non Graduated,<=24,0.0,Unknown,Unknown,Unknown,1,0,1,1,25330.838133372483,0,0,1,1,0.0
1161,2022,0,2020.0,2020-03-02,2020-03-11 00:00:00+00:00,Non Graduated,<=24,0.0,Unknown,Unknown,Unknown,1,0,1,1,19374.562700882827,0,0,1,1,0.0
1161,2023,0,2020.0,2020-03-02,2020-03-11 00:00:00+00:00,Non Graduated,<=24,0.0,Unknown,Unknown,Unknown,1,0,1,1,14494.244719357388,0,0,1,1,0.0
1161,2024,0,2020.0,2020-03-02,2020-03-11 00:00:00+00:00,Non Graduated,<=24,0.0,Unknown,Unknown,Unknown,1,0,0,1,8014.671640192692,0,0,1,1,0.0
618,2017,1,2019.0,2019-02-18,2019-05-03 00:00:00+00:00,Graduated,<=24,0.0,Unknown,Unknown,Unknown,0,0,0,1,891.2260550696889,1,1,1,1,0.0
618,2018,1,2019.0,2019-02-18,2019-05-03 00:00:00+00:00,Graduated,<=24,0.0,Unknown,Unknown,Unknown,0,0,1,1,27242.749928945897,0,0,1,1,0.0
618,2019,1,2019.0,2019-02-18,2019-05-03 00:00:00+00:00,Graduated,<=24,0.0,Unknown,Unknown,Unknown,1,1,1,1,53224.98179592525,0,0,1,1,0.0
618,2020,1,2019.0,2019-02-18,2019-05-03 00:00:00+00:00,Graduated,<=24,0.0,Unknown,Unknown,Unknown,1,1,1,1,42873.87481107997,0,0,1,1,0.0
618,2021,1,2019.0,2019-02-18,2019-05-03 00:00:00+00:00,Graduated,<=24,0.0,Unknown,Unknown,Unknown,1,1,1,1,18985.57142802877,0,0,1,1,0.0
618,2022,1,2019.0,2019-02-18,2019-05-03 00:00:00+00:00,Graduated,<=24,0.0,Unknown,Unknown,Unknown,1,1,1,1,40328.91469884085,0,0,1,1,0.0
618,2023,1,2019.0,2019-02-18,2019-05-03 00:00:00+00:00,Graduated,<=24,0.0,Unknown,Unknown,Unknown,1,1,1,1,31664.72967838328,3,1,1,1,0.0
618,2024,1,2019.0,2019-02-18,2019-05-03 00:00:00+00:00,Graduated,<=24,0.0,Unknown,Unknown,Unknown,1,1,0,0,0.0,0,0,1,1,0.0
830,2017,0,2018.0,2018-08-27,2018-09-26 00:00:00+00:00,Non Graduated,<=24,0.0,Unknown,Unknown,Unknown,0,0,1,1,39685.615370426436,0,0,0,0,0.0
830,2018,0,2018.0,2018-08-27,2018-09-26 00:00:00+00:00,Non Graduated,<=24,0.0,Unknown,Unknown,Unknown,1,0,1,1,39448.78335951909,0,0,0,0,0.0
830,2019,0,2018.0,2018-08-27,2018-09-26 00:00:00+00:00,Non Graduated,<=24,0.0,Unknown,Unknown,Unknown,1,0,0,1,9670.285278538702,0,0,0,0,0.0
830,2020,0,2018.0,2018-08-27,2018-09-26 00:00:00+00:00,Non Graduated,<=24,0.0,Unknown,Unknown,Unknown,1,0,0,0,0.0,0,0,0,0,0.0
830,2021,0,2018.0,2018-08-27,2018-09-26 00:00:00+00:00,Non Graduated,<=24,0.0,Unknown,Unknown,Unknown,1,0,0,0,0.0,0,0,0,0,0.0
830,2022,0,2018.0,2018-08-27,2018-09-26 00:00:00+00:00,Non Graduated,<=24,0.0,Unknown,Unknown,Unknown,1,0,0,1,1085.9725828605756,0,0,0,0,0.0
830,2023,0,2018.0,2018-08-27,2018-09-26 00:00:00+00:00,Non Graduated,<=24,0.0,Unknown,Unknown,Unknown,1,0,0,1,46443.725726001874,0,0,0,0,0.0
830,2024,0,2018.0,2018-08-27,2018-09-26 00:00:00+00:00,Non Graduated,<=24,0.0,Unknown,Unknown,Unknown,1,0,0,1,76639.73455302267,0,0,0,0,0.0
1254,2017,0,2020.0,2020-09-21,2020-09-25 00:00:00+00:00,Non Graduated,<=24,0.0,Unknown,Unknown,Unknown,0,0,0,0,0.0,0,0,0,0,0.0
1254,2018,0,2020.0,2020-09-21,2020-09-25 00:00:00+00:00,Non Graduated,<=24,0.0,Unknown,Unknown,Unknown,0,0,0,1,366.5056411192552,0,0,0,0,0.0
1254,2019,0,2020.0,2020-09-21,2020-09-25 00:00:00+00:00,Non Graduated,<=24,0.0,Unknown,Unknown,Unknown,0,0,0,0,0.0,1,1,1,0,0.0
1254,2020,0,2020.0,2020-09-21,2020-09-25 00:00:00+00:00,Non Graduated,<=24,0.0,Unknown,Unknown,Unknown,1,0,0,0,0.0,3,1,1,1,0.0
1254,2021,0,2020.0,2020-09-21,2020-09-25 00:00:00+00:00,Non Graduated,<=24,0.0,Unknown,Unknown,Unknown,1,0,0,0,0.0,4,1,1,1,0.0
1254,2022,0,2020.0,2020-09-21,2020-09-25 00:00:00+00:00,Non Graduated,<=24,0.0,Unknown,Unknown,Unknown,1,0,0,0,0.0,0,0,1,1,0.0
1254,2023,0,2020.0,2020-09-21,2020-09-25 00:00:00+00:00,Non Graduated,<=24,0.0,Unknown,Unknown,Unknown,1,0,0,0,0.0,0,0,1,1,0.0
1254,2024,0,2020.0,2020-09-21,2020-09-25 00:00:00+00:00,Non Graduated,<=24,0.0,Unknown,Unknown,Unknown,1,0,0,0,0.0,0,0,1,1,0.0
980,2017,0,2019.0,2019-05-13,2019-07-19 00:00:00+00:00,Non Graduated,<=24,0.0,Unknown,Unknown,Unknown,0,0,1,1,23349.840416454732,0,0,0,0,0.0
980,2018,0,2019.0,2019-05-13,2019-07-19 00:00:00+00:00,Non Graduated,<=24,0.0,Unknown,Unknown,Unknown,0,0,1,1,24111.468562188835,0,0,0,0,0.0
980,2019,0,2019.0,2019-05-13,2019-07-19 00:00:00+00:00,Non Graduated,<=24,0.0,Unknown,Unknown,Unknown,1,0,1,1,26375.01086971693,0,0,0,0,0.0
980,2020,0,2019.0,2019-05-13,2019-07-19 00:00:00+00:00,Non Graduated,<=24,0.0,Unknown,Unknown,Unknown,1,0,1,1,7170.5759893892755,0,0,0,0,0.0
980,2021,0,2019.0,2019-05-13,2019-07-19 00:00:00+00:00,Non Graduated,<=24,0.0,Unknown,Unknown,Unknown,1,0,1,1,25383.397651637435,0,0,0,0,0.0
980,2022,0,2019.0,2019-05-13,2019-07-19 00:00:00+00:00,Non Graduated,<=24,0.0,Unknown,Unknown,Unknown,1,0,1,1,31523.65290116804,0,0,0,0,0.0
980,2023,0,2019.0,2019-05-13,2019-07-19 00:00:00+00:00,Non Graduated,<=24,0.0,Unknown,Unknown,Unknown,1,0,1,1,38075.02272143365,0,0,0,0,0.0
980,2024,0,2019.0,2019-05-13,2019-07-19 00:00:00+00:00,Non Graduated,<=24,0.0,Unknown,Unknown,Unknown,1,0,0,1,31036.17525635638,0,0,0,0,0.0
1317,2017,1,2021.0,2021-03-01,2021-04-19 00:00:00+00:00,Graduated,<=24,0.0,Unknown,Unknown,Unknown,0,0,1,1,16761.752350461185,0,0,1,1,0.0
1317,2018,1,2021.0,2021-03-01,2021-04-19 00:00:00+00:00,Graduated,<=24,0.0,Unknown,Unknown,Unknown,0,0,1,1,15164.462978994592,0,0,1,1,0.0
1317,2019,1,2021.0,2021-03-01,2021-04-19 00:00:00+00:00,Graduated,<=24,0.0,Unknown,Unknown,Unknown,0,0,1,1,23494.70635597723,0,0,1,1,0.0
1317,2020,1,2021.0,2021-03-01,2021-04-19 00:00:00+00:00,Graduated,<=24,0.0,Unknown,Unknown,Unknown,0,0,1,1,6442.172275081367,0,0,1,1,0.0
1317,2021,1,2021.0,2021-03-01,2021-04-19 00:00:00+00:00,Graduated,<=24,0.0,Unknown,Unknown,Unknown,1,1,0,1,4932.4665384540585,0,0,1,1,0.0
1317,2022,1,2021.0,2021-03-01,2021-04-19 00:00:00+00:00,Graduated,<=24,0.0,Unknown,Unknown,Unknown,1,1,1,1,19502.081917437794,0,0,1,1,0.0
1317,2023,1,2021.0,2021-03-01,2021-04-19 00:00:00+00:00,Graduated,<=24,0.0,Unknown,Unknown,Unknown,1,1,1,1,29207.18091539288,0,0,1,1,0.0
1317,2024,1,2021.0,2021-03-01,2021-04-19 00:00:00+00:00,Graduated,<=24,0.0,Unknown,Unknown,Unknown,1,1,0,1,17376.509671931908,0,0,1,1,0.0
1037,2017,0,2019.0,2019-07-22,2019-09-05 00:00:00+00:00,Non Graduated,<=24,0.0,Unknown,Unknown,Unknown,0,0,0,1,9908.887275243396,0,0,1,1,0.0
1037,2018,0,2019.0,2019-07-22,2019-09-05 00:00:00+00:00,Non Graduated,<=24,0.0,Unknown,Unknown,Unknown,0,0,0,1,5968.055747453457,0,0,1,1,0.0
1037,2019,0,2019.0,2019-07-22,2019-09-05 00:00:00+00:00,Non Graduated,<=24,0.0,Unknown,Unknown,Unknown,1,0,0,0,0.0,0,0,1,1,0.0
1037,2020,0,2019.0,2019-07-22,2019-09-05 00:00:00+00:00,Non Graduated,<=24,0.0,Unknown,Unknown,Unknown,1,0,0,1,96.67070104410823,0,0,1,1,0.0
1037,2021,0,2019.0,2019-07-22,2019-09-05 00:00:00+00:00,Non Graduated,<=24,0.0,Unknown,Unknown,Unknown,1,0,0,1,15015.920422327346,0,0,1,1,0.0
1037,2022,0,2019.0,2019-07-22,2019-09-05 00:00:00+00:00,Non Graduated,<=24,0.0,Unknown,Unknown,Unknown,1,0,0,1,501.8105014385551,0,0,1,1,0.0
1037,2023,0,2019.0,2019-07-22,2019-09-05 00:00:00+00:00,Non Graduated,<=24,0.0,Unknown,Unknown,Unknown,1,0,0,1,21011.947790764007,0,0,1,1,0.0
1037,2024,0,2019.0,2019-07-22,2019-09-05 00:00:00+00:00,Non Graduated,<=24,0.0,Unknown,Unknown,Unknown,1,0,0,1,8916.272908595076,0,0,1,1,0.0
885,2017,1,2019.0,2018-12-03,2019-02-08 00:00:00+00:00,Graduated,<=24,0.0,Unknown,Unknown,Unknown,0,0,1,1,13142.400398599086,0,0,0,0,0.0
885,2018,1,2019.0,2018-12-03,2019-02-08 00:00:00+00:00,Graduated,<=24,0.0,Unknown,Unknown,Unknown,0,0,1,1,23460.02033521554,0,0,0,0,0.0
885,2019,1,2019.0,2018-12-03,2019-02-08 00:00:00+00:00,Graduated,<=24,0.0,Unknown,Unknown,Unknown,1,1,1,1,25201.49183053511,0,0,0,0,0.0
885,2020,1,2019.0,2018-12-03,2019-02-08 00:00:00+00:00,Graduated,<=24,0.0,Unknown,Unknown,Unknown,1,1,1,1,45107.45711203724,0,0,0,0,0.0
885,2021,1,2019.0,2018-12-03,2019-02-08 00:00:00+00:00,Graduated,<=24,0.0,Unknown,Unknown,Unknown,1,1,0,1,24163.069715101476,0,0,0,0,0.0
885,2022,1,2019.0,2018-12-03,2019-02-08 00:00:00+00:00,Graduated,<=24,0.0,Unknown,Unknown,Unknown,1,1,0,1,11005.718790958128,0,0,0,0,0.0
885,2023,1,2019.0,2018-12-03,2019-02-08 00:00:00+00:00,Graduated,<=24,0.0,Unknown,Unknown,Unknown,1,1,1,1,28691.203627088955,0,0,0,0,0.0
885,2024,1,2019.0,2018-12-03,2019-02-08 00:00:00+00:00,Graduated,<=24,0.0,Unknown,Unknown,Unknown,1,1,0,1,14779.411892884229,1,1,1,0,0.0
1105,2017,0,2020.0,2019-11-25,2020-01-10 00:00:00+00:00,Non Graduated,<=24,0.0,Unknown,Unknown,Unknown,0,0,1,1,20677.171958315485,0,0,0,0,0.0
1105,2018,0,2020.0,2019-11-25,2020-01-10 00:00:00+00:00,Non Graduated,<=24,0.0,Unknown,Unknown,Unknown,0,0,0,0,0.0,0,0,0,0,0.0
1105,2019,0,2020.0,2019-11-25,2020-01-10 00:00:00+00:00,Non Graduated,<=24,0.0,Unknown,Unknown,Unknown,0,0,0,1,19610.947950884383,0,0,0,0,0.0
1105,2020,0,2020.0,2019-11-25,2020-01-10 00:00:00+00:00,Non Graduated,<=24,0.0,Unknown,Unknown,Unknown,1,0,1,1,13669.256773354706,0,0,0,0,0.0
1105,2021,0,2020.0,2019-11-25,2020-01-10 00:00:00+00:00,Non Graduated,<=24,0.0,Unknown,Unknown,Unknown,1,0,1,1,29080.457707372458,0,0,0,0,0.0
1105,2022,0,2020.0,2019-11-25,2020-01-10 00:00:00+00:00,Non Graduated,<=24,0.0,Unknown,Unknown,Unknown,1,0,1,1,32898.46075073907,0,0,0,0,0.0
1105,2023,0,2020.0,2019-11-25,2020-01-10 00:00:00+00:00,Non Graduated,<=24,0.0,Unknown,Unknown,Unknown,1,0,1,1,37462.785068620535,0,0,0,0,0.0
1105,2024,0,2020.0,2019-11-25,2020-01-10 00:00:00+00:00,Non Graduated,<=24,0.0,Unknown,Unknown,Unknown,1,0,0,1,30593.260445868764,0,0,0,0,0.0
1396,2017,1,2021.0,2021-07-19,2021-09-27 00:00:00+00:00,Graduated,<=24,0.0,Unknown,Unknown,Unknown,0,0,0,1,7360.689437699507,0,0,0,0,0.0
1396,2018,1,2021.0,2021-07-19,2021-09-27 00:00:00+00:00,Graduated,<=24,0.0,Unknown,Unknown,Unknown,0,0,1,1,5461.746524921376,0,0,0,0,0.0
1396,2019,1,2021.0,2021-07-19,2021-09-27 00:00:00+00:00,Graduated,<=24,0.0,Unknown,Unknown,Unknown,0,0,1,1,10019.434529058875,0,0,0,0,0.0
1396,2020,1,2021.0,2021-07-19,2021-09-27 00:00:00+00:00,Graduated,<=24,0.0,Unknown,Unknown,Unknown,0,0,0,1,3214.2223386728815,0,0,0,0,0.0
1396,2021,1,2021.0,2021-07-19,2021-09-27 00:00:00+00:00,Graduated,<=24,0.0,Unknown,Unknown,Unknown,1,1,1,1,16761.49071638711,0,0,0,0,0.0
1396,2022,1,2021.0,2021-07-19,2021-09-27 00:00:00+00:00,Graduated,<=24,0.0,Unknown,Unknown,Unknown,1,1,1,1,9805.407575358504,0,0,0,0,0.0
1396,2023,1,2021.0,2021-07-19,2021-09-27 00:00:00+00:00,Graduated,<=24,0.0,Unknown,Unknown,Unknown,1,1,1,1,9363.588000948566,0,0,0,0,0.0
1396,2024,1,2021.0,2021-07-19,2021-09-27 00:00:00+00:00,Graduated,<=24,0.0,Unknown,Unknown,Unknown,1,1,0,1,7924.245659466974,0,0,0,0,0.0
1035,2017,0,2019.0,2019-07-22,2019-09-05 00:00:00+00:00,Non Graduated,<=24,0.0,Unknown,Unknown,Unknown,0,0,0,1,18599.099846741003,0,0,0,0,0.0
1035,2018,0,2019.0,2019-07-22,2019-09-05 00:00:00+00:00,Non Graduated,<=24,0.0,Unknown,Unknown,Unknown,0,0,0,1,17105.23166917641,1,1,1,0,0.0
1035,2019,0,2019.0,2019-07-22,2019-09-05 00:00:00+00:00,Non Graduated,<=24,0.0,Unknown,Unknown,Unknown,1,0,0,1,16336.023350516183,2,1,1,1,0.0
1035,2020,0,2019.0,2019-07-22,2019-09-05 00:00:00+00:00,Non Graduated,<=24,0.0,Unknown,Unknown,Unknown,1,0,1,1,32001.189966319354,0,0,1,1,0.0
1035,2021,0,2019.0,2019-07-22,2019-09-05 00:00:00+00:00,Non Graduated,<=24,0.0,Unknown,Unknown,Unknown,1,0,1,1,39368.997446878035,0,0,1,1,0.0
1035,2022,0,2019.0,2019-07-22,2019-09-05 00:00:00+00:00,Non Graduated,<=24,0.0,Unknown,Unknown,Unknown,1,0,1,1,45864.28422220172,0,0,1,1,0.0
1035,2023,0,2019.0,2019-07-22,2019-09-05 00:00:00+00:00,Non Graduated,<=24,0.0,Unknown,Unknown,Unknown,1,0,1,1,111583.01553690061,0,0,1,1,0.0
1035,2024,0,2019.0,2019-07-22,2019-09-05 00:00:00+00:00,Non Graduated,<=24,0.0,Unknown,Unknown,Unknown,1,0,0,1,22644.104830757016,0,0,1,1,0.0
881,2017,1,2019.0,2018-11-26,2019-02-08 00:00:00+00:00,Graduated,<=24,0.0,Unknown,Unknown,Unknown,0,0,0,0,0.0,6,1,1,1,0.0
881,2018,1,2019.0,2018-11-26,2019-02-08 00:00:00+00:00,Graduated,<=24,0.0,Unknown,Unknown,Unknown,0,0,0,0,0.0,0,0,1,1,0.0
881,2019,1,2019.0,2018-11-26,2019-02-08 00:00:00+00:00,Graduated,<=24,0.0,Unknown,Unknown,Unknown,1,1,1,1,18886.233434146183,0,0,1,1,0.0
881,2020,1,2019.0,2018-11-26,2019-02-08 00:00:00+00:00,Graduated,<=24,0.0,Unknown,Unknown,Unknown,1,1,1,1,32578.919580164253,0,0,1,1,0.0
881,2021,1,2019.0,2018-11-26,2019-02-08 00:00:00+00:00,Graduated,<=24,0.0,Unknown,Unknown,Unknown,1,1,1,1,33281.24284444072,0,0,1,1,0.0
881,2022,1,2019.0,2018-11-26,2019-02-08 00:00:00+00:00,Graduated,<=24,0.0,Unknown,Unknown,Unknown,1,1,0,0,0.0,0,0,1,1,0.0
881,2023,1,2019.0,2018-11-26,2019-02-08 00:00:00+00:00,Graduated,<=24,0.0,Unknown,Unknown,Unknown,1,1,0,0,0.0,2,1,1,1,0.0
881,2024,1,2019.0,2018-11-26,2019-02-08 00:00:00+00:00,Graduated,<=24,0.0,Unknown,Unknown,Unknown,1,1,0,0,0.0,0,0,1,1,0.0
1155,2017,0,2020.0,2020-02-24,2020-07-20 00:00:00+00:00,Non Graduated,<=24,0.0,Unknown,Unknown,Unknown,0,0,0,1,3865.4721839737676,1,1,1,0,0.0
1155,2018,0,2020.0,2020-02-24,2020-07-20 00:00:00+00:00,Non Graduated,<=24,0.0,Unknown,Unknown,Unknown,0,0,0,1,2206.2068570329466,0,0,1,1,0.0
1155,2019,0,2020.0,2020-02-24,2020-07-20 00:00:00+00:00,Non Graduated,<=24,0.0,Unknown,Unknown,Unknown,0,0,0,0,0.0,2,1,1,1,0.0
1155,2020,0,2020.0,2020-02-24,2020-07-20 00:00:00+00:00,Non Graduated,<=24,0.0,Unknown,Unknown,Unknown,1,0,0,1,2195.1626283719133,0,0,1,1,0.0
1155,2021,0,2020.0,2020-02-24,2020-07-20 00:00:00+00:00,Non Graduated,<=24,0.0,Unknown,Unknown,Unknown,1,0,0,1,8371.417103292628,0,0,1,1,0.0
1155,2022,0,2020.0,2020-02-24,2020-07-20 00:00:00+00:00,Non Graduated,<=24,0.0,Unknown,Unknown,Unknown,1,0,0,0,0.0,0,0,1,1,0.0
1155,2023,0,2020.0,2020-02-24,2020-07-20 00:00:00+00:00,Non Graduated,<=24,0.0,Unknown,Unknown,Unknown,1,0,0,0,0.0,0,0,1,1,0.0
1155,2024,0,2020.0,2020-02-24,2020-07-20 00:00:00+00:00,Non Graduated,<=24,0.0,Unknown,Unknown,Unknown,1,0,0,1,270.301083726344,0,0,1,1,0.0
661,2017,0,2018.0,2017-10-16,2018-01-26 00:00:00+00:00,Non Graduated,<=24,0.0,Unknown,Unknown,Unknown,0,0,0,0,0.0,0,0,0,0,0.0
661,2018,0,2018.0,2017-10-16,2018-01-26 00:00:00+00:00,Non Graduated,<=24,0.0,Unknown,Unknown,Unknown,1,0,0,1,3603.4279154010756,0,0,0,0,0.0
661,2019,0,2018.0,2017-10-16,2018-01-26 00:00:00+00:00,Non Graduated,<=24,0.0,Unknown,Unknown,Unknown,1,0,0,0,0.0,0,0,0,0,0.0
661,2020,0,2018.0,2017-10-16,2018-01-26 00:00:00+00:00,Non Graduated,<=24,0.0,Unknown,Unknown,Unknown,1,0,0,0,0.0,0,0,0,0,0.0
661,2021,0,2018.0,2017-10-16,2018-01-26 00:00:00+00:00,Non Graduated,<=24,0.0,Unknown,Unknown,Unknown,1,0,0,1,2542.045431336802,0,0,0,0,0.0
661,2022,0,2018.0,2017-10-16,2018-01-26 00:00:00+00:00,Non Graduated,<=24,0.0,Unknown,Unknown,Unknown,1,0,0,0,0.0,0,0,0,0,0.0
661,2023,0,2018.0,2017-10-16,2018-01-26 00:00:00+00:00,Non Graduated,<=24,0.0,Unknown,Unknown,Unknown,1,0,0,1,15.931388454617856,0,0,0,0,0.0
661,2024,0,2018.0,2017-10-16,2018-01-26 00:00:00+00:00,Non Graduated,<=24,0.0,Unknown,Unknown,Unknown,1,0,0,1,1894.4428463369934,0,0,0,0,0.0
855,2017,1,2018.0,2018-10-16,2018-12-28 00:00:00+00:00,Graduated,<=24,0.0,Unknown,Unknown,Unknown,0,0,0,0,0.0,7,1,1,0,0.0
855,2018,1,2018.0,2018-10-16,2018-12-28 00:00:00+00:00,Graduated,<=24,0.0,Unknown,Unknown,Unknown,1,1,1,1,5752.775862482917,4,1,1,1,0.0
855,2019,1,2018.0,2018-10-16,2018-12-28 00:00:00+00:00,Graduated,<=24,0.0,Unknown,Unknown,Unknown,1,1,1,1,18320.181022361972,0,0,1,1,0.0
855,2020,1,2018.0,2018-10-16,2018-12-28 00:00:00+00:00,Graduated,<=24,0.0,Unknown,Unknown,Unknown,1,1,0,1,9292.808965201131,0,0,1,1,0.0
855,2021,1,2018.0,2018-10-16,2018-12-28 00:00:00+00:00,Graduated,<=24,0.0,Unknown,Unknown,Unknown,1,1,0,1,10477.89728451964,2,1,1,1,0.0
855,2022,1,2018.0,2018-10-16,2018-12-28 00:00:00+00:00,Graduated,<=24,0.0,Unknown,Unknown,Unknown,1,1,0,1,4600.198690935031,0,0,1,1,0.0
855,2023,1,2018.0,2018-10-16,2018-12-28 00:00:00+00:00,Graduated,<=24,0.0,Unknown,Unknown,Unknown,1,1,0,1,726.4713135305742,5,1,1,1,0.0
855,2024,1,2018.0,2018-10-16,2018-12-28 00:00:00+00:00,Graduated,<=24,0.0,Unknown,Unknown,Unknown,1,1,0,1,3417.940714621552,0,0,1,1,0.0
1004,2017,0,2019.0,2019-06-10,2019-06-27 00:00:00+00:00,Non Graduated,<=24,0.0,Unknown,Unknown,Unknown,0,0,1,1,15100.391852158382,0,0,1,1,0.0
1004,2018,0,2019.0,2019-06-10,2019-06-27 00:00:00+00:00,Non Graduated,<=24,0.0,Unknown,Unknown,Unknown,0,0,1,1,25173.687158112072,1,1,1,1,0.0
1004,2019,0,2019.0,2019-06-10,2019-06-27 00:00:00+00:00,Non Graduated,<=24,0.0,Unknown,Unknown,Unknown,1,0,1,1,14935.460921849042,1,1,1,1,0.0
1004,2020,0,2019.0,2019-06-10,2019-06-27 00:00:00+00:00,Non Graduated,<=24,0.0,Unknown,Unknown,Unknown,1,0,0,1,1092.714813843122,0,0,1,1,0.0
1004,2021,0,2019.0,2019-06-10,2019-06-27 00:00:00+00:00,Non Graduated,<=24,0.0,Unknown,Unknown,Unknown,1,0,0,1,21066.935611843488,0,0,1,1,0.0
1004,2022,0,2019.0,2019-06-10,2019-06-27 00:00:00+00:00,Non Graduated,<=24,0.0,Unknown,Unknown,Unknown,1,0,0,1,11760.851136094265,0,0,1,1,0.0
1004,2023,0,2019.0,2019-06-10,2019-06-27 00:00:00+00:00,Non Graduated,<=24,0.0,Unknown,Unknown,Unknown,1,0,0,1,14545.50680012475,1,1,1,1,0.0
1004,2024,0,2019.0,2019-06-10,2019-06-27 00:00:00+00:00,Non Graduated,<=24,0.0,Unknown,Unknown,Unknown,1,0,0,1,7610.310377100884,0,0,1,1,0.0
893,2017,1,2019.0,2018-12-17,2019-03-01 00:00:00+00:00,Graduated,<=24,0.0,Unknown,Unknown,Unknown,0,0,0,1,15863.022743912874,0,0,0,0,0.0
893,2018,1,2019.0,2018-12-17,2019-03-01 00:00:00+00:00,Graduated,<=24,0.0,Unknown,Unknown,Unknown,0,0,1,1,27033.553996996976,0,0,0,0,0.0
893,2019,1,2019.0,2018-12-17,2019-03-01 00:00:00+00:00,Graduated,<=24,0.0,Unknown,Unknown,Unknown,1,1,1,1,36110.097988593385,0,0,0,0,0.0
893,2020,1,2019.0,2018-12-17,2019-03-01 00:00:00+00:00,Graduated,<=24,0.0,Unknown,Unknown,Unknown,1,1,0,1,12219.427704705264,0,0,0,0,0.0
893,2021,1,2019.0,2018-12-17,2019-03-01 00:00:00+00:00,Graduated,<=24,0.0,Unknown,Unknown,Unknown,1,1,0,1,840.3492155723416,0,0,0,0,0.0
893,2022,1,2019.0,2018-12-17,2019-03-01 00:00:00+00:00,Graduated,<=24,0.0,Unknown,Unknown,Unknown,1,1,1,1,38193.30037215082,0,0,0,0,0.0
893,2023,1,2019.0,2018-12-17,2019-03-01 00:00:00+00:00,Graduated,<=24,0.0,Unknown,Unknown,Unknown,1,1,1,1,36869.39562705464,0,0,0,0,0.0
893,2024,1,2019.0,2018-12-17,2019-03-01 00:00:00+00:00,Graduated,<=24,0.0,Unknown,Unknown,Unknown,1,1,0,1,31187.15022876336,0,0,0,0,0.0
817,2017,0,2018.0,2018-08-06,2018-09-26 00:00:00+00:00,Non Graduated,<=24,0.0,Unknown,Unknown,Unknown,0,0,1,1,7880.5628456037275,0,0,1,1,0.0
817,2018,0,2018.0,2018-08-06,2018-09-26 00:00:00+00:00,Non Graduated,<=24,0.0,Unknown,Unknown,Unknown,1,0,0,1,8717.336121385706,0,0,1,1,0.0
817,2019,0,2018.0,2018-08-06,2018-09-26 00:00:00+00:00,Non Graduated,<=24,0.0,Unknown,Unknown,Unknown,1,0,0,1,8320.546911318093,0,0,1,1,0.0
817,2020,0,2018.0,2018-08-06,2018-09-26 00:00:00+00:00,Non Graduated,<=24,0.0,Unknown,Unknown,Unknown,1,0,0,1,2974.5506680039684,0,0,1,1,0.0
817,2021,0,2018.0,2018-08-06,2018-09-26 00:00:00+00:00,Non Graduated,<=24,0.0,Unknown,Unknown,Unknown,1,0,0,1,6226.540019511107,0,0,1,1,0.0
817,2022,0,2018.0,2018-08-06,2018-09-26 00:00:00+00:00,Non Graduated,<=24,0.0,Unknown,Unknown,Unknown,1,0,0,1,5605.834834240948,0,0,1,1,0.0
817,2023,0,2018.0,2018-08-06,2018-09-26 00:00:00+00:00,Non Graduated,<=24,0.0,Unknown,Unknown,Unknown,1,0,1,1,8684.443229253193,0,0,1,1,0.0
817,2024,0,2018.0,2018-08-06,2018-09-26 00:00:00+00:00,Non Graduated,<=24,0.0,Unknown,Unknown,Unknown,1,0,0,1,2650.5950377575714,0,0,1,1,0.0
967,2017,1,2019.0,2019-04-22,2019-07-03 00:00:00+00:00,Graduated,<=24,0.0,Unknown,Unknown,Unknown,0,0,1,1,16123.561760171764,0,0,0,0,0.0
967,2018,1,2019.0,2019-04-22,2019-07-03 00:00:00+00:00,Graduated,<=24,0.0,Unknown,Unknown,Unknown,0,0,0,1,2116.698050167391,0,0,0,0,0.0
967,2019,1,2019.0,2019-04-22,2019-07-03 00:00:00+00:00,Graduated,<=24,0.0,Unknown,Unknown,Unknown,1,1,0,1,4624.360841129176,0,0,0,0,0.0
967,2020,1,2019.0,2019-04-22,2019-07-03 00:00:00+00:00,Graduated,<=24,0.0,Unknown,Unknown,Unknown,1,1,0,0,0.0,0,0,0,0,0.0
967,2021,1,2019.0,2019-04-22,2019-07-03 00:00:00+00:00,Graduated,<=24,0.0,Unknown,Unknown,Unknown,1,1,0,1,312.66104977726127,0,0,0,0,0.0
967,2022,1,2019.0,2019-04-22,2019-07-03 00:00:00+00:00,Graduated,<=24,0.0,Unknown,Unknown,Unknown,1,1,0,1,6417.4684920504915,0,0,0,0,0.0
967,2023,1,2019.0,2019-04-22,2019-07-03 00:00:00+00:00,Graduated,<=24,0.0,Unknown,Unknown,Unknown,1,1,0,1,11951.400830324634,0,0,0,0,0.0
967,2024,1,2019.0,2019-04-22,2019-07-03 00:00:00+00:00,Graduated,<=24,0.0,Unknown,Unknown,Unknown,1,1,0,1,4554.75923056235,0,0,0,0,0.0
998,2017,0,2019.0,2019-07-08,2019-09-19 00:00:00+00:00,Non Graduated,<=24,0.0,Unknown,Unknown,Unknown,0,0,1,1,2536.717013261015,0,0,1,1,0.0
998,2018,0,2019.0,2019-07-08,2019-09-19 00:00:00+00:00,Non Graduated,<=24,0.0,Unknown,Unknown,Unknown,0,0,1,1,15977.642788964858,0,0,1,1,0.0
998,2019,0,2019.0,2019-07-08,2019-09-19 00:00:00+00:00,Non Graduated,<=24,0.0,Unknown,Unknown,Unknown,1,0,1,1,11964.805226308457,0,0,1,1,0.0
998,2020,0,2019.0,2019-07-08,2019-09-19 00:00:00+00:00,Non Graduated,<=24,0.0,Unknown,Unknown,Unknown,1,0,0,1,5545.382941712027,0,0,1,1,0.0
998,2021,0,2019.0,2019-07-08,2019-09-19 00:00:00+00:00,Non Graduated,<=24,0.0,Unknown,Unknown,Unknown,1,0,0,1,12730.210739963584,0,0,1,1,0.0
998,2022,0,2019.0,2019-07-08,2019-09-19 00:00:00+00:00,Non Graduated,<=24,0.0,Unknown,Unknown,Unknown,1,0,1,1,12414.832964283247,0,0,1,1,0.0
998,2023,0,2019.0,2019-07-08,2019-09-19 00:00:00+00:00,Non Graduated,<=24,0.0,Unknown,Unknown,Unknown,1,0,1,1,19816.990025715757,0,0,1,1,0.0
998,2024,0,2019.0,2019-07-08,2019-09-19 00:00:00+00:00,Non Graduated,<=24,0.0,Unknown,Unknown,Unknown,1,0,0,1,15662.521599177257,0,0,1,1,0.0
1059,2017,1,2019.0,2019-09-18,2019-11-01 00:00:00+00:00,Graduated,<=24,0.0,Unknown,Unknown,Unknown,0,0,0,1,8035.654147633309,0,0,0,0,0.0
1059,2018,1,2019.0,2019-09-18,2019-11-01 00:00:00+00:00,Graduated,<=24,0.0,Unknown,Unknown,Unknown,0,0,1,1,9636.94000988689,0,0,0,0,0.0
1059,2019,1,2019.0,2019-09-18,2019-11-01 00:00:00+00:00,Graduated,<=24,0.0,Unknown,Unknown,Unknown,1,1,0,1,6623.748491403807,0,0,0,0,0.0
1059,2020,1,2019.0,2019-09-18,2019-11-01 00:00:00+00:00,Graduated,<=24,0.0,Unknown,Unknown,Unknown,1,1,0,1,3797.858799702757,0,0,0,0,0.0
1059,2021,1,2019.0,2019-09-18,2019-11-01 00:00:00+00:00,Graduated,<=24,0.0,Unknown,Unknown,Unknown,1,1,0,1,5898.736928954882,0,0,0,0,0.0
1059,2022,1,2019.0,2019-09-18,2019-11-01 00:00:00+00:00,Graduated,<=24,0.0,Unknown,Unknown,Unknown,1,1,1,1,9923.382062902816,0,0,0,0,0.0
1059,2023,1,2019.0,2019-09-18,2019-11-01 00:00:00+00:00,Graduated,<=24,0.0,Unknown,Unknown,Unknown,1,1,0,0,0.0,0,0,0,0,0.0
1059,2024,1,2019.0,2019-09-18,2019-11-01 00:00:00+00:00,Graduated,<=24,0.0,Unknown,Unknown,Unknown,1,1,0,0,0.0,0,0,0,0,0.0
747,2017,0,2018.0,2018-03-26,2018-05-15 00:00:00+00:00,Non Graduated,<=24,0.0,Unknown,Unknown,Unknown,0,0,0,0,0.0,2,1,1,1,0.0
747,2018,0,2018.0,2018-03-26,2018-05-15 00:00:00+00:00,Non Graduated,<=24,0.0,Unknown,Unknown,Unknown,1,0,1,1,7168.375790610767,0,0,1,1,0.0
747,2019,0,2018.0,2018-03-26,2018-05-15 00:00:00+00:00,Non Graduated,<=24,0.0,Unknown,Unknown,Unknown,1,0,0,0,0.0,0,0,1,1,0.0
747,2020,0,2018.0,2018-03-26,2018-05-15 00:00:00+00:00,Non Graduated,<=24,0.0,Unknown,Unknown,Unknown,1,0,0,0,0.0,5,1,1,1,0.0
747,2021,0,2018.0,2018-03-26,2018-05-15 00:00:00+00:00,Non Graduated,<=24,0.0,Unknown,Unknown,Unknown,1,0,0,0,0.0,0,0,1,1,0.0
747,2022,0,2018.0,2018-03-26,2018-05-15 00:00:00+00:00,Non Graduated,<=24,0.0,Unknown,Unknown,Unknown,1,0,0,0,0.0,0,0,1,1,0.0
747,2023,0,2018.0,2018-03-26,2018-05-15 00:00:00+00:00,Non Graduated,<=24,0.0,Unknown,Unknown,Unknown,1,0,0,0,0.0,0,0,1,1,0.0
747,2024,0,2018.0,2018-03-26,2018-05-15 00:00:00+00:00,Non Graduated,<=24,0.0,Unknown,Unknown,Unknown,1,0,0,0,0.0,0,0,1,1,0.0
762,2017,0,2018.0,2018-04-23,2018-06-12 00:00:00+00:00,Non Graduated,<=24,0.0,Unknown,Unknown,Unknown,0,0,0,1,3708.123377763262,0,0,0,0,0.0
762,2018,0,2018.0,2018-04-23,2018-06-12 00:00:00+00:00,Non Graduated,<=24,0.0,Unknown,Unknown,Unknown,1,0,1,1,8769.508965200444,0,0,0,0,0.0
762,2019,0,2018.0,2018-04-23,2018-06-12 00:00:00+00:00,Non Graduated,<=24,0.0,Unknown,Unknown,Unknown,1,0,1,1,17189.888023404143,0,0,0,0,0.0
762,2020,0,2018.0,2018-04-23,2018-06-12 00:00:00+00:00,Non Graduated,<=24,0.0,Unknown,Unknown,Unknown,1,0,1,1,17531.77413198327,0,0,0,0,0.0
762,2021,0,2018.0,2018-04-23,2018-06-12 00:00:00+00:00,Non Graduated,<=24,0.0,Unknown,Unknown,Unknown,1,0,0,1,6512.606645012347,0,0,0,0,0.0
762,2022,0,2018.0,2018-04-23,2018-06-12 00:00:00+00:00,Non Graduated,<=24,0.0,Unknown,Unknown,Unknown,1,0,1,1,15502.68910861871,0,0,0,0,0.0
762,2023,0,2018.0,2018-04-23,2018-06-12 00:00:00+00:00,Non Graduated,<=24,0.0,Unknown,Unknown,Unknown,1,0,0,1,11700.84462854491,0,0,0,0,0.0
762,2024,0,2018.0,2018-04-23,2018-06-12 00:00:00+00:00,Non Graduated,<=24,0.0,Unknown,Unknown,Unknown,1,0,0,0,0.0,0,0,0,0,0.0
769,2017,1,2018.0,2018-05-14,2018-08-03 00:00:00+00:00,Graduated,<=24,0.0,Unknown,Unknown,Unknown,0,0,1,1,13432.794110052562,0,0,0,0,0.0
769,2018,1,2018.0,2018-05-14,2018-08-03 00:00:00+00:00,Graduated,<=24,0.0,Unknown,Unknown,Unknown,1,1,0,1,9962.160679047327,0,0,0,0,0.0
769,2019,1,2018.0,2018-05-14,2018-08-03 00:00:00+00:00,Graduated,<=24,0.0,Unknown,Unknown,Unknown,1,1,1,1,12510.839976138706,0,0,0,0,0.0
769,2020,1,2018.0,2018-05-14,2018-08-03 00:00:00+00:00,Graduated,<=24,0.0,Unknown,Unknown,Unknown,1,1,1,1,12513.861763755827,0,0,0,0,0.0
769,2021,1,2018.0,2018-05-14,2018-08-03 00:00:00+00:00,Graduated,<=24,0.0,Unknown,Unknown,Unknown,1,1,1,1,23062.496406206086,0,0,0,0,0.0
769,2022,1,2018.0,2018-05-14,2018-08-03 00:00:00+00:00,Graduated,<=24,0.0,Unknown,Unknown,Unknown,1,1,1,1,17848.92833932375,0,0,0,0,0.0
769,2023,1,2018.0,2018-05-14,2018-08-03 00:00:00+00:00,Graduated,<=24,0.0,Unknown,Unknown,Unknown,1,1,1,1,43811.021625597,0,0,0,0,0.0
769,2024,1,2018.0,2018-05-14,2018-08-03 00:00:00+00:00,Graduated,<=24,0.0,Unknown,Unknown,Unknown,1,1,0,1,31885.018012130604,0,0,0,0,0.0
1172,2017,0,2020.0,2020-03-16,2020-06-25 00:00:00+00:00,Non Graduated,<=24,0.0,Unknown,Unknown,Unknown,0,0,1,1,4319.621823159763,0,0,0,0,0.0
1172,2018,0,2020.0,2020-03-16,2020-06-25 00:00:00+00:00,Non Graduated,<=24,0.0,Unknown,Unknown,Unknown,0,0,1,1,17812.92008832972,0,0,0,0,0.0
1172,2019,0,2020.0,2020-03-16,2020-06-25 00:00:00+00:00,Non Graduated,<=24,0.0,Unknown,Unknown,Unknown,0,0,1,1,33403.121760233604,0,0,0,0,0.0
1172,2020,0,2020.0,2020-03-16,2020-06-25 00:00:00+00:00,Non Graduated,<=24,0.0,Unknown,Unknown,Unknown,1,0,1,1,25272.835824276448,0,0,0,0,0.0
1172,2021,0,2020.0,2020-03-16,2020-06-25 00:00:00+00:00,Non Graduated,<=24,0.0,Unknown,Unknown,Unknown,1,0,1,1,38274.847427204426,0,0,0,0,0.0
1172,2022,0,2020.0,2020-03-16,2020-06-25 00:00:00+00:00,Non Graduated,<=24,0.0,Unknown,Unknown,Unknown,1,0,0,1,176.95920056764425,0,0,0,0,0.0
1172,2023,0,2020.0,2020-03-16,2020-06-25 00:00:00+00:00,Non Graduated,<=24,0.0,Unknown,Unknown,Unknown,1,0,0,0,0.0,0,0,0,0,0.0
1172,2024,0,2020.0,2020-03-16,2020-06-25 00:00:00+00:00,Non Graduated,<=24,0.0,Unknown,Unknown,Unknown,1,0,0,0,0.0,0,0,0,0,0.0
937,2017,1,2019.0,2019-02-25,2019-04-12 00:00:00+00:00,Graduated,<=24,0.0,Unknown,Unknown,Unknown,0,0,0,0,0.0,0,0,0,0,0.0
937,2018,1,2019.0,2019-02-25,2019-04-12 00:00:00+00:00,Graduated,<=24,0.0,Unknown,Unknown,Unknown,0,0,0,1,2007.0135053914094,0,0,0,0,0.0
937,2019,1,2019.0,2019-02-25,2019-04-12 00:00:00+00:00,Graduated,<=24,0.0,Unknown,Unknown,Unknown,1,1,0,1,333.28941531150224,0,0,0,0,0.0
937,2020,1,2019.0,2019-02-25,2019-04-12 00:00:00+00:00,Graduated,<=24,0.0,Unknown,Unknown,Unknown,1,1,0,1,99.1816283439552,6,1,1,0,0.0
937,2021,1,2019.0,2019-02-25,2019-04-12 00:00:00+00:00,Graduated,<=24,0.0,Unknown,Unknown,Unknown,1,1,0,0,0.0,0,0,1,1,0.0
937,2022,1,2019.0,2019-02-25,2019-04-12 00:00:00+00:00,Graduated,<=24,0.0,Unknown,Unknown,Unknown,1,1,0,1,2192.656900302287,0,0,1,1,0.0
937,2023,1,2019.0,2019-02-25,2019-04-12 00:00:00+00:00,Graduated,<=24,0.0,Unknown,Unknown,Unknown,1,1,0,1,8229.405619973848,0,0,1,1,0.0
937,2024,1,2019.0,2019-02-25,2019-04-12 00:00:00+00:00,Graduated,<=24,0.0,Unknown,Unknown,Unknown,1,1,0,1,2835.324382953902,0,0,1,1,0.0
1284,2017,0,2020.0,2020-12-01,2020-12-08 00:00:00+00:00,Non Graduated,<=24,0.0,Unknown,Unknown,Unknown,0,0,0,1,3879.099868797461,0,0,0,0,0.0
1284,2018,0,2020.0,2020-12-01,2020-12-08 00:00:00+00:00,Non Graduated,<=24,0.0,Unknown,Unknown,Unknown,0,0,1,1,13695.007776613023,0,0,0,0,0.0
1284,2019,0,2020.0,2020-12-01,2020-12-08 00:00:00+00:00,Non Graduated,<=24,0.0,Unknown,Unknown,Unknown,0,0,0,1,10212.147387118617,0,0,0,0,0.0
1284,2020,0,2020.0,2020-12-01,2020-12-08 00:00:00+00:00,Non Graduated,<=24,0.0,Unknown,Unknown,Unknown,1,0,0,1,6080.235905250553,0,0,0,0,0.0
1284,2021,0,2020.0,2020-12-01,2020-12-08 00:00:00+00:00,Non Graduated,<=24,0.0,Unknown,Unknown,Unknown,1,0,1,1,7074.405479649783,0,0,0,0,0.0
1284,2022,0,2020.0,2020-12-01,2020-12-08 00:00:00+00:00,Non Graduated,<=24,0.0,Unknown,Unknown,Unknown,1,0,1,1,28919.974497139887,0,0,0,0,0.0
1284,2023,0,2020.0,2020-12-01,2020-12-08 00:00:00+00:00,Non Graduated,<=24,0.0,Unknown,Unknown,Unknown,1,0,1,1,32586.732334268017,0,0,0,0,0.0
1284,2024,0,2020.0,2020-12-01,2020-12-08 00:00:00+00:00,Non Graduated,<=24,0.0,Unknown,Unknown,Unknown,1,0,0,1,12341.699507129973,0,0,0,0,0.0
1441,2017,1,2022.0,2021-09-27,2022-01-18 00:00:00+00:00,Graduated,<=24,0.0,Unknown,Unknown,Unknown,0,0,0,1,872.1774383785547,0,0,0,0,0.0
1441,2018,1,2022.0,2021-09-27,2022-01-18 00:00:00+00:00,Graduated,<=24,0.0,Unknown,Unknown,Unknown,0,0,0,1,466.1731969834184,0,0,0,0,0.0
1441,2019,1,2022.0,2021-09-27,2022-01-18 00:00:00+00:00,Graduated,<=24,0.0,Unknown,Unknown,Unknown,0,0,0,1,1950.7555019897288,0,0,0,0,0.0
1441,2020,1,2022.0,2021-09-27,2022-01-18 00:00:00+00:00,Graduated,<=24,0.0,Unknown,Unknown,Unknown,0,0,0,1,3974.931026547105,1,1,1,0,0.0
1441,2021,1,2022.0,2021-09-27,2022-01-18 00:00:00+00:00,Graduated,<=24,0.0,Unknown,Unknown,Unknown,0,0,0,1,1048.402479178772,1,1,1,1,0.0
1441,2022,1,2022.0,2021-09-27,2022-01-18 00:00:00+00:00,Graduated,<=24,0.0,Unknown,Unknown,Unknown,1,1,0,0,0.0,0,0,1,1,0.0
1441,2023,1,2022.0,2021-09-27,2022-01-18 00:00:00+00:00,Graduated,<=24,0.0,Unknown,Unknown,Unknown,1,1,0,0,0.0,0,0,1,1,0.0
1441,2024,1,2022.0,2021-09-27,2022-01-18 00:00:00+00:00,Graduated,<=24,0.0,Unknown,Unknown,Unknown,1,1,0,0,0.0,0,0,1,1,0.0
1041,2017,1,2019.0,2019-08-12,2019-10-25 00:00:00+00:00,Graduated,<=24,0.0,Unknown,Unknown,Unknown,0,0,0,1,4634.3258987452555,0,0,0,0,0.0
1041,2018,1,2019.0,2019-08-12,2019-10-25 00:00:00+00:00,Graduated,<=24,0.0,Unknown,Unknown,Unknown,0,0,1,1,3423.8717768721776,0,0,0,0,0.0
1041,2019,1,2019.0,2019-08-12,2019-10-25 00:00:00+00:00,Graduated,<=24,0.0,Unknown,Unknown,Unknown,1,1,0,1,16201.129364958195,0,0,0,0,0.0
1041,2020,1,2019.0,2019-08-12,2019-10-25 00:00:00+00:00,Graduated,<=24,0.0,Unknown,Unknown,Unknown,1,1,0,1,5896.005746392467,0,0,0,0,0.0
1041,2021,1,2019.0,2019-08-12,2019-10-25 00:00:00+00:00,Graduated,<=24,0.0,Unknown,Unknown,Unknown,1,1,0,0,0.0,0,0,0,0,0.0
1041,2022,1,2019.0,2019-08-12,2019-10-25 00:00:00+00:00,Graduated,<=24,0.0,Unknown,Unknown,Unknown,1,1,0,0,0.0,0,0,0,0,0.0
1041,2023,1,2019.0,2019-08-12,2019-10-25 00:00:00+00:00,Graduated,<=24,0.0,Unknown,Unknown,Unknown,1,1,0,0,0.0,0,0,0,0,0.0
1041,2024,1,2019.0,2019-08-12,2019-10-25 00:00:00+00:00,Graduated,<=24,0.0,Unknown,Unknown,Unknown,1,1,0,0,0.0,0,0,0,0,0.0
694,2017,1,2018.0,2017-12-11,2018-02-23 00:00:00+00:00,Graduated,<=24,0.0,Unknown,Unknown,Unknown,0,0,0,0,0.0,0,0,0,0,0.0
694,2018,1,2018.0,2017-12-11,2018-02-23 00:00:00+00:00,Graduated,<=24,0.0,Unknown,Unknown,Unknown,1,1,0,1,250.76701760791144,0,0,0,0,0.0
694,2019,1,2018.0,2017-12-11,2018-02-23 00:00:00+00:00,Graduated,<=24,0.0,Unknown,Unknown,Unknown,1,1,0,0,0.0,0,0,0,0,0.0
694,2020,1,2018.0,2017-12-11,2018-02-23 00:00:00+00:00,Graduated,<=24,0.0,Unknown,Unknown,Unknown,1,1,0,0,0.0,0,0,0,0,0.0
694,2021,1,2018.0,2017-12-11,2018-02-23 00:00:00+00:00,Graduated,<=24,0.0,Unknown,Unknown,Unknown,1,1,0,1,2268.177171812912,0,0,0,0,0.0
694,2022,1,2018.0,2017-12-11,2018-02-23 00:00:00+00:00,Graduated,<=24,0.0,Unknown,Unknown,Unknown,1,1,0,0,0.0,0,0,0,0,0.0
694,2023,1,2018.0,2017-12-11,2018-02-23 00:00:00+00:00,Graduated,<=24,0.0,Unknown,Unknown,Unknown,1,1,0,1,4797.960899296307,1,1,1,0,0.0
694,2024,1,2018.0,2017-12-11,2018-02-23 00:00:00+00:00,Graduated,<=24,0.0,Unknown,Unknown,Unknown,1,1,0,0,0.0,0,0,1,1,0.0
684,2017,1,2018.0,2017-12-11,2018-02-23 00:00:00+00:00,Graduated,<=24,0.0,Unknown,Unknown,Unknown,0,0,0,0,0.0,0,0,0,0,0.0
684,2018,1,2018.0,2017-12-11,2018-02-23 00:00:00+00:00,Graduated,<=24,0.0,Unknown,Unknown,Unknown,1,1,0,1,2507.5250209674846,0,0,0,0,0.0
684,2019,1,2018.0,2017-12-11,2018-02-23 00:00:00+00:00,Graduated,<=24,0.0,Unknown,Unknown,Unknown,1,1,0,0,0.0,0,0,0,0,0.0
684,2020,1,2018.0,2017-12-11,2018-02-23 00:00:00+00:00,Graduated,<=24,0.0,Unknown,Unknown,Unknown,1,1,0,1,11518.746698061022,0,0,0,0,0.0
684,2021,1,2018.0,2017-12-11,2018-02-23 00:00:00+00:00,Graduated,<=24,0.0,Unknown,Unknown,Unknown,1,1,1,1,44514.0905908849,0,0,0,0,0.0
684,2022,1,2018.0,2017-12-11,2018-02-23 00:00:00+00:00,Graduated,<=24,0.0,Unknown,Unknown,Unknown,1,1,1,1,66019.31742904411,0,0,0,0,0.0
684,2023,1,2018.0,2017-12-11,2018-02-23 00:00:00+00:00,Graduated,<=24,0.0,Unknown,Unknown,Unknown,1,1,1,1,70523.32885967096,0,0,0,0,0.0
684,2024,1,2018.0,2017-12-11,2018-02-23 00:00:00+00:00,Graduated,<=24,0.0,Unknown,Unknown,Unknown,1,1,0,1,46477.62899206729,0,0,0,0,0.0
1113,2017,0,2020.0,2019-12-09,2020-02-06 00:00:00+00:00,Non Graduated,<=24,0.0,Unknown,Unknown,Unknown,0,0,0,0,0.0,0,0,0,0,0.0
1113,2018,0,2020.0,2019-12-09,2020-02-06 00:00:00+00:00,Non Graduated,<=24,0.0,Unknown,Unknown,Unknown,0,0,0,0,0.0,0,0,0,0,0.0
1113,2019,0,2020.0,2019-12-09,2020-02-06 00:00:00+00:00,Non Graduated,<=24,0.0,Unknown,Unknown,Unknown,0,0,0,1,6253.281068739681,0,0,0,0,0.0
1113,2020,0,2020.0,2019-12-09,2020-02-06 00:00:00+00:00,Non Graduated,<=24,0.0,Unknown,Unknown,Unknown,1,0,0,1,26266.12398081265,0,0,0,0,0.0
1113,2021,0,2020.0,2019-12-09,2020-02-06 00:00:00+00:00,Non Graduated,<=24,0.0,Unknown,Unknown,Unknown,1,0,1,1,41303.76920817495,3,1,1,0,0.0
1113,2022,0,2020.0,2019-12-09,2020-02-06 00:00:00+00:00,Non Graduated,<=24,0.0,Unknown,Unknown,Unknown,1,0,1,1,44370.02338486865,0,0,1,1,0.0
1113,2023,0,2020.0,2019-12-09,2020-02-06 00:00:00+00:00,Non Graduated,<=24,0.0,Unknown,Unknown,Unknown,1,0,0,1,49079.34922309145,0,0,1,1,0.0
1113,2024,0,2020.0,2019-12-09,2020-02-06 00:00:00+00:00,Non Graduated,<=24,0.0,Unknown,Unknown,Unknown,1,0,0,1,17199.233587137795,0,0,1,1,0.0
1170,2017,1,2020.0,2020-03-16,2020-05-13 00:00:00+00:00,Graduated,<=24,0.0,Unknown,Unknown,Unknown,0,0,0,1,893.8550404828737,1,1,1,1,0.0
1170,2018,1,2020.0,2020-03-16,2020-05-13 00:00:00+00:00,Graduated,<=24,0.0,Unknown,Unknown,Unknown,0,0,0,1,7549.749840047295,2,1,1,1,0.0
1170,2019,1,2020.0,2020-03-16,2020-05-13 00:00:00+00:00,Graduated,<=24,0.0,Unknown,Unknown,Unknown,0,0,1,1,26325.434479130545,0,0,1,1,0.0
1170,2020,1,2020.0,2020-03-16,2020-05-13 00:00:00+00:00,Graduated,<=24,0.0,Unknown,Unknown,Unknown,1,1,0,1,254.85912093446714,0,0,1,1,0.0
1170,2021,1,2020.0,2020-03-16,2020-05-13 00:00:00+00:00,Graduated,<=24,0.0,Unknown,Unknown,Unknown,1,1,0,0,0.0,0,0,1,1,0.0
1170,2022,1,2020.0,2020-03-16,2020-05-13 00:00:00+00:00,Graduated,<=24,0.0,Unknown,Unknown,Unknown,1,1,0,1,4467.747571211229,0,0,1,1,0.0
1170,2023,1,2020.0,2020-03-16,2020-05-13 00:00:00+00:00,Graduated,<=24,0.0,Unknown,Unknown,Unknown,1,1,1,1,15657.304888941457,0,0,1,1,0.0
1170,2024,1,2020.0,2020-03-16,2020-05-13 00:00:00+00:00,Graduated,<=24,0.0,Unknown,Unknown,Unknown,1,1,0,1,13543.479131840882,3,1,1,1,0.0
1360,2017,1,2021.0,2021-05-10,2021-11-10 00:00:00+00:00,Graduated,<=24,0.0,Unknown,Unknown,Unknown,0,0,0,1,2410.3438857213105,0,0,0,0,0.0
1360,2018,1,2021.0,2021-05-10,2021-11-10 00:00:00+00:00,Graduated,<=24,0.0,Unknown,Unknown,Unknown,0,0,0,1,1040.8999465272086,0,0,0,0,0.0
1360,2019,1,2021.0,2021-05-10,2021-11-10 00:00:00+00:00,Graduated,<=24,0.0,Unknown,Unknown,Unknown,0,0,1,1,24869.746068971384,0,0,0,0,0.0
1360,2020,1,2021.0,2021-05-10,2021-11-10 00:00:00+00:00,Graduated,<=24,0.0,Unknown,Unknown,Unknown,0,0,0,1,1831.4255186721991,0,0,0,0,0.0
1360,2021,1,2021.0,2021-05-10,2021-11-10 00:00:00+00:00,Graduated,<=24,0.0,Unknown,Unknown,Unknown,1,1,0,1,3905.3573503776875,0,0,0,0,0.0
1360,2022,1,2021.0,2021-05-10,2021-11-10 00:00:00+00:00,Graduated,<=24,0.0,Unknown,Unknown,Unknown,1,1,0,1,3766.9821890213143,0,0,0,0,0.0
1360,2023,1,2021.0,2021-05-10,2021-11-10 00:00:00+00:00,Graduated,<=24,0.0,Unknown,Unknown,Unknown,1,1,0,0,0.0,0,0,0,0,0.0
1360,2024,1,2021.0,2021-05-10,2021-11-10 00:00:00+00:00,Graduated,<=24,0.0,Unknown,Unknown,Unknown,1,1,0,0,0.0,0,0,0,0,0.0
753,2017,1,2018.0,2018-04-09,2018-06-22 00:00:00+00:00,Graduated,<=24,0.0,Unknown,Unknown,Unknown,0,0,0,0,0.0,3,1,1,1,0.0
753,2018,1,2018.0,2018-04-09,2018-06-22 00:00:00+00:00,Graduated,<=24,0.0,Unknown,Unknown,Unknown,1,1,0,1,97.56061464353765,0,0,1,1,0.0
753,2019,1,2018.0,2018-04-09,2018-06-22 00:00:00+00:00,Graduated,<=24,0.0,Unknown,Unknown,Unknown,1,1,0,0,0.0,0,0,1,1,0.0
753,2020,1,2018.0,2018-04-09,2018-06-22 00:00:00+00:00,Graduated,<=24,0.0,Unknown,Unknown,Unknown,1,1,0,1,2749.465393332429,0,0,1,1,0.0
753,2021,1,2018.0,2018-04-09,2018-06-22 00:00:00+00:00,Graduated,<=24,0.0,Unknown,Unknown,Unknown,1,1,0,0,0.0,0,0,1,1,0.0
753,2022,1,2018.0,2018-04-09,2018-06-22 00:00:00+00:00,Graduated,<=24,0.0,Unknown,Unknown,Unknown,1,1,1,1,23305.080750618254,0,0,1,1,0.0
753,2023,1,2018.0,2018-04-09,2018-06-22 00:00:00+00:00,Graduated,<=24,0.0,Unknown,Unknown,Unknown,1,1,1,1,30379.89918753976,0,0,1,1,0.0
753,2024,1,2018.0,2018-04-09,2018-06-22 00:00:00+00:00,Graduated,<=24,0.0,Unknown,Unknown,Unknown,1,1,0,1,31539.573561498528,0,0,1,1,0.0
993,2017,0,2019.0,2019-07-01,2019-07-02 00:00:00+00:00,Non Graduated,<=24,0.0,Unknown,Unknown,Unknown,0,0,1,1,9526.635499186581,0,0,0,0,0.0
993,2018,0,2019.0,2019-07-01,2019-07-02 00:00:00+00:00,Non Graduated,<=24,0.0,Unknown,Unknown,Unknown,0,0,0,1,5346.604532501228,0,0,0,0,0.0
993,2019,0,2019.0,2019-07-01,2019-07-02 00:00:00+00:00,Non Graduated,<=24,0.0,Unknown,Unknown,Unknown,1,0,0,1,6505.096261655095,0,0,0,0,0.0
993,2020,0,2019.0,2019-07-01,2019-07-02 00:00:00+00:00,Non Graduated,<=24,0.0,Unknown,Unknown,Unknown,1,0,1,1,16115.742012989922,0,0,0,0,0.0
993,2021,0,2019.0,2019-07-01,2019-07-02 00:00:00+00:00,Non Graduated,<=24,0.0,Unknown,Unknown,Unknown,1,0,1,1,7242.158853455012,0,0,0,0,0.0
993,2022,0,2019.0,2019-07-01,2019-07-02 00:00:00+00:00,Non Graduated,<=24,0.0,Unknown,Unknown,Unknown,1,0,1,1,4421.954670300026,0,0,0,0,0.0
993,2023,0,2019.0,2019-07-01,2019-07-02 00:00:00+00:00,Non Graduated,<=24,0.0,Unknown,Unknown,Unknown,1,0,1,1,7834.330608044807,0,0,0,0,0.0
993,2024,0,2019.0,2019-07-01,2019-07-02 00:00:00+00:00,Non Graduated,<=24,0.0,Unknown,Unknown,Unknown,1,0,0,1,11285.499536234693,0,0,0,0,0.0
860,2017,1,2019.0,2018-10-15,2019-02-15 00:00:00+00:00,Graduated,<=24,0.0,Unknown,Unknown,Unknown,0,0,0,1,2806.6409256684065,0,0,1,1,0.0
860,2018,1,2019.0,2018-10-15,2019-02-15 00:00:00+00:00,Graduated,<=24,0.0,Unknown,Unknown,Unknown,0,0,0,1,2024.4122955352348,0,0,1,1,0.0
860,2019,1,2019.0,2018-10-15,2019-02-15 00:00:00+00:00,Graduated,<=24,0.0,Unknown,Unknown,Unknown,1,1,0,1,3589.175099864705,2,1,1,1,0.0
860,2020,1,2019.0,2018-10-15,2019-02-15 00:00:00+00:00,Graduated,<=24,0.0,Unknown,Unknown,Unknown,1,1,0,0,0.0,0,0,1,1,0.0
860,2021,1,2019.0,2018-10-15,2019-02-15 00:00:00+00:00,Graduated,<=24,0.0,Unknown,Unknown,Unknown,1,1,0,1,1472.6451675382527,0,0,1,1,0.0
860,2022,1,2019.0,2018-10-15,2019-02-15 00:00:00+00:00,Graduated,<=24,0.0,Unknown,Unknown,Unknown,1,1,0,1,26965.51367464655,0,0,1,1,0.0
860,2023,1,2019.0,2018-10-15,2019-02-15 00:00:00+00:00,Graduated,<=24,0.0,Unknown,Unknown,Unknown,1,1,0,1,15816.956576241506,0,0,1,1,0.0
860,2024,1,2019.0,2018-10-15,2019-02-15 00:00:00+00:00,Graduated,<=24,0.0,Unknown,Unknown,Unknown,1,1,0,1,9205.357205637092,0,0,1,1,0.0
869,2017,0,2018.0,2018-10-30,2018-11-14 00:00:00+00:00,Non Graduated,<=24,0.0,Unknown,Unknown,Unknown,0,0,0,1,2003.5183839169592,0,0,0,0,0.0
869,2018,0,2018.0,2018-10-30,2018-11-14 00:00:00+00:00,Non Graduated,<=24,0.0,Unknown,Unknown,Unknown,1,0,0,1,5278.084359936791,0,0,0,0,0.0
869,2019,0,2018.0,2018-10-30,2018-11-14 00:00:00+00:00,Non Graduated,<=24,0.0,Unknown,Unknown,Unknown,1,0,0,1,21981.866422185478,0,0,0,0,0.0
869,2020,0,2018.0,2018-10-30,2018-11-14 00:00:00+00:00,Non Graduated,<=24,0.0,Unknown,Unknown,Unknown,1,0,0,1,9817.69511516046,0,0,0,0,0.0
869,2021,0,2018.0,2018-10-30,2018-11-14 00:00:00+00:00,Non Graduated,<=24,0.0,Unknown,Unknown,Unknown,1,0,0,1,4837.528956033314,0,0,0,0,0.0
869,2022,0,2018.0,2018-10-30,2018-11-14 00:00:00+00:00,Non Graduated,<=24,0.0,Unknown,Unknown,Unknown,1,0,1,1,33710.54484387541,0,0,0,0,0.0
869,2023,0,2018.0,2018-10-30,2018-11-14 00:00:00+00:00,Non Graduated,<=24,0.0,Unknown,Unknown,Unknown,1,0,1,1,35668.71840175001,0,0,0,0,0.0
869,2024,0,2018.0,2018-10-30,2018-11-14 00:00:00+00:00,Non Graduated,<=24,0.0,Unknown,Unknown,Unknown,1,0,0,1,7251.877281389845,0,0,0,0,0.0
977,2017,1,2019.0,2019-05-06,2019-06-21 00:00:00+00:00,Graduated,<=24,0.0,Unknown,Unknown,Unknown,0,0,0,1,868.9439615100358,1,1,1,0,0.0
977,2018,1,2019.0,2019-05-06,2019-06-21 00:00:00+00:00,Graduated,<=24,0.0,Unknown,Unknown,Unknown,0,0,1,1,4096.091930373996,0,0,1,1,0.0
977,2019,1,2019.0,2019-05-06,2019-06-21 00:00:00+00:00,Graduated,<=24,0.0,Unknown,Unknown,Unknown,1,1,0,1,387.13869107380515,3,1,1,1,0.0
977,2020,1,2019.0,2019-05-06,2019-06-21 00:00:00+00:00,Graduated,<=24,0.0,Unknown,Unknown,Unknown,1,1,0,0,0.0,0,0,1,1,0.0
977,2021,1,2019.0,2019-05-06,2019-06-21 00:00:00+00:00,Graduated,<=24,0.0,Unknown,Unknown,Unknown,1,1,0,1,2768.6194073213246,1,1,1,1,0.0
977,2022,1,2019.0,2019-05-06,2019-06-21 00:00:00+00:00,Graduated,<=24,0.0,Unknown,Unknown,Unknown,1,1,0,1,3835.2702866527034,0,0,1,1,0.0
977,2023,1,2019.0,2019-05-06,2019-06-21 00:00:00+00:00,Graduated,<=24,0.0,Unknown,Unknown,Unknown,1,1,0,0,0.0,0,0,1,1,0.0
977,2024,1,2019.0,2019-05-06,2019-06-21 00:00:00+00:00,Graduated,<=24,0.0,Unknown,Unknown,Unknown,1,1,0,0,0.0,0,0,1,1,0.0
1258,2017,0,2020.0,2020-09-28,2020-10-09 00:00:00+00:00,Non Graduated,<=24,0.0,Unknown,Unknown,Unknown,0,0,0,1,3925.786850214405,0,0,0,0,0.0
1258,2018,0,2020.0,2020-09-28,2020-10-09 00:00:00+00:00,Non Graduated,<=24,0.0,Unknown,Unknown,Unknown,0,0,1,1,6548.13266743997,0,0,0,0,0.0
1258,2019,0,2020.0,2020-09-28,2020-10-09 00:00:00+00:00,Non Graduated,<=24,0.0,Unknown,Unknown,Unknown,0,0,1,1,18424.941204862553,0,0,0,0,0.0
1258,2020,0,2020.0,2020-09-28,2020-10-09 00:00:00+00:00,Non Graduated,<=24,0.0,Unknown,Unknown,Unknown,1,0,1,1,22452.491704299937,0,0,0,0,0.0
1258,2021,0,2020.0,2020-09-28,2020-10-09 00:00:00+00:00,Non Graduated,<=24,0.0,Unknown,Unknown,Unknown,1,0,1,1,25578.14225817084,0,0,0,0,0.0
1258,2022,0,2020.0,2020-09-28,2020-10-09 00:00:00+00:00,Non Graduated,<=24,0.0,Unknown,Unknown,Unknown,1,0,1,1,29100.35517627221,0,0,0,0,0.0
1258,2023,0,2020.0,2020-09-28,2020-10-09 00:00:00+00:00,Non Graduated,<=24,0.0,Unknown,Unknown,Unknown,1,0,1,1,42847.05882015842,0,0,0,0,0.0
1258,2024,0,2020.0,2020-09-28,2020-10-09 00:00:00+00:00,Non Graduated,<=24,0.0,Unknown,Unknown,Unknown,1,0,0,1,32465.126992943056,0,0,0,0,0.0
1477,2017,1,2022.0,2021-12-13,2022-03-25 00:00:00+00:00,Graduated,<=24,0.0,Unknown,Unknown,Unknown,0,0,0,0,0.0,0,0,0,0,0.0
1477,2018,1,2022.0,2021-12-13,2022-03-25 00:00:00+00:00,Graduated,<=24,0.0,Unknown,Unknown,Unknown,0,0,0,1,791.69949071938,0,0,0,0,0.0
1477,2019,1,2022.0,2021-12-13,2022-03-25 00:00:00+00:00,Graduated,<=24,0.0,Unknown,Unknown,Unknown,0,0,1,1,10683.265786814902,0,0,0,0,0.0
1477,2020,1,2022.0,2021-12-13,2022-03-25 00:00:00+00:00,Graduated,<=24,0.0,Unknown,Unknown,Unknown,0,0,1,1,21787.795933376474,0,0,0,0,0.0
1477,2021,1,2022.0,2021-12-13,2022-03-25 00:00:00+00:00,Graduated,<=24,0.0,Unknown,Unknown,Unknown,0,0,0,1,12576.359249091518,0,0,0,0,0.0
1477,2022,1,2022.0,2021-12-13,2022-03-25 00:00:00+00:00,Graduated,<=24,0.0,Unknown,Unknown,Unknown,1,1,0,1,7611.2680352129955,0,0,0,0,0.0
1477,2023,1,2022.0,2021-12-13,2022-03-25 00:00:00+00:00,Graduated,<=24,0.0,Unknown,Unknown,Unknown,1,1,1,1,34185.67761838868,0,0,0,0,0.0
1477,2024,1,2022.0,2021-12-13,2022-03-25 00:00:00+00:00,Graduated,<=24,0.0,Unknown,Unknown,Unknown,1,1,0,1,24111.438300976,0,0,0,0,0.0
975,2017,0,2019.0,2019-04-29,2019-05-22 00:00:00+00:00,Non Graduated,<=24,0.0,Unknown,Unknown,Unknown,0,0,0,1,1799.4839560142323,0,0,0,0,0.0
975,2018,0,2019.0,2019-04-29,2019-05-22 00:00:00+00:00,Non Graduated,<=24,0.0,Unknown,Unknown,Unknown,0,0,0,1,1576.4185547015877,0,0,0,0,0.0
975,2019,0,2019.0,2019-04-29,2019-05-22 00:00:00+00:00,Non Graduated,<=24,0.0,Unknown,Unknown,Unknown,1,0,0,1,11206.380209500356,0,0,0,0,0.0
975,2020,0,2019.0,2019-04-29,2019-05-22 00:00:00+00:00,Non Graduated,<=24,0.0,Unknown,Unknown,Unknown,1,0,0,1,10800.77359278115,0,0,0,0,0.0
975,2021,0,2019.0,2019-04-29,2019-05-22 00:00:00+00:00,Non Graduated,<=24,0.0,Unknown,Unknown,Unknown,1,0,1,1,11853.70689100095,0,0,0,0,0.0
975,2022,0,2019.0,2019-04-29,2019-05-22 00:00:00+00:00,Non Graduated,<=24,0.0,Unknown,Unknown,Unknown,1,0,1,1,25999.670987910013,0,0,0,0,0.0
975,2023,0,2019.0,2019-04-29,2019-05-22 00:00:00+00:00,Non Graduated,<=24,0.0,Unknown,Unknown,Unknown,1,0,1,1,39717.801799142864,0,0,0,0,0.0
975,2024,0,2019.0,2019-04-29,2019-05-22 00:00:00+00:00,Non Graduated,<=24,0.0,Unknown,Unknown,Unknown,1,0,0,1,14364.041706083237,0,0,0,0,0.0
1197,2017,1,2020.0,2020-06-15,2020-09-09 00:00:00+00:00,Graduated,<=24,0.0,Unknown,Unknown,Unknown,0,0,1,1,16280.591907892898,0,0,0,0,0.0
1197,2018,1,2020.0,2020-06-15,2020-09-09 00:00:00+00:00,Graduated,<=24,0.0,Unknown,Unknown,Unknown,0,0,1,1,10493.450895409364,0,0,0,0,0.0
1197,2019,1,2020.0,2020-06-15,2020-09-09 00:00:00+00:00,Graduated,<=24,0.0,Unknown,Unknown,Unknown,0,0,0,1,6790.110439672242,0,0,0,0,0.0
1197,2020,1,2020.0,2020-06-15,2020-09-09 00:00:00+00:00,Graduated,<=24,0.0,Unknown,Unknown,Unknown,1,1,0,1,3403.8397076099727,0,0,0,0,0.0
1197,2021,1,2020.0,2020-06-15,2020-09-09 00:00:00+00:00,Graduated,<=24,0.0,Unknown,Unknown,Unknown,1,1,0,1,10120.860278334401,0,0,0,0,0.0
1197,2022,1,2020.0,2020-06-15,2020-09-09 00:00:00+00:00,Graduated,<=24,0.0,Unknown,Unknown,Unknown,1,1,1,1,12077.78544441731,0,0,0,0,0.0
1197,2023,1,2020.0,2020-06-15,2020-09-09 00:00:00+00:00,Graduated,<=24,0.0,Unknown,Unknown,Unknown,1,1,1,1,22474.08507360254,0,0,0,0,0.0
1197,2024,1,2020.0,2020-06-15,2020-09-09 00:00:00+00:00,Graduated,<=24,0.0,Unknown,Unknown,Unknown,1,1,0,1,8297.698753135413,0,0,0,0,0.0
826,2017,0,2018.0,2018-08-27,2018-09-27 00:00:00+00:00,Non Graduated,<=24,0.0,Unknown,Unknown,Unknown,0,0,0,0,0.0,0,0,0,0,0.0
826,2018,0,2018.0,2018-08-27,2018-09-27 00:00:00+00:00,Non Graduated,<=24,0.0,Unknown,Unknown,Unknown,1,0,0,1,1676.8107692858819,0,0,0,0,0.0
826,2019,0,2018.0,2018-08-27,2018-09-27 00:00:00+00:00,Non Graduated,<=24,0.0,Unknown,Unknown,Unknown,1,0,0,1,3520.7485690415538,0,0,0,0,0.0
826,2020,0,2018.0,2018-08-27,2018-09-27 00:00:00+00:00,Non Graduated,<=24,0.0,Unknown,Unknown,Unknown,1,0,0,0,0.0,0,0,0,0,0.0
826,2021,0,2018.0,2018-08-27,2018-09-27 00:00:00+00:00,Non Graduated,<=24,0.0,Unknown,Unknown,Unknown,1,0,0,1,63.926980437729995,0,0,0,0,0.0
826,2022,0,2018.0,2018-08-27,2018-09-27 00:00:00+00:00,Non Graduated,<=24,0.0,Unknown,Unknown,Unknown,1,0,0,0,0.0,0,0,0,0,0.0
826,2023,0,2018.0,2018-08-27,2018-09-27 00:00:00+00:00,Non Graduated,<=24,0.0,Unknown,Unknown,Unknown,1,0,0,0,0.0,0,0,0,0,0.0
826,2024,0,2018.0,2018-08-27,2018-09-27 00:00:00+00:00,Non Graduated,<=24,0.0,Unknown,Unknown,Unknown,1,0,0,0,0.0,0,0,0,0,0.0
827,2017,1,2018.0,2018-08-20,2018-11-02 00:00:00+00:00,Graduated,<=24,0.0,Unknown,Unknown,Unknown,0,0,0,0,0.0,0,0,0,0,0.0
827,2018,1,2018.0,2018-08-20,2018-11-02 00:00:00+00:00,Graduated,<=24,0.0,Unknown,Unknown,Unknown,1,1,0,0,0.0,0,0,0,0,0.0
827,2019,1,2018.0,2018-08-20,2018-11-02 00:00:00+00:00,Graduated,<=24,0.0,Unknown,Unknown,Unknown,1,1,0,0,0.0,0,0,0,0,0.0
827,2020,1,2018.0,2018-08-20,2018-11-02 00:00:00+00:00,Graduated,<=24,0.0,Unknown,Unknown,Unknown,1,1,0,0,0.0,0,0,0,0,0.0
827,2021,1,2018.0,2018-08-20,2018-11-02 00:00:00+00:00,Graduated,<=24,0.0,Unknown,Unknown,Unknown,1,1,0,0,0.0,0,0,0,0,0.0
827,2022,1,2018.0,2018-08-20,2018-11-02 00:00:00+00:00,Graduated,<=24,0.0,Unknown,Unknown,Unknown,1,1,0,0,0.0,0,0,0,0,0.0
827,2023,1,2018.0,2018-08-20,2018-11-02 00:00:00+00:00,Graduated,<=24,0.0,Unknown,Unknown,Unknown,1,1,0,0,0.0,0,0,0,0,0.0
827,2024,1,2018.0,2018-08-20,2018-11-02 00:00:00+00:00,Graduated,<=24,0.0,Unknown,Unknown,Unknown,1,1,0,0,0.0,0,0,0,0,0.0
741,2017,1,2018.0,2018-03-12,2018-05-25 00:00:00+00:00,Graduated,<=24,0.0,Unknown,Unknown,Unknown,0,0,0,0,0.0,0,0,0,0,0.0
741,2018,1,2018.0,2018-03-12,2018-05-25 00:00:00+00:00,Graduated,<=24,0.0,Unknown,Unknown,Unknown,1,1,0,1,8819.671319761326,0,0,0,0,0.0
741,2019,1,2018.0,2018-03-12,2018-05-25 00:00:00+00:00,Graduated,<=24,0.0,Unknown,Unknown,Unknown,1,1,0,1,577.4795713645054,0,0,0,0,0.0
741,2020,1,2018.0,2018-03-12,2018-05-25 00:00:00+00:00,Graduated,<=24,0.0,Unknown,Unknown,Unknown,1,1,0,0,0.0,0,0,0,0,0.0
741,2021,1,2018.0,2018-03-12,2018-05-25 00:00:00+00:00,Graduated,<=24,0.0,Unknown,Unknown,Unknown,1,1,0,0,0.0,0,0,0,0,0.0
741,2022,1,2018.0,2018-03-12,2018-05-25 00:00:00+00:00,Graduated,<=24,0.0,Unknown,Unknown,Unknown,1,1,0,0,0.0,0,0,0,0,0.0
741,2023,1,2018.0,2018-03-12,2018-05-25 00:00:00+00:00,Graduated,<=24,0.0,Unknown,Unknown,Unknown,1,1,0,0,0.0,0,0,0,0,0.0
741,2024,1,2018.0,2018-03-12,2018-05-25 00:00:00+00:00,Graduated,<=24,0.0,Unknown,Unknown,Unknown,1,1,0,0,0.0,0,0,0,0,0.0
1272,2017,0,2021.0,2020-12-01,2021-01-04 00:00:00+00:00,Non Graduated,<=24,0.0,Unknown,Unknown,Unknown,0,0,0,1,1492.926989737282,0,0,0,0,0.0
1272,2018,0,2021.0,2020-12-01,2021-01-04 00:00:00+00:00,Non Graduated,<=24,0.0,Unknown,Unknown,Unknown,0,0,0,1,3428.7919663415137,0,0,0,0,0.0
1272,2019,0,2021.0,2020-12-01,2021-01-04 00:00:00+00:00,Non Graduated,<=24,0.0,Unknown,Unknown,Unknown,0,0,0,1,3705.738002694818,0,0,0,0,0.0
1272,2020,0,2021.0,2020-12-01,2021-01-04 00:00:00+00:00,Non Graduated,<=24,0.0,Unknown,Unknown,Unknown,0,0,0,1,7666.077661632637,0,0,0,0,0.0
1272,2021,0,2021.0,2020-12-01,2021-01-04 00:00:00+00:00,Non Graduated,<=24,0.0,Unknown,Unknown,Unknown,1,0,1,1,8918.568917575736,0,0,0,0,0.0
1272,2022,0,2021.0,2020-12-01,2021-01-04 00:00:00+00:00,Non Graduated,<=24,0.0,Unknown,Unknown,Unknown,1,0,1,1,9846.655993385792,0,0,0,0,0.0
1272,2023,0,2021.0,2020-12-01,2021-01-04 00:00:00+00:00,Non Graduated,<=24,0.0,Unknown,Unknown,Unknown,1,0,1,1,19768.51409500456,0,0,0,0,0.0
1272,2024,0,2021.0,2020-12-01,2021-01-04 00:00:00+00:00,Non Graduated,<=24,0.0,Unknown,Unknown,Unknown,1,0,0,1,6515.750099761417,0,0,0,0,0.0
850,2017,1,2018.0,2018-10-08,2018-12-21 00:00:00+00:00,Graduated,<=24,0.0,Unknown,Unknown,Unknown,0,0,0,0,0.0,0,0,0,0,0.0
850,2018,1,2018.0,2018-10-08,2018-12-21 00:00:00+00:00,Graduated,<=24,0.0,Unknown,Unknown,Unknown,1,1,0,0,0.0,0,0,0,0,0.0
850,2019,1,2018.0,2018-10-08,2018-12-21 00:00:00+00:00,Graduated,<=24,0.0,Unknown,Unknown,Unknown,1,1,0,1,8459.35583501525,0,0,0,0,0.0
850,2020,1,2018.0,2018-10-08,2018-12-21 00:00:00+00:00,Graduated,<=24,0.0,Unknown,Unknown,Unknown,1,1,0,1,36823.77508653789,0,0,0,0,0.0
850,2021,1,2018.0,2018-10-08,2018-12-21 00:00:00+00:00,Graduated,<=24,0.0,Unknown,Unknown,Unknown,1,1,1,1,67436.37568047643,0,0,0,0,0.0
850,2022,1,2018.0,2018-10-08,2018-12-21 00:00:00+00:00,Graduated,<=24,0.0,Unknown,Unknown,Unknown,1,1,1,1,68163.76967641481,0,0,0,0,0.0
850,2023,1,2018.0,2018-10-08,2018-12-21 00:00:00+00:00,Graduated,<=24,0.0,Unknown,Unknown,Unknown,1,1,1,1,67083.34004264139,0,0,0,0,0.0
850,2024,1,2018.0,2018-10-08,2018-12-21 00:00:00+00:00,Graduated,<=24,0.0,Unknown,Unknown,Unknown,1,1,0,1,47303.363388932274,0,0,0,0,0.0
1231,2017,0,2020.0,2020-07-27,2020-10-30 00:00:00+00:00,Non Graduated,<=24,0.0,Unknown,Unknown,Unknown,0,0,0,1,1039.7637309146369,0,0,0,0,0.0
1231,2018,0,2020.0,2020-07-27,2020-10-30 00:00:00+00:00,Non Graduated,<=24,0.0,Unknown,Unknown,Unknown,0,0,0,1,4833.31259105949,0,0,0,0,0.0
1231,2019,0,2020.0,2020-07-27,2020-10-30 00:00:00+00:00,Non Graduated,<=24,0.0,Unknown,Unknown,Unknown,0,0,1,1,9474.986500137988,0,0,0,0,0.0
1231,2020,0,2020.0,2020-07-27,2020-10-30 00:00:00+00:00,Non Graduated,<=24,0.0,Unknown,Unknown,Unknown,1,0,1,1,19540.278985967132,0,0,0,0,0.0
1231,2021,0,2020.0,2020-07-27,2020-10-30 00:00:00+00:00,Non Graduated,<=24,0.0,Unknown,Unknown,Unknown,1,0,0,1,10252.216525543925,0,0,0,0,0.0
1231,2022,0,2020.0,2020-07-27,2020-10-30 00:00:00+00:00,Non Graduated,<=24,0.0,Unknown,Unknown,Unknown,1,0,0,0,0.0,0,0,0,0,0.0
1231,2023,0,2020.0,2020-07-27,2020-10-30 00:00:00+00:00,Non Graduated,<=24,0.0,Unknown,Unknown,Unknown,1,0,0,0,0.0,0,0,0,0,0.0
1231,2024,0,2020.0,2020-07-27,2020-10-30 00:00:00+00:00,Non Graduated,<=24,0.0,Unknown,Unknown,Unknown,1,0,0,0,0.0,0,0,0,0,0.0
713,2017,1,2018.0,2018-01-22,2018-04-06 00:00:00+00:00,Graduated,<=24,0.0,Unknown,Unknown,Unknown,0,0,0,0,0.0,0,0,0,0,0.0
713,2018,1,2018.0,2018-01-22,2018-04-06 00:00:00+00:00,Graduated,<=24,0.0,Unknown,Unknown,Unknown,1,1,0,1,1305.3326911671634,0,0,0,0,0.0
713,2019,1,2018.0,2018-01-22,2018-04-06 00:00:00+00:00,Graduated,<=24,0.0,Unknown,Unknown,Unknown,1,1,0,1,10101.034866367263,0,0,0,0,0.0
713,2020,1,2018.0,2018-01-22,2018-04-06 00:00:00+00:00,Graduated,<=24,0.0,Unknown,Unknown,Unknown,1,1,0,1,6918.289706445319,0,0,0,0,0.0
713,2021,1,2018.0,2018-01-22,2018-04-06 00:00:00+00:00,Graduated,<=24,0.0,Unknown,Unknown,Unknown,1,1,0,0,0.0,0,0,0,0,0.0
713,2022,1,2018.0,2018-01-22,2018-04-06 00:00:00+00:00,Graduated,<=24,0.0,Unknown,Unknown,Unknown,1,1,1,1,10074.903750207875,0,0,0,0,0.0
713,2023,1,2018.0,2018-01-22,2018-04-06 00:00:00+00:00,Graduated,<=24,0.0,Unknown,Unknown,Unknown,1,1,1,1,30056.112071996125,0,0,0,0,0.0
713,2024,1,2018.0,2018-01-22,2018-04-06 00:00:00+00:00,Graduated,<=24,0.0,Unknown,Unknown,Unknown,1,1,0,1,29414.736433666887,0,0,0,0,0.0
1261,2017,0,2020.0,2020-10-05,2020-10-19 00:00:00+00:00,Non Graduated,<=24,0.0,Unknown,Unknown,Unknown,0,0,0,0,0.0,0,0,1,1,0.0
1261,2018,0,2020.0,2020-10-05,2020-10-19 00:00:00+00:00,Non Graduated,<=24,0.0,Unknown,Unknown,Unknown,0,0,0,0,0.0,0,0,1,1,0.0
1261,2019,0,2020.0,2020-10-05,2020-10-19 00:00:00+00:00,Non Graduated,<=24,0.0,Unknown,Unknown,Unknown,0,0,0,0,0.0,0,0,1,1,0.0
1261,2020,0,2020.0,2020-10-05,2020-10-19 00:00:00+00:00,Non Graduated,<=24,0.0,Unknown,Unknown,Unknown,1,0,0,0,0.0,0,0,1,1,0.0
1261,2021,0,2020.0,2020-10-05,2020-10-19 00:00:00+00:00,Non Graduated,<=24,0.0,Unknown,Unknown,Unknown,1,0,0,1,1925.3849341762198,0,0,1,1,0.0
1261,2022,0,2020.0,2020-10-05,2020-10-19 00:00:00+00:00,Non Graduated,<=24,0.0,Unknown,Unknown,Unknown,1,0,0,0,0.0,2,1,1,1,0.0
1261,2023,0,2020.0,2020-10-05,2020-10-19 00:00:00+00:00,Non Graduated,<=24,0.0,Unknown,Unknown,Unknown,1,0,0,0,0.0,0,0,1,1,0.0
1261,2024,0,2020.0,2020-10-05,2020-10-19 00:00:00+00:00,Non Graduated,<=24,0.0,Unknown,Unknown,Unknown,1,0,0,1,5512.908795087868,0,0,1,1,0.0
1315,2017,1,2021.0,2021-02-22,2021-03-29 00:00:00+00:00,Graduated,<=24,0.0,Unknown,Unknown,Unknown,0,0,0,0,0.0,0,0,0,0,0.0
1315,2018,1,2021.0,2021-02-22,2021-03-29 00:00:00+00:00,Graduated,<=24,0.0,Unknown,Unknown,Unknown,0,0,0,0,0.0,0,0,0,0,0.0
1315,2019,1,2021.0,2021-02-22,2021-03-29 00:00:00+00:00,Graduated,<=24,0.0,Unknown,Unknown,Unknown,0,0,0,0,0.0,0,0,0,0,0.0
1315,2020,1,2021.0,2021-02-22,2021-03-29 00:00:00+00:00,Graduated,<=24,0.0,Unknown,Unknown,Unknown,0,0,0,1,25539.569340606373,0,0,0,0,0.0
1315,2021,1,2021.0,2021-02-22,2021-03-29 00:00:00+00:00,Graduated,<=24,0.0,Unknown,Unknown,Unknown,1,1,1,1,21471.661375647607,0,0,0,0,0.0
1315,2022,1,2021.0,2021-02-22,2021-03-29 00:00:00+00:00,Graduated,<=24,0.0,Unknown,Unknown,Unknown,1,1,1,1,30111.147250211936,0,0,0,0,0.0
1315,2023,1,2021.0,2021-02-22,2021-03-29 00:00:00+00:00,Graduated,<=24,0.0,Unknown,Unknown,Unknown,1,1,1,1,28151.39549580592,0,0,0,0,0.0
1315,2024,1,2021.0,2021-02-22,2021-03-29 00:00:00+00:00,Graduated,<=24,0.0,Unknown,Unknown,Unknown,1,1,0,1,19102.105984679965,0,0,0,0,0.0
1194,2017,0,2020.0,2020-06-01,2020-07-01 00:00:00+00:00,Non Graduated,<=24,0.0,Unknown,Unknown,Unknown,0,0,0,0,0.0,3,1,1,0,0.0
1194,2018,0,2020.0,2020-06-01,2020-07-01 00:00:00+00:00,Non Graduated,<=24,0.0,Unknown,Unknown,Unknown,0,0,0,1,679.1325404521666,4,1,1,1,0.0
1194,2019,0,2020.0,2020-06-01,2020-07-01 00:00:00+00:00,Non Graduated,<=24,0.0,Unknown,Unknown,Unknown,0,0,0,0,0.0,3,1,1,1,0.0
1194,2020,0,2020.0,2020-06-01,2020-07-01 00:00:00+00:00,Non Graduated,<=24,0.0,Unknown,Unknown,Unknown,1,0,0,0,0.0,0,0,1,1,0.0
1194,2021,0,2020.0,2020-06-01,2020-07-01 00:00:00+00:00,Non Graduated,<=24,0.0,Unknown,Unknown,Unknown,1,0,0,1,610.2120859965136,6,1,1,1,0.0
1194,2022,0,2020.0,2020-06-01,2020-07-01 00:00:00+00:00,Non Graduated,<=24,0.0,Unknown,Unknown,Unknown,1,0,0,1,3360.992584981691,0,0,1,1,0.0
1194,2023,0,2020.0,2020-06-01,2020-07-01 00:00:00+00:00,Non Graduated,<=24,0.0,Unknown,Unknown,Unknown,1,0,0,0,0.0,0,0,1,1,0.0
1194,2024,0,2020.0,2020-06-01,2020-07-01 00:00:00+00:00,Non Graduated,<=24,0.0,Unknown,Unknown,Unknown,1,0,0,0,0.0,2,1,1,1,0.0
1232,2017,1,2020.0,2020-08-03,2020-10-16 00:00:00+00:00,Graduated,<=24,0.0,Unknown,Unknown,Unknown,0,0,0,0,0.0,0,0,0,0,0.0
1232,2018,1,2020.0,2020-08-03,2020-10-16 00:00:00+00:00,Graduated,<=24,0.0,Unknown,Unknown,Unknown,0,0,1,1,3157.9193351593544,0,0,0,0,0.0
1232,2019,1,2020.0,2020-08-03,2020-10-16 00:00:00+00:00,Graduated,<=24,0.0,Unknown,Unknown,Unknown,0,0,0,1,4940.161863539918,0,0,0,0,0.0
1232,2020,1,2020.0,2020-08-03,2020-10-16 00:00:00+00:00,Graduated,<=24,0.0,Unknown,Unknown,Unknown,1,1,0,1,9404.139281271038,0,0,0,0,0.0
1232,2021,1,2020.0,2020-08-03,2020-10-16 00:00:00+00:00,Graduated,<=24,0.0,Unknown,Unknown,Unknown,1,1,1,1,33152.967362807205,0,0,0,0,0.0
1232,2022,1,2020.0,2020-08-03,2020-10-16 00:00:00+00:00,Graduated,<=24,0.0,Unknown,Unknown,Unknown,1,1,1,1,49018.900068728486,0,0,0,0,0.0
1232,2023,1,2020.0,2020-08-03,2020-10-16 00:00:00+00:00,Graduated,<=24,0.0,Unknown,Unknown,Unknown,1,1,1,1,54473.64462064009,0,0,0,0,0.0
1232,2024,1,2020.0,2020-08-03,2020-10-16 00:00:00+00:00,Graduated,<=24,0.0,Unknown,Unknown,Unknown,1,1,0,1,38402.93419880798,0,0,0,0,0.0
1178,2017,0,2020.0,2020-03-16,2020-03-20 00:00:00+00:00,Non Graduated,<=24,0.0,Unknown,Unknown,Unknown,0,0,0,0,0.0,0,0,0,0,0.0
1178,2018,0,2020.0,2020-03-16,2020-03-20 00:00:00+00:00,Non Graduated,<=24,0.0,Unknown,Unknown,Unknown,0,0,0,0,0.0,0,0,0,0,0.0
1178,2019,0,2020.0,2020-03-16,2020-03-20 00:00:00+00:00,Non Graduated,<=24,0.0,Unknown,Unknown,Unknown,0,0,0,0,0.0,0,0,0,0,0.0
1178,2020,0,2020.0,2020-03-16,2020-03-20 00:00:00+00:00,Non Graduated,<=24,0.0,Unknown,Unknown,Unknown,1,0,0,0,0.0,0,0,0,0,0.0
1178,2021,0,2020.0,2020-03-16,2020-03-20 00:00:00+00:00,Non Graduated,<=24,0.0,Unknown,Unknown,Unknown,1,0,0,1,1093.713260408692,0,0,0,0,0.0
1178,2022,0,2020.0,2020-03-16,2020-03-20 00:00:00+00:00,Non Graduated,<=24,0.0,Unknown,Unknown,Unknown,1,0,0,1,6067.683149569573,0,0,0,0,0.0
1178,2023,0,2020.0,2020-03-16,2020-03-20 00:00:00+00:00,Non Graduated,<=24,0.0,Unknown,Unknown,Unknown,1,0,0,0,0.0,0,0,0,0,0.0
1178,2024,0,2020.0,2020-03-16,2020-03-20 00:00:00+00:00,Non Graduated,<=24,0.0,Unknown,Unknown,Unknown,1,0,0,0,0.0,0,0,0,0,0.0
1237,2017,1,2020.0,2020-08-17,2020-11-13 00:00:00+00:00,Graduated,<=24,0.0,Unknown,Unknown,Unknown,0,0,0,0,0.0,0,0,0,0,0.0
1237,2018,1,2020.0,2020-08-17,2020-11-13 00:00:00+00:00,Graduated,<=24,0.0,Unknown,Unknown,Unknown,0,0,0,1,1749.042617808966,0,0,0,0,0.0
1237,2019,1,2020.0,2020-08-17,2020-11-13 00:00:00+00:00,Graduated,<=24,0.0,Unknown,Unknown,Unknown,0,0,1,1,1952.6402132543585,0,0,0,0,0.0
1237,2020,1,2020.0,2020-08-17,2020-11-13 00:00:00+00:00,Graduated,<=24,0.0,Unknown,Unknown,Unknown,1,1,0,1,1598.5676893952566,0,0,0,0,0.0
1237,2021,1,2020.0,2020-08-17,2020-11-13 00:00:00+00:00,Graduated,<=24,0.0,Unknown,Unknown,Unknown,1,1,0,1,2336.5150241446318,2,1,1,0,0.0
1237,2022,1,2020.0,2020-08-17,2020-11-13 00:00:00+00:00,Graduated,<=24,0.0,Unknown,Unknown,Unknown,1,1,1,1,19737.161671050428,0,0,1,1,0.0
1237,2023,1,2020.0,2020-08-17,2020-11-13 00:00:00+00:00,Graduated,<=24,0.0,Unknown,Unknown,Unknown,1,1,1,1,9299.06474435683,0,0,1,1,0.0
1237,2024,1,2020.0,2020-08-17,2020-11-13 00:00:00+00:00,Graduated,<=24,0.0,Unknown,Unknown,Unknown,1,1,0,0,0.0,0,0,1,1,0.0
1303,2017,0,2021.0,2021-01-26,2021-02-24 00:00:00+00:00,Non Graduated,<=24,0.0,Unknown,Unknown,Unknown,0,0,1,1,19959.46834015445,0,0,0,0,0.0
1303,2018,0,2021.0,2021-01-26,2021-02-24 00:00:00+00:00,Non Graduated,<=24,0.0,Unknown,Unknown,Unknown,0,0,0,1,14754.14117591964,0,0,0,0,0.0
1303,2019,0,2021.0,2021-01-26,2021-02-24 00:00:00+00:00,Non Graduated,<=24,0.0,Unknown,Unknown,Unknown,0,0,0,1,11732.760160525952,0,0,0,0,0.0
1303,2020,0,2021.0,2021-01-26,2021-02-24 00:00:00+00:00,Non Graduated,<=24,0.0,Unknown,Unknown,Unknown,0,0,0,1,20478.16002314174,0,0,0,0,0.0
1303,2021,0,2021.0,2021-01-26,2021-02-24 00:00:00+00:00,Non Graduated,<=24,0.0,Unknown,Unknown,Unknown,1,0,1,1,20516.912774884135,0,0,0,0,0.0
1303,2022,0,2021.0,2021-01-26,2021-02-24 00:00:00+00:00,Non Graduated,<=24,0.0,Unknown,Unknown,Unknown,1,0,1,1,3041.7281239412696,0,0,0,0,0.0
1303,2023,0,2021.0,2021-01-26,2021-02-24 00:00:00+00:00,Non Graduated,<=24,0.0,Unknown,Unknown,Unknown,1,0,0,1,2978.64902806045,0,0,0,0,0.0
1303,2024,0,2021.0,2021-01-26,2021-02-24 00:00:00+00:00,Non Graduated,<=24,0.0,Unknown,Unknown,Unknown,1,0,0,1,10478.188635857623,0,0,0,0,0.0
1286,2017,1,2021.0,2020-12-07,2021-03-04 00:00:00+00:00,Graduated,<=24,0.0,Unknown,Unknown,Unknown,0,0,0,1,2795.212865959451,0,0,0,0,0.0
1286,2018,1,2021.0,2020-12-07,2021-03-04 00:00:00+00:00,Graduated,<=24,0.0,Unknown,Unknown,Unknown,0,0,0,1,1202.5583254455707,0,0,0,0,0.0
1286,2019,1,2021.0,2020-12-07,2021-03-04 00:00:00+00:00,Graduated,<=24,0.0,Unknown,Unknown,Unknown,0,0,0,1,1743.968405124691,1,1,1,0,0.0
1286,2020,1,2021.0,2020-12-07,2021-03-04 00:00:00+00:00,Graduated,<=24,0.0,Unknown,Unknown,Unknown,0,0,0,1,431.1552190289258,0,0,1,1,0.0
1286,2021,1,2021.0,2020-12-07,2021-03-04 00:00:00+00:00,Graduated,<=24,0.0,Unknown,Unknown,Unknown,1,1,0,1,14922.318923129325,0,0,1,1,0.0
1286,2022,1,2021.0,2020-12-07,2021-03-04 00:00:00+00:00,Graduated,<=24,0.0,Unknown,Unknown,Unknown,1,1,0,1,4859.135709627047,0,0,1,1,0.0
1286,2023,1,2021.0,2020-12-07,2021-03-04 00:00:00+00:00,Graduated,<=24,0.0,Unknown,Unknown,Unknown,1,1,0,1,5517.52622274663,0,0,1,1,0.0
1286,2024,1,2021.0,2020-12-07,2021-03-04 00:00:00+00:00,Graduated,<=24,0.0,Unknown,Unknown,Unknown,1,1,0,0,0.0,1,1,1,1,0.0
1472,2017,0,2021.0,2021-11-29,2021-12-16 00:00:00+00:00,Non Graduated,<=24,0.0,Unknown,Unknown,Unknown,0,0,0,1,1285.3502607173677,0,0,0,0,0.0
1472,2018,0,2021.0,2021-11-29,2021-12-16 00:00:00+00:00,Non Graduated,<=24,0.0,Unknown,Unknown,Unknown,0,0,0,0,0.0,0,0,0,0,0.0
1472,2019,0,2021.0,2021-11-29,2021-12-16 00:00:00+00:00,Non Graduated,<=24,0.0,Unknown,Unknown,Unknown,0,0,0,1,3955.6777040356815,0,0,0,0,0.0
1472,2020,0,2021.0,2021-11-29,2021-12-16 00:00:00+00:00,Non Graduated,<=24,0.0,Unknown,Unknown,Unknown,0,0,1,1,12251.607075981503,0,0,0,0,0.0
1472,2021,0,2021.0,2021-11-29,2021-12-16 00:00:00+00:00,Non Graduated,<=24,0.0,Unknown,Unknown,Unknown,1,0,1,1,21290.97623689824,0,0,0,0,0.0
1472,2022,0,2021.0,2021-11-29,2021-12-16 00:00:00+00:00,Non Graduated,<=24,0.0,Unknown,Unknown,Unknown,1,0,1,1,28003.074926554058,0,0,0,0,0.0
1472,2023,0,2021.0,2021-11-29,2021-12-16 00:00:00+00:00,Non Graduated,<=24,0.0,Unknown,Unknown,Unknown,1,0,1,1,30088.1982867318,0,0,0,0,0.0
1472,2024,0,2021.0,2021-11-29,2021-12-16 00:00:00+00:00,Non Graduated,<=24,0.0,Unknown,Unknown,Unknown,1,0,0,1,22868.578612925376,0,0,0,0,0.0
1249,2017,1,2020.0,2020-09-14,2020-12-04 00:00:00+00:00,Graduated,<=24,0.0,Unknown,Unknown,Unknown,0,0,0,0,0.0,0,0,0,0,0.0
1249,2018,1,2020.0,2020-09-14,2020-12-04 00:00:00+00:00,Graduated,<=24,0.0,Unknown,Unknown,Unknown,0,0,0,0,0.0,0,0,0,0,0.0
1249,2019,1,2020.0,2020-09-14,2020-12-04 00:00:00+00:00,Graduated,<=24,0.0,Unknown,Unknown,Unknown,0,0,0,1,3304.7617682062064,0,0,0,0,0.0
1249,2020,1,2020.0,2020-09-14,2020-12-04 00:00:00+00:00,Graduated,<=24,0.0,Unknown,Unknown,Unknown,1,1,0,1,5926.803669474935,0,0,0,0,0.0
1249,2021,1,2020.0,2020-09-14,2020-12-04 00:00:00+00:00,Graduated,<=24,0.0,Unknown,Unknown,Unknown,1,1,0,1,8779.680471268428,0,0,0,0,0.0
1249,2022,1,2020.0,2020-09-14,2020-12-04 00:00:00+00:00,Graduated,<=24,0.0,Unknown,Unknown,Unknown,1,1,0,1,1598.4286328114576,0,0,0,0,0.0
1249,2023,1,2020.0,2020-09-14,2020-12-04 00:00:00+00:00,Graduated,<=24,0.0,Unknown,Unknown,Unknown,1,1,0,1,4252.699455973056,0,0,0,0,0.0
1249,2024,1,2020.0,2020-09-14,2020-12-04 00:00:00+00:00,Graduated,<=24,0.0,Unknown,Unknown,Unknown,1,1,0,0,0.0,0,0,0,0,0.0
1222,2017,1,2021.0,2020-07-17,2021-02-10 00:00:00+00:00,Graduated,<=24,0.0,Unknown,Unknown,Unknown,0,0,0,1,1381.531834628677,0,0,0,0,0.0
1222,2018,1,2021.0,2020-07-17,2021-02-10 00:00:00+00:00,Graduated,<=24,0.0,Unknown,Unknown,Unknown,0,0,0,0,0.0,0,0,0,0,0.0
1222,2019,1,2021.0,2020-07-17,2021-02-10 00:00:00+00:00,Graduated,<=24,0.0,Unknown,Unknown,Unknown,0,0,0,1,1921.2790744307881,0,0,0,0,0.0
1222,2020,1,2021.0,2020-07-17,2021-02-10 00:00:00+00:00,Graduated,<=24,0.0,Unknown,Unknown,Unknown,0,0,0,1,1477.983030935909,0,0,0,0,0.0
1222,2021,1,2021.0,2020-07-17,2021-02-10 00:00:00+00:00,Graduated,<=24,0.0,Unknown,Unknown,Unknown,1,1,0,1,6963.272269658644,0,0,0,0,0.0
1222,2022,1,2021.0,2020-07-17,2021-02-10 00:00:00+00:00,Graduated,<=24,0.0,Unknown,Unknown,Unknown,1,1,0,1,10967.348862852683,0,0,0,0,0.0
1222,2023,1,2021.0,2020-07-17,2021-02-10 00:00:00+00:00,Graduated,<=24,0.0,Unknown,Unknown,Unknown,1,1,1,1,24091.639621447615,0,0,0,0,0.0
1222,2024,1,2021.0,2020-07-17,2021-02-10 00:00:00+00:00,Graduated,<=24,0.0,Unknown,Unknown,Unknown,1,1,0,1,2059.317714930951,0,0,0,0,0.0
1474,2017,0,2022.0,2021-11-29,2022-02-08 00:00:00+00:00,Non Graduated,<=24,0.0,Unknown,Unknown,Unknown,0,0,0,0,0.0,0,0,0,0,0.0
1474,2018,0,2022.0,2021-11-29,2022-02-08 00:00:00+00:00,Non Graduated,<=24,0.0,Unknown,Unknown,Unknown,0,0,0,1,732.6373207341392,0,0,0,0,0.0
1474,2019,0,2022.0,2021-11-29,2022-02-08 00:00:00+00:00,Non Graduated,<=24,0.0,Unknown,Unknown,Unknown,0,0,1,1,8431.438550412251,0,0,0,0,0.0
1474,2020,0,2022.0,2021-11-29,2022-02-08 00:00:00+00:00,Non Graduated,<=24,0.0,Unknown,Unknown,Unknown,0,0,1,1,13976.50186741328,0,0,0,0,0.0
1474,2021,0,2022.0,2021-11-29,2022-02-08 00:00:00+00:00,Non Graduated,<=24,0.0,Unknown,Unknown,Unknown,0,0,1,1,20329.21824617238,0,0,0,0,0.0
1474,2022,0,2022.0,2021-11-29,2022-02-08 00:00:00+00:00,Non Graduated,<=24,0.0,Unknown,Unknown,Unknown,1,0,1,1,28225.410203936815,0,0,0,0,0.0
1474,2023,0,2022.0,2021-11-29,2022-02-08 00:00:00+00:00,Non Graduated,<=24,0.0,Unknown,Unknown,Unknown,1,0,1,1,36039.21669107909,0,0,0,0,0.0
1474,2024,0,2022.0,2021-11-29,2022-02-08 00:00:00+00:00,Non Graduated,<=24,0.0,Unknown,Unknown,Unknown,1,0,0,1,774.9316240671612,0,0,0,0,0.0
701,2017,1,2018.0,2018-01-08,2018-03-05 00:00:00+00:00,Graduated,<=24,0.0,Unknown,Unknown,Unknown,0,0,0,1,1468.6327096246152,0,0,1,1,0.0
701,2018,1,2018.0,2018-01-08,2018-03-05 00:00:00+00:00,Graduated,<=24,0.0,Unknown,Unknown,Unknown,1,1,0,1,6087.8538764788755,0,0,1,1,0.0
701,2019,1,2018.0,2018-01-08,2018-03-05 00:00:00+00:00,Graduated,<=24,0.0,Unknown,Unknown,Unknown,1,1,1,1,8727.235191483665,0,0,1,1,0.0
701,2020,1,2018.0,2018-01-08,2018-03-05 00:00:00+00:00,Graduated,<=24,0.0,Unknown,Unknown,Unknown,1,1,0,0,0.0,0,0,1,1,0.0
701,2021,1,2018.0,2018-01-08,2018-03-05 00:00:00+00:00,Graduated,<=24,0.0,Unknown,Unknown,Unknown,1,1,0,1,2045.6633740073598,0,0,1,1,0.0
701,2022,1,2018.0,2018-01-08,2018-03-05 00:00:00+00:00,Graduated,<=24,0.0,Unknown,Unknown,Unknown,1,1,0,1,9188.606733103567,0,0,1,1,0.0
701,2023,1,2018.0,2018-01-08,2018-03-05 00:00:00+00:00,Graduated,<=24,0.0,Unknown,Unknown,Unknown,1,1,0,1,4840.188338822336,0,0,1,1,0.0
701,2024,1,2018.0,2018-01-08,2018-03-05 00:00:00+00:00,Graduated,<=24,0.0,Unknown,Unknown,Unknown,1,1,0,1,12180.831382142605,0,0,1,1,0.0
1326,2017,0,2021.0,2021-03-15,2021-05-11 00:00:00+00:00,Non Graduated,<=24,0.0,Unknown,Unknown,Unknown,0,0,0,0,0.0,0,0,0,0,0.0
1326,2018,0,2021.0,2021-03-15,2021-05-11 00:00:00+00:00,Non Graduated,<=24,0.0,Unknown,Unknown,Unknown,0,0,0,1,5417.182539664256,0,0,0,0,0.0
1326,2019,0,2021.0,2021-03-15,2021-05-11 00:00:00+00:00,Non Graduated,<=24,0.0,Unknown,Unknown,Unknown,0,0,1,1,9728.448925920085,0,0,0,0,0.0
1326,2020,0,2021.0,2021-03-15,2021-05-11 00:00:00+00:00,Non Graduated,<=24,0.0,Unknown,Unknown,Unknown,0,0,0,1,12848.949087743547,0,0,0,0,0.0
1326,2021,0,2021.0,2021-03-15,2021-05-11 00:00:00+00:00,Non Graduated,<=24,0.0,Unknown,Unknown,Unknown,1,0,1,1,2450.6907258945344,0,0,0,0,0.0
1326,2022,0,2021.0,2021-03-15,2021-05-11 00:00:00+00:00,Non Graduated,<=24,0.0,Unknown,Unknown,Unknown,1,0,0,1,14624.991517876932,0,0,0,0,0.0
1326,2023,0,2021.0,2021-03-15,2021-05-11 00:00:00+00:00,Non Graduated,<=24,0.0,Unknown,Unknown,Unknown,1,0,1,1,20373.521338062073,0,0,0,0,0.0
1326,2024,0,2021.0,2021-03-15,2021-05-11 00:00:00+00:00,Non Graduated,<=24,0.0,Unknown,Unknown,Unknown,1,0,0,1,19029.30737824271,0,0,0,0,0.0
1467,2017,1,2022.0,2021-11-15,2022-09-30 00:00:00+00:00,Graduated,<=24,0.0,Unknown,Unknown,Unknown,0,0,0,0,0.0,0,0,0,0,0.0
1467,2018,1,2022.0,2021-11-15,2022-09-30 00:00:00+00:00,Graduated,<=24,0.0,Unknown,Unknown,Unknown,0,0,0,0,0.0,0,0,0,0,0.0
1467,2019,1,2022.0,2021-11-15,2022-09-30 00:00:00+00:00,Graduated,<=24,0.0,Unknown,Unknown,Unknown,0,0,0,0,0.0,0,0,0,0,0.0
1467,2020,1,2022.0,2021-11-15,2022-09-30 00:00:00+00:00,Graduated,<=24,0.0,Unknown,Unknown,Unknown,0,0,0,1,20847.820382998223,0,0,0,0,0.0
1467,2021,1,2022.0,2021-11-15,2022-09-30 00:00:00+00:00,Graduated,<=24,0.0,Unknown,Unknown,Unknown,0,0,1,1,32982.388156659195,0,0,0,0,0.0
1467,2022,1,2022.0,2021-11-15,2022-09-30 00:00:00+00:00,Graduated,<=24,0.0,Unknown,Unknown,Unknown,1,1,1,1,62476.09384775515,0,0,0,0,0.0
1467,2023,1,2022.0,2021-11-15,2022-09-30 00:00:00+00:00,Graduated,<=24,0.0,Unknown,Unknown,Unknown,1,1,1,1,83590.87826183313,0,0,0,0,0.0
1467,2024,1,2022.0,2021-11-15,2022-09-30 00:00:00+00:00,Graduated,<=24,0.0,Unknown,Unknown,Unknown,1,1,0,1,70862.39822399814,0,0,0,0,0.0
1421,2017,0,2021.0,2021-08-30,2021-08-31 00:00:00+00:00,Non Graduated,<=24,0.0,Unknown,Unknown,Unknown,0,0,0,0,0.0,0,0,0,0,0.0
1421,2018,0,2021.0,2021-08-30,2021-08-31 00:00:00+00:00,Non Graduated,<=24,0.0,Unknown,Unknown,Unknown,0,0,0,0,0.0,2,1,1,0,0.0
1421,2019,0,2021.0,2021-08-30,2021-08-31 00:00:00+00:00,Non Graduated,<=24,0.0,Unknown,Unknown,Unknown,0,0,0,0,0.0,2,1,1,1,0.0
1421,2020,0,2021.0,2021-08-30,2021-08-31 00:00:00+00:00,Non Graduated,<=24,0.0,Unknown,Unknown,Unknown,0,0,0,0,0.0,0,0,1,1,0.0
1421,2021,0,2021.0,2021-08-30,2021-08-31 00:00:00+00:00,Non Graduated,<=24,0.0,Unknown,Unknown,Unknown,1,0,0,0,0.0,4,1,1,1,0.0
1421,2022,0,2021.0,2021-08-30,2021-08-31 00:00:00+00:00,Non Graduated,<=24,0.0,Unknown,Unknown,Unknown,1,0,0,1,675.1500709555345,0,0,1,1,0.0
1421,2023,0,2021.0,2021-08-30,2021-08-31 00:00:00+00:00,Non Graduated,<=24,0.0,Unknown,Unknown,Unknown,1,0,0,0,0.0,0,0,1,1,0.0
1421,2024,0,2021.0,2021-08-30,2021-08-31 00:00:00+00:00,Non Graduated,<=24,0.0,Unknown,Unknown,Unknown,1,0,0,0,0.0,0,0,1,1,0.0
1404,2017,1,2021.0,2021-08-02,2021-11-12 00:00:00+00:00,Graduated,<=24,0.0,Unknown,Unknown,Unknown,0,0,1,1,7862.650240195634,0,0,0,0,0.0
1404,2018,1,2021.0,2021-08-02,2021-11-12 00:00:00+00:00,Graduated,<=24,0.0,Unknown,Unknown,Unknown,0,0,0,0,0.0,0,0,0,0,0.0
1404,2019,1,2021.0,2021-08-02,2021-11-12 00:00:00+00:00,Graduated,<=24,0.0,Unknown,Unknown,Unknown,0,0,0,1,3465.332648439142,0,0,0,0,0.0
1404,2020,1,2021.0,2021-08-02,2021-11-12 00:00:00+00:00,Graduated,<=24,0.0,Unknown,Unknown,Unknown,0,0,0,1,19951.840135616505,0,0,0,0,0.0
1404,2021,1,2021.0,2021-08-02,2021-11-12 00:00:00+00:00,Graduated,<=24,0.0,Unknown,Unknown,Unknown,1,1,1,1,28183.420683071385,0,0,0,0,0.0
1404,2022,1,2021.0,2021-08-02,2021-11-12 00:00:00+00:00,Graduated,<=24,0.0,Unknown,Unknown,Unknown,1,1,1,1,22322.066492750942,0,0,0,0,0.0
1404,2023,1,2021.0,2021-08-02,2021-11-12 00:00:00+00:00,Graduated,<=24,0.0,Unknown,Unknown,Unknown,1,1,0,1,28356.833562400134,0,0,0,0,0.0
1404,2024,1,2021.0,2021-08-02,2021-11-12 00:00:00+00:00,Graduated,<=24,0.0,Unknown,Unknown,Unknown,1,1,0,1,24493.732040097326,0,0,0,0,0.0
988,2017,0,2021.0,2019-05-28,2021-08-13 00:00:00+00:00,Non Graduated,<=24,0.0,Unknown,Unknown,Unknown,0,0,1,1,8522.123251554942,0,0,1,1,0.0
988,2018,0,2021.0,2019-05-28,2021-08-13 00:00:00+00:00,Non Graduated,<=24,0.0,Unknown,Unknown,Unknown,0,0,1,1,15261.794504480655,0,0,1,1,0.0
988,2019,0,2021.0,2019-05-28,2021-08-13 00:00:00+00:00,Non Graduated,<=24,0.0,Unknown,Unknown,Unknown,0,0,0,1,2164.636136845434,0,0,1,1,0.0
988,2020,0,2021.0,2019-05-28,2021-08-13 00:00:00+00:00,Non Graduated,<=24,0.0,Unknown,Unknown,Unknown,0,0,0,1,21086.906066123316,0,0,1,1,0.0
988,2021,0,2021.0,2019-05-28,2021-08-13 00:00:00+00:00,Non Graduated,<=24,0.0,Unknown,Unknown,Unknown,1,0,0,1,9943.08630115482,0,0,1,1,0.0
988,2022,0,2021.0,2019-05-28,2021-08-13 00:00:00+00:00,Non Graduated,<=24,0.0,Unknown,Unknown,Unknown,1,0,1,1,30102.95983281683,1,1,1,1,0.0
988,2023,0,2021.0,2019-05-28,2021-08-13 00:00:00+00:00,Non Graduated,<=24,0.0,Unknown,Unknown,Unknown,1,0,0,1,11072.293081163572,0,0,1,1,0.0
988,2024,0,2021.0,2019-05-28,2021-08-13 00:00:00+00:00,Non Graduated,<=24,0.0,Unknown,Unknown,Unknown,1,0,0,1,4819.548846715648,0,0,1,1,0.0
1453,2017,0,2021.0,2021-10-11,2021-12-14 00:00:00+00:00,Non Graduated,<=24,0.0,Unknown,Unknown,Unknown,0,0,0,0,0.0,0,0,0,0,0.0
1453,2018,0,2021.0,2021-10-11,2021-12-14 00:00:00+00:00,Non Graduated,<=24,0.0,Unknown,Unknown,Unknown,0,0,0,1,3585.2774570503957,0,0,0,0,0.0
1453,2019,0,2021.0,2021-10-11,2021-12-14 00:00:00+00:00,Non Graduated,<=24,0.0,Unknown,Unknown,Unknown,0,0,1,1,10498.882229292245,0,0,0,0,0.0
1453,2020,0,2021.0,2021-10-11,2021-12-14 00:00:00+00:00,Non Graduated,<=24,0.0,Unknown,Unknown,Unknown,0,0,0,1,7609.721388922249,0,0,0,0,0.0
1453,2021,0,2021.0,2021-10-11,2021-12-14 00:00:00+00:00,Non Graduated,<=24,0.0,Unknown,Unknown,Unknown,1,0,0,1,10480.41091712006,0,0,0,0,0.0
1453,2022,0,2021.0,2021-10-11,2021-12-14 00:00:00+00:00,Non Graduated,<=24,0.0,Unknown,Unknown,Unknown,1,0,1,1,11446.85022436361,0,0,0,0,0.0
1453,2023,0,2021.0,2021-10-11,2021-12-14 00:00:00+00:00,Non Graduated,<=24,0.0,Unknown,Unknown,Unknown,1,0,0,1,12904.784017109108,0,0,0,0,0.0
1453,2024,0,2021.0,2021-10-11,2021-12-14 00:00:00+00:00,Non Graduated,<=24,0.0,Unknown,Unknown,Unknown,1,0,0,0,0.0,0,0,0,0,0.0
912,2017,1,2019.0,2019-01-28,2019-04-05 00:00:00+00:00,Graduated,<=24,0.0,Unknown,Unknown,Unknown,0,0,0,0,0.0,0,0,0,0,0.0
912,2018,1,2019.0,2019-01-28,2019-04-05 00:00:00+00:00,Graduated,<=24,0.0,Unknown,Unknown,Unknown,0,0,0,0,0.0,0,0,0,0,0.0
912,2019,1,2019.0,2019-01-28,2019-04-05 00:00:00+00:00,Graduated,<=24,0.0,Unknown,Unknown,Unknown,1,1,0,0,0.0,0,0,0,0,0.0
912,2020,1,2019.0,2019-01-28,2019-04-05 00:00:00+00:00,Graduated,<=24,0.0,Unknown,Unknown,Unknown,1,1,0,0,0.0,2,1,1,0,0.0
912,2021,1,2019.0,2019-01-28,2019-04-05 00:00:00+00:00,Graduated,<=24,0.0,Unknown,Unknown,Unknown,1,1,0,1,11158.352041137456,0,0,1,1,0.0
912,2022,1,2019.0,2019-01-28,2019-04-05 00:00:00+00:00,Graduated,<=24,0.0,Unknown,Unknown,Unknown,1,1,1,1,30602.581214346683,0,0,1,1,0.0
912,2023,1,2019.0,2019-01-28,2019-04-05 00:00:00+00:00,Graduated,<=24,0.0,Unknown,Unknown,Unknown,1,1,1,1,32122.841601414177,1,1,1,1,0.0
912,2024,1,2019.0,2019-01-28,2019-04-05 00:00:00+00:00,Graduated,<=24,0.0,Unknown,Unknown,Unknown,1,1,0,1,14250.521544790923,0,0,1,1,0.0
1218,2017,0,2020.0,2020-07-17,2020-08-03 00:00:00+00:00,Non Graduated,<=24,0.0,Unknown,Unknown,Unknown,0,0,1,1,8476.771024110656,0,0,0,0,0.0
1218,2018,0,2020.0,2020-07-17,2020-08-03 00:00:00+00:00,Non Graduated,<=24,0.0,Unknown,Unknown,Unknown,0,0,0,1,174.8939199726972,0,0,0,0,0.0
1218,2019,0,2020.0,2020-07-17,2020-08-03 00:00:00+00:00,Non Graduated,<=24,0.0,Unknown,Unknown,Unknown,0,0,0,0,0.0,0,0,0,0,0.0
1218,2020,0,2020.0,2020-07-17,2020-08-03 00:00:00+00:00,Non Graduated,<=24,0.0,Unknown,Unknown,Unknown,1,0,0,1,531.3252726668079,0,0,0,0,0.0
1218,2021,0,2020.0,2020-07-17,2020-08-03 00:00:00+00:00,Non Graduated,<=24,0.0,Unknown,Unknown,Unknown,1,0,0,1,3174.2651559171027,0,0,0,0,0.0
1218,2022,0,2020.0,2020-07-17,2020-08-03 00:00:00+00:00,Non Graduated,<=24,0.0,Unknown,Unknown,Unknown,1,0,1,1,9251.614578461456,0,0,0,0,0.0
1218,2023,0,2020.0,2020-07-17,2020-08-03 00:00:00+00:00,Non Graduated,<=24,0.0,Unknown,Unknown,Unknown,1,0,0,1,3351.5764583120013,2,1,1,0,0.0
1218,2024,0,2020.0,2020-07-17,2020-08-03 00:00:00+00:00,Non Graduated,<=24,0.0,Unknown,Unknown,Unknown,1,0,0,1,6632.520061256523,0,0,1,1,0.0
1104,2017,0,2019.0,2019-11-11,2019-12-18 00:00:00+00:00,Non Graduated,<=24,0.0,Unknown,Unknown,Unknown,0,0,0,0,0.0,0,0,0,0,0.0
1104,2018,0,2019.0,2019-11-11,2019-12-18 00:00:00+00:00,Non Graduated,<=24,0.0,Unknown,Unknown,Unknown,0,0,0,0,0.0,0,0,0,0,0.0
1104,2019,0,2019.0,2019-11-11,2019-12-18 00:00:00+00:00,Non Graduated,<=24,0.0,Unknown,Unknown,Unknown,1,0,0,1,2546.035886899064,0,0,0,0,0.0
1104,2020,0,2019.0,2019-11-11,2019-12-18 00:00:00+00:00,Non Graduated,<=24,0.0,Unknown,Unknown,Unknown,1,0,0,0,0.0,0,0,0,0,0.0
1104,2021,0,2019.0,2019-11-11,2019-12-18 00:00:00+00:00,Non Graduated,<=24,0.0,Unknown,Unknown,Unknown,1,0,0,0,0.0,3,1,1,0,0.0
1104,2022,0,2019.0,2019-11-11,2019-12-18 00:00:00+00:00,Non Graduated,<=24,0.0,Unknown,Unknown,Unknown,1,0,0,1,105.95009460737937,2,1,1,1,0.0
1104,2023,0,2019.0,2019-11-11,2019-12-18 00:00:00+00:00,Non Graduated,<=24,0.0,Unknown,Unknown,Unknown,1,0,0,0,0.0,0,0,1,1,0.0
1104,2024,0,2019.0,2019-11-11,2019-12-18 00:00:00+00:00,Non Graduated,<=24,0.0,Unknown,Unknown,Unknown,1,0,0,0,0.0,0,0,1,1,0.0
958,2017,1,2019.0,2019-04-15,2019-06-28 00:00:00+00:00,Graduated,<=24,0.0,Unknown,Unknown,Unknown,0,0,0,1,1913.1782873048792,0,0,0,0,0.0
958,2018,1,2019.0,2019-04-15,2019-06-28 00:00:00+00:00,Graduated,<=24,0.0,Unknown,Unknown,Unknown,0,0,0,0,0.0,0,0,0,0,0.0
958,2019,1,2019.0,2019-04-15,2019-06-28 00:00:00+00:00,Graduated,<=24,0.0,Unknown,Unknown,Unknown,1,1,0,1,8209.68260497909,0,0,0,0,0.0
958,2020,1,2019.0,2019-04-15,2019-06-28 00:00:00+00:00,Graduated,<=24,0.0,Unknown,Unknown,Unknown,1,1,0,1,5265.778735861595,0,0,0,0,0.0
958,2021,1,2019.0,2019-04-15,2019-06-28 00:00:00+00:00,Graduated,<=24,0.0,Unknown,Unknown,Unknown,1,1,1,1,34703.52704263835,0,0,0,0,0.0
958,2022,1,2019.0,2019-04-15,2019-06-28 00:00:00+00:00,Graduated,<=24,0.0,Unknown,Unknown,Unknown,1,1,1,1,19092.046287137917,0,0,0,0,0.0
958,2023,1,2019.0,2019-04-15,2019-06-28 00:00:00+00:00,Graduated,<=24,0.0,Unknown,Unknown,Unknown,1,1,1,1,27196.527914498012,0,0,0,0,0.0
958,2024,1,2019.0,2019-04-15,2019-06-28 00:00:00+00:00,Graduated,<=24,0.0,Unknown,Unknown,Unknown,1,1,0,1,34974.94516968619,0,0,0,0,0.0
1352,2017,0,2022.0,2021-04-26,2022-01-14 00:00:00+00:00,Non Graduated,<=24,0.0,Unknown,Unknown,Unknown,0,0,0,0,0.0,1,1,1,0,0.0
1352,2018,0,2022.0,2021-04-26,2022-01-14 00:00:00+00:00,Non Graduated,<=24,0.0,Unknown,Unknown,Unknown,0,0,0,0,0.0,0,0,1,1,0.0
1352,2019,0,2022.0,2021-04-26,2022-01-14 00:00:00+00:00,Non Graduated,<=24,0.0,Unknown,Unknown,Unknown,0,0,0,0,0.0,0,0,1,1,0.0
1352,2020,0,2022.0,2021-04-26,2022-01-14 00:00:00+00:00,Non Graduated,<=24,0.0,Unknown,Unknown,Unknown,0,0,0,0,0.0,2,1,1,1,0.0
1352,2021,0,2022.0,2021-04-26,2022-01-14 00:00:00+00:00,Non Graduated,<=24,0.0,Unknown,Unknown,Unknown,0,0,0,0,0.0,2,1,1,1,0.0
1352,2022,0,2022.0,2021-04-26,2022-01-14 00:00:00+00:00,Non Graduated,<=24,0.0,Unknown,Unknown,Unknown,1,0,0,0,0.0,0,0,1,1,0.0
1352,2023,0,2022.0,2021-04-26,2022-01-14 00:00:00+00:00,Non Graduated,<=24,0.0,Unknown,Unknown,Unknown,1,0,0,0,0.0,4,1,1,1,0.0
1352,2024,0,2022.0,2021-04-26,2022-01-14 00:00:00+00:00,Non Graduated,<=24,0.0,Unknown,Unknown,Unknown,1,0,0,0,0.0,0,0,1,1,0.0
1382,2017,1,2021.0,2021-06-22,2021-11-12 00:00:00+00:00,Graduated,<=24,0.0,Unknown,Unknown,Unknown,0,0,0,0,0.0,0,0,0,0,0.0
1382,2018,1,2021.0,2021-06-22,2021-11-12 00:00:00+00:00,Graduated,<=24,0.0,Unknown,Unknown,Unknown,0,0,0,1,5895.932243844684,0,0,0,0,0.0
1382,2019,1,2021.0,2021-06-22,2021-11-12 00:00:00+00:00,Graduated,<=24,0.0,Unknown,Unknown,Unknown,0,0,0,1,9450.088812505019,0,0,0,0,0.0
1382,2020,1,2021.0,2021-06-22,2021-11-12 00:00:00+00:00,Graduated,<=24,0.0,Unknown,Unknown,Unknown,0,0,0,1,5241.91131808952,0,0,0,0,0.0
1382,2021,1,2021.0,2021-06-22,2021-11-12 00:00:00+00:00,Graduated,<=24,0.0,Unknown,Unknown,Unknown,1,1,1,1,13926.576216026744,0,0,0,0,0.0
1382,2022,1,2021.0,2021-06-22,2021-11-12 00:00:00+00:00,Graduated,<=24,0.0,Unknown,Unknown,Unknown,1,1,1,1,21590.17427104449,0,0,0,0,0.0
1382,2023,1,2021.0,2021-06-22,2021-11-12 00:00:00+00:00,Graduated,<=24,0.0,Unknown,Unknown,Unknown,1,1,1,1,31050.98676466211,0,0,0,0,0.0
1382,2024,1,2021.0,2021-06-22,2021-11-12 00:00:00+00:00,Graduated,<=24,0.0,Unknown,Unknown,Unknown,1,1,0,1,26399.133144652515,0,0,0,0,0.0
745,2017,0,2018.0,2018-03-26,2018-04-20 00:00:00+00:00,Non Graduated,<=24,0.0,Unknown,Unknown,Unknown,0,0,0,0,0.0,0,0,1,1,0.0
745,2018,0,2018.0,2018-03-26,2018-04-20 00:00:00+00:00,Non Graduated,<=24,0.0,Unknown,Unknown,Unknown,1,0,0,1,4387.74159500549,0,0,1,1,0.0
745,2019,0,2018.0,2018-03-26,2018-04-20 00:00:00+00:00,Non Graduated,<=24,0.0,Unknown,Unknown,Unknown,1,0,0,1,3711.322701436391,1,1,1,1,0.0
745,2020,0,2018.0,2018-03-26,2018-04-20 00:00:00+00:00,Non Graduated,<=24,0.0,Unknown,Unknown,Unknown,1,0,0,0,0.0,3,1,1,1,0.0
745,2021,0,2018.0,2018-03-26,2018-04-20 00:00:00+00:00,Non Graduated,<=24,0.0,Unknown,Unknown,Unknown,1,0,0,1,223.03640097756312,0,0,1,1,0.0
745,2022,0,2018.0,2018-03-26,2018-04-20 00:00:00+00:00,Non Graduated,<=24,0.0,Unknown,Unknown,Unknown,1,0,0,1,9223.498665804156,0,0,1,1,0.0
745,2023,0,2018.0,2018-03-26,2018-04-20 00:00:00+00:00,Non Graduated,<=24,0.0,Unknown,Unknown,Unknown,1,0,0,1,17660.690512003493,0,0,1,1,0.0
745,2024,0,2018.0,2018-03-26,2018-04-20 00:00:00+00:00,Non Graduated,<=24,0.0,Unknown,Unknown,Unknown,1,0,0,1,21560.64567718842,0,0,1,1,0.0
1221,2017,1,2020.0,2020-07-20,2020-10-02 00:00:00+00:00,Graduated,<=24,0.0,Unknown,Unknown,Unknown,0,0,0,0,0.0,17,1,1,1,0.0
1221,2018,1,2020.0,2020-07-20,2020-10-02 00:00:00+00:00,Graduated,<=24,0.0,Unknown,Unknown,Unknown,0,0,0,0,0.0,0,0,1,1,0.0
1221,2019,1,2020.0,2020-07-20,2020-10-02 00:00:00+00:00,Graduated,<=24,0.0,Unknown,Unknown,Unknown,0,0,1,1,10663.399625672717,0,0,1,1,0.0
1221,2020,1,2020.0,2020-07-20,2020-10-02 00:00:00+00:00,Graduated,<=24,0.0,Unknown,Unknown,Unknown,1,1,0,1,877.5690912965149,0,0,1,1,0.0
1221,2021,1,2020.0,2020-07-20,2020-10-02 00:00:00+00:00,Graduated,<=24,0.0,Unknown,Unknown,Unknown,1,1,0,1,6404.360554115627,0,0,1,1,0.0
1221,2022,1,2020.0,2020-07-20,2020-10-02 00:00:00+00:00,Graduated,<=24,0.0,Unknown,Unknown,Unknown,1,1,0,1,5439.9751838020775,0,0,1,1,0.0
1221,2023,1,2020.0,2020-07-20,2020-10-02 00:00:00+00:00,Graduated,<=24,0.0,Unknown,Unknown,Unknown,1,1,0,1,153.5261599014034,0,0,1,1,0.0
1221,2024,1,2020.0,2020-07-20,2020-10-02 00:00:00+00:00,Graduated,<=24,0.0,Unknown,Unknown,Unknown,1,1,0,0,0.0,0,0,1,1,0.0
1340,2017,0,2021.0,2021-04-26,2021-05-26 00:00:00+00:00,Non Graduated,<=24,0.0,Unknown,Unknown,Unknown,0,0,0,1,3874.242863235196,0,0,0,0,0.0
1340,2018,0,2021.0,2021-04-26,2021-05-26 00:00:00+00:00,Non Graduated,<=24,0.0,Unknown,Unknown,Unknown,0,0,1,1,9242.026686001647,0,0,0,0,0.0
1340,2019,0,2021.0,2021-04-26,2021-05-26 00:00:00+00:00,Non Graduated,<=24,0.0,Unknown,Unknown,Unknown,0,0,0,1,1656.5422940329786,0,0,0,0,0.0
1340,2020,0,2021.0,2021-04-26,2021-05-26 00:00:00+00:00,Non Graduated,<=24,0.0,Unknown,Unknown,Unknown,0,0,0,1,1585.921006076239,0,0,0,0,0.0
1340,2021,0,2021.0,2021-04-26,2021-05-26 00:00:00+00:00,Non Graduated,<=24,0.0,Unknown,Unknown,Unknown,1,0,1,1,1669.8755486114114,0,0,0,0,0.0
1340,2022,0,2021.0,2021-04-26,2021-05-26 00:00:00+00:00,Non Graduated,<=24,0.0,Unknown,Unknown,Unknown,1,0,1,1,5980.23291291151,0,0,0,0,0.0
1340,2023,0,2021.0,2021-04-26,2021-05-26 00:00:00+00:00,Non Graduated,<=24,0.0,Unknown,Unknown,Unknown,1,0,1,1,3675.4081470912083,0,0,0,0,0.0
1340,2024,0,2021.0,2021-04-26,2021-05-26 00:00:00+00:00,Non Graduated,<=24,0.0,Unknown,Unknown,Unknown,1,0,0,1,3037.7544336337946,0,0,0,0,0.0
878,2017,0,2018.0,2018-11-12,2018-11-20 00:00:00+00:00,Non Graduated,<=24,0.0,Unknown,Unknown,Unknown,0,0,0,0,0.0,2,1,1,0,0.0
878,2018,0,2018.0,2018-11-12,2018-11-20 00:00:00+00:00,Non Graduated,<=24,0.0,Unknown,Unknown,Unknown,1,0,0,1,1960.1981389563418,2,1,1,1,0.0
878,2019,0,2018.0,2018-11-12,2018-11-20 00:00:00+00:00,Non Graduated,<=24,0.0,Unknown,Unknown,Unknown,1,0,0,0,0.0,6,1,1,1,0.0
878,2020,0,2018.0,2018-11-12,2018-11-20 00:00:00+00:00,Non Graduated,<=24,0.0,Unknown,Unknown,Unknown,1,0,0,0,0.0,0,0,1,1,0.0
878,2021,0,2018.0,2018-11-12,2018-11-20 00:00:00+00:00,Non Graduated,<=24,0.0,Unknown,Unknown,Unknown,1,0,0,1,318.45304310700186,6,1,1,1,0.0
878,2022,0,2018.0,2018-11-12,2018-11-20 00:00:00+00:00,Non Graduated,<=24,0.0,Unknown,Unknown,Unknown,1,0,0,0,0.0,0,0,1,1,0.0
878,2023,0,2018.0,2018-11-12,2018-11-20 00:00:00+00:00,Non Graduated,<=24,0.0,Unknown,Unknown,Unknown,1,0,0,0,0.0,0,0,1,1,0.0
878,2024,0,2018.0,2018-11-12,2018-11-20 00:00:00+00:00,Non Graduated,<=24,0.0,Unknown,Unknown,Unknown,1,0,0,0,0.0,10,1,1,1,0.0
997,2017,1,2019.0,2019-07-15,2019-09-27 00:00:00+00:00,Graduated,<=24,0.0,Unknown,Unknown,Unknown,0,0,0,0,0.0,0,0,0,0,0.0
997,2018,1,2019.0,2019-07-15,2019-09-27 00:00:00+00:00,Graduated,<=24,0.0,Unknown,Unknown,Unknown,0,0,0,0,0.0,0,0,0,0,0.0
997,2019,1,2019.0,2019-07-15,2019-09-27 00:00:00+00:00,Graduated,<=24,0.0,Unknown,Unknown,Unknown,1,1,0,0,0.0,0,0,0,0,0.0
997,2020,1,2019.0,2019-07-15,2019-09-27 00:00:00+00:00,Graduated,<=24,0.0,Unknown,Unknown,Unknown,1,1,0,1,418.32697095435685,0,0,0,0,0.0
997,2021,1,2019.0,2019-07-15,2019-09-27 00:00:00+00:00,Graduated,<=24,0.0,Unknown,Unknown,Unknown,1,1,0,0,0.0,0,0,0,0,0.0
997,2022,1,2019.0,2019-07-15,2019-09-27 00:00:00+00:00,Graduated,<=24,0.0,Unknown,Unknown,Unknown,1,1,0,0,0.0,0,0,0,0,0.0
997,2023,1,2019.0,2019-07-15,2019-09-27 00:00:00+00:00,Graduated,<=24,0.0,Unknown,Unknown,Unknown,1,1,0,0,0.0,0,0,0,0,0.0
997,2024,1,2019.0,2019-07-15,2019-09-27 00:00:00+00:00,Graduated,<=24,0.0,Unknown,Unknown,Unknown,1,1,0,0,0.0,0,0,0,0,0.0
1066,2017,0,2019.0,2019-09-30,2019-10-07 00:00:00+00:00,Non Graduated,<=24,0.0,Unknown,Unknown,Unknown,0,0,0,1,3779.1119136387574,1,1,1,1,0.0
1066,2018,0,2019.0,2019-09-30,2019-10-07 00:00:00+00:00,Non Graduated,<=24,0.0,Unknown,Unknown,Unknown,0,0,0,1,3322.0056213761336,1,1,1,1,0.0
1066,2019,0,2019.0,2019-09-30,2019-10-07 00:00:00+00:00,Non Graduated,<=24,0.0,Unknown,Unknown,Unknown,1,0,0,1,1113.1669308573407,1,1,1,1,0.0
1066,2020,0,2019.0,2019-09-30,2019-10-07 00:00:00+00:00,Non Graduated,<=24,0.0,Unknown,Unknown,Unknown,1,0,0,0,0.0,0,0,1,1,0.0
1066,2021,0,2019.0,2019-09-30,2019-10-07 00:00:00+00:00,Non Graduated,<=24,0.0,Unknown,Unknown,Unknown,1,0,1,1,22637.397565996333,0,0,1,1,0.0
1066,2022,0,2019.0,2019-09-30,2019-10-07 00:00:00+00:00,Non Graduated,<=24,0.0,Unknown,Unknown,Unknown,1,0,1,1,30066.97215401545,2,1,1,1,0.0
1066,2023,0,2019.0,2019-09-30,2019-10-07 00:00:00+00:00,Non Graduated,<=24,0.0,Unknown,Unknown,Unknown,1,0,0,1,11127.237265200887,0,0,1,1,0.0
1066,2024,0,2019.0,2019-09-30,2019-10-07 00:00:00+00:00,Non Graduated,<=24,0.0,Unknown,Unknown,Unknown,1,0,0,1,26143.27971027371,0,0,1,1,0.0
1064,2017,1,2019.0,2019-09-23,2019-12-06 00:00:00+00:00,Graduated,<=24,0.0,Unknown,Unknown,Unknown,0,0,0,0,0.0,0,0,0,0,0.0
1064,2018,1,2019.0,2019-09-23,2019-12-06 00:00:00+00:00,Graduated,<=24,0.0,Unknown,Unknown,Unknown,0,0,0,0,0.0,0,0,0,0,0.0
1064,2019,1,2019.0,2019-09-23,2019-12-06 00:00:00+00:00,Graduated,<=24,0.0,Unknown,Unknown,Unknown,1,1,0,0,0.0,0,0,0,0,0.0
1064,2020,1,2019.0,2019-09-23,2019-12-06 00:00:00+00:00,Graduated,<=24,0.0,Unknown,Unknown,Unknown,1,1,0,0,0.0,0,0,0,0,0.0
1064,2021,1,2019.0,2019-09-23,2019-12-06 00:00:00+00:00,Graduated,<=24,0.0,Unknown,Unknown,Unknown,1,1,0,1,4777.268760260411,0,0,0,0,0.0
1064,2022,1,2019.0,2019-09-23,2019-12-06 00:00:00+00:00,Graduated,<=24,0.0,Unknown,Unknown,Unknown,1,1,0,1,7136.74865513608,0,0,0,0,0.0
1064,2023,1,2019.0,2019-09-23,2019-12-06 00:00:00+00:00,Graduated,<=24,0.0,Unknown,Unknown,Unknown,1,1,0,0,0.0,0,0,0,0,0.0
1064,2024,1,2019.0,2019-09-23,2019-12-06 00:00:00+00:00,Graduated,<=24,0.0,Unknown,Unknown,Unknown,1,1,0,0,0.0,0,0,0,0,0.0
1370,2017,0,2022.0,2021-06-02,2022-04-19 00:00:00+00:00,Non Graduated,<=24,0.0,Unknown,Unknown,Unknown,0,0,0,0,0.0,0,0,0,0,0.0
1370,2018,0,2022.0,2021-06-02,2022-04-19 00:00:00+00:00,Non Graduated,<=24,0.0,Unknown,Unknown,Unknown,0,0,0,0,0.0,0,0,0,0,0.0
1370,2019,0,2022.0,2021-06-02,2022-04-19 00:00:00+00:00,Non Graduated,<=24,0.0,Unknown,Unknown,Unknown,0,0,0,1,194.36247999096426,0,0,0,0,0.0
1370,2020,0,2022.0,2021-06-02,2022-04-19 00:00:00+00:00,Non Graduated,<=24,0.0,Unknown,Unknown,Unknown,0,0,0,1,6229.084479805839,0,0,0,0,0.0
1370,2021,0,2022.0,2021-06-02,2022-04-19 00:00:00+00:00,Non Graduated,<=24,0.0,Unknown,Unknown,Unknown,0,0,0,1,2180.7622361386484,0,0,0,0,0.0
1370,2022,0,2022.0,2021-06-02,2022-04-19 00:00:00+00:00,Non Graduated,<=24,0.0,Unknown,Unknown,Unknown,1,0,0,1,1304.4043937525887,0,0,0,0,0.0
1370,2023,0,2022.0,2021-06-02,2022-04-19 00:00:00+00:00,Non Graduated,<=24,0.0,Unknown,Unknown,Unknown,1,0,0,1,6447.49611833609,0,0,0,0,0.0
1370,2024,0,2022.0,2021-06-02,2022-04-19 00:00:00+00:00,Non Graduated,<=24,0.0,Unknown,Unknown,Unknown,1,0,0,1,3893.168109061126,0,0,0,0,0.0
1021,2017,1,2019.0,2019-06-24,2019-09-06 00:00:00+00:00,Graduated,<=24,0.0,Unknown,Unknown,Unknown,0,0,0,0,0.0,0,0,0,0,0.0
1021,2018,1,2019.0,2019-06-24,2019-09-06 00:00:00+00:00,Graduated,<=24,0.0,Unknown,Unknown,Unknown,0,0,0,0,0.0,0,0,0,0,0.0
1021,2019,1,2019.0,2019-06-24,2019-09-06 00:00:00+00:00,Graduated,<=24,0.0,Unknown,Unknown,Unknown,1,1,0,0,0.0,0,0,0,0,0.0
1021,2020,1,2019.0,2019-06-24,2019-09-06 00:00:00+00:00,Graduated,<=24,0.0,Unknown,Unknown,Unknown,1,1,0,1,9525.734035539168,0,0,0,0,0.0
1021,2021,1,2019.0,2019-06-24,2019-09-06 00:00:00+00:00,Graduated,<=24,0.0,Unknown,Unknown,Unknown,1,1,1,1,11897.8376992869,0,0,0,0,0.0
1021,2022,1,2019.0,2019-06-24,2019-09-06 00:00:00+00:00,Graduated,<=24,0.0,Unknown,Unknown,Unknown,1,1,1,1,19502.920614600054,0,0,0,0,0.0
1021,2023,1,2019.0,2019-06-24,2019-09-06 00:00:00+00:00,Graduated,<=24,0.0,Unknown,Unknown,Unknown,1,1,1,1,25384.809635418173,0,0,0,0,0.0
1021,2024,1,2019.0,2019-06-24,2019-09-06 00:00:00+00:00,Graduated,<=24,0.0,Unknown,Unknown,Unknown,1,1,0,1,13497.170554807377,0,0,0,0,0.0
1163,2017,0,2020.0,2020-02-26,2020-03-11 00:00:00+00:00,Non Graduated,<=24,0.0,Unknown,Unknown,Unknown,0,0,0,1,1466.8464216930097,0,0,0,0,0.0
1163,2018,0,2020.0,2020-02-26,2020-03-11 00:00:00+00:00,Non Graduated,<=24,0.0,Unknown,Unknown,Unknown,0,0,0,0,0.0,0,0,0,0,0.0
1163,2019,0,2020.0,2020-02-26,2020-03-11 00:00:00+00:00,Non Graduated,<=24,0.0,Unknown,Unknown,Unknown,0,0,0,0,0.0,0,0,0,0,0.0
1163,2020,0,2020.0,2020-02-26,2020-03-11 00:00:00+00:00,Non Graduated,<=24,0.0,Unknown,Unknown,Unknown,1,0,0,0,0.0,0,0,0,0,0.0
1163,2021,0,2020.0,2020-02-26,2020-03-11 00:00:00+00:00,Non Graduated,<=24,0.0,Unknown,Unknown,Unknown,1,0,0,1,988.2251064666661,6,1,1,0,0.0
1163,2022,0,2020.0,2020-02-26,2020-03-11 00:00:00+00:00,Non Graduated,<=24,0.0,Unknown,Unknown,Unknown,1,0,1,1,35848.936258840586,0,0,1,1,0.0
1163,2023,0,2020.0,2020-02-26,2020-03-11 00:00:00+00:00,Non Graduated,<=24,0.0,Unknown,Unknown,Unknown,1,0,0,1,7282.617527424227,0,0,1,1,0.0
1163,2024,0,2020.0,2020-02-26,2020-03-11 00:00:00+00:00,Non Graduated,<=24,0.0,Unknown,Unknown,Unknown,1,0,0,1,134.87897493692608,0,0,1,1,0.0
1065,2017,1,2019.0,2019-09-23,2019-10-18 00:00:00+00:00,Graduated,<=24,0.0,Unknown,Unknown,Unknown,0,0,0,0,0.0,0,0,0,0,0.0
1065,2018,1,2019.0,2019-09-23,2019-10-18 00:00:00+00:00,Graduated,<=24,0.0,Unknown,Unknown,Unknown,0,0,0,0,0.0,0,0,0,0,0.0
1065,2019,1,2019.0,2019-09-23,2019-10-18 00:00:00+00:00,Graduated,<=24,0.0,Unknown,Unknown,Unknown,1,1,0,0,0.0,0,0,0,0,0.0
1065,2020,1,2019.0,2019-09-23,2019-10-18 00:00:00+00:00,Graduated,<=24,0.0,Unknown,Unknown,Unknown,1,1,0,0,0.0,0,0,0,0,0.0
1065,2021,1,2019.0,2019-09-23,2019-10-18 00:00:00+00:00,Graduated,<=24,0.0,Unknown,Unknown,Unknown,1,1,0,1,2886.499885536052,0,0,0,0,0.0
1065,2022,1,2019.0,2019-09-23,2019-10-18 00:00:00+00:00,Graduated,<=24,0.0,Unknown,Unknown,Unknown,1,1,1,1,21246.913467823208,0,0,0,0,0.0
1065,2023,1,2019.0,2019-09-23,2019-10-18 00:00:00+00:00,Graduated,<=24,0.0,Unknown,Unknown,Unknown,1,1,1,1,24832.09978183294,0,0,0,0,0.0
1065,2024,1,2019.0,2019-09-23,2019-10-18 00:00:00+00:00,Graduated,<=24,0.0,Unknown,Unknown,Unknown,1,1,0,1,13502.96753330605,0,0,0,0,0.0
1392,2017,0,2021.0,2021-07-12,2021-07-21 00:00:00+00:00,Non Graduated,<=24,0.0,Unknown,Unknown,Unknown,0,0,0,1,4216.713905948725,0,0,0,0,0.0
1392,2018,0,2021.0,2021-07-12,2021-07-21 00:00:00+00:00,Non Graduated,<=24,0.0,Unknown,Unknown,Unknown,0,0,1,1,5789.139258147857,0,0,0,0,0.0
1392,2019,0,2021.0,2021-07-12,2021-07-21 00:00:00+00:00,Non Graduated,<=24,0.0,Unknown,Unknown,Unknown,0,0,1,1,9916.470517612983,0,0,0,0,0.0
1392,2020,0,2021.0,2021-07-12,2021-07-21 00:00:00+00:00,Non Graduated,<=24,0.0,Unknown,Unknown,Unknown,0,0,1,1,17663.462283087545,0,0,0,0,0.0
1392,2021,0,2021.0,2021-07-12,2021-07-21 00:00:00+00:00,Non Graduated,<=24,0.0,Unknown,Unknown,Unknown,1,0,0,1,2365.820982069832,0,0,0,0,0.0
1392,2022,0,2021.0,2021-07-12,2021-07-21 00:00:00+00:00,Non Graduated,<=24,0.0,Unknown,Unknown,Unknown,1,0,0,1,8644.057274073646,0,0,0,0,0.0
1392,2023,0,2021.0,2021-07-12,2021-07-21 00:00:00+00:00,Non Graduated,<=24,0.0,Unknown,Unknown,Unknown,1,0,1,1,54079.17794079251,0,0,0,0,0.0
1392,2024,0,2021.0,2021-07-12,2021-07-21 00:00:00+00:00,Non Graduated,<=24,0.0,Unknown,Unknown,Unknown,1,0,0,1,38792.085154153596,0,0,0,0,0.0
1339,2017,1,2021.0,2021-04-12,2021-05-26 00:00:00+00:00,Graduated,<=24,0.0,Unknown,Unknown,Unknown,0,0,0,0,0.0,0,0,0,0,0.0
1339,2018,1,2021.0,2021-04-12,2021-05-26 00:00:00+00:00,Graduated,<=24,0.0,Unknown,Unknown,Unknown,0,0,0,0,0.0,0,0,0,0,0.0
1339,2019,1,2021.0,2021-04-12,2021-05-26 00:00:00+00:00,Graduated,<=24,0.0,Unknown,Unknown,Unknown,0,0,0,1,1356.8769758808285,0,0,0,0,0.0
1339,2020,1,2021.0,2021-04-12,2021-05-26 00:00:00+00:00,Graduated,<=24,0.0,Unknown,Unknown,Unknown,0,0,1,1,7682.56340125562,0,0,0,0,0.0
1339,2021,1,2021.0,2021-04-12,2021-05-26 00:00:00+00:00,Graduated,<=24,0.0,Unknown,Unknown,Unknown,1,1,1,1,15794.026627313187,0,0,0,0,0.0
1339,2022,1,2021.0,2021-04-12,2021-05-26 00:00:00+00:00,Graduated,<=24,0.0,Unknown,Unknown,Unknown,1,1,1,1,28390.94740099875,0,0,0,0,0.0
1339,2023,1,2021.0,2021-04-12,2021-05-26 00:00:00+00:00,Graduated,<=24,0.0,Unknown,Unknown,Unknown,1,1,1,1,32571.565986077807,0,0,0,0,0.0
1339,2024,1,2021.0,2021-04-12,2021-05-26 00:00:00+00:00,Graduated,<=24,0.0,Unknown,Unknown,Unknown,1,1,0,1,23225.135250260526,0,0,0,0,0.0
1464,2017,1,2022.0,2021-11-08,2022-01-21 00:00:00+00:00,Graduated,<=24,0.0,Unknown,Unknown,Unknown,0,0,0,0,0.0,1,1,1,1,0.0
1464,2018,1,2022.0,2021-11-08,2022-01-21 00:00:00+00:00,Graduated,<=24,0.0,Unknown,Unknown,Unknown,0,0,0,0,0.0,0,0,1,1,0.0
1464,2019,1,2022.0,2021-11-08,2022-01-21 00:00:00+00:00,Graduated,<=24,0.0,Unknown,Unknown,Unknown,0,0,0,1,6217.1458266072195,0,0,1,1,0.0
1464,2020,1,2022.0,2021-11-08,2022-01-21 00:00:00+00:00,Graduated,<=24,0.0,Unknown,Unknown,Unknown,0,0,0,1,4980.0829875518675,0,0,1,1,0.0
1464,2021,1,2022.0,2021-11-08,2022-01-21 00:00:00+00:00,Graduated,<=24,0.0,Unknown,Unknown,Unknown,0,0,0,0,0.0,0,0,1,1,0.0
1464,2022,1,2022.0,2021-11-08,2022-01-21 00:00:00+00:00,Graduated,<=24,0.0,Unknown,Unknown,Unknown,1,1,1,1,17153.083803369045,0,0,1,1,0.0
1464,2023,1,2022.0,2021-11-08,2022-01-21 00:00:00+00:00,Graduated,<=24,0.0,Unknown,Unknown,Unknown,1,1,0,1,1045.695662545223,1,1,1,1,0.0
1464,2024,1,2022.0,2021-11-08,2022-01-21 00:00:00+00:00,Graduated,<=24,0.0,Unknown,Unknown,Unknown,1,1,0,0,0.0,0,0,1,1,0.0
972,2017,0,2019.0,2019-04-29,2019-06-13 00:00:00+00:00,Non Graduated,<=24,0.0,Unknown,Unknown,Unknown,0,0,0,1,1494.5782073956286,0,0,1,1,0.0
972,2018,0,2019.0,2019-04-29,2019-06-13 00:00:00+00:00,Non Graduated,<=24,0.0,Unknown,Unknown,Unknown,0,0,1,1,21673.088469262766,0,0,1,1,0.0
972,2019,0,2019.0,2019-04-29,2019-06-13 00:00:00+00:00,Non Graduated,<=24,0.0,Unknown,Unknown,Unknown,1,0,0,0,0.0,0,0,1,1,0.0
972,2020,0,2019.0,2019-04-29,2019-06-13 00:00:00+00:00,Non Graduated,<=24,0.0,Unknown,Unknown,Unknown,1,0,0,1,6481.5705422084475,0,0,1,1,0.0
972,2021,0,2019.0,2019-04-29,2019-06-13 00:00:00+00:00,Non Graduated,<=24,0.0,Unknown,Unknown,Unknown,1,0,0,0,0.0,0,0,1,1,0.0
972,2022,0,2019.0,2019-04-29,2019-06-13 00:00:00+00:00,Non Graduated,<=24,0.0,Unknown,Unknown,Unknown,1,0,0,0,0.0,0,0,1,1,0.0
972,2023,0,2019.0,2019-04-29,2019-06-13 00:00:00+00:00,Non Graduated,<=24,0.0,Unknown,Unknown,Unknown,1,0,0,0,0.0,0,0,1,1,0.0
972,2024,0,2019.0,2019-04-29,2019-06-13 00:00:00+00:00,Non Graduated,<=24,0.0,Unknown,Unknown,Unknown,1,0,0,0,0.0,1,1,1,1,0.0
961,2017,1,2019.0,2019-04-15,2019-06-28 00:00:00+00:00,Graduated,<=24,0.0,Unknown,Unknown,Unknown,0,0,0,0,0.0,0,0,0,0,0.0
961,2018,1,2019.0,2019-04-15,2019-06-28 00:00:00+00:00,Graduated,<=24,0.0,Unknown,Unknown,Unknown,0,0,0,0,0.0,0,0,0,0,0.0
961,2019,1,2019.0,2019-04-15,2019-06-28 00:00:00+00:00,Graduated,<=24,0.0,Unknown,Unknown,Unknown,1,1,0,0,0.0,1,1,1,0,0.0
961,2020,1,2019.0,2019-04-15,2019-06-28 00:00:00+00:00,Graduated,<=24,0.0,Unknown,Unknown,Unknown,1,1,0,1,1619.5085755872676,0,0,1,1,0.0
961,2021,1,2019.0,2019-04-15,2019-06-28 00:00:00+00:00,Graduated,<=24,0.0,Unknown,Unknown,Unknown,1,1,0,1,458.70845797494894,0,0,1,1,0.0
961,2022,1,2019.0,2019-04-15,2019-06-28 00:00:00+00:00,Graduated,<=24,0.0,Unknown,Unknown,Unknown,1,1,0,1,3144.303548290327,0,0,1,1,0.0
961,2023,1,2019.0,2019-04-15,2019-06-28 00:00:00+00:00,Graduated,<=24,0.0,Unknown,Unknown,Unknown,1,1,0,1,2842.000316672895,0,0,1,1,0.0
961,2024,1,2019.0,2019-04-15,2019-06-28 00:00:00+00:00,Graduated,<=24,0.0,Unknown,Unknown,Unknown,1,1,0,0,0.0,0,0,1,1,0.0
1245,2017,0,2020.0,2020-08-31,2020-09-10 00:00:00+00:00,Non Graduated,<=24,0.0,Unknown,Unknown,Unknown,0,0,0,1,11820.274618845835,0,0,1,1,0.0
1245,2018,0,2020.0,2020-08-31,2020-09-10 00:00:00+00:00,Non Graduated,<=24,0.0,Unknown,Unknown,Unknown,0,0,0,1,1380.9927547572295,0,0,1,1,0.0
1245,2019,0,2020.0,2020-08-31,2020-09-10 00:00:00+00:00,Non Graduated,<=24,0.0,Unknown,Unknown,Unknown,0,0,1,1,3463.473282408768,0,0,1,1,0.0
1245,2020,0,2020.0,2020-08-31,2020-09-10 00:00:00+00:00,Non Graduated,<=24,0.0,Unknown,Unknown,Unknown,1,0,0,1,554.9149332661797,0,0,1,1,0.0
1245,2021,0,2020.0,2020-08-31,2020-09-10 00:00:00+00:00,Non Graduated,<=24,0.0,Unknown,Unknown,Unknown,1,0,1,1,28236.639275000296,0,0,1,1,0.0
1245,2022,0,2020.0,2020-08-31,2020-09-10 00:00:00+00:00,Non Graduated,<=24,0.0,Unknown,Unknown,Unknown,1,0,1,1,36528.70157635075,0,0,1,1,0.0
1245,2023,0,2020.0,2020-08-31,2020-09-10 00:00:00+00:00,Non Graduated,<=24,0.0,Unknown,Unknown,Unknown,1,0,1,1,15202.186366388854,0,0,1,1,0.0
1245,2024,0,2020.0,2020-08-31,2020-09-10 00:00:00+00:00,Non Graduated,<=24,0.0,Unknown,Unknown,Unknown,1,0,0,1,8893.427855351525,0,0,1,1,0.0
1450,2017,1,2022.0,2021-11-01,2022-01-19 00:00:00+00:00,Graduated,<=24,0.0,Unknown,Unknown,Unknown,0,0,0,0,0.0,0,0,0,0,0.0
1450,2018,1,2022.0,2021-11-01,2022-01-19 00:00:00+00:00,Graduated,<=24,0.0,Unknown,Unknown,Unknown,0,0,0,0,0.0,0,0,0,0,0.0
1450,2019,1,2022.0,2021-11-01,2022-01-19 00:00:00+00:00,Graduated,<=24,0.0,Unknown,Unknown,Unknown,0,0,0,0,0.0,0,0,0,0,0.0
1450,2020,1,2022.0,2021-11-01,2022-01-19 00:00:00+00:00,Graduated,<=24,0.0,Unknown,Unknown,Unknown,0,0,0,0,0.0,0,0,0,0,0.0
1450,2021,1,2022.0,2021-11-01,2022-01-19 00:00:00+00:00,Graduated,<=24,0.0,Unknown,Unknown,Unknown,0,0,0,1,2966.8261096182496,0,0,0,0,0.0
1450,2022,1,2022.0,2021-11-01,2022-01-19 00:00:00+00:00,Graduated,<=24,0.0,Unknown,Unknown,Unknown,1,1,1,1,8357.369485109657,0,0,0,0,0.0
1450,2023,1,2022.0,2021-11-01,2022-01-19 00:00:00+00:00,Graduated,<=24,0.0,Unknown,Unknown,Unknown,1,1,1,1,11986.779236636463,0,0,0,0,0.0
1450,2024,1,2022.0,2021-11-01,2022-01-19 00:00:00+00:00,Graduated,<=24,0.0,Unknown,Unknown,Unknown,1,1,0,1,16103.675714636316,0,0,0,0,0.0
974,2017,0,2019.0,2019-05-06,2019-05-31 00:00:00+00:00,Non Graduated,<=24,0.0,Unknown,Unknown,Unknown,0,0,0,0,0.0,0,0,0,0,0.0
974,2018,0,2019.0,2019-05-06,2019-05-31 00:00:00+00:00,Non Graduated,<=24,0.0,Unknown,Unknown,Unknown,0,0,0,1,2533.0377269687024,0,0,0,0,0.0
974,2019,0,2019.0,2019-05-06,2019-05-31 00:00:00+00:00,Non Graduated,<=24,0.0,Unknown,Unknown,Unknown,1,0,0,1,4841.137011176952,0,0,0,0,0.0
974,2020,0,2019.0,2019-05-06,2019-05-31 00:00:00+00:00,Non Graduated,<=24,0.0,Unknown,Unknown,Unknown,1,0,0,1,2225.2483937299885,0,0,0,0,0.0
974,2021,0,2019.0,2019-05-06,2019-05-31 00:00:00+00:00,Non Graduated,<=24,0.0,Unknown,Unknown,Unknown,1,0,0,1,2446.5847510542335,0,0,0,0,0.0
974,2022,0,2019.0,2019-05-06,2019-05-31 00:00:00+00:00,Non Graduated,<=24,0.0,Unknown,Unknown,Unknown,1,0,0,1,3861.0221090831938,0,0,0,0,0.0
974,2023,0,2019.0,2019-05-06,2019-05-31 00:00:00+00:00,Non Graduated,<=24,0.0,Unknown,Unknown,Unknown,1,0,0,0,0.0,0,0,0,0,0.0
974,2024,0,2019.0,2019-05-06,2019-05-31 00:00:00+00:00,Non Graduated,<=24,0.0,Unknown,Unknown,Unknown,1,0,0,0,0.0,0,0,0,0,0.0
1449,2017,1,2022.0,2021-10-11,2022-01-19 00:00:00+00:00,Graduated,<=24,0.0,Unknown,Unknown,Unknown,0,0,0,0,0.0,0,0,0,0,0.0
1449,2018,1,2022.0,2021-10-11,2022-01-19 00:00:00+00:00,Graduated,<=24,0.0,Unknown,Unknown,Unknown,0,0,0,0,0.0,0,0,0,0,0.0
1449,2019,1,2022.0,2021-10-11,2022-01-19 00:00:00+00:00,Graduated,<=24,0.0,Unknown,Unknown,Unknown,0,0,0,0,0.0,0,0,0,0,0.0
1449,2020,1,2022.0,2021-10-11,2022-01-19 00:00:00+00:00,Graduated,<=24,0.0,Unknown,Unknown,Unknown,0,0,0,0,0.0,0,0,0,0,0.0
1449,2021,1,2022.0,2021-10-11,2022-01-19 00:00:00+00:00,Graduated,<=24,0.0,Unknown,Unknown,Unknown,0,0,0,1,14265.69646043886,0,0,0,0,0.0
1449,2022,1,2022.0,2021-10-11,2022-01-19 00:00:00+00:00,Graduated,<=24,0.0,Unknown,Unknown,Unknown,1,1,1,1,25649.2662848762,0,0,0,0,0.0
1449,2023,1,2022.0,2021-10-11,2022-01-19 00:00:00+00:00,Graduated,<=24,0.0,Unknown,Unknown,Unknown,1,1,1,1,29653.536209711303,0,0,0,0,0.0
1449,2024,1,2022.0,2021-10-11,2022-01-19 00:00:00+00:00,Graduated,<=24,0.0,Unknown,Unknown,Unknown,1,1,0,0,0.0,0,0,0,0,0.0
1397,2017,0,2021.0,2021-07-19,2021-09-07 00:00:00+00:00,Non Graduated,<=24,0.0,Unknown,Unknown,Unknown,0,0,0,0,0.0,0,0,0,0,0.0
1397,2018,0,2021.0,2021-07-19,2021-09-07 00:00:00+00:00,Non Graduated,<=24,0.0,Unknown,Unknown,Unknown,0,0,0,0,0.0,0,0,0,0,0.0
1397,2019,0,2021.0,2021-07-19,2021-09-07 00:00:00+00:00,Non Graduated,<=24,0.0,Unknown,Unknown,Unknown,0,0,0,0,0.0,0,0,0,0,0.0
1397,2020,0,2021.0,2021-07-19,2021-09-07 00:00:00+00:00,Non Graduated,<=24,0.0,Unknown,Unknown,Unknown,0,0,0,0,0.0,1,1,1,0,0.0
1397,2021,0,2021.0,2021-07-19,2021-09-07 00:00:00+00:00,Non Graduated,<=24,0.0,Unknown,Unknown,Unknown,1,0,0,1,3705.440247917877,0,0,1,1,0.0
1397,2022,0,2021.0,2021-07-19,2021-09-07 00:00:00+00:00,Non Graduated,<=24,0.0,Unknown,Unknown,Unknown,1,0,1,1,47343.91745509677,0,0,1,1,0.0
1397,2023,0,2021.0,2021-07-19,2021-09-07 00:00:00+00:00,Non Graduated,<=24,0.0,Unknown,Unknown,Unknown,1,0,1,1,27574.420522660068,0,0,1,1,0.0
1397,2024,0,2021.0,2021-07-19,2021-09-07 00:00:00+00:00,Non Graduated,<=24,0.0,Unknown,Unknown,Unknown,1,0,0,1,37461.926654421164,0,0,1,1,0.0
733,2017,1,2018.0,2018-03-05,2018-05-11 00:00:00+00:00,Graduated,<=24,0.0,Unknown,Unknown,Unknown,0,0,1,1,22580.794801375792,0,0,1,1,0.0
733,2018,1,2018.0,2018-03-05,2018-05-11 00:00:00+00:00,Graduated,<=24,0.0,Unknown,Unknown,Unknown,1,1,0,1,7471.55119144817,0,0,1,1,0.0
733,2019,1,2018.0,2018-03-05,2018-05-11 00:00:00+00:00,Graduated,<=24,0.0,Unknown,Unknown,Unknown,1,1,1,1,26264.821605201672,0,0,1,1,0.0
733,2020,1,2018.0,2018-03-05,2018-05-11 00:00:00+00:00,Graduated,<=24,0.0,Unknown,Unknown,Unknown,1,1,0,1,4886.340409374365,0,0,1,1,0.0
733,2021,1,2018.0,2018-03-05,2018-05-11 00:00:00+00:00,Graduated,<=24,0.0,Unknown,Unknown,Unknown,1,1,0,1,17351.249825467014,0,0,1,1,0.0
733,2022,1,2018.0,2018-03-05,2018-05-11 00:00:00+00:00,Graduated,<=24,0.0,Unknown,Unknown,Unknown,1,1,1,1,24407.65643652039,0,0,1,1,0.0
733,2023,1,2018.0,2018-03-05,2018-05-11 00:00:00+00:00,Graduated,<=24,0.0,Unknown,Unknown,Unknown,1,1,1,1,93936.11644400246,0,0,1,1,0.0
733,2024,1,2018.0,2018-03-05,2018-05-11 00:00:00+00:00,Graduated,<=24,0.0,Unknown,Unknown,Unknown,1,1,0,1,74447.3692766673,0,0,1,1,0.0
1128,2017,1,2020.0,2020-01-15,2020-05-22 00:00:00+00:00,Graduated,<=24,0.0,Unknown,Unknown,Unknown,0,0,0,1,840.2698333596684,0,0,0,0,0.0
1128,2018,1,2020.0,2020-01-15,2020-05-22 00:00:00+00:00,Graduated,<=24,0.0,Unknown,Unknown,Unknown,0,0,0,0,0.0,0,0,0,0,0.0
1128,2019,1,2020.0,2020-01-15,2020-05-22 00:00:00+00:00,Graduated,<=24,0.0,Unknown,Unknown,Unknown,0,0,0,0,0.0,0,0,0,0,0.0
1128,2020,1,2020.0,2020-01-15,2020-05-22 00:00:00+00:00,Graduated,<=24,0.0,Unknown,Unknown,Unknown,1,1,0,0,0.0,0,0,0,0,0.0
1128,2021,1,2020.0,2020-01-15,2020-05-22 00:00:00+00:00,Graduated,<=24,0.0,Unknown,Unknown,Unknown,1,1,0,0,0.0,0,0,0,0,0.0
1128,2022,1,2020.0,2020-01-15,2020-05-22 00:00:00+00:00,Graduated,<=24,0.0,Unknown,Unknown,Unknown,1,1,0,0,0.0,0,0,0,0,0.0
1128,2023,1,2020.0,2020-01-15,2020-05-22 00:00:00+00:00,Graduated,<=24,0.0,Unknown,Unknown,Unknown,1,1,0,0,0.0,0,0,0,0,0.0
1128,2024,1,2020.0,2020-01-15,2020-05-22 00:00:00+00:00,Graduated,<=24,0.0,Unknown,Unknown,Unknown,1,1,0,0,0.0,0,0,0,0,0.0
1312,2017,1,2021.0,2021-02-08,2021-03-12 00:00:00+00:00,Graduated,<=24,0.0,Unknown,Unknown,Unknown,0,0,0,0,0.0,0,0,0,0,0.0
1312,2018,1,2021.0,2021-02-08,2021-03-12 00:00:00+00:00,Graduated,<=24,0.0,Unknown,Unknown,Unknown,0,0,0,0,0.0,0,0,0,0,0.0
1312,2019,1,2021.0,2021-02-08,2021-03-12 00:00:00+00:00,Graduated,<=24,0.0,Unknown,Unknown,Unknown,0,0,0,1,1774.9763296283716,0,0,0,0,0.0
1312,2020,1,2021.0,2021-02-08,2021-03-12 00:00:00+00:00,Graduated,<=24,0.0,Unknown,Unknown,Unknown,0,0,0,0,0.0,0,0,0,0,0.0
1312,2021,1,2021.0,2021-02-08,2021-03-12 00:00:00+00:00,Graduated,<=24,0.0,Unknown,Unknown,Unknown,1,1,0,1,15785.14545330236,0,0,0,0,0.0
1312,2022,1,2021.0,2021-02-08,2021-03-12 00:00:00+00:00,Graduated,<=24,0.0,Unknown,Unknown,Unknown,1,1,1,1,46583.44924262976,0,0,0,0,0.0
1312,2023,1,2021.0,2021-02-08,2021-03-12 00:00:00+00:00,Graduated,<=24,0.0,Unknown,Unknown,Unknown,1,1,1,1,53618.020913758555,0,0,0,0,0.0
1312,2024,1,2021.0,2021-02-08,2021-03-12 00:00:00+00:00,Graduated,<=24,0.0,Unknown,Unknown,Unknown,1,1,0,1,19975.21645363167,0,0,0,0,0.0
756,2017,0,2018.0,2018-04-02,2018-05-15 00:00:00+00:00,Non Graduated,<=24,0.0,Unknown,Unknown,Unknown,0,0,0,0,0.0,0,0,1,1,0.0
756,2018,0,2018.0,2018-04-02,2018-05-15 00:00:00+00:00,Non Graduated,<=24,0.0,Unknown,Unknown,Unknown,1,0,0,1,2096.7832079277014,0,0,1,1,0.0
756,2019,0,2018.0,2018-04-02,2018-05-15 00:00:00+00:00,Non Graduated,<=24,0.0,Unknown,Unknown,Unknown,1,0,0,1,212.03179635377919,0,0,1,1,0.0
756,2020,0,2018.0,2018-04-02,2018-05-15 00:00:00+00:00,Non Graduated,<=24,0.0,Unknown,Unknown,Unknown,1,0,0,0,0.0,0,0,1,1,0.0
756,2021,0,2018.0,2018-04-02,2018-05-15 00:00:00+00:00,Non Graduated,<=24,0.0,Unknown,Unknown,Unknown,1,0,0,1,1264.2705082150637,0,0,1,1,0.0
756,2022,0,2018.0,2018-04-02,2018-05-15 00:00:00+00:00,Non Graduated,<=24,0.0,Unknown,Unknown,Unknown,1,0,1,1,39483.5366481657,0,0,1,1,0.0
756,2023,0,2018.0,2018-04-02,2018-05-15 00:00:00+00:00,Non Graduated,<=24,0.0,Unknown,Unknown,Unknown,1,0,0,1,3665.0127788851696,0,0,1,1,0.0
756,2024,0,2018.0,2018-04-02,2018-05-15 00:00:00+00:00,Non Graduated,<=24,0.0,Unknown,Unknown,Unknown,1,0,0,0,0.0,1,1,1,1,0.0
1402,2017,1,2021.0,2021-08-03,2021-11-12 00:00:00+00:00,Graduated,<=24,0.0,Unknown,Unknown,Unknown,0,0,0,0,0.0,0,0,0,0,0.0
1402,2018,1,2021.0,2021-08-03,2021-11-12 00:00:00+00:00,Graduated,<=24,0.0,Unknown,Unknown,Unknown,0,0,0,1,14256.571416804672,0,0,0,0,0.0
1402,2019,1,2021.0,2021-08-03,2021-11-12 00:00:00+00:00,Graduated,<=24,0.0,Unknown,Unknown,Unknown,0,0,0,1,8822.185834687285,0,0,0,0,0.0
1402,2020,1,2021.0,2021-08-03,2021-11-12 00:00:00+00:00,Graduated,<=24,0.0,Unknown,Unknown,Unknown,0,0,0,1,2159.4749103910112,0,0,0,0,0.0
1402,2021,1,2021.0,2021-08-03,2021-11-12 00:00:00+00:00,Graduated,<=24,0.0,Unknown,Unknown,Unknown,1,1,0,0,0.0,0,0,0,0,0.0
1402,2022,1,2021.0,2021-08-03,2021-11-12 00:00:00+00:00,Graduated,<=24,0.0,Unknown,Unknown,Unknown,1,1,0,1,3321.2456133257865,0,0,0,0,0.0
1402,2023,1,2021.0,2021-08-03,2021-11-12 00:00:00+00:00,Graduated,<=24,0.0,Unknown,Unknown,Unknown,1,1,0,0,0.0,0,0,0,0,0.0
1402,2024,1,2021.0,2021-08-03,2021-11-12 00:00:00+00:00,Graduated,<=24,0.0,Unknown,Unknown,Unknown,1,1,0,1,11350.113621889239,0,0,0,0,0.0
1460,2017,0,2021.0,2021-11-01,2021-11-24 00:00:00+00:00,Non Graduated,<=24,0.0,Unknown,Unknown,Unknown,0,0,0,0,0.0,1,1,1,1,0.0
1460,2018,0,2021.0,2021-11-01,2021-11-24 00:00:00+00:00,Non Graduated,<=24,0.0,Unknown,Unknown,Unknown,0,0,0,0,0.0,0,0,1,1,0.0
1460,2019,0,2021.0,2021-11-01,2021-11-24 00:00:00+00:00,Non Graduated,<=24,0.0,Unknown,Unknown,Unknown,0,0,0,0,0.0,1,1,1,1,0.0
1460,2020,0,2021.0,2021-11-01,2021-11-24 00:00:00+00:00,Non Graduated,<=24,0.0,Unknown,Unknown,Unknown,0,0,0,0,0.0,2,1,1,1,0.0
1460,2021,0,2021.0,2021-11-01,2021-11-24 00:00:00+00:00,Non Graduated,<=24,0.0,Unknown,Unknown,Unknown,1,0,0,1,1424.9436034927787,0,0,1,1,0.0
1460,2022,0,2021.0,2021-11-01,2021-11-24 00:00:00+00:00,Non Graduated,<=24,0.0,Unknown,Unknown,Unknown,1,0,0,1,18879.3489505296,0,0,1,1,0.0
1460,2023,0,2021.0,2021-11-01,2021-11-24 00:00:00+00:00,Non Graduated,<=24,0.0,Unknown,Unknown,Unknown,1,0,0,1,19638.839283468275,0,0,1,1,0.0
1460,2024,0,2021.0,2021-11-01,2021-11-24 00:00:00+00:00,Non Graduated,<=24,0.0,Unknown,Unknown,Unknown,1,0,0,1,11601.981899724098,0,0,1,1,0.0
902,2017,1,2019.0,2019-01-07,2019-03-22 00:00:00+00:00,Graduated,<=24,0.0,Unknown,Unknown,Unknown,0,0,0,0,0.0,0,0,1,1,0.0
902,2018,1,2019.0,2019-01-07,2019-03-22 00:00:00+00:00,Graduated,<=24,0.0,Unknown,Unknown,Unknown,0,0,0,0,0.0,0,0,1,1,0.0
902,2019,1,2019.0,2019-01-07,2019-03-22 00:00:00+00:00,Graduated,<=24,0.0,Unknown,Unknown,Unknown,1,1,0,1,6068.796242508472,0,0,1,1,0.0
902,2020,1,2019.0,2019-01-07,2019-03-22 00:00:00+00:00,Graduated,<=24,0.0,Unknown,Unknown,Unknown,1,1,0,1,4102.2345434466,0,0,1,1,0.0
902,2021,1,2019.0,2019-01-07,2019-03-22 00:00:00+00:00,Graduated,<=24,0.0,Unknown,Unknown,Unknown,1,1,1,1,11089.359263134946,0,0,1,1,0.0
902,2022,1,2019.0,2019-01-07,2019-03-22 00:00:00+00:00,Graduated,<=24,0.0,Unknown,Unknown,Unknown,1,1,0,1,15880.804953409359,2,1,1,1,0.0
902,2023,1,2019.0,2019-01-07,2019-03-22 00:00:00+00:00,Graduated,<=24,0.0,Unknown,Unknown,Unknown,1,1,1,1,22781.403737264744,1,1,1,1,0.0
902,2024,1,2019.0,2019-01-07,2019-03-22 00:00:00+00:00,Graduated,<=24,0.0,Unknown,Unknown,Unknown,1,1,0,1,16838.60535602018,0,0,1,1,0.0
946,2017,0,2019.0,2019-03-18,2019-04-11 00:00:00+00:00,Non Graduated,<=24,0.0,Unknown,Unknown,Unknown,0,0,0,1,478.8942785409564,0,0,0,0,0.0
946,2018,0,2019.0,2019-03-18,2019-04-11 00:00:00+00:00,Non Graduated,<=24,0.0,Unknown,Unknown,Unknown,0,0,0,1,7562.7955725055,0,0,0,0,0.0
946,2019,0,2019.0,2019-03-18,2019-04-11 00:00:00+00:00,Non Graduated,<=24,0.0,Unknown,Unknown,Unknown,1,0,0,1,5672.3697430574575,0,0,0,0,0.0
946,2020,0,2019.0,2019-03-18,2019-04-11 00:00:00+00:00,Non Graduated,<=24,0.0,Unknown,Unknown,Unknown,1,0,0,1,2085.325122522906,0,0,0,0,0.0
946,2021,0,2019.0,2019-03-18,2019-04-11 00:00:00+00:00,Non Graduated,<=24,0.0,Unknown,Unknown,Unknown,1,0,0,0,0.0,0,0,0,0,0.0
946,2022,0,2019.0,2019-03-18,2019-04-11 00:00:00+00:00,Non Graduated,<=24,0.0,Unknown,Unknown,Unknown,1,0,0,0,0.0,0,0,0,0,0.0
946,2023,0,2019.0,2019-03-18,2019-04-11 00:00:00+00:00,Non Graduated,<=24,0.0,Unknown,Unknown,Unknown,1,0,0,1,951.7715577879651,0,0,0,0,0.0
946,2024,0,2019.0,2019-03-18,2019-04-11 00:00:00+00:00,Non Graduated,<=24,0.0,Unknown,Unknown,Unknown,1,0,0,1,3756.788161599298,0,0,0,0,0.0
1292,2017,0,2021.0,2021-01-11,2021-03-09 00:00:00+00:00,Non Graduated,<=24,0.0,Unknown,Unknown,Unknown,0,0,0,1,9247.487799346898,0,0,1,1,0.0
1292,2018,0,2021.0,2021-01-11,2021-03-09 00:00:00+00:00,Non Graduated,<=24,0.0,Unknown,Unknown,Unknown,0,0,1,1,11698.826509682978,0,0,1,1,0.0
1292,2019,0,2021.0,2021-01-11,2021-03-09 00:00:00+00:00,Non Graduated,<=24,0.0,Unknown,Unknown,Unknown,0,0,1,1,17248.447594398003,0,0,1,1,0.0
1292,2020,0,2021.0,2021-01-11,2021-03-09 00:00:00+00:00,Non Graduated,<=24,0.0,Unknown,Unknown,Unknown,0,0,0,1,4651.216682444088,0,0,1,1,0.0
1292,2021,0,2021.0,2021-01-11,2021-03-09 00:00:00+00:00,Non Graduated,<=24,0.0,Unknown,Unknown,Unknown,1,0,0,1,7583.409244990922,0,0,1,1,0.0
1292,2022,0,2021.0,2021-01-11,2021-03-09 00:00:00+00:00,Non Graduated,<=24,0.0,Unknown,Unknown,Unknown,1,0,1,1,60243.269215907385,0,0,1,1,0.0
1292,2023,0,2021.0,2021-01-11,2021-03-09 00:00:00+00:00,Non Graduated,<=24,0.0,Unknown,Unknown,Unknown,1,0,1,1,51462.20663502758,0,0,1,1,0.0
1292,2024,0,2021.0,2021-01-11,2021-03-09 00:00:00+00:00,Non Graduated,<=24,0.0,Unknown,Unknown,Unknown,1,0,0,1,27279.386604381347,0,0,1,1,0.0
1372,2017,1,2021.0,2021-06-22,2021-08-27 00:00:00+00:00,Graduated,<=24,0.0,Unknown,Unknown,Unknown,0,0,0,0,0.0,0,0,0,0,0.0
1372,2018,1,2021.0,2021-06-22,2021-08-27 00:00:00+00:00,Graduated,<=24,0.0,Unknown,Unknown,Unknown,0,0,0,0,0.0,0,0,0,0,0.0
1372,2019,1,2021.0,2021-06-22,2021-08-27 00:00:00+00:00,Graduated,<=24,0.0,Unknown,Unknown,Unknown,0,0,0,0,0.0,0,0,0,0,0.0
1372,2020,1,2021.0,2021-06-22,2021-08-27 00:00:00+00:00,Graduated,<=24,0.0,Unknown,Unknown,Unknown,0,0,0,0,0.0,0,0,0,0,0.0
1372,2021,1,2021.0,2021-06-22,2021-08-27 00:00:00+00:00,Graduated,<=24,0.0,Unknown,Unknown,Unknown,1,1,0,1,2186.3027309703657,0,0,0,0,0.0
1372,2022,1,2021.0,2021-06-22,2021-08-27 00:00:00+00:00,Graduated,<=24,0.0,Unknown,Unknown,Unknown,1,1,0,1,4204.330128049676,0,0,0,0,0.0
1372,2023,1,2021.0,2021-06-22,2021-08-27 00:00:00+00:00,Graduated,<=24,0.0,Unknown,Unknown,Unknown,1,1,0,0,0.0,0,0,0,0,0.0
1372,2024,1,2021.0,2021-06-22,2021-08-27 00:00:00+00:00,Graduated,<=24,0.0,Unknown,Unknown,Unknown,1,1,0,0,0.0,0,0,0,0,0.0
1344,2017,1,2021.0,2021-04-19,2021-07-13 00:00:00+00:00,Graduated,<=24,0.0,Unknown,Unknown,Unknown,0,0,0,0,0.0,0,0,0,0,0.0
1344,2018,1,2021.0,2021-04-19,2021-07-13 00:00:00+00:00,Graduated,<=24,0.0,Unknown,Unknown,Unknown,0,0,0,0,0.0,0,0,0,0,0.0
1344,2019,1,2021.0,2021-04-19,2021-07-13 00:00:00+00:00,Graduated,<=24,0.0,Unknown,Unknown,Unknown,0,0,0,0,0.0,0,0,0,0,0.0
1344,2020,1,2021.0,2021-04-19,2021-07-13 00:00:00+00:00,Graduated,<=24,0.0,Unknown,Unknown,Unknown,0,0,0,0,0.0,0,0,0,0,0.0
1344,2021,1,2021.0,2021-04-19,2021-07-13 00:00:00+00:00,Graduated,<=24,0.0,Unknown,Unknown,Unknown,1,1,0,0,0.0,0,0,0,0,0.0
1344,2022,1,2021.0,2021-04-19,2021-07-13 00:00:00+00:00,Graduated,<=24,0.0,Unknown,Unknown,Unknown,1,1,0,1,7234.349079176945,0,0,0,0,0.0
1344,2023,1,2021.0,2021-04-19,2021-07-13 00:00:00+00:00,Graduated,<=24,0.0,Unknown,Unknown,Unknown,1,1,0,1,31859.459400249405,0,0,0,0,0.0
1344,2024,1,2021.0,2021-04-19,2021-07-13 00:00:00+00:00,Graduated,<=24,0.0,Unknown,Unknown,Unknown,1,1,0,1,38909.85853114648,0,0,0,0,0.0
1282,2017,1,2021.0,2020-11-16,2021-01-27 00:00:00+00:00,Graduated,<=24,0.0,Unknown,Unknown,Unknown,0,0,0,1,10622.250343343327,0,0,1,1,0.0
1282,2018,1,2021.0,2020-11-16,2021-01-27 00:00:00+00:00,Graduated,<=24,0.0,Unknown,Unknown,Unknown,0,0,1,1,13801.793778114936,0,0,1,1,0.0
1282,2019,1,2021.0,2020-11-16,2021-01-27 00:00:00+00:00,Graduated,<=24,0.0,Unknown,Unknown,Unknown,0,0,1,1,12237.788333775432,0,0,1,1,0.0
1282,2020,1,2021.0,2020-11-16,2021-01-27 00:00:00+00:00,Graduated,<=24,0.0,Unknown,Unknown,Unknown,0,0,0,1,12982.212750223962,0,0,1,1,0.0
1282,2021,1,2021.0,2020-11-16,2021-01-27 00:00:00+00:00,Graduated,<=24,0.0,Unknown,Unknown,Unknown,1,1,1,1,33578.430755595786,0,0,1,1,0.0
1282,2022,1,2021.0,2020-11-16,2021-01-27 00:00:00+00:00,Graduated,<=24,0.0,Unknown,Unknown,Unknown,1,1,1,1,30236.74123139338,0,0,1,1,0.0
1282,2023,1,2021.0,2020-11-16,2021-01-27 00:00:00+00:00,Graduated,<=24,0.0,Unknown,Unknown,Unknown,1,1,0,1,19790.751337418907,0,0,1,1,0.0
1282,2024,1,2021.0,2020-11-16,2021-01-27 00:00:00+00:00,Graduated,<=24,0.0,Unknown,Unknown,Unknown,1,1,0,1,27814.52111124662,0,0,1,1,0.0
982,2017,0,2019.0,2019-06-03,2019-06-11 00:00:00+00:00,Non Graduated,25-34,0.0,Unknown,Unknown,Unknown,0,0,0,0,0.0,0,0,0,0,0.0
982,2018,0,2019.0,2019-06-03,2019-06-11 00:00:00+00:00,Non Graduated,25-34,0.0,Unknown,Unknown,Unknown,0,0,0,0,0.0,0,0,0,0,0.0
982,2019,0,2019.0,2019-06-03,2019-06-11 00:00:00+00:00,Non Graduated,25-34,0.0,Unknown,Unknown,Unknown,1,0,0,0,0.0,0,0,0,0,0.0
982,2020,0,2019.0,2019-06-03,2019-06-11 00:00:00+00:00,Non Graduated,25-34,0.0,Unknown,Unknown,Unknown,1,0,0,0,0.0,0,0,0,0,0.0
982,2021,0,2019.0,2019-06-03,2019-06-11 00:00:00+00:00,Non Graduated,25-34,0.0,Unknown,Unknown,Unknown,1,0,0,0,0.0,0,0,0,0,0.0
982,2022,0,2019.0,2019-06-03,2019-06-11 00:00:00+00:00,Non Graduated,25-34,0.0,Unknown,Unknown,Unknown,1,0,0,0,0.0,0,0,0,0,0.0
982,2023,0,2019.0,2019-06-03,2019-06-11 00:00:00+00:00,Non Graduated,25-34,0.0,Unknown,Unknown,Unknown,1,0,0,0,0.0,0,0,0,0,0.0
982,2024,0,2019.0,2019-06-03,2019-06-11 00:00:00+00:00,Non Graduated,25-34,0.0,Unknown,Unknown,Unknown,1,0,0,0,0.0,0,0,0,0,0.0
768,2017,1,2018.0,2018-05-07,2018-07-13 00:00:00+00:00,Graduated,25-34,0.0,Unknown,Unknown,Unknown,0,0,0,0,0.0,0,0,0,0,0.0
768,2018,1,2018.0,2018-05-07,2018-07-13 00:00:00+00:00,Graduated,25-34,0.0,Unknown,Unknown,Unknown,1,1,0,0,0.0,0,0,0,0,0.0
768,2019,1,2018.0,2018-05-07,2018-07-13 00:00:00+00:00,Graduated,25-34,0.0,Unknown,Unknown,Unknown,1,1,0,0,0.0,0,0,0,0,0.0
768,2020,1,2018.0,2018-05-07,2018-07-13 00:00:00+00:00,Graduated,25-34,0.0,Unknown,Unknown,Unknown,1,1,0,0,0.0,0,0,0,0,0.0
768,2021,1,2018.0,2018-05-07,2018-07-13 00:00:00+00:00,Graduated,25-34,0.0,Unknown,Unknown,Unknown,1,1,0,0,0.0,0,0,0,0,0.0
768,2022,1,2018.0,2018-05-07,2018-07-13 00:00:00+00:00,Graduated,25-34,0.0,Unknown,Unknown,Unknown,1,1,0,0,0.0,0,0,0,0,0.0
768,2023,1,2018.0,2018-05-07,2018-07-13 00:00:00+00:00,Graduated,25-34,0.0,Unknown,Unknown,Unknown,1,1,0,0,0.0,0,0,0,0,0.0
768,2024,1,2018.0,2018-05-07,2018-07-13 00:00:00+00:00,Graduated,25-34,0.0,Unknown,Unknown,Unknown,1,1,0,0,0.0,0,0,0,0,0.0
1106,2017,0,2019.0,2019-11-11,2019-11-15 00:00:00+00:00,Non Graduated,25-34,0.0,Unknown,Unknown,Unknown,0,0,0,0,0.0,0,0,0,0,0.0
1106,2018,0,2019.0,2019-11-11,2019-11-15 00:00:00+00:00,Non Graduated,25-34,0.0,Unknown,Unknown,Unknown,0,0,0,0,0.0,0,0,0,0,0.0
1106,2019,0,2019.0,2019-11-11,2019-11-15 00:00:00+00:00,Non Graduated,25-34,0.0,Unknown,Unknown,Unknown,1,0,0,0,0.0,0,0,0,0,0.0
1106,2020,0,2019.0,2019-11-11,2019-11-15 00:00:00+00:00,Non Graduated,25-34,0.0,Unknown,Unknown,Unknown,1,0,0,0,0.0,0,0,0,0,0.0
1106,2021,0,2019.0,2019-11-11,2019-11-15 00:00:00+00:00,Non Graduated,25-34,0.0,Unknown,Unknown,Unknown,1,0,0,0,0.0,0,0,0,0,0.0
1106,2022,0,2019.0,2019-11-11,2019-11-15 00:00:00+00:00,Non Graduated,25-34,0.0,Unknown,Unknown,Unknown,1,0,0,0,0.0,0,0,0,0,0.0
1106,2023,0,2019.0,2019-11-11,2019-11-15 00:00:00+00:00,Non Graduated,25-34,0.0,Unknown,Unknown,Unknown,1,0,0,0,0.0,0,0,0,0,0.0
1106,2024,0,2019.0,2019-11-11,2019-11-15 00:00:00+00:00,Non Graduated,25-34,0.0,Unknown,Unknown,Unknown,1,0,0,0,0.0,0,0,0,0,0.0
1300,2017,0,2021.0,2021-02-15,2021-03-09 00:00:00+00:00,Non Graduated,25-34,0.0,Unknown,Unknown,Unknown,0,0,0,0,0.0,0,0,0,0,0.0
1300,2018,0,2021.0,2021-02-15,2021-03-09 00:00:00+00:00,Non Graduated,25-34,0.0,Unknown,Unknown,Unknown,0,0,0,0,0.0,0,0,0,0,0.0
1300,2019,0,2021.0,2021-02-15,2021-03-09 00:00:00+00:00,Non Graduated,25-34,0.0,Unknown,Unknown,Unknown,0,0,0,0,0.0,0,0,0,0,0.0
1300,2020,0,2021.0,2021-02-15,2021-03-09 00:00:00+00:00,Non Graduated,25-34,0.0,Unknown,Unknown,Unknown,0,0,0,0,0.0,0,0,0,0,0.0
1300,2021,0,2021.0,2021-02-15,2021-03-09 00:00:00+00:00,Non Graduated,25-34,0.0,Unknown,Unknown,Unknown,1,0,0,0,0.0,0,0,0,0,0.0
1300,2022,0,2021.0,2021-02-15,2021-03-09 00:00:00+00:00,Non Graduated,25-34,0.0,Unknown,Unknown,Unknown,1,0,0,0,0.0,0,0,0,0,0.0
1300,2023,0,2021.0,2021-02-15,2021-03-09 00:00:00+00:00,Non Graduated,25-34,0.0,Unknown,Unknown,Unknown,1,0,0,0,0.0,0,0,0,0,0.0
1300,2024,0,2021.0,2021-02-15,2021-03-09 00:00:00+00:00,Non Graduated,25-34,0.0,Unknown,Unknown,Unknown,1,0,0,0,0.0,0,0,0,0,0.0
1211,2017,0,2020.0,2020-07-06,2020-07-21 00:00:00+00:00,Non Graduated,<=24,0.0,Unknown,Unknown,Unknown,0,0,0,0,0.0,0,0,0,0,0.0
1211,2018,0,2020.0,2020-07-06,2020-07-21 00:00:00+00:00,Non Graduated,<=24,0.0,Unknown,Unknown,Unknown,0,0,0,0,0.0,0,0,0,0,0.0
1211,2019,0,2020.0,2020-07-06,2020-07-21 00:00:00+00:00,Non Graduated,<=24,0.0,Unknown,Unknown,Unknown,0,0,0,0,0.0,0,0,0,0,0.0
1211,2020,0,2020.0,2020-07-06,2020-07-21 00:00:00+00:00,Non Graduated,<=24,0.0,Unknown,Unknown,Unknown,1,0,0,0,0.0,0,0,0,0,0.0
1211,2021,0,2020.0,2020-07-06,2020-07-21 00:00:00+00:00,Non Graduated,<=24,0.0,Unknown,Unknown,Unknown,1,0,0,0,0.0,0,0,0,0,0.0
1211,2022,0,2020.0,2020-07-06,2020-07-21 00:00:00+00:00,Non Graduated,<=24,0.0,Unknown,Unknown,Unknown,1,0,0,0,0.0,0,0,0,0,0.0
1211,2023,0,2020.0,2020-07-06,2020-07-21 00:00:00+00:00,Non Graduated,<=24,0.0,Unknown,Unknown,Unknown,1,0,0,0,0.0,0,0,0,0,0.0
1211,2024,0,2020.0,2020-07-06,2020-07-21 00:00:00+00:00,Non Graduated,<=24,0.0,Unknown,Unknown,Unknown,1,0,0,0,0.0,0,0,0,0,0.0
1366,2017,1,2021.0,2021-05-17,2021-10-15 00:00:00+00:00,Graduated,<=24,0.0,Unknown,Unknown,Unknown,0,0,0,0,0.0,0,0,0,0,0.0
1366,2018,1,2021.0,2021-05-17,2021-10-15 00:00:00+00:00,Graduated,<=24,0.0,Unknown,Unknown,Unknown,0,0,0,0,0.0,0,0,0,0,0.0
1366,2019,1,2021.0,2021-05-17,2021-10-15 00:00:00+00:00,Graduated,<=24,0.0,Unknown,Unknown,Unknown,0,0,0,0,0.0,0,0,0,0,0.0
1366,2020,1,2021.0,2021-05-17,2021-10-15 00:00:00+00:00,Graduated,<=24,0.0,Unknown,Unknown,Unknown,0,0,0,0,0.0,0,0,0,0,0.0
1366,2021,1,2021.0,2021-05-17,2021-10-15 00:00:00+00:00,Graduated,<=24,0.0,Unknown,Unknown,Unknown,1,1,0,0,0.0,0,0,0,0,0.0
1366,2022,1,2021.0,2021-05-17,2021-10-15 00:00:00+00:00,Graduated,<=24,0.0,Unknown,Unknown,Unknown,1,1,0,0,0.0,0,0,0,0,0.0
1366,2023,1,2021.0,2021-05-17,2021-10-15 00:00:00+00:00,Graduated,<=24,0.0,Unknown,Unknown,Unknown,1,1,0,0,0.0,0,0,0,0,0.0
1366,2024,1,2021.0,2021-05-17,2021-10-15 00:00:00+00:00,Graduated,<=24,0.0,Unknown,Unknown,Unknown,1,1,0,0,0.0,0,0,0,0,0.0
1273,2017,0,2020.0,2020-11-16,2020-12-08 00:00:00+00:00,Non Graduated,<=24,0.0,Unknown,Unknown,Unknown,0,0,0,0,0.0,0,0,0,0,0.0
1273,2018,0,2020.0,2020-11-16,2020-12-08 00:00:00+00:00,Non Graduated,<=24,0.0,Unknown,Unknown,Unknown,0,0,0,0,0.0,0,0,0,0,0.0
1273,2019,0,2020.0,2020-11-16,2020-12-08 00:00:00+00:00,Non Graduated,<=24,0.0,Unknown,Unknown,Unknown,0,0,0,0,0.0,0,0,0,0,0.0
1273,2020,0,2020.0,2020-11-16,2020-12-08 00:00:00+00:00,Non Graduated,<=24,0.0,Unknown,Unknown,Unknown,1,0,0,0,0.0,0,0,0,0,0.0
1273,2021,0,2020.0,2020-11-16,2020-12-08 00:00:00+00:00,Non Graduated,<=24,0.0,Unknown,Unknown,Unknown,1,0,0,0,0.0,0,0,0,0,0.0
1273,2022,0,2020.0,2020-11-16,2020-12-08 00:00:00+00:00,Non Graduated,<=24,0.0,Unknown,Unknown,Unknown,1,0,0,0,0.0,0,0,0,0,0.0
1273,2023,0,2020.0,2020-11-16,2020-12-08 00:00:00+00:00,Non Graduated,<=24,0.0,Unknown,Unknown,Unknown,1,0,0,0,0.0,0,0,0,0,0.0
1273,2024,0,2020.0,2020-11-16,2020-12-08 00:00:00+00:00,Non Graduated,<=24,0.0,Unknown,Unknown,Unknown,1,0,0,0,0.0,0,0,0,0,0.0
1384,2017,1,2021.0,2021-07-06,2021-09-17 00:00:00+00:00,Graduated,<=24,0.0,Unknown,Unknown,Unknown,0,0,0,0,0.0,0,0,0,0,0.0
1384,2018,1,2021.0,2021-07-06,2021-09-17 00:00:00+00:00,Graduated,<=24,0.0,Unknown,Unknown,Unknown,0,0,0,0,0.0,0,0,0,0,0.0
1384,2019,1,2021.0,2021-07-06,2021-09-17 00:00:00+00:00,Graduated,<=24,0.0,Unknown,Unknown,Unknown,0,0,0,0,0.0,0,0,0,0,0.0
1384,2020,1,2021.0,2021-07-06,2021-09-17 00:00:00+00:00,Graduated,<=24,0.0,Unknown,Unknown,Unknown,0,0,0,0,0.0,0,0,0,0,0.0
1384,2021,1,2021.0,2021-07-06,2021-09-17 00:00:00+00:00,Graduated,<=24,0.0,Unknown,Unknown,Unknown,1,1,0,0,0.0,0,0,0,0,0.0
1384,2022,1,2021.0,2021-07-06,2021-09-17 00:00:00+00:00,Graduated,<=24,0.0,Unknown,Unknown,Unknown,1,1,0,0,0.0,0,0,0,0,0.0
1384,2023,1,2021.0,2021-07-06,2021-09-17 00:00:00+00:00,Graduated,<=24,0.0,Unknown,Unknown,Unknown,1,1,0,0,0.0,0,0,0,0,0.0
1384,2024,1,2021.0,2021-07-06,2021-09-17 00:00:00+00:00,Graduated,<=24,0.0,Unknown,Unknown,Unknown,1,1,0,0,0.0,0,0,0,0,0.0
1285,2017,1,2021.0,2020-12-07,2021-01-22 00:00:00+00:00,Graduated,<=24,0.0,Unknown,Unknown,Unknown,0,0,0,0,0.0,0,0,0,0,0.0
1285,2018,1,2021.0,2020-12-07,2021-01-22 00:00:00+00:00,Graduated,<=24,0.0,Unknown,Unknown,Unknown,0,0,0,0,0.0,0,0,0,0,0.0
1285,2019,1,2021.0,2020-12-07,2021-01-22 00:00:00+00:00,Graduated,<=24,0.0,Unknown,Unknown,Unknown,0,0,0,0,0.0,0,0,0,0,0.0
1285,2020,1,2021.0,2020-12-07,2021-01-22 00:00:00+00:00,Graduated,<=24,0.0,Unknown,Unknown,Unknown,0,0,0,0,0.0,0,0,0,0,0.0
1285,2021,1,2021.0,2020-12-07,2021-01-22 00:00:00+00:00,Graduated,<=24,0.0,Unknown,Unknown,Unknown,1,1,0,0,0.0,0,0,0,0,0.0
1285,2022,1,2021.0,2020-12-07,2021-01-22 00:00:00+00:00,Graduated,<=24,0.0,Unknown,Unknown,Unknown,1,1,0,0,0.0,0,0,0,0,0.0
1285,2023,1,2021.0,2020-12-07,2021-01-22 00:00:00+00:00,Graduated,<=24,0.0,Unknown,Unknown,Unknown,1,1,0,0,0.0,0,0,0,0,0.0
1285,2024,1,2021.0,2020-12-07,2021-01-22 00:00:00+00:00,Graduated,<=24,0.0,Unknown,Unknown,Unknown,1,1,0,0,0.0,0,0,0,0,0.0
734,2017,0,2018.0,2018-03-05,2018-03-29 00:00:00+00:00,Non Graduated,<=24,0.0,Unknown,Unknown,Unknown,0,0,0,0,0.0,0,0,0,0,0.0
734,2018,0,2018.0,2018-03-05,2018-03-29 00:00:00+00:00,Non Graduated,<=24,0.0,Unknown,Unknown,Unknown,1,0,0,0,0.0,0,0,0,0,0.0
734,2019,0,2018.0,2018-03-05,2018-03-29 00:00:00+00:00,Non Graduated,<=24,0.0,Unknown,Unknown,Unknown,1,0,0,0,0.0,0,0,0,0,0.0
734,2020,0,2018.0,2018-03-05,2018-03-29 00:00:00+00:00,Non Graduated,<=24,0.0,Unknown,Unknown,Unknown,1,0,0,0,0.0,0,0,0,0,0.0
734,2021,0,2018.0,2018-03-05,2018-03-29 00:00:00+00:00,Non Graduated,<=24,0.0,Unknown,Unknown,Unknown,1,0,0,0,0.0,0,0,0,0,0.0
734,2022,0,2018.0,2018-03-05,2018-03-29 00:00:00+00:00,Non Graduated,<=24,0.0,Unknown,Unknown,Unknown,1,0,0,0,0.0,0,0,0,0,0.0
734,2023,0,2018.0,2018-03-05,2018-03-29 00:00:00+00:00,Non Graduated,<=24,0.0,Unknown,Unknown,Unknown,1,0,0,0,0.0,0,0,0,0,0.0
734,2024,0,2018.0,2018-03-05,2018-03-29 00:00:00+00:00,Non Graduated,<=24,0.0,Unknown,Unknown,Unknown,1,0,0,0,0.0,0,0,0,0,0.0
1072,2017,1,2019.0,2019-09-30,2019-12-13 00:00:00+00:00,Graduated,<=24,0.0,Unknown,Unknown,Unknown,0,0,0,0,0.0,0,0,0,0,0.0
1072,2018,1,2019.0,2019-09-30,2019-12-13 00:00:00+00:00,Graduated,<=24,0.0,Unknown,Unknown,Unknown,0,0,0,0,0.0,0,0,0,0,0.0
1072,2019,1,2019.0,2019-09-30,2019-12-13 00:00:00+00:00,Graduated,<=24,0.0,Unknown,Unknown,Unknown,1,1,0,0,0.0,0,0,0,0,0.0
1072,2020,1,2019.0,2019-09-30,2019-12-13 00:00:00+00:00,Graduated,<=24,0.0,Unknown,Unknown,Unknown,1,1,0,0,0.0,0,0,0,0,0.0
1072,2021,1,2019.0,2019-09-30,2019-12-13 00:00:00+00:00,Graduated,<=24,0.0,Unknown,Unknown,Unknown,1,1,0,0,0.0,0,0,0,0,0.0
1072,2022,1,2019.0,2019-09-30,2019-12-13 00:00:00+00:00,Graduated,<=24,0.0,Unknown,Unknown,Unknown,1,1,0,0,0.0,0,0,0,0,0.0
1072,2023,1,2019.0,2019-09-30,2019-12-13 00:00:00+00:00,Graduated,<=24,0.0,Unknown,Unknown,Unknown,1,1,0,0,0.0,0,0,0,0,0.0
1072,2024,1,2019.0,2019-09-30,2019-12-13 00:00:00+00:00,Graduated,<=24,0.0,Unknown,Unknown,Unknown,1,1,0,0,0.0,0,0,0,0,0.0
915,2017,0,2019.0,2019-05-20,2019-05-22 00:00:00+00:00,Non Graduated,<=24,0.0,Unknown,Unknown,Unknown,0,0,0,0,0.0,0,0,0,0,0.0
915,2018,0,2019.0,2019-05-20,2019-05-22 00:00:00+00:00,Non Graduated,<=24,0.0,Unknown,Unknown,Unknown,0,0,0,0,0.0,0,0,0,0,0.0
915,2019,0,2019.0,2019-05-20,2019-05-22 00:00:00+00:00,Non Graduated,<=24,0.0,Unknown,Unknown,Unknown,1,0,0,1,21740.915545558524,0,0,0,0,0.0
915,2020,0,2019.0,2019-05-20,2019-05-22 00:00:00+00:00,Non Graduated,<=24,0.0,Unknown,Unknown,Unknown,1,0,0,1,13061.384925262917,0,0,0,0,0.0
915,2021,0,2019.0,2019-05-20,2019-05-22 00:00:00+00:00,Non Graduated,<=24,0.0,Unknown,Unknown,Unknown,1,0,0,1,8568.25834404379,0,0,0,0,0.0
915,2022,0,2019.0,2019-05-20,2019-05-22 00:00:00+00:00,Non Graduated,<=24,0.0,Unknown,Unknown,Unknown,1,0,0,1,17277.759972610733,0,0,0,0,0.0
915,2023,0,2019.0,2019-05-20,2019-05-22 00:00:00+00:00,Non Graduated,<=24,0.0,Unknown,Unknown,Unknown,1,0,0,1,25444.3311547527,0,0,0,0,0.0
915,2024,0,2019.0,2019-05-20,2019-05-22 00:00:00+00:00,Non Graduated,<=24,0.0,Unknown,Unknown,Unknown,1,0,0,1,24050.725659756143,0,0,0,0,0.0
1008,2017,1,2019.0,2019-06-17,2019-08-30 00:00:00+00:00,Graduated,<=24,0.0,Unknown,Unknown,Unknown,0,0,0,0,0.0,0,0,0,0,0.0
1008,2018,1,2019.0,2019-06-17,2019-08-30 00:00:00+00:00,Graduated,<=24,0.0,Unknown,Unknown,Unknown,0,0,0,0,0.0,0,0,0,0,0.0
1008,2019,1,2019.0,2019-06-17,2019-08-30 00:00:00+00:00,Graduated,<=24,0.0,Unknown,Unknown,Unknown,1,1,0,0,0.0,0,0,0,0,0.0
1008,2020,1,2019.0,2019-06-17,2019-08-30 00:00:00+00:00,Graduated,<=24,0.0,Unknown,Unknown,Unknown,1,1,0,0,0.0,0,0,0,0,0.0
1008,2021,1,2019.0,2019-06-17,2019-08-30 00:00:00+00:00,Graduated,<=24,0.0,Unknown,Unknown,Unknown,1,1,0,0,0.0,0,0,0,0,0.0
1008,2022,1,2019.0,2019-06-17,2019-08-30 00:00:00+00:00,Graduated,<=24,0.0,Unknown,Unknown,Unknown,1,1,0,0,0.0,0,0,0,0,0.0
1008,2023,1,2019.0,2019-06-17,2019-08-30 00:00:00+00:00,Graduated,<=24,0.0,Unknown,Unknown,Unknown,1,1,0,0,0.0,0,0,0,0,0.0
1008,2024,1,2019.0,2019-06-17,2019-08-30 00:00:00+00:00,Graduated,<=24,0.0,Unknown,Unknown,Unknown,1,1,0,0,0.0,0,0,0,0,0.0
1361,2017,1,2021.0,2021-05-10,2021-06-22 00:00:00+00:00,Graduated,25-34,0.0,Unknown,Unknown,Unknown,0,0,0,1,311.53477146241335,0,0,0,0,0.0
1361,2018,1,2021.0,2021-05-10,2021-06-22 00:00:00+00:00,Graduated,25-34,0.0,Unknown,Unknown,Unknown,0,0,0,1,370.3635952363,0,0,0,0,0.0
1361,2019,1,2021.0,2021-05-10,2021-06-22 00:00:00+00:00,Graduated,25-34,0.0,Unknown,Unknown,Unknown,0,0,0,1,3990.4030002268687,0,0,0,0,0.0
1361,2020,1,2021.0,2021-05-10,2021-06-22 00:00:00+00:00,Graduated,25-34,0.0,Unknown,Unknown,Unknown,0,0,1,1,23663.68216234218,0,0,0,0,0.0
1361,2021,1,2021.0,2021-05-10,2021-06-22 00:00:00+00:00,Graduated,25-34,0.0,Unknown,Unknown,Unknown,1,1,1,1,23514.468233547115,0,0,0,0,0.0
1361,2022,1,2021.0,2021-05-10,2021-06-22 00:00:00+00:00,Graduated,25-34,0.0,Unknown,Unknown,Unknown,1,1,1,1,18741.96055881646,0,0,0,0,0.0
1361,2023,1,2021.0,2021-05-10,2021-06-22 00:00:00+00:00,Graduated,25-34,0.0,Unknown,Unknown,Unknown,1,1,0,1,23655.933527838308,0,0,0,0,0.0
1361,2024,1,2021.0,2021-05-10,2021-06-22 00:00:00+00:00,Graduated,25-34,0.0,Unknown,Unknown,Unknown,1,1,0,1,28548.770614100576,0,0,0,0,0.0
1050,2017,0,2019.0,2019-09-03,2019-09-16 00:00:00+00:00,Non Graduated,25-34,0.0,Unknown,Unknown,Unknown,0,0,0,1,160.2675603183296,0,0,0,0,0.0
1050,2018,0,2019.0,2019-09-03,2019-09-16 00:00:00+00:00,Non Graduated,25-34,0.0,Unknown,Unknown,Unknown,0,0,0,1,2420.6580167592615,0,0,0,0,0.0
1050,2019,0,2019.0,2019-09-03,2019-09-16 00:00:00+00:00,Non Graduated,25-34,0.0,Unknown,Unknown,Unknown,1,0,0,0,0.0,0,0,0,0,0.0
1050,2020,0,2019.0,2019-09-03,2019-09-16 00:00:00+00:00,Non Graduated,25-34,0.0,Unknown,Unknown,Unknown,1,0,0,1,10003.57196001627,0,0,0,0,0.0
1050,2021,0,2019.0,2019-09-03,2019-09-16 00:00:00+00:00,Non Graduated,25-34,0.0,Unknown,Unknown,Unknown,1,0,1,1,16898.34540446754,0,0,0,0,0.0
1050,2022,0,2019.0,2019-09-03,2019-09-16 00:00:00+00:00,Non Graduated,25-34,0.0,Unknown,Unknown,Unknown,1,0,0,1,5650.291179530452,0,0,0,0,0.0
1050,2023,0,2019.0,2019-09-03,2019-09-16 00:00:00+00:00,Non Graduated,25-34,0.0,Unknown,Unknown,Unknown,1,0,0,0,0.0,0,0,0,0,0.0
1050,2024,0,2019.0,2019-09-03,2019-09-16 00:00:00+00:00,Non Graduated,25-34,0.0,Unknown,Unknown,Unknown,1,0,0,1,1131.5646128619953,0,0,0,0,0.0
903,2017,1,2019.0,2019-01-21,2019-03-15 00:00:00+00:00,Graduated,25-34,0.0,Unknown,Unknown,Unknown,0,0,0,0,0.0,0,0,1,1,0.0
903,2018,1,2019.0,2019-01-21,2019-03-15 00:00:00+00:00,Graduated,25-34,0.0,Unknown,Unknown,Unknown,0,0,0,1,4768.312083464866,0,0,1,1,0.0
903,2019,1,2019.0,2019-01-21,2019-03-15 00:00:00+00:00,Graduated,25-34,0.0,Unknown,Unknown,Unknown,1,1,0,1,908.5872613611882,0,0,1,1,0.0
903,2020,1,2019.0,2019-01-21,2019-03-15 00:00:00+00:00,Graduated,25-34,0.0,Unknown,Unknown,Unknown,1,1,0,0,0.0,0,0,1,1,0.0
903,2021,1,2019.0,2019-01-21,2019-03-15 00:00:00+00:00,Graduated,25-34,0.0,Unknown,Unknown,Unknown,1,1,0,1,15922.396560177298,0,0,1,1,0.0
903,2022,1,2019.0,2019-01-21,2019-03-15 00:00:00+00:00,Graduated,25-34,0.0,Unknown,Unknown,Unknown,1,1,1,1,29462.51355544618,0,0,1,1,0.0
903,2023,1,2019.0,2019-01-21,2019-03-15 00:00:00+00:00,Graduated,25-34,0.0,Unknown,Unknown,Unknown,1,1,1,1,61099.20468476796,0,0,1,1,0.0
903,2024,1,2019.0,2019-01-21,2019-03-15 00:00:00+00:00,Graduated,25-34,0.0,Unknown,Unknown,Unknown,1,1,0,1,75632.08706583755,0,0,1,1,0.0
1255,2017,0,2020.0,2020-09-21,2020-11-05 00:00:00+00:00,Non Graduated,25-34,0.0,Unknown,Unknown,Unknown,0,0,0,0,0.0,0,0,0,0,0.0
1255,2018,0,2020.0,2020-09-21,2020-11-05 00:00:00+00:00,Non Graduated,25-34,0.0,Unknown,Unknown,Unknown,0,0,0,0,0.0,0,0,0,0,0.0
1255,2019,0,2020.0,2020-09-21,2020-11-05 00:00:00+00:00,Non Graduated,25-34,0.0,Unknown,Unknown,Unknown,0,0,0,0,0.0,0,0,0,0,0.0
1255,2020,0,2020.0,2020-09-21,2020-11-05 00:00:00+00:00,Non Graduated,25-34,0.0,Unknown,Unknown,Unknown,1,0,0,0,0.0,0,0,0,0,0.0
1255,2021,0,2020.0,2020-09-21,2020-11-05 00:00:00+00:00,Non Graduated,25-34,0.0,Unknown,Unknown,Unknown,1,0,0,0,0.0,0,0,0,0,0.0
1255,2022,0,2020.0,2020-09-21,2020-11-05 00:00:00+00:00,Non Graduated,25-34,0.0,Unknown,Unknown,Unknown,1,0,0,1,9939.906807797424,0,0,0,0,0.0
1255,2023,0,2020.0,2020-09-21,2020-11-05 00:00:00+00:00,Non Graduated,25-34,0.0,Unknown,Unknown,Unknown,1,0,0,1,2488.626843716455,0,0,0,0,0.0
1255,2024,0,2020.0,2020-09-21,2020-11-05 00:00:00+00:00,Non Graduated,25-34,0.0,Unknown,Unknown,Unknown,1,0,0,0,0.0,0,0,0,0,0.0
1252,2017,0,2021.0,2021-02-22,2021-03-02 00:00:00+00:00,Non Graduated,25-34,0.0,Unknown,Unknown,Unknown,0,0,0,0,0.0,0,0,0,0,0.0
1252,2018,0,2021.0,2021-02-22,2021-03-02 00:00:00+00:00,Non Graduated,25-34,0.0,Unknown,Unknown,Unknown,0,0,0,0,0.0,0,0,0,0,0.0
1252,2019,0,2021.0,2021-02-22,2021-03-02 00:00:00+00:00,Non Graduated,25-34,0.0,Unknown,Unknown,Unknown,0,0,0,0,0.0,0,0,0,0,0.0
1252,2020,0,2021.0,2021-02-22,2021-03-02 00:00:00+00:00,Non Graduated,25-34,0.0,Unknown,Unknown,Unknown,0,0,0,0,0.0,0,0,0,0,0.0
1252,2021,0,2021.0,2021-02-22,2021-03-02 00:00:00+00:00,Non Graduated,25-34,0.0,Unknown,Unknown,Unknown,1,0,1,1,23484.122329573845,0,0,0,0,0.0
1252,2022,0,2021.0,2021-02-22,2021-03-02 00:00:00+00:00,Non Graduated,25-34,0.0,Unknown,Unknown,Unknown,1,0,0,1,4066.171627507652,0,0,0,0,0.0
1252,2023,0,2021.0,2021-02-22,2021-03-02 00:00:00+00:00,Non Graduated,25-34,0.0,Unknown,Unknown,Unknown,1,0,0,0,0.0,0,0,0,0,0.0
1252,2024,0,2021.0,2021-02-22,2021-03-02 00:00:00+00:00,Non Graduated,25-34,0.0,Unknown,Unknown,Unknown,1,0,0,0,0.0,0,0,0,0,0.0
880,2017,1,2019.0,2018-11-26,2019-02-08 00:00:00+00:00,Graduated,25-34,0.0,Unknown,Unknown,Unknown,0,0,0,0,0.0,0,0,0,0,0.0
880,2018,1,2019.0,2018-11-26,2019-02-08 00:00:00+00:00,Graduated,25-34,0.0,Unknown,Unknown,Unknown,0,0,0,0,0.0,0,0,0,0,0.0
880,2019,1,2019.0,2018-11-26,2019-02-08 00:00:00+00:00,Graduated,25-34,0.0,Unknown,Unknown,Unknown,1,1,0,0,0.0,1,1,1,0,0.0
880,2020,1,2019.0,2018-11-26,2019-02-08 00:00:00+00:00,Graduated,25-34,0.0,Unknown,Unknown,Unknown,1,1,0,0,0.0,0,0,1,1,0.0
880,2021,1,2019.0,2018-11-26,2019-02-08 00:00:00+00:00,Graduated,25-34,0.0,Unknown,Unknown,Unknown,1,1,0,0,0.0,0,0,1,1,0.0
880,2022,1,2019.0,2018-11-26,2019-02-08 00:00:00+00:00,Graduated,25-34,0.0,Unknown,Unknown,Unknown,1,1,0,0,0.0,0,0,1,1,0.0
880,2023,1,2019.0,2018-11-26,2019-02-08 00:00:00+00:00,Graduated,25-34,0.0,Unknown,Unknown,Unknown,1,1,0,0,0.0,0,0,1,1,0.0
880,2024,1,2019.0,2018-11-26,2019-02-08 00:00:00+00:00,Graduated,25-34,0.0,Unknown,Unknown,Unknown,1,1,0,0,0.0,0,0,1,1,0.0
991,2017,1,2019.0,2019-05-28,2019-06-08 00:00:00+00:00,Graduated,25-34,0.0,Unknown,Unknown,Unknown,0,0,0,0,0.0,0,0,0,0,0.0
991,2018,1,2019.0,2019-05-28,2019-06-08 00:00:00+00:00,Graduated,25-34,0.0,Unknown,Unknown,Unknown,0,0,0,0,0.0,0,0,0,0,0.0
991,2019,1,2019.0,2019-05-28,2019-06-08 00:00:00+00:00,Graduated,25-34,0.0,Unknown,Unknown,Unknown,1,1,0,1,20054.97060549487,0,0,0,0,0.0
991,2020,1,2019.0,2019-05-28,2019-06-08 00:00:00+00:00,Graduated,25-34,0.0,Unknown,Unknown,Unknown,1,1,1,1,43130.093283958326,0,0,0,0,0.0
991,2021,1,2019.0,2019-05-28,2019-06-08 00:00:00+00:00,Graduated,25-34,0.0,Unknown,Unknown,Unknown,1,1,1,1,51576.308253342904,0,0,0,0,0.0
991,2022,1,2019.0,2019-05-28,2019-06-08 00:00:00+00:00,Graduated,25-34,0.0,Unknown,Unknown,Unknown,1,1,0,1,29676.777906499014,0,0,0,0,0.0
991,2023,1,2019.0,2019-05-28,2019-06-08 00:00:00+00:00,Graduated,25-34,0.0,Unknown,Unknown,Unknown,1,1,0,1,909.5815234754486,0,0,0,0,0.0
991,2024,1,2019.0,2019-05-28,2019-06-08 00:00:00+00:00,Graduated,25-34,0.0,Unknown,Unknown,Unknown,1,1,0,1,29234.029937164647,0,0,0,0,0.0
1413,2017,0,2021.0,2021-08-23,2021-10-29 00:00:00+00:00,Non Graduated,25-34,0.0,Unknown,Unknown,Unknown,0,0,0,0,0.0,0,0,0,0,0.0
1413,2018,0,2021.0,2021-08-23,2021-10-29 00:00:00+00:00,Non Graduated,25-34,0.0,Unknown,Unknown,Unknown,0,0,0,0,0.0,0,0,0,0,0.0
1413,2019,0,2021.0,2021-08-23,2021-10-29 00:00:00+00:00,Non Graduated,25-34,0.0,Unknown,Unknown,Unknown,0,0,0,1,1715.9790360015556,0,0,0,0,0.0
1413,2020,0,2021.0,2021-08-23,2021-10-29 00:00:00+00:00,Non Graduated,25-34,0.0,Unknown,Unknown,Unknown,0,0,0,1,737.1358253819604,0,0,0,0,0.0
1413,2021,0,2021.0,2021-08-23,2021-10-29 00:00:00+00:00,Non Graduated,25-34,0.0,Unknown,Unknown,Unknown,1,0,0,1,2728.373940890747,0,0,0,0,0.0
1413,2022,0,2021.0,2021-08-23,2021-10-29 00:00:00+00:00,Non Graduated,25-34,0.0,Unknown,Unknown,Unknown,1,0,0,1,14212.089760856235,0,0,0,0,0.0
1413,2023,0,2021.0,2021-08-23,2021-10-29 00:00:00+00:00,Non Graduated,25-34,0.0,Unknown,Unknown,Unknown,1,0,1,1,15117.783915066228,0,0,0,0,0.0
1413,2024,0,2021.0,2021-08-23,2021-10-29 00:00:00+00:00,Non Graduated,25-34,0.0,Unknown,Unknown,Unknown,1,0,0,1,12912.1186310197,0,0,0,0,0.0
1409,2017,1,2021.0,2021-08-30,2021-11-05 00:00:00+00:00,Graduated,25-34,0.0,Unknown,Unknown,Unknown,0,0,0,0,0.0,0,0,0,0,0.0
1409,2018,1,2021.0,2021-08-30,2021-11-05 00:00:00+00:00,Graduated,25-34,0.0,Unknown,Unknown,Unknown,0,0,0,0,0.0,0,0,0,0,0.0
1409,2019,1,2021.0,2021-08-30,2021-11-05 00:00:00+00:00,Graduated,25-34,0.0,Unknown,Unknown,Unknown,0,0,0,0,0.0,0,0,0,0,0.0
1409,2020,1,2021.0,2021-08-30,2021-11-05 00:00:00+00:00,Graduated,25-34,0.0,Unknown,Unknown,Unknown,0,0,0,0,0.0,0,0,0,0,0.0
1409,2021,1,2021.0,2021-08-30,2021-11-05 00:00:00+00:00,Graduated,25-34,0.0,Unknown,Unknown,Unknown,1,1,0,0,0.0,0,0,0,0,0.0
1409,2022,1,2021.0,2021-08-30,2021-11-05 00:00:00+00:00,Graduated,25-34,0.0,Unknown,Unknown,Unknown,1,1,0,1,15676.559443402577,0,0,0,0,0.0
1409,2023,1,2021.0,2021-08-30,2021-11-05 00:00:00+00:00,Graduated,25-34,0.0,Unknown,Unknown,Unknown,1,1,1,1,54469.62556256329,0,0,0,0,0.0
1409,2024,1,2021.0,2021-08-30,2021-11-05 00:00:00+00:00,Graduated,25-34,0.0,Unknown,Unknown,Unknown,1,1,0,1,34223.73899640061,0,0,0,0,0.0
738,2017,1,2018.0,2018-03-12,2018-06-25 00:00:00+00:00,Graduated,25-34,0.0,Unknown,Unknown,Unknown,0,0,0,1,8889.846387089136,0,0,0,0,0.0
738,2018,1,2018.0,2018-03-12,2018-06-25 00:00:00+00:00,Graduated,25-34,0.0,Unknown,Unknown,Unknown,1,1,0,1,2212.1003610194516,0,0,0,0,0.0
738,2019,1,2018.0,2018-03-12,2018-06-25 00:00:00+00:00,Graduated,25-34,0.0,Unknown,Unknown,Unknown,1,1,0,1,5627.971040218257,0,0,0,0,0.0
738,2020,1,2018.0,2018-03-12,2018-06-25 00:00:00+00:00,Graduated,25-34,0.0,Unknown,Unknown,Unknown,1,1,0,1,1795.2268633337685,0,0,0,0,0.0
738,2021,1,2018.0,2018-03-12,2018-06-25 00:00:00+00:00,Graduated,25-34,0.0,Unknown,Unknown,Unknown,1,1,0,1,8636.407295693021,0,0,0,0,0.0
738,2022,1,2018.0,2018-03-12,2018-06-25 00:00:00+00:00,Graduated,25-34,0.0,Unknown,Unknown,Unknown,1,1,1,1,23914.312090272444,0,0,0,0,0.0
738,2023,1,2018.0,2018-03-12,2018-06-25 00:00:00+00:00,Graduated,25-34,0.0,Unknown,Unknown,Unknown,1,1,1,1,36574.56542071496,0,0,0,0,0.0
738,2024,1,2018.0,2018-03-12,2018-06-25 00:00:00+00:00,Graduated,25-34,0.0,Unknown,Unknown,Unknown,1,1,0,1,25560.128707933858,0,0,0,0,0.0
828,2017,1,2018.0,2018-08-20,2018-11-09 00:00:00+00:00,Graduated,25-34,0.0,Unknown,Unknown,Unknown,0,0,0,1,932.5435529958572,0,0,0,0,0.0
828,2018,1,2018.0,2018-08-20,2018-11-09 00:00:00+00:00,Graduated,25-34,0.0,Unknown,Unknown,Unknown,1,1,0,0,0.0,0,0,0,0,0.0
828,2019,1,2018.0,2018-08-20,2018-11-09 00:00:00+00:00,Graduated,25-34,0.0,Unknown,Unknown,Unknown,1,1,0,1,13476.377894264828,0,0,0,0,0.0
828,2020,1,2018.0,2018-08-20,2018-11-09 00:00:00+00:00,Graduated,25-34,0.0,Unknown,Unknown,Unknown,1,1,0,0,0.0,0,0,0,0,0.0
828,2021,1,2018.0,2018-08-20,2018-11-09 00:00:00+00:00,Graduated,25-34,0.0,Unknown,Unknown,Unknown,1,1,0,1,8444.172961456517,0,0,0,0,0.0
828,2022,1,2018.0,2018-08-20,2018-11-09 00:00:00+00:00,Graduated,25-34,0.0,Unknown,Unknown,Unknown,1,1,1,1,37020.23967773617,0,0,0,0,0.0
828,2023,1,2018.0,2018-08-20,2018-11-09 00:00:00+00:00,Graduated,25-34,0.0,Unknown,Unknown,Unknown,1,1,1,1,40274.8675172201,1,1,1,0,0.0
828,2024,1,2018.0,2018-08-20,2018-11-09 00:00:00+00:00,Graduated,25-34,0.0,Unknown,Unknown,Unknown,1,1,0,1,37714.63422016411,0,0,1,1,0.0
1012,2017,0,2019.0,2019-06-17,2019-06-18 00:00:00+00:00,Non Graduated,25-34,0.0,Unknown,Unknown,Unknown,0,0,0,1,10045.010803010719,0,0,0,0,0.0
1012,2018,0,2019.0,2019-06-17,2019-06-18 00:00:00+00:00,Non Graduated,25-34,0.0,Unknown,Unknown,Unknown,0,0,0,1,1651.7074272851514,0,0,0,0,0.0
1012,2019,0,2019.0,2019-06-17,2019-06-18 00:00:00+00:00,Non Graduated,25-34,0.0,Unknown,Unknown,Unknown,1,0,0,1,6437.92886154731,0,0,0,0,0.0
1012,2020,0,2019.0,2019-06-17,2019-06-18 00:00:00+00:00,Non Graduated,25-34,0.0,Unknown,Unknown,Unknown,1,0,1,1,21109.975726371376,0,0,0,0,0.0
1012,2021,0,2019.0,2019-06-17,2019-06-18 00:00:00+00:00,Non Graduated,25-34,0.0,Unknown,Unknown,Unknown,1,0,1,1,44764.865609998364,0,0,0,0,0.0
1012,2022,0,2019.0,2019-06-17,2019-06-18 00:00:00+00:00,Non Graduated,25-34,0.0,Unknown,Unknown,Unknown,1,0,0,1,37669.89549476436,0,0,0,0,0.0
1012,2023,0,2019.0,2019-06-17,2019-06-18 00:00:00+00:00,Non Graduated,25-34,0.0,Unknown,Unknown,Unknown,1,0,0,1,35574.074248797384,0,0,0,0,0.0
1012,2024,0,2019.0,2019-06-17,2019-06-18 00:00:00+00:00,Non Graduated,25-34,0.0,Unknown,Unknown,Unknown,1,0,0,1,23696.329685351586,0,0,0,0,0.0
894,2017,0,2019.0,2018-12-17,2019-01-07 00:00:00+00:00,Non Graduated,25-34,0.0,Unknown,Unknown,Unknown,0,0,0,1,1791.499955202226,4,1,1,0,0.0
894,2018,0,2019.0,2018-12-17,2019-01-07 00:00:00+00:00,Non Graduated,25-34,0.0,Unknown,Unknown,Unknown,0,0,0,1,4173.940117568066,6,1,1,1,0.0
894,2019,0,2019.0,2018-12-17,2019-01-07 00:00:00+00:00,Non Graduated,25-34,0.0,Unknown,Unknown,Unknown,1,0,0,1,7846.460941843158,1,1,1,1,0.0
894,2020,0,2019.0,2018-12-17,2019-01-07 00:00:00+00:00,Non Graduated,25-34,0.0,Unknown,Unknown,Unknown,1,0,0,1,639.0309978110531,0,0,1,1,0.0
894,2021,0,2019.0,2018-12-17,2019-01-07 00:00:00+00:00,Non Graduated,25-34,0.0,Unknown,Unknown,Unknown,1,0,0,1,807.8045709858609,0,0,1,1,0.0
894,2022,0,2019.0,2018-12-17,2019-01-07 00:00:00+00:00,Non Graduated,25-34,0.0,Unknown,Unknown,Unknown,1,0,0,1,1904.8474456007568,3,1,1,1,0.0
894,2023,0,2019.0,2018-12-17,2019-01-07 00:00:00+00:00,Non Graduated,25-34,0.0,Unknown,Unknown,Unknown,1,0,0,1,2210.9576892319483,0,0,1,1,0.0
894,2024,0,2019.0,2018-12-17,2019-01-07 00:00:00+00:00,Non Graduated,25-34,0.0,Unknown,Unknown,Unknown,1,0,0,1,308.1465812020542,0,0,1,1,0.0
1115,2017,1,2020.0,2019-12-09,2020-07-03 00:00:00+00:00,Graduated,35+,0.0,Unknown,Unknown,Unknown,0,0,0,0,0.0,0,0,0,0,0.0
1115,2018,1,2020.0,2019-12-09,2020-07-03 00:00:00+00:00,Graduated,35+,0.0,Unknown,Unknown,Unknown,0,0,0,0,0.0,0,0,0,0,0.0
1115,2019,1,2020.0,2019-12-09,2020-07-03 00:00:00+00:00,Graduated,35+,0.0,Unknown,Unknown,Unknown,0,0,0,1,611.8988835650388,0,0,0,0,0.0
1115,2020,1,2020.0,2019-12-09,2020-07-03 00:00:00+00:00,Graduated,35+,0.0,Unknown,Unknown,Unknown,1,1,0,1,2174.675368750816,1,1,1,0,0.0
1115,2021,1,2020.0,2019-12-09,2020-07-03 00:00:00+00:00,Graduated,35+,0.0,Unknown,Unknown,Unknown,1,1,0,1,3373.205478447304,0,0,1,1,0.0
1115,2022,1,2020.0,2019-12-09,2020-07-03 00:00:00+00:00,Graduated,35+,0.0,Unknown,Unknown,Unknown,1,1,0,1,3378.129470433262,0,0,1,1,0.0
1115,2023,1,2020.0,2019-12-09,2020-07-03 00:00:00+00:00,Graduated,35+,0.0,Unknown,Unknown,Unknown,1,1,1,1,9650.367944601385,0,0,1,1,0.0
1115,2024,1,2020.0,2019-12-09,2020-07-03 00:00:00+00:00,Graduated,35+,0.0,Unknown,Unknown,Unknown,1,1,0,0,0.0,0,0,1,1,0.0
650,2017,0,2022.0,2017-09-18,2022-06-27 00:00:00+00:00,Non Graduated,<=24,0.0,Unknown,Unknown,Unknown,0,0,0,0,0.0,0,0,0,0,0.0
650,2018,0,2022.0,2017-09-18,2022-06-27 00:00:00+00:00,Non Graduated,<=24,0.0,Unknown,Unknown,Unknown,0,0,0,1,7891.2522353432605,0,0,0,0,0.0
650,2019,0,2022.0,2017-09-18,2022-06-27 00:00:00+00:00,Non Graduated,<=24,0.0,Unknown,Unknown,Unknown,0,0,1,1,9636.396095146769,0,0,0,0,0.0
650,2020,0,2022.0,2017-09-18,2022-06-27 00:00:00+00:00,Non Graduated,<=24,0.0,Unknown,Unknown,Unknown,0,0,0,1,301.311275981636,0,0,0,0,0.0
650,2021,0,2022.0,2017-09-18,2022-06-27 00:00:00+00:00,Non Graduated,<=24,0.0,Unknown,Unknown,Unknown,0,0,0,0,0.0,0,0,0,0,0.0
650,2022,0,2022.0,2017-09-18,2022-06-27 00:00:00+00:00,Non Graduated,<=24,0.0,Unknown,Unknown,Unknown,1,0,0,0,0.0,0,0,0,0,0.0
650,2023,0,2022.0,2017-09-18,2022-06-27 00:00:00+00:00,Non Graduated,<=24,0.0,Unknown,Unknown,Unknown,1,0,0,0,0.0,0,0,0,0,0.0
650,2024,0,2022.0,2017-09-18,2022-06-27 00:00:00+00:00,Non Graduated,<=24,0.0,Unknown,Unknown,Unknown,1,0,0,0,0.0,0,0,0,0,0.0
1160,2017,0,2020.0,2020-02-26,2020-03-02 00:00:00+00:00,Non Graduated,<=24,0.0,Unknown,Unknown,Unknown,0,0,0,0,0.0,0,0,0,0,0.0
1160,2018,0,2020.0,2020-02-26,2020-03-02 00:00:00+00:00,Non Graduated,<=24,0.0,Unknown,Unknown,Unknown,0,0,0,0,0.0,0,0,0,0,0.0
1160,2019,0,2020.0,2020-02-26,2020-03-02 00:00:00+00:00,Non Graduated,<=24,0.0,Unknown,Unknown,Unknown,0,0,0,0,0.0,0,0,0,0,0.0
1160,2020,0,2020.0,2020-02-26,2020-03-02 00:00:00+00:00,Non Graduated,<=24,0.0,Unknown,Unknown,Unknown,1,0,0,1,714.6419087136929,0,0,0,0,0.0
1160,2021,0,2020.0,2020-02-26,2020-03-02 00:00:00+00:00,Non Graduated,<=24,0.0,Unknown,Unknown,Unknown,1,0,1,1,21981.61037231315,0,0,0,0,0.0
1160,2022,0,2020.0,2020-02-26,2020-03-02 00:00:00+00:00,Non Graduated,<=24,0.0,Unknown,Unknown,Unknown,1,0,1,1,22010.445396224273,0,0,0,0,0.0
1160,2023,0,2020.0,2020-02-26,2020-03-02 00:00:00+00:00,Non Graduated,<=24,0.0,Unknown,Unknown,Unknown,1,0,0,1,5696.241085458327,0,0,0,0,0.0
1160,2024,0,2020.0,2020-02-26,2020-03-02 00:00:00+00:00,Non Graduated,<=24,0.0,Unknown,Unknown,Unknown,1,0,0,1,5425.247014847303,0,0,0,0,0.0
801,2017,1,2018.0,2018-07-10,2018-09-21 00:00:00+00:00,Graduated,<=24,0.0,Unknown,Unknown,Unknown,0,0,0,0,0.0,0,0,0,0,0.0
801,2018,1,2018.0,2018-07-10,2018-09-21 00:00:00+00:00,Graduated,<=24,0.0,Unknown,Unknown,Unknown,1,1,0,0,0.0,0,0,0,0,0.0
801,2019,1,2018.0,2018-07-10,2018-09-21 00:00:00+00:00,Graduated,<=24,0.0,Unknown,Unknown,Unknown,1,1,0,0,0.0,0,0,0,0,0.0
801,2020,1,2018.0,2018-07-10,2018-09-21 00:00:00+00:00,Graduated,<=24,0.0,Unknown,Unknown,Unknown,1,1,0,0,0.0,0,0,0,0,0.0
801,2021,1,2018.0,2018-07-10,2018-09-21 00:00:00+00:00,Graduated,<=24,0.0,Unknown,Unknown,Unknown,1,1,0,1,2118.0525985834256,0,0,0,0,0.0
801,2022,1,2018.0,2018-07-10,2018-09-21 00:00:00+00:00,Graduated,<=24,0.0,Unknown,Unknown,Unknown,1,1,0,0,0.0,0,0,0,0,0.0
801,2023,1,2018.0,2018-07-10,2018-09-21 00:00:00+00:00,Graduated,<=24,0.0,Unknown,Unknown,Unknown,1,1,0,0,0.0,0,0,0,0,0.0
801,2024,1,2018.0,2018-07-10,2018-09-21 00:00:00+00:00,Graduated,<=24,0.0,Unknown,Unknown,Unknown,1,1,0,0,0.0,0,0,0,0,0.0
1468,2017,0,2021.0,2021-11-15,2021-02-11 00:00:00+00:00,Non Graduated,<=24,0.0,Unknown,Unknown,Unknown,0,0,0,0,0.0,0,0,0,0,0.0
1468,2018,0,2021.0,2021-11-15,2021-02-11 00:00:00+00:00,Non Graduated,<=24,0.0,Unknown,Unknown,Unknown,0,0,0,0,0.0,0,0,0,0,0.0
1468,2019,0,2021.0,2021-11-15,2021-02-11 00:00:00+00:00,Non Graduated,<=24,0.0,Unknown,Unknown,Unknown,0,0,0,0,0.0,0,0,0,0,0.0
1468,2020,0,2021.0,2021-11-15,2021-02-11 00:00:00+00:00,Non Graduated,<=24,0.0,Unknown,Unknown,Unknown,0,0,0,0,0.0,0,0,0,0,0.0
1468,2021,0,2021.0,2021-11-15,2021-02-11 00:00:00+00:00,Non Graduated,<=24,0.0,Unknown,Unknown,Unknown,1,0,0,0,0.0,0,0,0,0,0.0
1468,2022,0,2021.0,2021-11-15,2021-02-11 00:00:00+00:00,Non Graduated,<=24,0.0,Unknown,Unknown,Unknown,1,0,0,0,0.0,0,0,0,0,0.0
1468,2023,0,2021.0,2021-11-15,2021-02-11 00:00:00+00:00,Non Graduated,<=24,0.0,Unknown,Unknown,Unknown,1,0,0,0,0.0,0,0,0,0,0.0
1468,2024,0,2021.0,2021-11-15,2021-02-11 00:00:00+00:00,Non Graduated,<=24,0.0,Unknown,Unknown,Unknown,1,0,0,0,0.0,0,0,0,0,0.0
1120,2017,1,2020.0,2019-12-16,2020-03-06 00:00:00+00:00,Graduated,<=24,0.0,Unknown,Unknown,Unknown,0,0,0,0,0.0,0,0,0,0,0.0
1120,2018,1,2020.0,2019-12-16,2020-03-06 00:00:00+00:00,Graduated,<=24,0.0,Unknown,Unknown,Unknown,0,0,0,0,0.0,0,0,0,0,0.0
1120,2019,1,2020.0,2019-12-16,2020-03-06 00:00:00+00:00,Graduated,<=24,0.0,Unknown,Unknown,Unknown,0,0,0,0,0.0,0,0,0,0,0.0
1120,2020,1,2020.0,2019-12-16,2020-03-06 00:00:00+00:00,Graduated,<=24,0.0,Unknown,Unknown,Unknown,1,1,0,1,14307.829051167711,0,0,0,0,0.0
1120,2021,1,2020.0,2019-12-16,2020-03-06 00:00:00+00:00,Graduated,<=24,0.0,Unknown,Unknown,Unknown,1,1,0,1,16192.754392021961,0,0,0,0,0.0
1120,2022,1,2020.0,2019-12-16,2020-03-06 00:00:00+00:00,Graduated,<=24,0.0,Unknown,Unknown,Unknown,1,1,0,0,0.0,0,0,0,0,0.0
1120,2023,1,2020.0,2019-12-16,2020-03-06 00:00:00+00:00,Graduated,<=24,0.0,Unknown,Unknown,Unknown,1,1,1,1,28760.096064973357,0,0,0,0,0.0
1120,2024,1,2020.0,2019-12-16,2020-03-06 00:00:00+00:00,Graduated,<=24,0.0,Unknown,Unknown,Unknown,1,1,0,1,9781.297181258815,0,0,0,0,0.0
1142,2017,1,2020.0,2020-01-27,2020-06-16 00:00:00+00:00,Graduated,<=24,0.0,Unknown,Unknown,Unknown,0,0,0,0,0.0,0,0,0,0,0.0
1142,2018,1,2020.0,2020-01-27,2020-06-16 00:00:00+00:00,Graduated,<=24,0.0,Unknown,Unknown,Unknown,0,0,0,0,0.0,0,0,0,0,0.0
1142,2019,1,2020.0,2020-01-27,2020-06-16 00:00:00+00:00,Graduated,<=24,0.0,Unknown,Unknown,Unknown,0,0,0,0,0.0,0,0,0,0,0.0
1142,2020,1,2020.0,2020-01-27,2020-06-16 00:00:00+00:00,Graduated,<=24,0.0,Unknown,Unknown,Unknown,1,1,0,0,0.0,0,0,0,0,0.0
1142,2021,1,2020.0,2020-01-27,2020-06-16 00:00:00+00:00,Graduated,<=24,0.0,Unknown,Unknown,Unknown,1,1,0,0,0.0,3,1,1,0,0.0
1142,2022,1,2020.0,2020-01-27,2020-06-16 00:00:00+00:00,Graduated,<=24,0.0,Unknown,Unknown,Unknown,1,1,0,1,1038.3371597421806,0,0,1,1,0.0
1142,2023,1,2020.0,2020-01-27,2020-06-16 00:00:00+00:00,Graduated,<=24,0.0,Unknown,Unknown,Unknown,1,1,0,0,0.0,0,0,1,1,0.0
1142,2024,1,2020.0,2020-01-27,2020-06-16 00:00:00+00:00,Graduated,<=24,0.0,Unknown,Unknown,Unknown,1,1,0,1,479.62158032943415,0,0,1,1,0.0
655,2017,0,2021.0,2021-06-03,2021-06-11 00:00:00+00:00,Non Graduated,<=24,0.0,Unknown,Unknown,Unknown,0,0,0,1,5866.580949522155,0,0,1,1,0.0
655,2018,0,2021.0,2021-06-03,2021-06-11 00:00:00+00:00,Non Graduated,<=24,0.0,Unknown,Unknown,Unknown,0,0,0,1,4534.661578113547,0,0,1,1,0.0
655,2019,0,2021.0,2021-06-03,2021-06-11 00:00:00+00:00,Non Graduated,<=24,0.0,Unknown,Unknown,Unknown,0,0,0,0,0.0,0,0,1,1,0.0
655,2020,0,2021.0,2021-06-03,2021-06-11 00:00:00+00:00,Non Graduated,<=24,0.0,Unknown,Unknown,Unknown,0,0,0,0,0.0,0,0,1,1,0.0
655,2021,0,2021.0,2021-06-03,2021-06-11 00:00:00+00:00,Non Graduated,<=24,0.0,Unknown,Unknown,Unknown,1,0,0,0,0.0,0,0,1,1,0.0
655,2022,0,2021.0,2021-06-03,2021-06-11 00:00:00+00:00,Non Graduated,<=24,0.0,Unknown,Unknown,Unknown,1,0,0,0,0.0,0,0,1,1,0.0
655,2023,0,2021.0,2021-06-03,2021-06-11 00:00:00+00:00,Non Graduated,<=24,0.0,Unknown,Unknown,Unknown,1,0,0,0,0.0,0,0,1,1,0.0
655,2024,0,2021.0,2021-06-03,2021-06-11 00:00:00+00:00,Non Graduated,<=24,0.0,Unknown,Unknown,Unknown,1,0,0,0,0.0,0,0,1,1,0.0
1280,2017,1,2021.0,2020-11-16,2021-01-22 00:00:00+00:00,Graduated,<=24,0.0,Unknown,Unknown,Unknown,0,0,0,0,0.0,0,0,0,0,0.0
1280,2018,1,2021.0,2020-11-16,2021-01-22 00:00:00+00:00,Graduated,<=24,0.0,Unknown,Unknown,Unknown,0,0,0,0,0.0,0,0,0,0,0.0
1280,2019,1,2021.0,2020-11-16,2021-01-22 00:00:00+00:00,Graduated,<=24,0.0,Unknown,Unknown,Unknown,0,0,0,0,0.0,0,0,0,0,0.0
1280,2020,1,2021.0,2020-11-16,2021-01-22 00:00:00+00:00,Graduated,<=24,0.0,Unknown,Unknown,Unknown,0,0,0,0,0.0,0,0,0,0,0.0
1280,2021,1,2021.0,2020-11-16,2021-01-22 00:00:00+00:00,Graduated,<=24,0.0,Unknown,Unknown,Unknown,1,1,0,1,9777.274675005034,0,0,0,0,0.0
1280,2022,1,2021.0,2020-11-16,2021-01-22 00:00:00+00:00,Graduated,<=24,0.0,Unknown,Unknown,Unknown,1,1,0,0,0.0,0,0,0,0,0.0
1280,2023,1,2021.0,2020-11-16,2021-01-22 00:00:00+00:00,Graduated,<=24,0.0,Unknown,Unknown,Unknown,1,1,0,0,0.0,0,0,0,0,0.0
1280,2024,1,2021.0,2020-11-16,2021-01-22 00:00:00+00:00,Graduated,<=24,0.0,Unknown,Unknown,Unknown,1,1,0,0,0.0,0,0,0,0,0.0
1826,2017,0,2023.0,2023-04-24,2023-07-05 00:00:00+00:00,Non Graduated,25-34,1.0,Unknown,Unknown,Unknown,0,0,0,1,5650.134820512092,0,0,1,1,0.0
1826,2018,0,2023.0,2023-04-24,2023-07-05 00:00:00+00:00,Non Graduated,25-34,1.0,Unknown,Unknown,Unknown,0,0,0,1,8925.18582985611,0,0,1,1,0.0
1826,2019,0,2023.0,2023-04-24,2023-07-05 00:00:00+00:00,Non Graduated,25-34,1.0,Unknown,Unknown,Unknown,0,0,0,1,5839.335119571315,0,0,1,1,0.0
1826,2020,0,2023.0,2023-04-24,2023-07-05 00:00:00+00:00,Non Graduated,25-34,1.0,Unknown,Unknown,Unknown,0,0,0,0,0.0,0,0,1,1,0.0
1826,2021,0,2023.0,2023-04-24,2023-07-05 00:00:00+00:00,Non Graduated,25-34,1.0,Unknown,Unknown,Unknown,0,0,0,0,0.0,0,0,1,1,0.0
1826,2022,0,2023.0,2023-04-24,2023-07-05 00:00:00+00:00,Non Graduated,25-34,1.0,Unknown,Unknown,Unknown,0,0,0,1,767.5330920999435,0,0,1,1,0.0
1826,2023,0,2023.0,2023-04-24,2023-07-05 00:00:00+00:00,Non Graduated,25-34,1.0,Unknown,Unknown,Unknown,1,0,0,1,5089.5956510554215,0,0,1,1,0.0
1826,2024,0,2023.0,2023-04-24,2023-07-05 00:00:00+00:00,Non Graduated,25-34,1.0,Unknown,Unknown,Unknown,1,0,0,1,17902.003126186435,0,0,1,1,0.0
1921,2017,1,2023.0,2023-09-05,2023-12-15 00:00:00+00:00,Graduated,25-34,1.0,Unknown,Unknown,Unknown,0,0,0,1,895.6827488709905,1,1,1,0,0.0
1921,2018,1,2023.0,2023-09-05,2023-12-15 00:00:00+00:00,Graduated,25-34,1.0,Unknown,Unknown,Unknown,0,0,0,1,255.39117870661892,0,0,1,1,0.0
1921,2019,1,2023.0,2023-09-05,2023-12-15 00:00:00+00:00,Graduated,25-34,1.0,Unknown,Unknown,Unknown,0,0,0,0,0.0,0,0,1,1,0.0
1921,2020,1,2023.0,2023-09-05,2023-12-15 00:00:00+00:00,Graduated,25-34,1.0,Unknown,Unknown,Unknown,0,0,0,1,2726.3704188594247,1,1,1,1,0.0
1921,2021,1,2023.0,2023-09-05,2023-12-15 00:00:00+00:00,Graduated,25-34,1.0,Unknown,Unknown,Unknown,0,0,0,1,216.18942475305053,0,0,1,1,0.0
1921,2022,1,2023.0,2023-09-05,2023-12-15 00:00:00+00:00,Graduated,25-34,1.0,Unknown,Unknown,Unknown,0,0,0,1,272.9491792674052,0,0,1,1,0.0
1921,2023,1,2023.0,2023-09-05,2023-12-15 00:00:00+00:00,Graduated,25-34,1.0,Unknown,Unknown,Unknown,1,1,0,0,0.0,0,0,1,1,1.0
1921,2024,1,2023.0,2023-09-05,2023-12-15 00:00:00+00:00,Graduated,25-34,1.0,Unknown,Unknown,Unknown,1,1,0,0,0.0,0,0,1,1,1.0
1673,2017,0,2024.0,2024-02-12,2024-04-12 00:00:00+00:00,Non Graduated,<=24,1.0,Unknown,Unknown,Unknown,0,0,0,1,4632.897052082802,0,0,0,0,0.0
1673,2018,0,2024.0,2024-02-12,2024-04-12 00:00:00+00:00,Non Graduated,<=24,1.0,Unknown,Unknown,Unknown,0,0,0,1,298.999743996797,0,0,0,0,0.0
1673,2019,0,2024.0,2024-02-12,2024-04-12 00:00:00+00:00,Non Graduated,<=24,1.0,Unknown,Unknown,Unknown,0,0,0,1,1518.6436795297268,0,0,0,0,0.0
1673,2020,0,2024.0,2024-02-12,2024-04-12 00:00:00+00:00,Non Graduated,<=24,1.0,Unknown,Unknown,Unknown,0,0,1,1,12845.017242273254,0,0,0,0,0.0
1673,2021,0,2024.0,2024-02-12,2024-04-12 00:00:00+00:00,Non Graduated,<=24,1.0,Unknown,Unknown,Unknown,0,0,1,1,11155.353239802778,0,0,0,0,0.0
1673,2022,0,2024.0,2024-02-12,2024-04-12 00:00:00+00:00,Non Graduated,<=24,1.0,Unknown,Unknown,Unknown,0,0,1,1,5924.733536511666,0,0,0,0,0.0
1673,2023,0,2024.0,2024-02-12,2024-04-12 00:00:00+00:00,Non Graduated,<=24,1.0,Unknown,Unknown,Unknown,0,0,1,1,8324.46850562898,0,0,0,0,0.0
1673,2024,0,2024.0,2024-02-12,2024-04-12 00:00:00+00:00,Non Graduated,<=24,1.0,Unknown,Unknown,Unknown,1,0,0,1,4605.0457428276295,0,0,0,0,0.0
1779,2017,1,2023.0,2023-02-20,2023-06-15 00:00:00+00:00,Graduated,<=24,1.0,Unknown,Unknown,Unknown,0,0,0,0,0.0,0,0,0,0,0.0
1779,2018,1,2023.0,2023-02-20,2023-06-15 00:00:00+00:00,Graduated,<=24,1.0,Unknown,Unknown,Unknown,0,0,0,0,0.0,0,0,0,0,0.0
1779,2019,1,2023.0,2023-02-20,2023-06-15 00:00:00+00:00,Graduated,<=24,1.0,Unknown,Unknown,Unknown,0,0,0,0,0.0,0,0,0,0,0.0
1779,2020,1,2023.0,2023-02-20,2023-06-15 00:00:00+00:00,Graduated,<=24,1.0,Unknown,Unknown,Unknown,0,0,0,0,0.0,0,0,0,0,0.0
1779,2021,1,2023.0,2023-02-20,2023-06-15 00:00:00+00:00,Graduated,<=24,1.0,Unknown,Unknown,Unknown,0,0,0,0,0.0,0,0,0,0,0.0
1779,2022,1,2023.0,2023-02-20,2023-06-15 00:00:00+00:00,Graduated,<=24,1.0,Unknown,Unknown,Unknown,0,0,0,0,0.0,0,0,0,0,0.0
1779,2023,1,2023.0,2023-02-20,2023-06-15 00:00:00+00:00,Graduated,<=24,1.0,Unknown,Unknown,Unknown,1,1,0,0,0.0,0,0,0,0,1.0
1779,2024,1,2023.0,2023-02-20,2023-06-15 00:00:00+00:00,Graduated,<=24,1.0,Unknown,Unknown,Unknown,1,1,0,0,0.0,0,0,0,0,1.0
1659,2017,0,2022.0,2022-09-06,2022-10-21 00:00:00+00:00,Non Graduated,<=24,1.0,Unknown,Unknown,Unknown,0,0,0,1,2830.1027972935694,0,0,0,0,0.0
1659,2018,0,2022.0,2022-09-06,2022-10-21 00:00:00+00:00,Non Graduated,<=24,1.0,Unknown,Unknown,Unknown,0,0,1,1,9041.027937281555,0,0,0,0,0.0
1659,2019,0,2022.0,2022-09-06,2022-10-21 00:00:00+00:00,Non Graduated,<=24,1.0,Unknown,Unknown,Unknown,0,0,1,1,9375.791103943015,0,0,0,0,0.0
1659,2020,0,2022.0,2022-09-06,2022-10-21 00:00:00+00:00,Non Graduated,<=24,1.0,Unknown,Unknown,Unknown,0,0,0,1,6499.86891857115,0,0,0,0,0.0
1659,2021,0,2022.0,2022-09-06,2022-10-21 00:00:00+00:00,Non Graduated,<=24,1.0,Unknown,Unknown,Unknown,0,0,0,0,0.0,0,0,0,0,0.0
1659,2022,0,2022.0,2022-09-06,2022-10-21 00:00:00+00:00,Non Graduated,<=24,1.0,Unknown,Unknown,Unknown,1,0,0,1,1954.363709892529,0,0,0,0,0.0
1659,2023,0,2022.0,2022-09-06,2022-10-21 00:00:00+00:00,Non Graduated,<=24,1.0,Unknown,Unknown,Unknown,1,0,1,1,8606.648025789089,0,0,0,0,0.0
1659,2024,0,2022.0,2022-09-06,2022-10-21 00:00:00+00:00,Non Graduated,<=24,1.0,Unknown,Unknown,Unknown,1,0,0,1,34655.74454441242,0,0,0,0,0.0
1828,2017,1,2023.0,2023-04-24,2023-07-07 00:00:00+00:00,Graduated,<=24,1.0,Unknown,Unknown,Unknown,0,0,0,0,0.0,0,0,0,0,0.0
1828,2018,1,2023.0,2023-04-24,2023-07-07 00:00:00+00:00,Graduated,<=24,1.0,Unknown,Unknown,Unknown,0,0,0,0,0.0,0,0,0,0,0.0
1828,2019,1,2023.0,2023-04-24,2023-07-07 00:00:00+00:00,Graduated,<=24,1.0,Unknown,Unknown,Unknown,0,0,0,0,0.0,0,0,0,0,0.0
1828,2020,1,2023.0,2023-04-24,2023-07-07 00:00:00+00:00,Graduated,<=24,1.0,Unknown,Unknown,Unknown,0,0,0,0,0.0,0,0,0,0,0.0
1828,2021,1,2023.0,2023-04-24,2023-07-07 00:00:00+00:00,Graduated,<=24,1.0,Unknown,Unknown,Unknown,0,0,0,0,0.0,0,0,0,0,0.0
1828,2022,1,2023.0,2023-04-24,2023-07-07 00:00:00+00:00,Graduated,<=24,1.0,Unknown,Unknown,Unknown,0,0,0,0,0.0,0,0,0,0,0.0
1828,2023,1,2023.0,2023-04-24,2023-07-07 00:00:00+00:00,Graduated,<=24,1.0,Unknown,Unknown,Unknown,1,1,0,0,0.0,0,0,0,0,1.0
1828,2024,1,2023.0,2023-04-24,2023-07-07 00:00:00+00:00,Graduated,<=24,1.0,Unknown,Unknown,Unknown,1,1,0,0,0.0,0,0,0,0,1.0
1660,2017,0,2022.0,2022-09-14,2022-09-28 00:00:00+00:00,Non Graduated,<=24,1.0,Unknown,Unknown,Unknown,0,0,0,1,401.87457281302244,0,0,1,1,0.0
1660,2018,0,2022.0,2022-09-14,2022-09-28 00:00:00+00:00,Non Graduated,<=24,1.0,Unknown,Unknown,Unknown,0,0,0,1,498.6272041986024,0,0,1,1,0.0
1660,2019,0,2022.0,2022-09-14,2022-09-28 00:00:00+00:00,Non Graduated,<=24,1.0,Unknown,Unknown,Unknown,0,0,0,0,0.0,0,0,1,1,0.0
1660,2020,0,2022.0,2022-09-14,2022-09-28 00:00:00+00:00,Non Graduated,<=24,1.0,Unknown,Unknown,Unknown,0,0,0,0,0.0,0,0,1,1,0.0
1660,2021,0,2022.0,2022-09-14,2022-09-28 00:00:00+00:00,Non Graduated,<=24,1.0,Unknown,Unknown,Unknown,0,0,0,0,0.0,0,0,1,1,0.0
1660,2022,0,2022.0,2022-09-14,2022-09-28 00:00:00+00:00,Non Graduated,<=24,1.0,Unknown,Unknown,Unknown,1,0,0,0,0.0,0,0,1,1,0.0
1660,2023,0,2022.0,2022-09-14,2022-09-28 00:00:00+00:00,Non Graduated,<=24,1.0,Unknown,Unknown,Unknown,1,0,0,0,0.0,0,0,1,1,0.0
1660,2024,0,2022.0,2022-09-14,2022-09-28 00:00:00+00:00,Non Graduated,<=24,1.0,Unknown,Unknown,Unknown,1,0,0,0,0.0,0,0,1,1,0.0
2063,2017,1,2024.0,2024-03-04,2024-05-17 00:00:00+00:00,Graduated,<=24,1.0,Unknown,Unknown,Unknown,0,0,0,1,1929.560186315391,0,0,0,0,0.0
2063,2018,1,2024.0,2024-03-04,2024-05-17 00:00:00+00:00,Graduated,<=24,1.0,Unknown,Unknown,Unknown,0,0,0,0,0.0,0,0,0,0,0.0
2063,2019,1,2024.0,2024-03-04,2024-05-17 00:00:00+00:00,Graduated,<=24,1.0,Unknown,Unknown,Unknown,0,0,0,1,2414.887926405006,0,0,0,0,0.0
2063,2020,1,2024.0,2024-03-04,2024-05-17 00:00:00+00:00,Graduated,<=24,1.0,Unknown,Unknown,Unknown,0,0,0,1,2481.5595108978005,0,0,0,0,0.0
2063,2021,1,2024.0,2024-03-04,2024-05-17 00:00:00+00:00,Graduated,<=24,1.0,Unknown,Unknown,Unknown,0,0,0,1,4535.124553103865,0,0,0,0,0.0
2063,2022,1,2024.0,2024-03-04,2024-05-17 00:00:00+00:00,Graduated,<=24,1.0,Unknown,Unknown,Unknown,0,0,0,1,838.9131617337368,0,0,0,0,0.0
2063,2023,1,2024.0,2024-03-04,2024-05-17 00:00:00+00:00,Graduated,<=24,1.0,Unknown,Unknown,Unknown,0,0,0,0,0.0,0,0,0,0,0.0
2063,2024,1,2024.0,2024-03-04,2024-05-17 00:00:00+00:00,Graduated,<=24,1.0,Unknown,Unknown,Unknown,1,1,0,1,1540.732906010271,0,0,0,0,1.0
2101,2017,0,2024.0,2024-04-15,2024-05-03 00:00:00+00:00,Non Graduated,<=24,1.0,Unknown,Unknown,Unknown,0,0,0,0,0.0,0,0,0,0,0.0
2101,2018,0,2024.0,2024-04-15,2024-05-03 00:00:00+00:00,Non Graduated,<=24,1.0,Unknown,Unknown,Unknown,0,0,0,0,0.0,0,0,0,0,0.0
2101,2019,0,2024.0,2024-04-15,2024-05-03 00:00:00+00:00,Non Graduated,<=24,1.0,Unknown,Unknown,Unknown,0,0,0,0,0.0,0,0,0,0,0.0
2101,2020,0,2024.0,2024-04-15,2024-05-03 00:00:00+00:00,Non Graduated,<=24,1.0,Unknown,Unknown,Unknown,0,0,0,1,13213.257642929893,0,0,0,0,0.0
2101,2021,0,2024.0,2024-04-15,2024-05-03 00:00:00+00:00,Non Graduated,<=24,1.0,Unknown,Unknown,Unknown,0,0,0,1,3673.1957927511266,0,0,0,0,0.0
2101,2022,0,2024.0,2024-04-15,2024-05-03 00:00:00+00:00,Non Graduated,<=24,1.0,Unknown,Unknown,Unknown,0,0,0,1,3691.3647004123877,0,0,0,0,0.0
2101,2023,0,2024.0,2024-04-15,2024-05-03 00:00:00+00:00,Non Graduated,<=24,1.0,Unknown,Unknown,Unknown,0,0,0,0,0.0,0,0,0,0,0.0
2101,2024,0,2024.0,2024-04-15,2024-05-03 00:00:00+00:00,Non Graduated,<=24,1.0,Unknown,Unknown,Unknown,1,0,0,0,0.0,0,0,0,0,0.0
1973,2017,1,2024.0,2023-11-06,2024-02-23 00:00:00+00:00,Graduated,<=24,1.0,Unknown,Unknown,Unknown,0,0,0,1,5785.432985269912,0,0,0,0,0.0
1973,2018,1,2024.0,2023-11-06,2024-02-23 00:00:00+00:00,Graduated,<=24,1.0,Unknown,Unknown,Unknown,0,0,1,1,13693.388850789883,0,0,0,0,0.0
1973,2019,1,2024.0,2023-11-06,2024-02-23 00:00:00+00:00,Graduated,<=24,1.0,Unknown,Unknown,Unknown,0,0,0,1,1790.074030323635,0,0,0,0,0.0
1973,2020,1,2024.0,2023-11-06,2024-02-23 00:00:00+00:00,Graduated,<=24,1.0,Unknown,Unknown,Unknown,0,0,0,1,2436.505601659751,0,0,0,0,0.0
1973,2021,1,2024.0,2023-11-06,2024-02-23 00:00:00+00:00,Graduated,<=24,1.0,Unknown,Unknown,Unknown,0,0,0,1,1455.210536509781,0,0,0,0,0.0
1973,2022,1,2024.0,2023-11-06,2024-02-23 00:00:00+00:00,Graduated,<=24,1.0,Unknown,Unknown,Unknown,0,0,1,1,9314.926565609097,0,0,0,0,0.0
1973,2023,1,2024.0,2023-11-06,2024-02-23 00:00:00+00:00,Graduated,<=24,1.0,Unknown,Unknown,Unknown,0,0,0,1,977.6282871006267,0,0,0,0,0.0
1973,2024,1,2024.0,2023-11-06,2024-02-23 00:00:00+00:00,Graduated,<=24,1.0,Unknown,Unknown,Unknown,1,1,0,1,2261.4100762464586,0,0,0,0,1.0
1959,2017,0,2023.0,2023-10-16,2023-10-17 00:00:00+00:00,Non Graduated,<=24,1.0,Unknown,Unknown,Unknown,0,0,0,1,1662.6868649467478,0,0,0,0,0.0
1959,2018,0,2023.0,2023-10-16,2023-10-17 00:00:00+00:00,Non Graduated,<=24,1.0,Unknown,Unknown,Unknown,0,0,0,1,7445.272934596176,0,0,0,0,0.0
1959,2019,0,2023.0,2023-10-16,2023-10-17 00:00:00+00:00,Non Graduated,<=24,1.0,Unknown,Unknown,Unknown,0,0,1,1,6896.347963735881,0,0,0,0,0.0
1959,2020,0,2023.0,2023-10-16,2023-10-17 00:00:00+00:00,Non Graduated,<=24,1.0,Unknown,Unknown,Unknown,0,0,0,1,4475.336170338481,0,0,0,0,0.0
1959,2021,0,2023.0,2023-10-16,2023-10-17 00:00:00+00:00,Non Graduated,<=24,1.0,Unknown,Unknown,Unknown,0,0,0,1,11006.344841012518,0,0,0,0,0.0
1959,2022,0,2023.0,2023-10-16,2023-10-17 00:00:00+00:00,Non Graduated,<=24,1.0,Unknown,Unknown,Unknown,0,0,1,1,14247.654028985637,0,0,0,0,0.0
1959,2023,0,2023.0,2023-10-16,2023-10-17 00:00:00+00:00,Non Graduated,<=24,1.0,Unknown,Unknown,Unknown,1,0,1,1,12495.038789772378,0,0,0,0,0.0
1959,2024,0,2023.0,2023-10-16,2023-10-17 00:00:00+00:00,Non Graduated,<=24,1.0,Unknown,Unknown,Unknown,1,0,0,1,726.2714035065251,0,0,0,0,0.0
1920,2017,1,2023.0,2023-08-21,2023-11-03 00:00:00+00:00,Graduated,<=24,1.0,Unknown,Unknown,Unknown,0,0,1,1,12522.972652829163,0,0,0,0,0.0
1920,2018,1,2023.0,2023-08-21,2023-11-03 00:00:00+00:00,Graduated,<=24,1.0,Unknown,Unknown,Unknown,0,0,1,1,28324.55496860718,0,0,0,0,0.0
1920,2019,1,2023.0,2023-08-21,2023-11-03 00:00:00+00:00,Graduated,<=24,1.0,Unknown,Unknown,Unknown,0,0,1,1,31594.35406031579,0,0,0,0,0.0
1920,2020,1,2023.0,2023-08-21,2023-11-03 00:00:00+00:00,Graduated,<=24,1.0,Unknown,Unknown,Unknown,0,0,1,1,15280.330962528056,0,0,0,0,0.0
1920,2021,1,2023.0,2023-08-21,2023-11-03 00:00:00+00:00,Graduated,<=24,1.0,Unknown,Unknown,Unknown,0,0,1,1,33456.373846778726,0,0,0,0,0.0
1920,2022,1,2023.0,2023-08-21,2023-11-03 00:00:00+00:00,Graduated,<=24,1.0,Unknown,Unknown,Unknown,0,0,1,1,17388.324259117882,0,0,0,0,0.0
1920,2023,1,2023.0,2023-08-21,2023-11-03 00:00:00+00:00,Graduated,<=24,1.0,Unknown,Unknown,Unknown,1,1,1,1,9569.524698600668,0,0,0,0,1.0
1920,2024,1,2023.0,2023-08-21,2023-11-03 00:00:00+00:00,Graduated,<=24,1.0,Unknown,Unknown,Unknown,1,1,0,1,17156.430925588076,0,0,0,0,1.0
1539,2017,0,2022.0,2022-03-14,2022-04-08 00:00:00+00:00,Non Graduated,<=24,1.0,Unknown,Unknown,Unknown,0,0,0,1,114.36086547354414,0,0,0,0,0.0
1539,2018,0,2022.0,2022-03-14,2022-04-08 00:00:00+00:00,Non Graduated,<=24,1.0,Unknown,Unknown,Unknown,0,0,1,1,7522.552390848225,0,0,0,0,0.0
1539,2019,0,2022.0,2022-03-14,2022-04-08 00:00:00+00:00,Non Graduated,<=24,1.0,Unknown,Unknown,Unknown,0,0,1,1,12395.43185452143,0,0,0,0,0.0
1539,2020,0,2022.0,2022-03-14,2022-04-08 00:00:00+00:00,Non Graduated,<=24,1.0,Unknown,Unknown,Unknown,0,0,0,1,12138.619892964365,0,0,0,0,0.0
1539,2021,0,2022.0,2022-03-14,2022-04-08 00:00:00+00:00,Non Graduated,<=24,1.0,Unknown,Unknown,Unknown,0,0,1,1,25942.27912500714,0,0,0,0,0.0
1539,2022,0,2022.0,2022-03-14,2022-04-08 00:00:00+00:00,Non Graduated,<=24,1.0,Unknown,Unknown,Unknown,1,0,1,1,13314.010199258079,0,0,0,0,0.0
1539,2023,0,2022.0,2022-03-14,2022-04-08 00:00:00+00:00,Non Graduated,<=24,1.0,Unknown,Unknown,Unknown,1,0,1,1,20808.572021663756,0,0,0,0,0.0
1539,2024,0,2022.0,2022-03-14,2022-04-08 00:00:00+00:00,Non Graduated,<=24,1.0,Unknown,Unknown,Unknown,1,0,0,1,23206.390527528165,0,0,0,0,0.0
983,2017,1,2023.0,2023-02-06,2023-06-15 00:00:00+00:00,Graduated,<=24,1.0,Unknown,Unknown,Unknown,0,0,1,1,8603.870709217364,0,0,0,0,0.0
983,2018,1,2023.0,2023-02-06,2023-06-15 00:00:00+00:00,Graduated,<=24,1.0,Unknown,Unknown,Unknown,0,0,1,1,15957.238314820197,0,0,0,0,0.0
983,2019,1,2023.0,2023-02-06,2023-06-15 00:00:00+00:00,Graduated,<=24,1.0,Unknown,Unknown,Unknown,0,0,1,1,17856.438078210937,0,0,0,0,0.0
983,2020,1,2023.0,2023-02-06,2023-06-15 00:00:00+00:00,Graduated,<=24,1.0,Unknown,Unknown,Unknown,0,0,0,1,6556.4679899034945,0,0,0,0,0.0
983,2021,1,2023.0,2023-02-06,2023-06-15 00:00:00+00:00,Graduated,<=24,1.0,Unknown,Unknown,Unknown,0,0,0,1,8266.561568199848,0,0,0,0,0.0
983,2022,1,2023.0,2023-02-06,2023-06-15 00:00:00+00:00,Graduated,<=24,1.0,Unknown,Unknown,Unknown,0,0,1,1,41513.25541855202,0,0,0,0,0.0
983,2023,1,2023.0,2023-02-06,2023-06-15 00:00:00+00:00,Graduated,<=24,1.0,Unknown,Unknown,Unknown,1,1,1,1,57253.14459669017,0,0,0,0,1.0
983,2024,1,2023.0,2023-02-06,2023-06-15 00:00:00+00:00,Graduated,<=24,1.0,Unknown,Unknown,Unknown,1,1,0,1,42818.20758973136,0,0,0,0,1.0
1741,2017,0,2023.0,2023-01-03,2023-01-20 00:00:00+00:00,Non Graduated,<=24,1.0,Unknown,Unknown,Unknown,0,0,0,1,3001.8383488833465,0,0,0,0,0.0
1741,2018,0,2023.0,2023-01-03,2023-01-20 00:00:00+00:00,Non Graduated,<=24,1.0,Unknown,Unknown,Unknown,0,0,0,1,2457.504938605186,0,0,0,0,0.0
1741,2019,0,2023.0,2023-01-03,2023-01-20 00:00:00+00:00,Non Graduated,<=24,1.0,Unknown,Unknown,Unknown,0,0,0,1,723.3363622014668,0,0,0,0,0.0
1741,2020,0,2023.0,2023-01-03,2023-01-20 00:00:00+00:00,Non Graduated,<=24,1.0,Unknown,Unknown,Unknown,0,0,1,1,3867.2591170058927,0,0,0,0,0.0
1741,2021,0,2023.0,2023-01-03,2023-01-20 00:00:00+00:00,Non Graduated,<=24,1.0,Unknown,Unknown,Unknown,0,0,1,1,13184.86879365399,0,0,0,0,0.0
1741,2022,0,2023.0,2023-01-03,2023-01-20 00:00:00+00:00,Non Graduated,<=24,1.0,Unknown,Unknown,Unknown,0,0,1,1,14059.017407938256,0,0,0,0,0.0
1741,2023,0,2023.0,2023-01-03,2023-01-20 00:00:00+00:00,Non Graduated,<=24,1.0,Unknown,Unknown,Unknown,1,0,1,1,13291.405903486419,0,0,0,0,0.0
1741,2024,0,2023.0,2023-01-03,2023-01-20 00:00:00+00:00,Non Graduated,<=24,1.0,Unknown,Unknown,Unknown,1,0,0,1,10813.596680520655,0,0,0,0,0.0
1503,2017,1,2022.0,2022-01-24,2022-03-25 00:00:00+00:00,Graduated,<=24,1.0,Unknown,Unknown,Unknown,0,0,0,0,0.0,0,0,0,0,0.0
1503,2018,1,2022.0,2022-01-24,2022-03-25 00:00:00+00:00,Graduated,<=24,1.0,Unknown,Unknown,Unknown,0,0,0,1,661.1015334397616,0,0,0,0,0.0
1503,2019,1,2022.0,2022-01-24,2022-03-25 00:00:00+00:00,Graduated,<=24,1.0,Unknown,Unknown,Unknown,0,0,0,1,805.2159885339948,0,0,0,0,0.0
1503,2020,1,2022.0,2022-01-24,2022-03-25 00:00:00+00:00,Graduated,<=24,1.0,Unknown,Unknown,Unknown,0,0,0,1,2058.6680701304936,0,0,0,0,0.0
1503,2021,1,2022.0,2022-01-24,2022-03-25 00:00:00+00:00,Graduated,<=24,1.0,Unknown,Unknown,Unknown,0,0,0,0,0.0,0,0,0,0,0.0
1503,2022,1,2022.0,2022-01-24,2022-03-25 00:00:00+00:00,Graduated,<=24,1.0,Unknown,Unknown,Unknown,1,1,1,1,13147.76947666773,0,0,0,0,1.0
1503,2023,1,2022.0,2022-01-24,2022-03-25 00:00:00+00:00,Graduated,<=24,1.0,Unknown,Unknown,Unknown,1,1,1,1,33980.93074748893,0,0,0,0,1.0
1503,2024,1,2022.0,2022-01-24,2022-03-25 00:00:00+00:00,Graduated,<=24,1.0,Unknown,Unknown,Unknown,1,1,0,1,24952.496939713717,0,0,0,0,1.0
1853,2017,0,2023.0,2023-06-05,2023-08-11 00:00:00+00:00,Non Graduated,<=24,1.0,Unknown,Unknown,Unknown,0,0,1,1,10190.039153443618,0,0,0,0,0.0
1853,2018,0,2023.0,2023-06-05,2023-08-11 00:00:00+00:00,Non Graduated,<=24,1.0,Unknown,Unknown,Unknown,0,0,1,1,12472.837470693034,0,0,0,0,0.0
1853,2019,0,2023.0,2023-06-05,2023-08-11 00:00:00+00:00,Non Graduated,<=24,1.0,Unknown,Unknown,Unknown,0,0,1,1,24817.90548502485,0,0,0,0,0.0
1853,2020,0,2023.0,2023-06-05,2023-08-11 00:00:00+00:00,Non Graduated,<=24,1.0,Unknown,Unknown,Unknown,0,0,0,1,10203.46632913695,0,0,0,0,0.0
1853,2021,0,2023.0,2023-06-05,2023-08-11 00:00:00+00:00,Non Graduated,<=24,1.0,Unknown,Unknown,Unknown,0,0,1,1,9312.305336506319,0,0,0,0,0.0
1853,2022,0,2023.0,2023-06-05,2023-08-11 00:00:00+00:00,Non Graduated,<=24,1.0,Unknown,Unknown,Unknown,0,0,1,1,46143.173661157314,0,0,0,0,0.0
1853,2023,0,2023.0,2023-06-05,2023-08-11 00:00:00+00:00,Non Graduated,<=24,1.0,Unknown,Unknown,Unknown,1,0,1,1,31699.85094519519,0,0,0,0,0.0
1853,2024,0,2023.0,2023-06-05,2023-08-11 00:00:00+00:00,Non Graduated,<=24,1.0,Unknown,Unknown,Unknown,1,0,0,1,5973.345622119816,0,0,0,0,0.0
1992,2017,1,2024.0,2023-12-04,2024-02-23 00:00:00+00:00,Graduated,<=24,1.0,Unknown,Unknown,Unknown,0,0,0,0,0.0,0,0,1,1,0.0
1992,2018,1,2024.0,2023-12-04,2024-02-23 00:00:00+00:00,Graduated,<=24,1.0,Unknown,Unknown,Unknown,0,0,0,1,5932.040559958285,0,0,1,1,0.0
1992,2019,1,2024.0,2023-12-04,2024-02-23 00:00:00+00:00,Graduated,<=24,1.0,Unknown,Unknown,Unknown,0,0,0,1,11790.461207969447,0,0,1,1,0.0
1992,2020,1,2024.0,2023-12-04,2024-02-23 00:00:00+00:00,Graduated,<=24,1.0,Unknown,Unknown,Unknown,0,0,0,0,0.0,0,0,1,1,0.0
1992,2021,1,2024.0,2023-12-04,2024-02-23 00:00:00+00:00,Graduated,<=24,1.0,Unknown,Unknown,Unknown,0,0,0,0,0.0,0,0,1,1,0.0
1992,2022,1,2024.0,2023-12-04,2024-02-23 00:00:00+00:00,Graduated,<=24,1.0,Unknown,Unknown,Unknown,0,0,0,0,0.0,0,0,1,1,0.0
1992,2023,1,2024.0,2023-12-04,2024-02-23 00:00:00+00:00,Graduated,<=24,1.0,Unknown,Unknown,Unknown,0,0,1,1,18361.896616627884,0,0,1,1,0.0
1992,2024,1,2024.0,2023-12-04,2024-02-23 00:00:00+00:00,Graduated,<=24,1.0,Unknown,Unknown,Unknown,1,1,0,1,9245.409373061339,0,0,1,1,1.0
1603,2017,0,2022.0,2022-06-13,2022-06-29 00:00:00+00:00,Non Graduated,25-34,1.0,Unknown,Unknown,Unknown,0,0,0,1,1171.1260802450377,0,0,0,0,0.0
1603,2018,0,2022.0,2022-06-13,2022-06-29 00:00:00+00:00,Non Graduated,25-34,1.0,Unknown,Unknown,Unknown,0,0,0,1,2541.091637993288,0,0,0,0,0.0
1603,2019,0,2022.0,2022-06-13,2022-06-29 00:00:00+00:00,Non Graduated,25-34,1.0,Unknown,Unknown,Unknown,0,0,0,1,1625.6194391849858,0,0,0,0,0.0
1603,2020,0,2022.0,2022-06-13,2022-06-29 00:00:00+00:00,Non Graduated,25-34,1.0,Unknown,Unknown,Unknown,0,0,0,1,1789.9855157352486,0,0,0,0,0.0
1603,2021,0,2022.0,2022-06-13,2022-06-29 00:00:00+00:00,Non Graduated,25-34,1.0,Unknown,Unknown,Unknown,0,0,0,1,972.6134394454783,0,0,0,0,0.0
1603,2022,0,2022.0,2022-06-13,2022-06-29 00:00:00+00:00,Non Graduated,25-34,1.0,Unknown,Unknown,Unknown,1,0,0,1,1425.278362289689,0,0,0,0,0.0
1603,2023,0,2022.0,2022-06-13,2022-06-29 00:00:00+00:00,Non Graduated,25-34,1.0,Unknown,Unknown,Unknown,1,0,0,1,2878.3275998096738,2,1,1,0,0.0
1603,2024,0,2022.0,2022-06-13,2022-06-29 00:00:00+00:00,Non Graduated,25-34,1.0,Unknown,Unknown,Unknown,1,0,0,1,511.59635235139643,0,0,1,1,0.0
1642,2017,1,2022.0,2022-09-06,2022-11-18 00:00:00+00:00,Graduated,25-34,1.0,Unknown,Unknown,Unknown,0,0,0,0,0.0,0,0,0,0,0.0
1642,2018,1,2022.0,2022-09-06,2022-11-18 00:00:00+00:00,Graduated,25-34,1.0,Unknown,Unknown,Unknown,0,0,0,1,379.2172047461917,0,0,0,0,0.0
1642,2019,1,2022.0,2022-09-06,2022-11-18 00:00:00+00:00,Graduated,25-34,1.0,Unknown,Unknown,Unknown,0,0,0,0,0.0,0,0,0,0,0.0
1642,2020,1,2022.0,2022-09-06,2022-11-18 00:00:00+00:00,Graduated,25-34,1.0,Unknown,Unknown,Unknown,0,0,0,1,418.015402688944,0,0,0,0,0.0
1642,2021,1,2022.0,2022-09-06,2022-11-18 00:00:00+00:00,Graduated,25-34,1.0,Unknown,Unknown,Unknown,0,0,0,1,1261.4947874348914,0,0,0,0,0.0
1642,2022,1,2022.0,2022-09-06,2022-11-18 00:00:00+00:00,Graduated,25-34,1.0,Unknown,Unknown,Unknown,1,1,0,1,993.5350125333549,0,0,0,0,1.0
1642,2023,1,2022.0,2022-09-06,2022-11-18 00:00:00+00:00,Graduated,25-34,1.0,Unknown,Unknown,Unknown,1,1,0,0,0.0,0,0,0,0,1.0
1642,2024,1,2022.0,2022-09-06,2022-11-18 00:00:00+00:00,Graduated,25-34,1.0,Unknown,Unknown,Unknown,1,1,0,1,6954.266911357898,0,0,0,0,1.0
1490,2017,0,2022.0,2022-01-03,2022-01-18 00:00:00+00:00,Non Graduated,25-34,1.0,Unknown,Unknown,Unknown,0,0,0,0,0.0,0,0,0,0,0.0
1490,2018,0,2022.0,2022-01-03,2022-01-18 00:00:00+00:00,Non Graduated,25-34,1.0,Unknown,Unknown,Unknown,0,0,0,1,1139.918760571861,0,0,0,0,0.0
1490,2019,0,2022.0,2022-01-03,2022-01-18 00:00:00+00:00,Non Graduated,25-34,1.0,Unknown,Unknown,Unknown,0,0,0,1,3587.74689918248,0,0,0,0,0.0
1490,2020,0,2022.0,2022-01-03,2022-01-18 00:00:00+00:00,Non Graduated,25-34,1.0,Unknown,Unknown,Unknown,0,0,0,1,5406.278104115362,0,0,0,0,0.0
1490,2021,0,2022.0,2022-01-03,2022-01-18 00:00:00+00:00,Non Graduated,25-34,1.0,Unknown,Unknown,Unknown,0,0,1,1,8979.66690064644,0,0,0,0,0.0
1490,2022,0,2022.0,2022-01-03,2022-01-18 00:00:00+00:00,Non Graduated,25-34,1.0,Unknown,Unknown,Unknown,1,0,1,1,11170.010606220565,0,0,0,0,0.0
1490,2023,0,2022.0,2022-01-03,2022-01-18 00:00:00+00:00,Non Graduated,25-34,1.0,Unknown,Unknown,Unknown,1,0,1,1,7862.43620980075,0,0,0,0,0.0
1490,2024,0,2022.0,2022-01-03,2022-01-18 00:00:00+00:00,Non Graduated,25-34,1.0,Unknown,Unknown,Unknown,1,0,0,1,12146.016237710497,0,0,0,0,0.0
1675,2017,1,2022.0,2022-09-26,2022-11-23 00:00:00+00:00,Graduated,25-34,1.0,Unknown,Unknown,Unknown,0,0,0,0,0.0,0,0,0,0,0.0
1675,2018,1,2022.0,2022-09-26,2022-11-23 00:00:00+00:00,Graduated,25-34,1.0,Unknown,Unknown,Unknown,0,0,0,0,0.0,0,0,0,0,0.0
1675,2019,1,2022.0,2022-09-26,2022-11-23 00:00:00+00:00,Graduated,25-34,1.0,Unknown,Unknown,Unknown,0,0,0,0,0.0,0,0,0,0,0.0
1675,2020,1,2022.0,2022-09-26,2022-11-23 00:00:00+00:00,Graduated,25-34,1.0,Unknown,Unknown,Unknown,0,0,0,0,0.0,0,0,0,0,0.0
1675,2021,1,2022.0,2022-09-26,2022-11-23 00:00:00+00:00,Graduated,25-34,1.0,Unknown,Unknown,Unknown,0,0,0,0,0.0,0,0,0,0,0.0
1675,2022,1,2022.0,2022-09-26,2022-11-23 00:00:00+00:00,Graduated,25-34,1.0,Unknown,Unknown,Unknown,1,1,0,1,2120.8057842102908,0,0,0,0,1.0
1675,2023,1,2022.0,2022-09-26,2022-11-23 00:00:00+00:00,Graduated,25-34,1.0,Unknown,Unknown,Unknown,1,1,0,1,3362.2727621859194,0,0,0,0,1.0
1675,2024,1,2022.0,2022-09-26,2022-11-23 00:00:00+00:00,Graduated,25-34,1.0,Unknown,Unknown,Unknown,1,1,0,0,0.0,0,0,0,0,1.0
1644,2017,0,2022.0,2022-08-15,2022-09-15 00:00:00+00:00,Non Graduated,25-34,1.0,Unknown,Unknown,Unknown,0,0,0,0,0.0,0,0,0,0,0.0
1644,2018,0,2022.0,2022-08-15,2022-09-15 00:00:00+00:00,Non Graduated,25-34,1.0,Unknown,Unknown,Unknown,0,0,0,0,0.0,0,0,0,0,0.0
1644,2019,0,2022.0,2022-08-15,2022-09-15 00:00:00+00:00,Non Graduated,25-34,1.0,Unknown,Unknown,Unknown,0,0,0,1,1927.2272400128052,0,0,0,0,0.0
1644,2020,0,2022.0,2022-08-15,2022-09-15 00:00:00+00:00,Non Graduated,25-34,1.0,Unknown,Unknown,Unknown,0,0,0,1,1502.8649001435845,0,0,0,0,0.0
1644,2021,0,2022.0,2022-08-15,2022-09-15 00:00:00+00:00,Non Graduated,25-34,1.0,Unknown,Unknown,Unknown,0,0,0,1,8332.503842747814,0,0,0,0,0.0
1644,2022,0,2022.0,2022-08-15,2022-09-15 00:00:00+00:00,Non Graduated,25-34,1.0,Unknown,Unknown,Unknown,1,0,0,1,13201.43685787627,0,0,0,0,0.0
1644,2023,0,2022.0,2022-08-15,2022-09-15 00:00:00+00:00,Non Graduated,25-34,1.0,Unknown,Unknown,Unknown,1,0,0,1,2719.4528883234602,0,0,0,0,0.0
1644,2024,0,2022.0,2022-08-15,2022-09-15 00:00:00+00:00,Non Graduated,25-34,1.0,Unknown,Unknown,Unknown,1,0,0,0,0.0,0,0,0,0,0.0
1569,2017,1,2022.0,2022-05-02,2022-07-29 00:00:00+00:00,Graduated,25-34,1.0,Unknown,Unknown,Unknown,0,0,0,0,0.0,0,0,0,0,0.0
1569,2018,1,2022.0,2022-05-02,2022-07-29 00:00:00+00:00,Graduated,25-34,1.0,Unknown,Unknown,Unknown,0,0,0,0,0.0,0,0,0,0,0.0
1569,2019,1,2022.0,2022-05-02,2022-07-29 00:00:00+00:00,Graduated,25-34,1.0,Unknown,Unknown,Unknown,0,0,0,0,0.0,0,0,0,0,0.0
1569,2020,1,2022.0,2022-05-02,2022-07-29 00:00:00+00:00,Graduated,25-34,1.0,Unknown,Unknown,Unknown,0,0,0,0,0.0,0,0,0,0,0.0
1569,2021,1,2022.0,2022-05-02,2022-07-29 00:00:00+00:00,Graduated,25-34,1.0,Unknown,Unknown,Unknown,0,0,0,1,1386.1137898670454,0,0,0,0,0.0
1569,2022,1,2022.0,2022-05-02,2022-07-29 00:00:00+00:00,Graduated,25-34,1.0,Unknown,Unknown,Unknown,1,1,0,1,729.3263576176105,0,0,0,0,1.0
1569,2023,1,2022.0,2022-05-02,2022-07-29 00:00:00+00:00,Graduated,25-34,1.0,Unknown,Unknown,Unknown,1,1,0,1,292.02178666560644,0,0,0,0,1.0
1569,2024,1,2022.0,2022-05-02,2022-07-29 00:00:00+00:00,Graduated,25-34,1.0,Unknown,Unknown,Unknown,1,1,0,0,0.0,0,0,0,0,1.0
1978,2017,0,2024.0,2023-11-13,2024-02-05 00:00:00+00:00,Non Graduated,25-34,1.0,Unknown,Unknown,Unknown,0,0,1,1,15264.618720150549,0,0,0,0,0.0
1978,2018,0,2024.0,2023-11-13,2024-02-05 00:00:00+00:00,Non Graduated,25-34,1.0,Unknown,Unknown,Unknown,0,0,1,1,16750.51584460264,0,0,0,0,0.0
1978,2019,0,2024.0,2023-11-13,2024-02-05 00:00:00+00:00,Non Graduated,25-34,1.0,Unknown,Unknown,Unknown,0,0,0,0,0.0,0,0,0,0,0.0
1978,2020,0,2024.0,2023-11-13,2024-02-05 00:00:00+00:00,Non Graduated,25-34,1.0,Unknown,Unknown,Unknown,0,0,0,0,0.0,0,0,0,0,0.0
1978,2021,0,2024.0,2023-11-13,2024-02-05 00:00:00+00:00,Non Graduated,25-34,1.0,Unknown,Unknown,Unknown,0,0,0,0,0.0,0,0,0,0,0.0
1978,2022,0,2024.0,2023-11-13,2024-02-05 00:00:00+00:00,Non Graduated,25-34,1.0,Unknown,Unknown,Unknown,0,0,0,0,0.0,0,0,0,0,0.0
1978,2023,0,2024.0,2023-11-13,2024-02-05 00:00:00+00:00,Non Graduated,25-34,1.0,Unknown,Unknown,Unknown,0,0,0,1,9998.103808213262,0,0,0,0,0.0
1978,2024,0,2024.0,2023-11-13,2024-02-05 00:00:00+00:00,Non Graduated,25-34,1.0,Unknown,Unknown,Unknown,1,0,0,1,1538.6578448573953,1,1,1,0,0.0
1520,2017,1,2022.0,2022-02-16,2022-04-29 00:00:00+00:00,Graduated,25-34,1.0,Unknown,Unknown,Unknown,0,0,0,0,0.0,0,0,0,0,0.0
1520,2018,1,2022.0,2022-02-16,2022-04-29 00:00:00+00:00,Graduated,25-34,1.0,Unknown,Unknown,Unknown,0,0,0,0,0.0,0,0,0,0,0.0
1520,2019,1,2022.0,2022-02-16,2022-04-29 00:00:00+00:00,Graduated,25-34,1.0,Unknown,Unknown,Unknown,0,0,0,1,5635.059664943472,0,0,0,0,0.0
1520,2020,1,2022.0,2022-02-16,2022-04-29 00:00:00+00:00,Graduated,25-34,1.0,Unknown,Unknown,Unknown,0,0,0,1,2625.6188580140906,0,0,0,0,0.0
1520,2021,1,2022.0,2022-02-16,2022-04-29 00:00:00+00:00,Graduated,25-34,1.0,Unknown,Unknown,Unknown,0,0,0,1,2583.9487097812425,0,0,0,0,0.0
1520,2022,1,2022.0,2022-02-16,2022-04-29 00:00:00+00:00,Graduated,25-34,1.0,Unknown,Unknown,Unknown,1,1,1,1,18733.158869169463,1,1,1,0,1.0
1520,2023,1,2022.0,2022-02-16,2022-04-29 00:00:00+00:00,Graduated,25-34,1.0,Unknown,Unknown,Unknown,1,1,1,1,4146.138447367803,0,0,1,1,1.0
1520,2024,1,2022.0,2022-02-16,2022-04-29 00:00:00+00:00,Graduated,25-34,1.0,Unknown,Unknown,Unknown,1,1,0,1,13694.538513202602,1,1,1,1,1.0
1808,2017,0,2023.0,2023-04-03,2023-05-01 00:00:00+00:00,Non Graduated,25-34,1.0,Unknown,Unknown,Unknown,0,0,1,1,84763.6983447803,0,0,0,0,0.0
1808,2018,0,2023.0,2023-04-03,2023-05-01 00:00:00+00:00,Non Graduated,25-34,1.0,Unknown,Unknown,Unknown,0,0,1,1,105594.44451803723,0,0,0,0,0.0
1808,2019,0,2023.0,2023-04-03,2023-05-01 00:00:00+00:00,Non Graduated,25-34,1.0,Unknown,Unknown,Unknown,0,0,0,1,69486.21426567834,0,0,0,0,0.0
1808,2020,0,2023.0,2023-04-03,2023-05-01 00:00:00+00:00,Non Graduated,25-34,1.0,Unknown,Unknown,Unknown,0,0,0,0,0.0,0,0,0,0,0.0
1808,2021,0,2023.0,2023-04-03,2023-05-01 00:00:00+00:00,Non Graduated,25-34,1.0,Unknown,Unknown,Unknown,0,0,0,0,0.0,0,0,0,0,0.0
1808,2022,0,2023.0,2023-04-03,2023-05-01 00:00:00+00:00,Non Graduated,25-34,1.0,Unknown,Unknown,Unknown,0,0,0,1,3334.4717070915353,0,0,0,0,0.0
1808,2023,0,2023.0,2023-04-03,2023-05-01 00:00:00+00:00,Non Graduated,25-34,1.0,Unknown,Unknown,Unknown,1,0,0,1,34319.98037525569,0,0,0,0,0.0
1808,2024,0,2023.0,2023-04-03,2023-05-01 00:00:00+00:00,Non Graduated,25-34,1.0,Unknown,Unknown,Unknown,1,0,0,1,25083.022971821305,0,0,0,0,0.0
1506,2017,1,2022.0,2022-02-28,2022-05-13 00:00:00+00:00,Graduated,25-34,1.0,Unknown,Unknown,Unknown,0,0,0,0,0.0,0,0,0,0,0.0
1506,2018,1,2022.0,2022-02-28,2022-05-13 00:00:00+00:00,Graduated,25-34,1.0,Unknown,Unknown,Unknown,0,0,0,1,857.5064550247782,0,0,0,0,0.0
1506,2019,1,2022.0,2022-02-28,2022-05-13 00:00:00+00:00,Graduated,25-34,1.0,Unknown,Unknown,Unknown,0,0,0,1,1685.5102750908118,0,0,0,0,0.0
1506,2020,1,2022.0,2022-02-28,2022-05-13 00:00:00+00:00,Graduated,25-34,1.0,Unknown,Unknown,Unknown,0,0,0,1,1069.5198858664003,0,0,0,0,0.0
1506,2021,1,2022.0,2022-02-28,2022-05-13 00:00:00+00:00,Graduated,25-34,1.0,Unknown,Unknown,Unknown,0,0,0,1,466.450535839954,1,1,1,0,0.0
1506,2022,1,2022.0,2022-02-28,2022-05-13 00:00:00+00:00,Graduated,25-34,1.0,Unknown,Unknown,Unknown,1,1,0,1,485.67947181282256,0,0,1,1,1.0
1506,2023,1,2022.0,2022-02-28,2022-05-13 00:00:00+00:00,Graduated,25-34,1.0,Unknown,Unknown,Unknown,1,1,0,1,415.8736342104494,5,1,1,1,1.0
1506,2024,1,2022.0,2022-02-28,2022-05-13 00:00:00+00:00,Graduated,25-34,1.0,Unknown,Unknown,Unknown,1,1,0,0,0.0,0,0,1,1,1.0
1556,2017,0,2022.0,2022-04-18,2022-06-03 00:00:00+00:00,Non Graduated,25-34,1.0,Unknown,Unknown,Unknown,0,0,0,0,0.0,0,0,0,0,0.0
1556,2018,0,2022.0,2022-04-18,2022-06-03 00:00:00+00:00,Non Graduated,25-34,1.0,Unknown,Unknown,Unknown,0,0,0,1,1349.1606051362903,0,0,0,0,0.0
1556,2019,0,2022.0,2022-04-18,2022-06-03 00:00:00+00:00,Non Graduated,25-34,1.0,Unknown,Unknown,Unknown,0,0,0,1,3113.4512304963355,0,0,0,0,0.0
1556,2020,0,2022.0,2022-04-18,2022-06-03 00:00:00+00:00,Non Graduated,25-34,1.0,Unknown,Unknown,Unknown,0,0,1,1,12807.09045256372,0,0,0,0,0.0
1556,2021,0,2022.0,2022-04-18,2022-06-03 00:00:00+00:00,Non Graduated,25-34,1.0,Unknown,Unknown,Unknown,0,0,1,1,14508.998985850678,0,0,0,0,0.0
1556,2022,0,2022.0,2022-04-18,2022-06-03 00:00:00+00:00,Non Graduated,25-34,1.0,Unknown,Unknown,Unknown,1,0,1,1,1692.3471029310408,0,0,0,0,0.0
1556,2023,0,2022.0,2022-04-18,2022-06-03 00:00:00+00:00,Non Graduated,25-34,1.0,Unknown,Unknown,Unknown,1,0,1,1,33654.28869255676,0,0,0,0,0.0
1556,2024,0,2022.0,2022-04-18,2022-06-03 00:00:00+00:00,Non Graduated,25-34,1.0,Unknown,Unknown,Unknown,1,0,0,1,6037.616978074852,0,0,0,0,0.0
1930,2017,1,2023.0,2023-09-11,2023-12-15 00:00:00+00:00,Graduated,25-34,1.0,Unknown,Unknown,Unknown,0,0,0,0,0.0,0,0,0,0,0.0
1930,2018,1,2023.0,2023-09-11,2023-12-15 00:00:00+00:00,Graduated,25-34,1.0,Unknown,Unknown,Unknown,0,0,0,0,0.0,0,0,0,0,0.0
1930,2019,1,2023.0,2023-09-11,2023-12-15 00:00:00+00:00,Graduated,25-34,1.0,Unknown,Unknown,Unknown,0,0,0,0,0.0,0,0,0,0,0.0
1930,2020,1,2023.0,2023-09-11,2023-12-15 00:00:00+00:00,Graduated,25-34,1.0,Unknown,Unknown,Unknown,0,0,0,1,1462.8993775933611,0,0,0,0,0.0
1930,2021,1,2023.0,2023-09-11,2023-12-15 00:00:00+00:00,Graduated,25-34,1.0,Unknown,Unknown,Unknown,0,0,0,0,0.0,0,0,0,0,0.0
1930,2022,1,2023.0,2023-09-11,2023-12-15 00:00:00+00:00,Graduated,25-34,1.0,Unknown,Unknown,Unknown,0,0,0,1,8456.117922821748,0,0,0,0,0.0
1930,2023,1,2023.0,2023-09-11,2023-12-15 00:00:00+00:00,Graduated,25-34,1.0,Unknown,Unknown,Unknown,1,1,1,1,20591.170775065068,0,0,0,0,1.0
1930,2024,1,2023.0,2023-09-11,2023-12-15 00:00:00+00:00,Graduated,25-34,1.0,Unknown,Unknown,Unknown,1,1,0,1,20632.746268622785,0,0,0,0,1.0
1816,2017,0,2023.0,2023-04-10,2023-05-26 00:00:00+00:00,Non Graduated,25-34,1.0,Unknown,Unknown,Unknown,0,0,0,0,0.0,0,0,0,0,0.0
1816,2018,0,2023.0,2023-04-10,2023-05-26 00:00:00+00:00,Non Graduated,25-34,1.0,Unknown,Unknown,Unknown,0,0,0,0,0.0,0,0,0,0,0.0
1816,2019,0,2023.0,2023-04-10,2023-05-26 00:00:00+00:00,Non Graduated,25-34,1.0,Unknown,Unknown,Unknown,0,0,0,0,0.0,0,0,0,0,0.0
1816,2020,0,2023.0,2023-04-10,2023-05-26 00:00:00+00:00,Non Graduated,25-34,1.0,Unknown,Unknown,Unknown,0,0,0,1,2354.7396536115384,0,0,0,0,0.0
1816,2021,0,2023.0,2023-04-10,2023-05-26 00:00:00+00:00,Non Graduated,25-34,1.0,Unknown,Unknown,Unknown,0,0,0,1,1222.74878946349,0,0,0,0,0.0
1816,2022,0,2023.0,2023-04-10,2023-05-26 00:00:00+00:00,Non Graduated,25-34,1.0,Unknown,Unknown,Unknown,0,0,0,1,8466.348863215353,0,0,0,0,0.0
1816,2023,0,2023.0,2023-04-10,2023-05-26 00:00:00+00:00,Non Graduated,25-34,1.0,Unknown,Unknown,Unknown,1,0,1,1,9809.696096452019,0,0,0,0,0.0
1816,2024,0,2023.0,2023-04-10,2023-05-26 00:00:00+00:00,Non Graduated,25-34,1.0,Unknown,Unknown,Unknown,1,0,0,1,9300.924773319066,0,0,0,0,0.0
1848,2017,1,2023.0,2023-05-22,2023-08-04 00:00:00+00:00,Graduated,25-34,1.0,Unknown,Unknown,Unknown,0,0,0,0,0.0,0,0,0,0,0.0
1848,2018,1,2023.0,2023-05-22,2023-08-04 00:00:00+00:00,Graduated,25-34,1.0,Unknown,Unknown,Unknown,0,0,0,0,0.0,0,0,0,0,0.0
1848,2019,1,2023.0,2023-05-22,2023-08-04 00:00:00+00:00,Graduated,25-34,1.0,Unknown,Unknown,Unknown,0,0,1,1,2224.929907404971,0,0,0,0,0.0
1848,2020,1,2023.0,2023-05-22,2023-08-04 00:00:00+00:00,Graduated,25-34,1.0,Unknown,Unknown,Unknown,0,0,0,1,126.80182864227183,0,0,0,0,0.0
1848,2021,1,2023.0,2023-05-22,2023-08-04 00:00:00+00:00,Graduated,25-34,1.0,Unknown,Unknown,Unknown,0,0,0,0,0.0,0,0,0,0,0.0
1848,2022,1,2023.0,2023-05-22,2023-08-04 00:00:00+00:00,Graduated,25-34,1.0,Unknown,Unknown,Unknown,0,0,0,1,3312.4160672310636,0,0,0,0,0.0
1848,2023,1,2023.0,2023-05-22,2023-08-04 00:00:00+00:00,Graduated,25-34,1.0,Unknown,Unknown,Unknown,1,1,0,0,0.0,0,0,0,0,1.0
1848,2024,1,2023.0,2023-05-22,2023-08-04 00:00:00+00:00,Graduated,25-34,1.0,Unknown,Unknown,Unknown,1,1,0,0,0.0,0,0,0,0,1.0
1924,2017,0,2023.0,2023-09-05,2023-09-25 00:00:00+00:00,Non Graduated,25-34,1.0,Unknown,Unknown,Unknown,0,0,0,0,0.0,0,0,0,0,0.0
1924,2018,0,2023.0,2023-09-05,2023-09-25 00:00:00+00:00,Non Graduated,25-34,1.0,Unknown,Unknown,Unknown,0,0,0,0,0.0,0,0,0,0,0.0
1924,2019,0,2023.0,2023-09-05,2023-09-25 00:00:00+00:00,Non Graduated,25-34,1.0,Unknown,Unknown,Unknown,0,0,0,1,1373.1583001959034,0,0,0,0,0.0
1924,2020,0,2023.0,2023-09-05,2023-09-25 00:00:00+00:00,Non Graduated,25-34,1.0,Unknown,Unknown,Unknown,0,0,0,1,3672.6198572713765,0,0,0,0,0.0
1924,2021,0,2023.0,2023-09-05,2023-09-25 00:00:00+00:00,Non Graduated,25-34,1.0,Unknown,Unknown,Unknown,0,0,1,1,10598.469022779813,0,0,0,0,0.0
1924,2022,0,2023.0,2023-09-05,2023-09-25 00:00:00+00:00,Non Graduated,25-34,1.0,Unknown,Unknown,Unknown,0,0,0,1,9163.40430927225,0,0,0,0,0.0
1924,2023,0,2023.0,2023-09-05,2023-09-25 00:00:00+00:00,Non Graduated,25-34,1.0,Unknown,Unknown,Unknown,1,0,0,1,3208.954790149375,0,0,0,0,0.0
1924,2024,0,2023.0,2023-09-05,2023-09-25 00:00:00+00:00,Non Graduated,25-34,1.0,Unknown,Unknown,Unknown,1,0,0,1,6128.110008835074,0,0,0,0,0.0
2004,2017,1,2024.0,2023-12-11,2024-03-01 00:00:00+00:00,Graduated,25-34,1.0,Unknown,Unknown,Unknown,0,0,0,0,0.0,0,0,0,0,0.0
2004,2018,1,2024.0,2023-12-11,2024-03-01 00:00:00+00:00,Graduated,25-34,1.0,Unknown,Unknown,Unknown,0,0,0,0,0.0,0,0,0,0,0.0
2004,2019,1,2024.0,2023-12-11,2024-03-01 00:00:00+00:00,Graduated,25-34,1.0,Unknown,Unknown,Unknown,0,0,0,0,0.0,0,0,0,0,0.0
2004,2020,1,2024.0,2023-12-11,2024-03-01 00:00:00+00:00,Graduated,25-34,1.0,Unknown,Unknown,Unknown,0,0,0,0,0.0,0,0,0,0,0.0
2004,2021,1,2024.0,2023-12-11,2024-03-01 00:00:00+00:00,Graduated,25-34,1.0,Unknown,Unknown,Unknown,0,0,0,1,80.19930273097036,0,0,0,0,0.0
2004,2022,1,2024.0,2023-12-11,2024-03-01 00:00:00+00:00,Graduated,25-34,1.0,Unknown,Unknown,Unknown,0,0,0,1,589.4654805255288,0,0,0,0,0.0
2004,2023,1,2024.0,2023-12-11,2024-03-01 00:00:00+00:00,Graduated,25-34,1.0,Unknown,Unknown,Unknown,0,0,0,1,1208.7225565841113,0,0,0,0,0.0
2004,2024,1,2024.0,2023-12-11,2024-03-01 00:00:00+00:00,Graduated,25-34,1.0,Unknown,Unknown,Unknown,1,1,0,1,764.8313979351119,0,0,0,0,1.0
1859,2017,0,2023.0,2023-06-12,2023-08-23 00:00:00+00:00,Non Graduated,25-34,1.0,Unknown,Unknown,Unknown,0,0,0,0,0.0,0,0,0,0,0.0
1859,2018,0,2023.0,2023-06-12,2023-08-23 00:00:00+00:00,Non Graduated,25-34,1.0,Unknown,Unknown,Unknown,0,0,0,0,0.0,0,0,0,0,0.0
1859,2019,0,2023.0,2023-06-12,2023-08-23 00:00:00+00:00,Non Graduated,25-34,1.0,Unknown,Unknown,Unknown,0,0,0,1,1022.2961609914354,0,0,0,0,0.0
1859,2020,0,2023.0,2023-06-12,2023-08-23 00:00:00+00:00,Non Graduated,25-34,1.0,Unknown,Unknown,Unknown,0,0,0,0,0.0,0,0,0,0,0.0
1859,2021,0,2023.0,2023-06-12,2023-08-23 00:00:00+00:00,Non Graduated,25-34,1.0,Unknown,Unknown,Unknown,0,0,1,1,7773.278550075987,0,0,0,0,0.0
1859,2022,0,2023.0,2023-06-12,2023-08-23 00:00:00+00:00,Non Graduated,25-34,1.0,Unknown,Unknown,Unknown,0,0,1,1,12660.113204924746,0,0,0,0,0.0
1859,2023,0,2023.0,2023-06-12,2023-08-23 00:00:00+00:00,Non Graduated,25-34,1.0,Unknown,Unknown,Unknown,1,0,0,1,11703.234254082925,0,0,0,0,0.0
1859,2024,0,2023.0,2023-06-12,2023-08-23 00:00:00+00:00,Non Graduated,25-34,1.0,Unknown,Unknown,Unknown,1,0,0,1,20067.777658322066,0,0,0,0,0.0
1757,2017,1,2023.0,2023-01-23,2023-04-07 00:00:00+00:00,Graduated,25-34,1.0,Unknown,Unknown,Unknown,0,0,0,0,0.0,0,0,0,0,0.0
1757,2018,1,2023.0,2023-01-23,2023-04-07 00:00:00+00:00,Graduated,25-34,1.0,Unknown,Unknown,Unknown,0,0,0,0,0.0,0,0,0,0,0.0
1757,2019,1,2023.0,2023-01-23,2023-04-07 00:00:00+00:00,Graduated,25-34,1.0,Unknown,Unknown,Unknown,0,0,0,0,0.0,0,0,0,0,0.0
1757,2020,1,2023.0,2023-01-23,2023-04-07 00:00:00+00:00,Graduated,25-34,1.0,Unknown,Unknown,Unknown,0,0,0,1,1462.8993775933611,0,0,0,0,0.0
1757,2021,1,2023.0,2023-01-23,2023-04-07 00:00:00+00:00,Graduated,25-34,1.0,Unknown,Unknown,Unknown,0,0,0,1,1876.064084967354,0,0,0,0,0.0
1757,2022,1,2023.0,2023-01-23,2023-04-07 00:00:00+00:00,Graduated,25-34,1.0,Unknown,Unknown,Unknown,0,0,0,1,753.3397347780383,0,0,0,0,0.0
1757,2023,1,2023.0,2023-01-23,2023-04-07 00:00:00+00:00,Graduated,25-34,1.0,Unknown,Unknown,Unknown,1,1,0,1,6602.4796515738935,0,0,0,0,1.0
1757,2024,1,2023.0,2023-01-23,2023-04-07 00:00:00+00:00,Graduated,25-34,1.0,Unknown,Unknown,Unknown,1,1,0,1,11306.895993871072,0,0,0,0,1.0
1926,2017,0,2023.0,2023-08-28,2023-09-08 00:00:00+00:00,Non Graduated,25-34,1.0,Unknown,Unknown,Unknown,0,0,0,0,0.0,0,0,0,0,0.0
1926,2018,0,2023.0,2023-08-28,2023-09-08 00:00:00+00:00,Non Graduated,25-34,1.0,Unknown,Unknown,Unknown,0,0,0,0,0.0,0,0,0,0,0.0
1926,2019,0,2023.0,2023-08-28,2023-09-08 00:00:00+00:00,Non Graduated,25-34,1.0,Unknown,Unknown,Unknown,0,0,0,0,0.0,0,0,0,0,0.0
1926,2020,0,2023.0,2023-08-28,2023-09-08 00:00:00+00:00,Non Graduated,25-34,1.0,Unknown,Unknown,Unknown,0,0,0,0,0.0,0,0,0,0,0.0
1926,2021,0,2023.0,2023-08-28,2023-09-08 00:00:00+00:00,Non Graduated,25-34,1.0,Unknown,Unknown,Unknown,0,0,0,1,5482.610304086771,0,0,0,0,0.0
1926,2022,0,2023.0,2023-08-28,2023-09-08 00:00:00+00:00,Non Graduated,25-34,1.0,Unknown,Unknown,Unknown,0,0,1,1,31068.23364040413,0,0,0,0,0.0
1926,2023,0,2023.0,2023-08-28,2023-09-08 00:00:00+00:00,Non Graduated,25-34,1.0,Unknown,Unknown,Unknown,1,0,0,1,208.33668629922002,0,0,0,0,0.0
1926,2024,0,2023.0,2023-08-28,2023-09-08 00:00:00+00:00,Non Graduated,25-34,1.0,Unknown,Unknown,Unknown,1,0,0,1,14.525428070130502,0,0,0,0,0.0
1831,2017,1,2023.0,2023-05-08,2023-08-18 00:00:00+00:00,Graduated,25-34,1.0,Unknown,Unknown,Unknown,0,0,1,1,4937.810381345166,0,0,0,0,0.0
1831,2018,1,2023.0,2023-05-08,2023-08-18 00:00:00+00:00,Graduated,25-34,1.0,Unknown,Unknown,Unknown,0,0,0,1,4657.262656081577,0,0,0,0,0.0
1831,2019,1,2023.0,2023-05-08,2023-08-18 00:00:00+00:00,Graduated,25-34,1.0,Unknown,Unknown,Unknown,0,0,0,1,11772.49390853687,0,0,0,0,0.0
1831,2020,1,2023.0,2023-05-08,2023-08-18 00:00:00+00:00,Graduated,25-34,1.0,Unknown,Unknown,Unknown,0,0,1,1,10053.910838004062,0,0,0,0,0.0
1831,2021,1,2023.0,2023-05-08,2023-08-18 00:00:00+00:00,Graduated,25-34,1.0,Unknown,Unknown,Unknown,0,0,0,1,1627.4904091013539,0,0,0,0,0.0
1831,2022,1,2023.0,2023-05-08,2023-08-18 00:00:00+00:00,Graduated,25-34,1.0,Unknown,Unknown,Unknown,0,0,0,1,1043.7211447492905,0,0,0,0,0.0
1831,2023,1,2023.0,2023-05-08,2023-08-18 00:00:00+00:00,Graduated,25-34,1.0,Unknown,Unknown,Unknown,1,1,1,1,6521.010489470622,0,0,0,0,1.0
1831,2024,1,2023.0,2023-05-08,2023-08-18 00:00:00+00:00,Graduated,25-34,1.0,Unknown,Unknown,Unknown,1,1,0,1,1004.2253842498554,0,0,0,0,1.0
1546,2017,0,2022.0,2022-03-29,2022-04-28 00:00:00+00:00,Non Graduated,25-34,1.0,Unknown,Unknown,Unknown,0,0,1,1,10169.634455937528,0,0,0,0,0.0
1546,2018,0,2022.0,2022-03-29,2022-04-28 00:00:00+00:00,Non Graduated,25-34,1.0,Unknown,Unknown,Unknown,0,0,0,1,2151.668488583633,0,0,0,0,0.0
1546,2019,0,2022.0,2022-03-29,2022-04-28 00:00:00+00:00,Non Graduated,25-34,1.0,Unknown,Unknown,Unknown,0,0,0,1,18559.5506553917,0,0,0,0,0.0
1546,2020,0,2022.0,2022-03-29,2022-04-28 00:00:00+00:00,Non Graduated,25-34,1.0,Unknown,Unknown,Unknown,0,0,0,1,18655.80374329538,0,0,0,0,0.0
1546,2021,0,2022.0,2022-03-29,2022-04-28 00:00:00+00:00,Non Graduated,25-34,1.0,Unknown,Unknown,Unknown,0,0,1,1,8297.709824592686,1,1,1,0,0.0
1546,2022,0,2022.0,2022-03-29,2022-04-28 00:00:00+00:00,Non Graduated,25-34,1.0,Unknown,Unknown,Unknown,1,0,1,1,7659.000080720841,0,0,1,1,0.0
1546,2023,0,2022.0,2022-03-29,2022-04-28 00:00:00+00:00,Non Graduated,25-34,1.0,Unknown,Unknown,Unknown,1,0,0,1,2575.589214010257,0,0,1,1,0.0
1546,2024,0,2022.0,2022-03-29,2022-04-28 00:00:00+00:00,Non Graduated,25-34,1.0,Unknown,Unknown,Unknown,1,0,0,0,0.0,0,0,1,1,0.0
1846,2017,1,2023.0,2023-05-22,2023-06-15 00:00:00+00:00,Graduated,25-34,1.0,Unknown,Unknown,Unknown,0,0,0,0,0.0,0,0,0,0,0.0
1846,2018,1,2023.0,2023-05-22,2023-06-15 00:00:00+00:00,Graduated,25-34,1.0,Unknown,Unknown,Unknown,0,0,0,0,0.0,0,0,0,0,0.0
1846,2019,1,2023.0,2023-05-22,2023-06-15 00:00:00+00:00,Graduated,25-34,1.0,Unknown,Unknown,Unknown,0,0,0,0,0.0,0,0,0,0,0.0
1846,2020,1,2023.0,2023-05-22,2023-06-15 00:00:00+00:00,Graduated,25-34,1.0,Unknown,Unknown,Unknown,0,0,0,0,0.0,0,0,0,0,0.0
1846,2021,1,2023.0,2023-05-22,2023-06-15 00:00:00+00:00,Graduated,25-34,1.0,Unknown,Unknown,Unknown,0,0,0,1,2166.830341504551,0,0,0,0,0.0
1846,2022,1,2023.0,2023-05-22,2023-06-15 00:00:00+00:00,Graduated,25-34,1.0,Unknown,Unknown,Unknown,0,0,0,1,609.67310562843,0,0,0,0,0.0
1846,2023,1,2023.0,2023-05-22,2023-06-15 00:00:00+00:00,Graduated,25-34,1.0,Unknown,Unknown,Unknown,1,1,0,1,372.49727996337475,0,0,0,0,1.0
1846,2024,1,2023.0,2023-05-22,2023-06-15 00:00:00+00:00,Graduated,25-34,1.0,Unknown,Unknown,Unknown,1,1,0,1,2524.4009219491445,0,0,0,0,1.0
1712,2017,0,2023.0,2022-11-14,2023-01-04 00:00:00+00:00,Non Graduated,25-34,1.0,Unknown,Unknown,Unknown,0,0,0,1,11146.061792789136,0,0,0,0,0.0
1712,2018,0,2023.0,2022-11-14,2023-01-04 00:00:00+00:00,Non Graduated,25-34,1.0,Unknown,Unknown,Unknown,0,0,1,1,17394.861027589035,0,0,0,0,0.0
1712,2019,0,2023.0,2022-11-14,2023-01-04 00:00:00+00:00,Non Graduated,25-34,1.0,Unknown,Unknown,Unknown,0,0,1,1,21860.292873880524,0,0,0,0,0.0
1712,2020,0,2023.0,2022-11-14,2023-01-04 00:00:00+00:00,Non Graduated,25-34,1.0,Unknown,Unknown,Unknown,0,0,0,1,21690.870756534452,0,0,0,0,0.0
1712,2021,0,2023.0,2022-11-14,2023-01-04 00:00:00+00:00,Non Graduated,25-34,1.0,Unknown,Unknown,Unknown,0,0,1,1,27353.03031728338,0,0,0,0,0.0
1712,2022,0,2023.0,2022-11-14,2023-01-04 00:00:00+00:00,Non Graduated,25-34,1.0,Unknown,Unknown,Unknown,0,0,1,1,42504.97130512389,0,0,0,0,0.0
1712,2023,0,2023.0,2022-11-14,2023-01-04 00:00:00+00:00,Non Graduated,25-34,1.0,Unknown,Unknown,Unknown,1,0,1,1,43304.55346932764,0,0,0,0,0.0
1712,2024,0,2023.0,2022-11-14,2023-01-04 00:00:00+00:00,Non Graduated,25-34,1.0,Unknown,Unknown,Unknown,1,0,0,1,40002.232166129565,0,0,0,0,0.0
1999,2017,1,2024.0,2023-12-11,2024-03-01 00:00:00+00:00,Graduated,25-34,1.0,Unknown,Unknown,Unknown,0,0,1,1,3525.279489835982,0,0,0,0,0.0
1999,2018,1,2024.0,2023-12-11,2024-03-01 00:00:00+00:00,Graduated,25-34,1.0,Unknown,Unknown,Unknown,0,0,1,1,7642.700958645714,0,0,0,0,0.0
1999,2019,1,2024.0,2023-12-11,2024-03-01 00:00:00+00:00,Graduated,25-34,1.0,Unknown,Unknown,Unknown,0,0,1,1,10224.696348403531,0,0,0,0,0.0
1999,2020,1,2024.0,2023-12-11,2024-03-01 00:00:00+00:00,Graduated,25-34,1.0,Unknown,Unknown,Unknown,0,0,1,1,2549.2278781252357,0,0,0,0,0.0
1999,2021,1,2024.0,2023-12-11,2024-03-01 00:00:00+00:00,Graduated,25-34,1.0,Unknown,Unknown,Unknown,0,0,0,1,210.37788107689326,0,0,0,0,0.0
1999,2022,1,2024.0,2023-12-11,2024-03-01 00:00:00+00:00,Graduated,25-34,1.0,Unknown,Unknown,Unknown,0,0,0,1,5928.825202133121,0,0,0,0,0.0
1999,2023,1,2024.0,2023-12-11,2024-03-01 00:00:00+00:00,Graduated,25-34,1.0,Unknown,Unknown,Unknown,0,0,1,1,37158.39097546775,0,0,0,0,0.0
1999,2024,1,2024.0,2023-12-11,2024-03-01 00:00:00+00:00,Graduated,25-34,1.0,Unknown,Unknown,Unknown,1,1,0,1,10931.800706149479,0,0,0,0,1.0
2044,2017,0,2024.0,2024-02-19,2024-05-03 00:00:00+00:00,Non Graduated,25-34,1.0,Unknown,Unknown,Unknown,0,0,0,0,0.0,0,0,0,0,0.0
2044,2018,0,2024.0,2024-02-19,2024-05-03 00:00:00+00:00,Non Graduated,25-34,1.0,Unknown,Unknown,Unknown,0,0,0,0,0.0,0,0,0,0,0.0
2044,2019,0,2024.0,2024-02-19,2024-05-03 00:00:00+00:00,Non Graduated,25-34,1.0,Unknown,Unknown,Unknown,0,0,0,0,0.0,0,0,0,0,0.0
2044,2020,0,2024.0,2024-02-19,2024-05-03 00:00:00+00:00,Non Graduated,25-34,1.0,Unknown,Unknown,Unknown,0,0,0,0,0.0,0,0,0,0,0.0
2044,2021,0,2024.0,2024-02-19,2024-05-03 00:00:00+00:00,Non Graduated,25-34,1.0,Unknown,Unknown,Unknown,0,0,0,1,6742.746916486581,0,0,0,0,0.0
2044,2022,0,2024.0,2024-02-19,2024-05-03 00:00:00+00:00,Non Graduated,25-34,1.0,Unknown,Unknown,Unknown,0,0,1,1,6414.612910543329,0,0,0,0,0.0
2044,2023,0,2024.0,2024-02-19,2024-05-03 00:00:00+00:00,Non Graduated,25-34,1.0,Unknown,Unknown,Unknown,0,0,1,1,11895.189431476185,0,0,0,0,0.0
2044,2024,0,2024.0,2024-02-19,2024-05-03 00:00:00+00:00,Non Graduated,25-34,1.0,Unknown,Unknown,Unknown,1,0,0,1,1304.1508254606777,0,0,0,0,0.0
1852,2017,1,2023.0,2023-05-30,2023-08-18 00:00:00+00:00,Graduated,25-34,1.0,Unknown,Unknown,Unknown,0,0,0,0,0.0,0,0,0,0,0.0
1852,2018,1,2023.0,2023-05-30,2023-08-18 00:00:00+00:00,Graduated,25-34,1.0,Unknown,Unknown,Unknown,0,0,0,0,0.0,0,0,0,0,0.0
1852,2019,1,2023.0,2023-05-30,2023-08-18 00:00:00+00:00,Graduated,25-34,1.0,Unknown,Unknown,Unknown,0,0,0,0,0.0,0,0,0,0,0.0
1852,2020,1,2023.0,2023-05-30,2023-08-18 00:00:00+00:00,Graduated,25-34,1.0,Unknown,Unknown,Unknown,0,0,0,1,269.9682809032763,0,0,0,0,0.0
1852,2021,1,2023.0,2023-05-30,2023-08-18 00:00:00+00:00,Graduated,25-34,1.0,Unknown,Unknown,Unknown,0,0,0,1,2154.9203951191166,0,0,0,0,0.0
1852,2022,1,2023.0,2023-05-30,2023-08-18 00:00:00+00:00,Graduated,25-34,1.0,Unknown,Unknown,Unknown,0,0,0,1,5076.4427191405175,0,0,0,0,0.0
1852,2023,1,2023.0,2023-05-30,2023-08-18 00:00:00+00:00,Graduated,25-34,1.0,Unknown,Unknown,Unknown,1,1,0,1,3143.4218074306073,2,1,1,0,1.0
1852,2024,1,2023.0,2023-05-30,2023-08-18 00:00:00+00:00,Graduated,25-34,1.0,Unknown,Unknown,Unknown,1,1,0,1,8038.506424142958,0,0,1,1,1.0
1883,2017,0,2023.0,2023-07-17,2023-08-30 00:00:00+00:00,Non Graduated,25-34,1.0,Unknown,Unknown,Unknown,0,0,0,1,820.8882101053983,0,0,0,0,0.0
1883,2018,0,2023.0,2023-07-17,2023-08-30 00:00:00+00:00,Non Graduated,25-34,1.0,Unknown,Unknown,Unknown,0,0,0,0,0.0,0,0,0,0,0.0
1883,2019,0,2023.0,2023-07-17,2023-08-30 00:00:00+00:00,Non Graduated,25-34,1.0,Unknown,Unknown,Unknown,0,0,0,0,0.0,0,0,0,0,0.0
1883,2020,0,2023.0,2023-07-17,2023-08-30 00:00:00+00:00,Non Graduated,25-34,1.0,Unknown,Unknown,Unknown,0,0,0,0,0.0,0,0,0,0,0.0
1883,2021,0,2023.0,2023-07-17,2023-08-30 00:00:00+00:00,Non Graduated,25-34,1.0,Unknown,Unknown,Unknown,0,0,0,1,6200.074669088363,2,1,1,0,0.0
1883,2022,0,2023.0,2023-07-17,2023-08-30 00:00:00+00:00,Non Graduated,25-34,1.0,Unknown,Unknown,Unknown,0,0,0,1,4931.9977475365695,0,0,1,1,0.0
1883,2023,0,2023.0,2023-07-17,2023-08-30 00:00:00+00:00,Non Graduated,25-34,1.0,Unknown,Unknown,Unknown,1,0,0,0,0.0,0,0,1,1,0.0
1883,2024,0,2023.0,2023-07-17,2023-08-30 00:00:00+00:00,Non Graduated,25-34,1.0,Unknown,Unknown,Unknown,1,0,0,1,5983.623229866064,1,1,1,1,0.0
1728,2017,1,2023.0,2022-12-12,2023-03-10 00:00:00+00:00,Graduated,25-34,1.0,Unknown,Unknown,Unknown,0,0,0,0,0.0,0,0,0,0,0.0
1728,2018,1,2023.0,2022-12-12,2023-03-10 00:00:00+00:00,Graduated,25-34,1.0,Unknown,Unknown,Unknown,0,0,0,1,367.13599721120744,0,0,0,0,0.0
1728,2019,1,2023.0,2022-12-12,2023-03-10 00:00:00+00:00,Graduated,25-34,1.0,Unknown,Unknown,Unknown,0,0,0,1,2844.9019122557147,0,0,0,0,0.0
1728,2020,1,2023.0,2022-12-12,2023-03-10 00:00:00+00:00,Graduated,25-34,1.0,Unknown,Unknown,Unknown,0,0,0,1,1686.9105071044266,0,0,0,0,0.0
1728,2021,1,2023.0,2022-12-12,2023-03-10 00:00:00+00:00,Graduated,25-34,1.0,Unknown,Unknown,Unknown,0,0,0,1,1774.845438698431,0,0,0,0,0.0
1728,2022,1,2023.0,2022-12-12,2023-03-10 00:00:00+00:00,Graduated,25-34,1.0,Unknown,Unknown,Unknown,0,0,1,1,5066.655023986774,2,1,1,0,0.0
1728,2023,1,2023.0,2022-12-12,2023-03-10 00:00:00+00:00,Graduated,25-34,1.0,Unknown,Unknown,Unknown,1,1,0,1,1007.5723238972154,2,1,1,1,1.0
1728,2024,1,2023.0,2022-12-12,2023-03-10 00:00:00+00:00,Graduated,25-34,1.0,Unknown,Unknown,Unknown,1,1,0,1,947.5954342041414,1,1,1,1,1.0
1608,2017,0,2022.0,2022-06-27,2022-07-29 00:00:00+00:00,Non Graduated,25-34,1.0,Unknown,Unknown,Unknown,0,0,1,1,6699.491402673675,0,0,0,0,0.0
1608,2018,0,2022.0,2022-06-27,2022-07-29 00:00:00+00:00,Non Graduated,25-34,1.0,Unknown,Unknown,Unknown,0,0,1,1,16997.51102964992,0,0,0,0,0.0
1608,2019,0,2022.0,2022-06-27,2022-07-29 00:00:00+00:00,Non Graduated,25-34,1.0,Unknown,Unknown,Unknown,0,0,1,1,21006.834449092712,0,0,0,0,0.0
1608,2020,0,2022.0,2022-06-27,2022-07-29 00:00:00+00:00,Non Graduated,25-34,1.0,Unknown,Unknown,Unknown,0,0,0,1,3124.7741454941097,0,0,0,0,0.0
1608,2021,0,2022.0,2022-06-27,2022-07-29 00:00:00+00:00,Non Graduated,25-34,1.0,Unknown,Unknown,Unknown,0,0,0,1,646.2436567886887,4,1,1,0,0.0
1608,2022,0,2022.0,2022-06-27,2022-07-29 00:00:00+00:00,Non Graduated,25-34,1.0,Unknown,Unknown,Unknown,1,0,0,1,811.5326395458845,0,0,1,1,0.0
1608,2023,0,2022.0,2022-06-27,2022-07-29 00:00:00+00:00,Non Graduated,25-34,1.0,Unknown,Unknown,Unknown,1,0,0,0,0.0,0,0,1,1,0.0
1608,2024,0,2022.0,2022-06-27,2022-07-29 00:00:00+00:00,Non Graduated,25-34,1.0,Unknown,Unknown,Unknown,1,0,0,0,0.0,0,0,1,1,0.0
1878,2017,1,2023.0,2023-07-10,2023-09-29 00:00:00+00:00,Graduated,25-34,1.0,Unknown,Unknown,Unknown,0,0,0,0,0.0,0,0,0,0,0.0
1878,2018,1,2023.0,2023-07-10,2023-09-29 00:00:00+00:00,Graduated,25-34,1.0,Unknown,Unknown,Unknown,0,0,0,0,0.0,0,0,0,0,0.0
1878,2019,1,2023.0,2023-07-10,2023-09-29 00:00:00+00:00,Graduated,25-34,1.0,Unknown,Unknown,Unknown,0,0,0,0,0.0,0,0,0,0,0.0
1878,2020,1,2023.0,2023-07-10,2023-09-29 00:00:00+00:00,Graduated,25-34,1.0,Unknown,Unknown,Unknown,0,0,0,0,0.0,0,0,0,0,0.0
1878,2021,1,2023.0,2023-07-10,2023-09-29 00:00:00+00:00,Graduated,25-34,1.0,Unknown,Unknown,Unknown,0,0,0,1,3873.484023724048,0,0,0,0,0.0
1878,2022,1,2023.0,2023-07-10,2023-09-29 00:00:00+00:00,Graduated,25-34,1.0,Unknown,Unknown,Unknown,0,0,1,1,6158.120384356933,0,0,0,0,0.0
1878,2023,1,2023.0,2023-07-10,2023-09-29 00:00:00+00:00,Graduated,25-34,1.0,Unknown,Unknown,Unknown,1,1,1,1,6960.518771005019,0,0,0,0,1.0
1878,2024,1,2023.0,2023-07-10,2023-09-29 00:00:00+00:00,Graduated,25-34,1.0,Unknown,Unknown,Unknown,1,1,0,1,7769.867953880517,0,0,0,0,1.0
1684,2017,0,2022.0,2022-10-10,2022-10-18 00:00:00+00:00,Non Graduated,25-34,1.0,Unknown,Unknown,Unknown,0,0,0,0,0.0,0,0,0,0,0.0
1684,2018,0,2022.0,2022-10-10,2022-10-18 00:00:00+00:00,Non Graduated,25-34,1.0,Unknown,Unknown,Unknown,0,0,0,0,0.0,0,0,0,0,0.0
1684,2019,0,2022.0,2022-10-10,2022-10-18 00:00:00+00:00,Non Graduated,25-34,1.0,Unknown,Unknown,Unknown,0,0,0,0,0.0,0,0,0,0,0.0
1684,2020,0,2022.0,2022-10-10,2022-10-18 00:00:00+00:00,Non Graduated,25-34,1.0,Unknown,Unknown,Unknown,0,0,0,0,0.0,0,0,0,0,0.0
1684,2021,0,2022.0,2022-10-10,2022-10-18 00:00:00+00:00,Non Graduated,25-34,1.0,Unknown,Unknown,Unknown,0,0,0,0,0.0,0,0,0,0,0.0
1684,2022,0,2022.0,2022-10-10,2022-10-18 00:00:00+00:00,Non Graduated,25-34,1.0,Unknown,Unknown,Unknown,1,0,0,0,0.0,0,0,0,0,0.0
1684,2023,0,2022.0,2022-10-10,2022-10-18 00:00:00+00:00,Non Graduated,25-34,1.0,Unknown,Unknown,Unknown,1,0,0,0,0.0,0,0,0,0,0.0
1684,2024,0,2022.0,2022-10-10,2022-10-18 00:00:00+00:00,Non Graduated,25-34,1.0,Unknown,Unknown,Unknown,1,0,0,0,0.0,0,0,0,0,0.0
1688,2017,1,2022.0,2022-10-11,2022-12-23 00:00:00+00:00,Graduated,25-34,1.0,Unknown,Unknown,Unknown,0,0,0,0,0.0,0,0,0,0,0.0
1688,2018,1,2022.0,2022-10-11,2022-12-23 00:00:00+00:00,Graduated,25-34,1.0,Unknown,Unknown,Unknown,0,0,0,1,1349.1606051362903,0,0,0,0,0.0
1688,2019,1,2022.0,2022-10-11,2022-12-23 00:00:00+00:00,Graduated,25-34,1.0,Unknown,Unknown,Unknown,0,0,0,1,2024.0165657527225,0,0,0,0,0.0
1688,2020,1,2022.0,2022-10-11,2022-12-23 00:00:00+00:00,Graduated,25-34,1.0,Unknown,Unknown,Unknown,0,0,0,1,6278.383594211997,0,0,0,0,0.0
1688,2021,1,2022.0,2022-10-11,2022-12-23 00:00:00+00:00,Graduated,25-34,1.0,Unknown,Unknown,Unknown,0,0,1,1,18294.399181922006,0,0,0,0,0.0
1688,2022,1,2022.0,2022-10-11,2022-12-23 00:00:00+00:00,Graduated,25-34,1.0,Unknown,Unknown,Unknown,1,1,1,1,21217.565257242364,0,0,0,0,1.0
1688,2023,1,2022.0,2022-10-11,2022-12-23 00:00:00+00:00,Graduated,25-34,1.0,Unknown,Unknown,Unknown,1,1,0,1,2000.8022673955957,0,0,0,0,1.0
1688,2024,1,2022.0,2022-10-11,2022-12-23 00:00:00+00:00,Graduated,25-34,1.0,Unknown,Unknown,Unknown,1,1,0,1,940.4011087817672,0,0,0,0,1.0
1457,2017,0,2024.0,2024-02-12,2024-03-08 00:00:00+00:00,Non Graduated,25-34,1.0,Unknown,Unknown,Unknown,0,0,0,1,84.12753322191753,0,0,0,0,0.0
1457,2018,0,2024.0,2024-02-12,2024-03-08 00:00:00+00:00,Non Graduated,25-34,1.0,Unknown,Unknown,Unknown,0,0,0,1,4599.617133519749,0,0,0,0,0.0
1457,2019,0,2024.0,2024-02-12,2024-03-08 00:00:00+00:00,Non Graduated,25-34,1.0,Unknown,Unknown,Unknown,0,0,1,1,4308.167524342058,0,0,0,0,0.0
1457,2020,0,2024.0,2024-02-12,2024-03-08 00:00:00+00:00,Non Graduated,25-34,1.0,Unknown,Unknown,Unknown,0,0,0,1,799.7303450012589,0,0,0,0,0.0
1457,2021,0,2024.0,2024-02-12,2024-03-08 00:00:00+00:00,Non Graduated,25-34,1.0,Unknown,Unknown,Unknown,0,0,0,1,4111.308074759427,0,0,0,0,0.0
1457,2022,0,2024.0,2024-02-12,2024-03-08 00:00:00+00:00,Non Graduated,25-34,1.0,Unknown,Unknown,Unknown,0,0,1,1,9798.056871842255,0,0,0,0,0.0
1457,2023,0,2024.0,2024-02-12,2024-03-08 00:00:00+00:00,Non Graduated,25-34,1.0,Unknown,Unknown,Unknown,0,0,0,1,2491.6691543022325,1,1,1,0,0.0
1457,2024,0,2024.0,2024-02-12,2024-03-08 00:00:00+00:00,Non Graduated,25-34,1.0,Unknown,Unknown,Unknown,1,0,0,1,1042.7901456194793,0,0,1,1,0.0
1742,2017,1,2023.0,2023-01-03,2023-03-17 00:00:00+00:00,Graduated,25-34,1.0,Unknown,Unknown,Unknown,0,0,0,0,0.0,0,0,0,0,0.0
1742,2018,1,2023.0,2023-01-03,2023-03-17 00:00:00+00:00,Graduated,25-34,1.0,Unknown,Unknown,Unknown,0,0,0,0,0.0,0,0,0,0,0.0
1742,2019,1,2023.0,2023-01-03,2023-03-17 00:00:00+00:00,Graduated,25-34,1.0,Unknown,Unknown,Unknown,0,0,0,1,13047.963236281561,0,0,0,0,0.0
1742,2020,1,2023.0,2023-01-03,2023-03-17 00:00:00+00:00,Graduated,25-34,1.0,Unknown,Unknown,Unknown,0,0,1,1,24442.873012298387,0,0,0,0,0.0
1742,2021,1,2023.0,2023-01-03,2023-03-17 00:00:00+00:00,Graduated,25-34,1.0,Unknown,Unknown,Unknown,0,0,0,1,8228.742436888668,0,0,0,0,0.0
1742,2022,1,2023.0,2023-01-03,2023-03-17 00:00:00+00:00,Graduated,25-34,1.0,Unknown,Unknown,Unknown,0,0,0,1,10079.323843954846,0,0,0,0,0.0
1742,2023,1,2023.0,2023-01-03,2023-03-17 00:00:00+00:00,Graduated,25-34,1.0,Unknown,Unknown,Unknown,1,1,1,1,7505.293333179623,0,0,0,0,1.0
1742,2024,1,2023.0,2023-01-03,2023-03-17 00:00:00+00:00,Graduated,25-34,1.0,Unknown,Unknown,Unknown,1,1,0,1,7806.279889932943,0,0,0,0,1.0
2139,2017,0,2024.0,2024-05-28,2024-06-24 00:00:00+00:00,Non Graduated,25-34,1.0,Unknown,Unknown,Unknown,0,0,0,1,1379.8806169703303,0,0,0,0,0.0
2139,2018,0,2024.0,2024-05-28,2024-06-24 00:00:00+00:00,Non Graduated,25-34,1.0,Unknown,Unknown,Unknown,0,0,1,1,8083.961481522291,0,0,0,0,0.0
2139,2019,0,2024.0,2024-05-28,2024-06-24 00:00:00+00:00,Non Graduated,25-34,1.0,Unknown,Unknown,Unknown,0,0,0,1,12646.177647030117,0,0,0,0,0.0
2139,2020,0,2024.0,2024-05-28,2024-06-24 00:00:00+00:00,Non Graduated,25-34,1.0,Unknown,Unknown,Unknown,0,0,0,1,2801.979765623265,0,0,0,0,0.0
2139,2021,0,2024.0,2024-05-28,2024-06-24 00:00:00+00:00,Non Graduated,25-34,1.0,Unknown,Unknown,Unknown,0,0,1,1,18914.138567021673,0,0,0,0,0.0
2139,2022,0,2024.0,2024-05-28,2024-06-24 00:00:00+00:00,Non Graduated,25-34,1.0,Unknown,Unknown,Unknown,0,0,1,1,20208.664248685716,0,0,0,0,0.0
2139,2023,0,2024.0,2024-05-28,2024-06-24 00:00:00+00:00,Non Graduated,25-34,1.0,Unknown,Unknown,Unknown,0,0,1,1,9243.481639682837,0,0,0,0,0.0
2139,2024,0,2024.0,2024-05-28,2024-06-24 00:00:00+00:00,Non Graduated,25-34,1.0,Unknown,Unknown,Unknown,1,0,0,1,4476.5881035026905,0,0,0,0,0.0
2012,2017,1,2024.0,2024-01-03,2024-04-19 00:00:00+00:00,Graduated,25-34,1.0,Unknown,Unknown,Unknown,0,0,0,0,0.0,0,0,0,0,0.0
2012,2018,1,2024.0,2024-01-03,2024-04-19 00:00:00+00:00,Graduated,25-34,1.0,Unknown,Unknown,Unknown,0,0,0,1,6223.5942110982,0,0,0,0,0.0
2012,2019,1,2024.0,2024-01-03,2024-04-19 00:00:00+00:00,Graduated,25-34,1.0,Unknown,Unknown,Unknown,0,0,1,1,21657.024851436458,0,0,0,0,0.0
2012,2020,1,2024.0,2024-01-03,2024-04-19 00:00:00+00:00,Graduated,25-34,1.0,Unknown,Unknown,Unknown,0,0,0,1,3711.942710764629,0,0,0,0,0.0
2012,2021,1,2024.0,2024-01-03,2024-04-19 00:00:00+00:00,Graduated,25-34,1.0,Unknown,Unknown,Unknown,0,0,0,0,0.0,0,0,0,0,0.0
2012,2022,1,2024.0,2024-01-03,2024-04-19 00:00:00+00:00,Graduated,25-34,1.0,Unknown,Unknown,Unknown,0,0,0,0,0.0,0,0,0,0,0.0
2012,2023,1,2024.0,2024-01-03,2024-04-19 00:00:00+00:00,Graduated,25-34,1.0,Unknown,Unknown,Unknown,0,0,0,1,7988.49232930763,0,0,0,0,0.0
2012,2024,1,2024.0,2024-01-03,2024-04-19 00:00:00+00:00,Graduated,25-34,1.0,Unknown,Unknown,Unknown,1,1,0,1,3242.273554281934,0,0,0,0,1.0
2074,2017,0,2024.0,2024-05-20,2024-06-24 00:00:00+00:00,Non Graduated,25-34,1.0,Unknown,Unknown,Unknown,0,0,0,0,0.0,0,0,0,0,0.0
2074,2018,0,2024.0,2024-05-20,2024-06-24 00:00:00+00:00,Non Graduated,25-34,1.0,Unknown,Unknown,Unknown,0,0,0,0,0.0,0,0,0,0,0.0
2074,2019,0,2024.0,2024-05-20,2024-06-24 00:00:00+00:00,Non Graduated,25-34,1.0,Unknown,Unknown,Unknown,0,0,0,0,0.0,0,0,0,0,0.0
2074,2020,0,2024.0,2024-05-20,2024-06-24 00:00:00+00:00,Non Graduated,25-34,1.0,Unknown,Unknown,Unknown,0,0,0,0,0.0,0,0,0,0,0.0
2074,2021,0,2024.0,2024-05-20,2024-06-24 00:00:00+00:00,Non Graduated,25-34,1.0,Unknown,Unknown,Unknown,0,0,0,0,0.0,0,0,0,0,0.0
2074,2022,0,2024.0,2024-05-20,2024-06-24 00:00:00+00:00,Non Graduated,25-34,1.0,Unknown,Unknown,Unknown,0,0,0,0,0.0,0,0,0,0,0.0
2074,2023,0,2024.0,2024-05-20,2024-06-24 00:00:00+00:00,Non Graduated,25-34,1.0,Unknown,Unknown,Unknown,0,0,0,0,0.0,0,0,0,0,0.0
2074,2024,0,2024.0,2024-05-20,2024-06-24 00:00:00+00:00,Non Graduated,25-34,1.0,Unknown,Unknown,Unknown,1,0,0,0,0.0,0,0,0,0,0.0
1761,2017,1,2023.0,2023-01-30,2023-04-14 00:00:00+00:00,Graduated,25-34,1.0,Unknown,Unknown,Unknown,0,0,0,1,3359.0750940779894,0,0,0,0,0.0
1761,2018,1,2023.0,2023-01-30,2023-04-14 00:00:00+00:00,Graduated,25-34,1.0,Unknown,Unknown,Unknown,0,0,0,1,3913.725629984154,0,0,0,0,0.0
1761,2019,1,2023.0,2023-01-30,2023-04-14 00:00:00+00:00,Graduated,25-34,1.0,Unknown,Unknown,Unknown,0,0,0,1,12139.476488965385,0,0,0,0,0.0
1761,2020,1,2023.0,2023-01-30,2023-04-14 00:00:00+00:00,Graduated,25-34,1.0,Unknown,Unknown,Unknown,0,0,0,1,5379.083064051905,0,0,0,0,0.0
1761,2021,1,2023.0,2023-01-30,2023-04-14 00:00:00+00:00,Graduated,25-34,1.0,Unknown,Unknown,Unknown,0,0,0,1,2259.6440536550926,1,1,1,0,0.0
1761,2022,1,2023.0,2023-01-30,2023-04-14 00:00:00+00:00,Graduated,25-34,1.0,Unknown,Unknown,Unknown,0,0,0,1,8394.460040499349,0,0,1,1,0.0
1761,2023,1,2023.0,2023-01-30,2023-04-14 00:00:00+00:00,Graduated,25-34,1.0,Unknown,Unknown,Unknown,1,1,1,1,43093.49790042116,0,0,1,1,1.0
1761,2024,1,2023.0,2023-01-30,2023-04-14 00:00:00+00:00,Graduated,25-34,1.0,Unknown,Unknown,Unknown,1,1,0,1,38651.37342149482,0,0,1,1,1.0
1942,2017,0,2023.0,2023-09-25,2023-11-20 00:00:00+00:00,Non Graduated,25-34,1.0,Unknown,Unknown,Unknown,0,0,0,1,2278.771667463741,0,0,1,1,0.0
1942,2018,0,2023.0,2023-09-25,2023-11-20 00:00:00+00:00,Non Graduated,25-34,1.0,Unknown,Unknown,Unknown,0,0,0,1,9869.313636311308,0,0,1,1,0.0
1942,2019,0,2023.0,2023-09-25,2023-11-20 00:00:00+00:00,Non Graduated,25-34,1.0,Unknown,Unknown,Unknown,0,0,0,1,1324.506125050157,0,0,1,1,0.0
1942,2020,0,2023.0,2023-09-25,2023-11-20 00:00:00+00:00,Non Graduated,25-34,1.0,Unknown,Unknown,Unknown,0,0,0,0,0.0,2,1,1,1,0.0
1942,2021,0,2023.0,2023-09-25,2023-11-20 00:00:00+00:00,Non Graduated,25-34,1.0,Unknown,Unknown,Unknown,0,0,0,0,0.0,0,0,1,1,0.0
1942,2022,0,2023.0,2023-09-25,2023-11-20 00:00:00+00:00,Non Graduated,25-34,1.0,Unknown,Unknown,Unknown,0,0,0,0,0.0,0,0,1,1,0.0
1942,2023,0,2023.0,2023-09-25,2023-11-20 00:00:00+00:00,Non Graduated,25-34,1.0,Unknown,Unknown,Unknown,1,0,0,0,0.0,0,0,1,1,0.0
1942,2024,0,2023.0,2023-09-25,2023-11-20 00:00:00+00:00,Non Graduated,25-34,1.0,Unknown,Unknown,Unknown,1,0,0,0,0.0,0,0,1,1,0.0
1722,2017,1,2023.0,2022-12-12,2023-03-03 00:00:00+00:00,Graduated,25-34,1.0,Unknown,Unknown,Unknown,0,0,0,1,9907.676017047404,0,0,0,0,0.0
1722,2018,1,2023.0,2022-12-12,2023-03-03 00:00:00+00:00,Graduated,25-34,1.0,Unknown,Unknown,Unknown,0,0,1,1,14192.633953919802,0,0,0,0,0.0
1722,2019,1,2023.0,2022-12-12,2023-03-03 00:00:00+00:00,Graduated,25-34,1.0,Unknown,Unknown,Unknown,0,0,1,1,19238.955002728882,0,0,0,0,0.0
1722,2020,1,2023.0,2022-12-12,2023-03-03 00:00:00+00:00,Graduated,25-34,1.0,Unknown,Unknown,Unknown,0,0,1,1,21349.699743536323,0,0,0,0,0.0
1722,2021,1,2023.0,2022-12-12,2023-03-03 00:00:00+00:00,Graduated,25-34,1.0,Unknown,Unknown,Unknown,0,0,1,1,19211.397542962823,0,0,0,0,0.0
1722,2022,1,2023.0,2022-12-12,2023-03-03 00:00:00+00:00,Graduated,25-34,1.0,Unknown,Unknown,Unknown,0,0,1,1,20962.910459440835,0,0,0,0,0.0
1722,2023,1,2023.0,2022-12-12,2023-03-03 00:00:00+00:00,Graduated,25-34,1.0,Unknown,Unknown,Unknown,1,1,1,1,17678.223177362433,0,0,0,0,1.0
1722,2024,1,2023.0,2022-12-12,2023-03-03 00:00:00+00:00,Graduated,25-34,1.0,Unknown,Unknown,Unknown,1,1,0,1,17163.60303941555,0,0,0,0,1.0
1875,2017,0,2023.0,2023-07-05,2023-08-23 00:00:00+00:00,Non Graduated,35+,1.0,Unknown,Unknown,Unknown,0,0,0,0,0.0,0,0,1,1,0.0
1875,2018,0,2023.0,2023-07-05,2023-08-23 00:00:00+00:00,Non Graduated,35+,1.0,Unknown,Unknown,Unknown,0,0,0,0,0.0,0,0,1,1,0.0
1875,2019,0,2023.0,2023-07-05,2023-08-23 00:00:00+00:00,Non Graduated,35+,1.0,Unknown,Unknown,Unknown,0,0,0,0,0.0,0,0,1,1,0.0
1875,2020,0,2023.0,2023-07-05,2023-08-23 00:00:00+00:00,Non Graduated,35+,1.0,Unknown,Unknown,Unknown,0,0,0,0,0.0,0,0,1,1,0.0
1875,2021,0,2023.0,2023-07-05,2023-08-23 00:00:00+00:00,Non Graduated,35+,1.0,Unknown,Unknown,Unknown,0,0,0,0,0.0,0,0,1,1,0.0
1875,2022,0,2023.0,2023-07-05,2023-08-23 00:00:00+00:00,Non Graduated,35+,1.0,Unknown,Unknown,Unknown,0,0,0,1,1698.898654635997,0,0,1,1,0.0
1875,2023,0,2023.0,2023-07-05,2023-08-23 00:00:00+00:00,Non Graduated,35+,1.0,Unknown,Unknown,Unknown,1,0,0,1,20656.450568314664,0,0,1,1,0.0
1875,2024,0,2023.0,2023-07-05,2023-08-23 00:00:00+00:00,Non Graduated,35+,1.0,Unknown,Unknown,Unknown,1,0,0,1,963.16279997628,2,1,1,1,0.0
1910,2017,1,2023.0,2023-08-14,2023-10-27 00:00:00+00:00,Graduated,35+,1.0,Unknown,Unknown,Unknown,0,0,0,0,0.0,0,0,1,1,0.0
1910,2018,1,2023.0,2023-08-14,2023-10-27 00:00:00+00:00,Graduated,35+,1.0,Unknown,Unknown,Unknown,0,0,0,1,115.53230681471564,0,0,1,1,0.0
1910,2019,1,2023.0,2023-08-14,2023-10-27 00:00:00+00:00,Graduated,35+,1.0,Unknown,Unknown,Unknown,0,0,0,0,0.0,0,0,1,1,0.0
1910,2020,1,2023.0,2023-08-14,2023-10-27 00:00:00+00:00,Graduated,35+,1.0,Unknown,Unknown,Unknown,0,0,0,0,0.0,0,0,1,1,0.0
1910,2021,1,2023.0,2023-08-14,2023-10-27 00:00:00+00:00,Graduated,35+,1.0,Unknown,Unknown,Unknown,0,0,0,0,0.0,0,0,1,1,0.0
1910,2022,1,2023.0,2023-08-14,2023-10-27 00:00:00+00:00,Graduated,35+,1.0,Unknown,Unknown,Unknown,0,0,0,1,2431.5024256334686,0,0,1,1,0.0
1910,2023,1,2023.0,2023-08-14,2023-10-27 00:00:00+00:00,Graduated,35+,1.0,Unknown,Unknown,Unknown,1,1,0,1,160.57652911529408,0,0,1,1,1.0
1910,2024,1,2023.0,2023-08-14,2023-10-27 00:00:00+00:00,Graduated,35+,1.0,Unknown,Unknown,Unknown,1,1,0,1,5202.451821383656,0,0,1,1,1.0
1977,2017,0,2023.0,2023-11-13,2023-11-15 00:00:00+00:00,Non Graduated,35+,1.0,Unknown,Unknown,Unknown,0,0,0,1,1391.6969115019506,0,0,0,0,0.0
1977,2018,0,2023.0,2023-11-13,2023-11-15 00:00:00+00:00,Non Graduated,35+,1.0,Unknown,Unknown,Unknown,0,0,0,0,0.0,0,0,0,0,0.0
1977,2019,0,2023.0,2023-11-13,2023-11-15 00:00:00+00:00,Non Graduated,35+,1.0,Unknown,Unknown,Unknown,0,0,0,1,4866.007814364137,0,0,0,0,0.0
1977,2020,0,2023.0,2023-11-13,2023-11-15 00:00:00+00:00,Non Graduated,35+,1.0,Unknown,Unknown,Unknown,0,0,0,1,5567.242508095307,0,0,0,0,0.0
1977,2021,0,2023.0,2023-11-13,2023-11-15 00:00:00+00:00,Non Graduated,35+,1.0,Unknown,Unknown,Unknown,0,0,0,0,0.0,0,0,0,0,0.0
1977,2022,0,2023.0,2023-11-13,2023-11-15 00:00:00+00:00,Non Graduated,35+,1.0,Unknown,Unknown,Unknown,0,0,0,0,0.0,0,0,0,0,0.0
1977,2023,0,2023.0,2023-11-13,2023-11-15 00:00:00+00:00,Non Graduated,35+,1.0,Unknown,Unknown,Unknown,1,0,1,1,11732.066056533553,0,0,0,0,0.0
1977,2024,0,2023.0,2023-11-13,2023-11-15 00:00:00+00:00,Non Graduated,35+,1.0,Unknown,Unknown,Unknown,1,0,0,1,16724.59719659135,1,1,1,0,0.0
1711,2017,1,2023.0,2022-11-14,2023-02-24 00:00:00+00:00,Graduated,35+,1.0,Unknown,Unknown,Unknown,0,0,0,1,5132.183390337509,0,0,0,0,0.0
1711,2018,1,2023.0,2022-11-14,2023-02-24 00:00:00+00:00,Graduated,35+,1.0,Unknown,Unknown,Unknown,0,0,0,1,13371.210381418183,0,0,0,0,0.0
1711,2019,1,2023.0,2022-11-14,2023-02-24 00:00:00+00:00,Graduated,35+,1.0,Unknown,Unknown,Unknown,0,0,1,1,32440.741247815047,0,0,0,0,0.0
1711,2020,1,2023.0,2022-11-14,2023-02-24 00:00:00+00:00,Graduated,35+,1.0,Unknown,Unknown,Unknown,0,0,0,1,18726.2287964148,0,0,0,0,0.0
1711,2021,1,2023.0,2022-11-14,2023-02-24 00:00:00+00:00,Graduated,35+,1.0,Unknown,Unknown,Unknown,0,0,0,0,0.0,0,0,0,0,0.0
1711,2022,1,2023.0,2022-11-14,2023-02-24 00:00:00+00:00,Graduated,35+,1.0,Unknown,Unknown,Unknown,0,0,0,1,11748.073549232498,0,0,0,0,0.0
1711,2023,1,2023.0,2022-11-14,2023-02-24 00:00:00+00:00,Graduated,35+,1.0,Unknown,Unknown,Unknown,1,1,0,1,136.348407744603,0,0,0,0,1.0
1711,2024,1,2023.0,2022-11-14,2023-02-24 00:00:00+00:00,Graduated,35+,1.0,Unknown,Unknown,Unknown,1,1,0,1,18311.101256685728,0,0,0,0,1.0
1894,2017,0,2023.0,2023-07-24,2023-08-04 00:00:00+00:00,Non Graduated,35+,1.0,Unknown,Unknown,Unknown,0,0,0,1,85.3948931694706,0,0,0,0,0.0
1894,2018,0,2023.0,2023-07-24,2023-08-04 00:00:00+00:00,Non Graduated,35+,1.0,Unknown,Unknown,Unknown,0,0,0,1,1349.1606051362903,0,0,0,0,0.0
1894,2019,0,2023.0,2023-07-24,2023-08-04 00:00:00+00:00,Non Graduated,35+,1.0,Unknown,Unknown,Unknown,0,0,0,1,2083.772506903555,0,0,0,0,0.0
1894,2020,0,2023.0,2023-07-24,2023-08-04 00:00:00+00:00,Non Graduated,35+,1.0,Unknown,Unknown,Unknown,0,0,0,1,4375.098625702757,0,0,0,0,0.0
1894,2021,0,2023.0,2023-07-24,2023-08-04 00:00:00+00:00,Non Graduated,35+,1.0,Unknown,Unknown,Unknown,0,0,0,1,1121.6266668101428,0,0,0,0,0.0
1894,2022,0,2023.0,2023-07-24,2023-08-04 00:00:00+00:00,Non Graduated,35+,1.0,Unknown,Unknown,Unknown,0,0,0,1,1862.4484477457804,0,0,0,0,0.0
1894,2023,0,2023.0,2023-07-24,2023-08-04 00:00:00+00:00,Non Graduated,35+,1.0,Unknown,Unknown,Unknown,1,0,0,1,9234.880521251747,0,0,0,0,0.0
1894,2024,0,2023.0,2023-07-24,2023-08-04 00:00:00+00:00,Non Graduated,35+,1.0,Unknown,Unknown,Unknown,1,0,0,1,3519.5095117158007,0,0,0,0,0.0
1519,2017,1,2022.0,2022-02-07,2022-04-22 00:00:00+00:00,Graduated,35+,1.0,Unknown,Unknown,Unknown,0,0,0,1,2007.2303629666885,2,1,1,1,0.0
1519,2018,1,2022.0,2022-02-07,2022-04-22 00:00:00+00:00,Graduated,35+,1.0,Unknown,Unknown,Unknown,0,0,0,1,1338.7870921724357,0,0,1,1,0.0
1519,2019,1,2022.0,2022-02-07,2022-04-22 00:00:00+00:00,Graduated,35+,1.0,Unknown,Unknown,Unknown,0,0,0,1,5167.144570054525,0,0,1,1,0.0
1519,2020,1,2022.0,2022-02-07,2022-04-22 00:00:00+00:00,Graduated,35+,1.0,Unknown,Unknown,Unknown,0,0,0,0,0.0,1,1,1,1,0.0
1519,2021,1,2022.0,2022-02-07,2022-04-22 00:00:00+00:00,Graduated,35+,1.0,Unknown,Unknown,Unknown,0,0,0,1,454.4627154754987,0,0,1,1,0.0
1519,2022,1,2022.0,2022-02-07,2022-04-22 00:00:00+00:00,Graduated,35+,1.0,Unknown,Unknown,Unknown,1,1,0,1,1087.0662108392871,0,0,1,1,1.0
1519,2023,1,2022.0,2022-02-07,2022-04-22 00:00:00+00:00,Graduated,35+,1.0,Unknown,Unknown,Unknown,1,1,0,0,0.0,0,0,1,1,1.0
1519,2024,1,2022.0,2022-02-07,2022-04-22 00:00:00+00:00,Graduated,35+,1.0,Unknown,Unknown,Unknown,1,1,0,1,6304.284591549028,0,0,1,1,1.0
1611,2017,0,2022.0,2022-06-27,2022-07-11 00:00:00+00:00,Non Graduated,35+,1.0,Unknown,Unknown,Unknown,0,0,0,0,0.0,0,0,0,0,0.0
1611,2018,0,2022.0,2022-06-27,2022-07-11 00:00:00+00:00,Non Graduated,35+,1.0,Unknown,Unknown,Unknown,0,0,0,0,0.0,0,0,0,0,0.0
1611,2019,0,2022.0,2022-06-27,2022-07-11 00:00:00+00:00,Non Graduated,35+,1.0,Unknown,Unknown,Unknown,0,0,0,1,6934.669509562134,0,0,0,0,0.0
1611,2020,0,2022.0,2022-06-27,2022-07-11 00:00:00+00:00,Non Graduated,35+,1.0,Unknown,Unknown,Unknown,0,0,0,1,5073.961482797225,0,0,0,0,0.0
1611,2021,0,2022.0,2022-06-27,2022-07-11 00:00:00+00:00,Non Graduated,35+,1.0,Unknown,Unknown,Unknown,0,0,1,1,24591.673809677482,0,0,0,0,0.0
1611,2022,0,2022.0,2022-06-27,2022-07-11 00:00:00+00:00,Non Graduated,35+,1.0,Unknown,Unknown,Unknown,1,0,0,1,18123.85998532511,0,0,0,0,0.0
1611,2023,0,2022.0,2022-06-27,2022-07-11 00:00:00+00:00,Non Graduated,35+,1.0,Unknown,Unknown,Unknown,1,0,1,1,25956.13887180268,0,0,0,0,0.0
1611,2024,0,2022.0,2022-06-27,2022-07-11 00:00:00+00:00,Non Graduated,35+,1.0,Unknown,Unknown,Unknown,1,0,0,1,12623.268709052649,0,0,0,0,0.0
1528,2017,1,2022.0,2022-02-21,2022-05-20 00:00:00+00:00,Graduated,35+,1.0,Unknown,Unknown,Unknown,0,0,0,1,185.12194766205192,0,0,0,0,0.0
1528,2018,1,2022.0,2022-02-21,2022-05-20 00:00:00+00:00,Graduated,35+,1.0,Unknown,Unknown,Unknown,0,0,0,0,0.0,0,0,0,0,0.0
1528,2019,1,2022.0,2022-02-21,2022-05-20 00:00:00+00:00,Graduated,35+,1.0,Unknown,Unknown,Unknown,0,0,0,0,0.0,0,0,0,0,0.0
1528,2020,1,2022.0,2022-02-21,2022-05-20 00:00:00+00:00,Graduated,35+,1.0,Unknown,Unknown,Unknown,0,0,0,0,0.0,2,1,1,0,0.0
1528,2021,1,2022.0,2022-02-21,2022-05-20 00:00:00+00:00,Graduated,35+,1.0,Unknown,Unknown,Unknown,0,0,0,1,182.48247143133835,0,0,1,1,0.0
1528,2022,1,2022.0,2022-02-21,2022-05-20 00:00:00+00:00,Graduated,35+,1.0,Unknown,Unknown,Unknown,1,1,0,0,0.0,0,0,1,1,1.0
1528,2023,1,2022.0,2022-02-21,2022-05-20 00:00:00+00:00,Graduated,35+,1.0,Unknown,Unknown,Unknown,1,1,0,1,16298.209814061447,4,1,1,1,1.0
1528,2024,1,2022.0,2022-02-21,2022-05-20 00:00:00+00:00,Graduated,35+,1.0,Unknown,Unknown,Unknown,1,1,0,1,5460.655145325882,0,0,1,1,1.0
1705,2017,0,2022.0,2022-11-28,2022-12-19 00:00:00+00:00,Non Graduated,35+,1.0,Unknown,Unknown,Unknown,0,0,0,0,0.0,0,0,0,0,0.0
1705,2018,0,2022.0,2022-11-28,2022-12-19 00:00:00+00:00,Non Graduated,35+,1.0,Unknown,Unknown,Unknown,0,0,0,0,0.0,0,0,0,0,0.0
1705,2019,0,2022.0,2022-11-28,2022-12-19 00:00:00+00:00,Non Graduated,35+,1.0,Unknown,Unknown,Unknown,0,0,0,1,1324.7986351812372,0,0,0,0,0.0
1705,2020,0,2022.0,2022-11-28,2022-12-19 00:00:00+00:00,Non Graduated,35+,1.0,Unknown,Unknown,Unknown,0,0,0,0,0.0,0,0,0,0,0.0
1705,2021,0,2022.0,2022-11-28,2022-12-19 00:00:00+00:00,Non Graduated,35+,1.0,Unknown,Unknown,Unknown,0,0,0,1,7690.839836055964,1,1,1,0,0.0
1705,2022,0,2022.0,2022-11-28,2022-12-19 00:00:00+00:00,Non Graduated,35+,1.0,Unknown,Unknown,Unknown,1,0,0,1,7701.756393267763,0,0,1,1,0.0
1705,2023,0,2022.0,2022-11-28,2022-12-19 00:00:00+00:00,Non Graduated,35+,1.0,Unknown,Unknown,Unknown,1,0,1,1,37772.461940804984,0,0,1,1,0.0
1705,2024,0,2022.0,2022-11-28,2022-12-19 00:00:00+00:00,Non Graduated,35+,1.0,Unknown,Unknown,Unknown,1,0,0,1,18000.433421330014,0,0,1,1,0.0
1581,2017,1,2022.0,2022-05-16,2022-07-29 00:00:00+00:00,Graduated,35+,1.0,Unknown,Unknown,Unknown,0,0,0,1,1379.8806169703303,0,0,0,0,0.0
1581,2018,1,2022.0,2022-05-16,2022-07-29 00:00:00+00:00,Graduated,35+,1.0,Unknown,Unknown,Unknown,0,0,0,0,0.0,0,0,0,0,0.0
1581,2019,1,2022.0,2022-05-16,2022-07-29 00:00:00+00:00,Graduated,35+,1.0,Unknown,Unknown,Unknown,0,0,0,0,0.0,0,0,0,0,0.0
1581,2020,1,2022.0,2022-05-16,2022-07-29 00:00:00+00:00,Graduated,35+,1.0,Unknown,Unknown,Unknown,0,0,0,0,0.0,0,0,0,0,0.0
1581,2021,1,2022.0,2022-05-16,2022-07-29 00:00:00+00:00,Graduated,35+,1.0,Unknown,Unknown,Unknown,0,0,1,1,19911.792945398785,0,0,0,0,0.0
1581,2022,1,2022.0,2022-05-16,2022-07-29 00:00:00+00:00,Graduated,35+,1.0,Unknown,Unknown,Unknown,1,1,1,1,23193.962719210285,0,0,0,0,1.0
1581,2023,1,2022.0,2022-05-16,2022-07-29 00:00:00+00:00,Graduated,35+,1.0,Unknown,Unknown,Unknown,1,1,1,1,46611.51125700386,0,0,0,0,1.0
1581,2024,1,2022.0,2022-05-16,2022-07-29 00:00:00+00:00,Graduated,35+,1.0,Unknown,Unknown,Unknown,1,1,0,1,50198.24187979758,0,0,0,0,1.0
1812,2017,0,2023.0,2023-04-10,2023-05-22 00:00:00+00:00,Non Graduated,35+,1.0,Unknown,Unknown,Unknown,0,0,0,0,0.0,0,0,0,0,0.0
1812,2018,0,2023.0,2023-04-10,2023-05-22 00:00:00+00:00,Non Graduated,35+,1.0,Unknown,Unknown,Unknown,0,0,0,0,0.0,0,0,0,0,0.0
1812,2019,0,2023.0,2023-04-10,2023-05-22 00:00:00+00:00,Non Graduated,35+,1.0,Unknown,Unknown,Unknown,0,0,0,0,0.0,0,0,0,0,0.0
1812,2020,0,2023.0,2023-04-10,2023-05-22 00:00:00+00:00,Non Graduated,35+,1.0,Unknown,Unknown,Unknown,0,0,0,1,6582.393438285524,0,0,0,0,0.0
1812,2021,0,2023.0,2023-04-10,2023-05-22 00:00:00+00:00,Non Graduated,35+,1.0,Unknown,Unknown,Unknown,0,0,0,1,2937.8382703732036,0,0,0,0,0.0
1812,2022,0,2023.0,2023-04-10,2023-05-22 00:00:00+00:00,Non Graduated,35+,1.0,Unknown,Unknown,Unknown,0,0,0,1,2319.0053615484712,0,0,0,0,0.0
1812,2023,0,2023.0,2023-04-10,2023-05-22 00:00:00+00:00,Non Graduated,35+,1.0,Unknown,Unknown,Unknown,1,0,1,1,8937.095340672024,3,1,1,0,0.0
1812,2024,0,2023.0,2023-04-10,2023-05-22 00:00:00+00:00,Non Graduated,35+,1.0,Unknown,Unknown,Unknown,1,0,0,1,2983.103365973566,0,0,1,1,0.0
2094,2017,1,2024.0,2024-04-15,2024-06-07 00:00:00+00:00,Graduated,35+,1.0,Unknown,Unknown,Unknown,0,0,0,0,0.0,0,0,0,0,0.0
2094,2018,1,2024.0,2024-04-15,2024-06-07 00:00:00+00:00,Graduated,35+,1.0,Unknown,Unknown,Unknown,0,0,0,0,0.0,0,0,0,0,0.0
2094,2019,1,2024.0,2024-04-15,2024-06-07 00:00:00+00:00,Graduated,35+,1.0,Unknown,Unknown,Unknown,0,0,0,0,0.0,0,0,0,0,0.0
2094,2020,1,2024.0,2024-04-15,2024-06-07 00:00:00+00:00,Graduated,35+,1.0,Unknown,Unknown,Unknown,0,0,0,0,0.0,0,0,0,0,0.0
2094,2021,1,2024.0,2024-04-15,2024-06-07 00:00:00+00:00,Graduated,35+,1.0,Unknown,Unknown,Unknown,0,0,0,0,0.0,0,0,0,0,0.0
2094,2022,1,2024.0,2024-04-15,2024-06-07 00:00:00+00:00,Graduated,35+,1.0,Unknown,Unknown,Unknown,0,0,0,1,1631.1442953020135,0,0,0,0,0.0
2094,2023,1,2024.0,2024-04-15,2024-06-07 00:00:00+00:00,Graduated,35+,1.0,Unknown,Unknown,Unknown,0,0,0,1,15569.359600832935,0,0,0,0,0.0
2094,2024,1,2024.0,2024-04-15,2024-06-07 00:00:00+00:00,Graduated,35+,1.0,Unknown,Unknown,Unknown,1,1,0,1,13547.75074739399,0,0,0,0,1.0
1943,2017,0,2023.0,2023-09-25,2023-11-27 00:00:00+00:00,Non Graduated,35+,1.0,Unknown,Unknown,Unknown,0,0,1,1,10046.917334882568,0,0,1,1,0.0
1943,2018,0,2023.0,2023-09-25,2023-11-27 00:00:00+00:00,Non Graduated,35+,1.0,Unknown,Unknown,Unknown,0,0,0,1,6134.547706710503,0,0,1,1,0.0
1943,2019,0,2023.0,2023-09-25,2023-11-27 00:00:00+00:00,Non Graduated,35+,1.0,Unknown,Unknown,Unknown,0,0,1,1,10548.243298644642,0,0,1,1,0.0
1943,2020,0,2023.0,2023-09-25,2023-11-27 00:00:00+00:00,Non Graduated,35+,1.0,Unknown,Unknown,Unknown,0,0,1,1,16360.683695132475,0,0,1,1,0.0
1943,2021,0,2023.0,2023-09-25,2023-11-27 00:00:00+00:00,Non Graduated,35+,1.0,Unknown,Unknown,Unknown,0,0,1,1,20154.324569653072,0,0,1,1,0.0
1943,2022,0,2023.0,2023-09-25,2023-11-27 00:00:00+00:00,Non Graduated,35+,1.0,Unknown,Unknown,Unknown,0,0,1,1,31587.8975604061,0,0,1,1,0.0
1943,2023,0,2023.0,2023-09-25,2023-11-27 00:00:00+00:00,Non Graduated,35+,1.0,Unknown,Unknown,Unknown,1,0,1,1,19843.931227640285,0,0,1,1,0.0
1943,2024,0,2023.0,2023-09-25,2023-11-27 00:00:00+00:00,Non Graduated,35+,1.0,Unknown,Unknown,Unknown,1,0,0,1,16507.783496609743,0,0,1,1,0.0
1560,2017,1,2022.0,2022-04-25,2022-06-24 00:00:00+00:00,Graduated,35+,1.0,Unknown,Unknown,Unknown,0,0,0,1,446.92752024143687,0,0,0,0,0.0
1560,2018,1,2022.0,2022-04-25,2022-06-24 00:00:00+00:00,Graduated,35+,1.0,Unknown,Unknown,Unknown,0,0,0,1,1853.5208272798554,0,0,0,0,0.0
1560,2019,1,2022.0,2022-04-25,2022-06-24 00:00:00+00:00,Graduated,35+,1.0,Unknown,Unknown,Unknown,0,0,0,1,4257.866301687351,0,0,0,0,0.0
1560,2020,1,2022.0,2022-04-25,2022-06-24 00:00:00+00:00,Graduated,35+,1.0,Unknown,Unknown,Unknown,0,0,0,1,2579.70286531503,0,0,0,0,0.0
1560,2021,1,2022.0,2022-04-25,2022-06-24 00:00:00+00:00,Graduated,35+,1.0,Unknown,Unknown,Unknown,0,0,0,1,3000.850278482599,0,0,0,0,0.0
1560,2022,1,2022.0,2022-04-25,2022-06-24 00:00:00+00:00,Graduated,35+,1.0,Unknown,Unknown,Unknown,1,1,0,1,4824.649692730654,0,0,0,0,1.0
1560,2023,1,2022.0,2022-04-25,2022-06-24 00:00:00+00:00,Graduated,35+,1.0,Unknown,Unknown,Unknown,1,1,0,1,1467.8119229521253,2,1,1,0,1.0
1560,2024,1,2022.0,2022-04-25,2022-06-24 00:00:00+00:00,Graduated,35+,1.0,Unknown,Unknown,Unknown,1,1,0,0,0.0,1,1,1,1,1.0
1691,2017,0,2024.0,2024-03-04,2024-04-12 00:00:00+00:00,Non Graduated,<=24,1.0,Unknown,Unknown,Unknown,0,0,0,0,0.0,0,0,0,0,0.0
1691,2018,0,2024.0,2024-03-04,2024-04-12 00:00:00+00:00,Non Graduated,<=24,1.0,Unknown,Unknown,Unknown,0,0,0,0,0.0,0,0,0,0,0.0
1691,2019,0,2024.0,2024-03-04,2024-04-12 00:00:00+00:00,Non Graduated,<=24,1.0,Unknown,Unknown,Unknown,0,0,0,0,0.0,0,0,0,0,0.0
1691,2020,0,2024.0,2024-03-04,2024-04-12 00:00:00+00:00,Non Graduated,<=24,1.0,Unknown,Unknown,Unknown,0,0,1,1,3169.4620389950724,0,0,0,0,0.0
1691,2021,0,2024.0,2024-03-04,2024-04-12 00:00:00+00:00,Non Graduated,<=24,1.0,Unknown,Unknown,Unknown,0,0,0,1,581.873043076559,0,0,0,0,0.0
1691,2022,0,2024.0,2024-03-04,2024-04-12 00:00:00+00:00,Non Graduated,<=24,1.0,Unknown,Unknown,Unknown,0,0,0,1,701.2764416957878,0,0,0,0,0.0
1691,2023,0,2024.0,2024-03-04,2024-04-12 00:00:00+00:00,Non Graduated,<=24,1.0,Unknown,Unknown,Unknown,0,0,0,1,2233.1077803840494,0,0,0,0,0.0
1691,2024,0,2024.0,2024-03-04,2024-04-12 00:00:00+00:00,Non Graduated,<=24,1.0,Unknown,Unknown,Unknown,1,0,0,1,1410.0040533790966,0,0,0,0,0.0
2033,2017,1,2024.0,2024-01-29,2024-04-19 00:00:00+00:00,Graduated,<=24,1.0,Unknown,Unknown,Unknown,0,0,0,0,0.0,0,0,0,0,0.0
2033,2018,1,2024.0,2024-01-29,2024-04-19 00:00:00+00:00,Graduated,<=24,1.0,Unknown,Unknown,Unknown,0,0,0,0,0.0,0,0,0,0,0.0
2033,2019,1,2024.0,2024-01-29,2024-04-19 00:00:00+00:00,Graduated,<=24,1.0,Unknown,Unknown,Unknown,0,0,0,0,0.0,0,0,0,0,0.0
2033,2020,1,2024.0,2024-01-29,2024-04-19 00:00:00+00:00,Graduated,<=24,1.0,Unknown,Unknown,Unknown,0,0,0,0,0.0,0,0,0,0,0.0
2033,2021,1,2024.0,2024-01-29,2024-04-19 00:00:00+00:00,Graduated,<=24,1.0,Unknown,Unknown,Unknown,0,0,0,0,0.0,0,0,0,0,0.0
2033,2022,1,2024.0,2024-01-29,2024-04-19 00:00:00+00:00,Graduated,<=24,1.0,Unknown,Unknown,Unknown,0,0,0,0,0.0,0,0,0,0,0.0
2033,2023,1,2024.0,2024-01-29,2024-04-19 00:00:00+00:00,Graduated,<=24,1.0,Unknown,Unknown,Unknown,0,0,0,1,1215.3078141275782,0,0,0,0,0.0
2033,2024,1,2024.0,2024-01-29,2024-04-19 00:00:00+00:00,Graduated,<=24,1.0,Unknown,Unknown,Unknown,1,1,0,1,10334.13458885319,0,0,0,0,1.0
2102,2017,0,2024.0,2024-04-15,2024-07-02 00:00:00+00:00,Non Graduated,<=24,1.0,Unknown,Unknown,Unknown,0,0,0,0,0.0,0,0,0,0,0.0
2102,2018,0,2024.0,2024-04-15,2024-07-02 00:00:00+00:00,Non Graduated,<=24,1.0,Unknown,Unknown,Unknown,0,0,0,0,0.0,0,0,0,0,0.0
2102,2019,0,2024.0,2024-04-15,2024-07-02 00:00:00+00:00,Non Graduated,<=24,1.0,Unknown,Unknown,Unknown,0,0,0,0,0.0,0,0,0,0,0.0
2102,2020,0,2024.0,2024-04-15,2024-07-02 00:00:00+00:00,Non Graduated,<=24,1.0,Unknown,Unknown,Unknown,0,0,0,0,0.0,0,0,0,0,0.0
2102,2021,0,2024.0,2024-04-15,2024-07-02 00:00:00+00:00,Non Graduated,<=24,1.0,Unknown,Unknown,Unknown,0,0,0,0,0.0,0,0,0,0,0.0
2102,2022,0,2024.0,2024-04-15,2024-07-02 00:00:00+00:00,Non Graduated,<=24,1.0,Unknown,Unknown,Unknown,0,0,0,1,1256.6580213471336,0,0,0,0,0.0
2102,2023,0,2024.0,2024-04-15,2024-07-02 00:00:00+00:00,Non Graduated,<=24,1.0,Unknown,Unknown,Unknown,0,0,0,1,1771.1170263820588,0,0,0,0,0.0
2102,2024,0,2024.0,2024-04-15,2024-07-02 00:00:00+00:00,Non Graduated,<=24,1.0,Unknown,Unknown,Unknown,1,0,0,1,2383.8778560576156,0,0,0,0,0.0
2137,2017,1,2024.0,2024-05-28,2024-08-09 00:00:00+00:00,Graduated,<=24,1.0,Unknown,Unknown,Unknown,0,0,0,0,0.0,0,0,0,0,0.0
2137,2018,1,2024.0,2024-05-28,2024-08-09 00:00:00+00:00,Graduated,<=24,1.0,Unknown,Unknown,Unknown,0,0,0,0,0.0,0,0,0,0,0.0
2137,2019,1,2024.0,2024-05-28,2024-08-09 00:00:00+00:00,Graduated,<=24,1.0,Unknown,Unknown,Unknown,0,0,0,0,0.0,0,0,0,0,0.0
2137,2020,1,2024.0,2024-05-28,2024-08-09 00:00:00+00:00,Graduated,<=24,1.0,Unknown,Unknown,Unknown,0,0,0,0,0.0,0,0,0,0,0.0
2137,2021,1,2024.0,2024-05-28,2024-08-09 00:00:00+00:00,Graduated,<=24,1.0,Unknown,Unknown,Unknown,0,0,0,0,0.0,0,0,0,0,0.0
2137,2022,1,2024.0,2024-05-28,2024-08-09 00:00:00+00:00,Graduated,<=24,1.0,Unknown,Unknown,Unknown,0,0,0,1,432.3514999595698,0,0,0,0,0.0
2137,2023,1,2024.0,2024-05-28,2024-08-09 00:00:00+00:00,Graduated,<=24,1.0,Unknown,Unknown,Unknown,0,0,1,1,1822.251761618389,0,0,0,0,0.0
2137,2024,1,2024.0,2024-05-28,2024-08-09 00:00:00+00:00,Graduated,<=24,1.0,Unknown,Unknown,Unknown,1,1,0,1,7901.539422345388,0,0,0,0,1.0
1798,2017,0,2023.0,2023-03-27,2023-06-02 00:00:00+00:00,Non Graduated,<=24,1.0,Unknown,Unknown,Unknown,0,0,0,0,0.0,0,0,0,0,0.0
1798,2018,0,2023.0,2023-03-27,2023-06-02 00:00:00+00:00,Non Graduated,<=24,1.0,Unknown,Unknown,Unknown,0,0,0,1,1256.734759684518,0,0,0,0,0.0
1798,2019,0,2023.0,2023-03-27,2023-06-02 00:00:00+00:00,Non Graduated,<=24,1.0,Unknown,Unknown,Unknown,0,0,0,0,0.0,0,0,0,0,0.0
1798,2020,0,2023.0,2023-03-27,2023-06-02 00:00:00+00:00,Non Graduated,<=24,1.0,Unknown,Unknown,Unknown,0,0,0,1,1191.4848547717843,0,0,0,0,0.0
1798,2021,0,2023.0,2023-03-27,2023-06-02 00:00:00+00:00,Non Graduated,<=24,1.0,Unknown,Unknown,Unknown,0,0,0,0,0.0,0,0,0,0,0.0
1798,2022,0,2023.0,2023-03-27,2023-06-02 00:00:00+00:00,Non Graduated,<=24,1.0,Unknown,Unknown,Unknown,0,0,0,1,1365.8828110530471,0,0,0,0,0.0
1798,2023,0,2023.0,2023-03-27,2023-06-02 00:00:00+00:00,Non Graduated,<=24,1.0,Unknown,Unknown,Unknown,1,0,0,1,1488.1885654274424,0,0,0,0,0.0
1798,2024,0,2023.0,2023-03-27,2023-06-02 00:00:00+00:00,Non Graduated,<=24,1.0,Unknown,Unknown,Unknown,1,0,0,1,17181.978896343346,0,0,0,0,0.0
1923,2017,1,2023.0,2023-08-28,2023-12-15 00:00:00+00:00,Graduated,<=24,1.0,Unknown,Unknown,Unknown,0,0,0,0,0.0,0,0,0,0,0.0
1923,2018,1,2023.0,2023-08-28,2023-12-15 00:00:00+00:00,Graduated,<=24,1.0,Unknown,Unknown,Unknown,0,0,0,0,0.0,0,0,0,0,0.0
1923,2019,1,2023.0,2023-08-28,2023-12-15 00:00:00+00:00,Graduated,<=24,1.0,Unknown,Unknown,Unknown,0,0,0,1,686.5791500979517,0,0,0,0,0.0
1923,2020,1,2023.0,2023-08-28,2023-12-15 00:00:00+00:00,Graduated,<=24,1.0,Unknown,Unknown,Unknown,0,0,0,1,1514.1693065215259,0,0,0,0,0.0
1923,2021,1,2023.0,2023-08-28,2023-12-15 00:00:00+00:00,Graduated,<=24,1.0,Unknown,Unknown,Unknown,0,0,0,0,0.0,0,0,0,0,0.0
1923,2022,1,2023.0,2023-08-28,2023-12-15 00:00:00+00:00,Graduated,<=24,1.0,Unknown,Unknown,Unknown,0,0,0,1,1108.2147393673115,0,0,0,0,0.0
1923,2023,1,2023.0,2023-08-28,2023-12-15 00:00:00+00:00,Graduated,<=24,1.0,Unknown,Unknown,Unknown,1,1,1,1,8833.46549690376,0,0,0,0,1.0
1923,2024,1,2023.0,2023-08-28,2023-12-15 00:00:00+00:00,Graduated,<=24,1.0,Unknown,Unknown,Unknown,1,1,0,0,0.0,0,0,0,0,1.0
1502,2017,0,2022.0,2022-01-24,2022-02-02 00:00:00+00:00,Non Graduated,<=24,1.0,Unknown,Unknown,Unknown,0,0,0,1,1075.2828023774505,0,0,0,0,0.0
1502,2018,0,2022.0,2022-01-24,2022-02-02 00:00:00+00:00,Non Graduated,<=24,1.0,Unknown,Unknown,Unknown,0,0,0,1,1231.9112890416807,0,0,0,0,0.0
1502,2019,0,2022.0,2022-01-24,2022-02-02 00:00:00+00:00,Non Graduated,<=24,1.0,Unknown,Unknown,Unknown,0,0,0,1,2343.7698672759016,0,0,0,0,0.0
1502,2020,0,2022.0,2022-01-24,2022-02-02 00:00:00+00:00,Non Graduated,<=24,1.0,Unknown,Unknown,Unknown,0,0,0,0,0.0,0,0,0,0,0.0
1502,2021,0,2022.0,2022-01-24,2022-02-02 00:00:00+00:00,Non Graduated,<=24,1.0,Unknown,Unknown,Unknown,0,0,0,1,4452.627179090446,0,0,0,0,0.0
1502,2022,0,2022.0,2022-01-24,2022-02-02 00:00:00+00:00,Non Graduated,<=24,1.0,Unknown,Unknown,Unknown,1,0,1,1,16727.430258649136,0,0,0,0,0.0
1502,2023,0,2022.0,2022-01-24,2022-02-02 00:00:00+00:00,Non Graduated,<=24,1.0,Unknown,Unknown,Unknown,1,0,1,1,29340.803950622136,0,0,0,0,0.0
1502,2024,0,2022.0,2022-01-24,2022-02-02 00:00:00+00:00,Non Graduated,<=24,1.0,Unknown,Unknown,Unknown,1,0,0,0,0.0,0,0,0,0,0.0
1865,2017,1,2023.0,2023-06-27,2023-09-08 00:00:00+00:00,Graduated,<=24,1.0,Unknown,Unknown,Unknown,0,0,0,0,0.0,0,0,0,0,0.0
1865,2018,1,2023.0,2023-06-27,2023-09-08 00:00:00+00:00,Graduated,<=24,1.0,Unknown,Unknown,Unknown,0,0,0,0,0.0,0,0,0,0,0.0
1865,2019,1,2023.0,2023-06-27,2023-09-08 00:00:00+00:00,Graduated,<=24,1.0,Unknown,Unknown,Unknown,0,0,0,0,0.0,0,0,0,0,0.0
1865,2020,1,2023.0,2023-06-27,2023-09-08 00:00:00+00:00,Graduated,<=24,1.0,Unknown,Unknown,Unknown,0,0,0,0,0.0,0,0,0,0,0.0
1865,2021,1,2023.0,2023-06-27,2023-09-08 00:00:00+00:00,Graduated,<=24,1.0,Unknown,Unknown,Unknown,0,0,0,0,0.0,0,0,0,0,0.0
1865,2022,1,2023.0,2023-06-27,2023-09-08 00:00:00+00:00,Graduated,<=24,1.0,Unknown,Unknown,Unknown,0,0,0,1,484.75774237891164,0,0,0,0,0.0
1865,2023,1,2023.0,2023-06-27,2023-09-08 00:00:00+00:00,Graduated,<=24,1.0,Unknown,Unknown,Unknown,1,1,1,1,2711.8845671027743,0,0,0,0,1.0
1865,2024,1,2023.0,2023-06-27,2023-09-08 00:00:00+00:00,Graduated,<=24,1.0,Unknown,Unknown,Unknown,1,1,0,1,5584.664648200058,0,0,0,0,1.0
1542,2017,0,2022.0,2022-03-28,2022-05-20 00:00:00+00:00,Non Graduated,<=24,1.0,Unknown,Unknown,Unknown,0,0,0,0,0.0,0,0,0,0,0.0
1542,2018,0,2022.0,2022-03-28,2022-05-20 00:00:00+00:00,Non Graduated,<=24,1.0,Unknown,Unknown,Unknown,0,0,0,1,2581.6886048193937,0,0,0,0,0.0
1542,2019,0,2022.0,2022-03-28,2022-05-20 00:00:00+00:00,Non Graduated,<=24,1.0,Unknown,Unknown,Unknown,0,0,0,0,0.0,0,0,0,0,0.0
1542,2020,0,2022.0,2022-03-28,2022-05-20 00:00:00+00:00,Non Graduated,<=24,1.0,Unknown,Unknown,Unknown,0,0,0,0,0.0,0,0,0,0,0.0
1542,2021,0,2022.0,2022-03-28,2022-05-20 00:00:00+00:00,Non Graduated,<=24,1.0,Unknown,Unknown,Unknown,0,0,1,1,4831.871023630548,0,0,0,0,0.0
1542,2022,0,2022.0,2022-03-28,2022-05-20 00:00:00+00:00,Non Graduated,<=24,1.0,Unknown,Unknown,Unknown,1,0,0,1,2158.8674025909095,0,0,0,0,0.0
1542,2023,0,2022.0,2022-03-28,2022-05-20 00:00:00+00:00,Non Graduated,<=24,1.0,Unknown,Unknown,Unknown,1,0,0,1,7953.345475056217,0,0,0,0,0.0
1542,2024,0,2022.0,2022-03-28,2022-05-20 00:00:00+00:00,Non Graduated,<=24,1.0,Unknown,Unknown,Unknown,1,0,0,0,0.0,0,0,0,0,0.0
1847,2017,1,2023.0,2023-05-22,2023-08-04 00:00:00+00:00,Graduated,<=24,1.0,Unknown,Unknown,Unknown,0,0,0,1,12461.390858496534,0,0,0,0,0.0
1847,2018,1,2023.0,2023-05-22,2023-08-04 00:00:00+00:00,Graduated,<=24,1.0,Unknown,Unknown,Unknown,0,0,1,1,30251.771912904096,0,0,0,0,0.0
1847,2019,1,2023.0,2023-05-22,2023-08-04 00:00:00+00:00,Graduated,<=24,1.0,Unknown,Unknown,Unknown,0,0,1,1,46733.49106597554,0,0,0,0,0.0
1847,2020,1,2023.0,2023-05-22,2023-08-04 00:00:00+00:00,Graduated,<=24,1.0,Unknown,Unknown,Unknown,0,0,0,1,18564.907630879257,0,0,0,0,0.0
1847,2021,1,2023.0,2023-05-22,2023-08-04 00:00:00+00:00,Graduated,<=24,1.0,Unknown,Unknown,Unknown,0,0,0,0,0.0,0,0,0,0,0.0
1847,2022,1,2023.0,2023-05-22,2023-08-04 00:00:00+00:00,Graduated,<=24,1.0,Unknown,Unknown,Unknown,0,0,0,1,751.3740614792894,0,0,0,0,0.0
1847,2023,1,2023.0,2023-05-22,2023-08-04 00:00:00+00:00,Graduated,<=24,1.0,Unknown,Unknown,Unknown,1,1,0,0,0.0,0,0,0,0,1.0
1847,2024,1,2023.0,2023-05-22,2023-08-04 00:00:00+00:00,Graduated,<=24,1.0,Unknown,Unknown,Unknown,1,1,0,1,1141.1375624577245,0,0,0,0,1.0
1573,2017,0,2022.0,2022-05-10,2022-06-14 00:00:00+00:00,Non Graduated,<=24,1.0,Unknown,Unknown,Unknown,0,0,1,1,4849.864050334881,0,0,0,0,0.0
1573,2018,0,2022.0,2022-05-10,2022-06-14 00:00:00+00:00,Non Graduated,<=24,1.0,Unknown,Unknown,Unknown,0,0,0,1,975.2034021088111,0,0,0,0,0.0
1573,2019,0,2022.0,2022-05-10,2022-06-14 00:00:00+00:00,Non Graduated,<=24,1.0,Unknown,Unknown,Unknown,0,0,0,1,5039.62640233346,0,0,0,0,0.0
1573,2020,0,2022.0,2022-05-10,2022-06-14 00:00:00+00:00,Non Graduated,<=24,1.0,Unknown,Unknown,Unknown,0,0,0,0,0.0,0,0,0,0,0.0
1573,2021,0,2022.0,2022-05-10,2022-06-14 00:00:00+00:00,Non Graduated,<=24,1.0,Unknown,Unknown,Unknown,0,0,0,1,6382.800974935063,0,0,0,0,0.0
1573,2022,0,2022.0,2022-05-10,2022-06-14 00:00:00+00:00,Non Graduated,<=24,1.0,Unknown,Unknown,Unknown,1,0,0,1,2314.8952332737235,0,0,0,0,0.0
1573,2023,0,2022.0,2022-05-10,2022-06-14 00:00:00+00:00,Non Graduated,<=24,1.0,Unknown,Unknown,Unknown,1,0,0,1,17165.95063659978,4,1,1,0,0.0
1573,2024,0,2022.0,2022-05-10,2022-06-14 00:00:00+00:00,Non Graduated,<=24,1.0,Unknown,Unknown,Unknown,1,0,0,1,11596.061918421929,0,0,1,1,0.0
1822,2017,1,2023.0,2023-04-17,2023-06-30 00:00:00+00:00,Graduated,<=24,1.0,Unknown,Unknown,Unknown,0,0,0,0,0.0,0,0,0,0,0.0
1822,2018,1,2023.0,2023-04-17,2023-06-30 00:00:00+00:00,Graduated,<=24,1.0,Unknown,Unknown,Unknown,0,0,0,0,0.0,0,0,0,0,0.0
1822,2019,1,2023.0,2023-04-17,2023-06-30 00:00:00+00:00,Graduated,<=24,1.0,Unknown,Unknown,Unknown,0,0,0,1,337.9582058885335,0,0,0,0,0.0
1822,2020,1,2023.0,2023-04-17,2023-06-30 00:00:00+00:00,Graduated,<=24,1.0,Unknown,Unknown,Unknown,0,0,0,0,0.0,0,0,0,0,0.0
1822,2021,1,2023.0,2023-04-17,2023-06-30 00:00:00+00:00,Graduated,<=24,1.0,Unknown,Unknown,Unknown,0,0,0,0,0.0,0,0,0,0,0.0
1822,2022,1,2023.0,2023-04-17,2023-06-30 00:00:00+00:00,Graduated,<=24,1.0,Unknown,Unknown,Unknown,0,0,0,1,5507.311023981765,0,0,0,0,0.0
1822,2023,1,2023.0,2023-04-17,2023-06-30 00:00:00+00:00,Graduated,<=24,1.0,Unknown,Unknown,Unknown,1,1,0,1,1733.395841478427,0,0,0,0,1.0
1822,2024,1,2023.0,2023-04-17,2023-06-30 00:00:00+00:00,Graduated,<=24,1.0,Unknown,Unknown,Unknown,1,1,0,1,9208.775863813233,0,0,0,0,1.0
1610,2017,0,2022.0,2022-06-27,2022-08-15 00:00:00+00:00,Non Graduated,<=24,1.0,Unknown,Unknown,Unknown,0,0,0,0,0.0,0,0,0,0,0.0
1610,2018,0,2022.0,2022-06-27,2022-08-15 00:00:00+00:00,Non Graduated,<=24,1.0,Unknown,Unknown,Unknown,0,0,0,1,2707.9383193086855,0,0,0,0,0.0
1610,2019,0,2022.0,2022-06-27,2022-08-15 00:00:00+00:00,Non Graduated,<=24,1.0,Unknown,Unknown,Unknown,0,0,1,1,7418.425802677931,0,0,0,0,0.0
1610,2020,0,2022.0,2022-06-27,2022-08-15 00:00:00+00:00,Non Graduated,<=24,1.0,Unknown,Unknown,Unknown,0,0,0,1,1079.6987389341957,0,0,0,0,0.0
1610,2021,0,2022.0,2022-06-27,2022-08-15 00:00:00+00:00,Non Graduated,<=24,1.0,Unknown,Unknown,Unknown,0,0,0,1,3729.704581205776,0,0,0,0,0.0
1610,2022,0,2022.0,2022-06-27,2022-08-15 00:00:00+00:00,Non Graduated,<=24,1.0,Unknown,Unknown,Unknown,1,0,0,1,3794.382022364879,0,0,0,0,0.0
1610,2023,0,2022.0,2022-06-27,2022-08-15 00:00:00+00:00,Non Graduated,<=24,1.0,Unknown,Unknown,Unknown,1,0,1,1,14164.329790222022,1,1,1,0,0.0
1610,2024,0,2022.0,2022-06-27,2022-08-15 00:00:00+00:00,Non Graduated,<=24,1.0,Unknown,Unknown,Unknown,1,0,0,1,17763.58910048208,0,0,1,1,0.0
1532,2017,1,2022.0,2022-03-14,2022-07-29 00:00:00+00:00,Graduated,<=24,1.0,Unknown,Unknown,Unknown,0,0,0,0,0.0,0,0,0,0,0.0
1532,2018,1,2022.0,2022-03-14,2022-07-29 00:00:00+00:00,Graduated,<=24,1.0,Unknown,Unknown,Unknown,0,0,0,1,936.2419917132164,0,0,0,0,0.0
1532,2019,1,2022.0,2022-03-14,2022-07-29 00:00:00+00:00,Graduated,<=24,1.0,Unknown,Unknown,Unknown,0,0,0,0,0.0,0,0,0,0,0.0
1532,2020,1,2022.0,2022-03-14,2022-07-29 00:00:00+00:00,Graduated,<=24,1.0,Unknown,Unknown,Unknown,0,0,0,0,0.0,0,0,0,0,0.0
1532,2021,1,2022.0,2022-03-14,2022-07-29 00:00:00+00:00,Graduated,<=24,1.0,Unknown,Unknown,Unknown,0,0,0,1,6687.924462521789,0,0,0,0,0.0
1532,2022,1,2022.0,2022-03-14,2022-07-29 00:00:00+00:00,Graduated,<=24,1.0,Unknown,Unknown,Unknown,1,1,1,1,29121.432494249784,0,0,0,0,1.0
1532,2023,1,2022.0,2022-03-14,2022-07-29 00:00:00+00:00,Graduated,<=24,1.0,Unknown,Unknown,Unknown,1,1,1,1,34506.27773857184,0,0,0,0,1.0
1532,2024,1,2022.0,2022-03-14,2022-07-29 00:00:00+00:00,Graduated,<=24,1.0,Unknown,Unknown,Unknown,1,1,0,1,19324.835984911675,0,0,0,0,1.0
1703,2017,0,2022.0,2022-10-31,2022-11-14 00:00:00+00:00,Non Graduated,<=24,1.0,Unknown,Unknown,Unknown,0,0,0,0,0.0,0,0,0,0,0.0
1703,2018,0,2022.0,2022-10-31,2022-11-14 00:00:00+00:00,Non Graduated,<=24,1.0,Unknown,Unknown,Unknown,0,0,0,0,0.0,0,0,0,0,0.0
1703,2019,0,2022.0,2022-10-31,2022-11-14 00:00:00+00:00,Non Graduated,<=24,1.0,Unknown,Unknown,Unknown,0,0,0,0,0.0,0,0,0,0,0.0
1703,2020,0,2022.0,2022-10-31,2022-11-14 00:00:00+00:00,Non Graduated,<=24,1.0,Unknown,Unknown,Unknown,0,0,0,0,0.0,0,0,0,0,0.0
1703,2021,0,2022.0,2022-10-31,2022-11-14 00:00:00+00:00,Non Graduated,<=24,1.0,Unknown,Unknown,Unknown,0,0,0,0,0.0,0,0,0,0,0.0
1703,2022,0,2022.0,2022-10-31,2022-11-14 00:00:00+00:00,Non Graduated,<=24,1.0,Unknown,Unknown,Unknown,1,0,0,1,13769.839811695767,0,0,0,0,0.0
1703,2023,0,2022.0,2022-10-31,2022-11-14 00:00:00+00:00,Non Graduated,<=24,1.0,Unknown,Unknown,Unknown,1,0,1,1,25897.649435737312,0,0,0,0,0.0
1703,2024,0,2022.0,2022-10-31,2022-11-14 00:00:00+00:00,Non Graduated,<=24,1.0,Unknown,Unknown,Unknown,1,0,0,1,25892.14483852838,0,0,0,0,0.0
1533,2017,1,2022.0,2022-03-07,2022-05-20 00:00:00+00:00,Graduated,<=24,1.0,Unknown,Unknown,Unknown,0,0,0,0,0.0,0,0,0,0,0.0
1533,2018,1,2022.0,2022-03-07,2022-05-20 00:00:00+00:00,Graduated,<=24,1.0,Unknown,Unknown,Unknown,0,0,0,0,0.0,0,0,0,0,0.0
1533,2019,1,2022.0,2022-03-07,2022-05-20 00:00:00+00:00,Graduated,<=24,1.0,Unknown,Unknown,Unknown,0,0,0,0,0.0,0,0,0,0,0.0
1533,2020,1,2022.0,2022-03-07,2022-05-20 00:00:00+00:00,Graduated,<=24,1.0,Unknown,Unknown,Unknown,0,0,0,0,0.0,0,0,0,0,0.0
1533,2021,1,2022.0,2022-03-07,2022-05-20 00:00:00+00:00,Graduated,<=24,1.0,Unknown,Unknown,Unknown,0,0,1,1,10423.59326767236,0,0,0,0,0.0
1533,2022,1,2022.0,2022-03-07,2022-05-20 00:00:00+00:00,Graduated,<=24,1.0,Unknown,Unknown,Unknown,1,1,0,1,851.6330016812838,0,0,0,0,1.0
1533,2023,1,2022.0,2022-03-07,2022-05-20 00:00:00+00:00,Graduated,<=24,1.0,Unknown,Unknown,Unknown,1,1,1,1,38167.84119546613,0,0,0,0,1.0
1533,2024,1,2022.0,2022-03-07,2022-05-20 00:00:00+00:00,Graduated,<=24,1.0,Unknown,Unknown,Unknown,1,1,0,1,26240.598533512013,0,0,0,0,1.0
1616,2017,0,2022.0,2022-06-27,2022-08-15 00:00:00+00:00,Non Graduated,<=24,1.0,Unknown,Unknown,Unknown,0,0,0,0,0.0,0,0,0,0,0.0
1616,2018,0,2022.0,2022-06-27,2022-08-15 00:00:00+00:00,Non Graduated,<=24,1.0,Unknown,Unknown,Unknown,0,0,0,0,0.0,0,0,0,0,0.0
1616,2019,0,2022.0,2022-06-27,2022-08-15 00:00:00+00:00,Non Graduated,<=24,1.0,Unknown,Unknown,Unknown,0,0,0,1,6241.713533385189,0,0,0,0,0.0
1616,2020,0,2022.0,2022-06-27,2022-08-15 00:00:00+00:00,Non Graduated,<=24,1.0,Unknown,Unknown,Unknown,0,0,0,0,0.0,0,0,0,0,0.0
1616,2021,0,2022.0,2022-06-27,2022-08-15 00:00:00+00:00,Non Graduated,<=24,1.0,Unknown,Unknown,Unknown,0,0,0,1,25623.853914598883,0,0,0,0,0.0
1616,2022,0,2022.0,2022-06-27,2022-08-15 00:00:00+00:00,Non Graduated,<=24,1.0,Unknown,Unknown,Unknown,1,0,0,1,2502.2256385998107,0,0,0,0,0.0
1616,2023,0,2022.0,2022-06-27,2022-08-15 00:00:00+00:00,Non Graduated,<=24,1.0,Unknown,Unknown,Unknown,1,0,0,1,1349.7468330577117,0,0,0,0,0.0
1616,2024,0,2022.0,2022-06-27,2022-08-15 00:00:00+00:00,Non Graduated,<=24,1.0,Unknown,Unknown,Unknown,1,0,0,0,0.0,0,0,0,0,0.0
1667,2017,1,2022.0,2022-09-12,2022-11-23 00:00:00+00:00,Graduated,<=24,1.0,Unknown,Unknown,Unknown,0,0,0,0,0.0,0,0,0,0,0.0
1667,2018,1,2022.0,2022-09-12,2022-11-23 00:00:00+00:00,Graduated,<=24,1.0,Unknown,Unknown,Unknown,0,0,0,0,0.0,0,0,0,0,0.0
1667,2019,1,2022.0,2022-09-12,2022-11-23 00:00:00+00:00,Graduated,<=24,1.0,Unknown,Unknown,Unknown,0,0,0,0,0.0,0,0,0,0,0.0
1667,2020,1,2022.0,2022-09-12,2022-11-23 00:00:00+00:00,Graduated,<=24,1.0,Unknown,Unknown,Unknown,0,0,0,0,0.0,0,0,0,0,0.0
1667,2021,1,2022.0,2022-09-12,2022-11-23 00:00:00+00:00,Graduated,<=24,1.0,Unknown,Unknown,Unknown,0,0,0,1,9600.425708438392,0,0,0,0,0.0
1667,2022,1,2022.0,2022-09-12,2022-11-23 00:00:00+00:00,Graduated,<=24,1.0,Unknown,Unknown,Unknown,1,1,1,1,22336.433377028836,0,0,0,0,1.0
1667,2023,1,2022.0,2022-09-12,2022-11-23 00:00:00+00:00,Graduated,<=24,1.0,Unknown,Unknown,Unknown,1,1,0,1,10248.91958401729,0,0,0,0,1.0
1667,2024,1,2022.0,2022-09-12,2022-11-23 00:00:00+00:00,Graduated,<=24,1.0,Unknown,Unknown,Unknown,1,1,0,1,10747.59034762218,0,0,0,0,1.0
1671,2017,0,2022.0,2022-09-19,2022-09-30 00:00:00+00:00,Non Graduated,<=24,1.0,Unknown,Unknown,Unknown,0,0,0,0,0.0,0,0,0,0,0.0
1671,2018,0,2022.0,2022-09-19,2022-09-30 00:00:00+00:00,Non Graduated,<=24,1.0,Unknown,Unknown,Unknown,0,0,0,0,0.0,0,0,0,0,0.0
1671,2019,0,2022.0,2022-09-19,2022-09-30 00:00:00+00:00,Non Graduated,<=24,1.0,Unknown,Unknown,Unknown,0,0,0,0,0.0,0,0,0,0,0.0
1671,2020,0,2022.0,2022-09-19,2022-09-30 00:00:00+00:00,Non Graduated,<=24,1.0,Unknown,Unknown,Unknown,0,0,0,0,0.0,0,0,0,0,0.0
1671,2021,0,2022.0,2022-09-19,2022-09-30 00:00:00+00:00,Non Graduated,<=24,1.0,Unknown,Unknown,Unknown,0,0,0,1,1897.981121185719,0,0,0,0,0.0
1671,2022,0,2022.0,2022-09-19,2022-09-30 00:00:00+00:00,Non Graduated,<=24,1.0,Unknown,Unknown,Unknown,1,0,1,1,6762.788938372461,0,0,0,0,0.0
1671,2023,0,2022.0,2022-09-19,2022-09-30 00:00:00+00:00,Non Graduated,<=24,1.0,Unknown,Unknown,Unknown,1,0,1,1,13600.21059953929,0,0,0,0,0.0
1671,2024,0,2022.0,2022-09-19,2022-09-30 00:00:00+00:00,Non Graduated,<=24,1.0,Unknown,Unknown,Unknown,1,0,0,1,2381.98263410415,0,0,0,0,0.0
1662,2017,1,2022.0,2022-09-12,2022-11-23 00:00:00+00:00,Graduated,<=24,1.0,Unknown,Unknown,Unknown,0,0,0,0,0.0,0,0,0,0,0.0
1662,2018,1,2022.0,2022-09-12,2022-11-23 00:00:00+00:00,Graduated,<=24,1.0,Unknown,Unknown,Unknown,0,0,0,0,0.0,0,0,0,0,0.0
1662,2019,1,2022.0,2022-09-12,2022-11-23 00:00:00+00:00,Graduated,<=24,1.0,Unknown,Unknown,Unknown,0,0,0,1,465.60182141738443,0,0,0,0,0.0
1662,2020,1,2022.0,2022-09-12,2022-11-23 00:00:00+00:00,Graduated,<=24,1.0,Unknown,Unknown,Unknown,0,0,0,1,1694.5775297263583,0,0,0,0,0.0
1662,2021,1,2022.0,2022-09-12,2022-11-23 00:00:00+00:00,Graduated,<=24,1.0,Unknown,Unknown,Unknown,0,0,0,1,6464.649882357615,0,0,0,0,0.0
1662,2022,1,2022.0,2022-09-12,2022-11-23 00:00:00+00:00,Graduated,<=24,1.0,Unknown,Unknown,Unknown,1,1,0,1,7427.058509174859,0,0,0,0,1.0
1662,2023,1,2022.0,2022-09-12,2022-11-23 00:00:00+00:00,Graduated,<=24,1.0,Unknown,Unknown,Unknown,1,1,0,1,193.72341441701946,0,0,0,0,1.0
1662,2024,1,2022.0,2022-09-12,2022-11-23 00:00:00+00:00,Graduated,<=24,1.0,Unknown,Unknown,Unknown,1,1,0,0,0.0,0,0,0,0,1.0
1829,2017,0,2023.0,2023-04-24,2023-05-05 00:00:00+00:00,Non Graduated,<=24,1.0,Unknown,Unknown,Unknown,0,0,0,1,1962.555952775554,0,0,0,0,0.0
1829,2018,0,2023.0,2023-04-24,2023-05-05 00:00:00+00:00,Non Graduated,<=24,1.0,Unknown,Unknown,Unknown,0,0,1,1,4389.326678041496,0,0,0,0,0.0
1829,2019,0,2023.0,2023-04-24,2023-05-05 00:00:00+00:00,Non Graduated,<=24,1.0,Unknown,Unknown,Unknown,0,0,0,1,7181.385181092428,0,0,0,0,0.0
1829,2020,0,2023.0,2023-04-24,2023-05-05 00:00:00+00:00,Non Graduated,<=24,1.0,Unknown,Unknown,Unknown,0,0,0,1,2153.7913088927535,0,0,0,0,0.0
1829,2021,0,2023.0,2023-04-24,2023-05-05 00:00:00+00:00,Non Graduated,<=24,1.0,Unknown,Unknown,Unknown,0,0,0,1,2333.06319169037,0,0,0,0,0.0
1829,2022,0,2023.0,2023-04-24,2023-05-05 00:00:00+00:00,Non Graduated,<=24,1.0,Unknown,Unknown,Unknown,0,0,0,1,1274.0243145097193,0,0,0,0,0.0
1829,2023,0,2023.0,2023-04-24,2023-05-05 00:00:00+00:00,Non Graduated,<=24,1.0,Unknown,Unknown,Unknown,1,0,0,1,1540.890619929614,0,0,0,0,0.0
1829,2024,0,2023.0,2023-04-24,2023-05-05 00:00:00+00:00,Non Graduated,<=24,1.0,Unknown,Unknown,Unknown,1,0,0,0,0.0,0,0,0,0,0.0
1515,2017,1,2022.0,2022-02-02,2022-04-15 00:00:00+00:00,Graduated,<=24,1.0,Unknown,Unknown,Unknown,0,0,0,0,0.0,0,0,0,0,0.0
1515,2018,1,2022.0,2022-02-02,2022-04-15 00:00:00+00:00,Graduated,<=24,1.0,Unknown,Unknown,Unknown,0,0,0,1,738.42566913796,0,0,0,0,0.0
1515,2019,1,2022.0,2022-02-02,2022-04-15 00:00:00+00:00,Graduated,<=24,1.0,Unknown,Unknown,Unknown,0,0,0,0,0.0,0,0,0,0,0.0
1515,2020,1,2022.0,2022-02-02,2022-04-15 00:00:00+00:00,Graduated,<=24,1.0,Unknown,Unknown,Unknown,0,0,0,1,680.5944821974339,0,0,0,0,0.0
1515,2021,1,2022.0,2022-02-02,2022-04-15 00:00:00+00:00,Graduated,<=24,1.0,Unknown,Unknown,Unknown,0,0,0,1,523.0389308541545,0,0,0,0,0.0
1515,2022,1,2022.0,2022-02-02,2022-04-15 00:00:00+00:00,Graduated,<=24,1.0,Unknown,Unknown,Unknown,1,1,0,1,1322.1219252601702,0,0,0,0,1.0
1515,2023,1,2022.0,2022-02-02,2022-04-15 00:00:00+00:00,Graduated,<=24,1.0,Unknown,Unknown,Unknown,1,1,0,1,3646.2460735519494,1,0,0,0,1.0
1515,2024,1,2022.0,2022-02-02,2022-04-15 00:00:00+00:00,Graduated,<=24,1.0,Unknown,Unknown,Unknown,1,1,0,0,0.0,0,0,0,0,1.0
1498,2017,0,2022.0,2022-01-10,2022-02-25 00:00:00+00:00,Non Graduated,<=24,1.0,Unknown,Unknown,Unknown,0,0,0,1,2735.891393421085,0,0,0,0,0.0
1498,2018,0,2022.0,2022-01-10,2022-02-25 00:00:00+00:00,Non Graduated,<=24,1.0,Unknown,Unknown,Unknown,0,0,0,1,5165.564833928754,0,0,0,0,0.0
1498,2019,0,2022.0,2022-01-10,2022-02-25 00:00:00+00:00,Non Graduated,<=24,1.0,Unknown,Unknown,Unknown,0,0,0,1,2128.5453447925056,0,0,0,0,0.0
1498,2020,0,2022.0,2022-01-10,2022-02-25 00:00:00+00:00,Non Graduated,<=24,1.0,Unknown,Unknown,Unknown,0,0,0,1,1553.008534955349,0,0,0,0,0.0
1498,2021,0,2022.0,2022-01-10,2022-02-25 00:00:00+00:00,Non Graduated,<=24,1.0,Unknown,Unknown,Unknown,0,0,0,1,12652.24255036636,0,0,0,0,0.0
1498,2022,0,2022.0,2022-01-10,2022-02-25 00:00:00+00:00,Non Graduated,<=24,1.0,Unknown,Unknown,Unknown,1,0,1,1,14704.171643016753,0,0,0,0,0.0
1498,2023,0,2022.0,2022-01-10,2022-02-25 00:00:00+00:00,Non Graduated,<=24,1.0,Unknown,Unknown,Unknown,1,0,1,1,32632.43078857256,0,0,0,0,0.0
1498,2024,0,2022.0,2022-01-10,2022-02-25 00:00:00+00:00,Non Graduated,<=24,1.0,Unknown,Unknown,Unknown,1,0,0,1,22642.91315971348,0,0,0,0,0.0
1785,2017,1,2023.0,2023-03-06,2023-06-15 00:00:00+00:00,Graduated,<=24,1.0,Unknown,Unknown,Unknown,0,0,0,0,0.0,0,0,0,0,0.0
1785,2018,1,2023.0,2023-03-06,2023-06-15 00:00:00+00:00,Graduated,<=24,1.0,Unknown,Unknown,Unknown,0,0,0,0,0.0,0,0,0,0,0.0
1785,2019,1,2023.0,2023-03-06,2023-06-15 00:00:00+00:00,Graduated,<=24,1.0,Unknown,Unknown,Unknown,0,0,0,0,0.0,0,0,0,0,0.0
1785,2020,1,2023.0,2023-03-06,2023-06-15 00:00:00+00:00,Graduated,<=24,1.0,Unknown,Unknown,Unknown,0,0,0,1,804.1396730814748,0,0,0,0,0.0
1785,2021,1,2023.0,2023-03-06,2023-06-15 00:00:00+00:00,Graduated,<=24,1.0,Unknown,Unknown,Unknown,0,0,0,1,2442.4389588634203,0,0,0,0,0.0
1785,2022,1,2023.0,2023-03-06,2023-06-15 00:00:00+00:00,Graduated,<=24,1.0,Unknown,Unknown,Unknown,0,0,0,1,2995.3760621565757,0,0,0,0,0.0
1785,2023,1,2023.0,2023-03-06,2023-06-15 00:00:00+00:00,Graduated,<=24,1.0,Unknown,Unknown,Unknown,1,1,0,1,968.3957778396215,0,0,0,0,1.0
1785,2024,1,2023.0,2023-03-06,2023-06-15 00:00:00+00:00,Graduated,<=24,1.0,Unknown,Unknown,Unknown,1,1,0,1,3226.3630527792347,0,0,0,0,1.0
1991,2017,0,2024.0,2023-12-04,2024-04-03 00:00:00+00:00,Non Graduated,<=24,1.0,Unknown,Unknown,Unknown,0,0,0,0,0.0,0,0,0,0,0.0
1991,2018,0,2024.0,2023-12-04,2024-04-03 00:00:00+00:00,Non Graduated,<=24,1.0,Unknown,Unknown,Unknown,0,0,0,0,0.0,0,0,0,0,0.0
1991,2019,0,2024.0,2023-12-04,2024-04-03 00:00:00+00:00,Non Graduated,<=24,1.0,Unknown,Unknown,Unknown,0,0,0,0,0.0,0,0,0,0,0.0
1991,2020,0,2024.0,2023-12-04,2024-04-03 00:00:00+00:00,Non Graduated,<=24,1.0,Unknown,Unknown,Unknown,0,0,0,1,3862.267307714181,0,0,0,0,0.0
1991,2021,0,2024.0,2023-12-04,2024-04-03 00:00:00+00:00,Non Graduated,<=24,1.0,Unknown,Unknown,Unknown,0,0,0,1,2735.9251129958225,0,0,0,0,0.0
1991,2022,0,2024.0,2023-12-04,2024-04-03 00:00:00+00:00,Non Graduated,<=24,1.0,Unknown,Unknown,Unknown,0,0,0,1,1887.896935974637,0,0,0,0,0.0
1991,2023,0,2024.0,2023-12-04,2024-04-03 00:00:00+00:00,Non Graduated,<=24,1.0,Unknown,Unknown,Unknown,0,0,0,1,4394.992880242307,0,0,0,0,0.0
1991,2024,0,2024.0,2023-12-04,2024-04-03 00:00:00+00:00,Non Graduated,<=24,1.0,Unknown,Unknown,Unknown,1,0,0,1,6736.466423410959,0,0,0,0,0.0
1708,2017,1,2023.0,2022-11-08,2023-01-20 00:00:00+00:00,Graduated,<=24,1.0,Unknown,Unknown,Unknown,0,0,0,0,0.0,0,0,0,0,0.0
1708,2018,1,2023.0,2022-11-08,2023-01-20 00:00:00+00:00,Graduated,<=24,1.0,Unknown,Unknown,Unknown,0,0,0,0,0.0,0,0,0,0,0.0
1708,2019,1,2023.0,2022-11-08,2023-01-20 00:00:00+00:00,Graduated,<=24,1.0,Unknown,Unknown,Unknown,0,0,0,0,0.0,0,0,0,0,0.0
1708,2020,1,2023.0,2022-11-08,2023-01-20 00:00:00+00:00,Graduated,<=24,1.0,Unknown,Unknown,Unknown,0,0,0,0,0.0,0,0,0,0,0.0
1708,2021,1,2023.0,2022-11-08,2023-01-20 00:00:00+00:00,Graduated,<=24,1.0,Unknown,Unknown,Unknown,0,0,0,1,1251.9449310270088,0,0,0,0,0.0
1708,2022,1,2023.0,2022-11-08,2023-01-20 00:00:00+00:00,Graduated,<=24,1.0,Unknown,Unknown,Unknown,0,0,0,1,1577.5356509101339,0,0,0,0,0.0
1708,2023,1,2023.0,2022-11-08,2023-01-20 00:00:00+00:00,Graduated,<=24,1.0,Unknown,Unknown,Unknown,1,1,0,1,3033.36490263495,0,0,0,0,1.0
1708,2024,1,2023.0,2022-11-08,2023-01-20 00:00:00+00:00,Graduated,<=24,1.0,Unknown,Unknown,Unknown,1,1,0,0,0.0,0,0,0,0,1.0
1537,2017,0,2022.0,2022-03-14,2022-04-21 00:00:00+00:00,Non Graduated,<=24,1.0,Unknown,Unknown,Unknown,0,0,0,1,1118.6092156600585,0,0,0,0,0.0
1537,2018,0,2022.0,2022-03-14,2022-04-21 00:00:00+00:00,Non Graduated,<=24,1.0,Unknown,Unknown,Unknown,0,0,0,1,1422.8737239913228,0,0,0,0,0.0
1537,2019,0,2022.0,2022-03-14,2022-04-21 00:00:00+00:00,Non Graduated,<=24,1.0,Unknown,Unknown,Unknown,0,0,1,1,4379.76970501228,0,0,0,0,0.0
1537,2020,0,2022.0,2022-03-14,2022-04-21 00:00:00+00:00,Non Graduated,<=24,1.0,Unknown,Unknown,Unknown,0,0,1,1,4018.420814148873,0,0,0,0,0.0
1537,2021,0,2022.0,2022-03-14,2022-04-21 00:00:00+00:00,Non Graduated,<=24,1.0,Unknown,Unknown,Unknown,0,0,1,1,8446.239811714724,0,0,0,0,0.0
1537,2022,0,2022.0,2022-03-14,2022-04-21 00:00:00+00:00,Non Graduated,<=24,1.0,Unknown,Unknown,Unknown,1,0,1,1,11477.48880285481,0,0,0,0,0.0
1537,2023,0,2022.0,2022-03-14,2022-04-21 00:00:00+00:00,Non Graduated,<=24,1.0,Unknown,Unknown,Unknown,1,0,1,1,11213.905188476556,0,0,0,0,0.0
1537,2024,0,2022.0,2022-03-14,2022-04-21 00:00:00+00:00,Non Graduated,<=24,1.0,Unknown,Unknown,Unknown,1,0,0,1,7498.775036506612,0,0,0,0,0.0
1903,2017,1,2023.0,2023-07-31,2023-10-13 00:00:00+00:00,Graduated,<=24,1.0,Unknown,Unknown,Unknown,0,0,0,0,0.0,0,0,0,0,0.0
1903,2018,1,2023.0,2023-07-31,2023-10-13 00:00:00+00:00,Graduated,<=24,1.0,Unknown,Unknown,Unknown,0,0,0,1,833.0610304444766,0,0,0,0,0.0
1903,2019,1,2023.0,2023-07-31,2023-10-13 00:00:00+00:00,Graduated,<=24,1.0,Unknown,Unknown,Unknown,0,0,0,1,973.5213990520442,0,0,0,0,0.0
1903,2020,1,2023.0,2023-07-31,2023-10-13 00:00:00+00:00,Graduated,<=24,1.0,Unknown,Unknown,Unknown,0,0,0,1,2081.2322542328106,0,0,0,0,0.0
1903,2021,1,2023.0,2023-07-31,2023-10-13 00:00:00+00:00,Graduated,<=24,1.0,Unknown,Unknown,Unknown,0,0,0,0,0.0,0,0,0,0,0.0
1903,2022,1,2023.0,2023-07-31,2023-10-13 00:00:00+00:00,Graduated,<=24,1.0,Unknown,Unknown,Unknown,0,0,0,1,11142.785038632795,0,0,0,0,0.0
1903,2023,1,2023.0,2023-07-31,2023-10-13 00:00:00+00:00,Graduated,<=24,1.0,Unknown,Unknown,Unknown,1,1,1,1,21552.911950853733,0,0,0,0,1.0
1903,2024,1,2023.0,2023-07-31,2023-10-13 00:00:00+00:00,Graduated,<=24,1.0,Unknown,Unknown,Unknown,1,1,0,1,20337.49162997737,0,0,0,0,1.0
1979,2017,0,2023.0,2023-11-20,2023-12-20 00:00:00+00:00,Non Graduated,<=24,1.0,Unknown,Unknown,Unknown,0,0,0,1,186.08438849717595,0,0,1,1,0.0
1979,2018,0,2023.0,2023-11-20,2023-12-20 00:00:00+00:00,Non Graduated,<=24,1.0,Unknown,Unknown,Unknown,0,0,0,1,246.3621976412334,0,0,1,1,0.0
1979,2019,0,2023.0,2023-11-20,2023-12-20 00:00:00+00:00,Non Graduated,<=24,1.0,Unknown,Unknown,Unknown,0,0,0,1,447.85575245077945,0,0,1,1,0.0
1979,2020,0,2023.0,2023-11-20,2023-12-20 00:00:00+00:00,Non Graduated,<=24,1.0,Unknown,Unknown,Unknown,0,0,0,1,1128.6618212812116,0,0,1,1,0.0
1979,2021,0,2023.0,2023-11-20,2023-12-20 00:00:00+00:00,Non Graduated,<=24,1.0,Unknown,Unknown,Unknown,0,0,0,1,2465.029897941104,0,0,1,1,0.0
1979,2022,0,2023.0,2023-11-20,2023-12-20 00:00:00+00:00,Non Graduated,<=24,1.0,Unknown,Unknown,Unknown,0,0,0,1,3584.5932477592874,0,0,1,1,0.0
1979,2023,0,2023.0,2023-11-20,2023-12-20 00:00:00+00:00,Non Graduated,<=24,1.0,Unknown,Unknown,Unknown,1,0,1,1,7901.720684262464,0,0,1,1,0.0
1979,2024,0,2023.0,2023-11-20,2023-12-20 00:00:00+00:00,Non Graduated,<=24,1.0,Unknown,Unknown,Unknown,1,0,0,1,8452.847212888664,0,0,1,1,0.0
1998,2017,1,2024.0,2023-12-11,2024-03-22 00:00:00+00:00,Graduated,<=24,1.0,Unknown,Unknown,Unknown,0,0,0,1,8240.842706172429,0,0,0,0,0.0
1998,2018,1,2024.0,2023-12-11,2024-03-22 00:00:00+00:00,Graduated,<=24,1.0,Unknown,Unknown,Unknown,0,0,1,1,4001.2426512385687,0,0,0,0,0.0
1998,2019,1,2024.0,2023-12-11,2024-03-22 00:00:00+00:00,Graduated,<=24,1.0,Unknown,Unknown,Unknown,0,0,1,1,3757.0296932103706,0,0,0,0,0.0
1998,2020,1,2024.0,2023-12-11,2024-03-22 00:00:00+00:00,Graduated,<=24,1.0,Unknown,Unknown,Unknown,0,0,0,1,5130.132976738224,0,0,0,0,0.0
1998,2021,1,2024.0,2023-12-11,2024-03-22 00:00:00+00:00,Graduated,<=24,1.0,Unknown,Unknown,Unknown,0,0,0,0,0.0,0,0,0,0,0.0
1998,2022,1,2024.0,2023-12-11,2024-03-22 00:00:00+00:00,Graduated,<=24,1.0,Unknown,Unknown,Unknown,0,0,0,1,13316.93871352784,0,0,0,0,0.0
1998,2023,1,2024.0,2023-12-11,2024-03-22 00:00:00+00:00,Graduated,<=24,1.0,Unknown,Unknown,Unknown,0,0,1,1,19304.251333269243,0,0,0,0,0.0
1998,2024,1,2024.0,2023-12-11,2024-03-22 00:00:00+00:00,Graduated,<=24,1.0,Unknown,Unknown,Unknown,1,1,0,1,5184.208903139552,0,0,0,0,1.0
2103,2017,0,2024.0,2024-04-15,2024-06-18 00:00:00+00:00,Non Graduated,<=24,1.0,Unknown,Unknown,Unknown,0,0,0,0,0.0,0,0,0,0,0.0
2103,2018,0,2024.0,2024-04-15,2024-06-18 00:00:00+00:00,Non Graduated,<=24,1.0,Unknown,Unknown,Unknown,0,0,0,0,0.0,0,0,0,0,0.0
2103,2019,0,2024.0,2024-04-15,2024-06-18 00:00:00+00:00,Non Graduated,<=24,1.0,Unknown,Unknown,Unknown,0,0,0,0,0.0,0,0,0,0,0.0
2103,2020,0,2024.0,2024-04-15,2024-06-18 00:00:00+00:00,Non Graduated,<=24,1.0,Unknown,Unknown,Unknown,0,0,0,0,0.0,0,0,0,0,0.0
2103,2021,0,2024.0,2024-04-15,2024-06-18 00:00:00+00:00,Non Graduated,<=24,1.0,Unknown,Unknown,Unknown,0,0,0,0,0.0,0,0,0,0,0.0
2103,2022,0,2024.0,2024-04-15,2024-06-18 00:00:00+00:00,Non Graduated,<=24,1.0,Unknown,Unknown,Unknown,0,0,0,0,0.0,0,0,0,0,0.0
2103,2023,0,2024.0,2024-04-15,2024-06-18 00:00:00+00:00,Non Graduated,<=24,1.0,Unknown,Unknown,Unknown,0,0,0,0,0.0,0,0,0,0,0.0
2103,2024,0,2024.0,2024-04-15,2024-06-18 00:00:00+00:00,Non Graduated,<=24,1.0,Unknown,Unknown,Unknown,1,0,0,0,0.0,0,0,0,0,0.0
1794,2017,1,2023.0,2023-03-21,2023-06-02 00:00:00+00:00,Graduated,<=24,1.0,Unknown,Unknown,Unknown,0,0,0,0,0.0,0,0,0,0,0.0
1794,2018,1,2023.0,2023-03-21,2023-06-02 00:00:00+00:00,Graduated,<=24,1.0,Unknown,Unknown,Unknown,0,0,0,0,0.0,0,0,0,0,0.0
1794,2019,1,2023.0,2023-03-21,2023-06-02 00:00:00+00:00,Graduated,<=24,1.0,Unknown,Unknown,Unknown,0,0,0,1,1283.889879058807,0,0,0,0,0.0
1794,2020,1,2023.0,2023-03-21,2023-06-02 00:00:00+00:00,Graduated,<=24,1.0,Unknown,Unknown,Unknown,0,0,0,1,121.77997404257789,0,0,0,0,0.0
1794,2021,1,2023.0,2023-03-21,2023-06-02 00:00:00+00:00,Graduated,<=24,1.0,Unknown,Unknown,Unknown,0,0,0,1,6927.910209730947,0,0,0,0,0.0
1794,2022,1,2023.0,2023-03-21,2023-06-02 00:00:00+00:00,Graduated,<=24,1.0,Unknown,Unknown,Unknown,0,0,0,1,6382.254605814773,0,0,0,0,0.0
1794,2023,1,2023.0,2023-03-21,2023-06-02 00:00:00+00:00,Graduated,<=24,1.0,Unknown,Unknown,Unknown,1,1,0,1,4568.720046057254,0,0,0,0,1.0
1794,2024,1,2023.0,2023-03-21,2023-06-02 00:00:00+00:00,Graduated,<=24,1.0,Unknown,Unknown,Unknown,1,1,0,1,8094.112683557874,0,0,0,0,1.0
1763,2017,0,2023.0,2023-02-06,2023-02-10 00:00:00+00:00,Non Graduated,<=24,1.0,Unknown,Unknown,Unknown,0,0,0,0,0.0,0,0,0,0,0.0
1763,2018,0,2023.0,2023-02-06,2023-02-10 00:00:00+00:00,Non Graduated,<=24,1.0,Unknown,Unknown,Unknown,0,0,0,0,0.0,0,0,0,0,0.0
1763,2019,0,2023.0,2023-02-06,2023-02-10 00:00:00+00:00,Non Graduated,<=24,1.0,Unknown,Unknown,Unknown,0,0,0,0,0.0,0,0,0,0,0.0
1763,2020,0,2023.0,2023-02-06,2023-02-10 00:00:00+00:00,Non Graduated,<=24,1.0,Unknown,Unknown,Unknown,0,0,0,1,1462.8993775933611,0,0,0,0,0.0
1763,2021,0,2023.0,2023-02-06,2023-02-10 00:00:00+00:00,Non Graduated,<=24,1.0,Unknown,Unknown,Unknown,0,0,0,0,0.0,0,0,0,0,0.0
1763,2022,0,2023.0,2023-02-06,2023-02-10 00:00:00+00:00,Non Graduated,<=24,1.0,Unknown,Unknown,Unknown,0,0,0,0,0.0,0,0,0,0,0.0
1763,2023,0,2023.0,2023-02-06,2023-02-10 00:00:00+00:00,Non Graduated,<=24,1.0,Unknown,Unknown,Unknown,1,0,0,1,5076.957728479363,0,0,0,0,0.0
1763,2024,0,2023.0,2023-02-06,2023-02-10 00:00:00+00:00,Non Graduated,<=24,1.0,Unknown,Unknown,Unknown,1,0,0,1,6555.602894612815,0,0,0,0,0.0
1880,2017,1,2023.0,2023-07-10,2023-10-13 00:00:00+00:00,Graduated,<=24,1.0,Unknown,Unknown,Unknown,0,0,0,0,0.0,0,0,0,0,0.0
1880,2018,1,2023.0,2023-07-10,2023-10-13 00:00:00+00:00,Graduated,<=24,1.0,Unknown,Unknown,Unknown,0,0,0,0,0.0,0,0,0,0,0.0
1880,2019,1,2023.0,2023-07-10,2023-10-13 00:00:00+00:00,Graduated,<=24,1.0,Unknown,Unknown,Unknown,0,0,0,0,0.0,0,0,0,0,0.0
1880,2020,1,2023.0,2023-07-10,2023-10-13 00:00:00+00:00,Graduated,<=24,1.0,Unknown,Unknown,Unknown,0,0,0,0,0.0,0,0,0,0,0.0
1880,2021,1,2023.0,2023-07-10,2023-10-13 00:00:00+00:00,Graduated,<=24,1.0,Unknown,Unknown,Unknown,0,0,0,0,0.0,0,0,0,0,0.0
1880,2022,1,2023.0,2023-07-10,2023-10-13 00:00:00+00:00,Graduated,<=24,1.0,Unknown,Unknown,Unknown,0,0,0,0,0.0,0,0,0,0,0.0
1880,2023,1,2023.0,2023-07-10,2023-10-13 00:00:00+00:00,Graduated,<=24,1.0,Unknown,Unknown,Unknown,1,1,0,0,0.0,0,0,0,0,1.0
1880,2024,1,2023.0,2023-07-10,2023-10-13 00:00:00+00:00,Graduated,<=24,1.0,Unknown,Unknown,Unknown,1,1,0,1,353.785380759131,0,0,0,0,1.0
1948,2017,0,2023.0,2023-10-02,2023-10-06 00:00:00+00:00,Non Graduated,<=24,1.0,Unknown,Unknown,Unknown,0,0,0,0,0.0,0,0,0,0,0.0
1948,2018,0,2023.0,2023-10-02,2023-10-06 00:00:00+00:00,Non Graduated,<=24,1.0,Unknown,Unknown,Unknown,0,0,0,1,1349.1606051362903,0,0,0,0,0.0
1948,2019,0,2023.0,2023-10-02,2023-10-06 00:00:00+00:00,Non Graduated,<=24,1.0,Unknown,Unknown,Unknown,0,0,0,0,0.0,0,0,0,0,0.0
1948,2020,0,2023.0,2023-10-02,2023-10-06 00:00:00+00:00,Non Graduated,<=24,1.0,Unknown,Unknown,Unknown,0,0,0,1,1666.2976400003495,0,0,0,0,0.0
1948,2021,0,2023.0,2023-10-02,2023-10-06 00:00:00+00:00,Non Graduated,<=24,1.0,Unknown,Unknown,Unknown,0,0,0,1,3281.385418455552,0,0,0,0,0.0
1948,2022,0,2023.0,2023-10-02,2023-10-06 00:00:00+00:00,Non Graduated,<=24,1.0,Unknown,Unknown,Unknown,0,0,0,0,0.0,0,0,0,0,0.0
1948,2023,0,2023.0,2023-10-02,2023-10-06 00:00:00+00:00,Non Graduated,<=24,1.0,Unknown,Unknown,Unknown,1,0,0,0,0.0,0,0,0,0,0.0
1948,2024,0,2023.0,2023-10-02,2023-10-06 00:00:00+00:00,Non Graduated,<=24,1.0,Unknown,Unknown,Unknown,1,0,0,0,0.0,0,0,0,0,0.0
1927,2017,1,2023.0,2023-08-28,2023-12-15 00:00:00+00:00,Graduated,<=24,1.0,Unknown,Unknown,Unknown,0,0,0,0,0.0,0,0,0,0,0.0
1927,2018,1,2023.0,2023-08-28,2023-12-15 00:00:00+00:00,Graduated,<=24,1.0,Unknown,Unknown,Unknown,0,0,0,0,0.0,0,0,0,0,0.0
1927,2019,1,2023.0,2023-08-28,2023-12-15 00:00:00+00:00,Graduated,<=24,1.0,Unknown,Unknown,Unknown,0,0,0,0,0.0,0,0,0,0,0.0
1927,2020,1,2023.0,2023-08-28,2023-12-15 00:00:00+00:00,Graduated,<=24,1.0,Unknown,Unknown,Unknown,0,0,0,0,0.0,0,0,0,0,0.0
1927,2021,1,2023.0,2023-08-28,2023-12-15 00:00:00+00:00,Graduated,<=24,1.0,Unknown,Unknown,Unknown,0,0,0,0,0.0,0,0,0,0,0.0
1927,2022,1,2023.0,2023-08-28,2023-12-15 00:00:00+00:00,Graduated,<=24,1.0,Unknown,Unknown,Unknown,0,0,0,0,0.0,0,0,0,0,0.0
1927,2023,1,2023.0,2023-08-28,2023-12-15 00:00:00+00:00,Graduated,<=24,1.0,Unknown,Unknown,Unknown,1,1,0,0,0.0,0,0,0,0,1.0
1927,2024,1,2023.0,2023-08-28,2023-12-15 00:00:00+00:00,Graduated,<=24,1.0,Unknown,Unknown,Unknown,1,1,0,0,0.0,0,0,0,0,1.0
1960,2017,0,2024.0,2023-10-16,2024-02-01 00:00:00+00:00,Non Graduated,<=24,1.0,Unknown,Unknown,Unknown,0,0,0,0,0.0,0,0,0,0,0.0
1960,2018,0,2024.0,2023-10-16,2024-02-01 00:00:00+00:00,Non Graduated,<=24,1.0,Unknown,Unknown,Unknown,0,0,0,0,0.0,0,0,0,0,0.0
1960,2019,0,2024.0,2023-10-16,2024-02-01 00:00:00+00:00,Non Graduated,<=24,1.0,Unknown,Unknown,Unknown,0,0,0,0,0.0,0,0,0,0,0.0
1960,2020,0,2024.0,2023-10-16,2024-02-01 00:00:00+00:00,Non Graduated,<=24,1.0,Unknown,Unknown,Unknown,0,0,0,0,0.0,0,0,0,0,0.0
1960,2021,0,2024.0,2023-10-16,2024-02-01 00:00:00+00:00,Non Graduated,<=24,1.0,Unknown,Unknown,Unknown,0,0,0,0,0.0,0,0,0,0,0.0
1960,2022,0,2024.0,2023-10-16,2024-02-01 00:00:00+00:00,Non Graduated,<=24,1.0,Unknown,Unknown,Unknown,0,0,0,0,0.0,0,0,0,0,0.0
1960,2023,0,2024.0,2023-10-16,2024-02-01 00:00:00+00:00,Non Graduated,<=24,1.0,Unknown,Unknown,Unknown,0,0,0,0,0.0,0,0,0,0,0.0
1960,2024,0,2024.0,2023-10-16,2024-02-01 00:00:00+00:00,Non Graduated,<=24,1.0,Unknown,Unknown,Unknown,1,0,0,1,21687.821775703178,0,0,0,0,0.0
1799,2017,1,2023.0,2023-03-28,2023-08-18 00:00:00+00:00,Graduated,<=24,1.0,Unknown,Unknown,Unknown,0,0,0,0,0.0,0,0,0,0,0.0
1799,2018,1,2023.0,2023-03-28,2023-08-18 00:00:00+00:00,Graduated,<=24,1.0,Unknown,Unknown,Unknown,0,0,0,0,0.0,0,0,0,0,0.0
1799,2019,1,2023.0,2023-03-28,2023-08-18 00:00:00+00:00,Graduated,<=24,1.0,Unknown,Unknown,Unknown,0,0,0,0,0.0,0,0,0,0,0.0
1799,2020,1,2023.0,2023-03-28,2023-08-18 00:00:00+00:00,Graduated,<=24,1.0,Unknown,Unknown,Unknown,0,0,0,1,1643.4462932348083,0,0,0,0,0.0
1799,2021,1,2023.0,2023-03-28,2023-08-18 00:00:00+00:00,Graduated,<=24,1.0,Unknown,Unknown,Unknown,0,0,0,0,0.0,0,0,0,0,0.0
1799,2022,1,2023.0,2023-03-28,2023-08-18 00:00:00+00:00,Graduated,<=24,1.0,Unknown,Unknown,Unknown,0,0,0,0,0.0,0,0,0,0,0.0
1799,2023,1,2023.0,2023-03-28,2023-08-18 00:00:00+00:00,Graduated,<=24,1.0,Unknown,Unknown,Unknown,1,1,0,1,2158.172089318899,0,0,0,0,1.0
1799,2024,1,2023.0,2023-03-28,2023-08-18 00:00:00+00:00,Graduated,<=24,1.0,Unknown,Unknown,Unknown,1,1,0,1,1323.7558777168483,0,0,0,0,1.0
1060,2017,0,2023.0,2023-02-28,2023-03-24 00:00:00+00:00,Non Graduated,<=24,1.0,Unknown,Unknown,Unknown,0,0,0,0,0.0,0,0,0,0,0.0
1060,2018,0,2023.0,2023-02-28,2023-03-24 00:00:00+00:00,Non Graduated,<=24,1.0,Unknown,Unknown,Unknown,0,0,0,0,0.0,0,0,0,0,0.0
1060,2019,0,2023.0,2023-02-28,2023-03-24 00:00:00+00:00,Non Graduated,<=24,1.0,Unknown,Unknown,Unknown,0,0,0,1,2851.525464416427,0,0,0,0,0.0
1060,2020,0,2023.0,2023-02-28,2023-03-24 00:00:00+00:00,Non Graduated,<=24,1.0,Unknown,Unknown,Unknown,0,0,0,0,0.0,0,0,0,0,0.0
1060,2021,0,2023.0,2023-02-28,2023-03-24 00:00:00+00:00,Non Graduated,<=24,1.0,Unknown,Unknown,Unknown,0,0,0,0,0.0,0,0,0,0,0.0
1060,2022,0,2023.0,2023-02-28,2023-03-24 00:00:00+00:00,Non Graduated,<=24,1.0,Unknown,Unknown,Unknown,0,0,0,0,0.0,0,0,0,0,0.0
1060,2023,0,2023.0,2023-02-28,2023-03-24 00:00:00+00:00,Non Graduated,<=24,1.0,Unknown,Unknown,Unknown,1,0,0,0,0.0,0,0,0,0,0.0
1060,2024,0,2023.0,2023-02-28,2023-03-24 00:00:00+00:00,Non Graduated,<=24,1.0,Unknown,Unknown,Unknown,1,0,0,0,0.0,0,0,0,0,0.0
1762,2017,1,2023.0,2023-01-30,2023-04-21 00:00:00+00:00,Graduated,<=24,1.0,Unknown,Unknown,Unknown,0,0,0,0,0.0,0,0,0,0,0.0
1762,2018,1,2023.0,2023-01-30,2023-04-21 00:00:00+00:00,Graduated,<=24,1.0,Unknown,Unknown,Unknown,0,0,0,0,0.0,0,0,0,0,0.0
1762,2019,1,2023.0,2023-01-30,2023-04-21 00:00:00+00:00,Graduated,<=24,1.0,Unknown,Unknown,Unknown,0,0,0,0,0.0,0,0,0,0,0.0
1762,2020,1,2023.0,2023-01-30,2023-04-21 00:00:00+00:00,Graduated,<=24,1.0,Unknown,Unknown,Unknown,0,0,0,0,0.0,0,0,0,0,0.0
1762,2021,1,2023.0,2023-01-30,2023-04-21 00:00:00+00:00,Graduated,<=24,1.0,Unknown,Unknown,Unknown,0,0,0,0,0.0,0,0,0,0,0.0
1762,2022,1,2023.0,2023-01-30,2023-04-21 00:00:00+00:00,Graduated,<=24,1.0,Unknown,Unknown,Unknown,0,0,0,0,0.0,0,0,0,0,0.0
1762,2023,1,2023.0,2023-01-30,2023-04-21 00:00:00+00:00,Graduated,<=24,1.0,Unknown,Unknown,Unknown,1,1,0,0,0.0,0,0,0,0,1.0
1762,2024,1,2023.0,2023-01-30,2023-04-21 00:00:00+00:00,Graduated,<=24,1.0,Unknown,Unknown,Unknown,1,1,0,0,0.0,0,0,0,0,1.0
1612,2017,0,2022.0,2022-06-22,2022-07-08 00:00:00+00:00,Non Graduated,<=24,1.0,Unknown,Unknown,Unknown,0,0,0,0,0.0,0,0,0,0,0.0
1612,2018,0,2022.0,2022-06-22,2022-07-08 00:00:00+00:00,Non Graduated,<=24,1.0,Unknown,Unknown,Unknown,0,0,0,0,0.0,0,0,0,0,0.0
1612,2019,0,2022.0,2022-06-22,2022-07-08 00:00:00+00:00,Non Graduated,<=24,1.0,Unknown,Unknown,Unknown,0,0,0,0,0.0,0,0,0,0,0.0
1612,2020,0,2022.0,2022-06-22,2022-07-08 00:00:00+00:00,Non Graduated,<=24,1.0,Unknown,Unknown,Unknown,0,0,0,0,0.0,0,0,0,0,0.0
1612,2021,0,2022.0,2022-06-22,2022-07-08 00:00:00+00:00,Non Graduated,<=24,1.0,Unknown,Unknown,Unknown,0,0,0,1,332.8745779018809,0,0,0,0,0.0
1612,2022,0,2022.0,2022-06-22,2022-07-08 00:00:00+00:00,Non Graduated,<=24,1.0,Unknown,Unknown,Unknown,1,0,0,1,4385.87782978761,0,0,0,0,0.0
1612,2023,0,2022.0,2022-06-22,2022-07-08 00:00:00+00:00,Non Graduated,<=24,1.0,Unknown,Unknown,Unknown,1,0,0,0,0.0,3,1,1,0,0.0
1612,2024,0,2022.0,2022-06-22,2022-07-08 00:00:00+00:00,Non Graduated,<=24,1.0,Unknown,Unknown,Unknown,1,0,0,0,0.0,0,0,1,1,0.0
1780,2017,1,2023.0,2023-02-27,2023-05-12 00:00:00+00:00,Graduated,<=24,1.0,Unknown,Unknown,Unknown,0,0,0,0,0.0,0,0,0,0,0.0
1780,2018,1,2023.0,2023-02-27,2023-05-12 00:00:00+00:00,Graduated,<=24,1.0,Unknown,Unknown,Unknown,0,0,0,0,0.0,0,0,0,0,0.0
1780,2019,1,2023.0,2023-02-27,2023-05-12 00:00:00+00:00,Graduated,<=24,1.0,Unknown,Unknown,Unknown,0,0,0,0,0.0,0,0,0,0,0.0
1780,2020,1,2023.0,2023-02-27,2023-05-12 00:00:00+00:00,Graduated,<=24,1.0,Unknown,Unknown,Unknown,0,0,0,0,0.0,0,0,0,0,0.0
1780,2021,1,2023.0,2023-02-27,2023-05-12 00:00:00+00:00,Graduated,<=24,1.0,Unknown,Unknown,Unknown,0,0,0,0,0.0,0,0,0,0,0.0
1780,2022,1,2023.0,2023-02-27,2023-05-12 00:00:00+00:00,Graduated,<=24,1.0,Unknown,Unknown,Unknown,0,0,0,0,0.0,0,0,0,0,0.0
1780,2023,1,2023.0,2023-02-27,2023-05-12 00:00:00+00:00,Graduated,<=24,1.0,Unknown,Unknown,Unknown,1,1,0,0,0.0,0,0,0,0,1.0
1780,2024,1,2023.0,2023-02-27,2023-05-12 00:00:00+00:00,Graduated,<=24,1.0,Unknown,Unknown,Unknown,1,1,0,0,0.0,0,0,0,0,1.0
1098,2017,0,2023.0,2023-08-07,2023-09-19 00:00:00+00:00,Non Graduated,<=24,1.0,Unknown,Unknown,Unknown,0,0,0,0,0.0,0,0,0,0,0.0
1098,2018,0,2023.0,2023-08-07,2023-09-19 00:00:00+00:00,Non Graduated,<=24,1.0,Unknown,Unknown,Unknown,0,0,0,1,23217.885203445363,0,0,0,0,0.0
1098,2019,0,2023.0,2023-08-07,2023-09-19 00:00:00+00:00,Non Graduated,<=24,1.0,Unknown,Unknown,Unknown,0,0,0,1,16146.456975419504,0,0,0,0,0.0
1098,2020,0,2023.0,2023-08-07,2023-09-19 00:00:00+00:00,Non Graduated,<=24,1.0,Unknown,Unknown,Unknown,0,0,0,0,0.0,0,0,0,0,0.0
1098,2021,0,2023.0,2023-08-07,2023-09-19 00:00:00+00:00,Non Graduated,<=24,1.0,Unknown,Unknown,Unknown,0,0,0,1,6163.711858738507,0,0,0,0,0.0
1098,2022,0,2023.0,2023-08-07,2023-09-19 00:00:00+00:00,Non Graduated,<=24,1.0,Unknown,Unknown,Unknown,0,0,0,1,19476.36974578775,0,0,0,0,0.0
1098,2023,0,2023.0,2023-08-07,2023-09-19 00:00:00+00:00,Non Graduated,<=24,1.0,Unknown,Unknown,Unknown,1,0,0,1,13516.3526061347,0,0,0,0,0.0
1098,2024,0,2023.0,2023-08-07,2023-09-19 00:00:00+00:00,Non Graduated,<=24,1.0,Unknown,Unknown,Unknown,1,0,0,1,10131.928944823987,0,0,0,0,0.0
1869,2017,1,2023.0,2023-09-05,2023-11-17 00:00:00+00:00,Graduated,<=24,1.0,Unknown,Unknown,Unknown,0,0,0,0,0.0,0,0,0,0,0.0
1869,2018,1,2023.0,2023-09-05,2023-11-17 00:00:00+00:00,Graduated,<=24,1.0,Unknown,Unknown,Unknown,0,0,0,0,0.0,0,0,0,0,0.0
1869,2019,1,2023.0,2023-09-05,2023-11-17 00:00:00+00:00,Graduated,<=24,1.0,Unknown,Unknown,Unknown,0,0,0,0,0.0,0,0,0,0,0.0
1869,2020,1,2023.0,2023-09-05,2023-11-17 00:00:00+00:00,Graduated,<=24,1.0,Unknown,Unknown,Unknown,0,0,0,0,0.0,0,0,0,0,0.0
1869,2021,1,2023.0,2023-09-05,2023-11-17 00:00:00+00:00,Graduated,<=24,1.0,Unknown,Unknown,Unknown,0,0,0,0,0.0,0,0,0,0,0.0
1869,2022,1,2023.0,2023-09-05,2023-11-17 00:00:00+00:00,Graduated,<=24,1.0,Unknown,Unknown,Unknown,0,0,0,0,0.0,0,0,0,0,0.0
1869,2023,1,2023.0,2023-09-05,2023-11-17 00:00:00+00:00,Graduated,<=24,1.0,Unknown,Unknown,Unknown,1,1,0,0,0.0,0,0,0,0,1.0
1869,2024,1,2023.0,2023-09-05,2023-11-17 00:00:00+00:00,Graduated,<=24,1.0,Unknown,Unknown,Unknown,1,1,0,0,0.0,0,0,0,0,1.0
1946,2017,0,2023.0,2023-11-27,2023-12-08 00:00:00+00:00,Non Graduated,<=24,1.0,Unknown,Unknown,Unknown,0,0,1,1,9857.54478127119,0,0,0,0,0.0
1946,2018,0,2023.0,2023-11-27,2023-12-08 00:00:00+00:00,Non Graduated,<=24,1.0,Unknown,Unknown,Unknown,0,0,1,1,7382.927036486565,0,0,0,0,0.0
1946,2019,0,2023.0,2023-11-27,2023-12-08 00:00:00+00:00,Non Graduated,<=24,1.0,Unknown,Unknown,Unknown,0,0,1,1,6237.469894827285,0,0,0,0,0.0
1946,2020,0,2023.0,2023-11-27,2023-12-08 00:00:00+00:00,Non Graduated,<=24,1.0,Unknown,Unknown,Unknown,0,0,1,1,2205.0770132526363,0,0,0,0,0.0
1946,2021,0,2023.0,2023-11-27,2023-12-08 00:00:00+00:00,Non Graduated,<=24,1.0,Unknown,Unknown,Unknown,0,0,1,1,11923.23428341075,0,0,0,0,0.0
1946,2022,0,2023.0,2023-11-27,2023-12-08 00:00:00+00:00,Non Graduated,<=24,1.0,Unknown,Unknown,Unknown,0,0,1,1,6967.617376470933,0,0,0,0,0.0
1946,2023,0,2023.0,2023-11-27,2023-12-08 00:00:00+00:00,Non Graduated,<=24,1.0,Unknown,Unknown,Unknown,1,0,1,1,10140.59610488695,0,0,0,0,0.0
1946,2024,0,2023.0,2023-11-27,2023-12-08 00:00:00+00:00,Non Graduated,<=24,1.0,Unknown,Unknown,Unknown,1,0,0,1,19741.949866850107,0,0,0,0,0.0
2049,2017,1,2024.0,2024-02-19,2024-06-21 00:00:00+00:00,Graduated,<=24,1.0,Unknown,Unknown,Unknown,0,0,0,0,0.0,0,0,1,1,0.0
2049,2018,1,2024.0,2024-02-19,2024-06-21 00:00:00+00:00,Graduated,<=24,1.0,Unknown,Unknown,Unknown,0,0,0,0,0.0,0,0,1,1,0.0
2049,2019,1,2024.0,2024-02-19,2024-06-21 00:00:00+00:00,Graduated,<=24,1.0,Unknown,Unknown,Unknown,0,0,0,0,0.0,0,0,1,1,0.0
2049,2020,1,2024.0,2024-02-19,2024-06-21 00:00:00+00:00,Graduated,<=24,1.0,Unknown,Unknown,Unknown,0,0,0,0,0.0,0,0,1,1,0.0
2049,2021,1,2024.0,2024-02-19,2024-06-21 00:00:00+00:00,Graduated,<=24,1.0,Unknown,Unknown,Unknown,0,0,0,0,0.0,0,0,1,1,0.0
2049,2022,1,2024.0,2024-02-19,2024-06-21 00:00:00+00:00,Graduated,<=24,1.0,Unknown,Unknown,Unknown,0,0,0,0,0.0,0,0,1,1,0.0
2049,2023,1,2024.0,2024-02-19,2024-06-21 00:00:00+00:00,Graduated,<=24,1.0,Unknown,Unknown,Unknown,0,0,0,0,0.0,0,0,1,1,0.0
2049,2024,1,2024.0,2024-02-19,2024-06-21 00:00:00+00:00,Graduated,<=24,1.0,Unknown,Unknown,Unknown,1,1,0,1,5938.457961404399,0,0,1,1,1.0
1410,2017,0,2022.0,2022-09-06,2022-11-02 00:00:00+00:00,Non Graduated,<=24,1.0,Unknown,Unknown,Unknown,0,0,1,1,38796.80432142915,0,0,0,0,0.0
1410,2018,0,2022.0,2022-09-06,2022-11-02 00:00:00+00:00,Non Graduated,<=24,1.0,Unknown,Unknown,Unknown,0,0,1,1,40427.49592708839,0,0,0,0,0.0
1410,2019,0,2022.0,2022-09-06,2022-11-02 00:00:00+00:00,Non Graduated,<=24,1.0,Unknown,Unknown,Unknown,0,0,1,1,42919.07393831519,0,0,0,0,0.0
1410,2020,0,2022.0,2022-09-06,2022-11-02 00:00:00+00:00,Non Graduated,<=24,1.0,Unknown,Unknown,Unknown,0,0,0,1,11941.522605041882,0,0,0,0,0.0
1410,2021,0,2022.0,2022-09-06,2022-11-02 00:00:00+00:00,Non Graduated,<=24,1.0,Unknown,Unknown,Unknown,0,0,0,0,0.0,0,0,0,0,0.0
1410,2022,0,2022.0,2022-09-06,2022-11-02 00:00:00+00:00,Non Graduated,<=24,1.0,Unknown,Unknown,Unknown,1,0,0,0,0.0,0,0,0,0,0.0
1410,2023,0,2022.0,2022-09-06,2022-11-02 00:00:00+00:00,Non Graduated,<=24,1.0,Unknown,Unknown,Unknown,1,0,0,1,3205.797996262871,0,0,0,0,0.0
1410,2024,0,2022.0,2022-09-06,2022-11-02 00:00:00+00:00,Non Graduated,<=24,1.0,Unknown,Unknown,Unknown,1,0,0,0,0.0,0,0,0,0,0.0
1531,2017,1,2022.0,2022-02-28,2022-05-20 00:00:00+00:00,Graduated,<=24,1.0,Unknown,Unknown,Unknown,0,0,0,0,0.0,0,0,0,0,0.0
1531,2018,1,2022.0,2022-02-28,2022-05-20 00:00:00+00:00,Graduated,<=24,1.0,Unknown,Unknown,Unknown,0,0,0,0,0.0,0,0,0,0,0.0
1531,2019,1,2022.0,2022-02-28,2022-05-20 00:00:00+00:00,Graduated,<=24,1.0,Unknown,Unknown,Unknown,0,0,0,0,0.0,0,0,0,0,0.0
1531,2020,1,2022.0,2022-02-28,2022-05-20 00:00:00+00:00,Graduated,<=24,1.0,Unknown,Unknown,Unknown,0,0,0,0,0.0,0,0,0,0,0.0
1531,2021,1,2022.0,2022-02-28,2022-05-20 00:00:00+00:00,Graduated,<=24,1.0,Unknown,Unknown,Unknown,0,0,0,0,0.0,0,0,0,0,0.0
1531,2022,1,2022.0,2022-02-28,2022-05-20 00:00:00+00:00,Graduated,<=24,1.0,Unknown,Unknown,Unknown,1,1,0,1,497.60073031375816,0,0,0,0,1.0
1531,2023,1,2022.0,2022-02-28,2022-05-20 00:00:00+00:00,Graduated,<=24,1.0,Unknown,Unknown,Unknown,1,1,0,1,80.17520485023678,0,0,0,0,1.0
1531,2024,1,2022.0,2022-02-28,2022-05-20 00:00:00+00:00,Graduated,<=24,1.0,Unknown,Unknown,Unknown,1,1,0,0,0.0,0,0,0,0,1.0
2114,2017,0,2024.0,2024-05-01,2024-06-18 00:00:00+00:00,Non Graduated,<=24,1.0,Unknown,Unknown,Unknown,0,0,0,1,2404.6574679684777,0,0,0,0,0.0
2114,2018,0,2024.0,2024-05-01,2024-06-18 00:00:00+00:00,Non Graduated,<=24,1.0,Unknown,Unknown,Unknown,0,0,0,0,0.0,0,0,0,0,0.0
2114,2019,0,2024.0,2024-05-01,2024-06-18 00:00:00+00:00,Non Graduated,<=24,1.0,Unknown,Unknown,Unknown,0,0,0,1,718.3263115019469,0,0,0,0,0.0
2114,2020,0,2024.0,2024-05-01,2024-06-18 00:00:00+00:00,Non Graduated,<=24,1.0,Unknown,Unknown,Unknown,0,0,0,0,0.0,0,0,0,0,0.0
2114,2021,0,2024.0,2024-05-01,2024-06-18 00:00:00+00:00,Non Graduated,<=24,1.0,Unknown,Unknown,Unknown,0,0,0,0,0.0,0,0,0,0,0.0
2114,2022,0,2024.0,2024-05-01,2024-06-18 00:00:00+00:00,Non Graduated,<=24,1.0,Unknown,Unknown,Unknown,0,0,0,1,850.5411644996411,0,0,0,0,0.0
2114,2023,0,2024.0,2024-05-01,2024-06-18 00:00:00+00:00,Non Graduated,<=24,1.0,Unknown,Unknown,Unknown,0,0,0,0,0.0,0,0,0,0,0.0
2114,2024,0,2024.0,2024-05-01,2024-06-18 00:00:00+00:00,Non Graduated,<=24,1.0,Unknown,Unknown,Unknown,1,0,0,0,0.0,0,0,0,0,0.0
1626,2017,1,2022.0,2022-07-25,2022-10-07 00:00:00+00:00,Graduated,<=24,1.0,Unknown,Unknown,Unknown,0,0,0,0,0.0,0,0,0,0,0.0
1626,2018,1,2022.0,2022-07-25,2022-10-07 00:00:00+00:00,Graduated,<=24,1.0,Unknown,Unknown,Unknown,0,0,0,0,0.0,0,0,0,0,0.0
1626,2019,1,2022.0,2022-07-25,2022-10-07 00:00:00+00:00,Graduated,<=24,1.0,Unknown,Unknown,Unknown,0,0,0,0,0.0,0,0,0,0,0.0
1626,2020,1,2022.0,2022-07-25,2022-10-07 00:00:00+00:00,Graduated,<=24,1.0,Unknown,Unknown,Unknown,0,0,0,0,0.0,0,0,0,0,0.0
1626,2021,1,2022.0,2022-07-25,2022-10-07 00:00:00+00:00,Graduated,<=24,1.0,Unknown,Unknown,Unknown,0,0,0,0,0.0,0,0,0,0,0.0
1626,2022,1,2022.0,2022-07-25,2022-10-07 00:00:00+00:00,Graduated,<=24,1.0,Unknown,Unknown,Unknown,1,1,0,0,0.0,0,0,0,0,1.0
1626,2023,1,2022.0,2022-07-25,2022-10-07 00:00:00+00:00,Graduated,<=24,1.0,Unknown,Unknown,Unknown,1,1,0,1,15805.805116302912,0,0,0,0,1.0
1626,2024,1,2022.0,2022-07-25,2022-10-07 00:00:00+00:00,Graduated,<=24,1.0,Unknown,Unknown,Unknown,1,1,0,1,23231.273880205124,0,0,0,0,1.0
1879,2017,0,2023.0,2023-07-05,2023-07-21 00:00:00+00:00,Non Graduated,<=24,1.0,Unknown,Unknown,Unknown,0,0,0,0,0.0,0,0,0,0,0.0
1879,2018,0,2023.0,2023-07-05,2023-07-21 00:00:00+00:00,Non Graduated,<=24,1.0,Unknown,Unknown,Unknown,0,0,0,0,0.0,0,0,0,0,0.0
1879,2019,0,2023.0,2023-07-05,2023-07-21 00:00:00+00:00,Non Graduated,<=24,1.0,Unknown,Unknown,Unknown,0,0,0,0,0.0,0,0,0,0,0.0
1879,2020,0,2023.0,2023-07-05,2023-07-21 00:00:00+00:00,Non Graduated,<=24,1.0,Unknown,Unknown,Unknown,0,0,0,0,0.0,0,0,0,0,0.0
1879,2021,0,2023.0,2023-07-05,2023-07-21 00:00:00+00:00,Non Graduated,<=24,1.0,Unknown,Unknown,Unknown,0,0,0,0,0.0,0,0,0,0,0.0
1879,2022,0,2023.0,2023-07-05,2023-07-21 00:00:00+00:00,Non Graduated,<=24,1.0,Unknown,Unknown,Unknown,0,0,0,0,0.0,4,1,1,0,0.0
1879,2023,0,2023.0,2023-07-05,2023-07-21 00:00:00+00:00,Non Graduated,<=24,1.0,Unknown,Unknown,Unknown,1,0,0,0,0.0,0,0,1,1,0.0
1879,2024,0,2023.0,2023-07-05,2023-07-21 00:00:00+00:00,Non Graduated,<=24,1.0,Unknown,Unknown,Unknown,1,0,0,1,31846.213616382323,0,0,1,1,0.0
1621,2017,1,2022.0,2022-07-11,2022-09-23 00:00:00+00:00,Graduated,<=24,1.0,Unknown,Unknown,Unknown,0,0,0,1,5147.337637901224,0,0,1,1,0.0
1621,2018,1,2022.0,2022-07-11,2022-09-23 00:00:00+00:00,Graduated,<=24,1.0,Unknown,Unknown,Unknown,0,0,0,0,0.0,0,0,1,1,0.0
1621,2019,1,2022.0,2022-07-11,2022-09-23 00:00:00+00:00,Graduated,<=24,1.0,Unknown,Unknown,Unknown,0,0,0,0,0.0,0,0,1,1,0.0
1621,2020,1,2022.0,2022-07-11,2022-09-23 00:00:00+00:00,Graduated,<=24,1.0,Unknown,Unknown,Unknown,0,0,0,0,0.0,0,0,1,1,0.0
1621,2021,1,2022.0,2022-07-11,2022-09-23 00:00:00+00:00,Graduated,<=24,1.0,Unknown,Unknown,Unknown,0,0,0,0,0.0,0,0,1,1,0.0
1621,2022,1,2022.0,2022-07-11,2022-09-23 00:00:00+00:00,Graduated,<=24,1.0,Unknown,Unknown,Unknown,1,1,0,0,0.0,0,0,1,1,1.0
1621,2023,1,2022.0,2022-07-11,2022-09-23 00:00:00+00:00,Graduated,<=24,1.0,Unknown,Unknown,Unknown,1,1,0,0,0.0,0,0,1,1,1.0
1621,2024,1,2022.0,2022-07-11,2022-09-23 00:00:00+00:00,Graduated,<=24,1.0,Unknown,Unknown,Unknown,1,1,0,0,0.0,0,0,1,1,1.0
1591,2017,0,2022.0,2022-06-01,2022-06-23 00:00:00+00:00,Non Graduated,<=24,1.0,Unknown,Unknown,Unknown,0,0,0,1,425.3357451364022,0,0,0,0,0.0
1591,2018,0,2022.0,2022-06-01,2022-06-23 00:00:00+00:00,Non Graduated,<=24,1.0,Unknown,Unknown,Unknown,0,0,0,0,0.0,0,0,0,0,0.0
1591,2019,0,2022.0,2022-06-01,2022-06-23 00:00:00+00:00,Non Graduated,<=24,1.0,Unknown,Unknown,Unknown,0,0,0,0,0.0,0,0,0,0,0.0
1591,2020,0,2022.0,2022-06-01,2022-06-23 00:00:00+00:00,Non Graduated,<=24,1.0,Unknown,Unknown,Unknown,0,0,0,0,0.0,0,0,0,0,0.0
1591,2021,0,2022.0,2022-06-01,2022-06-23 00:00:00+00:00,Non Graduated,<=24,1.0,Unknown,Unknown,Unknown,0,0,0,1,939.5812848982735,0,0,0,0,0.0
1591,2022,0,2022.0,2022-06-01,2022-06-23 00:00:00+00:00,Non Graduated,<=24,1.0,Unknown,Unknown,Unknown,1,0,0,1,2626.3382678300327,2,1,1,0,0.0
1591,2023,0,2022.0,2022-06-01,2022-06-23 00:00:00+00:00,Non Graduated,<=24,1.0,Unknown,Unknown,Unknown,1,0,0,1,1046.7692720550233,0,0,1,1,0.0
1591,2024,0,2022.0,2022-06-01,2022-06-23 00:00:00+00:00,Non Graduated,<=24,1.0,Unknown,Unknown,Unknown,1,0,0,1,174.71933168623,1,1,1,1,0.0
1543,2017,1,2022.0,2022-04-04,2022-07-29 00:00:00+00:00,Graduated,<=24,1.0,Unknown,Unknown,Unknown,0,0,1,1,16088.638357377076,0,0,0,0,0.0
1543,2018,1,2022.0,2022-04-04,2022-07-29 00:00:00+00:00,Graduated,<=24,1.0,Unknown,Unknown,Unknown,0,0,1,1,7130.045173340357,0,0,0,0,0.0
1543,2019,1,2022.0,2022-04-04,2022-07-29 00:00:00+00:00,Graduated,<=24,1.0,Unknown,Unknown,Unknown,0,0,0,0,0.0,0,0,0,0,0.0
1543,2020,1,2022.0,2022-04-04,2022-07-29 00:00:00+00:00,Graduated,<=24,1.0,Unknown,Unknown,Unknown,0,0,0,0,0.0,0,0,0,0,0.0
1543,2021,1,2022.0,2022-04-04,2022-07-29 00:00:00+00:00,Graduated,<=24,1.0,Unknown,Unknown,Unknown,0,0,0,1,7630.896535248524,0,0,0,0,0.0
1543,2022,1,2022.0,2022-04-04,2022-07-29 00:00:00+00:00,Graduated,<=24,1.0,Unknown,Unknown,Unknown,1,1,0,0,0.0,1,1,1,0,1.0
1543,2023,1,2022.0,2022-04-04,2022-07-29 00:00:00+00:00,Graduated,<=24,1.0,Unknown,Unknown,Unknown,1,1,0,1,9739.317648430178,1,1,1,1,1.0
1543,2024,1,2022.0,2022-04-04,2022-07-29 00:00:00+00:00,Graduated,<=24,1.0,Unknown,Unknown,Unknown,1,1,0,0,0.0,0,0,1,1,1.0
1618,2017,0,2022.0,2022-07-11,2022-08-17 00:00:00+00:00,Non Graduated,<=24,1.0,Unknown,Unknown,Unknown,0,0,0,1,632.6869208903983,0,0,0,0,0.0
1618,2018,0,2022.0,2022-07-11,2022-08-17 00:00:00+00:00,Non Graduated,<=24,1.0,Unknown,Unknown,Unknown,0,0,0,0,0.0,2,1,1,0,0.0
1618,2019,0,2022.0,2022-07-11,2022-08-17 00:00:00+00:00,Non Graduated,<=24,1.0,Unknown,Unknown,Unknown,0,0,1,1,4507.5180474329845,0,0,1,1,0.0
1618,2020,0,2022.0,2022-07-11,2022-08-17 00:00:00+00:00,Non Graduated,<=24,1.0,Unknown,Unknown,Unknown,0,0,0,0,0.0,0,0,1,1,0.0
1618,2021,0,2022.0,2022-07-11,2022-08-17 00:00:00+00:00,Non Graduated,<=24,1.0,Unknown,Unknown,Unknown,0,0,0,0,0.0,0,0,1,1,0.0
1618,2022,0,2022.0,2022-07-11,2022-08-17 00:00:00+00:00,Non Graduated,<=24,1.0,Unknown,Unknown,Unknown,1,0,0,1,1022.5421600953052,2,1,1,1,0.0
1618,2023,0,2022.0,2022-07-11,2022-08-17 00:00:00+00:00,Non Graduated,<=24,1.0,Unknown,Unknown,Unknown,1,0,0,1,1976.712353353614,0,0,1,1,0.0
1618,2024,0,2022.0,2022-07-11,2022-08-17 00:00:00+00:00,Non Graduated,<=24,1.0,Unknown,Unknown,Unknown,1,0,0,1,614.8746095569632,0,0,1,1,0.0
1637,2017,1,2022.0,2022-08-02,2022-10-14 00:00:00+00:00,Graduated,<=24,1.0,Unknown,Unknown,Unknown,0,0,0,0,0.0,0,0,0,0,0.0
1637,2018,1,2022.0,2022-08-02,2022-10-14 00:00:00+00:00,Graduated,<=24,1.0,Unknown,Unknown,Unknown,0,0,0,0,0.0,0,0,0,0,0.0
1637,2019,1,2022.0,2022-08-02,2022-10-14 00:00:00+00:00,Graduated,<=24,1.0,Unknown,Unknown,Unknown,0,0,0,1,6458.248852118282,0,0,0,0,0.0
1637,2020,1,2022.0,2022-08-02,2022-10-14 00:00:00+00:00,Graduated,<=24,1.0,Unknown,Unknown,Unknown,0,0,0,1,4665.928500959486,0,0,0,0,0.0
1637,2021,1,2022.0,2022-08-02,2022-10-14 00:00:00+00:00,Graduated,<=24,1.0,Unknown,Unknown,Unknown,0,0,1,1,17095.639022799493,0,0,0,0,0.0
1637,2022,1,2022.0,2022-08-02,2022-10-14 00:00:00+00:00,Graduated,<=24,1.0,Unknown,Unknown,Unknown,1,1,1,1,13223.563673495508,0,0,0,0,1.0
1637,2023,1,2022.0,2022-08-02,2022-10-14 00:00:00+00:00,Graduated,<=24,1.0,Unknown,Unknown,Unknown,1,1,1,1,18663.75148511286,0,0,0,0,1.0
1637,2024,1,2022.0,2022-08-02,2022-10-14 00:00:00+00:00,Graduated,<=24,1.0,Unknown,Unknown,Unknown,1,1,0,1,32032.641968763524,0,0,0,0,1.0
1726,2017,0,2023.0,2023-01-09,2023-01-24 00:00:00+00:00,Non Graduated,<=24,1.0,Unknown,Unknown,Unknown,0,0,0,0,0.0,1,1,1,1,0.0
1726,2018,0,2023.0,2023-01-09,2023-01-24 00:00:00+00:00,Non Graduated,<=24,1.0,Unknown,Unknown,Unknown,0,0,0,0,0.0,0,0,1,1,0.0
1726,2019,0,2023.0,2023-01-09,2023-01-24 00:00:00+00:00,Non Graduated,<=24,1.0,Unknown,Unknown,Unknown,0,0,0,0,0.0,0,0,1,1,0.0
1726,2020,0,2023.0,2023-01-09,2023-01-24 00:00:00+00:00,Non Graduated,<=24,1.0,Unknown,Unknown,Unknown,0,0,0,1,2193.6439346350817,0,0,1,1,0.0
1726,2021,0,2023.0,2023-01-09,2023-01-24 00:00:00+00:00,Non Graduated,<=24,1.0,Unknown,Unknown,Unknown,0,0,0,1,15591.419700775916,0,0,1,1,0.0
1726,2022,0,2023.0,2023-01-09,2023-01-24 00:00:00+00:00,Non Graduated,<=24,1.0,Unknown,Unknown,Unknown,0,0,0,1,655.1023089856029,1,1,1,1,0.0
1726,2023,0,2023.0,2023-01-09,2023-01-24 00:00:00+00:00,Non Graduated,<=24,1.0,Unknown,Unknown,Unknown,1,0,0,1,2001.2081262672443,0,0,1,1,0.0
1726,2024,0,2023.0,2023-01-09,2023-01-24 00:00:00+00:00,Non Graduated,<=24,1.0,Unknown,Unknown,Unknown,1,0,0,0,0.0,0,0,1,1,0.0
2066,2017,1,2024.0,2024-03-11,2024-05-31 00:00:00+00:00,Graduated,<=24,1.0,Unknown,Unknown,Unknown,0,0,0,0,0.0,0,0,0,0,0.0
2066,2018,1,2024.0,2024-03-11,2024-05-31 00:00:00+00:00,Graduated,<=24,1.0,Unknown,Unknown,Unknown,0,0,0,0,0.0,0,0,0,0,0.0
2066,2019,1,2024.0,2024-03-11,2024-05-31 00:00:00+00:00,Graduated,<=24,1.0,Unknown,Unknown,Unknown,0,0,0,1,599.4946623097924,0,0,0,0,0.0
2066,2020,1,2024.0,2024-03-11,2024-05-31 00:00:00+00:00,Graduated,<=24,1.0,Unknown,Unknown,Unknown,0,0,0,1,1286.4835995531275,0,0,0,0,0.0
2066,2021,1,2024.0,2024-03-11,2024-05-31 00:00:00+00:00,Graduated,<=24,1.0,Unknown,Unknown,Unknown,0,0,1,1,8972.79143120221,0,0,0,0,0.0
2066,2022,1,2024.0,2024-03-11,2024-05-31 00:00:00+00:00,Graduated,<=24,1.0,Unknown,Unknown,Unknown,0,0,1,1,17717.33915226488,0,0,0,0,0.0
2066,2023,1,2024.0,2024-03-11,2024-05-31 00:00:00+00:00,Graduated,<=24,1.0,Unknown,Unknown,Unknown,0,0,1,1,24337.61750899873,0,0,0,0,0.0
2066,2024,1,2024.0,2024-03-11,2024-05-31 00:00:00+00:00,Graduated,<=24,1.0,Unknown,Unknown,Unknown,1,1,0,1,16262.43547061871,0,0,0,0,1.0
1990,2017,0,2024.0,2023-12-04,2024-04-03 00:00:00+00:00,Non Graduated,<=24,1.0,Unknown,Unknown,Unknown,0,0,0,0,0.0,0,0,1,1,0.0
1990,2018,0,2024.0,2023-12-04,2024-04-03 00:00:00+00:00,Non Graduated,<=24,1.0,Unknown,Unknown,Unknown,0,0,0,0,0.0,0,0,1,1,0.0
1990,2019,0,2024.0,2023-12-04,2024-04-03 00:00:00+00:00,Non Graduated,<=24,1.0,Unknown,Unknown,Unknown,0,0,0,1,4085.8230831026303,0,0,1,1,0.0
1990,2020,0,2024.0,2023-12-04,2024-04-03 00:00:00+00:00,Non Graduated,<=24,1.0,Unknown,Unknown,Unknown,0,0,0,1,2636.4736648393155,0,0,1,1,0.0
1990,2021,0,2024.0,2023-12-04,2024-04-03 00:00:00+00:00,Non Graduated,<=24,1.0,Unknown,Unknown,Unknown,0,0,0,1,4130.523493534545,1,1,1,1,0.0
1990,2022,0,2024.0,2023-12-04,2024-04-03 00:00:00+00:00,Non Graduated,<=24,1.0,Unknown,Unknown,Unknown,0,0,0,1,9707.967035964994,0,0,1,1,0.0
1990,2023,0,2024.0,2023-12-04,2024-04-03 00:00:00+00:00,Non Graduated,<=24,1.0,Unknown,Unknown,Unknown,0,0,1,1,15678.67077479108,0,0,1,1,0.0
1990,2024,0,2024.0,2023-12-04,2024-04-03 00:00:00+00:00,Non Graduated,<=24,1.0,Unknown,Unknown,Unknown,1,0,0,1,16455.928916778546,0,0,1,1,0.0
1753,2017,1,2023.0,2023-01-17,2023-03-31 00:00:00+00:00,Graduated,<=24,1.0,Unknown,Unknown,Unknown,0,0,1,1,11200.529315451477,0,0,0,0,0.0
1753,2018,1,2023.0,2023-01-17,2023-03-31 00:00:00+00:00,Graduated,<=24,1.0,Unknown,Unknown,Unknown,0,0,0,1,19121.962000326566,0,0,0,0,0.0
1753,2019,1,2023.0,2023-01-17,2023-03-31 00:00:00+00:00,Graduated,<=24,1.0,Unknown,Unknown,Unknown,0,0,0,1,6229.395330097832,0,0,0,0,0.0
1753,2020,1,2023.0,2023-01-17,2023-03-31 00:00:00+00:00,Graduated,<=24,1.0,Unknown,Unknown,Unknown,0,0,0,1,3130.139146325545,1,1,1,0,0.0
1753,2021,1,2023.0,2023-01-17,2023-03-31 00:00:00+00:00,Graduated,<=24,1.0,Unknown,Unknown,Unknown,0,0,0,1,143.12496319415814,0,0,1,1,0.0
1753,2022,1,2023.0,2023-01-17,2023-03-31 00:00:00+00:00,Graduated,<=24,1.0,Unknown,Unknown,Unknown,0,0,0,1,22221.001910237035,0,0,1,1,0.0
1753,2023,1,2023.0,2023-01-17,2023-03-31 00:00:00+00:00,Graduated,<=24,1.0,Unknown,Unknown,Unknown,1,1,0,1,2996.0841331691745,0,0,1,1,1.0
1753,2024,1,2023.0,2023-01-17,2023-03-31 00:00:00+00:00,Graduated,<=24,1.0,Unknown,Unknown,Unknown,1,1,0,1,86.11503784434512,0,0,1,1,1.0
1497,2017,0,2022.0,2022-09-06,2022-11-22 00:00:00+00:00,Non Graduated,<=24,1.0,Unknown,Unknown,Unknown,0,0,1,1,16069.815212860258,0,0,0,0,0.0
1497,2018,0,2022.0,2022-09-06,2022-11-22 00:00:00+00:00,Non Graduated,<=24,1.0,Unknown,Unknown,Unknown,0,0,1,1,20285.377562233654,0,0,0,0,0.0
1497,2019,0,2022.0,2022-09-06,2022-11-22 00:00:00+00:00,Non Graduated,<=24,1.0,Unknown,Unknown,Unknown,0,0,1,1,31111.09335126099,0,0,0,0,0.0
1497,2020,0,2022.0,2022-09-06,2022-11-22 00:00:00+00:00,Non Graduated,<=24,1.0,Unknown,Unknown,Unknown,0,0,1,1,41785.29513891926,0,0,0,0,0.0
1497,2021,0,2022.0,2022-09-06,2022-11-22 00:00:00+00:00,Non Graduated,<=24,1.0,Unknown,Unknown,Unknown,0,0,1,1,29799.57189879454,0,0,0,0,0.0
1497,2022,0,2022.0,2022-09-06,2022-11-22 00:00:00+00:00,Non Graduated,<=24,1.0,Unknown,Unknown,Unknown,1,0,0,1,26824.512127348265,0,0,0,0,0.0
1497,2023,0,2022.0,2022-09-06,2022-11-22 00:00:00+00:00,Non Graduated,<=24,1.0,Unknown,Unknown,Unknown,1,0,1,1,42582.77464547566,0,0,0,0,0.0
1497,2024,0,2022.0,2022-09-06,2022-11-22 00:00:00+00:00,Non Graduated,<=24,1.0,Unknown,Unknown,Unknown,1,0,0,1,40511.12562101318,0,0,0,0,0.0
1932,2017,1,2024.0,2023-12-04,2024-01-05 00:00:00+00:00,Graduated,<=24,1.0,Unknown,Unknown,Unknown,0,0,0,1,1276.2256122712872,0,0,0,0,0.0
1932,2018,1,2024.0,2023-12-04,2024-01-05 00:00:00+00:00,Graduated,<=24,1.0,Unknown,Unknown,Unknown,0,0,0,1,11168.638876328665,0,0,0,0,0.0
1932,2019,1,2024.0,2023-12-04,2024-01-05 00:00:00+00:00,Graduated,<=24,1.0,Unknown,Unknown,Unknown,0,0,0,1,13615.718281630789,0,0,0,0,0.0
1932,2020,1,2024.0,2023-12-04,2024-01-05 00:00:00+00:00,Graduated,<=24,1.0,Unknown,Unknown,Unknown,0,0,0,0,0.0,0,0,0,0,0.0
1932,2021,1,2024.0,2023-12-04,2024-01-05 00:00:00+00:00,Graduated,<=24,1.0,Unknown,Unknown,Unknown,0,0,0,1,146.45090063916328,0,0,0,0,0.0
1932,2022,1,2024.0,2023-12-04,2024-01-05 00:00:00+00:00,Graduated,<=24,1.0,Unknown,Unknown,Unknown,0,0,1,1,23821.523456492105,0,0,0,0,0.0
1932,2023,1,2024.0,2023-12-04,2024-01-05 00:00:00+00:00,Graduated,<=24,1.0,Unknown,Unknown,Unknown,0,0,0,1,346.7758716654077,0,0,0,0,0.0
1932,2024,1,2024.0,2023-12-04,2024-01-05 00:00:00+00:00,Graduated,<=24,1.0,Unknown,Unknown,Unknown,1,1,0,0,0.0,0,0,0,0,1.0
1085,2017,0,2024.0,2024-02-12,2024-02-29 00:00:00+00:00,Non Graduated,<=24,1.0,Unknown,Unknown,Unknown,0,0,0,1,1189.5069828497806,0,0,0,0,0.0
1085,2018,0,2024.0,2024-02-12,2024-02-29 00:00:00+00:00,Non Graduated,<=24,1.0,Unknown,Unknown,Unknown,0,0,0,0,0.0,0,0,0,0,0.0
1085,2019,0,2024.0,2024-02-12,2024-02-29 00:00:00+00:00,Non Graduated,<=24,1.0,Unknown,Unknown,Unknown,0,0,0,0,0.0,0,0,0,0,0.0
1085,2020,0,2024.0,2024-02-12,2024-02-29 00:00:00+00:00,Non Graduated,<=24,1.0,Unknown,Unknown,Unknown,0,0,0,1,2358.8367540290355,0,0,0,0,0.0
1085,2021,0,2024.0,2024-02-12,2024-02-29 00:00:00+00:00,Non Graduated,<=24,1.0,Unknown,Unknown,Unknown,0,0,0,1,11405.823802118086,0,0,0,0,0.0
1085,2022,0,2024.0,2024-02-12,2024-02-29 00:00:00+00:00,Non Graduated,<=24,1.0,Unknown,Unknown,Unknown,0,0,1,1,18609.907879550356,0,0,0,0,0.0
1085,2023,0,2024.0,2024-02-12,2024-02-29 00:00:00+00:00,Non Graduated,<=24,1.0,Unknown,Unknown,Unknown,0,0,0,1,11967.654981149235,0,0,0,0,0.0
1085,2024,0,2024.0,2024-02-12,2024-02-29 00:00:00+00:00,Non Graduated,<=24,1.0,Unknown,Unknown,Unknown,1,0,0,1,15283.050323506719,0,0,0,0,0.0
1806,2017,1,2023.0,2023-04-03,2023-06-15 00:00:00+00:00,Graduated,<=24,1.0,Unknown,Unknown,Unknown,0,0,1,1,5277.257066890819,0,0,0,0,0.0
1806,2018,1,2023.0,2023-04-03,2023-06-15 00:00:00+00:00,Graduated,<=24,1.0,Unknown,Unknown,Unknown,0,0,0,1,9703.078695091901,0,0,0,0,0.0
1806,2019,1,2023.0,2023-04-03,2023-06-15 00:00:00+00:00,Graduated,<=24,1.0,Unknown,Unknown,Unknown,0,0,1,1,15359.458315509059,0,0,0,0,0.0
1806,2020,1,2023.0,2023-04-03,2023-06-15 00:00:00+00:00,Graduated,<=24,1.0,Unknown,Unknown,Unknown,0,0,1,1,20185.930317466988,0,0,0,0,0.0
1806,2021,1,2023.0,2023-04-03,2023-06-15 00:00:00+00:00,Graduated,<=24,1.0,Unknown,Unknown,Unknown,0,0,1,1,20390.757410203358,0,0,0,0,0.0
1806,2022,1,2023.0,2023-04-03,2023-06-15 00:00:00+00:00,Graduated,<=24,1.0,Unknown,Unknown,Unknown,0,0,1,1,26355.960844400062,0,0,0,0,0.0
1806,2023,1,2023.0,2023-04-03,2023-06-15 00:00:00+00:00,Graduated,<=24,1.0,Unknown,Unknown,Unknown,1,1,1,1,38938.060891840956,0,0,0,0,1.0
1806,2024,1,2023.0,2023-04-03,2023-06-15 00:00:00+00:00,Graduated,<=24,1.0,Unknown,Unknown,Unknown,1,1,0,1,34289.9800785656,0,0,0,0,1.0
2086,2017,0,2024.0,2024-04-08,2024-05-17 00:00:00+00:00,Non Graduated,25-34,1.0,Unknown,Unknown,Unknown,0,0,0,0,0.0,0,0,0,0,0.0
2086,2018,0,2024.0,2024-04-08,2024-05-17 00:00:00+00:00,Non Graduated,25-34,1.0,Unknown,Unknown,Unknown,0,0,0,0,0.0,0,0,0,0,0.0
2086,2019,0,2024.0,2024-04-08,2024-05-17 00:00:00+00:00,Non Graduated,25-34,1.0,Unknown,Unknown,Unknown,0,0,0,0,0.0,0,0,0,0,0.0
2086,2020,0,2024.0,2024-04-08,2024-05-17 00:00:00+00:00,Non Graduated,25-34,1.0,Unknown,Unknown,Unknown,0,0,0,0,0.0,0,0,0,0,0.0
2086,2021,0,2024.0,2024-04-08,2024-05-17 00:00:00+00:00,Non Graduated,25-34,1.0,Unknown,Unknown,Unknown,0,0,0,0,0.0,0,0,0,0,0.0
2086,2022,0,2024.0,2024-04-08,2024-05-17 00:00:00+00:00,Non Graduated,25-34,1.0,Unknown,Unknown,Unknown,0,0,0,0,0.0,0,0,0,0,0.0
2086,2023,0,2024.0,2024-04-08,2024-05-17 00:00:00+00:00,Non Graduated,25-34,1.0,Unknown,Unknown,Unknown,0,0,0,0,0.0,0,0,0,0,0.0
2086,2024,0,2024.0,2024-04-08,2024-05-17 00:00:00+00:00,Non Graduated,25-34,1.0,Unknown,Unknown,Unknown,1,0,0,0,0.0,0,0,0,0,0.0
2076,2017,1,2024.0,2024-03-18,2024-06-13 00:00:00+00:00,Graduated,25-34,1.0,Unknown,Unknown,Unknown,0,0,0,0,0.0,0,0,0,0,0.0
2076,2018,1,2024.0,2024-03-18,2024-06-13 00:00:00+00:00,Graduated,25-34,1.0,Unknown,Unknown,Unknown,0,0,0,0,0.0,0,0,0,0,0.0
2076,2019,1,2024.0,2024-03-18,2024-06-13 00:00:00+00:00,Graduated,25-34,1.0,Unknown,Unknown,Unknown,0,0,0,0,0.0,0,0,0,0,0.0
2076,2020,1,2024.0,2024-03-18,2024-06-13 00:00:00+00:00,Graduated,25-34,1.0,Unknown,Unknown,Unknown,0,0,0,0,0.0,0,0,0,0,0.0
2076,2021,1,2024.0,2024-03-18,2024-06-13 00:00:00+00:00,Graduated,25-34,1.0,Unknown,Unknown,Unknown,0,0,0,0,0.0,0,0,0,0,0.0
2076,2022,1,2024.0,2024-03-18,2024-06-13 00:00:00+00:00,Graduated,25-34,1.0,Unknown,Unknown,Unknown,0,0,0,0,0.0,0,0,0,0,0.0
2076,2023,1,2024.0,2024-03-18,2024-06-13 00:00:00+00:00,Graduated,25-34,1.0,Unknown,Unknown,Unknown,0,0,0,0,0.0,0,0,0,0,0.0
2076,2024,1,2024.0,2024-03-18,2024-06-13 00:00:00+00:00,Graduated,25-34,1.0,Unknown,Unknown,Unknown,1,1,0,0,0.0,0,0,0,0,1.0
1511,2017,0,2022.0,2022-01-31,2022-02-22 00:00:00+00:00,Non Graduated,<=24,1.0,Unknown,Unknown,Unknown,0,0,0,0,0.0,0,0,0,0,0.0
1511,2018,0,2022.0,2022-01-31,2022-02-22 00:00:00+00:00,Non Graduated,<=24,1.0,Unknown,Unknown,Unknown,0,0,0,0,0.0,0,0,0,0,0.0
1511,2019,0,2022.0,2022-01-31,2022-02-22 00:00:00+00:00,Non Graduated,<=24,1.0,Unknown,Unknown,Unknown,0,0,0,0,0.0,0,0,0,0,0.0
1511,2020,0,2022.0,2022-01-31,2022-02-22 00:00:00+00:00,Non Graduated,<=24,1.0,Unknown,Unknown,Unknown,0,0,0,0,0.0,0,0,0,0,0.0
1511,2021,0,2022.0,2022-01-31,2022-02-22 00:00:00+00:00,Non Graduated,<=24,1.0,Unknown,Unknown,Unknown,0,0,0,0,0.0,0,0,0,0,0.0
1511,2022,0,2022.0,2022-01-31,2022-02-22 00:00:00+00:00,Non Graduated,<=24,1.0,Unknown,Unknown,Unknown,1,0,0,0,0.0,0,0,0,0,0.0
1511,2023,0,2022.0,2022-01-31,2022-02-22 00:00:00+00:00,Non Graduated,<=24,1.0,Unknown,Unknown,Unknown,1,0,0,0,0.0,0,0,0,0,0.0
1511,2024,0,2022.0,2022-01-31,2022-02-22 00:00:00+00:00,Non Graduated,<=24,1.0,Unknown,Unknown,Unknown,1,0,0,0,0.0,0,0,0,0,0.0
1593,2017,1,2022.0,2022-06-01,2022-09-30 00:00:00+00:00,Graduated,<=24,1.0,Unknown,Unknown,Unknown,0,0,0,0,0.0,0,0,0,0,0.0
1593,2018,1,2022.0,2022-06-01,2022-09-30 00:00:00+00:00,Graduated,<=24,1.0,Unknown,Unknown,Unknown,0,0,0,0,0.0,0,0,0,0,0.0
1593,2019,1,2022.0,2022-06-01,2022-09-30 00:00:00+00:00,Graduated,<=24,1.0,Unknown,Unknown,Unknown,0,0,0,0,0.0,0,0,0,0,0.0
1593,2020,1,2022.0,2022-06-01,2022-09-30 00:00:00+00:00,Graduated,<=24,1.0,Unknown,Unknown,Unknown,0,0,0,0,0.0,0,0,0,0,0.0
1593,2021,1,2022.0,2022-06-01,2022-09-30 00:00:00+00:00,Graduated,<=24,1.0,Unknown,Unknown,Unknown,0,0,0,0,0.0,0,0,0,0,0.0
1593,2022,1,2022.0,2022-06-01,2022-09-30 00:00:00+00:00,Graduated,<=24,1.0,Unknown,Unknown,Unknown,1,1,0,0,0.0,0,0,0,0,1.0
1593,2023,1,2022.0,2022-06-01,2022-09-30 00:00:00+00:00,Graduated,<=24,1.0,Unknown,Unknown,Unknown,1,1,0,0,0.0,0,0,0,0,1.0
1593,2024,1,2022.0,2022-06-01,2022-09-30 00:00:00+00:00,Graduated,<=24,1.0,Unknown,Unknown,Unknown,1,1,0,0,0.0,0,0,0,0,1.0
1526,2017,0,2022.0,2022-02-14,2022-04-06 00:00:00+00:00,Non Graduated,<=24,1.0,Unknown,Unknown,Unknown,0,0,0,0,0.0,0,0,0,0,0.0
1526,2018,0,2022.0,2022-02-14,2022-04-06 00:00:00+00:00,Non Graduated,<=24,1.0,Unknown,Unknown,Unknown,0,0,0,0,0.0,0,0,0,0,0.0
1526,2019,0,2022.0,2022-02-14,2022-04-06 00:00:00+00:00,Non Graduated,<=24,1.0,Unknown,Unknown,Unknown,0,0,0,0,0.0,0,0,0,0,0.0
1526,2020,0,2022.0,2022-02-14,2022-04-06 00:00:00+00:00,Non Graduated,<=24,1.0,Unknown,Unknown,Unknown,0,0,0,0,0.0,0,0,0,0,0.0
1526,2021,0,2022.0,2022-02-14,2022-04-06 00:00:00+00:00,Non Graduated,<=24,1.0,Unknown,Unknown,Unknown,0,0,0,0,0.0,0,0,0,0,0.0
1526,2022,0,2022.0,2022-02-14,2022-04-06 00:00:00+00:00,Non Graduated,<=24,1.0,Unknown,Unknown,Unknown,1,0,0,0,0.0,0,0,0,0,0.0
1526,2023,0,2022.0,2022-02-14,2022-04-06 00:00:00+00:00,Non Graduated,<=24,1.0,Unknown,Unknown,Unknown,1,0,0,0,0.0,0,0,0,0,0.0
1526,2024,0,2022.0,2022-02-14,2022-04-06 00:00:00+00:00,Non Graduated,<=24,1.0,Unknown,Unknown,Unknown,1,0,0,0,0.0,0,0,0,0,0.0
1645,2017,1,2022.0,2022-09-12,2022-11-23 00:00:00+00:00,Graduated,<=24,1.0,Unknown,Unknown,Unknown,0,0,0,0,0.0,0,0,0,0,0.0
1645,2018,1,2022.0,2022-09-12,2022-11-23 00:00:00+00:00,Graduated,<=24,1.0,Unknown,Unknown,Unknown,0,0,0,0,0.0,0,0,0,0,0.0
1645,2019,1,2022.0,2022-09-12,2022-11-23 00:00:00+00:00,Graduated,<=24,1.0,Unknown,Unknown,Unknown,0,0,0,0,0.0,0,0,0,0,0.0
1645,2020,1,2022.0,2022-09-12,2022-11-23 00:00:00+00:00,Graduated,<=24,1.0,Unknown,Unknown,Unknown,0,0,0,0,0.0,0,0,0,0,0.0
1645,2021,1,2022.0,2022-09-12,2022-11-23 00:00:00+00:00,Graduated,<=24,1.0,Unknown,Unknown,Unknown,0,0,0,0,0.0,0,0,0,0,0.0
1645,2022,1,2022.0,2022-09-12,2022-11-23 00:00:00+00:00,Graduated,<=24,1.0,Unknown,Unknown,Unknown,1,1,0,0,0.0,0,0,0,0,1.0
1645,2023,1,2022.0,2022-09-12,2022-11-23 00:00:00+00:00,Graduated,<=24,1.0,Unknown,Unknown,Unknown,1,1,0,0,0.0,0,0,0,0,1.0
1645,2024,1,2022.0,2022-09-12,2022-11-23 00:00:00+00:00,Graduated,<=24,1.0,Unknown,Unknown,Unknown,1,1,0,0,0.0,0,0,0,0,1.0
2090,2017,0,2024.0,2024-04-01,2024-04-08 00:00:00+00:00,Non Graduated,<=24,1.0,Unknown,Unknown,Unknown,0,0,0,0,0.0,0,0,0,0,0.0
2090,2018,0,2024.0,2024-04-01,2024-04-08 00:00:00+00:00,Non Graduated,<=24,1.0,Unknown,Unknown,Unknown,0,0,0,0,0.0,0,0,0,0,0.0
2090,2019,0,2024.0,2024-04-01,2024-04-08 00:00:00+00:00,Non Graduated,<=24,1.0,Unknown,Unknown,Unknown,0,0,0,0,0.0,0,0,0,0,0.0
2090,2020,0,2024.0,2024-04-01,2024-04-08 00:00:00+00:00,Non Graduated,<=24,1.0,Unknown,Unknown,Unknown,0,0,0,0,0.0,0,0,0,0,0.0
2090,2021,0,2024.0,2024-04-01,2024-04-08 00:00:00+00:00,Non Graduated,<=24,1.0,Unknown,Unknown,Unknown,0,0,0,0,0.0,0,0,0,0,0.0
2090,2022,0,2024.0,2024-04-01,2024-04-08 00:00:00+00:00,Non Graduated,<=24,1.0,Unknown,Unknown,Unknown,0,0,0,0,0.0,0,0,0,0,0.0
2090,2023,0,2024.0,2024-04-01,2024-04-08 00:00:00+00:00,Non Graduated,<=24,1.0,Unknown,Unknown,Unknown,0,0,0,0,0.0,0,0,0,0,0.0
2090,2024,0,2024.0,2024-04-01,2024-04-08 00:00:00+00:00,Non Graduated,<=24,1.0,Unknown,Unknown,Unknown,1,0,0,0,0.0,0,0,0,0,0.0
1769,2017,1,2023.0,2023-05-22,2023-08-11 00:00:00+00:00,Graduated,<=24,1.0,Unknown,Unknown,Unknown,0,0,0,0,0.0,0,0,0,0,0.0
1769,2018,1,2023.0,2023-05-22,2023-08-11 00:00:00+00:00,Graduated,<=24,1.0,Unknown,Unknown,Unknown,0,0,0,0,0.0,0,0,0,0,0.0
1769,2019,1,2023.0,2023-05-22,2023-08-11 00:00:00+00:00,Graduated,<=24,1.0,Unknown,Unknown,Unknown,0,0,0,0,0.0,0,0,0,0,0.0
1769,2020,1,2023.0,2023-05-22,2023-08-11 00:00:00+00:00,Graduated,<=24,1.0,Unknown,Unknown,Unknown,0,0,0,0,0.0,0,0,0,0,0.0
1769,2021,1,2023.0,2023-05-22,2023-08-11 00:00:00+00:00,Graduated,<=24,1.0,Unknown,Unknown,Unknown,0,0,0,0,0.0,0,0,0,0,0.0
1769,2022,1,2023.0,2023-05-22,2023-08-11 00:00:00+00:00,Graduated,<=24,1.0,Unknown,Unknown,Unknown,0,0,0,0,0.0,0,0,0,0,0.0
1769,2023,1,2023.0,2023-05-22,2023-08-11 00:00:00+00:00,Graduated,<=24,1.0,Unknown,Unknown,Unknown,1,1,0,0,0.0,0,0,0,0,1.0
1769,2024,1,2023.0,2023-05-22,2023-08-11 00:00:00+00:00,Graduated,<=24,1.0,Unknown,Unknown,Unknown,1,1,0,0,0.0,0,0,0,0,1.0
1646,2017,0,2022.0,2022-08-15,2022-09-06 00:00:00+00:00,Non Graduated,<=24,1.0,Unknown,Unknown,Unknown,0,0,0,0,0.0,0,0,0,0,0.0
1646,2018,0,2022.0,2022-08-15,2022-09-06 00:00:00+00:00,Non Graduated,<=24,1.0,Unknown,Unknown,Unknown,0,0,0,0,0.0,0,0,0,0,0.0
1646,2019,0,2022.0,2022-08-15,2022-09-06 00:00:00+00:00,Non Graduated,<=24,1.0,Unknown,Unknown,Unknown,0,0,0,0,0.0,0,0,0,0,0.0
1646,2020,0,2022.0,2022-08-15,2022-09-06 00:00:00+00:00,Non Graduated,<=24,1.0,Unknown,Unknown,Unknown,0,0,0,0,0.0,0,0,0,0,0.0
1646,2021,0,2022.0,2022-08-15,2022-09-06 00:00:00+00:00,Non Graduated,<=24,1.0,Unknown,Unknown,Unknown,0,0,0,0,0.0,0,0,0,0,0.0
1646,2022,0,2022.0,2022-08-15,2022-09-06 00:00:00+00:00,Non Graduated,<=24,1.0,Unknown,Unknown,Unknown,1,0,0,0,0.0,0,0,0,0,0.0
1646,2023,0,2022.0,2022-08-15,2022-09-06 00:00:00+00:00,Non Graduated,<=24,1.0,Unknown,Unknown,Unknown,1,0,0,0,0.0,0,0,0,0,0.0
1646,2024,0,2022.0,2022-08-15,2022-09-06 00:00:00+00:00,Non Graduated,<=24,1.0,Unknown,Unknown,Unknown,1,0,0,0,0.0,0,0,0,0,0.0
1906,2017,1,2024.0,2023-12-11,2024-03-01 00:00:00+00:00,Graduated,<=24,1.0,Unknown,Unknown,Unknown,0,0,0,0,0.0,0,0,0,0,0.0
1906,2018,1,2024.0,2023-12-11,2024-03-01 00:00:00+00:00,Graduated,<=24,1.0,Unknown,Unknown,Unknown,0,0,0,0,0.0,0,0,0,0,0.0
1906,2019,1,2024.0,2023-12-11,2024-03-01 00:00:00+00:00,Graduated,<=24,1.0,Unknown,Unknown,Unknown,0,0,0,0,0.0,0,0,0,0,0.0
1906,2020,1,2024.0,2023-12-11,2024-03-01 00:00:00+00:00,Graduated,<=24,1.0,Unknown,Unknown,Unknown,0,0,0,0,0.0,0,0,0,0,0.0
1906,2021,1,2024.0,2023-12-11,2024-03-01 00:00:00+00:00,Graduated,<=24,1.0,Unknown,Unknown,Unknown,0,0,0,0,0.0,0,0,0,0,0.0
1906,2022,1,2024.0,2023-12-11,2024-03-01 00:00:00+00:00,Graduated,<=24,1.0,Unknown,Unknown,Unknown,0,0,0,0,0.0,0,0,0,0,0.0
1906,2023,1,2024.0,2023-12-11,2024-03-01 00:00:00+00:00,Graduated,<=24,1.0,Unknown,Unknown,Unknown,0,0,0,0,0.0,0,0,0,0,0.0
1906,2024,1,2024.0,2023-12-11,2024-03-01 00:00:00+00:00,Graduated,<=24,1.0,Unknown,Unknown,Unknown,1,1,0,0,0.0,0,0,0,0,1.0
503,2017,0,2024.0,2024-02-05,2024-02-13 00:00:00+00:00,Non Graduated,25-34,1.0,Unknown,Unknown,Unknown,0,0,0,1,9173.844599308788,0,0,0,0,0.0
503,2018,0,2024.0,2024-02-05,2024-02-13 00:00:00+00:00,Non Graduated,25-34,1.0,Unknown,Unknown,Unknown,0,0,1,1,44547.01738085806,0,0,0,0,0.0
503,2019,0,2024.0,2024-02-05,2024-02-13 00:00:00+00:00,Non Graduated,25-34,1.0,Unknown,Unknown,Unknown,0,0,0,0,0.0,0,0,0,0,0.0
503,2020,0,2024.0,2024-02-05,2024-02-13 00:00:00+00:00,Non Graduated,25-34,1.0,Unknown,Unknown,Unknown,0,0,0,0,0.0,0,0,0,0,0.0
503,2021,0,2024.0,2024-02-05,2024-02-13 00:00:00+00:00,Non Graduated,25-34,1.0,Unknown,Unknown,Unknown,0,0,0,0,0.0,0,0,0,0,0.0
503,2022,0,2024.0,2024-02-05,2024-02-13 00:00:00+00:00,Non Graduated,25-34,1.0,Unknown,Unknown,Unknown,0,0,0,0,0.0,0,0,0,0,0.0
503,2023,0,2024.0,2024-02-05,2024-02-13 00:00:00+00:00,Non Graduated,25-34,1.0,Unknown,Unknown,Unknown,0,0,1,1,35219.93305796213,0,0,0,0,0.0
503,2024,0,2024.0,2024-02-05,2024-02-13 00:00:00+00:00,Non Graduated,25-34,1.0,Unknown,Unknown,Unknown,1,0,0,1,8257.70585786919,0,0,0,0,0.0
2019,2017,1,2024.0,2024-01-08,2024-03-09 00:00:00+00:00,Graduated,25-34,1.0,Unknown,Unknown,Unknown,0,0,0,0,0.0,0,0,0,0,0.0
2019,2018,1,2024.0,2024-01-08,2024-03-09 00:00:00+00:00,Graduated,25-34,1.0,Unknown,Unknown,Unknown,0,0,0,0,0.0,0,0,0,0,0.0
2019,2019,1,2024.0,2024-01-08,2024-03-09 00:00:00+00:00,Graduated,25-34,1.0,Unknown,Unknown,Unknown,0,0,0,0,0.0,0,0,0,0,0.0
2019,2020,1,2024.0,2024-01-08,2024-03-09 00:00:00+00:00,Graduated,25-34,1.0,Unknown,Unknown,Unknown,0,0,0,0,0.0,0,0,0,0,0.0
2019,2021,1,2024.0,2024-01-08,2024-03-09 00:00:00+00:00,Graduated,25-34,1.0,Unknown,Unknown,Unknown,0,0,0,0,0.0,0,0,0,0,0.0
2019,2022,1,2024.0,2024-01-08,2024-03-09 00:00:00+00:00,Graduated,25-34,1.0,Unknown,Unknown,Unknown,0,0,0,0,0.0,0,0,0,0,0.0
2019,2023,1,2024.0,2024-01-08,2024-03-09 00:00:00+00:00,Graduated,25-34,1.0,Unknown,Unknown,Unknown,0,0,0,0,0.0,0,0,0,0,0.0
2019,2024,1,2024.0,2024-01-08,2024-03-09 00:00:00+00:00,Graduated,25-34,1.0,Unknown,Unknown,Unknown,1,1,0,0,0.0,0,0,0,0,1.0
1629,2017,0,2022.0,2022-07-18,2022-08-23 00:00:00+00:00,Non Graduated,<=24,1.0,Unknown,Unknown,Unknown,0,0,0,0,0.0,0,0,0,0,0.0
1629,2018,0,2022.0,2022-07-18,2022-08-23 00:00:00+00:00,Non Graduated,<=24,1.0,Unknown,Unknown,Unknown,0,0,0,1,261.77657077886926,0,0,0,0,0.0
1629,2019,0,2022.0,2022-07-18,2022-08-23 00:00:00+00:00,Non Graduated,<=24,1.0,Unknown,Unknown,Unknown,0,0,0,1,3214.967976473851,0,0,0,0,0.0
1629,2020,0,2022.0,2022-07-18,2022-08-23 00:00:00+00:00,Non Graduated,<=24,1.0,Unknown,Unknown,Unknown,0,0,0,0,0.0,0,0,0,0,0.0
1629,2021,0,2022.0,2022-07-18,2022-08-23 00:00:00+00:00,Non Graduated,<=24,1.0,Unknown,Unknown,Unknown,0,0,0,1,8342.45414286631,2,1,1,0,0.0
1629,2022,0,2022.0,2022-07-18,2022-08-23 00:00:00+00:00,Non Graduated,<=24,1.0,Unknown,Unknown,Unknown,1,0,0,1,6496.191165272415,0,0,1,1,0.0
1629,2023,0,2022.0,2022-07-18,2022-08-23 00:00:00+00:00,Non Graduated,<=24,1.0,Unknown,Unknown,Unknown,1,0,0,1,16586.798664813166,0,0,1,1,0.0
1629,2024,0,2022.0,2022-07-18,2022-08-23 00:00:00+00:00,Non Graduated,<=24,1.0,Unknown,Unknown,Unknown,1,0,0,0,0.0,0,0,1,1,0.0
1696,2017,1,2023.0,2022-10-31,2023-02-13 00:00:00+00:00,Graduated,<=24,1.0,Unknown,Unknown,Unknown,0,0,0,1,1367.891392296544,0,0,1,1,0.0
1696,2018,1,2023.0,2022-10-31,2023-02-13 00:00:00+00:00,Graduated,<=24,1.0,Unknown,Unknown,Unknown,0,0,0,0,0.0,4,1,1,1,0.0
1696,2019,1,2023.0,2022-10-31,2023-02-13 00:00:00+00:00,Graduated,<=24,1.0,Unknown,Unknown,Unknown,0,0,0,1,1321.4105253773575,0,0,1,1,0.0
1696,2020,1,2023.0,2022-10-31,2023-02-13 00:00:00+00:00,Graduated,<=24,1.0,Unknown,Unknown,Unknown,0,0,0,0,0.0,0,0,1,1,0.0
1696,2021,1,2023.0,2022-10-31,2023-02-13 00:00:00+00:00,Graduated,<=24,1.0,Unknown,Unknown,Unknown,0,0,0,1,14556.118381131964,0,0,1,1,0.0
1696,2022,1,2023.0,2022-10-31,2023-02-13 00:00:00+00:00,Graduated,<=24,1.0,Unknown,Unknown,Unknown,0,0,0,1,2407.4117611385136,0,0,1,1,0.0
1696,2023,1,2023.0,2022-10-31,2023-02-13 00:00:00+00:00,Graduated,<=24,1.0,Unknown,Unknown,Unknown,1,1,0,1,28373.811168193686,0,0,1,1,1.0
1696,2024,1,2023.0,2022-10-31,2023-02-13 00:00:00+00:00,Graduated,<=24,1.0,Unknown,Unknown,Unknown,1,1,0,1,21350.41636806948,0,0,1,1,1.0
1877,2017,0,2023.0,2023-07-05,2023-07-14 00:00:00+00:00,Non Graduated,<=24,1.0,Unknown,Unknown,Unknown,0,0,0,0,0.0,0,0,0,0,0.0
1877,2018,0,2023.0,2023-07-05,2023-07-14 00:00:00+00:00,Non Graduated,<=24,1.0,Unknown,Unknown,Unknown,0,0,0,0,0.0,0,0,0,0,0.0
1877,2019,0,2023.0,2023-07-05,2023-07-14 00:00:00+00:00,Non Graduated,<=24,1.0,Unknown,Unknown,Unknown,0,0,0,0,0.0,0,0,0,0,0.0
1877,2020,0,2023.0,2023-07-05,2023-07-14 00:00:00+00:00,Non Graduated,<=24,1.0,Unknown,Unknown,Unknown,0,0,0,0,0.0,0,0,0,0,0.0
1877,2021,0,2023.0,2023-07-05,2023-07-14 00:00:00+00:00,Non Graduated,<=24,1.0,Unknown,Unknown,Unknown,0,0,1,1,64124.158904577154,0,0,0,0,0.0
1877,2022,0,2023.0,2023-07-05,2023-07-14 00:00:00+00:00,Non Graduated,<=24,1.0,Unknown,Unknown,Unknown,0,0,0,1,12905.785306019548,0,0,0,0,0.0
1877,2023,0,2023.0,2023-07-05,2023-07-14 00:00:00+00:00,Non Graduated,<=24,1.0,Unknown,Unknown,Unknown,1,0,1,1,39583.44654678798,0,0,0,0,0.0
1877,2024,0,2023.0,2023-07-05,2023-07-14 00:00:00+00:00,Non Graduated,<=24,1.0,Unknown,Unknown,Unknown,1,0,0,1,30793.029757399556,0,0,0,0,0.0
1699,2017,1,2023.0,2022-10-31,2023-02-24 00:00:00+00:00,Graduated,<=24,1.0,Unknown,Unknown,Unknown,0,0,0,0,0.0,0,0,0,0,0.0
1699,2018,1,2023.0,2022-10-31,2023-02-24 00:00:00+00:00,Graduated,<=24,1.0,Unknown,Unknown,Unknown,0,0,0,0,0.0,0,0,0,0,0.0
1699,2019,1,2023.0,2022-10-31,2023-02-24 00:00:00+00:00,Graduated,<=24,1.0,Unknown,Unknown,Unknown,0,0,0,0,0.0,0,0,0,0,0.0
1699,2020,1,2023.0,2022-10-31,2023-02-24 00:00:00+00:00,Graduated,<=24,1.0,Unknown,Unknown,Unknown,0,0,0,0,0.0,0,0,0,0,0.0
1699,2021,1,2023.0,2022-10-31,2023-02-24 00:00:00+00:00,Graduated,<=24,1.0,Unknown,Unknown,Unknown,0,0,0,0,0.0,0,0,0,0,0.0
1699,2022,1,2023.0,2022-10-31,2023-02-24 00:00:00+00:00,Graduated,<=24,1.0,Unknown,Unknown,Unknown,0,0,0,0,0.0,0,0,0,0,0.0
1699,2023,1,2023.0,2022-10-31,2023-02-24 00:00:00+00:00,Graduated,<=24,1.0,Unknown,Unknown,Unknown,1,1,0,0,0.0,0,0,0,0,1.0
1699,2024,1,2023.0,2022-10-31,2023-02-24 00:00:00+00:00,Graduated,<=24,1.0,Unknown,Unknown,Unknown,1,1,0,0,0.0,0,0,0,0,1.0
