tip_id,Status,treatment,StartDate,year_TIP,year_end_TIP,cohort_2022,Age_at_start,age_band,race,gender,census_tract,any_sentence_before_start,num_sentences_before_start,max_ogs_before_start,any_high_ogs_before_start,any_arrest_before_start,num_arrests_before_start,earnings_1yr_preTIP,earnings_2yr_preTIP,job_right_before_tip,employment_outcome,earnings_outcome,offense_outcome,arrest_outcome,pscore,match_pair_id,match_role,matched_to_id,match_pscore_diff,pscore_diff
51,Non Graduated,0,2014-02-25,2014,2014.0,0,25.807245386192758,25-34,Black,Female,42003130700,0.0,0.0,0.0,0.0,0.0,0.0,0.0,0.0,0.0,0,0.0,0,0,0.5783059442236578,1,control,274,0.02392371714736652,0.02392371714736652
274,Graduated,1,2015-05-18,2015,2016.0,0,27.956254272043747,25-34,Black,Female,42003270300,0.0,0.0,0.0,0.0,0.0,0.0,0.0,0.0,0.0,0,0.0,0,0,0.6022296613710243,1,treated,51,0.02392371714736652,
1416,Non Graduated,0,2021-08-23,2021,2022.0,0,32.358168147641834,25-34,Black,Female,42003561900,0.0,0.0,0.0,0.0,0.0,0.0,0.0,893.5013255820497,0.0,1,23295.06768875508,0,0,0.7292411661785815,2,control,1419,0.10753795816240141,0.10753795816240141
1419,Graduated,1,2021-08-23,2021,2021.0,0,25.126452494873547,25-34,Black,Female,42003140500,0.0,0.0,0.0,0.0,0.0,0.0,58523.69409432552,37280.077719847955,1.0,1,132552.46343306024,0,0,0.6217032080161801,2,treated,1416,0.10753795816240141,
1427,Non Graduated,0,2021-09-20,2021,2021.0,0,27.58988380041012,25-34,Black,Female,42003504100,0.0,0.0,0.0,0.0,0.0,0.0,11358.340565125134,7025.733818840234,1.0,1,24559.68301801766,0,0,0.7491154154420933,3,control,512,0.10057120431254951,0.10057120431254951
512,Graduated,1,2017-01-02,2017,2017.0,0,32.66712235133288,25-34,Black,Female,42003111400,0.0,0.0,0.0,0.0,0.0,0.0,0.0,0.0,0.0,1,11433.69001821508,0,0,0.6485442111295437,3,treated,1427,0.10057120431254951,
1190,Non Graduated,0,2020-05-26,2020,2020.0,0,25.58578263841422,25-34,Black,Female,42003523702,1.0,7.0,4.0,0.0,0.0,0.0,26138.417475240905,63302.123712414206,1.0,1,484.82978210301883,0,0,0.48337967512149776,4,control,1331,0.1730824841177641,0.1730824841177641
1331,Graduated,1,2021-03-22,2021,2021.0,0,29.774436090225564,25-34,Black,Female,42003478200,0.0,0.0,0.0,0.0,0.0,0.0,25467.21089072997,29640.240145555414,1.0,1,27379.052039778577,0,0,0.6564621592392619,4,treated,1190,0.1730824841177641,
41,Non Graduated,0,2010-07-20,2010,2010.0,0,31.82228298017772,25-34,Black,Female,42003110200,0.0,0.0,0.0,0.0,0.0,0.0,0.0,0.0,0.0,0,0.0,0,0,0.4800252905839719,5,control,1032,0.19443030052920995,0.19443030052920995
1032,Graduated,1,2019-07-22,2019,2019.0,0,28.02187286397813,25-34,Black,Female,42003550900,0.0,0.0,0.0,0.0,0.0,0.0,4481.873186750661,15518.147546403448,1.0,0,0.0,0,0,0.6744555911131819,5,treated,41,0.19443030052920995,
499,Non Graduated,0,2016-11-28,2016,2017.0,0,38.813397129186605,35+,Black,Female,42003427100,0.0,0.0,0.0,0.0,0.0,0.0,0.0,0.0,0.0,0,0.0,0,0,0.5743268177274337,6,control,198,0.008184572178535965,0.008184572178535965
198,Graduated,1,2014-08-14,2014,2014.0,0,35.05673274094327,35+,Black,Female,42003552200,0.0,0.0,0.0,0.0,0.0,0.0,0.0,0.0,0.0,0,0.0,0,0,0.5661422455488977,6,treated,499,0.008184572178535965,
601,Non Graduated,0,2017-06-19,2017,2017.0,0,58.01777170198224,35+,Black,Female,42003551200,0.0,0.0,0.0,0.0,0.0,0.0,0.0,0.0,0.0,1,28334.32220741199,0,0,0.5784041701086874,7,control,1368,0.008805549490558895,0.008805549490558895
1368,Graduated,1,2021-06-07,2021,2021.0,0,43.01845522898154,35+,Black,Female,42003486800,0.0,0.0,0.0,0.0,0.0,0.0,4241.782627226721,20312.112403780797,1.0,1,20171.686516074988,0,0,0.5872097195992463,7,treated,601,0.008805549490558895,
673,Non Graduated,0,2017-11-07,2017,2017.0,0,20.86944634313055,<=24,Black,Female,42003130600,0.0,0.0,0.0,0.0,0.0,0.0,17192.058192076052,0.0,1.0,1,10203.721836325669,0,1,0.34624954134133656,8,control,654,0.0,0.0
654,Graduated,1,2017-10-02,2017,2017.0,0,17.634996582365005,<=24,Black,Female,42003562500,0.0,0.0,0.0,0.0,0.0,0.0,13235.781584189386,0.0,1.0,1,13112.886189771942,0,0,0.34624954134133656,8,treated,673,0.0,
402,Non Graduated,0,2016-03-22,2016,2016.0,0,21.74436090225564,<=24,Black,Female,42003050600,0.0,0.0,0.0,0.0,0.0,0.0,0.0,0.0,0.0,0,0.0,0,0,0.37140024832736734,9,control,996,0.0020241218265326655,0.0020241218265326655
996,Graduated,1,2019-07-15,2019,2019.0,0,18.12166780587833,<=24,Black,Female,42003463900,0.0,0.0,0.0,0.0,0.0,0.0,35772.995055468564,29469.600393055265,1.0,1,60468.596230312316,0,0,0.3693761265008347,9,treated,402,0.0020241218265326655,
1434,Non Graduated,0,2021-10-18,2021,2021.0,0,19.70745044429255,<=24,Black,Female,42003140500,0.0,0.0,0.0,0.0,0.0,0.0,29688.120001451876,35148.658379262015,1.0,1,51346.553331032876,0,0,0.3777365574554866,10,control,536,0.003972397122334159,0.003972397122334159
536,Graduated,1,2017-03-06,2017,2017.0,0,22.591934381408063,<=24,Black,Female,42003111500,0.0,0.0,0.0,0.0,0.0,0.0,0.0,0.0,0.0,1,8380.639141625412,0,0,0.37376416033315246,10,treated,1434,0.003972397122334159,
953,Non Graduated,0,2019-04-01,2019,,0,23.73479152426521,<=24,Black,Female,42003523502,0.0,0.0,0.0,0.0,0.0,0.0,0.0,382.0601898557242,0.0,1,13729.923595850083,0,0,0.3787553919246197,11,control,744,0.0026212766427688994,0.0026212766427688994
744,Graduated,1,2018-03-19,2018,2018.0,0,20.69993164730007,<=24,Black,Female,42003523400,0.0,0.0,0.0,0.0,0.0,0.0,0.0,0.0,0.0,1,1028.5500755437392,0,0,0.3761341152818508,11,treated,953,0.0026212766427688994,
1130,Non Graduated,0,2020-01-13,2020,2020.0,0,18.17908407382092,<=24,Black,Female,42003465600,0.0,0.0,0.0,0.0,1.0,2.0,974.2618994713514,7847.533090817315,1.0,0,0.0,0,0,0.5716554361861077,12,control,1123,0.002633620274636428,0.002633620274636428
1123,Graduated,1,2020-01-06,2020,2020.0,0,18.90088858509911,<=24,Black,Female,42003060300,0.0,0.0,0.0,0.0,1.0,2.0,19095.245252797904,11790.55047337339,1.0,1,1043.133494827431,0,0,0.5742890564607441,12,treated,1130,0.002633620274636428,
1201,Non Graduated,0,2020-06-15,2020,2020.0,0,21.30143540669857,<=24,Black,Female,42003270300,1.0,10.0,10.0,1.0,0.0,0.0,16433.73666911877,11539.726023501005,1.0,1,25539.204740423636,0,0,0.5122299703575729,13,control,128,0.13965784437490736,0.13965784437490736
128,Graduated,1,2014-01-27,2014,2014.0,0,21.107313738892685,<=24,Black,Female,42003564700,1.0,18.0,6.0,1.0,0.0,0.0,0.0,0.0,0.0,0,0.0,0,0,0.6518878147324803,13,treated,1201,0.13965784437490736,
910,Non Graduated,0,2019-01-30,2019,2019.0,0,25.88926862611073,25-34,Black,Male,42003564800,0.0,0.0,0.0,0.0,1.0,2.0,51839.5827847553,75959.96540198881,1.0,1,7826.964273119756,0,0,0.30623875902597525,14,control,1136,0.01358977344861828,0.01358977344861828
1136,Graduated,1,2020-01-20,2020,2020.0,0,33.65686944634313,25-34,Black,Male,42003030500,0.0,0.0,0.0,0.0,1.0,2.0,77598.38016666727,73655.09042106633,1.0,1,113571.0690604943,1,0,0.31982853247459353,14,treated,910,0.01358977344861828,
656,Non Graduated,0,2017-10-02,2017,2017.0,0,30.27751196172249,25-34,Black,Male,42003130700,1.0,16.0,10.0,1.0,1.0,2.0,299.0641957990328,0.0,1.0,1,18154.312360100183,0,0,0.4345375715289822,15,control,1431,0.012136363292373942,0.012136363292373942
1431,Graduated,1,2021-09-20,2021,2021.0,0,31.22077922077922,25-34,Black,Male,42003202200,0.0,0.0,0.0,0.0,0.0,0.0,52497.71930063385,44510.439559454266,1.0,1,78838.9999257893,0,0,0.42240120823660826,15,treated,656,0.012136363292373942,
1189,Non Graduated,0,2020-05-26,2020,2020.0,0,28.95146958304853,25-34,Black,Male,42003510000,0.0,0.0,0.0,0.0,1.0,1.0,12792.987976834094,33382.90624667369,1.0,1,36215.66100006288,0,0,0.4552241690040234,16,control,1318,0.001200130154436041,0.001200130154436041
1318,Graduated,1,2021-03-01,2021,2021.0,0,28.863978127136026,25-34,Black,Male,42003130800,0.0,0.0,0.0,0.0,1.0,2.0,34688.85983538478,35389.446023965604,1.0,1,48057.285074483865,0,0,0.45642429915845945,16,treated,1189,0.001200130154436041,
1077,Non Graduated,0,2019-10-07,2019,2019.0,0,27.02665755297334,25-34,Black,Male,42003100500,0.0,0.0,0.0,0.0,0.0,0.0,45777.29753170897,29826.350896021362,1.0,1,841.1606454487339,0,0,0.4595497836854845,17,control,806,0.0033643240117605666,0.0033643240117605666
806,Graduated,1,2018-07-23,2018,2018.0,0,26.047846889952154,25-34,Black,Male,42003478200,1.0,12.0,10.0,1.0,0.0,0.0,613.1343940296329,2292.607140086954,1.0,1,36868.652735306,0,0,0.46291410769724506,17,treated,1077,0.0033643240117605666,
1125,Non Graduated,0,2019-12-16,2019,2020.0,0,27.15516062884484,25-34,Black,Male,42003120300,0.0,0.0,0.0,0.0,1.0,3.0,22519.656178443143,25968.696011420896,1.0,1,31012.811433291485,0,1,0.47601408036718357,18,control,864,0.00034092164550464377,0.00034092164550464377
864,Graduated,1,2018-10-22,2018,2019.0,0,26.657552973342447,25-34,Black,Male,42003504100,0.0,0.0,0.0,0.0,0.0,0.0,21948.86564740695,23223.090370557045,1.0,1,22312.14442676008,0,0,0.4756731587216789,18,treated,1125,0.00034092164550464377,
1263,Non Graduated,0,2020-10-19,2020,2020.0,0,29.260423786739576,25-34,Black,Male,42003408001,0.0,0.0,0.0,0.0,0.0,0.0,2686.5299798133988,27058.020789499584,1.0,1,23312.010605715383,0,0,0.47694277329492074,19,control,938,0.0001278284334732538,0.0001278284334732538
938,Graduated,1,2019-03-04,2019,2019.0,0,27.37662337662337,25-34,Black,Male,42003520002,1.0,2.0,2.0,0.0,1.0,9.0,6100.16751005729,22824.79806302392,1.0,1,2795.5873876804144,0,0,0.477070601728394,19,treated,1263,0.0001278284334732538,
1111,Non Graduated,0,2019-12-02,2019,2020.0,0,29.449077238550924,25-34,Black,Male,42003523400,1.0,9.0,10.0,1.0,0.0,0.0,610.6377487128048,4543.63984516814,1.0,0,0.0,0,0,0.4856758837034124,20,control,1485,0.001072638359901401,0.001072638359901401
1485,Graduated,1,2021-12-20,2021,2022.0,0,27.805878332194123,25-34,Black,Male,42003561500,1.0,13.0,9.0,1.0,1.0,1.0,47.25369107943567,0.0,1.0,1,268.2998344852181,0,0,0.4867485220633138,20,treated,1111,0.001072638359901401,
833,Non Graduated,0,2018-09-04,2018,2018.0,0,32.328092959671906,25-34,Black,Male,42003261400,1.0,9.0,10.0,1.0,0.0,0.0,77.15908234089584,0.0,1.0,0,0.0,0,0,0.4944678309242771,21,control,984,0.002110702463160141,0.002110702463160141
984,Graduated,1,2019-05-13,2019,2019.0,0,33.46548188653452,25-34,Black,Male,42003519000,1.0,7.0,7.0,1.0,0.0,0.0,27627.296931636924,7023.762736722312,1.0,1,1903.2443674028618,0,0,0.49235712846111696,21,treated,833,0.002110702463160141,
639,Non Graduated,0,2017-09-18,2017,,0,31.62542720437457,25-34,Black,Male,42003403500,1.0,8.0,7.0,1.0,1.0,1.0,8496.749799581188,0.0,1.0,1,14953.655884832075,0,0,0.49563412349131974,22,control,832,0.0022256953846619965,0.0022256953846619965
832,Graduated,1,2018-08-27,2018,2018.0,0,26.865345181134657,25-34,Black,Male,42003526202,0.0,0.0,0.0,0.0,0.0,0.0,48252.486855540425,17040.17637931855,1.0,1,13648.226955675449,0,0,0.49785981887598174,22,treated,639,0.0022256953846619965,
1275,Non Graduated,0,2020-12-01,2020,2021.0,0,27.34654818865345,25-34,Black,Male,42003486800,1.0,10.0,9.0,1.0,0.0,0.0,1326.314739278441,0.0,1.0,1,1569.6390475579228,0,0,0.5017172299419271,23,control,1034,0.0019802708221843823,0.0019802708221843823
1034,Graduated,1,2019-08-12,2019,2019.0,0,30.564593301435405,25-34,Black,Male,42003483800,1.0,4.0,7.0,1.0,0.0,0.0,9934.778639434167,11480.808256383789,1.0,1,2148.775990711867,0,0,0.49973695911974275,23,treated,1275,0.0019802708221843823,
785,Non Graduated,0,2018-06-04,2018,2018.0,0,25.260423786739576,25-34,Black,Male,42003513000,1.0,9.0,10.0,1.0,1.0,12.0,7124.555663941951,0.0,1.0,1,1978.4708144320534,0,0,0.5051863818216494,24,control,1140,0.0034276066875444933,0.0034276066875444933
1140,Graduated,1,2020-01-20,2020,2020.0,0,27.30827067669173,25-34,Black,Male,42003456001,1.0,6.0,9.0,1.0,1.0,4.0,9534.846136773835,9665.976559461287,1.0,1,11639.719043417219,0,0,0.5017587751341049,24,treated,785,0.0034276066875444933,
1430,Non Graduated,0,2021-09-20,2021,2021.0,0,26.851674641148325,25-34,Black,Male,42003523600,0.0,0.0,0.0,0.0,0.0,0.0,8418.906557381488,18831.03047725049,1.0,1,15204.183109273836,0,0,0.5139926937755592,25,control,935,0.004825703084353261,0.004825703084353261
935,Graduated,1,2019-02-25,2019,2019.0,0,27.775803144224195,25-34,Black,Male,42003271600,1.0,8.0,7.0,1.0,1.0,2.0,7433.8184297435055,669.5900234584857,1.0,1,7993.661058816811,0,0,0.509166990691206,25,treated,1430,0.004825703084353261,
787,Non Graduated,0,2018-06-18,2018,2018.0,0,26.06425153793575,25-34,Black,Male,42003513800,0.0,0.0,0.0,0.0,0.0,0.0,51280.804899484036,12484.933293956956,1.0,1,103045.37196790837,0,0,0.5142160802618515,26,control,1152,0.0035679848394072344,0.0035679848394072344
1152,Graduated,1,2020-02-17,2020,2020.0,0,30.925495557074505,25-34,Black,Male,42003501000,1.0,10.0,10.0,1.0,1.0,10.0,926.0746067626287,0.0,1.0,1,6871.053721549195,0,0,0.5106480954224443,26,treated,787,0.0035679848394072344,
1243,Non Graduated,0,2020-08-17,2020,2020.0,0,32.01913875598086,25-34,Black,Male,42003520001,1.0,5.0,9.0,1.0,1.0,3.0,1062.6831698207268,4600.532950780699,1.0,1,154.2675890875865,0,0,0.5268281840234053,27,control,755,0.007808489261909801,0.007808489261909801
755,Graduated,1,2019-09-09,2019,2019.0,0,31.04306220095694,25-34,Black,Male,42003120900,1.0,7.0,9.0,1.0,1.0,3.0,28405.539178468476,343.3579164169864,1.0,1,20677.753249098525,0,0,0.5190196947614955,27,treated,1243,0.007808489261909801,
1455,Non Graduated,0,2021-10-11,2021,2021.0,0,33.83458646616541,25-34,Black,Male,42003130600,0.0,0.0,0.0,0.0,0.0,0.0,30428.919610512025,14883.935323521704,1.0,1,39002.34240214393,0,0,0.5281425234505364,28,control,904,0.0027860397054768615,0.0027860397054768615
904,Graduated,1,2019-01-07,2019,2019.0,0,27.03759398496241,25-34,Black,Male,42003498000,1.0,6.0,9.0,1.0,0.0,0.0,749.4054284269979,0.0,1.0,1,6023.297663580564,0,0,0.5253564837450595,28,treated,1455,0.0027860397054768615,
1009,Non Graduated,0,2021-10-25,2021,2021.0,0,25.853725222146277,25-34,Black,Male,42003564800,1.0,7.0,9.0,1.0,1.0,8.0,966.7347165765511,2812.238575828603,1.0,1,12595.366089877676,0,0,0.5296389472620606,29,control,1463,0.0023666458610858143,0.0023666458610858143
1463,Graduated,1,2021-11-08,2021,2022.0,0,29.09364319890636,25-34,Black,Male,42003486700,1.0,8.0,3.0,0.0,1.0,9.0,10380.45458787503,0.0,1.0,1,5015.1104945889765,0,0,0.5272723014009748,29,treated,1009,0.0023666458610858143,
884,Non Graduated,0,2018-12-03,2018,2019.0,0,26.045112781954888,25-34,Black,Male,42003271600,1.0,4.0,10.0,1.0,0.0,0.0,1443.9682313246833,519.0199779231403,1.0,0,0.0,1,1,0.5315413738038703,30,control,1028,0.002470096289806545,0.002470096289806545
1028,Graduated,1,2019-07-10,2019,2019.0,0,30.657552973342447,25-34,Black,Male,42003523100,0.0,0.0,0.0,0.0,0.0,0.0,3590.4873573417735,10435.254844485584,1.0,1,1961.9353870251925,0,0,0.5290712775140638,30,treated,884,0.002470096289806545,
861,Non Graduated,0,2018-10-22,2018,2018.0,0,27.01572112098428,25-34,Black,Male,42003260200,0.0,0.0,0.0,0.0,1.0,12.0,1123.8912641365546,10273.698337204029,1.0,1,22645.366418623766,1,1,0.532833186792124,31,control,1075,0.0027453245681950955,0.0027453245681950955
1075,Graduated,1,2019-10-07,2019,2019.0,0,27.335611756664388,25-34,Black,Male,42003462600,0.0,0.0,0.0,0.0,0.0,0.0,15972.01936183615,10151.206832293912,1.0,1,10823.38467330514,0,0,0.5300878622239289,31,treated,861,0.0027453245681950955,
950,Non Graduated,0,2019-03-25,2019,2019.0,0,27.25358851674641,25-34,Black,Male,42003431100,0.0,0.0,0.0,0.0,0.0,0.0,1423.1917100106589,8999.077536145316,1.0,1,5966.942229750122,0,0,0.53420859245368,32,control,752,0.0008110269464456366,0.0008110269464456366
752,Graduated,1,2018-03-26,2018,2018.0,0,28.738209159261796,25-34,Black,Male,42003161000,1.0,4.0,7.0,1.0,0.0,0.0,13546.618262741682,0.0,1.0,1,27027.331922304475,0,0,0.5333975655072344,32,treated,950,0.0008110269464456366,
1131,Non Graduated,0,2020-01-14,2020,2020.0,0,31.94258373205741,25-34,Black,Male,42003523300,1.0,2.0,6.0,1.0,1.0,5.0,11338.871484699388,8566.841680714466,1.0,1,45686.67859298154,0,1,0.5377116158272877,33,control,836,0.0012118516713144345,0.0012118516713144345
836,Graduated,1,2018-09-04,2018,2018.0,0,26.80792891319207,25-34,Black,Male,42003564800,1.0,3.0,1.0,0.0,1.0,1.0,3512.024231216442,0.0,1.0,1,12275.749104129487,0,0,0.5364997641559732,33,treated,1131,0.0012118516713144345,
1357,Non Graduated,0,2021-05-10,2021,2021.0,0,32.61244019138756,25-34,Black,Male,42003281400,1.0,3.0,5.0,0.0,1.0,7.0,88.08574545921313,6038.887803555887,1.0,1,4588.962694151479,0,1,0.542699802178874,34,control,815,0.003807358845154263,0.003807358845154263
815,Graduated,1,2018-08-06,2018,2018.0,0,31.464114832535884,25-34,Black,Male,42003561900,1.0,1.0,3.0,0.0,0.0,0.0,5792.398224802046,3422.618115389822,1.0,1,6051.320107021492,0,1,0.5388924433337198,34,treated,1357,0.003807358845154263,
820,Non Graduated,0,2018-08-13,2018,2018.0,0,28.308954203691044,25-34,Black,Male,42003468800,0.0,0.0,0.0,0.0,0.0,0.0,2774.3089694888245,4234.72310242134,1.0,1,17487.774482243392,0,0,0.5437383751308908,35,control,899,0.002576138393495575,0.002576138393495575
899,Graduated,1,2019-01-02,2019,2019.0,0,30.06971975393028,25-34,Black,Male,42003271600,0.0,0.0,0.0,0.0,0.0,0.0,17064.08136956341,7051.838593469432,1.0,1,15102.8716454511,0,0,0.5411622367373953,35,treated,820,0.002576138393495575,
742,Non Graduated,0,2018-03-12,2018,2018.0,0,25.72248803827751,25-34,Black,Male,42003191900,1.0,4.0,7.0,1.0,1.0,1.0,2567.222250917179,0.0,1.0,1,1881.998613001222,0,0,0.5342867200485694,36,control,1390,0.006970345249576182,0.006970345249576182
1390,Graduated,1,2021-07-12,2021,2021.0,0,30.490772385509228,25-34,Black,Male,42003462600,0.0,0.0,0.0,0.0,0.0,0.0,24392.788009612108,11214.486857522506,1.0,1,36260.16839828321,0,0,0.5412570652981455,36,treated,742,0.006970345249576182,
739,Non Graduated,0,2018-03-12,2018,2018.0,0,25.416267942583733,25-34,Black,Male,42003563000,1.0,2.0,11.0,1.0,1.0,1.0,2526.4549820707107,0.0,1.0,1,5718.3954480340635,0,0,0.5497671862629505,37,control,714,0.007730087436543909,0.007730087436543909
714,Graduated,1,2018-02-19,2018,2018.0,0,27.835953520164043,25-34,Black,Male,42003552400,1.0,3.0,6.0,1.0,1.0,1.0,9452.51705310639,0.0,1.0,1,15099.68403253919,1,0,0.5420370988264066,37,treated,739,0.007730087436543909,
707,Non Graduated,0,2018-01-15,2018,2018.0,0,28.508544087491455,25-34,Black,Male,42003463900,1.0,2.0,9.0,1.0,1.0,1.0,10252.992699703474,0.0,1.0,1,15066.561903584156,1,1,0.5497671862629505,38,control,627,0.00436542364014969,0.00436542364014969
627,Graduated,1,2017-08-28,2017,,0,29.91387559808613,25-34,Black,Male,42003262000,1.0,1.0,3.0,0.0,1.0,2.0,1054.0351434161466,0.0,1.0,1,1831.9572839956709,0,0,0.5454017626228008,38,treated,707,0.00436542364014969,
1023,Non Graduated,0,2019-07-08,2019,2019.0,0,25.61038961038961,25-34,Black,Male,42003509400,0.0,0.0,0.0,0.0,0.0,0.0,1202.1571414494113,3877.41829022977,1.0,1,7917.726590034959,0,0,0.5524626949391394,39,control,1199,0.0038802350502870064,0.0038802350502870064
1199,Graduated,1,2020-06-15,2020,2021.0,0,28.257006151742992,25-34,Black,Male,42003101900,1.0,5.0,10.0,1.0,1.0,9.0,14141.55237761301,0.0,1.0,1,61013.27937189545,0,0,0.5485824598888523,39,treated,1023,0.0038802350502870064,
736,Non Graduated,0,2018-03-05,2018,2018.0,0,27.073137388926863,25-34,Black,Male,42003300100,0.0,0.0,0.0,0.0,0.0,0.0,8785.541711856495,0.0,1.0,1,14047.779034598521,0,0,0.558786275181062,40,control,1298,0.009657773854202412,0.009657773854202412
1298,Graduated,1,2021-02-16,2021,2021.0,0,27.58988380041012,25-34,Black,Male,42003130200,0.0,0.0,0.0,0.0,1.0,4.0,2984.730412934828,9999.543826717481,1.0,1,2060.3263904983273,0,0,0.5491285013268596,40,treated,736,0.009657773854202412,
702,Non Graduated,0,2018-01-15,2018,2018.0,0,31.964456596035543,25-34,Black,Male,42003523702,0.0,0.0,0.0,0.0,0.0,0.0,859.6782301114697,0.0,1.0,1,5423.457254391658,0,0,0.558786275181062,41,control,477,0.007479209191496805,0.007479209191496805
477,Graduated,1,2016-09-19,2016,2016.0,0,31.070403280929597,25-34,Black,Male,42003513000,1.0,19.0,7.0,1.0,0.0,0.0,0.0,0.0,0.0,0,0.0,0,1,0.5513070659895652,41,treated,702,0.007479209191496805,
775,Non Graduated,0,2018-06-04,2018,2018.0,0,32.14217361585782,25-34,Black,Male,42003450700,0.0,0.0,0.0,0.0,0.0,0.0,14175.998756046916,0.0,1.0,1,27257.196976406536,0,0,0.558786275181062,42,control,672,0.0074313871665150355,0.0074313871665150355
672,Graduated,1,2017-10-30,2017,2018.0,0,25.30416951469583,25-34,Black,Male,42003020100,0.0,0.0,0.0,0.0,0.0,0.0,6302.0237501975125,0.0,1.0,1,16970.443147957965,0,0,0.551354888014547,42,treated,775,0.0074313871665150355,
197,Non Graduated,0,2012-09-07,2012,2012.0,0,30.034176349965826,25-34,Black,Male,42003562300,1.0,14.0,9.0,1.0,0.0,0.0,0.0,0.0,0.0,0,0.0,0,0,0.5600851289803692,43,control,613,0.0087302409658222,0.0087302409658222
613,Graduated,1,2017-07-17,2017,2017.0,0,25.67053998632946,25-34,Black,Male,42003523100,0.0,0.0,0.0,0.0,0.0,0.0,4388.93322012625,0.0,1.0,1,18784.624921109276,0,0,0.551354888014547,43,treated,197,0.0087302409658222,
843,Non Graduated,0,2018-10-01,2018,2018.0,0,26.047846889952154,25-34,Black,Male,42003050100,0.0,0.0,0.0,0.0,1.0,4.0,713.2355212123402,0.0,1.0,1,3132.680873229918,0,0,0.5623068544338402,44,control,605,0.010951966419293191,0.010951966419293191
605,Graduated,1,2017-06-26,2017,2017.0,0,30.37593984962406,25-34,Black,Male,42003271600,0.0,0.0,0.0,0.0,0.0,0.0,2268.9003654619955,0.0,1.0,1,212.98889183727619,0,0,0.551354888014547,44,treated,843,0.010951966419293191,
1418,Non Graduated,0,2021-08-23,2021,2021.0,0,26.714969241285036,25-34,Black,Male,42003111400,0.0,0.0,0.0,0.0,0.0,0.0,24619.439587251232,4209.734193958811,1.0,1,5384.678661881549,0,0,0.5661190767938807,45,control,757,0.01326728999248128,0.01326728999248128
757,Graduated,1,2018-04-09,2018,2018.0,0,25.528366370471637,25-34,Black,Male,42003262000,1.0,1.0,3.0,0.0,1.0,2.0,1671.211433196823,0.0,1.0,1,11673.408743287888,1,1,0.5528517868013995,45,treated,1418,0.01326728999248128,
907,Non Graduated,0,2019-01-14,2019,,0,25.56390977443609,25-34,Black,Male,42003508000,0.0,0.0,0.0,0.0,0.0,0.0,19001.929127432963,0.0,1.0,0,0.0,0,0,0.5661914192801059,46,control,812,0.008718099581174532,0.008718099581174532
812,Graduated,1,2018-07-30,2018,2018.0,0,29.760765550239235,25-34,Black,Male,42003101400,1.0,1.0,7.0,1.0,1.0,1.0,7103.186244556,0.0,1.0,1,19373.350298193363,0,0,0.5574733196989313,46,treated,907,0.008718099581174532,
1055,Non Graduated,0,2019-09-16,2019,2019.0,0,28.74367737525632,25-34,Black,Male,42003020100,0.0,0.0,0.0,0.0,0.0,0.0,10088.140593340438,0.0,1.0,1,20119.576286765478,0,0,0.5661914192801059,47,control,767,0.008718099581174532,0.008718099581174532
767,Graduated,1,2018-05-07,2018,2018.0,0,28.38550922761449,25-34,Black,Male,42003521302,1.0,1.0,8.0,1.0,1.0,1.0,1214.5912608914343,0.0,1.0,0,0.0,0,0,0.5574733196989313,47,treated,1055,0.008718099581174532,
216,Non Graduated,0,2020-10-05,2020,2020.0,0,31.133287764866715,25-34,Black,Male,42003562600,0.0,0.0,0.0,0.0,0.0,0.0,23990.11108537844,1467.86007658584,1.0,1,19342.541581691687,0,0,0.5684016262312941,48,control,699,0.010928306532362764,0.010928306532362764
699,Graduated,1,2018-01-08,2018,2018.0,0,27.056732740943268,25-34,Black,Male,42003427200,1.0,1.0,8.0,1.0,1.0,1.0,19806.91067031945,0.0,1.0,1,19821.986308957792,0,1,0.5574733196989313,48,treated,216,0.010928306532362764,
1230,Non Graduated,0,2020-07-27,2020,2020.0,0,30.12166780587833,25-34,Black,Male,42129800700,0.0,0.0,0.0,0.0,0.0,0.0,2048.916676675125,0.0,1.0,1,3444.4140277079523,0,0,0.5735671254410138,49,control,886,0.015600153937769035,0.015600153937769035
886,Graduated,1,2018-12-03,2018,2019.0,0,32.73547505126452,25-34,Black,Male,42003435000,0.0,0.0,0.0,0.0,0.0,0.0,533.009684982211,231.2763114179187,1.0,1,708.2982421719207,0,0,0.5579669715032448,49,treated,1230,0.015600153937769035,
1484,Non Graduated,0,2021-12-13,2021,2022.0,0,28.563226247436774,25-34,Black,Male,42003561500,1.0,1.0,5.0,0.0,1.0,2.0,3151.3822897952714,0.0,1.0,1,5910.086850165219,0,0,0.5750470338025397,50,control,743,0.01626075862147769,0.01626075862147769
743,Graduated,1,2018-03-19,2018,2018.0,0,25.00888585099112,25-34,Black,Male,42003522000,0.0,0.0,0.0,0.0,0.0,0.0,538.4253352656609,0.0,1.0,0,0.0,0,0,0.558786275181062,50,treated,1484,0.01626075862147769,
180,Non Graduated,0,2013-09-11,2013,2013.0,0,33.70061517429939,25-34,Black,Male,42003564800,1.0,13.0,11.0,1.0,0.0,0.0,0.0,0.0,0.0,0,0.0,0,0,0.5751225888269382,51,control,740,0.016336313645876177,0.016336313645876177
740,Graduated,1,2018-03-12,2018,2018.0,0,25.088174982911827,25-34,Black,Male,42003499300,0.0,0.0,0.0,0.0,0.0,0.0,18678.159970675377,0.0,1.0,1,53603.01940309948,1,0,0.558786275181062,51,treated,180,0.016336313645876177,
1388,Non Graduated,0,2021-07-19,2021,2021.0,0,25.07723855092276,25-34,Black,Male,42003521301,0.0,0.0,0.0,0.0,0.0,0.0,381.6665685177551,848.6786289663546,1.0,1,37920.66606675973,0,0,0.5779391514190513,52,control,789,0.019152876237989225,0.019152876237989225
789,Graduated,1,2018-06-25,2018,2018.0,0,25.19207108680793,25-34,Black,Male,42003563900,0.0,0.0,0.0,0.0,0.0,0.0,3435.028716073877,0.0,1.0,1,21242.55442505677,0,0,0.558786275181062,52,treated,1388,0.019152876237989225,
1354,Non Graduated,0,2021-05-03,2021,2021.0,0,29.74982911825017,25-34,Black,Male,42003191600,0.0,0.0,0.0,0.0,0.0,0.0,22406.189395184345,0.0,1.0,1,40028.527588768,0,0,0.5809102506780622,53,control,1202,0.02161261158439498,0.02161261158439498
1202,Graduated,1,2020-07-06,2020,2020.0,0,31.08133971291866,25-34,Black,Male,42003130700,0.0,0.0,0.0,0.0,0.0,0.0,3067.495667048972,4044.8369661473553,1.0,1,40808.39373568232,0,0,0.5592976390936673,53,treated,1354,0.02161261158439498,
1466,Non Graduated,0,2021-11-15,2021,2021.0,0,27.00751879699248,25-34,Black,Male,42003130600,0.0,0.0,0.0,0.0,0.0,0.0,9338.345150495632,0.0,1.0,1,3042.811083253094,0,0,0.5809102506780622,54,control,717,0.02036292424988806,0.02036292424988806
717,Graduated,1,2018-02-05,2018,2018.0,0,32.96514012303486,25-34,Black,Male,42003462600,0.0,0.0,0.0,0.0,1.0,2.0,18512.46818054549,0.0,1.0,1,25479.250955745865,0,0,0.5605473264281742,54,treated,1466,0.02036292424988806,
642,Non Graduated,0,2017-09-11,2017,2017.0,0,27.196172248803823,25-34,Black,Male,42003562400,1.0,12.0,7.0,1.0,0.0,0.0,0.0,0.0,0.0,0,0.0,0,0,0.6116684768261834,55,control,1319,0.0508574946591569,0.0508574946591569
1319,Graduated,1,2021-03-01,2021,2021.0,0,31.991797676008204,25-34,Black,Male,42003561900,0.0,0.0,0.0,0.0,0.0,0.0,73802.08984059634,5711.915979613281,1.0,1,142954.6601134771,0,0,0.5608109821670265,55,treated,642,0.0508574946591569,
74,Non Graduated,0,2013-05-09,2013,2013.0,0,27.483253588516742,25-34,Black,Male,42003513800,1.0,6.0,5.0,0.0,0.0,0.0,0.0,0.0,0.0,0,0.0,1,0,0.6221730924352712,56,control,1256,0.060150679014510655,0.060150679014510655
1256,Graduated,1,2020-09-28,2020,2020.0,0,28.23786739576213,25-34,Black,Male,42003524000,0.0,0.0,0.0,0.0,1.0,4.0,5389.917407524772,4269.674617435589,1.0,1,5438.07738407735,0,0,0.5620224134207605,56,treated,74,0.060150679014510655,
872,Non Graduated,0,2018-11-06,2018,2018.0,0,30.19822282980178,25-34,Black,Male,42003161000,1.0,10.0,9.0,1.0,1.0,1.0,0.0,2157.8867339838557,0.0,1,34554.020022041565,0,1,0.6269987279654302,57,control,1277,0.06097609368467749,0.06097609368467749
1277,Graduated,1,2020-12-01,2020,2021.0,0,25.08544087491456,25-34,Black,Male,42003300100,0.0,0.0,0.0,0.0,0.0,0.0,1765.866801973927,2142.448221372192,1.0,1,10847.309356703627,0,0,0.5660226342807527,57,treated,872,0.06097609368467749,
55,Non Graduated,0,2013-11-19,2013,2013.0,0,32.883116883116884,25-34,Black,Male,42003120300,1.0,5.0,4.0,0.0,0.0,0.0,0.0,0.0,0.0,0,0.0,0,0,0.6294751757721038,58,control,999,0.06328375649199791,0.06328375649199791
999,Graduated,1,2019-06-04,2019,2019.0,0,29.03075871496924,25-34,Black,Male,42003403500,0.0,0.0,0.0,0.0,0.0,0.0,136.65491523854382,0.0,1.0,0,0.0,0,0,0.5661914192801059,58,treated,55,0.06328375649199791,
158,Non Graduated,0,2010-06-22,2010,2010.0,0,29.15652768284347,25-34,Black,Male,42003561900,1.0,2.0,1.0,0.0,0.0,0.0,0.0,0.0,0.0,0,0.0,0,0,0.6302393816309935,59,control,1040,0.06404796235088761,0.06404796235088761
1040,Graduated,1,2019-07-29,2019,2019.0,0,30.36226930963773,25-34,Black,Male,42003462600,0.0,0.0,0.0,0.0,0.0,0.0,1090.5414085100902,0.0,1.0,1,13039.718428538294,0,0,0.5661914192801059,59,treated,158,0.06404796235088761,
564,Non Graduated,0,2017-04-10,2017,2017.0,0,29.86192754613807,25-34,Black,Male,42003261300,1.0,9.0,6.0,1.0,0.0,0.0,0.0,0.0,0.0,1,5233.232888408676,0,0,0.6336441627071971,60,control,1236,0.06660471269117985,0.06660471269117985
1236,Graduated,1,2020-08-10,2020,2020.0,0,27.30006835269993,25-34,Black,Male,42003492700,1.0,2.0,5.0,0.0,1.0,10.0,197.1077930379869,0.0,1.0,1,11649.876932434683,0,0,0.5670394500160173,60,treated,564,0.06660471269117985,
450,Non Graduated,0,2016-07-18,2016,2016.0,0,29.733424470266577,25-34,Black,Male,42003429700,1.0,8.0,9.0,1.0,1.0,1.0,0.0,0.0,0.0,0,0.0,0,0,0.6347265615028611,61,control,1469,0.06139978361166254,0.06139978361166254
1469,Graduated,1,2021-11-22,2021,2022.0,0,30.56732740943267,25-34,Black,Male,42003080700,0.0,0.0,0.0,0.0,0.0,0.0,7363.232973455653,2163.0135490543767,1.0,1,13662.368886768243,0,0,0.5733267778911986,61,treated,450,0.06139978361166254,
10,Non Graduated,0,2010-07-09,2010,2010.0,0,30.425153793574847,25-34,Black,Male,42003010302,1.0,2.0,6.0,1.0,0.0,0.0,0.0,0.0,0.0,0,0.0,0,0,0.6354178564718913,62,control,42,0.05949448276850744,0.05949448276850744
42,Graduated,1,2010-08-02,2010,2010.0,0,31.09501025290499,25-34,Black,Male,42003515100,1.0,10.0,9.0,1.0,0.0,0.0,0.0,0.0,0.0,0,0.0,0,0,0.5759233737033839,62,treated,10,0.05949448276850744,
858,Non Graduated,0,2018-10-22,2018,2018.0,0,31.357484620642516,25-34,Black,Male,42003161000,1.0,9.0,10.0,1.0,0.0,0.0,0.0,555.3658429861558,0.0,1,1668.3533820542157,0,0,0.6387620793891354,63,control,1385,0.057153135088267026,0.057153135088267026
1385,Graduated,1,2021-07-21,2021,2021.0,0,30.419685577580317,25-34,Black,Male,42003564700,0.0,0.0,0.0,0.0,1.0,2.0,1942.9213753606969,297.60498727497725,1.0,1,17355.760961380518,0,0,0.5816089443008684,63,treated,858,0.057153135088267026,
933,Non Graduated,0,2019-02-25,2019,2019.0,0,27.125085440874912,25-34,Black,Male,42003552300,1.0,8.0,3.0,0.0,1.0,13.0,0.0,4726.781239481638,0.0,1,26678.43008406144,0,0,0.6446273984660146,64,control,1343,0.06284754366895828,0.06284754366895828
1343,Graduated,1,2021-04-19,2021,2021.0,0,28.369104579630893,25-34,Black,Male,42003120900,0.0,0.0,0.0,0.0,1.0,1.0,2745.3390668121424,0.0,1.0,1,5468.260558157533,0,0,0.5817798547970563,64,treated,933,0.06284754366895828,
130,Non Graduated,0,2010-08-03,2010,2010.0,0,27.409432672590565,25-34,Black,Male,42003513000,0.0,0.0,0.0,0.0,0.0,0.0,0.0,0.0,0.0,0,0.0,0,0,0.6446516503928286,65,control,53,0.0621932225362547,0.0621932225362547
53,Graduated,1,2014-05-07,2014,2014.0,0,27.983595352016405,25-34,Black,Male,42003561500,1.0,13.0,9.0,1.0,0.0,0.0,0.0,0.0,0.0,0,0.0,0,0,0.5824584278565739,65,treated,130,0.0621932225362547,
121,Non Graduated,0,2010-09-09,2010,2010.0,0,25.63226247436773,25-34,Black,Male,42003476100,0.0,0.0,0.0,0.0,0.0,0.0,0.0,0.0,0.0,0,0.0,0,0,0.6446516503928286,66,control,1213,0.05390335033153337,0.05390335033153337
1213,Graduated,1,2020-07-06,2020,2020.0,0,26.955570745044422,25-34,Black,Male,42003523200,0.0,0.0,0.0,0.0,0.0,0.0,0.0,36855.429604060395,0.0,1,9708.352644567742,0,0,0.5907483000612952,66,treated,121,0.05390335033153337,
34,Non Graduated,0,2010-06-14,2010,2010.0,0,32.15584415584416,25-34,Black,Male,42013100400,0.0,0.0,0.0,0.0,0.0,0.0,0.0,0.0,0.0,0,0.0,0,0,0.6446516503928286,67,control,849,0.04792516512907363,0.04792516512907363
849,Graduated,1,2018-10-08,2018,2018.0,0,25.695146958304854,25-34,Black,Male,42003565200,1.0,16.0,10.0,1.0,1.0,9.0,0.0,0.0,0.0,1,2954.40094709381,0,0,0.5967264852637549,67,treated,34,0.04792516512907363,
43,Non Graduated,0,2010-08-09,2010,2010.0,0,25.74982911825017,25-34,Black,Male,42003130200,0.0,0.0,0.0,0.0,0.0,0.0,0.0,0.0,0.0,0,0.0,0,0,0.6446516503928286,68,control,225,0.03963194996817587,0.03963194996817587
225,Graduated,1,2014-11-18,2014,2015.0,0,32.869446343130555,25-34,Black,Male,42003462600,1.0,10.0,7.0,1.0,0.0,0.0,0.0,0.0,0.0,0,0.0,0,1,0.6050197004246527,68,treated,43,0.03963194996817587,
49,Non Graduated,0,2010-06-16,2010,2010.0,0,26.034176349965826,25-34,Black,Male,42003141400,0.0,0.0,0.0,0.0,0.0,0.0,0.0,0.0,0.0,0,0.0,0,0,0.6446516503928286,69,control,122,0.03168629097486464,0.03168629097486464
122,Graduated,1,2012-12-14,2012,2013.0,0,25.738892686261103,25-34,Black,Male,42003191700,1.0,7.0,7.0,1.0,0.0,0.0,0.0,0.0,0.0,0,0.0,0,0,0.6129653594179639,69,treated,49,0.03168629097486464,
403,Non Graduated,0,2016-03-28,2016,2016.0,0,28.44565960355434,25-34,Black,Male,42003488600,1.0,6.0,6.0,1.0,0.0,0.0,0.0,0.0,0.0,0,0.0,1,1,0.6482470308395968,70,control,188,0.035281671421632854,0.035281671421632854
188,Graduated,1,2012-11-26,2012,2013.0,0,25.24401913875598,25-34,Black,Male,42003431100,1.0,7.0,6.0,1.0,0.0,0.0,0.0,0.0,0.0,0,0.0,0,0,0.6129653594179639,70,treated,403,0.035281671421632854,
484,Non Graduated,0,2016-10-17,2016,2016.0,0,26.865345181134657,25-34,Black,Male,42003486800,1.0,6.0,11.0,1.0,0.0,0.0,0.0,0.0,0.0,0,0.0,0,0,0.6482470308395968,71,control,854,0.0290335833965939,0.0290335833965939
854,Graduated,1,2018-10-22,2018,2019.0,0,32.213260423786735,25-34,Black,Male,42003515100,1.0,7.0,10.0,1.0,0.0,0.0,0.0,10728.848635629805,0.0,1,15122.589317626242,0,0,0.6192134474430029,71,treated,484,0.0290335833965939,
80,Non Graduated,0,2014-05-08,2014,2014.0,0,27.611756664388245,25-34,Black,Male,42003523501,1.0,4.0,6.0,1.0,0.0,0.0,0.0,0.0,0.0,0,0.0,0,0,0.6487451638448778,72,control,203,0.028923169726926656,0.028923169726926656
203,Graduated,1,2014-08-22,2014,2014.0,0,30.04237867395762,25-34,Black,Male,42003552100,1.0,8.0,10.0,1.0,0.0,0.0,0.0,0.0,0.0,0,0.0,0,0,0.6198219941179511,72,treated,80,0.028923169726926656,
169,Non Graduated,0,2012-06-27,2012,2012.0,0,26.107997265892003,25-34,Black,Male,42003551200,1.0,2.0,6.0,1.0,0.0,0.0,0.0,0.0,0.0,0,0.0,0,0,0.6492429731188483,73,control,528,0.026600390951964203,0.026600390951964203
528,Graduated,1,2017-02-27,2017,2017.0,0,27.425837320574164,25-34,Black,Male,42003562300,1.0,12.0,8.0,1.0,1.0,13.0,0.0,0.0,0.0,1,7149.922475933819,0,0,0.6226425821668841,73,treated,169,0.026600390951964203,
16,Non Graduated,0,2012-06-26,2012,2012.0,0,31.32194121667806,25-34,Black,Male,42003130600,1.0,2.0,11.0,1.0,0.0,0.0,0.0,0.0,0.0,0,0.0,0,0,0.6492429731188483,74,control,204,0.022100687651935402,0.022100687651935402
204,Graduated,1,2014-08-25,2014,2014.0,0,27.02392344497608,25-34,Black,Male,42003261500,1.0,7.0,9.0,1.0,0.0,0.0,0.0,0.0,0.0,0,0.0,0,0,0.6271422854669129,74,treated,16,0.022100687651935402,
182,Non Graduated,0,2012-03-28,2012,2012.0,0,26.816131237183868,25-34,Black,Male,42003515100,1.0,1.0,3.0,0.0,0.0,0.0,0.0,0.0,0.0,0,0.0,0,0,0.6512663039586853,75,control,35,0.02412401849177248,0.02412401849177248
35,Graduated,1,2014-03-10,2014,2014.0,0,31.439507860560493,25-34,Black,Male,42003130600,1.0,7.0,9.0,1.0,0.0,0.0,0.0,0.0,0.0,0,0.0,1,0,0.6271422854669129,75,treated,182,0.02412401849177248,
308,Non Graduated,0,2015-07-20,2015,2015.0,0,31.261790840738207,25-34,Black,Male,42003483800,1.0,4.0,8.0,1.0,0.0,0.0,0.0,0.0,0.0,0,0.0,0,0,0.655571117593587,76,control,218,0.026350821480545128,0.026350821480545128
218,Graduated,1,2014-11-11,2014,2015.0,0,33.47641831852358,25-34,Black,Male,42003111300,1.0,6.0,5.0,0.0,0.0,0.0,0.0,0.0,0.0,0,0.0,0,1,0.6292202961130419,76,treated,308,0.026350821480545128,
318,Non Graduated,0,2015-08-17,2015,2015.0,0,29.61859193438141,25-34,Black,Male,42003513800,1.0,4.0,7.0,1.0,0.0,0.0,0.0,0.0,0.0,0,0.0,0,0,0.655571117593587,77,control,96,0.020406422172348004,0.020406422172348004
96,Graduated,1,2011-01-31,2011,2011.0,0,29.965823650034174,25-34,Black,Male,42003516200,1.0,3.0,10.0,1.0,0.0,0.0,0.0,0.0,0.0,0,0.0,0,0,0.635164695421239,77,treated,318,0.020406422172348004,
573,Non Graduated,0,2017-04-24,2017,2017.0,0,33.807245386192754,25-34,Black,Male,42003300100,1.0,6.0,10.0,1.0,1.0,3.0,0.0,0.0,0.0,1,941.9136086219916,0,0,0.657495435637455,78,control,251,0.020034751027021347,0.020034751027021347
251,Graduated,1,2015-04-13,2015,2015.0,0,25.079972658920024,25-34,Black,Male,42003191600,1.0,7.0,7.0,1.0,1.0,4.0,0.0,0.0,0.0,0,0.0,0,0,0.6374606846104337,78,treated,573,0.020034751027021347,
129,Non Graduated,0,2014-03-17,2014,2014.0,0,28.2323991797676,25-34,Black,Male,42003551200,1.0,2.0,3.0,0.0,0.0,0.0,0.0,0.0,0.0,0,0.0,0,0,0.6578231846397379,79,control,584,0.01697066126795921,0.01697066126795921
584,Graduated,1,2017-05-22,2017,2017.0,0,26.3568010936432,25-34,Black,Male,42003010302,1.0,8.0,8.0,1.0,0.0,0.0,0.0,0.0,0.0,1,4880.754280682275,0,1,0.6408525233717787,79,treated,129,0.01697066126795921,
153,Non Graduated,0,2012-12-04,2012,2012.0,0,25.24948735475051,25-34,Black,Male,42003499400,0.0,0.0,0.0,0.0,0.0,0.0,0.0,0.0,0.0,0,0.0,0,0,0.6583149044218709,80,control,455,0.01721093668896967,0.01721093668896967
455,Graduated,1,2016-08-22,2016,2016.0,0,33.94668489405332,25-34,Black,Male,42003260700,1.0,7.0,12.0,1.0,0.0,0.0,0.0,0.0,0.0,1,15399.367612904243,0,0,0.6411039677329012,80,treated,153,0.01721093668896967,
7,Non Graduated,0,2013-07-24,2013,2013.0,0,28.2323991797676,25-34,Black,Male,42111021100,1.0,1.0,8.0,1.0,0.0,0.0,0.0,0.0,0.0,0,0.0,1,0,0.663066175494474,81,control,889,0.021419197396492118,0.021419197396492118
889,Graduated,1,2018-12-11,2018,2019.0,0,25.998632946001365,25-34,Black,Male,42003202200,1.0,10.0,10.0,1.0,1.0,10.0,0.0,0.0,0.0,1,112.99172849311351,1,1,0.6416469780979819,81,treated,7,0.021419197396492118,
397,Non Graduated,0,2016-03-14,2016,2016.0,0,26.766917293233085,25-34,Black,Male,42003561900,1.0,3.0,4.0,0.0,0.0,0.0,0.0,0.0,0.0,1,1932.6192919635273,0,0,0.6643203259511556,82,control,1176,0.022578016034222936,0.022578016034222936
1176,Graduated,1,2020-03-16,2020,2020.0,0,26.53725222146275,25-34,Black,Male,42003120900,1.0,11.0,11.0,1.0,1.0,2.0,0.0,0.0,0.0,1,2425.982247748336,0,0,0.6417423099169327,82,treated,397,0.022578016034222936,
115,Non Graduated,0,2013-04-22,2013,2013.0,0,27.696514012303485,25-34,Black,Male,42003111400,0.0,0.0,0.0,0.0,0.0,0.0,0.0,0.0,0.0,0,0.0,0,0,0.6650509053968834,83,control,191,0.02319307016579608,0.02319307016579608
191,Graduated,1,2013-02-25,2013,2013.0,0,30.98838004101162,25-34,Black,Male,42003562400,1.0,4.0,8.0,1.0,0.0,0.0,0.0,0.0,0.0,0,0.0,1,0,0.6418578352310873,83,treated,115,0.02319307016579608,
140,Non Graduated,0,2013-09-11,2013,2013.0,0,32.36910457963089,25-34,Black,Male,42003462100,0.0,0.0,0.0,0.0,0.0,0.0,0.0,0.0,0.0,0,0.0,0,0,0.6650509053968834,84,control,78,0.02294193657470034,0.02294193657470034
78,Graduated,1,2012-02-13,2012,2012.0,0,30.337662337662337,25-34,Black,Male,42003241300,1.0,3.0,7.0,1.0,0.0,0.0,0.0,0.0,0.0,0,0.0,0,0,0.642108968822183,84,treated,140,0.02294193657470034,
418,Non Graduated,0,2016-10-08,2016,2018.0,0,25.0663021189337,25-34,Black,Male,42003523200,1.0,4.0,9.0,1.0,1.0,4.0,0.0,0.0,0.0,1,24611.810010780144,0,0,0.6655223761392374,85,control,167,0.023413407317054324,0.023413407317054324
167,Graduated,1,2012-10-01,2012,2012.0,0,28.52494873547505,25-34,Black,Male,42003462600,1.0,3.0,8.0,1.0,0.0,0.0,0.0,0.0,0.0,0,0.0,0,0,0.642108968822183,85,treated,418,0.023413407317054324,
1362,Non Graduated,0,2021-05-10,2021,2021.0,0,25.408065618591937,25-34,Black,Male,42003523501,1.0,10.0,6.0,1.0,1.0,19.0,0.0,0.0,0.0,1,2328.647824030274,0,0,0.6692843514683031,86,control,97,0.026924327032052053,0.026924327032052053
97,Graduated,1,2011-01-28,2011,2011.0,0,25.4025974025974,25-34,Black,Male,42003488500,1.0,2.0,9.0,1.0,0.0,0.0,0.0,0.0,0.0,0,0.0,0,0,0.6423600244362511,86,treated,1362,0.026924327032052053,
245,Non Graduated,0,2015-03-23,2015,2015.0,0,27.13055365686945,25-34,Black,Male,42003050100,1.0,2.0,9.0,1.0,0.0,0.0,0.0,0.0,0.0,0,0.0,0,0,0.6695137790069032,87,control,567,0.0259746639391214,0.0259746639391214
567,Graduated,1,2017-04-17,2017,2017.0,0,25.08544087491456,25-34,Black,Male,42003562400,1.0,9.0,10.0,1.0,1.0,12.0,0.0,0.0,0.0,1,48188.09481119871,0,0,0.6435391150677818,87,treated,245,0.0259746639391214,
93,Non Graduated,0,2014-01-13,2014,2014.0,0,33.06903622693096,25-34,Black,Male,42003492800,0.0,0.0,0.0,0.0,0.0,0.0,0.0,0.0,0.0,0,0.0,0,0,0.671720332338374,88,control,77,0.02706868194554546,0.02706868194554546
77,Graduated,1,2010-11-12,2010,2011.0,0,27.931647300068352,25-34,Black,Male,42003523200,0.0,0.0,0.0,0.0,0.0,0.0,0.0,0.0,0.0,0,0.0,0,0,0.6446516503928286,88,treated,93,0.02706868194554546,
76,Non Graduated,0,2014-03-10,2014,2014.0,0,27.360218728639783,25-34,Black,Male,42003120300,0.0,0.0,0.0,0.0,0.0,0.0,0.0,0.0,0.0,0,0.0,0,0,0.671720332338374,89,control,951,0.02422110608882322,0.02422110608882322
951,Graduated,1,2019-04-01,2019,2019.0,0,30.611073137388924,25-34,Black,Male,42003523200,1.0,9.0,14.0,1.0,0.0,0.0,0.0,0.0,0.0,1,2546.905744297181,0,0,0.6474992262495508,89,treated,76,0.02422110608882322,
40,Non Graduated,0,2014-01-13,2014,2014.0,0,25.528366370471637,25-34,Black,Male,42003100500,0.0,0.0,0.0,0.0,0.0,0.0,0.0,0.0,0.0,0,0.0,0,0,0.671720332338374,90,control,839,0.02374976172329435,0.02374976172329435
839,Graduated,1,2018-09-17,2018,2018.0,0,27.7593984962406,25-34,Black,Male,42003482500,1.0,9.0,10.0,1.0,1.0,9.0,0.0,0.0,0.0,0,0.0,0,1,0.6479705706150797,90,treated,40,0.02374976172329435,
847,Non Graduated,0,2018-10-01,2018,,0,29.241285030758718,25-34,Black,Male,42003564400,1.0,4.0,11.0,1.0,0.0,0.0,0.0,0.0,0.0,1,7396.731733762024,0,0,0.6756589087752554,91,control,533,0.027661065564309473,0.027661065564309473
533,Graduated,1,2017-02-20,2017,2017.0,0,26.777853725222144,25-34,Black,Male,42003462600,1.0,7.0,14.0,1.0,0.0,0.0,0.0,0.0,0.0,0,0.0,0,0,0.6479978432109459,91,treated,847,0.027661065564309473,
625,Non Graduated,0,2017-08-08,2017,2017.0,0,31.55434039644566,25-34,Black,Male,42003510000,1.0,3.0,9.0,1.0,0.0,0.0,0.0,0.0,0.0,1,2396.081946689679,0,1,0.6758983086670067,92,control,411,0.027651277827409948,0.027651277827409948
411,Graduated,1,2016-05-09,2016,2016.0,0,33.70061517429939,25-34,Black,Male,42003448000,1.0,6.0,6.0,1.0,0.0,0.0,0.0,0.0,0.0,1,1408.9246557643323,0,0,0.6482470308395968,92,treated,625,0.027651277827409948,
896,Non Graduated,0,2019-01-07,2019,2019.0,0,31.05126452494873,25-34,Black,Male,42003161000,1.0,5.0,7.0,1.0,1.0,1.0,0.0,0.0,0.0,1,3387.1237219261443,1,1,0.6762022245121558,93,control,406,0.027955193672559053,0.027955193672559053
406,Graduated,1,2016-04-04,2016,2016.0,0,25.785372522214622,25-34,Black,Male,42003510000,1.0,6.0,10.0,1.0,0.0,0.0,0.0,0.0,0.0,1,4241.353921167289,0,0,0.6482470308395968,93,treated,896,0.027955193672559053,
257,Non Graduated,0,2015-04-27,2015,2015.0,0,30.37593984962406,25-34,Black,Male,42003462600,0.0,0.0,0.0,0.0,0.0,0.0,0.0,0.0,0.0,0,0.0,0,0,0.6783211933539933,94,control,133,0.026806771228952808,0.026806771228952808
133,Graduated,1,2011-01-06,2011,2011.0,0,31.12235133287765,25-34,Black,Male,42003463900,0.0,0.0,0.0,0.0,0.0,0.0,0.0,0.0,0.0,0,0.0,0,0,0.6515144221250405,94,treated,257,0.026806771228952808,
265,Non Graduated,0,2015-05-11,2015,2015.0,0,27.49965823650034,25-34,Black,Male,42003564700,0.0,0.0,0.0,0.0,0.0,0.0,0.0,0.0,0.0,0,0.0,0,0,0.6783211933539933,95,control,674,0.02463977934076389,0.02463977934076389
674,Graduated,1,2017-10-30,2017,2018.0,0,29.37252221462748,25-34,Black,Male,42003101900,1.0,7.0,10.0,1.0,1.0,7.0,0.0,0.0,0.0,1,11599.026547763315,0,0,0.6536814140132294,95,treated,265,0.02463977934076389,
301,Non Graduated,0,2015-07-13,2015,2015.0,0,33.09911141490089,25-34,Black,Male,42003101900,0.0,0.0,0.0,0.0,0.0,0.0,0.0,0.0,0.0,0,0.0,0,0,0.6783211933539933,96,control,857,0.023270691347373584,0.023270691347373584
857,Graduated,1,2018-10-15,2018,2019.0,0,26.09432672590567,25-34,Black,Male,42003120300,1.0,8.0,8.0,1.0,1.0,9.0,0.0,0.0,0.0,1,14132.1594678375,0,1,0.6550505020066197,96,treated,301,0.023270691347373584,
310,Non Graduated,0,2015-08-04,2015,2015.0,0,29.473684210526315,25-34,Black,Male,42003526302,0.0,0.0,0.0,0.0,0.0,0.0,0.0,0.0,0.0,0,0.0,0,0,0.6783211933539933,97,control,227,0.022503401762060338,0.022503401762060338
227,Graduated,1,2014-12-04,2014,2015.0,0,25.90567327409433,25-34,Black,Male,42003403500,1.0,3.0,7.0,1.0,0.0,0.0,0.0,0.0,0.0,0,0.0,1,0,0.655817791591933,97,treated,310,0.022503401762060338,
320,Non Graduated,0,2015-08-31,2015,2015.0,0,29.025290498974712,25-34,Black,Male,42003513000,0.0,0.0,0.0,0.0,0.0,0.0,0.0,0.0,0.0,0,0.0,0,0,0.6783211933539933,98,control,436,0.02219023591242364,0.02219023591242364
436,Graduated,1,2016-06-13,2016,2016.0,0,32.13123718386876,25-34,Black,Male,42003281400,1.0,5.0,11.0,1.0,1.0,1.0,0.0,0.0,0.0,0,0.0,0,0,0.6561309574415697,98,treated,320,0.02219023591242364,
327,Non Graduated,0,2015-09-21,2015,2015.0,0,28.308954203691044,25-34,Black,Male,42003270100,0.0,0.0,0.0,0.0,0.0,0.0,0.0,0.0,0.0,0,0.0,0,0,0.6783211933539933,99,control,670,0.021236224305747897,0.021236224305747897
670,Graduated,1,2017-10-23,2017,2018.0,0,31.96719070403281,25-34,Black,Male,42003130800,1.0,5.0,3.0,0.0,0.0,0.0,0.0,0.0,0.0,1,1427.443023306573,0,0,0.6570849690482454,99,treated,327,0.021236224305747897,
1,Non Graduated,0,2018-07-12,2018,2018.0,0,25.840054682159945,25-34,Black,Male,42003564700,1.0,3.0,10.0,1.0,1.0,1.0,0.0,410.10283521463117,0.0,1,29140.184794861885,0,0,0.6819522128786836,100,control,396,0.024621087314914636,0.024621087314914636
396,Graduated,1,2016-03-14,2016,2016.0,0,27.37662337662337,25-34,Black,Male,42003523100,1.0,4.0,4.0,0.0,0.0,0.0,0.0,0.0,0.0,1,854.801770712942,0,0,0.6573311255637689,100,treated,1,0.024621087314914636,
1209,Non Graduated,0,2020-07-06,2020,2020.0,0,29.38072453861928,25-34,Black,Male,42003290100,1.0,6.0,7.0,1.0,1.0,10.0,0.0,260.55059645826776,0.0,0,0.0,0,1,0.682155245867419,101,control,506,0.02482412030365011,0.02482412030365011
506,Graduated,1,2016-12-12,2016,2017.0,0,28.47846889952153,25-34,Black,Male,42003101400,1.0,4.0,4.0,0.0,0.0,0.0,0.0,0.0,0.0,1,14747.157605003222,0,0,0.6573311255637689,101,treated,1209,0.02482412030365011,
383,Non Graduated,0,2016-02-08,2016,2016.0,0,28.568694463431303,25-34,Black,Male,42003271600,1.0,1.0,10.0,1.0,0.0,0.0,0.0,0.0,0.0,0,0.0,0,0,0.6829282593391323,102,control,113,0.024859172345154668,0.024859172345154668
113,Graduated,1,2013-05-06,2013,2013.0,0,33.19753930280246,25-34,Black,Male,42003564400,1.0,1.0,2.0,0.0,0.0,0.0,0.0,0.0,0.0,0,0.0,1,0,0.6580690869939776,102,treated,383,0.024859172345154668,
542,Non Graduated,0,2017-03-06,2017,2017.0,0,26.397812713602185,25-34,Black,Male,42003130600,1.0,1.0,3.0,0.0,0.0,0.0,0.0,0.0,0.0,1,14886.735167778945,1,0,0.6846157263165098,103,control,150,0.026300821894638893,0.026300821894638893
150,Graduated,1,2012-02-13,2012,2012.0,0,28.22966507177033,25-34,Black,Male,42003562800,0.0,0.0,0.0,0.0,0.0,0.0,0.0,0.0,0.0,0,0.0,0,0,0.6583149044218709,103,treated,542,0.026300821894638893,
372,Non Graduated,0,2016-01-18,2016,,0,26.13807245386193,25-34,Black,Male,42003523400,0.0,0.0,0.0,0.0,0.0,0.0,0.0,0.0,0.0,0,0.0,0,0,0.6848515987155643,104,control,141,0.02653669429369343,0.02653669429369343
141,Graduated,1,2012-12-03,2012,2013.0,0,27.805878332194123,25-34,Black,Male,42003261400,0.0,0.0,0.0,0.0,0.0,0.0,0.0,0.0,0.0,0,0.0,1,0,0.6583149044218709,104,treated,372,0.02653669429369343,
505,Non Graduated,0,2016-12-19,2016,2017.0,0,30.65208475734792,25-34,Black,Male,42003523501,0.0,0.0,0.0,0.0,0.0,0.0,0.0,0.0,0.0,1,12393.654672408298,1,1,0.6848515987155643,105,control,117,0.02653669429369343,0.02653669429369343
117,Graduated,1,2012-04-16,2012,2012.0,0,26.985645933014357,25-34,Black,Male,42003496102,0.0,0.0,0.0,0.0,0.0,0.0,0.0,0.0,0.0,0,0.0,0,0,0.6583149044218709,105,treated,505,0.02653669429369343,
461,Non Graduated,0,2016-08-22,2016,2016.0,0,26.06425153793575,25-34,Black,Male,42003111400,0.0,0.0,0.0,0.0,0.0,0.0,0.0,0.0,0.0,1,28154.155883671614,0,0,0.6848515987155643,106,control,112,0.02653669429369343,0.02653669429369343
112,Graduated,1,2012-11-26,2012,2013.0,0,28.883116883116884,25-34,Black,Male,42003562300,0.0,0.0,0.0,0.0,0.0,0.0,0.0,0.0,0.0,0,0.0,0,0,0.6583149044218709,106,treated,461,0.02653669429369343,
395,Non Graduated,0,2016-03-14,2016,2016.0,0,33.566643882433354,25-34,Black,Male,42003120300,0.0,0.0,0.0,0.0,0.0,0.0,0.0,0.0,0.0,1,1964.5248719152494,0,0,0.6848515987155643,107,control,23,0.02653669429369343,0.02653669429369343
23,Graduated,1,2012-08-27,2012,2012.0,0,27.6555023923445,25-34,Black,Male,42073000400,0.0,0.0,0.0,0.0,0.0,0.0,0.0,0.0,0.0,0,0.0,0,0,0.6583149044218709,107,treated,395,0.02653669429369343,
513,Non Graduated,0,2017-01-02,2017,2017.0,0,30.86807928913192,25-34,Black,Male,42003050100,0.0,0.0,0.0,0.0,0.0,0.0,0.0,0.0,0.0,1,2149.826063832749,0,0,0.6913097619076786,108,control,36,0.03299485748580766,0.03299485748580766
36,Graduated,1,2012-08-13,2012,2012.0,0,26.99658236500342,25-34,Black,Male,42007604901,0.0,0.0,0.0,0.0,0.0,0.0,0.0,0.0,0.0,0,0.0,0,0,0.6583149044218709,108,treated,513,0.03299485748580766,
676,Non Graduated,0,2017-11-13,2017,2017.0,0,32.07382091592618,25-34,Black,Male,42003130700,0.0,0.0,0.0,0.0,0.0,0.0,0.0,0.0,0.0,0,0.0,0,0,0.6913097619076786,109,control,38,0.03299485748580766,0.03299485748580766
38,Graduated,1,2012-08-27,2012,2012.0,0,32.8421052631579,25-34,Black,Male,42129800700,0.0,0.0,0.0,0.0,0.0,0.0,0.0,0.0,0.0,0,0.0,0,0,0.6583149044218709,109,treated,676,0.03299485748580766,
697,Non Graduated,0,2017-12-27,2017,2018.0,0,32.21052631578947,25-34,Black,Male,42003191400,0.0,0.0,0.0,0.0,1.0,1.0,0.0,0.0,0.0,1,29986.895116305648,0,1,0.6920717178640245,110,control,178,0.033756813442153644,0.033756813442153644
178,Graduated,1,2012-04-16,2012,2012.0,0,32.19138755980861,25-34,Black,Male,42003561500,0.0,0.0,0.0,0.0,0.0,0.0,0.0,0.0,0.0,0,0.0,0,0,0.6583149044218709,110,treated,697,0.033756813442153644,
949,Non Graduated,0,2019-03-25,2019,2019.0,0,31.02392344497608,25-34,Black,Male,42003130600,0.0,0.0,0.0,0.0,0.0,0.0,0.0,2147.939761525652,0.0,0,0.0,1,0,0.6975324043593017,111,control,825,0.03568784662525959,0.03568784662525959
825,Graduated,1,2018-08-13,2018,2018.0,0,27.71291866028708,25-34,Black,Male,42003111300,1.0,6.0,10.0,1.0,0.0,0.0,0.0,0.0,0.0,0,0.0,0,0,0.6618445577340422,111,treated,949,0.03568784662525959,
871,Non Graduated,0,2018-11-06,2018,2018.0,0,29.246753246753247,25-34,Black,Male,42003130800,0.0,0.0,0.0,0.0,0.0,0.0,0.0,0.0,0.0,0,0.0,0,0,0.6976940003849476,112,control,498,0.035360535383588965,0.035360535383588965
498,Graduated,1,2016-11-14,2016,2017.0,0,31.68284347231716,25-34,Black,Male,42003191400,1.0,4.0,6.0,1.0,0.0,0.0,0.0,0.0,0.0,1,41082.83477169125,0,0,0.6623334650013586,112,treated,871,0.035360535383588965,
956,Non Graduated,0,2019-04-08,2019,2019.0,0,28.43198906356801,25-34,Black,Male,42003552000,0.0,0.0,0.0,0.0,0.0,0.0,0.0,0.0,0.0,0,0.0,0,0,0.7040027360440198,113,control,492,0.04166927104266116,0.04166927104266116
492,Graduated,1,2016-11-07,2016,2017.0,0,27.770334928229666,25-34,Black,Male,42003464400,1.0,4.0,10.0,1.0,0.0,0.0,0.0,0.0,0.0,1,9996.46120046205,0,0,0.6623334650013586,113,treated,956,0.04166927104266116,
909,Non Graduated,0,2019-01-28,2019,2019.0,0,29.19207108680793,25-34,Black,Male,42003130700,0.0,0.0,0.0,0.0,1.0,4.0,0.0,243.23887924988,0.0,1,2605.2843594138258,0,0,0.706247802061425,114,control,183,0.043425776544125716,0.043425776544125716
183,Graduated,1,2014-06-16,2014,2014.0,0,27.630895420369107,25-34,Black,Male,42003515401,1.0,2.0,12.0,1.0,0.0,0.0,0.0,0.0,0.0,0,0.0,0,0,0.6628220255172993,114,treated,909,0.043425776544125716,
1446,Non Graduated,0,2021-10-04,2021,2021.0,0,28.60697197539303,25-34,Black,Male,42003101900,0.0,0.0,0.0,0.0,0.0,0.0,0.0,0.0,0.0,1,30116.468170198023,0,0,0.716387909598825,115,control,429,0.05206758364766939,0.05206758364766939
429,Graduated,1,2016-05-31,2016,2016.0,0,26.086124401913874,25-34,Black,Male,42003429700,1.0,3.0,3.0,0.0,0.0,0.0,0.0,0.0,0.0,1,4797.832104360792,0,0,0.6643203259511556,115,treated,1446,0.05206758364766939,
1422,Non Graduated,0,2021-08-30,2021,2021.0,0,25.306903622693092,25-34,Black,Male,42003561400,0.0,0.0,0.0,0.0,1.0,2.0,0.0,0.0,0.0,1,4839.932285951035,0,0,0.7178375544296023,116,control,374,0.05351722847844664,0.05351722847844664
374,Graduated,1,2016-01-25,2016,2016.0,0,31.816814764183185,25-34,Black,Male,42003520002,1.0,3.0,5.0,0.0,0.0,0.0,0.0,0.0,0.0,1,1697.355457934955,0,0,0.6643203259511556,116,treated,1422,0.05351722847844664,
1487,Non Graduated,0,2021-12-20,2021,2022.0,0,28.18591934381408,25-34,Black,Male,42003130600,0.0,0.0,0.0,0.0,1.0,2.0,0.0,0.0,0.0,0,0.0,0,0,0.7178375544296023,117,control,228,0.05303008785677321,0.05303008785677321
228,Graduated,1,2014-12-01,2014,2015.0,0,25.941216678058783,25-34,Black,Male,42003120300,1.0,1.0,3.0,0.0,0.0,0.0,0.0,0.0,0.0,0,0.0,1,0,0.6648074665728291,117,treated,1487,0.05303008785677321,
1309,Non Graduated,0,2021-02-01,2021,2021.0,0,28.20779220779221,25-34,Black,Male,42003192000,0.0,0.0,0.0,0.0,1.0,17.0,0.0,0.0,0.0,0,0.0,1,0,0.7285651997918218,118,control,207,0.0637577332189927,0.0637577332189927
207,Graduated,1,2014-09-15,2014,2014.0,0,33.47641831852358,25-34,Black,Male,42003564800,1.0,1.0,1.0,0.0,0.0,0.0,0.0,0.0,0.0,0,0.0,0,0,0.6648074665728291,118,treated,1309,0.0637577332189927,
1260,Non Graduated,0,2020-10-12,2020,2020.0,0,26.61654135338346,25-34,Black,Male,42003521402,1.0,1.0,9.0,1.0,1.0,1.0,8719.43636640647,24817.272783582535,1.0,1,14680.99291333374,0,0,0.48364891773241314,119,control,4,0.18140198766447024,0.18140198766447024
4,Graduated,1,2013-08-12,2013,2013.0,0,30.950102529049897,25-34,Black,Male,42003130700,0.0,0.0,0.0,0.0,0.0,0.0,0.0,0.0,0.0,0,0.0,0,0,0.6650509053968834,119,treated,1260,0.18140198766447024,
979,Non Graduated,0,2019-05-06,2019,2020.0,0,27.05126452494873,25-34,Black,Male,42003130200,0.0,0.0,0.0,0.0,0.0,0.0,13589.803788680132,25112.158560808028,1.0,1,27292.74193246625,0,0,0.4764096873183885,120,control,85,0.18864121807849488,0.18864121807849488
85,Graduated,1,2013-05-09,2013,2013.0,0,33.87012987012987,25-34,Black,Male,42003020100,0.0,0.0,0.0,0.0,0.0,0.0,0.0,0.0,0.0,0,0.0,0,0,0.6650509053968834,120,treated,979,0.18864121807849488,
1027,Non Graduated,0,2019-07-10,2019,2019.0,0,25.49008885850991,25-34,Black,Male,42003564700,0.0,0.0,0.0,0.0,0.0,0.0,24728.333157619385,26225.61150559495,1.0,1,40707.12221582406,0,0,0.47242122472023523,121,control,174,0.19262968067664815,0.19262968067664815
174,Graduated,1,2013-05-06,2013,2013.0,0,28.174982911825012,25-34,Black,Male,42003080900,0.0,0.0,0.0,0.0,0.0,0.0,0.0,0.0,0.0,0,0.0,0,0,0.6650509053968834,121,treated,1027,0.19262968067664815,
1044,Non Graduated,0,2019-08-26,2019,,0,42.77511961722488,35+,Black,Male,42007604000,0.0,0.0,0.0,0.0,1.0,4.0,2372.1173328960776,7451.437137159441,1.0,1,17509.538110660316,0,1,0.6188878738145558,122,control,1438,0.010308581837859099,0.010308581837859099
1438,Graduated,1,2021-09-27,2021,2021.0,0,42.42241968557758,35+,Black,Male,42003140500,0.0,0.0,0.0,0.0,1.0,1.0,18813.467435040475,0.0,1.0,1,7077.56320950082,0,0,0.6085792919766967,122,treated,1044,0.010308581837859099,
900,Non Graduated,0,2019-01-16,2019,2019.0,0,39.84688995215311,35+,Black,Male,42003521401,0.0,0.0,0.0,0.0,0.0,0.0,10738.67585265608,0.0,1.0,1,58369.24222268713,0,0,0.6273047367573514,123,control,1458,0.01173458698397234,0.01173458698397234
1458,Graduated,1,2021-10-25,2021,2021.0,0,43.99453178400547,35+,Black,Male,42003503002,0.0,0.0,0.0,0.0,0.0,0.0,9759.137644449478,0.0,1.0,1,17950.956320172205,0,0,0.6155701497733791,123,treated,900,0.01173458698397234,
1145,Non Graduated,0,2020-02-03,2020,2020.0,0,41.24675324675325,35+,Black,Male,42003504100,1.0,1.0,1.0,0.0,0.0,0.0,382.0945387471106,0.0,1.0,1,38186.05996751666,0,0,0.6273946702059011,124,control,1304,0.01072562058433113,0.01072562058433113
1304,Graduated,1,2021-01-25,2021,2021.0,0,46.87081339712919,35+,Black,Male,42003481000,0.0,0.0,0.0,0.0,0.0,0.0,2615.7885892116183,422.55316756655463,1.0,1,13492.274742233203,0,0,0.61666904962157,124,treated,1145,0.01072562058433113,
1018,Non Graduated,0,2019-06-19,2019,2019.0,0,37.30690362269309,35+,Black,Male,42003519000,1.0,2.0,5.0,0.0,1.0,2.0,2179.854000071646,3750.3222249611977,1.0,1,8122.100325656666,0,0,0.6349877038944131,125,control,1195,0.0007079174458940463,0.0007079174458940463
1195,Graduated,1,2020-06-08,2020,2020.0,0,37.13465481886534,35+,Black,Male,42003515100,0.0,0.0,0.0,0.0,0.0,0.0,6535.2040090060855,4992.221087353949,1.0,1,34578.01303694412,0,0,0.634279786448519,125,treated,1018,0.0007079174458940463,
760,Non Graduated,0,2018-04-16,2018,2018.0,0,35.72932330827068,35+,Black,Male,42003523100,0.0,0.0,0.0,0.0,0.0,0.0,13535.044696368355,1076.631104876518,1.0,1,13263.980312395623,0,0,0.63586262874059,126,control,1325,0.0012321896442722968,0.0012321896442722968
1325,Graduated,1,2021-03-08,2021,2021.0,0,48.10936431989064,35+,Black,Male,42003561400,0.0,0.0,0.0,0.0,0.0,0.0,8316.068950331066,7398.092901092406,1.0,1,14052.587277049635,0,0,0.6346304390963177,126,treated,760,0.0012321896442722968,
851,Non Graduated,0,2018-10-08,2018,2018.0,0,39.42036910457964,35+,Black,Male,42003514000,0.0,0.0,0.0,0.0,0.0,0.0,1335.0399898589362,0.0,1.0,1,60083.40395845882,0,0,0.6331172297135986,127,control,551,0.0019663042363928795,0.0019663042363928795
551,Graduated,1,2017-08-22,2017,2017.0,0,39.59261790840738,35+,Black,Male,42003040200,1.0,4.0,5.0,0.0,1.0,4.0,9195.551029895136,0.0,1.0,1,27991.270053054825,0,0,0.6350835339499915,127,treated,851,0.0019663042363928795,
882,Non Graduated,0,2018-11-26,2018,2019.0,0,36.229665071770334,35+,Black,Male,42003130700,0.0,0.0,0.0,0.0,0.0,0.0,7604.129904795164,0.0,1.0,1,18339.5520957247,0,0,0.6331172297135986,128,control,797,0.004284859774711491,0.004284859774711491
797,Graduated,1,2018-07-09,2018,2018.0,0,39.24812030075188,35+,Black,Male,42003300100,0.0,0.0,0.0,0.0,0.0,0.0,1912.5798832749144,1681.857885231129,1.0,0,0.0,1,0,0.6374020894883101,128,treated,882,0.004284859774711491,
1346,Non Graduated,0,2021-04-26,2021,2021.0,0,37.24128503075872,35+,Black,Male,42003101900,0.0,0.0,0.0,0.0,0.0,0.0,10382.26127522364,10589.55281643522,1.0,1,12417.73804911126,0,0,0.6427282449050307,129,control,1456,0.004547086913881282,0.004547086913881282
1456,Graduated,1,2021-10-18,2021,2021.0,0,46.95283663704716,35+,Black,Male,42003101900,0.0,0.0,0.0,0.0,0.0,0.0,28953.89250038242,8793.663481774078,1.0,1,36899.21165964457,0,0,0.6381811579911494,129,treated,1346,0.004547086913881282,
210,Non Graduated,0,2020-07-27,2020,2020.0,0,43.04306220095694,35+,Black,Male,42003515100,1.0,3.0,3.0,0.0,1.0,3.0,8215.351141305251,3436.6312285558233,1.0,0,0.0,0,0,0.6274205515964615,130,control,659,0.01147070357437563,0.01147070357437563
659,Graduated,1,2017-10-02,2017,2017.0,0,46.20369104579631,35+,Black,Male,42003191100,0.0,0.0,0.0,0.0,0.0,0.0,6342.927587133821,0.0,1.0,1,2166.678095458697,0,0,0.6388912551708371,130,treated,210,0.01147070357437563,
1097,Non Graduated,0,2019-11-04,2019,2019.0,0,37.919343814080655,35+,Black,Male,42003262000,1.0,5.0,9.0,1.0,1.0,4.0,11912.508880639687,6506.046162267093,1.0,1,18609.465849504068,0,1,0.6544739513646431,131,control,606,0.015582696193806034,0.015582696193806034
606,Graduated,1,2017-07-05,2017,2017.0,0,40.35543403964456,35+,Black,Male,42003564800,0.0,0.0,0.0,0.0,0.0,0.0,116.41628870608885,0.0,1.0,0,0.0,0,0,0.6388912551708371,131,treated,1097,0.015582696193806034,
759,Non Graduated,0,2018-04-23,2018,2018.0,0,37.03622693096377,35+,Black,Male,42003486900,1.0,6.0,10.0,1.0,0.0,0.0,16831.955088337505,4890.031894865074,1.0,1,25459.029956841467,0,0,0.6876244347918097,132,control,811,0.04370197407696297,0.04370197407696297
811,Graduated,1,2018-07-30,2018,2018.0,0,36.88858509911141,35+,Black,Male,42003120900,1.0,2.0,9.0,1.0,1.0,2.0,5035.303647157041,1578.3346487007586,1.0,0,0.0,0,1,0.6439224607148467,132,treated,759,0.04370197407696297,
1076,Non Graduated,0,2019-10-07,2019,2019.0,0,39.05946684894053,35+,Black,Male,42003521302,1.0,10.0,9.0,1.0,0.0,0.0,388.7249599819285,131.44927065924614,1.0,1,3956.7160635750033,0,0,0.692764997432193,133,control,737,0.04513557021497194,0.04513557021497194
737,Graduated,1,2018-03-12,2018,2018.0,0,40.75187969924812,35+,Black,Male,42003262000,1.0,1.0,9.0,1.0,0.0,0.0,37295.56548058239,0.0,1.0,1,34659.09477591934,0,0,0.647629427217221,133,treated,1076,0.04513557021497194,
476,Non Graduated,0,2016-10-10,2016,2016.0,0,42.30211893369788,35+,Black,Male,42003561400,1.0,3.0,3.0,0.0,1.0,7.0,0.0,0.0,0.0,1,229.7612825592843,0,0,0.7018074191838799,134,control,838,0.05334607881336295,0.05334607881336295
838,Graduated,1,2018-09-10,2018,2018.0,0,38.43609022556391,35+,Black,Male,42003271600,0.0,0.0,0.0,0.0,1.0,11.0,0.0,0.0,0.0,0,0.0,1,1,0.648461340370517,134,treated,476,0.05334607881336295,
507,Non Graduated,0,2016-12-12,2016,2017.0,0,36.94053315105947,35+,Black,Male,42003561400,0.0,0.0,0.0,0.0,1.0,4.0,0.0,0.0,0.0,1,5476.857218672816,0,1,0.7043855507269183,135,control,765,0.05512106083221191,0.05512106083221191
765,Graduated,1,2018-05-14,2018,2018.0,0,36.76008202323992,35+,Black,Male,42003523600,1.0,1.0,1.0,0.0,0.0,0.0,25317.02971112818,4080.5648049023584,1.0,1,14140.58219425591,1,1,0.6492644898947064,135,treated,507,0.05512106083221191,
1080,Non Graduated,0,2019-10-14,2019,2019.0,0,35.018455228981544,35+,Black,Male,42003560400,0.0,0.0,0.0,0.0,0.0,0.0,0.0,0.0,0.0,1,7377.513491137144,0,0,0.7132492316023148,136,control,1265,0.057557782835305105,0.057557782835305105
1265,Graduated,1,2020-10-26,2020,2021.0,0,36.103896103896105,35+,Black,Male,42003130700,1.0,2.0,5.0,0.0,0.0,0.0,12364.116080878357,8891.753559562449,1.0,1,2618.4330308737863,0,0,0.6556914487670097,136,treated,1080,0.057557782835305105,
540,Non Graduated,0,2017-03-07,2017,2017.0,0,35.10321257689679,35+,Black,Male,42003510000,1.0,6.0,10.0,1.0,1.0,8.0,0.0,0.0,0.0,1,9795.12223321131,1,1,0.7140650005493985,137,control,585,0.05690352352243366,0.05690352352243366
585,Graduated,1,2017-05-22,2017,2017.0,0,39.50512645249488,35+,Black,Male,42003565100,1.0,4.0,9.0,1.0,1.0,2.0,7181.528221787441,0.0,1.0,1,65802.13447822658,0,0,0.6571614770269648,137,treated,540,0.05690352352243366,
776,Non Graduated,0,2018-05-29,2018,2018.0,0,44.94873547505127,35+,Black,Male,42003481000,0.0,0.0,0.0,0.0,0.0,0.0,0.0,0.0,0.0,0,0.0,0,0,0.7183232136429607,138,control,916,0.0534695541173823,0.0534695541173823
916,Graduated,1,2019-02-04,2019,2019.0,0,35.85782638414218,35+,Black,Male,42007605500,1.0,5.0,6.0,1.0,0.0,0.0,4175.592339348146,0.0,1.0,1,1893.6142260754657,1,1,0.6648536595255784,138,treated,776,0.0534695541173823,
678,Non Graduated,0,2017-11-13,2017,2017.0,0,40.26794258373206,35+,Black,Male,42003562400,0.0,0.0,0.0,0.0,0.0,0.0,0.0,0.0,0.0,0,0.0,0,0,0.7233422381549915,139,control,780,0.05569285678199842,0.05569285678199842
780,Graduated,1,2018-05-29,2018,2018.0,0,39.38482570061517,35+,Black,Male,42003515100,1.0,6.0,3.0,0.0,0.0,0.0,2687.1573176950087,0.0,1.0,1,22897.075013001766,0,0,0.6676493813729931,139,treated,678,0.05569285678199842,
615,Non Graduated,0,2017-07-10,2017,2017.0,0,38.9419002050581,35+,Black,Male,42003130700,0.0,0.0,0.0,0.0,0.0,0.0,0.0,0.0,0.0,1,28845.965424880138,0,0,0.7233422381549915,140,control,1433,0.04775428905741819,0.04775428905741819
1433,Graduated,1,2021-09-27,2021,2022.0,0,35.830485304169514,35+,Black,Male,42003180700,1.0,1.0,9.0,1.0,0.0,0.0,17950.51899807427,18167.320820045243,1.0,1,8184.033122727606,0,0,0.6755879490975734,140,treated,615,0.04775428905741819,
578,Non Graduated,0,2017-05-01,2017,2017.0,0,38.8462064251538,35+,Black,Male,42003050600,0.0,0.0,0.0,0.0,0.0,0.0,0.0,0.0,0.0,0,0.0,0,0,0.7233422381549915,141,control,726,0.042097208017975896,0.042097208017975896
726,Graduated,1,2018-02-12,2018,2018.0,0,37.44087491455912,35+,Black,Male,42003484600,0.0,0.0,0.0,0.0,1.0,6.0,0.0,0.0,0.0,1,5587.908961828321,1,1,0.6812450301370157,141,treated,578,0.042097208017975896,
693,Non Graduated,0,2017-12-18,2017,2018.0,0,38.29938482570061,35+,Black,Male,42003130600,0.0,0.0,0.0,0.0,0.0,0.0,0.0,0.0,0.0,1,20376.138507257714,0,0,0.7233422381549915,142,control,638,0.03647009027425685,0.03647009027425685
638,Graduated,1,2017-09-11,2017,2017.0,0,37.23034859876965,35+,Black,Male,42003290100,1.0,7.0,12.0,1.0,0.0,0.0,240.58053084277748,0.0,1.0,0,0.0,0,1,0.6868721478807347,142,treated,693,0.03647009027425685,
824,Non Graduated,0,2018-09-04,2018,2018.0,0,43.11414900888585,35+,Black,Male,42003514000,1.0,1.0,7.0,1.0,0.0,0.0,0.0,0.0,0.0,0,0.0,0,0,0.7308976024232215,143,control,1082,0.03693572020821623,0.03693572020821623
1082,Graduated,1,2019-10-14,2019,2019.0,0,35.70745044429255,35+,Black,Male,42003160800,0.0,0.0,0.0,0.0,1.0,4.0,0.0,2297.5914334040863,0.0,1,3405.4397476317254,0,0,0.6939618822150053,143,treated,824,0.03693572020821623,
624,Non Graduated,0,2017-08-21,2017,2017.0,0,44.17224880382775,35+,Black,Male,42003514000,1.0,2.0,5.0,0.0,0.0,0.0,0.0,0.0,0.0,0,0.0,1,1,0.7333633453406688,144,control,1147,0.03756079579310345,0.03756079579310345
1147,Graduated,1,2020-02-10,2020,2020.0,0,50.18455228981545,35+,Black,Male,42003562300,0.0,0.0,0.0,0.0,1.0,2.0,0.0,0.0,0.0,1,124.36988251549693,1,1,0.6958025495475654,144,treated,624,0.03756079579310345,
515,Non Graduated,0,2017-01-23,2017,2017.0,0,36.98974709501025,35+,Black,Male,42003550900,1.0,1.0,8.0,1.0,0.0,0.0,0.0,0.0,0.0,1,68819.51763240003,0,0,0.735774987227135,145,control,1299,0.0328357577525934,0.0328357577525934
1299,Graduated,1,2021-01-25,2021,2021.0,0,37.19207108680793,35+,Black,Male,42003060300,0.0,0.0,0.0,0.0,0.0,0.0,0.0,0.0,0.0,0,0.0,0,0,0.7029392294745416,145,treated,515,0.0328357577525934,
920,Non Graduated,0,2019-02-11,2019,2019.0,0,43.25358851674641,35+,Black,Male,42003564000,0.0,0.0,0.0,0.0,0.0,0.0,9212.655005790588,46768.60688977963,1.0,1,13823.698860949702,1,0,0.7378680067980254,146,control,1353,0.03492877732348387,0.03492877732348387
1353,Graduated,1,2021-04-26,2021,2021.0,0,58.250170881749824,35+,Black,Male,42003010301,0.0,0.0,0.0,0.0,0.0,0.0,0.0,0.0,0.0,1,5039.84320820098,0,0,0.7029392294745416,146,treated,920,0.03492877732348387,
364,Non Graduated,0,2016-01-04,2016,2016.0,0,43.24538619275461,35+,Black,Male,42003101900,1.0,2.0,4.0,0.0,0.0,0.0,0.0,0.0,0.0,0,0.0,0,0,0.7382120464508578,147,control,440,0.03468055211164944,0.03468055211164944
440,Graduated,1,2016-06-22,2016,2016.0,0,39.8714969241285,35+,Black,Male,42003523600,1.0,3.0,9.0,1.0,1.0,8.0,0.0,0.0,0.0,1,29996.906178489564,0,0,0.7035314943392084,147,treated,364,0.03468055211164944,
14,Non Graduated,0,2013-09-23,2013,2013.0,0,35.35748462064252,35+,Black,Male,42003192000,0.0,0.0,0.0,0.0,0.0,0.0,0.0,0.0,0.0,0,0.0,0,0,0.742856534349649,148,control,1223,0.034735545952083835,0.034735545952083835
1223,Graduated,1,2020-08-24,2020,2020.0,0,39.958988380041006,35+,Black,Male,42003509400,0.0,0.0,0.0,0.0,0.0,0.0,0.0,0.0,0.0,1,4274.683455925314,0,0,0.7081209883975652,148,treated,14,0.034735545952083835,
69,Non Graduated,0,2012-10-10,2012,2012.0,0,38.777853725222144,35+,Black,Male,42051261700,0.0,0.0,0.0,0.0,0.0,0.0,0.0,0.0,0.0,0,0.0,0,0,0.74759202064397,149,control,1283,0.0394710322464048,0.0394710322464048
1283,Graduated,1,2020-12-07,2020,2021.0,0,37.27956254272044,35+,Black,Male,42003482500,0.0,0.0,0.0,0.0,0.0,0.0,0.0,0.0,0.0,1,16874.67541834434,0,0,0.7081209883975652,149,treated,69,0.0394710322464048,
367,Non Graduated,0,2016-04-04,2016,2016.0,0,37.20847573479153,35+,Black,Male,42003523400,1.0,5.0,7.0,1.0,1.0,2.0,0.0,0.0,0.0,0,0.0,1,1,0.7486612147204006,150,control,587,0.04042298997509175,0.04042298997509175
587,Graduated,1,2017-05-22,2017,2017.0,0,38.32946001367054,35+,Black,Male,42003120300,1.0,11.0,9.0,1.0,0.0,0.0,1060.6810144339029,0.0,1.0,1,43134.43881534911,1,1,0.7082382247453088,150,treated,367,0.04042298997509175,
152,Non Graduated,0,2014-08-11,2014,2014.0,0,36.14490772385509,35+,Black,Male,42003486800,1.0,3.0,9.0,1.0,0.0,0.0,0.0,0.0,0.0,0,0.0,1,0,0.7594382278140073,151,control,1020,0.048953006807681,0.048953006807681
1020,Graduated,1,2019-07-01,2019,2019.0,0,42.60833902939166,35+,Black,Male,42003261400,1.0,10.0,9.0,1.0,0.0,0.0,18570.623756506517,7831.299417103342,1.0,1,2096.3381770454002,0,0,0.7104852210063263,151,treated,152,0.048953006807681,
19,Non Graduated,0,2014-03-24,2014,2014.0,0,36.15311004784689,35+,Black,Male,42003483800,1.0,4.0,7.0,1.0,0.0,0.0,0.0,0.0,0.0,0,0.0,1,0,0.7640347371517736,152,control,643,0.052630350904164014,0.052630350904164014
643,Graduated,1,2017-09-18,2017,2017.0,0,36.94053315105947,35+,Black,Male,42003101900,0.0,0.0,0.0,0.0,1.0,2.0,0.0,0.0,0.0,0,0.0,0,0,0.7114043862476096,152,treated,19,0.052630350904164014,
1026,Non Graduated,0,2019-07-10,2019,2019.0,0,38.31852358168148,35+,Black,Male,42003120300,1.0,10.0,8.0,1.0,0.0,0.0,0.0,0.0,0.0,0,0.0,0,1,0.7689121302681781,153,control,363,0.05241409325914548,0.05241409325914548
363,Graduated,1,2016-01-04,2016,2016.0,0,38.74504442925495,35+,Black,Male,42003492700,0.0,0.0,0.0,0.0,1.0,2.0,0.0,0.0,0.0,1,17932.737739724216,0,0,0.7164980370090326,153,treated,1026,0.05241409325914548,
18,Non Graduated,0,2012-08-13,2012,2012.0,0,40.91045796308954,35+,Black,Male,42003523300,1.0,8.0,5.0,0.0,0.0,0.0,0.0,0.0,0.0,0,0.0,0,0,0.7838801860069766,154,control,790,0.06555697236401592,0.06555697236401592
790,Graduated,1,2018-06-25,2018,2018.0,0,38.78332194121668,35+,Black,Male,42003561400,0.0,0.0,0.0,0.0,0.0,0.0,0.0,0.0,0.0,1,44359.526162392634,0,0,0.7183232136429607,154,treated,18,0.06555697236401592,
175,Non Graduated,0,2014-08-12,2014,2014.0,0,42.40601503759399,35+,Black,Male,42003111500,1.0,12.0,9.0,1.0,0.0,0.0,0.0,0.0,0.0,0,0.0,0,1,0.7985958208570488,155,control,814,0.08027260721408813,0.08027260721408813
814,Graduated,1,2018-08-06,2018,2018.0,0,43.7511961722488,35+,Black,Male,42003508000,0.0,0.0,0.0,0.0,0.0,0.0,0.0,0.0,0.0,1,9289.671424460328,0,0,0.7183232136429607,155,treated,175,0.08027260721408813,
2,Non Graduated,0,2018-07-12,2018,,0,21.42447026657553,<=24,Black,Male,42003523501,1.0,2.0,9.0,1.0,1.0,3.0,38675.64444353394,8049.772420039896,1.0,1,7109.0197775315755,0,0,0.266314474137137,156,control,30,0.01931113379371685,0.01931113379371685
30,Graduated,1,2013-04-29,2013,2013.0,0,20.2406015037594,<=24,Black,Male,42003552300,1.0,3.0,7.0,1.0,0.0,0.0,0.0,0.0,0.0,0,0.0,0,0,0.24700334034342014,156,treated,2,0.01931113379371685,
179,Non Graduated,0,2012-06-26,2012,2012.0,0,21.86739576213261,<=24,Black,Male,42003465600,0.0,0.0,0.0,0.0,0.0,0.0,0.0,0.0,0.0,0,0.0,0,0,0.2930902579417603,157,control,1109,0.008057071897603019,0.008057071897603019
1109,Graduated,1,2019-12-02,2019,2020.0,0,20.64524948735475,<=24,Black,Male,42003300100,1.0,4.0,10.0,1.0,0.0,0.0,42903.56739464905,40011.97715368566,1.0,1,27295.79721330695,0,0,0.2850331860441573,157,treated,179,0.008057071897603019,
143,Non Graduated,0,2012-02-13,2012,2012.0,0,21.15652768284347,<=24,Black,Male,42003492800,0.0,0.0,0.0,0.0,0.0,0.0,0.0,0.0,0.0,0,0.0,0,0,0.2930902579417603,158,control,164,0.0,0.0
164,Graduated,1,2012-02-16,2012,2012.0,0,19.237183868762816,<=24,Black,Male,42003523501,0.0,0.0,0.0,0.0,0.0,0.0,0.0,0.0,0.0,0,0.0,0,0,0.2930902579417603,158,treated,143,0.0,
989,Non Graduated,0,2019-05-28,2019,,0,20.57416267942584,<=24,Black,Male,42003180700,1.0,3.0,7.0,1.0,1.0,8.0,622.0971982911228,0.0,1.0,1,1471.8777795502897,0,0,0.29481144771206047,159,control,45,0.0005267532422999488,0.0005267532422999488
45,Graduated,1,2012-06-27,2012,2012.0,0,23.64183185235817,<=24,Black,Male,42003564800,1.0,6.0,6.0,1.0,0.0,0.0,0.0,0.0,0.0,0,0.0,0,0,0.2953382009543604,159,treated,989,0.0005267532422999488,
1161,Non Graduated,0,2020-03-02,2020,2020.0,0,20.1038961038961,<=24,Black,Male,42003488600,1.0,4.0,10.0,1.0,1.0,10.0,21128.05137942155,10400.538927011528,1.0,1,45341.423648001946,0,0,0.30127652984544845,160,control,268,0.0021976179984152244,0.0021976179984152244
268,Graduated,1,2015-05-20,2015,2015.0,0,16.19138755980861,<=24,Black,Male,42003504100,1.0,3.0,8.0,1.0,0.0,0.0,0.0,0.0,0.0,0,0.0,0,0,0.2990789118470332,160,treated,1161,0.0021976179984152244,
108,Non Graduated,0,2012-06-27,2012,2012.0,0,20.896787423103213,<=24,Black,Male,42003509400,0.0,0.0,0.0,0.0,0.0,0.0,0.0,0.0,0.0,0,0.0,0,0,0.2930902579417603,161,control,321,0.005988653905272923,0.005988653905272923
321,Graduated,1,2015-08-31,2015,2015.0,0,20.847573479152427,<=24,Black,Male,42003424000,1.0,3.0,10.0,1.0,0.0,0.0,0.0,0.0,0.0,0,0.0,1,1,0.2990789118470332,161,treated,108,0.005988653905272923,
102,Non Graduated,0,2013-07-23,2013,2013.0,0,19.57894736842105,<=24,Black,Male,42003161000,0.0,0.0,0.0,0.0,0.0,0.0,0.0,0.0,0.0,0,0.0,0,0,0.3210530009222063,162,control,618,0.000383625393597542,0.000383625393597542
618,Graduated,1,2019-02-18,2019,2019.0,0,21.233082706766915,<=24,Black,Male,42003523701,1.0,3.0,6.0,1.0,1.0,5.0,27242.749928945897,891.2260550696889,1.0,1,78762.33727177765,0,0,0.32066937552860875,162,treated,102,0.000383625393597542,
132,Non Graduated,0,2013-04-22,2013,2013.0,0,19.95352016404648,<=24,Black,Male,42125704100,0.0,0.0,0.0,0.0,0.0,0.0,0.0,0.0,0.0,0,0.0,0,0,0.3210530009222063,163,control,63,0.0,0.0
63,Graduated,1,2013-12-11,2013,2014.0,0,20.076555023923444,<=24,Black,Male,42003499300,0.0,0.0,0.0,0.0,0.0,0.0,0.0,0.0,0.0,0,0.0,0,0,0.3210530009222063,163,treated,132,0.0,
64,Non Graduated,0,2012-08-27,2012,2012.0,0,23.373889268626108,<=24,Black,Male,42003523600,1.0,1.0,1.0,0.0,0.0,0.0,0.0,0.0,0.0,0,0.0,0,0,0.3197531394250427,164,control,90,0.0012998614971636013,0.0012998614971636013
90,Graduated,1,2013-07-25,2013,2013.0,0,21.8755980861244,<=24,Black,Male,42003551200,0.0,0.0,0.0,0.0,0.0,0.0,0.0,0.0,0.0,0,0.0,0,0,0.3210530009222063,164,treated,64,0.0012998614971636013,
359,Non Graduated,0,2015-12-07,2015,2016.0,0,23.685577580314423,<=24,Black,Male,42003202200,1.0,4.0,6.0,1.0,0.0,0.0,0.0,0.0,0.0,1,1173.6608217357598,0,0,0.32603532350412257,165,control,137,0.004982322581916276,0.004982322581916276
137,Graduated,1,2013-10-31,2013,2014.0,0,21.246753246753247,<=24,Black,Male,42003523300,0.0,0.0,0.0,0.0,0.0,0.0,0.0,0.0,0.0,0,0.0,0,0,0.3210530009222063,165,treated,359,0.004982322581916276,
537,Non Graduated,0,2017-03-01,2017,2017.0,0,22.745044429254957,<=24,Black,Male,42003483800,1.0,3.0,9.0,1.0,0.0,0.0,0.0,0.0,0.0,1,435.6389275172071,0,0,0.35692934019323397,166,control,620,0.0,0.0
620,Graduated,1,2017-07-31,2017,2017.0,0,18.851674641148325,<=24,Black,Male,42003464300,1.0,3.0,11.0,1.0,0.0,0.0,0.0,0.0,0.0,1,5459.207993435203,0,0,0.35692934019323397,166,treated,537,0.0,
830,Non Graduated,0,2018-08-27,2018,2018.0,0,19.032125768967877,<=24,Black,Male,42003050900,0.0,0.0,0.0,0.0,0.0,0.0,42016.80957416313,19656.725512081313,1.0,1,27131.148922239787,0,0,0.36767729640666974,167,control,563,0.0022765571271991525,0.0022765571271991525
563,Graduated,1,2017-04-17,2017,2017.0,0,23.242652084757346,<=24,Black,Male,42003515200,1.0,4.0,6.0,1.0,1.0,2.0,0.0,0.0,0.0,0,0.0,0,0,0.3654007392794706,167,treated,830,0.0022765571271991525,
1254,Non Graduated,0,2020-09-21,2020,2020.0,0,23.133287764866715,<=24,Black,Male,42003050100,1.0,4.0,7.0,1.0,1.0,10.0,0.0,0.0,0.0,0,0.0,1,1,0.3745525854018257,168,control,438,0.005576907978963985,0.005576907978963985
438,Graduated,1,2016-06-27,2016,2016.0,0,22.01503759398496,<=24,Black,Male,42003486700,1.0,8.0,9.0,1.0,1.0,10.0,0.0,0.0,0.0,1,4610.98071056118,0,0,0.3689756774228617,168,treated,1254,0.005576907978963985,
328,Non Graduated,0,2015-09-28,2015,2015.0,0,23.964456596035543,<=24,Black,Male,42043020400,0.0,0.0,0.0,0.0,0.0,0.0,0.0,0.0,0.0,0,0.0,0,0,0.38084438933579173,169,control,344,0.0,0.0
344,Graduated,1,2015-10-28,2015,2016.0,0,21.58578263841422,<=24,Black,Male,42003521301,0.0,0.0,0.0,0.0,0.0,0.0,0.0,0.0,0.0,0,0.0,0,0,0.38084438933579173,169,treated,328,0.0,
356,Non Graduated,0,2015-11-23,2015,2015.0,0,23.48051948051948,<=24,Black,Male,42003520001,0.0,0.0,0.0,0.0,0.0,0.0,0.0,0.0,0.0,0,0.0,0,0,0.38084438933579173,170,control,271,0.0,0.0
271,Graduated,1,2015-05-11,2015,2015.0,0,23.379357484620645,<=24,Black,Male,42003120300,0.0,0.0,0.0,0.0,0.0,0.0,0.0,0.0,0.0,0,0.0,0,0,0.38084438933579173,170,treated,356,0.0,
980,Non Graduated,0,2019-05-13,2019,2019.0,0,22.29665071770335,<=24,Black,Male,42003504100,0.0,0.0,0.0,0.0,0.0,0.0,26040.77514874233,22043.566018024092,1.0,1,20433.261750547696,0,0,0.3912125751730721,171,control,1317,0.0008596243956010552,0.0008596243956010552
1317,Graduated,1,2021-03-01,2021,2021.0,0,19.562542720437456,<=24,Black,Male,42003523200,1.0,4.0,9.0,1.0,0.0,0.0,6442.172275081367,23494.70635597723,1.0,1,8564.95973995252,0,0,0.3920721995686732,171,treated,980,0.0008596243956010552,
1037,Non Graduated,0,2019-07-22,2019,2019.0,0,20.795625427204374,<=24,Black,Male,42003561400,1.0,4.0,10.0,1.0,0.0,0.0,0.0,14599.009671673197,0.0,1,96.67070104410823,0,0,0.40300600299455885,172,control,885,0.0023332396874202743,0.0023332396874202743
885,Graduated,1,2018-12-03,2018,2019.0,0,22.68762816131237,<=24,Black,Male,42003483800,0.0,0.0,0.0,0.0,0.0,0.0,21569.001376277967,9087.190398761344,1.0,1,37938.52367174655,0,0,0.4006727633071386,172,treated,1037,0.0023332396874202743,
1105,Non Graduated,0,2019-11-25,2019,2020.0,0,21.673274094326725,<=24,Black,Male,42003523300,0.0,0.0,0.0,0.0,1.0,4.0,11421.766648495815,4431.154913923187,1.0,1,30310.9994004336,0,0,0.4043655609951233,173,control,378,0.0027839322835415126,0.0027839322835415126
378,Graduated,1,2016-02-01,2016,2016.0,0,22.419685577580317,<=24,Black,Male,42003552000,0.0,0.0,0.0,0.0,1.0,1.0,0.0,0.0,0.0,1,2672.1510907450756,0,0,0.40158162871158176,173,treated,1105,0.0027839322835415126,
371,Non Graduated,0,2016-02-29,2016,2016.0,0,19.414900888585095,<=24,Black,Male,42003250900,1.0,2.0,3.0,0.0,1.0,6.0,0.0,0.0,0.0,0,0.0,0,0,0.4085789758877214,174,control,1396,0.001485286667364194,0.001485286667364194
1396,Graduated,1,2021-07-19,2021,2021.0,0,19.0704032809296,<=24,Black,Male,42003561900,0.0,0.0,0.0,0.0,1.0,8.0,8167.583780199228,10041.21276575817,1.0,1,18399.314511546385,0,0,0.4070936892203572,174,treated,371,0.001485286667364194,
1035,Non Graduated,0,2019-07-22,2019,2019.0,0,23.505126452494878,<=24,Black,Male,42003562500,1.0,3.0,3.0,0.0,1.0,8.0,26828.009199329834,17698.336720008338,1.0,1,33055.41780259851,0,0,0.4101124818316846,175,control,881,0.0016009655455098692,0.0016009655455098692
881,Graduated,1,2018-11-26,2018,2019.0,0,18.851674641148325,<=24,Black,Male,42003475301,1.0,9.0,10.0,1.0,1.0,15.0,0.0,0.0,0.0,1,26675.129918271472,0,0,0.4085115162861747,175,treated,1035,0.0016009655455098692,
1155,Non Graduated,0,2020-02-24,2020,2020.0,0,22.501708817498294,<=24,Black,Male,42003111300,1.0,3.0,10.0,1.0,1.0,3.0,0.0,2206.2068570329466,0.0,1,10566.57973166454,0,0,0.4117871776960725,176,control,282,0.0009365119131114485,0.0009365119131114485
282,Graduated,1,2015-06-01,2015,2015.0,0,23.62816131237184,<=24,Black,Male,42003515100,1.0,1.0,3.0,0.0,0.0,0.0,0.0,0.0,0.0,0,0.0,0,0,0.41085066578296103,176,treated,1155,0.0009365119131114485,
661,Non Graduated,0,2017-10-16,2017,2018.0,0,22.135338345864664,<=24,Black,Male,42003523100,0.0,0.0,0.0,0.0,1.0,3.0,0.0,0.0,0.0,1,3603.4279154010756,0,0,0.4118817061944533,177,control,311,0.0010310404114922678,0.0010310404114922678
311,Graduated,1,2015-08-03,2015,2015.0,0,22.545454545454547,<=24,Black,Male,42007604000,1.0,1.0,2.0,0.0,0.0,0.0,0.0,0.0,0.0,0,0.0,1,1,0.41085066578296103,177,treated,661,0.0010310404114922678,
368,Non Graduated,0,2016-01-11,2016,2016.0,0,23.647300068352703,<=24,Black,Male,42003130700,0.0,0.0,0.0,0.0,0.0,0.0,0.0,0.0,0.0,1,12590.051512400598,0,0,0.4122964009158282,178,control,855,4.8486413091464176e-05,4.8486413091464176e-05
855,Graduated,1,2018-10-16,2018,2018.0,0,20.071086807928918,<=24,Black,Male,42003560400,1.0,11.0,6.0,1.0,1.0,16.0,4268.153404445955,0.0,1.0,1,21967.9673492171,0,0,0.41224791450273673,178,treated,368,4.8486413091464176e-05,
1004,Non Graduated,0,2019-06-10,2019,2019.0,0,20.142173615857825,<=24,Black,Male,42003120900,1.0,7.0,10.0,1.0,1.0,3.0,31420.176065861917,13938.118917387754,1.0,1,5251.106648902917,0,0,0.4177366839099952,179,control,893,0.00041639837267548607,0.00041639837267548607
893,Graduated,1,2018-12-17,2018,2019.0,0,19.30827067669173,<=24,Black,Male,42003523100,0.0,0.0,0.0,0.0,0.0,0.0,35850.07397136881,3869.5912889632564,1.0,1,51506.43717387643,0,0,0.4173202855373197,179,treated,1004,0.00041639837267548607,
817,Non Graduated,0,2018-08-06,2018,2018.0,0,19.84688995215311,<=24,Black,Male,42003111500,1.0,1.0,3.0,0.0,1.0,2.0,9906.3721473037,5798.076980318599,1.0,1,9213.996750685228,0,0,0.42006064628131645,180,control,967,0.0019655111850300777,0.0019655111850300777
967,Graduated,1,2019-04-22,2019,2019.0,0,19.45591250854409,<=24,Black,Male,42003040900,0.0,0.0,0.0,0.0,0.0,0.0,1925.5305478607545,13588.325454568458,1.0,1,4399.997917155329,0,0,0.4180951350962864,180,treated,817,0.0019655111850300777,
998,Non Graduated,0,2019-07-08,2019,2019.0,0,18.32399179767601,<=24,Black,Male,42003515200,1.0,6.0,8.0,1.0,1.0,1.0,14283.314008121315,8717.74766488473,1.0,1,11840.533378204858,0,0,0.4255883905325959,181,control,1059,0.00593019270584344,0.00593019270584344
1059,Graduated,1,2019-09-18,2019,2019.0,0,19.283663704716336,<=24,Black,Male,42003120900,0.0,0.0,0.0,0.0,0.0,0.0,7911.2424507123305,13101.911646213226,1.0,1,7046.4888224088745,0,1,0.41965819782675245,181,treated,998,0.00593019270584344,
747,Non Graduated,0,2018-03-26,2018,2018.0,0,22.31578947368421,<=24,Black,Male,42003468900,1.0,5.0,7.0,1.0,1.0,2.0,0.0,0.0,0.0,1,7168.375790610766,0,1,0.42678080809492247,182,control,617,0.004103621390770029,0.004103621390770029
617,Graduated,1,2017-07-17,2017,2017.0,0,22.512645249487356,<=24,Black,Male,42003564800,0.0,0.0,0.0,0.0,1.0,2.0,0.0,0.0,0.0,1,2498.5913262449585,0,0,0.42267718670415244,182,treated,747,0.004103621390770029,
762,Non Graduated,0,2018-04-23,2018,2018.0,0,23.65003417634997,<=24,Black,Male,42003561400,0.0,0.0,0.0,0.0,0.0,0.0,6192.2162073712825,0.0,1.0,1,16470.237615299535,0,0,0.4297919453705369,183,control,769,0.005083853884383094,0.005083853884383094
769,Graduated,1,2018-05-14,2018,2018.0,0,19.78127136021873,<=24,Black,Male,42003484300,0.0,0.0,0.0,0.0,0.0,0.0,16324.705402980955,1573.742257004688,1.0,1,15251.978896796069,0,0,0.4247080914861538,183,treated,762,0.005083853884383094,
1172,Non Graduated,0,2020-03-16,2020,2020.0,0,22.79152426520848,<=24,Black,Male,42003030500,0.0,0.0,0.0,0.0,0.0,0.0,33403.12176023361,17812.92008832972,1.0,1,41528.57168769899,0,0,0.4366221075280311,184,control,937,0.0072495977076964535,0.0072495977076964535
937,Graduated,1,2019-02-25,2019,2019.0,0,21.695146958304854,<=24,Black,Male,42003483800,0.0,0.0,0.0,0.0,1.0,3.0,2007.0135053914094,0.0,1.0,1,432.47104365545744,0,0,0.42937250982033465,184,treated,1172,0.0072495977076964535,
1284,Non Graduated,0,2020-12-01,2020,2020.0,0,23.948051948051948,<=24,Black,Male,42003111500,0.0,0.0,0.0,0.0,0.0,0.0,3812.253526970954,17325.694612204494,1.0,1,13247.88868574395,0,0,0.4382049129196465,185,control,1441,0.0039051526778512424,0.0039051526778512424
1441,Graduated,1,2021-09-27,2021,2022.0,0,21.736158578263844,<=24,Black,Male,42003551200,1.0,2.0,9.0,1.0,0.0,0.0,0.0,5759.954597545161,0.0,1,1048.402479178772,0,1,0.4342997602417953,185,treated,1284,0.0039051526778512424,
281,Non Graduated,0,2015-06-01,2015,2015.0,0,23.14149008885851,<=24,Black,Male,42003509400,1.0,8.0,9.0,1.0,0.0,0.0,0.0,0.0,0.0,0,0.0,0,0,0.44420621192131293,186,control,1041,0.0019578340879998213,0.0019578340879998213
1041,Graduated,1,2019-08-12,2019,2019.0,0,19.20710868079289,<=24,Black,Male,42003500300,0.0,0.0,0.0,0.0,0.0,0.0,4308.2497083953185,6122.700589141417,1.0,1,19188.602978909024,0,0,0.4422483778333131,186,treated,281,0.0019578340879998213,
518,Non Graduated,0,2017-01-30,2017,2017.0,0,21.998632946001365,<=24,Black,Male,42049001200,0.0,0.0,0.0,0.0,0.0,0.0,0.0,0.0,0.0,1,7710.036638903231,0,0,0.44448120119447504,187,control,426,0.0014735212551270638,0.0014735212551270638
426,Graduated,1,2016-05-31,2016,2016.0,0,23.092276144907725,<=24,Black,Male,42003478200,1.0,1.0,3.0,0.0,0.0,0.0,0.0,0.0,0.0,0,0.0,0,0,0.443007679939348,187,treated,518,0.0014735212551270638,
636,Non Graduated,0,2017-09-05,2017,2017.0,0,23.34654818865345,<=24,Black,Male,42003020100,0.0,0.0,0.0,0.0,0.0,0.0,0.0,0.0,0.0,1,1803.483993444857,0,0,0.44448120119447504,188,control,694,0.0,0.0
694,Graduated,1,2017-12-11,2017,2018.0,0,21.74982911825017,<=24,Black,Male,42129805200,0.0,0.0,0.0,0.0,0.0,0.0,0.0,0.0,0.0,1,250.76701760791144,0,1,0.44448120119447504,188,treated,636,0.0,
545,Non Graduated,0,2017-03-13,2017,2017.0,0,22.49624060150376,<=24,Black,Male,42003565100,0.0,0.0,0.0,0.0,0.0,0.0,0.0,0.0,0.0,0,0.0,0,0,0.44448120119447504,189,control,684,0.0,0.0
684,Graduated,1,2017-12-11,2017,2018.0,0,23.237183868762816,<=24,Black,Male,42003101900,0.0,0.0,0.0,0.0,0.0,0.0,0.0,0.0,0.0,1,2507.5250209674846,0,0,0.44448120119447504,189,treated,545,0.0,
1113,Non Graduated,0,2019-12-09,2019,2020.0,0,19.272727272727277,<=24,Black,Male,42003202200,0.0,0.0,0.0,0.0,1.0,1.0,6253.281068739681,0.0,1.0,1,34170.59622264565,0,1,0.451251945819535,190,control,1170,0.00043440113484677356,0.00043440113484677356
1170,Graduated,1,2020-03-16,2020,2020.0,0,21.517429938482568,<=24,Black,Male,42003551200,1.0,6.0,9.0,1.0,1.0,2.0,26325.434479130545,7549.749840047295,1.0,1,254.85912093446714,0,0,0.4508175446846882,190,treated,1113,0.00043440113484677356,
472,Non Graduated,0,2016-09-13,2016,2016.0,0,22.419685577580317,<=24,Black,Male,42003130600,1.0,8.0,9.0,1.0,1.0,2.0,0.0,0.0,0.0,0,0.0,0,0,0.4547687272333957,191,control,1360,0.0017094307316058988,0.0017094307316058988
1360,Graduated,1,2021-05-10,2021,2021.0,0,21.306903622693092,<=24,Black,Male,42003051000,0.0,0.0,0.0,0.0,0.0,0.0,1831.4255186721991,22730.649555175267,1.0,1,7672.339539399001,0,0,0.4530592965017898,191,treated,472,0.0017094307316058988,
591,Non Graduated,0,2017-06-19,2017,2017.0,0,21.369788106630214,<=24,Black,Male,42003130800,1.0,7.0,9.0,1.0,1.0,2.0,0.0,0.0,0.0,1,15099.112355616557,0,0,0.4562493239830845,192,control,753,0.0004246149951914746,0.0004246149951914746
753,Graduated,1,2018-04-09,2018,2018.0,0,20.317156527682844,<=24,Black,Male,42003130800,1.0,7.0,7.0,1.0,1.0,5.0,0.0,0.0,0.0,1,97.56061464353765,0,0,0.455824708987893,192,treated,591,0.0004246149951914746,
993,Non Graduated,0,2019-07-01,2019,2019.0,0,22.950102529049897,<=24,Black,Male,42129800700,0.0,0.0,0.0,0.0,0.0,0.0,0.0,14215.259564095964,0.0,1,20398.887354399616,0,0,0.4631461090302314,193,control,860,0.00272201598199745,0.00272201598199745
860,Graduated,1,2018-10-15,2018,2019.0,0,21.640464798359535,<=24,Black,Male,42003499300,1.0,3.0,3.0,0.0,1.0,5.0,4180.180334346871,650.8728868567695,1.0,1,3589.175099864705,0,0,0.46586812501222885,193,treated,993,0.00272201598199745,
869,Non Graduated,0,2018-10-30,2018,2018.0,0,22.072453861927546,<=24,Black,Male,42003561500,0.0,0.0,0.0,0.0,0.0,0.0,0.0,2003.5183839169592,0.0,1,29969.24133865715,0,0,0.47054460115988334,194,control,977,0.0023791754781052332,0.0023791754781052332
977,Graduated,1,2019-05-06,2019,2019.0,0,23.097744360902254,<=24,Black,Male,42003486900,1.0,1.0,2.0,0.0,1.0,2.0,3979.223997982609,985.8118939014221,1.0,1,387.13869107380515,1,0,0.4681654256817781,194,treated,869,0.0023791754781052332,
1258,Non Graduated,0,2020-09-28,2020,2020.0,0,19.171565276828435,<=24,Black,Male,42003151700,0.0,0.0,0.0,0.0,0.0,0.0,21824.08650181098,9907.845347189343,1.0,1,38922.757366758226,0,0,0.46243955876085846,195,control,1477,0.00662255017857577,0.00662255017857577
1477,Graduated,1,2021-12-13,2021,2022.0,0,19.28092959671907,<=24,Black,Male,42003526302,0.0,0.0,0.0,0.0,0.0,0.0,19319.299512646347,17851.76955277949,1.0,1,17116.91319927841,0,0,0.46906210893943423,195,treated,1258,0.00662255017857577,
975,Non Graduated,0,2019-04-29,2019,2019.0,0,19.830485304169517,<=24,Black,Male,42003483800,0.0,0.0,0.0,0.0,1.0,2.0,0.0,3375.9025107158204,0.0,1,18932.99886167323,0,0,0.476669943757296,196,control,1197,0.0050061176960172205,0.0050061176960172205
1197,Graduated,1,2020-06-15,2020,2020.0,0,23.373889268626108,<=24,Black,Male,42003050900,0.0,0.0,0.0,0.0,0.0,0.0,6732.74491933802,7100.61534503344,1.0,1,5501.282786641644,0,0,0.47166382606127877,196,treated,975,0.0050061176960172205,
826,Non Graduated,0,2018-08-27,2018,2018.0,0,19.784005468215994,<=24,Black,Male,42003130800,0.0,0.0,0.0,0.0,0.0,0.0,0.0,0.0,0.0,1,5197.559338327435,0,0,0.47713866398459853,197,control,827,0.0,0.0
827,Graduated,1,2018-08-20,2018,2018.0,0,19.65823650034176,<=24,Black,Male,42003523702,0.0,0.0,0.0,0.0,0.0,0.0,0.0,0.0,0.0,0,0.0,0,0,0.47713866398459853,197,treated,826,0.0,
3,Non Graduated,0,2018-07-23,2018,,0,19.193438140806563,<=24,Black,Male,42003562400,0.0,0.0,0.0,0.0,0.0,0.0,0.0,0.0,0.0,0,0.0,0,0,0.47713866398459853,198,control,741,0.0,0.0
741,Graduated,1,2018-03-12,2018,2018.0,0,21.019822282980176,<=24,Black,Male,42049002600,0.0,0.0,0.0,0.0,0.0,0.0,0.0,0.0,0.0,1,9397.150891125832,0,0,0.47713866398459853,198,treated,3,0.0,
1272,Non Graduated,0,2020-12-01,2020,2021.0,0,22.35406698564593,<=24,Black,Male,42003523300,0.0,0.0,0.0,0.0,0.0,0.0,3305.530082987552,5281.9401258235475,1.0,1,15119.717607857527,0,0,0.47765054931909007,199,control,850,0.0005118853344915353,0.0005118853344915353
850,Graduated,1,2018-10-08,2018,2018.0,0,23.909774436090224,<=24,Black,Male,42003281500,0.0,0.0,0.0,0.0,0.0,0.0,0.0,0.0,0.0,1,8459.35583501525,0,0,0.47713866398459853,199,treated,1272,0.0005118853344915353,
1231,Non Graduated,0,2020-07-27,2020,2020.0,0,22.870813397129183,<=24,Black,Male,42003130200,0.0,0.0,0.0,0.0,0.0,0.0,19792.17075859613,5151.819252099159,1.0,1,17673.88038322477,0,0,0.4780791485565191,200,control,713,0.0009404845719205857,0.0009404845719205857
713,Graduated,1,2018-01-22,2018,2018.0,0,22.85987696514012,<=24,Black,Male,42003271600,0.0,0.0,0.0,0.0,0.0,0.0,0.0,0.0,0.0,1,9195.767800360549,0,0,0.47713866398459853,200,treated,1231,0.0009404845719205857,
1261,Non Graduated,0,2020-10-05,2020,2020.0,0,22.285714285714285,<=24,Black,Male,42003492700,1.0,4.0,6.0,1.0,0.0,0.0,0.0,0.0,0.0,1,1925.3849341762198,1,1,0.4828206965819336,201,control,1315,0.0007253092211644274,0.0007253092211644274
1315,Graduated,1,2021-02-22,2021,2021.0,0,22.313055365686942,<=24,Black,Male,42003120900,0.0,0.0,0.0,0.0,1.0,4.0,25539.569340606373,0.0,1.0,1,34386.610501566705,0,0,0.48354600580309803,201,treated,1261,0.0007253092211644274,
1194,Non Graduated,0,2020-06-01,2020,2020.0,0,18.941900205058097,<=24,Black,Male,42003513000,1.0,10.0,6.0,1.0,1.0,17.0,0.0,0.0,0.0,0,0.0,0,0,0.4823989500989002,202,control,1232,0.0020309204353462507,0.0020309204353462507
1232,Graduated,1,2020-08-03,2020,2020.0,0,20.3444976076555,<=24,Black,Male,42003101900,0.0,0.0,0.0,0.0,0.0,0.0,2953.3000206419247,3224.811768523179,1.0,1,42557.106644078245,0,0,0.48442987053424647,202,treated,1194,0.0020309204353462507,
1178,Non Graduated,0,2020-03-16,2020,2020.0,0,23.436773752563223,<=24,Black,Male,42003488300,0.0,0.0,0.0,0.0,1.0,5.0,0.0,0.0,0.0,1,1093.713260408692,0,0,0.48736932349435713,203,control,1237,0.0006799697078674893,0.0006799697078674893
1237,Graduated,1,2020-08-17,2020,2020.0,0,19.557074504442927,<=24,Black,Male,42003191500,0.0,0.0,0.0,0.0,0.0,0.0,2463.0763776518306,2539.614184300526,1.0,1,2634.074982650856,0,1,0.48668935378648964,203,treated,1178,0.0006799697078674893,
1303,Non Graduated,0,2021-01-26,2021,2021.0,0,18.94736842105263,<=24,Black,Male,42003492900,0.0,0.0,0.0,0.0,0.0,0.0,20478.16002314174,11732.760160525952,1.0,1,22258.27657344382,0,0,0.48921891342343743,204,control,1286,0.002181832240196857,0.002181832240196857
1286,Graduated,1,2020-12-07,2020,2021.0,0,19.24538619275461,<=24,Black,Male,42003561400,1.0,1.0,1.0,0.0,1.0,3.0,431.1552190289258,1852.316177909317,1.0,1,14922.318923129325,0,1,0.48703708118324057,204,treated,1303,0.002181832240196857,
1472,Non Graduated,0,2021-11-29,2021,2021.0,0,19.79220779220779,<=24,Black,Male,42003550900,0.0,0.0,0.0,0.0,0.0,0.0,18354.18893403793,11466.597435475644,1.0,1,42174.153349249034,0,0,0.49009696033294325,205,control,1249,0.0010608067415923683,0.0010608067415923683
1249,Graduated,1,2020-09-14,2020,2020.0,0,19.18796992481203,<=24,Black,Male,42003526201,0.0,0.0,0.0,0.0,0.0,0.0,2003.3381641784547,1828.1117578852438,1.0,1,14179.79598688587,0,0,0.4890361535913509,205,treated,1472,0.0010608067415923683,
580,Non Graduated,0,2017-05-09,2017,2017.0,0,20.653451811346542,<=24,Black,Male,42003130200,1.0,11.0,7.0,1.0,1.0,10.0,0.0,0.0,0.0,1,186.53064440407417,0,0,0.49285536215027054,206,control,1222,0.0035062047388514372,0.0035062047388514372
1222,Graduated,1,2020-07-17,2020,2021.0,0,18.08339029391661,<=24,Black,Male,42003130600,0.0,0.0,0.0,0.0,0.0,0.0,188.0520098613875,1733.2270645694007,1.0,1,8441.255300594554,0,0,0.4893491574114191,206,treated,580,0.0035062047388514372,
1474,Non Graduated,0,2021-11-29,2021,2022.0,0,18.54272043745728,<=24,Black,Male,42003488400,0.0,0.0,0.0,0.0,0.0,0.0,20055.77804125928,9963.568227335189,1.0,1,39876.92742551731,0,0,0.49505630802591266,207,control,701,0.0029727203498404187,0.0029727203498404187
701,Graduated,1,2018-01-08,2018,2018.0,0,22.594668489405333,<=24,Black,Male,42003561400,1.0,2.0,3.0,0.0,0.0,0.0,1468.6327096246152,0.0,1.0,1,11484.380455145198,0,0,0.49208358767607224,207,treated,1474,0.0029727203498404187,
1326,Non Graduated,0,2021-03-15,2021,2021.0,0,20.196855775803144,<=24,Black,Male,42003101900,0.0,0.0,0.0,0.0,0.0,0.0,12848.949087743547,9728.448925920084,1.0,1,4196.613029584222,0,0,0.4958322130799666,208,control,1467,0.003389894164172902,0.003389894164172902
1467,Graduated,1,2021-11-15,2021,2022.0,0,20.150375939849624,<=24,Black,Male,42003564400,0.0,0.0,0.0,0.0,0.0,0.0,36195.931212192525,10755.734232365146,1.0,1,82220.77330829839,0,0,0.4924423189157937,208,treated,1326,0.003389894164172902,
1421,Non Graduated,0,2021-08-30,2021,2021.0,0,21.336978810663023,<=24,Black,Male,42003130800,1.0,8.0,6.0,1.0,1.0,13.0,0.0,0.0,0.0,1,675.1500709555345,0,0,0.49690423557830254,209,control,1404,0.0021690417724343214,0.0021690417724343214
1404,Graduated,1,2021-08-02,2021,2021.0,0,18.52358168147642,<=24,Black,Male,42003492700,0.0,0.0,0.0,0.0,0.0,0.0,27694.58435641797,10060.876188511367,1.0,1,36167.19941494863,0,0,0.4947351938058682,209,treated,1421,0.0021690417724343214,
988,Non Graduated,0,2019-05-28,2019,2021.0,0,18.463431305536567,<=24,Black,Male,42003130200,1.0,2.0,3.0,0.0,0.0,0.0,13724.331927242862,7543.4590614702065,1.0,1,9975.820887213627,0,1,0.5000584597852963,210,control,176,0.004988347144799454,0.004988347144799454
176,Graduated,1,2009-01-12,2009,2009.0,0,20.199589883800407,<=24,Black,Male,42003561400,1.0,10.0,3.0,0.0,0.0,0.0,0.0,0.0,0.0,0,0.0,0,0,0.49507011264049683,210,treated,988,0.004988347144799454,
1453,Non Graduated,0,2021-10-11,2021,2021.0,0,23.956254272043747,<=24,Black,Male,42003040900,0.0,0.0,0.0,0.0,0.0,0.0,10088.042674119644,6728.150490479646,1.0,1,19790.077506247602,0,0,0.5057338190121553,211,control,912,0.006839488766126445,0.006839488766126445
912,Graduated,1,2019-01-28,2019,2019.0,0,20.913192071086808,<=24,Black,Male,42003514000,0.0,0.0,0.0,0.0,1.0,1.0,0.0,0.0,0.0,0,0.0,1,1,0.49889433024602886,211,treated,1453,0.006839488766126445,
1218,Non Graduated,0,2020-07-17,2020,2020.0,0,18.151742993848256,<=24,Black,Male,42003250900,0.0,0.0,0.0,0.0,1.0,3.0,0.0,0.0,0.0,1,3705.5904285839106,0,0,0.5095650074945728,212,control,189,0.008525398132997464,0.008525398132997464
189,Graduated,1,2013-02-25,2013,2013.0,0,16.69172932330827,<=24,Black,Male,42003120900,1.0,6.0,5.0,0.0,0.0,0.0,0.0,0.0,0.0,0,0.0,0,0,0.5010396093615753,212,treated,1218,0.008525398132997464,
1104,Non Graduated,0,2019-11-11,2019,2019.0,0,21.36158578263841,<=24,Black,Male,42003480200,0.0,0.0,0.0,0.0,0.0,0.0,0.0,0.0,0.0,1,2546.035886899064,1,1,0.5099927670712031,213,control,958,0.0063128419235763955,0.0063128419235763955
958,Graduated,1,2019-04-15,2019,2019.0,0,22.84347231715653,<=24,Black,Male,42003513000,0.0,0.0,0.0,0.0,0.0,0.0,0.0,1913.1782873048792,0.0,1,9250.51994937743,0,0,0.5036799251476267,213,treated,1104,0.0063128419235763955,
1352,Non Graduated,0,2021-04-26,2021,2022.0,0,19.96719070403281,<=24,Black,Male,42003561500,1.0,5.0,9.0,1.0,1.0,3.0,0.0,0.0,0.0,0,0.0,0,1,0.5137615023203496,214,control,1382,0.00688016459265639,0.00688016459265639
1382,Graduated,1,2021-06-22,2021,2021.0,0,20.24606971975393,<=24,Black,Male,42003050600,0.0,0.0,0.0,0.0,0.0,0.0,5752.07459387413,6380.396079953741,1.0,1,29735.197298315805,0,0,0.5068813377276932,214,treated,1352,0.00688016459265639,
745,Non Graduated,0,2018-03-26,2018,2018.0,0,22.673957621326043,<=24,Black,Male,42003551200,1.0,2.0,2.0,0.0,1.0,2.0,0.0,0.0,0.0,1,5331.0857071682585,1,0,0.5176737486252165,215,control,1221,0.010503586363283857,0.010503586363283857
1221,Graduated,1,2020-07-20,2020,2020.0,0,19.138755980861244,<=24,Black,Male,42003484600,1.0,19.0,10.0,1.0,1.0,35.0,8499.39446505039,3041.574251918841,1.0,1,6404.360554115627,0,0,0.5071701622619327,215,treated,745,0.010503586363283857,
1340,Non Graduated,0,2021-04-26,2021,2021.0,0,22.561859193438146,<=24,Black,Male,42003101900,0.0,0.0,0.0,0.0,0.0,0.0,1803.2306694312686,2153.705899402678,1.0,1,5384.134557683957,0,0,0.5208191706280005,216,control,468,0.012596667917844973,0.012596667917844973
468,Graduated,1,2016-08-29,2016,2016.0,0,19.8961038961039,<=24,Black,Male,42003050600,1.0,9.0,10.0,1.0,0.0,0.0,0.0,0.0,0.0,1,13507.214464066836,0,0,0.5082225027101556,216,treated,1340,0.012596667917844973,
878,Non Graduated,0,2018-11-12,2018,2018.0,0,21.391660970608346,<=24,Black,Male,42003552300,1.0,4.0,5.0,0.0,1.0,3.0,1960.1981389563418,0.0,1.0,0,0.0,1,1,0.5215282404189543,217,control,997,0.01153547334775118,0.01153547334775118
997,Graduated,1,2019-07-15,2019,2019.0,0,18.10252904989747,<=24,Black,Male,42003509400,0.0,0.0,0.0,0.0,0.0,0.0,0.0,0.0,0.0,1,418.32697095435685,0,0,0.5099927670712031,217,treated,878,0.01153547334775118,
1066,Non Graduated,0,2019-09-30,2019,2019.0,0,21.208475734791524,<=24,Black,Male,42003130700,1.0,4.0,3.0,0.0,1.0,4.0,548.1366112209286,5735.42107810802,1.0,0,0.0,1,0,0.524365118656997,218,control,1064,0.014372351585793863,0.014372351585793863
1064,Graduated,1,2019-09-23,2019,2019.0,0,20.18591934381408,<=24,Black,Male,42049002600,0.0,0.0,0.0,0.0,0.0,0.0,0.0,0.0,0.0,0,0.0,0,0,0.5099927670712031,218,treated,1066,0.014372351585793863,
1370,Non Graduated,0,2021-06-02,2021,2022.0,0,21.27956254272044,<=24,Black,Male,42003561500,0.0,0.0,0.0,0.0,0.0,0.0,7726.542152612462,194.36247999096426,1.0,1,1987.708957084614,0,0,0.5272705916535693,219,control,1021,0.017277824582366152,0.017277824582366152
1021,Graduated,1,2019-06-24,2019,2019.0,0,23.60628844839371,<=24,Black,Male,42003561900,0.0,0.0,0.0,0.0,0.0,0.0,0.0,0.0,0.0,1,2951.9441908713693,0,0,0.5099927670712031,219,treated,1370,0.017277824582366152,
1163,Non Graduated,0,2020-02-26,2020,2020.0,0,18.22556390977444,<=24,Black,Male,42003492800,0.0,0.0,0.0,0.0,1.0,1.0,0.0,0.0,0.0,0,0.0,0,0,0.5317230441740415,220,control,1065,0.02173027710283837,0.02173027710283837
1065,Graduated,1,2019-09-23,2019,2019.0,0,20.61244019138756,<=24,Black,Male,42003552300,0.0,0.0,0.0,0.0,0.0,0.0,0.0,0.0,0.0,0,0.0,0,0,0.5099927670712031,220,treated,1163,0.02173027710283837,
1392,Non Graduated,0,2021-07-12,2021,2021.0,0,18.652084757347914,<=24,Black,Male,42003564800,0.0,0.0,0.0,0.0,0.0,0.0,11386.836367047687,13857.211392176307,1.0,1,8644.057274073646,0,0,0.4822133753935889,221,control,1339,0.033067873476307685,0.033067873476307685
1339,Graduated,1,2021-04-12,2021,2021.0,0,22.211893369788108,<=24,Black,Male,42003523200,0.0,0.0,0.0,0.0,0.0,0.0,8005.926277680739,3833.9067571798614,1.0,1,34566.058171229306,0,0,0.5152812488698966,221,treated,1392,0.033067873476307685,
695,Non Graduated,0,2017-12-18,2017,2017.0,0,21.435406698564595,<=24,Black,Male,42003564700,1.0,7.0,7.0,1.0,0.0,0.0,0.0,0.0,0.0,0,0.0,0,0,0.4783502334269888,222,control,1464,0.03991025956619698,0.03991025956619698
1464,Graduated,1,2021-11-08,2021,2022.0,0,18.266575529733423,<=24,Black,Male,42003513800,1.0,7.0,10.0,1.0,1.0,5.0,0.0,10924.61650456137,0.0,1,18198.779465914267,0,0,0.5182604929931858,222,treated,695,0.03991025956619698,
972,Non Graduated,0,2019-04-29,2019,2019.0,0,23.423103212576898,<=24,Black,Male,42003130800,1.0,4.0,5.0,0.0,0.0,0.0,16701.007212300345,6466.65946435805,1.0,1,1460.409336099585,0,0,0.5659831005669915,223,control,961,0.04681896380829009,0.04681896380829009
961,Graduated,1,2019-04-15,2019,2019.0,0,19.73479152426521,<=24,Black,Male,42129800600,1.0,1.0,3.0,0.0,1.0,2.0,0.0,0.0,0.0,1,1302.2647431894084,0,0,0.5191641367587014,223,treated,972,0.04681896380829009,
1245,Non Graduated,0,2020-08-31,2020,2020.0,0,23.85782638414217,<=24,Black,Male,42003403500,1.0,3.0,3.0,0.0,1.0,1.0,2651.041921463236,2558.013312528064,1.0,1,28236.639275000296,0,1,0.5692153467569054,224,control,1450,0.041305249419299694,0.041305249419299694
1450,Graduated,1,2021-11-01,2021,2022.0,0,23.652768284347232,<=24,Black,Male,42003271600,0.0,0.0,0.0,0.0,0.0,0.0,831.6649629980677,0.0,1.0,1,10750.196914081846,0,0,0.5279100973376057,224,treated,1245,0.041305249419299694,
974,Non Graduated,0,2019-05-06,2019,2019.0,0,18.95557074504443,<=24,Black,Male,42003504100,0.0,0.0,0.0,0.0,0.0,0.0,2533.0377269687024,0.0,1.0,1,7066.3854049069405,0,0,0.46226824014828594,225,control,1449,0.06564185718931981,0.06564185718931981
1449,Graduated,1,2021-10-11,2021,2022.0,0,18.244702665755295,<=24,Black,Male,42003520002,0.0,0.0,0.0,0.0,0.0,0.0,7244.189390905643,0.0,1.0,1,44654.40270279729,0,0,0.5279100973376057,225,treated,974,0.06564185718931981,
1397,Non Graduated,0,2021-07-19,2021,2021.0,0,18.149008885850996,<=24,Black,Male,42003522000,1.0,1.0,3.0,0.0,1.0,1.0,0.0,0.0,0.0,1,51049.357703014655,0,0,0.594852981289782,226,control,733,0.062257944844777646,0.062257944844777646
733,Graduated,1,2018-03-05,2018,2018.0,0,22.31578947368421,<=24,Black,Male,42003401200,1.0,4.0,3.0,0.0,1.0,2.0,22580.794801375792,0.0,1.0,1,18415.71295401936,0,0,0.5325950364450044,226,treated,1397,0.062257944844777646,
604,Non Graduated,0,2017-06-26,2017,2017.0,0,22.140806561859197,<=24,Black,Male,42003050900,1.0,5.0,3.0,0.0,0.0,0.0,0.0,0.0,0.0,1,726.9144667456312,0,0,0.5997886882583321,227,control,1128,0.057027915271481766,0.057027915271481766
1128,Graduated,1,2020-01-15,2020,2020.0,0,19.732057416267946,<=24,Black,Male,42003310200,0.0,0.0,0.0,0.0,0.0,0.0,0.0,0.0,0.0,0,0.0,0,0,0.5427607729868503,227,treated,604,0.057027915271481766,
267,Non Graduated,0,2015-05-04,2015,2015.0,0,22.857142857142858,<=24,Black,Male,42003261400,1.0,8.0,3.0,0.0,0.0,0.0,0.0,0.0,0.0,0,0.0,0,0,0.62671771295752,228,control,1312,0.0791823759868523,0.0791823759868523
1312,Graduated,1,2021-02-08,2021,2021.0,0,19.784005468215994,<=24,Black,Male,42003403500,0.0,0.0,0.0,0.0,1.0,2.0,0.0,1774.9763296283716,0.0,1,35377.76925696294,0,0,0.5475353369706677,228,treated,267,0.0791823759868523,
756,Non Graduated,0,2018-04-02,2018,2018.0,0,23.01572112098428,<=24,Black,Male,42003520002,1.0,5.0,3.0,0.0,0.0,0.0,0.0,0.0,0.0,1,2308.8150042814805,0,0,0.6308977873480407,229,control,1402,0.08061053291287745,0.08061053291287745
1402,Graduated,1,2021-08-03,2021,2021.0,0,18.570061517429934,<=24,Black,Male,42003523702,0.0,0.0,0.0,0.0,0.0,0.0,0.0,7659.559723056439,0.0,1,3321.2456133257865,0,0,0.5502872544351632,229,treated,756,0.08061053291287745,
1460,Non Graduated,0,2021-11-01,2021,2021.0,0,19.98906356801093,<=24,Black,Male,42003130800,1.0,7.0,11.0,1.0,1.0,9.0,502.07046771900394,0.0,1.0,1,24490.674815600076,0,0,0.4621988436988505,230,control,902,0.09085953002848474,0.09085953002848474
902,Graduated,1,2019-01-07,2019,2019.0,0,22.742310321257687,<=24,Black,Male,42003270800,1.0,8.0,12.0,1.0,1.0,2.0,0.0,0.0,0.0,1,6068.796242508472,0,0,0.5530583737273352,230,treated,1460,0.09085953002848474,
946,Non Graduated,0,2019-03-18,2019,2019.0,0,23.84688995215311,<=24,Black,Male,42003509400,0.0,0.0,0.0,0.0,0.0,0.0,7562.7955725055,478.8942785409564,1.0,1,7757.6948655803635,0,0,0.46069711494749704,231,control,233,0.1056909567116911,0.1056909567116911
233,Graduated,1,2015-01-19,2015,2015.0,0,22.07792207792208,<=24,Black,Male,42003523200,1.0,6.0,4.0,0.0,0.0,0.0,0.0,0.0,0.0,0,0.0,0,0,0.5663880716591881,231,treated,946,0.1056909567116911,
1292,Non Graduated,0,2021-01-11,2021,2021.0,0,18.86807928913192,<=24,Black,Male,42003111300,1.0,1.0,4.0,0.0,1.0,5.0,4651.216682444088,17248.447594398,1.0,1,28221.069062094408,0,0,0.44709261680099033,232,control,1372,0.1280702750561057,0.1280702750561057
1372,Graduated,1,2021-06-22,2021,2021.0,0,19.10594668489405,<=24,Black,Male,42003561500,0.0,0.0,0.0,0.0,0.0,0.0,0.0,0.0,0.0,1,6390.632859020042,0,0,0.575162891857096,232,treated,1292,0.1280702750561057,
386,Non Graduated,0,2016-02-15,2016,2016.0,0,23.371155160628845,<=24,Black,Male,42003261500,1.0,7.0,7.0,1.0,0.0,0.0,0.0,0.0,0.0,1,10793.891710573178,0,0,0.44568052986161805,233,control,1344,0.12948236199547797,0.12948236199547797
1344,Graduated,1,2021-04-19,2021,2021.0,0,20.22966507177033,<=24,Black,Male,42003523502,0.0,0.0,0.0,0.0,0.0,0.0,0.0,0.0,0.0,1,7234.349079176945,0,0,0.575162891857096,233,treated,386,0.12948236199547797,
109,Non Graduated,0,2014-02-27,2014,2014.0,0,21.233082706766915,<=24,Black,Male,42003562400,1.0,19.0,7.0,1.0,0.0,0.0,0.0,0.0,0.0,0,0.0,1,0,0.7359610784812021,234,control,1282,0.13652626349504393,0.13652626349504393
1282,Graduated,1,2020-11-16,2020,2021.0,0,22.8133971291866,<=24,Black,Male,42003562901,1.0,5.0,5.0,0.0,1.0,1.0,5957.586565405283,12145.828469464079,1.0,1,54762.206846689565,0,0,0.5994348149861581,234,treated,109,0.13652626349504393,
547,Non Graduated,0,2017-03-20,2017,2017.0,0,22.086124401913874,<=24,Black,Male,42003552100,0.0,0.0,0.0,0.0,0.0,0.0,0.0,0.0,0.0,1,11295.737548920913,0,0,0.44448120119447504,235,control,272,0.15504010864570467,0.15504010864570467
272,Graduated,1,2015-05-26,2015,2015.0,0,23.917976760082023,<=24,Black,Male,42003515100,1.0,13.0,8.0,1.0,0.0,0.0,0.0,0.0,0.0,0,0.0,1,0,0.5995213098401797,235,treated,547,0.15504010864570467,
389,Non Graduated,0,2016-02-22,2016,2016.0,0,23.360218728639783,<=24,Black,Male,42003509400,0.0,0.0,0.0,0.0,0.0,0.0,0.0,0.0,0.0,1,1627.1822171419237,0,1,0.4122964009158282,236,control,532,0.1874922873425039,0.1874922873425039
532,Graduated,1,2017-02-27,2017,2017.0,0,22.27204374572796,<=24,Black,Male,42003552000,1.0,5.0,5.0,0.0,0.0,0.0,0.0,0.0,0.0,1,24683.82943850125,0,0,0.5997886882583321,236,treated,389,0.1874922873425039,
982,Non Graduated,0,2019-06-03,2019,2019.0,0,29.88106630211893,25-34,Unknown,Male,42003130200,0.0,0.0,0.0,0.0,0.0,0.0,0.0,0.0,0.0,0,0.0,0,0,0.5913800473610822,237,control,768,0.0724250063186368,0.0724250063186368
768,Graduated,1,2018-05-07,2018,2018.0,0,27.31920710868079,25-34,Unknown,Male,0,0.0,0.0,0.0,0.0,0.0,0.0,0.0,0.0,0.0,0,0.0,0,0,0.663805053679719,237,treated,982,0.0724250063186368,
32,Non Graduated,0,2014-06-09,2014,2014.0,0,25.454545454545453,25-34,Unknown,Unknown,0,0.0,0.0,0.0,0.0,0.0,0.0,0.0,0.0,0.0,0,0.0,0,0,0.6005030135039209,238,control,118,0.014766264400323137,0.014766264400323137
118,Graduated,1,2013-07-18,2013,2013.0,0,31.032125768967877,25-34,Unknown,Unknown,0,0.0,0.0,0.0,0.0,0.0,0.0,0.0,0.0,0.0,0,0.0,0,0,0.5857367491035977,238,treated,32,0.014766264400323137,
172,Non Graduated,0,2012-09-14,2012,2012.0,0,32.49213943950786,25-34,Unknown,Unknown,0,0.0,0.0,0.0,0.0,0.0,0.0,0.0,0.0,0.0,0,0.0,0,0,0.5708147752275917,239,control,125,0.014921973876006023,0.014921973876006023
125,Graduated,1,2013-08-12,2013,2013.0,0,32.42652084757348,25-34,Unknown,Unknown,0,0.0,0.0,0.0,0.0,0.0,0.0,0.0,0.0,0.0,0,0.0,0,0,0.5857367491035977,239,treated,172,0.014921973876006023,
285,Non Graduated,0,2015-06-17,2015,2015.0,0,27.13055365686945,25-34,Unknown,Unknown,0,0.0,0.0,0.0,0.0,0.0,0.0,0.0,0.0,0.0,0,0.0,0,0,0.615088817718112,240,control,202,0.01458580421419109,0.01458580421419109
202,Graduated,1,2014-08-21,2014,2014.0,0,28.117566643882437,25-34,Unknown,Unknown,0,0.0,0.0,0.0,0.0,0.0,0.0,0.0,0.0,0.0,0,0.0,0,0,0.6005030135039209,240,treated,285,0.01458580421419109,
290,Non Graduated,0,2015-06-22,2015,2015.0,0,27.37662337662337,25-34,Unknown,Unknown,0,0.0,0.0,0.0,0.0,0.0,0.0,0.0,0.0,0.0,0,0.0,0,0,0.615088817718112,241,control,205,0.01458580421419109,0.01458580421419109
205,Graduated,1,2014-08-28,2014,2014.0,0,27.28092959671907,25-34,Unknown,Unknown,0,0.0,0.0,0.0,0.0,0.0,0.0,0.0,0.0,0.0,0,0.0,0,0,0.6005030135039209,241,treated,290,0.01458580421419109,
291,Non Graduated,0,2015-06-22,2015,2015.0,0,32.467532467532465,25-34,Unknown,Unknown,0,0.0,0.0,0.0,0.0,0.0,0.0,0.0,0.0,0.0,0,0.0,0,1,0.615088817718112,242,control,232,0.0,0.0
232,Graduated,1,2015-02-02,2015,2015.0,0,30.17088174982912,25-34,Unknown,Unknown,0,0.0,0.0,0.0,0.0,0.0,0.0,0.0,0.0,0.0,0,0.0,0,0,0.615088817718112,242,treated,291,0.0,
1106,Non Graduated,0,2019-11-11,2019,2019.0,0,28.23786739576213,25-34,Unknown,Unknown,0,0.0,0.0,0.0,0.0,0.0,0.0,0.0,0.0,0.0,0,0.0,0,0,0.6711794925139211,243,control,339,0.05609067479580909,0.05609067479580909
339,Graduated,1,2015-10-19,2015,2015.0,0,33.14832535885167,25-34,Unknown,Unknown,0,0.0,0.0,0.0,0.0,0.0,0.0,0.0,0.0,0.0,0,0.0,0,0,0.615088817718112,243,treated,1106,0.05609067479580909,
1300,Non Graduated,0,2021-02-15,2021,2021.0,0,29.252221462747777,25-34,Unknown,Unknown,0,0.0,0.0,0.0,0.0,0.0,0.0,0.0,0.0,0.0,0,0.0,0,0,0.6976030785667688,244,control,631,0.05397656343540791,0.05397656343540791
631,Graduated,1,2017-08-28,2017,2017.0,0,31.32194121667806,25-34,Unknown,Unknown,0,0.0,0.0,0.0,0.0,0.0,0.0,0.0,0.0,0.0,0,0.0,0,0,0.6436265151313609,244,treated,1300,0.05397656343540791,
1211,Non Graduated,0,2020-07-06,2020,2020.0,0,22.64114832535885,<=24,Unknown,Unknown,0,0.0,0.0,0.0,0.0,0.0,0.0,0.0,0.0,0.0,0,0.0,0,0,0.47882910735376166,245,control,1366,0.01651023005758001,0.01651023005758001
1366,Graduated,1,2021-05-17,2021,2021.0,0,19.86602870813397,<=24,Unknown,Unknown,0,0.0,0.0,0.0,0.0,0.0,0.0,0.0,0.0,0.0,0,0.0,0,0,0.46231887729618165,245,treated,1211,0.01651023005758001,
1273,Non Graduated,0,2020-11-16,2020,2020.0,0,23.33834586466165,<=24,Unknown,Unknown,0,0.0,0.0,0.0,0.0,0.0,0.0,0.0,0.0,0.0,0,0.0,0,0,0.47882910735376166,246,control,1384,0.01651023005758001,0.01651023005758001
1384,Graduated,1,2021-07-06,2021,2021.0,0,17.984962406015036,<=24,Unknown,Unknown,0,0.0,0.0,0.0,0.0,0.0,0.0,0.0,0.0,0.0,0,0.0,0,0,0.46231887729618165,246,treated,1273,0.01651023005758001,
959,Non Graduated,0,2019-05-13,2019,,0,19.39576213260424,<=24,Unknown,Unknown,0,0.0,0.0,0.0,0.0,0.0,0.0,0.0,0.0,0.0,0,0.0,0,0,0.4953857176545994,247,control,1285,0.016556610300837715,0.016556610300837715
1285,Graduated,1,2020-12-07,2020,2021.0,0,20.45659603554341,<=24,Unknown,Unknown,0,0.0,0.0,0.0,0.0,0.0,0.0,0.0,0.0,0.0,0,0.0,0,0,0.47882910735376166,247,treated,959,0.016556610300837715,
734,Non Graduated,0,2018-03-05,2018,2018.0,0,22.88174982911825,<=24,Unknown,Unknown,0,0.0,0.0,0.0,0.0,0.0,0.0,0.0,0.0,0.0,0,0.0,0,0,0.5119524539928653,248,control,1072,0.016566736338265886,0.016566736338265886
1072,Graduated,1,2019-09-30,2019,2019.0,0,20.730006835269997,<=24,Unknown,Unknown,0,0.0,0.0,0.0,0.0,0.0,0.0,0.0,0.0,0.0,0,0.0,0,0,0.4953857176545994,248,treated,734,0.016566736338265886,
334,Non Graduated,0,2015-10-12,2015,2015.0,0,23.93438140806562,<=24,Unknown,Unknown,42003050100,0.0,0.0,0.0,0.0,0.0,0.0,0.0,0.0,0.0,0,0.0,0,0,0.5613514517470898,249,control,324,0.0,0.0
324,Graduated,1,2015-09-14,2015,2015.0,0,19.794941900205057,<=24,Unknown,Unknown,0,0.0,0.0,0.0,0.0,0.0,0.0,0.0,0.0,0.0,0,0.0,0,0,0.5613514517470898,249,treated,334,0.0,
116,Non Graduated,0,2012-10-25,2012,2012.0,0,22.77238550922761,<=24,Unknown,Unknown,0,0.0,0.0,0.0,0.0,0.0,0.0,0.0,0.0,0.0,0,0.0,0,0,0.609563647308219,250,control,9,0.0,0.0
9,Graduated,1,2012-02-13,2012,2012.0,0,22.46616541353384,<=24,Unknown,Unknown,0,0.0,0.0,0.0,0.0,0.0,0.0,0.0,0.0,0.0,0,0.0,0,0,0.609563647308219,250,treated,116,0.0,
586,Non Graduated,0,2017-06-05,2017,2017.0,0,22.44702665755297,<=24,Unknown,Unknown,0,0.0,0.0,0.0,0.0,0.0,0.0,0.0,0.0,0.0,0,0.0,0,0,0.5284929734262613,251,control,86,0.09672481948784528,0.09672481948784528
86,Graduated,1,2011-01-31,2011,2011.0,0,23.65003417634997,<=24,Unknown,Unknown,0,0.0,0.0,0.0,0.0,0.0,0.0,0.0,0.0,0.0,0,0.0,0,0,0.6252177929141066,251,treated,586,0.09672481948784528,
915,Non Graduated,0,2019-05-20,2019,2019.0,0,21.741626794258373,<=24,White,Female,42003492900,0.0,0.0,0.0,0.0,0.0,0.0,0.0,0.0,0.0,1,28875.4392255532,0,0,0.39391821335771043,252,control,1008,0.0,0.0
1008,Graduated,1,2019-06-17,2019,2019.0,0,21.714285714285715,<=24,White,Female,42003070900,0.0,0.0,0.0,0.0,0.0,0.0,0.0,0.0,0.0,0,0.0,0,0,0.39391821335771043,252,treated,915,0.0,
177,Non Graduated,0,2014-03-19,2014,2014.0,0,19.42036910457963,<=24,White,Female,42125762000,0.0,0.0,0.0,0.0,0.0,0.0,0.0,0.0,0.0,0,0.0,0,1,0.41559934554418926,253,control,490,0.008716759419044928,0.008716759419044928
490,Graduated,1,2016-10-31,2016,2017.0,0,22.84347231715653,<=24,White,Female,42003469000,0.0,0.0,0.0,0.0,0.0,0.0,0.0,0.0,0.0,1,19355.24181943569,0,0,0.40688258612514433,253,treated,177,0.008716759419044928,
531,Non Graduated,0,2017-02-20,2017,2017.0,0,27.23444976076555,25-34,White,Male,42003522000,1.0,2.0,10.0,1.0,0.0,0.0,0.0,0.0,0.0,1,24222.440663431164,0,0,0.41163585759184107,254,control,1361,0.007221200244874604,0.007221200244874604
1361,Graduated,1,2021-05-10,2021,2021.0,0,32.183185235816815,25-34,White,Male,42003191700,0.0,0.0,0.0,0.0,0.0,0.0,26232.933860182533,10291.246522448602,1.0,1,33045.845696468896,0,0,0.4188570578367157,254,treated,531,0.007221200244874604,
1050,Non Graduated,0,2019-09-03,2019,2019.0,0,27.794941900205057,25-34,White,Male,42003499400,0.0,0.0,0.0,0.0,0.0,0.0,0.0,2580.925577077591,0.0,1,10003.57196001627,0,0,0.512087334385132,255,control,903,0.032726454419303885,0.032726454419303885
903,Graduated,1,2019-01-21,2019,2019.0,0,30.66848940533151,25-34,White,Male,42003500300,1.0,5.0,8.0,1.0,0.0,0.0,4768.312083464866,0.0,1.0,1,908.5872613611882,0,0,0.4793608799658281,255,treated,1050,0.032726454419303885,
136,Non Graduated,0,2013-08-26,2013,2013.0,0,33.665071770334926,25-34,White,Male,42007603202,0.0,0.0,0.0,0.0,0.0,0.0,0.0,0.0,0.0,0,0.0,0,0,0.5426371114611,256,control,25,0.0,0.0
25,Graduated,1,2013-05-06,2013,2013.0,0,29.517429938482568,25-34,White,Male,42003552200,0.0,0.0,0.0,0.0,0.0,0.0,0.0,0.0,0.0,0,0.0,0,0,0.5426371114611,256,treated,136,0.0,
170,Non Graduated,0,2013-09-11,2013,2013.0,0,29.161995898838004,25-34,White,Male,42003407002,0.0,0.0,0.0,0.0,0.0,0.0,0.0,0.0,0.0,0,0.0,0,0,0.5426371114611,257,control,26,0.0,0.0
26,Graduated,1,2013-12-23,2013,2014.0,0,25.72248803827751,25-34,White,Male,42003552400,0.0,0.0,0.0,0.0,0.0,0.0,0.0,0.0,0.0,0,0.0,0,0,0.5426371114611,257,treated,170,0.0,
485,Non Graduated,0,2016-10-17,2016,2016.0,0,32.21052631578947,25-34,White,Male,42003260200,0.0,0.0,0.0,0.0,0.0,0.0,0.0,0.0,0.0,1,16106.541910477896,0,0,0.5454741462472931,258,control,401,0.0,0.0
401,Graduated,1,2016-05-02,2016,2016.0,0,29.91660970608339,25-34,White,Male,42073011700,0.0,0.0,0.0,0.0,0.0,0.0,0.0,0.0,0.0,1,27987.41930944124,0,0,0.5454741462472931,258,treated,485,0.0,
1255,Non Graduated,0,2020-09-21,2020,2020.0,0,25.5311004784689,25-34,White,Male,42003564700,0.0,0.0,0.0,0.0,0.0,0.0,0.0,0.0,0.0,0,0.0,0,0,0.5492522400665283,259,control,463,0.0037780938192352176,0.0037780938192352176
463,Graduated,1,2016-08-15,2016,2016.0,0,28.7218045112782,25-34,White,Male,42003020100,0.0,0.0,0.0,0.0,0.0,0.0,0.0,0.0,0.0,1,1917.5429959487487,0,0,0.5454741462472931,259,treated,1255,0.0037780938192352176,
1252,Non Graduated,0,2021-02-22,2021,2021.0,0,28.58236500341763,25-34,White,Male,42003477300,0.0,0.0,0.0,0.0,0.0,0.0,0.0,0.0,0.0,1,26543.657383943304,0,0,0.5501958941010895,260,control,880,0.002832018751091181,0.002832018751091181
880,Graduated,1,2018-11-26,2018,2019.0,0,27.584415584415584,25-34,White,Male,42003521500,0.0,0.0,0.0,0.0,0.0,0.0,0.0,0.0,0.0,0,0.0,0,0,0.5473638753499983,260,treated,1252,0.002832018751091181,
59,Non Graduated,0,2011-02-23,2011,2011.0,0,32.53041695146958,25-34,White,Male,42051260800,0.0,0.0,0.0,0.0,0.0,0.0,0.0,0.0,0.0,0,0.0,0,0,0.5407442058218199,261,control,991,0.007564025772975436,0.007564025772975436
991,Graduated,1,2019-05-28,2019,2019.0,0,28.817498291182503,25-34,White,Male,42003484500,0.0,0.0,0.0,0.0,0.0,0.0,0.0,0.0,0.0,1,46363.67621160435,0,0,0.5483082315947954,261,treated,59,0.007564025772975436,
1413,Non Graduated,0,2021-08-23,2021,2021.0,0,27.639097744360903,25-34,White,Male,42003429202,0.0,0.0,0.0,0.0,0.0,0.0,727.0921161825726,1726.0227452009435,1.0,1,16940.463701746983,0,0,0.5387541660632779,262,control,1409,0.011441728037811627,0.011441728037811627
1409,Graduated,1,2021-08-30,2021,2021.0,0,30.99384825700615,25-34,White,Male,42003402000,0.0,0.0,0.0,0.0,0.0,0.0,0.0,0.0,0.0,1,15676.559443402577,0,0,0.5501958941010895,262,treated,1413,0.011441728037811627,
412,Non Graduated,0,2016-05-02,2016,2016.0,0,28.54408749145591,25-34,White,Male,42003494000,1.0,1.0,5.0,0.0,0.0,0.0,0.0,0.0,0.0,0,0.0,0,0,0.5632447721854087,263,control,738,0.003239900458594236,0.003239900458594236
738,Graduated,1,2018-03-12,2018,2018.0,0,32.01367053998633,25-34,White,Male,42019910302,0.0,0.0,0.0,0.0,0.0,0.0,8889.846387089136,0.0,1.0,1,7840.071401237709,0,0,0.5600048717268145,263,treated,412,0.003239900458594236,
634,Non Graduated,0,2017-09-05,2017,2017.0,0,30.11346548188653,25-34,White,Male,42003509400,1.0,8.0,10.0,1.0,0.0,0.0,0.0,0.0,0.0,1,17579.428232113558,0,0,0.5186008279264517,264,control,828,0.04140404380036278,0.04140404380036278
828,Graduated,1,2018-08-20,2018,2018.0,0,29.123718386876284,25-34,White,Male,42003140100,0.0,0.0,0.0,0.0,0.0,0.0,932.5435529958573,0.0,1.0,1,13476.377894264828,0,0,0.5600048717268145,264,treated,634,0.04140404380036278,
1012,Non Graduated,0,2019-06-17,2019,2019.0,0,25.91660970608339,25-34,White,Male,42003562300,0.0,0.0,0.0,0.0,1.0,2.0,1651.7074272851514,10045.010803010719,1.0,1,18630.24266388788,0,0,0.6254980183735366,265,control,196,0.038695241205567,0.038695241205567
196,Graduated,1,2014-06-10,2014,2014.0,0,30.570061517429934,25-34,White,Male,42049001100,1.0,12.0,7.0,1.0,0.0,0.0,0.0,0.0,0.0,0,0.0,1,0,0.5868027771679696,265,treated,1012,0.038695241205567,
894,Non Graduated,0,2018-12-17,2018,2019.0,0,32.46206425153793,25-34,White,Male,42003202300,1.0,10.0,8.0,1.0,1.0,2.0,1677.2738696935912,388.9362372680696,1.0,1,12384.721905462842,0,1,0.7475387094269038,266,control,516,0.10112902731457007,0.10112902731457007
516,Graduated,1,2017-01-30,2017,2017.0,0,27.05126452494873,25-34,White,Male,42003161000,0.0,0.0,0.0,0.0,1.0,1.0,0.0,0.0,0.0,1,3357.7060665346503,0,0,0.6464096821123337,266,treated,894,0.10112902731457007,
195,Non Graduated,0,2014-01-13,2014,2014.0,0,35.07587149692413,35+,White,Male,42003524000,1.0,4.0,3.0,0.0,0.0,0.0,0.0,0.0,0.0,0,0.0,0,0,0.8561130961494403,267,control,1115,0.185762120194788,0.185762120194788
1115,Graduated,1,2019-12-09,2019,2020.0,0,38.430622009569376,35+,White,Male,42003310200,0.0,0.0,0.0,0.0,1.0,4.0,611.8988835650388,0.0,1.0,1,4012.241892080512,0,0,0.6703509759546523,267,treated,195,0.185762120194788,
248,Non Graduated,0,2015-03-04,2015,2015.0,0,35.01572112098428,35+,White,Male,42003051000,1.0,2.0,5.0,0.0,0.0,0.0,0.0,0.0,0.0,0,0.0,0,0,0.8642473270562933,268,control,142,0.05519758939218178,0.05519758939218178
142,Graduated,1,2013-02-07,2013,2013.0,0,38.7095010252905,35+,White,Male,42003429600,1.0,48.0,11.0,1.0,0.0,0.0,0.0,0.0,0.0,0,0.0,0,0,0.8090497376641115,268,treated,248,0.05519758939218178,
33,Non Graduated,0,2010-08-16,2010,2010.0,0,20.634313055365688,<=24,White,Male,42013100500,0.0,0.0,0.0,0.0,0.0,0.0,0.0,0.0,0.0,0,0.0,0,0,0.5045676100769666,269,control,644,0.06823768429838972,0.06823768429838972
644,Graduated,1,2017-09-18,2017,2017.0,0,21.21941216678059,<=24,White,Male,42003426800,1.0,4.0,5.0,0.0,1.0,3.0,0.0,0.0,0.0,1,52806.04003631411,0,0,0.4363299257785769,269,treated,33,0.06823768429838972,
60,Non Graduated,0,2010-06-18,2010,2010.0,0,23.669172932330827,<=24,White,Male,42003523400,0.0,0.0,0.0,0.0,0.0,0.0,0.0,0.0,0.0,0,0.0,0,0,0.5045676100769666,270,control,61,0.0,0.0
61,Graduated,1,2010-09-09,2010,2010.0,0,23.56801093643199,<=24,White,Male,42003320600,0.0,0.0,0.0,0.0,0.0,0.0,0.0,0.0,0.0,0,0.0,0,0,0.5045676100769666,270,treated,60,0.0,
650,Non Graduated,0,2017-09-18,2017,2022.0,0,22.79152426520848,<=24,White,Male,42091208801,0.0,0.0,0.0,0.0,0.0,0.0,0.0,0.0,0.0,1,7891.2522353432605,0,0,0.5231895874609158,271,control,297,0.005316255608107223,0.005316255608107223
297,Graduated,1,2015-07-08,2015,2015.0,0,23.54066985645933,<=24,White,Male,42003481000,0.0,0.0,0.0,0.0,0.0,0.0,0.0,0.0,0.0,0,0.0,0,0,0.5178733318528086,271,treated,650,0.005316255608107223,
1160,Non Graduated,0,2020-02-26,2020,2020.0,0,19.04306220095694,<=24,White,Male,42003562400,0.0,0.0,0.0,0.0,0.0,0.0,0.0,0.0,0.0,1,5150.684559518317,0,0,0.5311537547567653,272,control,801,0.0053079331578564926,0.0053079331578564926
801,Graduated,1,2018-07-10,2018,2018.0,0,23.59535201640465,<=24,White,Male,42059970501,0.0,0.0,0.0,0.0,0.0,0.0,0.0,0.0,0.0,0,0.0,0,0,0.5258458215989088,272,treated,1160,0.0053079331578564926,
1468,Non Graduated,0,2021-11-15,2021,2021.0,0,20.095693779904305,<=24,White,Male,42003523800,0.0,0.0,0.0,0.0,0.0,0.0,0.0,0.0,0.0,0,0.0,0,0,0.5338051556731777,273,control,1120,0.005304561897789384,0.005304561897789384
1120,Graduated,1,2019-12-16,2019,2020.0,0,21.09090909090909,<=24,White,Male,42003192000,0.0,0.0,0.0,0.0,0.0,0.0,0.0,0.0,0.0,1,14307.829051167711,0,0,0.5285005937753883,273,treated,1468,0.005304561897789384,
50,Non Graduated,0,2012-06-28,2012,2012.0,0,21.539302802460696,<=24,White,Male,42003496101,0.0,0.0,0.0,0.0,0.0,0.0,0.0,0.0,0.0,0,0.0,0,0,0.5098917317633335,274,control,1142,0.02126202299343183,0.02126202299343183
1142,Graduated,1,2020-01-27,2020,2020.0,0,23.60082023239918,<=24,White,Male,42007602400,0.0,0.0,0.0,0.0,0.0,0.0,0.0,0.0,0.0,0,0.0,1,0,0.5311537547567653,274,treated,50,0.02126202299343183,
655,Non Graduated,0,2021-06-03,2021,2021.0,0,22.239234449760765,<=24,White,Male,42003180700,1.0,13.0,7.0,1.0,1.0,3.0,0.0,0.0,0.0,0,0.0,0,0,0.5093113592588258,275,control,1280,0.021842395497939537,0.021842395497939537
1280,Graduated,1,2020-11-16,2020,2021.0,0,19.622693096377304,<=24,White,Male,42003430200,0.0,0.0,0.0,0.0,0.0,0.0,0.0,0.0,0.0,1,9777.274675005034,0,0,0.5311537547567653,275,treated,655,0.021842395497939537,
1826,Non Graduated,0,2023-04-24,2023,2023.0,1,27.882433356117566,25-34,Black,Female,42003130600,1.0,1.0,2.0,0.0,1.0,1.0,767.5330920999435,0.0,1.0,1,22991.598777241856,0,0,0.8398688227092594,276,control,1921,0.1365001692487402,0.1365001692487402
1921,Graduated,1,2023-09-05,2023,2023.0,1,25.870129870129876,25-34,Black,Female,42003462600,1.0,2.0,3.0,0.0,1.0,2.0,272.9491792674052,216.18942475305053,1.0,0,0.0,0,0,0.7033686534605192,276,treated,1826,0.1365001692487402,
1673,Non Graduated,0,2024-02-12,2024,2024.0,1,20.967874231032127,<=24,Black,Female,42003486700,0.0,0.0,0.0,0.0,0.0,0.0,8324.46850562898,5924.733536511666,1.0,1,4605.0457428276295,0,0,0.5384264209980412,277,control,1779,0.007882034842108587,0.007882034842108587
1779,Graduated,1,2023-02-20,2023,2023.0,1,23.92891319207109,<=24,Black,Female,42003130600,0.0,0.0,0.0,0.0,0.0,0.0,0.0,0.0,0.0,0,0.0,0,0,0.5463084558401498,277,treated,1673,0.007882034842108587,
1659,Non Graduated,0,2022-09-06,2022,2022.0,1,23.28913192071087,<=24,Black,Female,42003486900,0.0,0.0,0.0,0.0,0.0,0.0,0.0,247.7591286307054,0.0,1,10561.011735681619,0,0,0.5548138890584966,278,control,1828,0.008505433218346847,0.008505433218346847
1828,Graduated,1,2023-04-24,2023,2023.0,1,22.9336978810663,<=24,Black,Female,42003562300,0.0,0.0,0.0,0.0,0.0,0.0,0.0,0.0,0.0,0,0.0,0,0,0.5463084558401498,278,treated,1659,0.008505433218346847,
1660,Non Graduated,0,2022-09-14,2022,2022.0,1,23.311004784689,<=24,Black,Female,42003513000,1.0,4.0,6.0,1.0,1.0,8.0,0.0,0.0,0.0,0,0.0,0,0,0.5769454206501745,279,control,2063,0.02313302908903503,0.02313302908903503
2063,Graduated,1,2024-03-04,2024,2024.0,1,22.712235133287766,<=24,Black,Female,42003492900,0.0,0.0,0.0,0.0,0.0,0.0,0.0,838.9131617337368,0.0,1,1540.732906010271,0,0,0.5538123915611395,279,treated,1660,0.02313302908903503,
2101,Non Graduated,0,2024-04-15,2024,2024.0,1,20.412850307587156,<=24,Black,Female,42085030900,0.0,0.0,0.0,0.0,0.0,0.0,0.0,3691.3647004123877,0.0,0,0.0,0,0,0.5952966265411835,280,control,1973,0.04020383985549725,0.04020383985549725
1973,Graduated,1,2023-11-06,2023,2024.0,1,20.057416267942585,<=24,Black,Female,42003514000,0.0,0.0,0.0,0.0,0.0,0.0,4720.747628461895,6724.880344132779,1.0,1,2563.5474928712883,0,0,0.5550927866856863,280,treated,2101,0.04020383985549725,
1959,Non Graduated,0,2023-10-16,2023,2023.0,1,20.708133971291865,<=24,Black,Female,42003510000,0.0,0.0,0.0,0.0,0.0,0.0,12900.259004093878,11228.55716558733,1.0,1,5030.144953609868,0,0,0.6199634670816772,281,control,1920,0.050909456033595646,0.050909456033595646
1920,Graduated,1,2023-08-21,2023,2023.0,1,19.43403964456596,<=24,Black,Female,42003520001,0.0,0.0,0.0,0.0,1.0,10.0,15807.695562672376,22820.370152769337,1.0,1,21406.273949782608,0,0,0.5690540110480815,281,treated,1959,0.050909456033595646,
1539,Non Graduated,0,2022-03-14,2022,2022.0,1,22.15994531784005,<=24,Black,Female,42003300100,0.0,0.0,0.0,0.0,0.0,0.0,25942.27912500714,12138.619892964365,1.0,1,21487.78634986648,0,0,0.6371919640954411,282,control,983,0.05956177905843851,0.05956177905843851
983,Graduated,1,2023-02-06,2023,2023.0,1,23.488721804511275,<=24,Black,Female,42003290400,0.0,0.0,0.0,0.0,0.0,0.0,41513.25541855202,8266.561568199848,1.0,1,85734.08938040443,0,1,0.5776301850370026,282,treated,1539,0.05956177905843851,
1741,Non Graduated,0,2023-01-03,2023,2023.0,1,18.526315789473685,<=24,Black,Female,42003514000,0.0,0.0,0.0,0.0,0.0,0.0,14059.017407938256,13184.86879365399,1.0,1,20807.94601901045,0,0,0.6469960575755448,283,control,1503,0.06573515859308743,0.06573515859308743
1503,Graduated,1,2022-01-24,2022,2022.0,1,20.284347231715653,<=24,Black,Female,42003111500,0.0,0.0,0.0,0.0,0.0,0.0,0.0,2058.668070130493,0.0,1,26664.71243449536,0,0,0.5812608989824574,283,treated,1741,0.06573515859308743,
1853,Non Graduated,0,2023-06-05,2023,2023.0,1,20.87218045112782,<=24,Black,Female,42003563202,0.0,0.0,0.0,0.0,0.0,0.0,42743.88779811312,19623.414372497744,1.0,1,30734.45830547745,0,0,0.7289251029368367,284,control,1992,0.11303573210940376,0.11303573210940376
1992,Graduated,1,2023-12-04,2023,2024.0,1,19.45591250854409,<=24,Black,Female,42003484500,1.0,3.0,7.0,1.0,0.0,0.0,12240.97286864095,0.0,1.0,1,15366.333121048272,0,0,0.6158893708274329,284,treated,1853,0.11303573210940376,
1603,Non Graduated,0,2022-06-13,2022,2022.0,1,29.47641831852358,25-34,Black,Male,42003170600,0.0,0.0,0.0,0.0,0.0,0.0,671.7686849574267,2762.598955180727,1.0,1,3153.276963397014,1,0,0.627382374437505,285,control,1642,0.01820311496380067,0.01820311496380067
1642,Graduated,1,2022-09-06,2022,2022.0,1,29.68967874231032,25-34,Black,Male,42003523200,0.0,0.0,0.0,0.0,1.0,7.0,890.3284911872942,789.1816989365412,1.0,1,993.5350125333549,0,0,0.6091792594737043,285,treated,1603,0.01820311496380067,
1490,Non Graduated,0,2022-01-03,2022,2022.0,1,27.715652768284347,25-34,Black,Male,42003130800,0.0,0.0,0.0,0.0,0.0,0.0,8979.66690064644,5406.278104115362,1.0,1,14315.161525206324,0,0,0.6354047554974838,286,control,1675,0.016481169899727033,0.016481169899727033
1675,Graduated,1,2022-09-26,2022,2022.0,1,28.95693779904306,25-34,Black,Male,42003550900,0.0,0.0,0.0,0.0,0.0,0.0,320.432997762486,0.0,1.0,1,5162.645548633724,0,0,0.6189235855977567,286,treated,1490,0.016481169899727033,
1644,Non Graduated,0,2022-08-15,2022,2022.0,1,25.941216678058783,25-34,Black,Male,42003130800,0.0,0.0,0.0,0.0,0.0,0.0,11552.588341084975,7548.290094646713,1.0,1,6655.380053359443,0,0,0.6418503112019408,287,control,1569,0.02188132728086234,0.02188132728086234
1569,Graduated,1,2022-05-02,2022,2022.0,1,27.103212576896787,25-34,Black,Male,42003300100,0.0,0.0,0.0,0.0,0.0,0.0,1046.0049393439724,340.10885052307293,1.0,1,1021.3481442832169,0,1,0.6199689839210785,287,treated,1644,0.02188132728086234,
1978,Non Graduated,0,2023-11-13,2023,2024.0,1,29.88926862611073,25-34,Black,Male,42003492800,0.0,0.0,0.0,0.0,1.0,3.0,1523.4661992468866,0.0,1.0,1,10013.29545382377,0,0,0.647795840702811,288,control,1520,0.02427271650306828,0.02427271650306828
1520,Graduated,1,2022-02-16,2022,2022.0,1,25.063568010936432,25-34,Black,Male,42003140500,0.0,0.0,0.0,0.0,1.0,2.0,2583.948709781243,2625.6188580140906,1.0,1,21084.8204570828,0,0,0.6235231241997428,288,treated,1978,0.02427271650306828,
1808,Non Graduated,0,2023-04-03,2023,2023.0,1,29.2987012987013,25-34,Black,Male,42003483800,0.0,0.0,0.0,0.0,0.0,0.0,3334.4717070915353,0.0,1.0,1,59403.003347077,0,0,0.6528061097287581,289,control,1506,0.01328969543858527,0.01328969543858527
1506,Graduated,1,2022-02-28,2022,2022.0,1,25.894736842105264,25-34,Black,Male,42003564800,1.0,1.0,3.0,0.0,1.0,5.0,466.450535839954,1069.5198858664003,1.0,1,485.67947181282256,0,1,0.6395164142901728,289,treated,1808,0.01328969543858527,
1556,Non Graduated,0,2022-04-18,2022,2022.0,1,33.19753930280246,25-34,Black,Male,42003483800,0.0,0.0,0.0,0.0,0.0,0.0,11700.13329517643,13795.539545116124,1.0,1,30996.39614945596,0,0,0.66035172429076,290,control,1930,0.007545614562001868,0.007545614562001868
1930,Graduated,1,2023-09-11,2023,2023.0,1,33.405331510594664,25-34,Black,Male,42003472300,0.0,0.0,0.0,0.0,0.0,0.0,17664.71245008464,0.0,1.0,1,32015.32251642496,0,0,0.6528061097287581,290,treated,1556,0.007545614562001868,
1816,Non Graduated,0,2023-04-10,2023,2023.0,1,31.327409432672592,25-34,Black,Male,42003562800,0.0,0.0,0.0,0.0,0.0,0.0,9321.180785512202,2890.8992151966972,1.0,1,16587.638521741028,0,0,0.6612996398701867,291,control,1848,0.007483439787268398,0.007483439787268398
1848,Graduated,1,2023-05-22,2023,2023.0,1,28.896787423103213,25-34,Black,Male,42003050900,0.0,0.0,0.0,0.0,1.0,5.0,154.20154499832944,3158.214522232734,1.0,0,0.0,0,0,0.6538162000829183,291,treated,1816,0.007483439787268398,
1924,Non Graduated,0,2023-09-05,2023,2023.0,1,30.058783321941217,25-34,Black,Male,42003522000,0.0,0.0,0.0,0.0,0.0,0.0,10520.84693146296,7106.423178158164,1.0,1,6128.110008835074,0,0,0.673499872095011,292,control,2004,0.018717355443843564,0.018717355443843564
2004,Graduated,1,2023-12-11,2023,2024.0,1,28.92412850307587,25-34,Black,Male,42003050900,0.0,0.0,0.0,0.0,0.0,0.0,1208.7225565841113,669.6647832564992,1.0,1,764.8313979351119,0,1,0.6547825166511675,292,treated,1924,0.018717355443843564,
1859,Non Graduated,0,2023-06-12,2023,2023.0,1,30.51811346548189,25-34,Black,Male,42003523200,0.0,0.0,0.0,0.0,0.0,0.0,15469.5612207077,9208.409356990225,1.0,1,26900.045566442284,0,0,0.6794978911830413,293,control,1757,0.02116838149896305,0.02116838149896305
1757,Graduated,1,2023-01-23,2023,2023.0,1,28.809295967190703,25-34,Black,Male,42003565200,0.0,0.0,0.0,0.0,0.0,0.0,753.3397347780383,1876.064084967354,1.0,1,7666.71176553339,0,0,0.6583295096840782,293,treated,1859,0.02116838149896305,
1926,Non Graduated,0,2023-08-28,2023,2023.0,1,27.040328092959676,25-34,Black,Male,42003290400,0.0,0.0,0.0,0.0,1.0,10.0,18246.326316790623,18345.939237682283,1.0,1,181.4405043873441,0,0,0.6893685594967537,294,control,1831,0.03035921222441096,0.03035921222441096
1831,Graduated,1,2023-05-08,2023,2023.0,1,29.2987012987013,25-34,Black,Male,42003130200,0.0,0.0,0.0,0.0,1.0,1.0,1143.3941279370254,2671.211553850644,1.0,1,6381.841745783452,0,0,0.6590093472723427,294,treated,1926,0.03035921222441096,
1546,Non Graduated,0,2022-03-29,2022,2022.0,1,26.99658236500342,25-34,Black,Male,42003515300,1.0,1.0,1.0,0.0,1.0,3.0,8297.709824592686,18655.80374329538,1.0,1,10234.589294731099,0,0,0.6936547534290113,295,control,1846,0.03416927512757917,0.03416927512757917
1846,Graduated,1,2023-05-22,2023,2023.0,1,32.935064935064936,25-34,Black,Male,42003521301,0.0,0.0,0.0,0.0,0.0,0.0,545.7008202157234,2270.5261787798586,1.0,1,2857.174650049918,0,0,0.6594854783014321,295,treated,1546,0.03416927512757917,
1712,Non Graduated,0,2022-11-14,2022,2023.0,1,26.57552973342447,25-34,Black,Male,42003523400,0.0,0.0,0.0,0.0,0.0,0.0,37754.1171632417,26332.229281462318,1.0,1,60642.742750487596,0,0,0.6960012720924157,296,control,1999,0.03469818576906014,0.03469818576906014
1999,Graduated,1,2023-12-11,2023,2024.0,1,33.71701982228298,25-34,Black,Male,42003050900,0.0,0.0,0.0,0.0,0.0,0.0,34343.750779570706,2892.079305004709,1.0,1,16993.564680251828,0,0,0.6613030863233555,296,treated,1712,0.03469818576906014,
2044,Non Graduated,0,2024-02-19,2024,2024.0,1,27.827751196172247,25-34,Black,Male,42003130700,0.0,0.0,0.0,0.0,0.0,0.0,11895.189431476185,6414.61291054333,1.0,1,1304.1508254606777,0,0,0.7029638931476831,297,control,1852,0.040611575868232386,0.040611575868232386
1852,Graduated,1,2023-05-30,2023,2023.0,1,27.70198222829801,25-34,Black,Male,42003486900,0.0,0.0,0.0,0.0,0.0,0.0,3979.7465270875377,3251.616587172097,1.0,1,11181.928231573565,0,0,0.6623523172794508,297,treated,2044,0.040611575868232386,
1883,Non Graduated,0,2023-07-17,2023,2023.0,1,25.39986329460013,25-34,Black,Male,42003483800,1.0,2.0,3.0,0.0,1.0,9.0,3503.575665076413,7628.49675154852,1.0,1,5983.623229866064,0,0,0.7082470995962725,298,control,1728,0.04501673341789014,0.04501673341789014
1728,Graduated,1,2022-12-12,2022,2023.0,1,29.35611756664388,25-34,Black,Male,42003170600,1.0,2.0,3.0,0.0,1.0,4.0,6789.092277966357,0.0,1.0,1,1059.9805086160636,1,1,0.6632303661783824,298,treated,1883,0.04501673341789014,
1608,Non Graduated,0,2022-06-27,2022,2022.0,1,28.71633629528366,25-34,Black,Male,42003250900,1.0,4.0,5.0,0.0,1.0,1.0,1457.776296334573,1334.482980703222,1.0,0,0.0,0,1,0.7189528714706125,299,control,1878,0.0488424644984603,0.0488424644984603
1878,Graduated,1,2023-07-10,2023,2023.0,1,28.076555023923444,25-34,Black,Male,42003484300,0.0,0.0,0.0,0.0,0.0,0.0,8156.879612177603,5927.421259054922,1.0,1,10677.690261733991,0,0,0.6701104069721522,299,treated,1608,0.0488424644984603,
1684,Non Graduated,0,2022-10-10,2022,2022.0,1,31.825017088174985,25-34,Black,Male,0,0.0,0.0,0.0,0.0,0.0,0.0,0.0,0.0,0.0,0,0.0,0,0,0.7301489912510724,300,control,1688,0.057742932339873154,0.057742932339873154
1688,Graduated,1,2022-10-11,2022,2022.0,1,25.80177717019822,25-34,Black,Male,42003520002,0.0,0.0,0.0,0.0,0.0,0.0,21523.325283698654,17954.257580961512,1.0,1,6125.763139641608,0,0,0.6724060589111992,300,treated,1684,0.057742932339873154,
1457,Non Graduated,0,2024-02-12,2024,2024.0,1,26.31032125768968,25-34,Black,Male,42007602100,1.0,1.0,2.0,0.0,1.0,2.0,2491.6691543022325,9798.056871842255,1.0,1,1042.7901456194793,0,0,0.7314396885997264,301,control,1742,0.0547300551498493,0.0547300551498493
1742,Graduated,1,2023-01-03,2023,2023.0,1,26.105263157894736,25-34,Black,Male,42003564700,0.0,0.0,0.0,0.0,0.0,0.0,10079.323843954846,8228.742436888668,1.0,1,14329.033922571178,0,0,0.6767096334498771,301,treated,1457,0.0547300551498493,
2139,Non Graduated,0,2024-05-28,2024,2024.0,1,31.77306903622693,25-34,Black,Male,42003191600,0.0,0.0,0.0,0.0,0.0,0.0,8610.805107886792,19251.46517722538,1.0,1,3973.385773930312,0,0,0.7366893160400841,302,control,2012,0.05306728187574761,0.05306728187574761
2012,Graduated,1,2024-01-03,2024,2024.0,1,31.529733424470265,25-34,Black,Male,42003464300,0.0,0.0,0.0,0.0,1.0,1.0,7988.49232930763,0.0,1.0,1,3242.273554281934,0,0,0.6836220341643365,302,treated,2139,0.05306728187574761,
2074,Non Graduated,0,2024-05-20,2024,2024.0,1,32.790157211209845,25-34,Black,Male,42003501000,0.0,0.0,0.0,0.0,0.0,0.0,0.0,0.0,0.0,0,0.0,0,0,0.7838437845475409,303,control,1761,0.09990789599882399,0.09990789599882399
1761,Graduated,1,2023-01-30,2023,2023.0,1,33.21120984278879,25-34,Black,Male,42003484500,1.0,1.0,3.0,0.0,0.0,0.0,8394.460040499349,2259.6440536550926,1.0,1,69910.20600211046,0,0,0.6839358885487169,303,treated,2074,0.09990789599882399,
1942,Non Graduated,0,2023-09-25,2023,2023.0,1,29.8838004101162,25-34,Black,Male,42003424000,1.0,5.0,9.0,1.0,1.0,2.0,0.0,0.0,0.0,0,0.0,0,1,0.9022877259134465,304,control,1722,0.19527458779099682,0.19527458779099682
1722,Graduated,1,2022-12-12,2022,2023.0,1,28.7053998632946,25-34,Black,Male,42003483800,0.0,0.0,0.0,0.0,0.0,0.0,17365.707280745522,30365.781615337466,1.0,1,24906.775253520507,0,0,0.7070131381224497,304,treated,1942,0.19527458779099682,
1875,Non Graduated,0,2023-07-05,2023,2023.0,1,37.40533151059466,35+,Black,Male,42003464400,1.0,23.0,7.0,1.0,1.0,3.0,22355.34922295066,0.0,1.0,1,963.16279997628,0,1,0.5722853774170673,305,control,1910,0.01335064308513989,0.01335064308513989
1910,Graduated,1,2023-08-14,2023,2023.0,1,45.03622693096378,35+,Black,Male,42003030500,1.0,19.0,9.0,1.0,1.0,2.0,2431.5024256334686,0.0,1.0,1,5363.02835049895,0,0,0.5856360205022072,305,treated,1875,0.01335064308513989,
1977,Non Graduated,0,2023-11-13,2023,2023.0,1,47.88516746411483,35+,Black,Male,42003562600,0.0,0.0,0.0,0.0,0.0,0.0,6670.73611580083,0.0,1.0,1,21785.92713732407,0,0,0.6948981800556515,306,control,1711,0.003142873214293296,0.003142873214293296
1711,Graduated,1,2022-11-14,2022,2023.0,1,43.86876281613124,35+,Black,Male,42003564700,0.0,0.0,0.0,0.0,0.0,0.0,2550.437131074634,0.0,1.0,1,11405.933387048939,0,0,0.6917553068413582,306,treated,1977,0.003142873214293296,
1894,Non Graduated,0,2023-07-24,2023,2023.0,1,54.143540669856456,35+,Black,Male,42003464400,0.0,0.0,0.0,0.0,0.0,0.0,6784.911035662593,2984.0751145559234,1.0,1,5969.478997304954,0,0,0.7039116253198007,307,control,1519,0.006397160173428396,0.006397160173428396
1519,Graduated,1,2022-02-07,2022,2022.0,1,35.464114832535884,35+,Black,Male,42003552000,1.0,5.0,8.0,1.0,1.0,2.0,454.4627154754987,0.0,1.0,1,1087.0662108392871,0,0,0.6975144651463723,307,treated,1894,0.006397160173428396,
1611,Non Graduated,0,2022-06-27,2022,2022.0,1,39.05673274094327,35+,Black,Male,42003523400,0.0,0.0,0.0,0.0,0.0,0.0,22644.53498606903,8060.312936490825,1.0,1,38190.74119304057,0,0,0.715886658829079,308,control,1528,0.014430994355123739,0.014430994355123739
1528,Graduated,1,2022-02-21,2022,2022.0,1,39.31920710868079,35+,Black,Male,42003523702,1.0,2.0,7.0,1.0,1.0,1.0,182.48247143133835,0.0,1.0,0,0.0,0,1,0.7014556644739552,308,treated,1611,0.014430994355123739,
1705,Non Graduated,0,2022-11-28,2022,2022.0,1,35.819548872180455,35+,Black,Male,42003170600,1.0,1.0,4.0,0.0,1.0,1.0,7857.5057637887785,7535.0904655349495,1.0,1,43534.906762341045,0,0,0.72509919425915,309,control,1581,0.02228799658509928,0.02228799658509928
1581,Graduated,1,2022-05-16,2022,2022.0,1,42.03417634996583,35+,Black,Male,42003120900,0.0,0.0,0.0,0.0,0.0,0.0,22385.203341801644,3645.771131506321,1.0,1,50026.72322816844,0,0,0.7028111976740508,309,treated,1705,0.02228799658509928,
1812,Non Graduated,0,2023-04-10,2023,2023.0,1,43.04579630895421,35+,Black,Male,42003496200,0.0,0.0,0.0,0.0,1.0,3.0,4897.815404088128,2937.8382703732036,1.0,1,9341.388664105933,0,0,0.7564448571836727,310,control,2094,0.053504857633525305,0.053504857633525305
2094,Graduated,1,2024-04-15,2024,2024.0,1,48.833902939166094,35+,Black,Male,42003111500,0.0,0.0,0.0,0.0,0.0,0.0,20457.16614643185,1631.1442953020135,1.0,1,8659.944201795073,0,0,0.7029399995501474,310,treated,1812,0.053504857633525305,
1943,Non Graduated,0,2023-09-25,2023,2023.0,1,41.48188653451812,35+,Black,Male,42003262000,1.0,1.0,6.0,1.0,1.0,2.0,26936.436844246968,27192.69199213213,1.0,1,25164.5739582872,0,0,0.7998032936887012,311,control,1560,0.0966639102085678,0.0966639102085678
1560,Graduated,1,2022-04-25,2022,2022.0,1,36.40464798359535,35+,Black,Male,42003270800,0.0,0.0,0.0,0.0,0.0,0.0,1097.219446058493,3755.1647807835157,1.0,1,6292.46161568278,0,1,0.7031393834801334,311,treated,1943,0.0966639102085678,
1691,Non Graduated,0,2024-03-04,2024,2024.0,1,20.06561859193438,<=24,Black,Male,42003130700,0.0,0.0,0.0,0.0,0.0,0.0,2233.1077803840494,701.2764416957878,1.0,1,1410.0040533790966,0,0,0.5008914466239345,312,control,2033,0.006018696277716007,0.006018696277716007
2033,Graduated,1,2024-01-29,2024,2024.0,1,21.561175666438825,<=24,Black,Male,42003561500,0.0,0.0,0.0,0.0,0.0,0.0,1215.3078141275782,0.0,1.0,1,10334.13458885319,0,0,0.49487275034621847,312,treated,1691,0.006018696277716007,
2102,Non Graduated,0,2024-04-15,2024,2024.0,1,19.064935064935064,<=24,Black,Male,42003513000,0.0,0.0,0.0,0.0,0.0,0.0,2084.4512604663028,1256.6580213471336,1.0,1,2070.543621973372,0,0,0.5056579045941652,313,control,2137,0.006042545300410818,0.006042545300410818
2137,Graduated,1,2024-05-28,2024,2024.0,1,20.80656185919344,<=24,Black,Male,42003561900,0.0,0.0,0.0,0.0,0.0,0.0,4135.016698267646,552.5957650571725,1.0,1,5468.530220598528,0,0,0.49961535929375434,313,treated,2102,0.006042545300410818,
1798,Non Graduated,0,2023-03-27,2023,2023.0,1,20.639781271360217,<=24,Black,Male,42003564700,0.0,0.0,0.0,0.0,0.0,0.0,1365.8828110530471,0.0,1.0,1,11139.764266094275,0,0,0.5071509342658624,314,control,1923,0.0,0.0
1923,Graduated,1,2023-08-28,2023,2023.0,1,23.10047846889952,<=24,Black,Male,42003300100,0.0,0.0,0.0,0.0,0.0,0.0,2140.2220522028,0.0,1.0,1,7801.458184068271,0,1,0.5071509342658624,314,treated,1798,0.0,
1502,Non Graduated,0,2022-01-24,2022,2022.0,1,20.69172932330827,<=24,Black,Male,42003050600,0.0,0.0,0.0,0.0,0.0,0.0,4452.627179090446,0.0,1.0,1,35776.64200916939,0,0,0.5194204982329059,315,control,1865,0.012269563967043484,0.012269563967043484
1865,Graduated,1,2023-06-27,2023,2023.0,1,18.48257006151743,<=24,Black,Male,42003563900,0.0,0.0,0.0,0.0,0.0,0.0,832.6072235541194,0.0,1.0,1,7948.699734127625,0,0,0.5071509342658624,315,treated,1502,0.012269563967043484,
1542,Non Graduated,0,2022-03-28,2022,2022.0,1,22.285714285714285,<=24,Black,Male,42003515200,0.0,0.0,0.0,0.0,0.0,0.0,4831.871023630548,0.0,1.0,1,7576.96297592874,0,0,0.5194204982329059,316,control,1847,0.012269563967043484,0.012269563967043484
1847,Graduated,1,2023-05-22,2023,2023.0,1,19.316473000683526,<=24,Black,Male,42003483800,0.0,0.0,0.0,0.0,0.0,0.0,751.3740614792894,0.0,1.0,1,1141.1375624577245,0,0,0.5071509342658624,316,treated,1542,0.012269563967043484,
1573,Non Graduated,0,2022-05-10,2022,2022.0,1,17.95762132604238,<=24,Black,Male,42003424000,0.0,0.0,0.0,0.0,0.0,0.0,6773.914622049539,0.0,1.0,1,17172.32169417838,1,1,0.5194204982329059,317,control,1822,0.012269563967043484,0.012269563967043484
1822,Graduated,1,2023-04-17,2023,2023.0,1,19.46684894053315,<=24,Black,Male,42003565200,0.0,0.0,0.0,0.0,0.0,0.0,5775.713401431771,0.0,1.0,1,10673.769327841654,0,0,0.5071509342658624,317,treated,1573,0.012269563967043484,
1610,Non Graduated,0,2022-06-27,2022,2022.0,1,17.859193438140807,<=24,Black,Male,42003512000,0.0,0.0,0.0,0.0,0.0,0.0,3915.680811101708,0.0,1.0,1,10541.509649834468,0,0,0.5194204982329059,318,control,1532,0.0,0.0
1532,Graduated,1,2022-03-14,2022,2022.0,1,18.73410799726589,<=24,Black,Male,42003564700,0.0,0.0,0.0,0.0,0.0,0.0,6687.924462521789,0.0,1.0,1,46429.417771510845,0,0,0.5194204982329059,318,treated,1610,0.0,
1703,Non Graduated,0,2022-10-31,2022,2022.0,1,20.259740259740266,<=24,Black,Male,42003452000,0.0,0.0,0.0,0.0,0.0,0.0,10953.991720239319,0.0,1.0,1,37015.817199849786,0,0,0.5194204982329059,319,control,1533,0.0,0.0
1533,Graduated,1,2022-03-07,2022,2022.0,1,20.407382091592616,<=24,Black,Male,42003484300,0.0,0.0,0.0,0.0,0.0,0.0,10423.59326767236,0.0,1.0,1,10733.471444280018,0,0,0.5194204982329059,319,treated,1703,0.0,
1616,Non Graduated,0,2022-06-27,2022,2022.0,1,19.48051948051948,<=24,Black,Male,42003140500,0.0,0.0,0.0,0.0,0.0,0.0,28126.079553198695,0.0,1.0,1,1349.7468330577117,0,0,0.5194204982329059,320,control,1667,0.0,0.0
1667,Graduated,1,2022-09-12,2022,2022.0,1,19.032125768967877,<=24,Black,Male,42003191600,0.0,0.0,0.0,0.0,0.0,0.0,20876.829826067962,0.0,1.0,1,21308.94884341656,0,0,0.5194204982329059,320,treated,1616,0.0,
1671,Non Graduated,0,2022-09-19,2022,2022.0,1,21.7717019822283,<=24,Black,Male,42003290400,0.0,0.0,0.0,0.0,0.0,0.0,5346.017160296322,180.09891201931566,1.0,1,16734.864586781838,0,0,0.5209637191253619,321,control,1662,0.0015432208924559543,0.0015432208924559543
1662,Graduated,1,2022-09-12,2022,2022.0,1,18.20915926179084,<=24,Black,Male,42003563000,0.0,0.0,0.0,0.0,0.0,0.0,13247.548328461398,0.0,1.0,1,837.8834774880957,0,0,0.5194204982329059,321,treated,1671,0.0015432208924559543,
1829,Non Graduated,0,2023-04-24,2023,2023.0,1,18.64114832535885,<=24,Black,Male,42003120300,0.0,0.0,0.0,0.0,0.0,0.0,2476.5836829534624,2068.1151088484057,1.0,1,272.95778885578596,0,0,0.5248809590124721,322,control,1515,0.0003691852281878516,0.0003691852281878516
1515,Graduated,1,2022-02-02,2022,2022.0,1,23.477785372522217,<=24,Black,Male,42003523702,0.0,0.0,0.0,0.0,0.0,0.0,523.0389308541545,680.5944821974339,1.0,1,1713.989396337179,0,1,0.52525014424066,322,treated,1829,0.0003691852281878516,
1498,Non Graduated,0,2022-01-10,2022,2022.0,1,20.196855775803144,<=24,Black,Male,42003512000,0.0,0.0,0.0,0.0,0.0,0.0,12652.24255036636,1553.008534955349,1.0,1,28359.325069710703,0,0,0.5327125545607535,323,control,1785,0.004627893313318365,0.004627893313318365
1785,Graduated,1,2023-03-06,2023,2023.0,1,22.62747778537252,<=24,Black,Male,42003130700,0.0,0.0,0.0,0.0,0.0,0.0,2995.3760621565757,2442.4389588634203,1.0,1,2684.9782526949048,0,0,0.5280846612474351,323,treated,1498,0.004627893313318365,
1991,Non Graduated,0,2023-12-04,2023,2024.0,1,21.14012303485988,<=24,Black,Male,42003514000,0.0,0.0,0.0,0.0,0.0,0.0,4914.707378704219,3175.572520797637,1.0,1,6736.466423410959,0,0,0.5343523462861524,324,control,1708,0.004213530731642434,0.004213530731642434
1708,Graduated,1,2022-11-08,2022,2023.0,1,21.04716336295284,<=24,Black,Male,42003552400,0.0,0.0,0.0,0.0,0.0,0.0,1577.5356509101339,1251.9449310270088,1.0,1,3033.36490263495,0,0,0.5301388155545099,324,treated,1991,0.004213530731642434,
1537,Non Graduated,0,2022-03-14,2022,2022.0,1,20.647983595352017,<=24,Black,Male,42003513000,0.0,0.0,0.0,0.0,0.0,0.0,8446.239811714722,4018.420814148873,1.0,1,16820.756950755174,0,0,0.5537113096979944,325,control,1903,0.002313147945138372,0.002313147945138372
1903,Graduated,1,2023-07-31,2023,2023.0,1,23.406698564593302,<=24,Black,Male,42003561900,0.0,0.0,0.0,0.0,0.0,0.0,17220.51387125245,5721.861584618863,1.0,1,30090.813163592582,0,0,0.5560244576431328,325,treated,1537,0.002313147945138372,
1979,Non Graduated,0,2023-11-20,2023,2023.0,1,22.321257689678745,<=24,Black,Male,42003492800,1.0,1.0,3.0,0.0,0.0,0.0,3108.722575077666,5514.025748243502,1.0,1,13245.845322073461,0,0,0.562477015983764,326,control,1998,0.005747236367628861,0.005747236367628861
1998,Graduated,1,2023-12-11,2023,2024.0,1,20.062884483937115,<=24,Black,Male,42003523600,0.0,0.0,0.0,0.0,0.0,0.0,22727.728197732744,5805.098903826261,1.0,1,9272.57184837763,0,0,0.5567297796161351,326,treated,1979,0.005747236367628861,
2103,Non Graduated,0,2024-04-15,2024,2024.0,1,19.34928229665072,<=24,Black,Male,42003561400,0.0,0.0,0.0,0.0,0.0,0.0,0.0,0.0,0.0,0,0.0,0,0,0.5721137616646087,327,control,1794,0.005893163504965604,0.005893163504965604
1794,Graduated,1,2023-03-21,2023,2023.0,1,21.859193438140807,<=24,Black,Male,42003508000,0.0,0.0,0.0,0.0,0.0,0.0,6382.254605814773,6927.910209730947,1.0,1,7585.69450296821,0,0,0.5662205981596431,327,treated,2103,0.005893163504965604,
1763,Non Graduated,0,2023-02-06,2023,2023.0,1,18.99931647300068,<=24,Black,Male,42003552000,0.0,0.0,0.0,0.0,0.0,0.0,0.0,0.0,0.0,1,11267.705548100344,0,1,0.5840923585687686,328,control,1880,0.0,0.0
1880,Graduated,1,2023-07-10,2023,2023.0,1,19.51332877648667,<=24,Black,Male,42003130600,0.0,0.0,0.0,0.0,0.0,0.0,0.0,0.0,0.0,1,353.785380759131,0,0,0.5840923585687686,328,treated,1763,0.0,
1948,Non Graduated,0,2023-10-02,2023,2023.0,1,20.027341079972658,<=24,Black,Male,42003509400,0.0,0.0,0.0,0.0,0.0,0.0,0.0,0.0,0.0,0,0.0,0,0,0.5840923585687686,329,control,1927,0.0,0.0
1927,Graduated,1,2023-08-28,2023,2023.0,1,19.5352016404648,<=24,Black,Male,42003120300,0.0,0.0,0.0,0.0,0.0,0.0,0.0,0.0,0.0,0,0.0,0,0,0.5840923585687686,329,treated,1948,0.0,
1960,Non Graduated,0,2023-10-16,2023,2024.0,1,20.24606971975393,<=24,Black,Male,42003050600,0.0,0.0,0.0,0.0,0.0,0.0,0.0,0.0,0.0,1,21687.821775703178,0,0,0.5840923585687686,330,control,1799,0.0,0.0
1799,Graduated,1,2023-03-28,2023,2023.0,1,23.874231032125767,<=24,Black,Male,42003161000,0.0,0.0,0.0,0.0,0.0,0.0,0.0,0.0,0.0,1,2158.172089318899,0,0,0.5840923585687686,330,treated,1960,0.0,
1060,Non Graduated,0,2023-02-28,2023,2023.0,1,22.857142857142858,<=24,Black,Male,42003120900,0.0,0.0,0.0,0.0,0.0,0.0,0.0,0.0,0.0,0,0.0,0,0,0.5840923585687686,331,control,1762,0.0,0.0
1762,Graduated,1,2023-01-30,2023,2023.0,1,22.950102529049897,<=24,Black,Male,42003130700,0.0,0.0,0.0,0.0,0.0,0.0,0.0,0.0,0.0,0,0.0,0,0,0.5840923585687686,331,treated,1060,0.0,
1612,Non Graduated,0,2022-06-22,2022,2022.0,1,18.43062200956938,<=24,Black,Male,42003552000,0.0,0.0,0.0,0.0,1.0,1.0,332.8745779018809,0.0,1.0,1,4385.87782978761,0,1,0.5837664001645964,332,control,1780,0.0003259584041722663,0.0003259584041722663
1780,Graduated,1,2023-02-27,2023,2023.0,1,22.7012987012987,<=24,Black,Male,42003561400,0.0,0.0,0.0,0.0,0.0,0.0,0.0,0.0,0.0,0,0.0,0,0,0.5840923585687686,332,treated,1612,0.0003259584041722663,
1098,Non Graduated,0,2023-08-07,2023,2023.0,1,23.660970608339028,<=24,Black,Male,42003563900,0.0,0.0,0.0,0.0,0.0,0.0,30028.990529614133,9127.443681046825,1.0,1,10131.928944823987,0,0,0.5846664977755874,333,control,1869,0.0005741392068188134,0.0005741392068188134
1869,Graduated,1,2023-09-05,2023,2023.0,1,18.146274777853726,<=24,Black,Male,42003130800,0.0,0.0,0.0,0.0,0.0,0.0,0.0,0.0,0.0,0,0.0,0,0,0.5840923585687686,333,treated,1098,0.0005741392068188134,
1946,Non Graduated,0,2023-11-27,2023,2023.0,1,18.42241968557758,<=24,Black,Male,42003270100,0.0,0.0,0.0,0.0,0.0,0.0,4188.51948165587,10288.156938891208,1.0,1,27023.884177321965,0,0,0.5943091451935387,334,control,2049,0.0002547927262442906,0.0002547927262442906
2049,Graduated,1,2024-02-19,2024,2024.0,1,19.537935748462065,<=24,Black,Male,42003523100,1.0,3.0,7.0,1.0,0.0,0.0,0.0,0.0,0.0,1,5938.457961404399,0,0,0.594563937919783,334,treated,1946,0.0002547927262442906,
1410,Non Graduated,0,2022-09-06,2022,2022.0,1,19.08133971291866,<=24,Black,Male,42003561500,0.0,0.0,0.0,0.0,0.0,0.0,0.0,0.0,0.0,1,3205.797996262871,0,0,0.5959724334695845,335,control,1531,0.0,0.0
1531,Graduated,1,2022-02-28,2022,2022.0,1,19.622693096377304,<=24,Black,Male,42003120900,0.0,0.0,0.0,0.0,0.0,0.0,0.0,0.0,0.0,1,577.7759351639949,0,0,0.5959724334695845,335,treated,1410,0.0,
2114,Non Graduated,0,2024-05-01,2024,2024.0,1,19.376623376623375,<=24,Black,Male,42003513000,0.0,0.0,0.0,0.0,0.0,0.0,0.0,850.5411644996411,0.0,0,0.0,0,0,0.5792463626074714,336,control,1626,0.016726070862113085,0.016726070862113085
1626,Graduated,1,2022-07-25,2022,2022.0,1,20.26247436773753,<=24,Black,Male,42003521301,0.0,0.0,0.0,0.0,0.0,0.0,0.0,0.0,0.0,1,15805.805116302912,0,0,0.5959724334695845,336,treated,2114,0.016726070862113085,
1879,Non Graduated,0,2023-07-05,2023,2023.0,1,18.704032809295967,<=24,Black,Male,42003563900,1.0,4.0,10.0,1.0,0.0,0.0,0.0,0.0,0.0,1,31846.213616382323,0,0,0.6142692862884427,337,control,1621,0.012110307474038962,0.012110307474038962
1621,Graduated,1,2022-07-11,2022,2022.0,1,22.422419685577584,<=24,Black,Male,42129802200,1.0,1.0,7.0,1.0,0.0,0.0,0.0,0.0,0.0,0,0.0,0,0,0.6021589788144037,337,treated,1879,0.012110307474038962,
1591,Non Graduated,0,2022-06-01,2022,2022.0,1,18.378673957621327,<=24,Black,Male,42003501000,1.0,2.0,9.0,1.0,0.0,0.0,0.0,939.5812848982735,0.0,1,3673.107539885056,1,0,0.6177571303199463,338,control,1543,0.0053872207004814765,0.0053872207004814765
1543,Graduated,1,2022-04-04,2022,2022.0,1,21.295967190704037,<=24,Black,Male,42003561400,0.0,0.0,0.0,0.0,1.0,1.0,4163.743720923384,3467.152814325139,1.0,1,9739.317648430178,1,1,0.6123699096194648,338,treated,1591,0.0053872207004814765,
1618,Non Graduated,0,2022-07-11,2022,2022.0,1,22.679425837320576,<=24,Black,Male,42003564700,1.0,4.0,10.0,1.0,1.0,2.0,1022.5421600953052,0.0,1.0,1,1976.712353353614,0,0,0.6735939777970752,339,control,1637,0.03398517473529661,0.03398517473529661
1637,Graduated,1,2022-08-02,2022,2022.0,1,20.298017771701986,<=24,Black,Male,42003050600,0.0,0.0,0.0,0.0,0.0,0.0,10340.48276741914,14446.00607284352,1.0,1,28862.393842104688,0,0,0.6396088030617786,339,treated,1618,0.03398517473529661,
1726,Non Graduated,0,2023-01-09,2023,2023.0,1,20.9542036910458,<=24,Black,Male,42003552200,1.0,9.0,6.0,1.0,0.0,0.0,655.1023089856029,15591.419700775916,1.0,1,2001.2081262672443,0,0,0.701853477421241,340,control,2066,0.05900615161232314,0.05900615161232314
2066,Graduated,1,2024-03-11,2024,2024.0,1,23.275461380724536,<=24,Black,Male,42003130700,0.0,0.0,0.0,0.0,0.0,0.0,24337.61750899873,17717.33915226488,1.0,1,16262.43547061871,0,0,0.6428473258089179,340,treated,1726,0.05900615161232314,
1990,Non Graduated,0,2023-12-04,2023,2024.0,1,22.107997265892003,<=24,Black,Male,42003561400,1.0,13.0,10.0,1.0,1.0,2.0,18915.888767923618,4448.9763412339325,1.0,1,18538.141672609105,0,0,0.7554564428903151,341,control,1753,0.11257349013857454,0.11257349013857454
1753,Graduated,1,2023-01-17,2023,2023.0,1,20.36637047163363,<=24,Black,Male,42003523502,1.0,1.0,3.0,0.0,1.0,2.0,22221.001910237035,143.12496319415814,1.0,1,3082.19917101352,0,0,0.6428829527517406,341,treated,1990,0.11257349013857454,
1497,Non Graduated,0,2022-09-06,2022,2022.0,1,19.417634996582365,<=24,Black,Male,42003462600,0.0,0.0,0.0,0.0,0.0,0.0,18816.736932416687,34280.13231808557,1.0,1,64332.85295160232,0,0,0.7780936847501684,342,control,1932,0.12575831190969222,0.12575831190969222
1932,Graduated,1,2023-12-04,2023,2024.0,1,23.529733424470265,<=24,Black,Male,42003130800,0.0,0.0,0.0,0.0,0.0,0.0,6817.0030100798795,17497.7472187168,1.0,0,0.0,0,1,0.6523353728404762,342,treated,1497,0.12575831190969222,
1085,Non Graduated,0,2024-02-12,2024,2024.0,1,23.56527682843472,<=24,Black,Male,42003564800,0.0,0.0,0.0,0.0,1.0,6.0,11967.654981149235,18609.907879550352,1.0,1,15283.050323506719,0,0,0.8985836685706046,343,control,1806,0.19993378563041708,0.19993378563041708
1806,Graduated,1,2023-04-03,2023,2023.0,1,20.40464798359535,<=24,Black,Male,42003523600,0.0,0.0,0.0,0.0,0.0,0.0,23676.16036316076,23660.008176159725,1.0,1,65528.11356612078,0,1,0.6986498829401875,343,treated,1085,0.19993378563041708,
2086,Non Graduated,0,2024-04-08,2024,2024.0,1,32.69993164730007,25-34,Unknown,Unknown,0,0.0,0.0,0.0,0.0,0.0,0.0,0.0,0.0,0.0,0,0.0,0,0,0.7523080650884455,344,control,2076,0.0,0.0
2076,Graduated,1,2024-03-18,2024,2024.0,1,27.48051948051948,25-34,Unknown,Unknown,42003261500,0.0,0.0,0.0,0.0,0.0,0.0,0.0,0.0,0.0,0,0.0,0,0,0.7523080650884455,344,treated,2086,0.0,
1511,Non Graduated,0,2022-01-31,2022,2022.0,1,21.071770334928228,<=24,Unknown,Unknown,0,0.0,0.0,0.0,0.0,0.0,0.0,0.0,0.0,0.0,0,0.0,0,0,0.5353736117758122,345,control,1593,0.0,0.0
1593,Graduated,1,2022-06-01,2022,2022.0,1,19.16883116883117,<=24,Unknown,Unknown,0,0.0,0.0,0.0,0.0,0.0,0.0,0.0,0.0,0.0,0,0.0,0,0,0.5353736117758122,345,treated,1511,0.0,
1526,Non Graduated,0,2022-02-14,2022,2022.0,1,20.043745727956253,<=24,Unknown,Unknown,0,0.0,0.0,0.0,0.0,0.0,0.0,0.0,0.0,0.0,0,0.0,0,0,0.5353736117758122,346,control,1645,0.0,0.0
1645,Graduated,1,2022-09-12,2022,2022.0,1,18.020505809979493,<=24,Unknown,Unknown,0,0.0,0.0,0.0,0.0,0.0,0.0,0.0,0.0,0.0,0,0.0,0,0,0.5353736117758122,346,treated,1526,0.0,
2090,Non Graduated,0,2024-04-01,2024,2024.0,1,22.252904989747098,<=24,Unknown,Unknown,0,0.0,0.0,0.0,0.0,0.0,0.0,0.0,0.0,0.0,0,0.0,0,0,0.6075709751001834,347,control,1769,0.03571628668518101,0.03571628668518101
1769,Graduated,1,2023-05-22,2023,2023.0,1,19.37388926862611,<=24,Unknown,Unknown,0,0.0,0.0,0.0,0.0,0.0,0.0,0.0,0.0,0.0,0,0.0,0,0,0.5718546884150024,347,treated,2090,0.03571628668518101,
1646,Non Graduated,0,2022-08-15,2022,2022.0,1,18.061517429938483,<=24,Unknown,Unknown,0,0.0,0.0,0.0,0.0,0.0,0.0,0.0,0.0,0.0,0,0.0,0,0,0.5353736117758122,348,control,1906,0.0364810766391902,0.0364810766391902
1906,Graduated,1,2023-12-11,2023,2024.0,1,19.103212576896787,<=24,Unknown,Unknown,0,0.0,0.0,0.0,0.0,0.0,0.0,0.0,0.0,0.0,0,0.0,0,0,0.5718546884150024,348,treated,1646,0.0364810766391902,
503,Non Graduated,0,2024-02-05,2024,2024.0,1,28.330827067669173,25-34,White,Male,42003151600,0.0,0.0,0.0,0.0,0.0,0.0,35219.93305796213,0.0,1.0,1,8257.70585786919,0,0,0.36203520230092756,349,control,2019,0.07773895717608692,0.07773895717608692
2019,Graduated,1,2024-01-08,2024,2024.0,1,28.883116883116884,25-34,White,Male,42003563900,0.0,0.0,0.0,0.0,0.0,0.0,0.0,0.0,0.0,0,0.0,0,0,0.4397741594770145,349,treated,503,0.07773895717608692,
1629,Non Graduated,0,2022-07-18,2022,2022.0,1,18.17634996582365,<=24,White,Male,42017106402,1.0,2.0,5.0,0.0,1.0,3.0,1341.627830737363,8342.45414286631,1.0,1,21741.36199934822,0,0,0.4638938724325096,350,control,1696,0.001809170378095637,0.001809170378095637
1696,Graduated,1,2022-10-31,2022,2023.0,1,20.68079289131921,<=24,White,Male,42003426300,1.0,5.0,6.0,1.0,1.0,3.0,8248.013155676574,8715.516986593902,1.0,1,28373.811168193686,0,0,0.462084702054414,350,treated,1629,0.001809170378095637,
1877,Non Graduated,0,2023-07-05,2023,2023.0,1,18.657552973342447,<=24,White,Male,42003518001,0.0,0.0,0.0,0.0,0.0,0.0,32365.28596925564,26458.217490024977,1.0,1,47315.658707054296,0,0,0.6764972603168283,351,control,1699,0.011807044348316365,0.011807044348316365
1699,Graduated,1,2022-10-31,2022,2023.0,1,22.92822966507177,<=24,White,Male,42003480400,0.0,0.0,0.0,0.0,0.0,0.0,0.0,0.0,0.0,0,0.0,0,0,0.6883043046651447,351,treated,1877,0.011807044348316365,
