unit_id,tip_id,pcs_off_id,unit_type,treatment,StartDate,start_year,cohort_2022,gender,race,year_of_birth,age_of_first_offense,num_sentences_before_start,any_high_ogs_before_start,num_offenses_before_start,earnings_2yr_preTIP,job_right_before_tip,psm_distance,upper_date,year_offset,year,year_start_date,year_end_date,in_post_1p5_window,post,earnings_year,employed_year,has_prior_offense_by_year,has_offense_by_year,offense_count_year,has_offense_year,has_prior_offense_before_start,recidivism_year
C_1007_675364.0,1007,675364.0,control,0,2019-06-17,2019,0.0,Male,White,1987.0,30.0,2.0,1.0,2.0,0.0,0.0,0.0,2020-12-15,-2,2017,2017-01-01,2018-01-01,0,0,0.0,0.0,0,0,0.0,0.0,1,0
C_1007_675364.0,1007,675364.0,control,0,2019-06-17,2019,0.0,Male,White,1987.0,30.0,2.0,1.0,2.0,0.0,0.0,0.0,2020-12-15,-1,2018,2018-01-01,2019-01-01,0,0,0.0,0.0,0,1,0.0,0.0,1,0
C_1007_675364.0,1007,675364.0,control,0,2019-06-17,2019,0.0,Male,White,1987.0,30.0,2.0,1.0,2.0,0.0,0.0,0.0,2020-12-15,0,2019,2019-01-01,2020-01-01,1,1,0.0,0.0,1,1,0.0,0.0,1,0
C_1007_675364.0,1007,675364.0,control,0,2019-06-17,2019,0.0,Male,White,1987.0,30.0,2.0,1.0,2.0,0.0,0.0,0.0,2020-12-15,1,2020,2020-01-01,2021-01-01,1,1,0.0,0.0,1,1,0.0,0.0,1,0
C_1008_889355.0,1008,889355.0,control,0,2019-06-17,2019,0.0,Female,White,1991.0,27.0,0.0,0.0,1.0,20343.622768604815,1.0,0.0,2020-12-15,-2,2017,2017-01-01,2018-01-01,0,0,0.0,0.0,0,0,0.0,0.0,1,0
C_1008_889355.0,1008,889355.0,control,0,2019-06-17,2019,0.0,Female,White,1991.0,27.0,0.0,0.0,1.0,20343.622768604815,1.0,0.0,2020-12-15,-1,2018,2018-01-01,2019-01-01,0,0,0.0,0.0,0,0,0.0,0.0,1,0
C_1008_889355.0,1008,889355.0,control,0,2019-06-17,2019,0.0,Female,White,1991.0,27.0,0.0,0.0,1.0,20343.622768604815,1.0,0.0,2020-12-15,0,2019,2019-01-01,2020-01-01,1,1,0.0,0.0,0,1,0.0,0.0,1,0
C_1008_889355.0,1008,889355.0,control,0,2019-06-17,2019,0.0,Female,White,1991.0,27.0,0.0,0.0,1.0,20343.622768604815,1.0,0.0,2020-12-15,1,2020,2020-01-01,2021-01-01,1,1,0.0,0.0,1,1,0.0,0.0,1,0
C_1011_742326.0,1011,742326.0,control,0,2019-07-15,2019,0.0,Female,Black,1990.0,27.0,2.0,0.0,2.0,0.0,0.0,0.0,2021-01-12,-2,2017,2017-01-01,2018-01-01,0,0,0.0,0.0,0,0,0.0,0.0,1,0
C_1011_742326.0,1011,742326.0,control,0,2019-07-15,2019,0.0,Female,Black,1990.0,27.0,2.0,0.0,2.0,0.0,0.0,0.0,2021-01-12,-1,2018,2018-01-01,2019-01-01,0,0,0.0,0.0,0,1,0.0,0.0,1,0
C_1011_742326.0,1011,742326.0,control,0,2019-07-15,2019,0.0,Female,Black,1990.0,27.0,2.0,0.0,2.0,0.0,0.0,0.0,2021-01-12,0,2019,2019-01-01,2020-01-01,1,1,0.0,0.0,1,1,0.0,0.0,1,0
C_1011_742326.0,1011,742326.0,control,0,2019-07-15,2019,0.0,Female,Black,1990.0,27.0,2.0,0.0,2.0,0.0,0.0,0.0,2021-01-12,1,2020,2020-01-01,2021-01-01,1,1,2866.9916433997,1.0,1,1,0.0,0.0,1,0
C_1012_1280753.0,1012,1280753.0,control,0,2019-06-17,2019,0.0,Male,White,1979.0,22.0,5.0,0.0,5.0,0.0,0.0,0.0,2020-12-15,-2,2017,2017-01-01,2018-01-01,0,0,0.0,0.0,1,1,0.0,0.0,1,0
C_1012_1280753.0,1012,1280753.0,control,0,2019-06-17,2019,0.0,Male,White,1979.0,22.0,5.0,0.0,5.0,0.0,0.0,0.0,2020-12-15,-1,2018,2018-01-01,2019-01-01,0,0,0.0,0.0,1,1,0.0,0.0,1,0
C_1012_1280753.0,1012,1280753.0,control,0,2019-06-17,2019,0.0,Male,White,1979.0,22.0,5.0,0.0,5.0,0.0,0.0,0.0,2020-12-15,0,2019,2019-01-01,2020-01-01,1,1,0.0,0.0,1,1,0.0,0.0,1,0
C_1012_1280753.0,1012,1280753.0,control,0,2019-06-17,2019,0.0,Male,White,1979.0,22.0,5.0,0.0,5.0,0.0,0.0,0.0,2020-12-15,1,2020,2020-01-01,2021-01-01,1,1,0.0,0.0,1,1,0.0,0.0,1,0
C_1018_828385.0,1018,828385.0,control,0,2019-06-19,2019,0.0,Male,Black,2000.0,20.0,0.0,0.0,0.0,0.0,0.0,0.0,2020-12-17,-2,2017,2017-01-01,2018-01-01,0,0,0.0,0.0,0,0,0.0,0.0,0,0
C_1018_828385.0,1018,828385.0,control,0,2019-06-19,2019,0.0,Male,Black,2000.0,20.0,0.0,0.0,0.0,0.0,0.0,0.0,2020-12-17,-1,2018,2018-01-01,2019-01-01,0,0,0.0,0.0,0,0,0.0,0.0,0,0
C_1018_828385.0,1018,828385.0,control,0,2019-06-19,2019,0.0,Male,Black,2000.0,20.0,0.0,0.0,0.0,0.0,0.0,0.0,2020-12-17,0,2019,2019-01-01,2020-01-01,1,1,0.0,0.0,0,0,0.0,0.0,0,0
C_1018_828385.0,1018,828385.0,control,0,2019-06-19,2019,0.0,Male,Black,2000.0,20.0,0.0,0.0,0.0,0.0,0.0,0.0,2020-12-17,1,2020,2020-01-01,2021-01-01,1,1,0.0,0.0,0,1,1.0,1.0,0,0
C_1020_284876.0,1020,284876.0,control,0,2019-07-01,2019,0.0,Male,Black,1986.0,32.0,1.0,0.0,1.0,0.0,0.0,0.0,2020-12-29,-2,2017,2017-01-01,2018-01-01,0,0,0.0,0.0,0,0,0.0,0.0,1,0
C_1020_284876.0,1020,284876.0,control,0,2019-07-01,2019,0.0,Male,Black,1986.0,32.0,1.0,0.0,1.0,0.0,0.0,0.0,2020-12-29,-1,2018,2018-01-01,2019-01-01,0,0,0.0,0.0,0,1,0.0,0.0,1,0
C_1020_284876.0,1020,284876.0,control,0,2019-07-01,2019,0.0,Male,Black,1986.0,32.0,1.0,0.0,1.0,0.0,0.0,0.0,2020-12-29,0,2019,2019-01-01,2020-01-01,1,1,0.0,0.0,1,1,0.0,0.0,1,0
C_1020_284876.0,1020,284876.0,control,0,2019-07-01,2019,0.0,Male,Black,1986.0,32.0,1.0,0.0,1.0,0.0,0.0,0.0,2020-12-29,1,2020,2020-01-01,2021-01-01,1,1,0.0,0.0,1,1,0.0,0.0,1,0
C_1021_828385.0,1021,828385.0,control,0,2019-06-24,2019,0.0,Male,Black,2000.0,20.0,0.0,0.0,0.0,0.0,0.0,0.0,2020-12-22,-2,2017,2017-01-01,2018-01-01,0,0,0.0,0.0,0,0,0.0,0.0,0,0
C_1021_828385.0,1021,828385.0,control,0,2019-06-24,2019,0.0,Male,Black,2000.0,20.0,0.0,0.0,0.0,0.0,0.0,0.0,2020-12-22,-1,2018,2018-01-01,2019-01-01,0,0,0.0,0.0,0,0,0.0,0.0,0,0
C_1021_828385.0,1021,828385.0,control,0,2019-06-24,2019,0.0,Male,Black,2000.0,20.0,0.0,0.0,0.0,0.0,0.0,0.0,2020-12-22,0,2019,2019-01-01,2020-01-01,1,1,0.0,0.0,0,0,0.0,0.0,0,0
C_1021_828385.0,1021,828385.0,control,0,2019-06-24,2019,0.0,Male,Black,2000.0,20.0,0.0,0.0,0.0,0.0,0.0,0.0,2020-12-22,1,2020,2020-01-01,2021-01-01,1,1,0.0,0.0,0,1,1.0,1.0,0,0
C_1023_911774.0,1023,911774.0,control,0,2019-07-08,2019,0.0,Male,Black,1999.0,21.0,0.0,0.0,0.0,613.4147046101218,1.0,0.0,2021-01-05,-2,2017,2017-01-01,2018-01-01,0,0,0.0,0.0,0,0,0.0,0.0,0,0
C_1023_911774.0,1023,911774.0,control,0,2019-07-08,2019,0.0,Male,Black,1999.0,21.0,0.0,0.0,0.0,613.4147046101218,1.0,0.0,2021-01-05,-1,2018,2018-01-01,2019-01-01,0,0,0.0,0.0,0,0,0.0,0.0,0,0
C_1023_911774.0,1023,911774.0,control,0,2019-07-08,2019,0.0,Male,Black,1999.0,21.0,0.0,0.0,0.0,613.4147046101218,1.0,0.0,2021-01-05,0,2019,2019-01-01,2020-01-01,1,1,14013.811515818088,1.0,0,0,0.0,0.0,0,0
C_1023_911774.0,1023,911774.0,control,0,2019-07-08,2019,0.0,Male,Black,1999.0,21.0,0.0,0.0,0.0,613.4147046101218,1.0,0.0,2021-01-05,1,2020,2020-01-01,2021-01-01,1,1,0.0,0.0,0,1,1.0,1.0,0,0
C_1026_162065.0,1026,162065.0,control,0,2019-07-10,2019,0.0,Male,Black,1981.0,39.0,0.0,0.0,0.0,0.0,0.0,0.0,2021-01-07,-2,2017,2017-01-01,2018-01-01,0,0,0.0,0.0,0,0,0.0,0.0,0,0
C_1026_162065.0,1026,162065.0,control,0,2019-07-10,2019,0.0,Male,Black,1981.0,39.0,0.0,0.0,0.0,0.0,0.0,0.0,2021-01-07,-1,2018,2018-01-01,2019-01-01,0,0,0.0,0.0,0,0,0.0,0.0,0,0
C_1026_162065.0,1026,162065.0,control,0,2019-07-10,2019,0.0,Male,Black,1981.0,39.0,0.0,0.0,0.0,0.0,0.0,0.0,2021-01-07,0,2019,2019-01-01,2020-01-01,1,1,0.0,0.0,0,0,0.0,0.0,0,0
C_1026_162065.0,1026,162065.0,control,0,2019-07-10,2019,0.0,Male,Black,1981.0,39.0,0.0,0.0,0.0,0.0,0.0,0.0,2021-01-07,1,2020,2020-01-01,2021-01-01,1,1,0.0,0.0,0,1,2.0,1.0,0,0
C_1030_1498902.0,1030,1498902.0,control,0,2019-07-08,2019,0.0,Male,White,1998.0,18.0,1.0,0.0,1.0,4097.189749568729,1.0,0.0,2021-01-05,-2,2017,2017-01-01,2018-01-01,0,0,0.0,0.0,0,1,0.0,0.0,1,0
C_1030_1498902.0,1030,1498902.0,control,0,2019-07-08,2019,0.0,Male,White,1998.0,18.0,1.0,0.0,1.0,4097.189749568729,1.0,0.0,2021-01-05,-1,2018,2018-01-01,2019-01-01,0,0,0.0,0.0,1,1,0.0,0.0,1,0
C_1030_1498902.0,1030,1498902.0,control,0,2019-07-08,2019,0.0,Male,White,1998.0,18.0,1.0,0.0,1.0,4097.189749568729,1.0,0.0,2021-01-05,0,2019,2019-01-01,2020-01-01,1,1,19724.35932566716,1.0,1,1,0.0,0.0,1,0
C_1030_1498902.0,1030,1498902.0,control,0,2019-07-08,2019,0.0,Male,White,1998.0,18.0,1.0,0.0,1.0,4097.189749568729,1.0,0.0,2021-01-05,1,2020,2020-01-01,2021-01-01,1,1,5561.703969161032,1.0,1,1,0.0,0.0,1,0
C_1032_1587304.0,1032,1587304.0,control,0,2019-07-22,2019,0.0,Female,Black,1995.0,22.0,1.0,0.0,1.0,7929.1790086167275,0.0,0.0,2021-01-19,-2,2017,2017-01-01,2018-01-01,0,0,0.0,0.0,0,0,0.0,0.0,1,0
C_1032_1587304.0,1032,1587304.0,control,0,2019-07-22,2019,0.0,Female,Black,1995.0,22.0,1.0,0.0,1.0,7929.1790086167275,0.0,0.0,2021-01-19,-1,2018,2018-01-01,2019-01-01,0,0,0.0,0.0,0,1,0.0,0.0,1,0
C_1032_1587304.0,1032,1587304.0,control,0,2019-07-22,2019,0.0,Female,Black,1995.0,22.0,1.0,0.0,1.0,7929.1790086167275,0.0,0.0,2021-01-19,0,2019,2019-01-01,2020-01-01,1,1,0.0,0.0,1,1,0.0,0.0,1,0
C_1032_1587304.0,1032,1587304.0,control,0,2019-07-22,2019,0.0,Female,Black,1995.0,22.0,1.0,0.0,1.0,7929.1790086167275,0.0,0.0,2021-01-19,1,2020,2020-01-01,2021-01-01,1,1,19424.606420798227,1.0,1,1,0.0,0.0,1,0
C_1034_1275953.0,1034,1275953.0,control,0,2019-08-12,2019,0.0,Male,Black,1980.0,22.0,4.0,1.0,4.0,0.0,0.0,0.0,2021-02-09,-2,2017,2017-01-01,2018-01-01,0,0,0.0,0.0,1,1,0.0,0.0,1,0
C_1034_1275953.0,1034,1275953.0,control,0,2019-08-12,2019,0.0,Male,Black,1980.0,22.0,4.0,1.0,4.0,0.0,0.0,0.0,2021-02-09,-1,2018,2018-01-01,2019-01-01,0,0,0.0,0.0,1,1,0.0,0.0,1,0
C_1034_1275953.0,1034,1275953.0,control,0,2019-08-12,2019,0.0,Male,Black,1980.0,22.0,4.0,1.0,4.0,0.0,0.0,0.0,2021-02-09,0,2019,2019-01-01,2020-01-01,1,1,0.0,0.0,1,1,0.0,0.0,1,0
C_1034_1275953.0,1034,1275953.0,control,0,2019-08-12,2019,0.0,Male,Black,1980.0,22.0,4.0,1.0,4.0,0.0,0.0,0.0,2021-02-09,1,2020,2020-01-01,2021-01-01,1,1,0.0,0.0,1,1,0.0,0.0,1,0
C_1035_1214343.0,1035,1214343.0,control,0,2019-07-22,2019,0.0,Male,Black,1992.0,23.0,1.0,0.0,1.0,833.8189490605298,1.0,0.0,2021-01-19,-2,2017,2017-01-01,2018-01-01,0,0,0.0,0.0,1,1,0.0,0.0,1,0
C_1035_1214343.0,1035,1214343.0,control,0,2019-07-22,2019,0.0,Male,Black,1992.0,23.0,1.0,0.0,1.0,833.8189490605298,1.0,0.0,2021-01-19,-1,2018,2018-01-01,2019-01-01,0,0,0.0,0.0,1,1,0.0,0.0,1,0
C_1035_1214343.0,1035,1214343.0,control,0,2019-07-22,2019,0.0,Male,Black,1992.0,23.0,1.0,0.0,1.0,833.8189490605298,1.0,0.0,2021-01-19,0,2019,2019-01-01,2020-01-01,1,1,14107.488651505424,1.0,1,1,0.0,0.0,1,0
C_1035_1214343.0,1035,1214343.0,control,0,2019-07-22,2019,0.0,Male,Black,1992.0,23.0,1.0,0.0,1.0,833.8189490605298,1.0,0.0,2021-01-19,1,2020,2020-01-01,2021-01-01,1,1,25114.31324347197,1.0,1,1,0.0,0.0,1,0
C_1037_396493.0,1037,396493.0,control,0,2019-07-22,2019,0.0,Male,Black,1993.0,26.0,0.0,0.0,0.0,0.0,0.0,0.0,2021-01-19,-2,2017,2017-01-01,2018-01-01,0,0,0.0,0.0,0,0,0.0,0.0,0,0
C_1037_396493.0,1037,396493.0,control,0,2019-07-22,2019,0.0,Male,Black,1993.0,26.0,0.0,0.0,0.0,0.0,0.0,0.0,2021-01-19,-1,2018,2018-01-01,2019-01-01,0,0,0.0,0.0,0,0,0.0,0.0,0,0
C_1037_396493.0,1037,396493.0,control,0,2019-07-22,2019,0.0,Male,Black,1993.0,26.0,0.0,0.0,0.0,0.0,0.0,0.0,2021-01-19,0,2019,2019-01-01,2020-01-01,1,1,0.0,0.0,0,1,3.0,1.0,0,0
C_1037_396493.0,1037,396493.0,control,0,2019-07-22,2019,0.0,Male,Black,1993.0,26.0,0.0,0.0,0.0,0.0,0.0,0.0,2021-01-19,1,2020,2020-01-01,2021-01-01,1,1,0.0,0.0,1,1,8.0,1.0,0,0
C_1040_1524219.0,1040,1524219.0,control,0,2019-07-29,2019,0.0,Male,Black,1984.0,22.0,4.0,1.0,4.0,0.0,0.0,0.0,2021-01-26,-2,2017,2017-01-01,2018-01-01,0,0,0.0,0.0,1,1,0.0,0.0,1,0
C_1040_1524219.0,1040,1524219.0,control,0,2019-07-29,2019,0.0,Male,Black,1984.0,22.0,4.0,1.0,4.0,0.0,0.0,0.0,2021-01-26,-1,2018,2018-01-01,2019-01-01,0,0,0.0,0.0,1,1,0.0,0.0,1,0
C_1040_1524219.0,1040,1524219.0,control,0,2019-07-29,2019,0.0,Male,Black,1984.0,22.0,4.0,1.0,4.0,0.0,0.0,0.0,2021-01-26,0,2019,2019-01-01,2020-01-01,1,1,3315.2691167199796,1.0,1,1,0.0,0.0,1,0
C_1040_1524219.0,1040,1524219.0,control,0,2019-07-29,2019,0.0,Male,Black,1984.0,22.0,4.0,1.0,4.0,0.0,0.0,0.0,2021-01-26,1,2020,2020-01-01,2021-01-01,1,1,7817.003452532626,1.0,1,1,0.0,0.0,1,0
C_1041_828385.0,1041,828385.0,control,0,2019-08-12,2019,0.0,Male,Black,2000.0,20.0,0.0,0.0,0.0,0.0,0.0,0.0,2021-02-09,-2,2017,2017-01-01,2018-01-01,0,0,0.0,0.0,0,0,0.0,0.0,0,0
C_1041_828385.0,1041,828385.0,control,0,2019-08-12,2019,0.0,Male,Black,2000.0,20.0,0.0,0.0,0.0,0.0,0.0,0.0,2021-02-09,-1,2018,2018-01-01,2019-01-01,0,0,0.0,0.0,0,0,0.0,0.0,0,0
C_1041_828385.0,1041,828385.0,control,0,2019-08-12,2019,0.0,Male,Black,2000.0,20.0,0.0,0.0,0.0,0.0,0.0,0.0,2021-02-09,0,2019,2019-01-01,2020-01-01,1,1,0.0,0.0,0,0,0.0,0.0,0,0
C_1041_828385.0,1041,828385.0,control,0,2019-08-12,2019,0.0,Male,Black,2000.0,20.0,0.0,0.0,0.0,0.0,0.0,0.0,2021-02-09,1,2020,2020-01-01,2021-01-01,1,1,0.0,0.0,0,1,1.0,1.0,0,0
C_1044_828385.0,1044,828385.0,control,0,2019-08-26,2019,0.0,Male,Black,2000.0,20.0,0.0,0.0,0.0,0.0,0.0,0.0,2021-02-23,-2,2017,2017-01-01,2018-01-01,0,0,0.0,0.0,0,0,0.0,0.0,0,0
C_1044_828385.0,1044,828385.0,control,0,2019-08-26,2019,0.0,Male,Black,2000.0,20.0,0.0,0.0,0.0,0.0,0.0,0.0,2021-02-23,-1,2018,2018-01-01,2019-01-01,0,0,0.0,0.0,0,0,0.0,0.0,0,0
C_1044_828385.0,1044,828385.0,control,0,2019-08-26,2019,0.0,Male,Black,2000.0,20.0,0.0,0.0,0.0,0.0,0.0,0.0,2021-02-23,0,2019,2019-01-01,2020-01-01,1,1,0.0,0.0,0,0,0.0,0.0,0,0
C_1044_828385.0,1044,828385.0,control,0,2019-08-26,2019,0.0,Male,Black,2000.0,20.0,0.0,0.0,0.0,0.0,0.0,0.0,2021-02-23,1,2020,2020-01-01,2021-01-01,1,1,0.0,0.0,0,1,1.0,1.0,0,0
C_1047_1458183.0,1047,1458183.0,control,0,2019-08-26,2019,0.0,Male,Black,1990.0,18.0,7.0,1.0,7.0,0.0,0.0,0.0,2021-02-23,-2,2017,2017-01-01,2018-01-01,0,0,0.0,0.0,1,1,0.0,0.0,1,0
C_1047_1458183.0,1047,1458183.0,control,0,2019-08-26,2019,0.0,Male,Black,1990.0,18.0,7.0,1.0,7.0,0.0,0.0,0.0,2021-02-23,-1,2018,2018-01-01,2019-01-01,0,0,0.0,0.0,1,1,0.0,0.0,1,0
C_1047_1458183.0,1047,1458183.0,control,0,2019-08-26,2019,0.0,Male,Black,1990.0,18.0,7.0,1.0,7.0,0.0,0.0,0.0,2021-02-23,0,2019,2019-01-01,2020-01-01,1,1,0.0,0.0,1,1,0.0,0.0,1,0
C_1047_1458183.0,1047,1458183.0,control,0,2019-08-26,2019,0.0,Male,Black,1990.0,18.0,7.0,1.0,7.0,0.0,0.0,0.0,2021-02-23,1,2020,2020-01-01,2021-01-01,1,1,0.0,0.0,1,1,0.0,0.0,1,0
C_1050_1280753.0,1050,1280753.0,control,0,2019-09-03,2019,0.0,Male,White,1979.0,22.0,5.0,0.0,5.0,0.0,0.0,0.0,2021-03-03,-2,2017,2017-01-01,2018-01-01,0,0,0.0,0.0,1,1,0.0,0.0,1,0
C_1050_1280753.0,1050,1280753.0,control,0,2019-09-03,2019,0.0,Male,White,1979.0,22.0,5.0,0.0,5.0,0.0,0.0,0.0,2021-03-03,-1,2018,2018-01-01,2019-01-01,0,0,0.0,0.0,1,1,0.0,0.0,1,0
C_1050_1280753.0,1050,1280753.0,control,0,2019-09-03,2019,0.0,Male,White,1979.0,22.0,5.0,0.0,5.0,0.0,0.0,0.0,2021-03-03,0,2019,2019-01-01,2020-01-01,1,1,0.0,0.0,1,1,0.0,0.0,1,0
C_1050_1280753.0,1050,1280753.0,control,0,2019-09-03,2019,0.0,Male,White,1979.0,22.0,5.0,0.0,5.0,0.0,0.0,0.0,2021-03-03,1,2020,2020-01-01,2021-01-01,1,1,0.0,0.0,1,1,0.0,0.0,1,0
C_1052_911774.0,1052,911774.0,control,0,2019-09-16,2019,0.0,Male,Black,1999.0,21.0,0.0,0.0,0.0,613.4147046101218,1.0,0.0,2021-03-16,-2,2017,2017-01-01,2018-01-01,0,0,0.0,0.0,0,0,0.0,0.0,0,0
C_1052_911774.0,1052,911774.0,control,0,2019-09-16,2019,0.0,Male,Black,1999.0,21.0,0.0,0.0,0.0,613.4147046101218,1.0,0.0,2021-03-16,-1,2018,2018-01-01,2019-01-01,0,0,0.0,0.0,0,0,0.0,0.0,0,0
C_1052_911774.0,1052,911774.0,control,0,2019-09-16,2019,0.0,Male,Black,1999.0,21.0,0.0,0.0,0.0,613.4147046101218,1.0,0.0,2021-03-16,0,2019,2019-01-01,2020-01-01,1,1,14013.811515818088,1.0,0,0,0.0,0.0,0,0
C_1052_911774.0,1052,911774.0,control,0,2019-09-16,2019,0.0,Male,Black,1999.0,21.0,0.0,0.0,0.0,613.4147046101218,1.0,0.0,2021-03-16,1,2020,2020-01-01,2021-01-01,1,1,0.0,0.0,0,1,1.0,1.0,0,0
C_1053_162065.0,1053,162065.0,control,0,2019-09-16,2019,0.0,Male,Black,1981.0,39.0,0.0,0.0,0.0,0.0,0.0,0.0,2021-03-16,-2,2017,2017-01-01,2018-01-01,0,0,0.0,0.0,0,0,0.0,0.0,0,0
C_1053_162065.0,1053,162065.0,control,0,2019-09-16,2019,0.0,Male,Black,1981.0,39.0,0.0,0.0,0.0,0.0,0.0,0.0,2021-03-16,-1,2018,2018-01-01,2019-01-01,0,0,0.0,0.0,0,0,0.0,0.0,0,0
C_1053_162065.0,1053,162065.0,control,0,2019-09-16,2019,0.0,Male,Black,1981.0,39.0,0.0,0.0,0.0,0.0,0.0,0.0,2021-03-16,0,2019,2019-01-01,2020-01-01,1,1,0.0,0.0,0,0,0.0,0.0,0,0
C_1053_162065.0,1053,162065.0,control,0,2019-09-16,2019,0.0,Male,Black,1981.0,39.0,0.0,0.0,0.0,0.0,0.0,0.0,2021-03-16,1,2020,2020-01-01,2021-01-01,1,1,0.0,0.0,0,1,2.0,1.0,0,0
C_1054_909684.0,1054,909684.0,control,0,2019-09-16,2019,0.0,Female,Black,1999.0,21.0,0.0,0.0,0.0,2824.159257465949,1.0,0.0,2021-03-16,-2,2017,2017-01-01,2018-01-01,0,0,0.0,0.0,0,0,0.0,0.0,0,0
C_1054_909684.0,1054,909684.0,control,0,2019-09-16,2019,0.0,Female,Black,1999.0,21.0,0.0,0.0,0.0,2824.159257465949,1.0,0.0,2021-03-16,-1,2018,2018-01-01,2019-01-01,0,0,0.0,0.0,0,0,0.0,0.0,0,0
C_1054_909684.0,1054,909684.0,control,0,2019-09-16,2019,0.0,Female,Black,1999.0,21.0,0.0,0.0,0.0,2824.159257465949,1.0,0.0,2021-03-16,0,2019,2019-01-01,2020-01-01,1,1,3210.7672019286565,1.0,0,0,0.0,0.0,0,0
C_1054_909684.0,1054,909684.0,control,0,2019-09-16,2019,0.0,Female,Black,1999.0,21.0,0.0,0.0,0.0,2824.159257465949,1.0,0.0,2021-03-16,1,2020,2020-01-01,2021-01-01,1,1,2071.4156115389637,1.0,0,1,1.0,1.0,0,0
C_1055_1896124.0,1055,1896124.0,control,0,2019-09-16,2019,0.0,Male,Black,1987.0,20.0,31.0,1.0,31.0,0.0,1.0,0.0,2021-03-16,-2,2017,2017-01-01,2018-01-01,0,0,0.0,0.0,1,1,0.0,0.0,1,0
C_1055_1896124.0,1055,1896124.0,control,0,2019-09-16,2019,0.0,Male,Black,1987.0,20.0,31.0,1.0,31.0,0.0,1.0,0.0,2021-03-16,-1,2018,2018-01-01,2019-01-01,0,0,0.0,0.0,1,1,0.0,0.0,1,0
C_1055_1896124.0,1055,1896124.0,control,0,2019-09-16,2019,0.0,Male,Black,1987.0,20.0,31.0,1.0,31.0,0.0,1.0,0.0,2021-03-16,0,2019,2019-01-01,2020-01-01,1,1,2345.5308319129563,1.0,1,1,0.0,0.0,1,0
C_1055_1896124.0,1055,1896124.0,control,0,2019-09-16,2019,0.0,Male,Black,1987.0,20.0,31.0,1.0,31.0,0.0,1.0,0.0,2021-03-16,1,2020,2020-01-01,2021-01-01,1,1,0.0,0.0,1,1,0.0,0.0,1,0
C_1059_861599.0,1059,861599.0,control,0,2019-09-18,2019,0.0,Male,Black,1998.0,20.0,0.0,0.0,2.0,6321.678645407558,1.0,0.0,2021-03-18,-2,2017,2017-01-01,2018-01-01,0,0,0.0,0.0,0,0,0.0,0.0,1,0
C_1059_861599.0,1059,861599.0,control,0,2019-09-18,2019,0.0,Male,Black,1998.0,20.0,0.0,0.0,2.0,6321.678645407558,1.0,0.0,2021-03-18,-1,2018,2018-01-01,2019-01-01,0,0,0.0,0.0,0,1,0.0,0.0,1,0
C_1059_861599.0,1059,861599.0,control,0,2019-09-18,2019,0.0,Male,Black,1998.0,20.0,0.0,0.0,2.0,6321.678645407558,1.0,0.0,2021-03-18,0,2019,2019-01-01,2020-01-01,1,1,0.0,0.0,1,1,0.0,0.0,1,0
C_1059_861599.0,1059,861599.0,control,0,2019-09-18,2019,0.0,Male,Black,1998.0,20.0,0.0,0.0,2.0,6321.678645407558,1.0,0.0,2021-03-18,1,2020,2020-01-01,2021-01-01,1,1,1827.955074288592,1.0,1,1,0.0,0.0,1,0
C_1060_861599.0,1060,861599.0,control,0,2023-02-28,2023,1.0,Male,Black,1998.0,20.0,2.0,1.0,2.0,0.0,1.0,0.0,2024-08-28,-2,2021,2021-01-01,2022-01-01,0,0,0.0,0.0,1,1,0.0,0.0,1,0
C_1060_861599.0,1060,861599.0,control,0,2023-02-28,2023,1.0,Male,Black,1998.0,20.0,2.0,1.0,2.0,0.0,1.0,0.0,2024-08-28,-1,2022,2022-01-01,2023-01-01,0,0,0.0,0.0,1,1,0.0,0.0,1,0
C_1060_861599.0,1060,861599.0,control,0,2023-02-28,2023,1.0,Male,Black,1998.0,20.0,2.0,1.0,2.0,0.0,1.0,0.0,2024-08-28,0,2023,2023-01-01,2024-01-01,1,1,37790.65513502095,1.0,1,1,0.0,0.0,1,0
C_1060_861599.0,1060,861599.0,control,0,2023-02-28,2023,1.0,Male,Black,1998.0,20.0,2.0,1.0,2.0,0.0,1.0,0.0,2024-08-28,1,2024,2024-01-01,2025-01-01,1,1,26567.899874766335,1.0,1,1,0.0,0.0,1,0
C_1064_911774.0,1064,911774.0,control,0,2019-09-23,2019,0.0,Male,Black,1999.0,21.0,0.0,0.0,0.0,613.4147046101218,1.0,0.0,2021-03-23,-2,2017,2017-01-01,2018-01-01,0,0,0.0,0.0,0,0,0.0,0.0,0,0
C_1064_911774.0,1064,911774.0,control,0,2019-09-23,2019,0.0,Male,Black,1999.0,21.0,0.0,0.0,0.0,613.4147046101218,1.0,0.0,2021-03-23,-1,2018,2018-01-01,2019-01-01,0,0,0.0,0.0,0,0,0.0,0.0,0,0
C_1064_911774.0,1064,911774.0,control,0,2019-09-23,2019,0.0,Male,Black,1999.0,21.0,0.0,0.0,0.0,613.4147046101218,1.0,0.0,2021-03-23,0,2019,2019-01-01,2020-01-01,1,1,14013.811515818088,1.0,0,0,0.0,0.0,0,0
C_1064_911774.0,1064,911774.0,control,0,2019-09-23,2019,0.0,Male,Black,1999.0,21.0,0.0,0.0,0.0,613.4147046101218,1.0,0.0,2021-03-23,1,2020,2020-01-01,2021-01-01,1,1,0.0,0.0,0,1,1.0,1.0,0,0
C_1065_480129.0,1065,480129.0,control,0,2019-09-23,2019,0.0,Male,Black,1995.0,23.0,0.0,0.0,1.0,0.0,1.0,0.0,2021-03-23,-2,2017,2017-01-01,2018-01-01,0,0,0.0,0.0,0,0,0.0,0.0,1,0
C_1065_480129.0,1065,480129.0,control,0,2019-09-23,2019,0.0,Male,Black,1995.0,23.0,0.0,0.0,1.0,0.0,1.0,0.0,2021-03-23,-1,2018,2018-01-01,2019-01-01,0,0,0.0,0.0,0,0,0.0,0.0,1,0
C_1065_480129.0,1065,480129.0,control,0,2019-09-23,2019,0.0,Male,Black,1995.0,23.0,0.0,0.0,1.0,0.0,1.0,0.0,2021-03-23,0,2019,2019-01-01,2020-01-01,1,1,0.0,0.0,0,1,0.0,0.0,1,0
C_1065_480129.0,1065,480129.0,control,0,2019-09-23,2019,0.0,Male,Black,1995.0,23.0,0.0,0.0,1.0,0.0,1.0,0.0,2021-03-23,1,2020,2020-01-01,2021-01-01,1,1,8026.891006396032,1.0,1,1,0.0,0.0,1,0
C_1069_1271880.0,1069,1271880.0,control,0,2019-09-30,2019,0.0,Male,Black,1983.0,21.0,5.0,0.0,5.0,0.0,0.0,0.0,2021-03-30,-2,2017,2017-01-01,2018-01-01,0,0,0.0,0.0,1,1,0.0,0.0,1,0
C_1069_1271880.0,1069,1271880.0,control,0,2019-09-30,2019,0.0,Male,Black,1983.0,21.0,5.0,0.0,5.0,0.0,0.0,0.0,2021-03-30,-1,2018,2018-01-01,2019-01-01,0,0,0.0,0.0,1,1,0.0,0.0,1,0
C_1069_1271880.0,1069,1271880.0,control,0,2019-09-30,2019,0.0,Male,Black,1983.0,21.0,5.0,0.0,5.0,0.0,0.0,0.0,2021-03-30,0,2019,2019-01-01,2020-01-01,1,1,0.0,0.0,1,1,0.0,0.0,1,0
C_1069_1271880.0,1069,1271880.0,control,0,2019-09-30,2019,0.0,Male,Black,1983.0,21.0,5.0,0.0,5.0,0.0,0.0,0.0,2021-03-30,1,2020,2020-01-01,2021-01-01,1,1,0.0,0.0,1,1,0.0,0.0,1,0
C_1075_861599.0,1075,861599.0,control,0,2019-10-07,2019,0.0,Male,Black,1998.0,20.0,0.0,0.0,2.0,5778.129096953023,1.0,0.0,2021-04-06,-2,2017,2017-01-01,2018-01-01,0,0,0.0,0.0,0,0,0.0,0.0,1,0
C_1075_861599.0,1075,861599.0,control,0,2019-10-07,2019,0.0,Male,Black,1998.0,20.0,0.0,0.0,2.0,5778.129096953023,1.0,0.0,2021-04-06,-1,2018,2018-01-01,2019-01-01,0,0,0.0,0.0,0,1,0.0,0.0,1,0
C_1075_861599.0,1075,861599.0,control,0,2019-10-07,2019,0.0,Male,Black,1998.0,20.0,0.0,0.0,2.0,5778.129096953023,1.0,0.0,2021-04-06,0,2019,2019-01-01,2020-01-01,1,1,0.0,0.0,1,1,0.0,0.0,1,0
C_1075_861599.0,1075,861599.0,control,0,2019-10-07,2019,0.0,Male,Black,1998.0,20.0,0.0,0.0,2.0,5778.129096953023,1.0,0.0,2021-04-06,1,2020,2020-01-01,2021-01-01,1,1,1827.955074288592,1.0,1,1,0.0,0.0,1,0
C_1076_396493.0,1076,396493.0,control,0,2019-10-07,2019,0.0,Male,Black,1993.0,26.0,0.0,0.0,0.0,0.0,0.0,0.0,2021-04-06,-2,2017,2017-01-01,2018-01-01,0,0,0.0,0.0,0,0,0.0,0.0,0,0
C_1076_396493.0,1076,396493.0,control,0,2019-10-07,2019,0.0,Male,Black,1993.0,26.0,0.0,0.0,0.0,0.0,0.0,0.0,2021-04-06,-1,2018,2018-01-01,2019-01-01,0,0,0.0,0.0,0,0,0.0,0.0,0,0
C_1076_396493.0,1076,396493.0,control,0,2019-10-07,2019,0.0,Male,Black,1993.0,26.0,0.0,0.0,0.0,0.0,0.0,0.0,2021-04-06,0,2019,2019-01-01,2020-01-01,1,1,0.0,0.0,0,1,3.0,1.0,0,0
C_1076_396493.0,1076,396493.0,control,0,2019-10-07,2019,0.0,Male,Black,1993.0,26.0,0.0,0.0,0.0,0.0,0.0,0.0,2021-04-06,1,2020,2020-01-01,2021-01-01,1,1,0.0,0.0,1,1,8.0,1.0,0,0
C_1077_1303271.0,1077,1303271.0,control,0,2019-10-07,2019,0.0,Male,Black,1976.0,31.0,4.0,0.0,4.0,0.0,1.0,0.0,2021-04-06,-2,2017,2017-01-01,2018-01-01,0,0,0.0,0.0,1,1,0.0,0.0,1,0
C_1077_1303271.0,1077,1303271.0,control,0,2019-10-07,2019,0.0,Male,Black,1976.0,31.0,4.0,0.0,4.0,0.0,1.0,0.0,2021-04-06,-1,2018,2018-01-01,2019-01-01,0,0,0.0,0.0,1,1,0.0,0.0,1,0
C_1077_1303271.0,1077,1303271.0,control,0,2019-10-07,2019,0.0,Male,Black,1976.0,31.0,4.0,0.0,4.0,0.0,1.0,0.0,2021-04-06,0,2019,2019-01-01,2020-01-01,1,1,127.36484624903687,1.0,1,1,0.0,0.0,1,0
C_1077_1303271.0,1077,1303271.0,control,0,2019-10-07,2019,0.0,Male,Black,1976.0,31.0,4.0,0.0,4.0,0.0,1.0,0.0,2021-04-06,1,2020,2020-01-01,2021-01-01,1,1,328.48141149891796,1.0,1,1,0.0,0.0,1,0
C_1079_1524219.0,1079,1524219.0,control,0,2019-10-07,2019,0.0,Male,Black,1984.0,22.0,4.0,1.0,4.0,0.0,0.0,0.0,2021-04-06,-2,2017,2017-01-01,2018-01-01,0,0,0.0,0.0,1,1,0.0,0.0,1,0
C_1079_1524219.0,1079,1524219.0,control,0,2019-10-07,2019,0.0,Male,Black,1984.0,22.0,4.0,1.0,4.0,0.0,0.0,0.0,2021-04-06,-1,2018,2018-01-01,2019-01-01,0,0,0.0,0.0,1,1,0.0,0.0,1,0
C_1079_1524219.0,1079,1524219.0,control,0,2019-10-07,2019,0.0,Male,Black,1984.0,22.0,4.0,1.0,4.0,0.0,0.0,0.0,2021-04-06,0,2019,2019-01-01,2020-01-01,1,1,3315.2691167199796,1.0,1,1,0.0,0.0,1,0
C_1079_1524219.0,1079,1524219.0,control,0,2019-10-07,2019,0.0,Male,Black,1984.0,22.0,4.0,1.0,4.0,0.0,0.0,0.0,2021-04-06,1,2020,2020-01-01,2021-01-01,1,1,7817.003452532626,1.0,1,1,0.0,0.0,1,0
C_1080_1214343.0,1080,1214343.0,control,0,2019-10-14,2019,0.0,Male,Black,1992.0,23.0,1.0,0.0,1.0,7213.392544031204,1.0,0.0,2021-04-13,-2,2017,2017-01-01,2018-01-01,0,0,0.0,0.0,1,1,0.0,0.0,1,0
C_1080_1214343.0,1080,1214343.0,control,0,2019-10-14,2019,0.0,Male,Black,1992.0,23.0,1.0,0.0,1.0,7213.392544031204,1.0,0.0,2021-04-13,-1,2018,2018-01-01,2019-01-01,0,0,0.0,0.0,1,1,0.0,0.0,1,0
C_1080_1214343.0,1080,1214343.0,control,0,2019-10-14,2019,0.0,Male,Black,1992.0,23.0,1.0,0.0,1.0,7213.392544031204,1.0,0.0,2021-04-13,0,2019,2019-01-01,2020-01-01,1,1,7773.03873543627,1.0,1,1,0.0,0.0,1,0
C_1080_1214343.0,1080,1214343.0,control,0,2019-10-14,2019,0.0,Male,Black,1992.0,23.0,1.0,0.0,1.0,7213.392544031204,1.0,0.0,2021-04-13,1,2020,2020-01-01,2021-01-01,1,1,25114.31324347197,1.0,1,1,0.0,0.0,1,0
C_1082_1311792.0,1082,1311792.0,control,0,2019-10-14,2019,0.0,Male,Black,1996.0,18.0,5.0,1.0,5.0,0.0,0.0,0.0,2021-04-13,-2,2017,2017-01-01,2018-01-01,0,0,0.0,0.0,1,1,0.0,0.0,1,0
C_1082_1311792.0,1082,1311792.0,control,0,2019-10-14,2019,0.0,Male,Black,1996.0,18.0,5.0,1.0,5.0,0.0,0.0,0.0,2021-04-13,-1,2018,2018-01-01,2019-01-01,0,0,0.0,0.0,1,1,0.0,0.0,1,0
C_1082_1311792.0,1082,1311792.0,control,0,2019-10-14,2019,0.0,Male,Black,1996.0,18.0,5.0,1.0,5.0,0.0,0.0,0.0,2021-04-13,0,2019,2019-01-01,2020-01-01,1,1,0.0,0.0,1,1,0.0,0.0,1,0
C_1082_1311792.0,1082,1311792.0,control,0,2019-10-14,2019,0.0,Male,Black,1996.0,18.0,5.0,1.0,5.0,0.0,0.0,0.0,2021-04-13,1,2020,2020-01-01,2021-01-01,1,1,0.0,0.0,1,1,0.0,0.0,1,0
C_1089_423081.0,1089,423081.0,control,0,2019-10-28,2019,0.0,Male,White,1991.0,27.0,1.0,0.0,2.0,0.0,0.0,0.0,2021-04-27,-2,2017,2017-01-01,2018-01-01,0,0,0.0,0.0,0,0,0.0,0.0,1,0
C_1089_423081.0,1089,423081.0,control,0,2019-10-28,2019,0.0,Male,White,1991.0,27.0,1.0,0.0,2.0,0.0,0.0,0.0,2021-04-27,-1,2018,2018-01-01,2019-01-01,0,0,0.0,0.0,0,1,0.0,0.0,1,0
C_1089_423081.0,1089,423081.0,control,0,2019-10-28,2019,0.0,Male,White,1991.0,27.0,1.0,0.0,2.0,0.0,0.0,0.0,2021-04-27,0,2019,2019-01-01,2020-01-01,1,1,0.0,0.0,1,1,0.0,0.0,1,0
C_1089_423081.0,1089,423081.0,control,0,2019-10-28,2019,0.0,Male,White,1991.0,27.0,1.0,0.0,2.0,0.0,0.0,0.0,2021-04-27,1,2020,2020-01-01,2021-01-01,1,1,0.0,0.0,1,1,0.0,0.0,1,0
C_1094_1064548.0,1094,1064548.0,control,0,2019-10-28,2019,0.0,Male,Black,1972.0,36.0,2.0,0.0,2.0,0.0,0.0,0.0,2021-04-27,-2,2017,2017-01-01,2018-01-01,0,0,0.0,0.0,1,1,0.0,0.0,1,0
C_1094_1064548.0,1094,1064548.0,control,0,2019-10-28,2019,0.0,Male,Black,1972.0,36.0,2.0,0.0,2.0,0.0,0.0,0.0,2021-04-27,-1,2018,2018-01-01,2019-01-01,0,0,0.0,0.0,1,1,0.0,0.0,1,0
C_1094_1064548.0,1094,1064548.0,control,0,2019-10-28,2019,0.0,Male,Black,1972.0,36.0,2.0,0.0,2.0,0.0,0.0,0.0,2021-04-27,0,2019,2019-01-01,2020-01-01,1,1,0.0,0.0,1,1,0.0,0.0,1,0
C_1094_1064548.0,1094,1064548.0,control,0,2019-10-28,2019,0.0,Male,Black,1972.0,36.0,2.0,0.0,2.0,0.0,0.0,0.0,2021-04-27,1,2020,2020-01-01,2021-01-01,1,1,0.0,0.0,1,1,0.0,0.0,1,0
C_1097_1311792.0,1097,1311792.0,control,0,2019-11-04,2019,0.0,Male,Black,1996.0,18.0,5.0,1.0,5.0,0.0,0.0,0.0,2021-05-04,-2,2017,2017-01-01,2018-01-01,0,0,0.0,0.0,1,1,0.0,0.0,1,0
C_1097_1311792.0,1097,1311792.0,control,0,2019-11-04,2019,0.0,Male,Black,1996.0,18.0,5.0,1.0,5.0,0.0,0.0,0.0,2021-05-04,-1,2018,2018-01-01,2019-01-01,0,0,0.0,0.0,1,1,0.0,0.0,1,0
C_1097_1311792.0,1097,1311792.0,control,0,2019-11-04,2019,0.0,Male,Black,1996.0,18.0,5.0,1.0,5.0,0.0,0.0,0.0,2021-05-04,0,2019,2019-01-01,2020-01-01,1,1,0.0,0.0,1,1,0.0,0.0,1,0
C_1097_1311792.0,1097,1311792.0,control,0,2019-11-04,2019,0.0,Male,Black,1996.0,18.0,5.0,1.0,5.0,0.0,0.0,0.0,2021-05-04,1,2020,2020-01-01,2021-01-01,1,1,0.0,0.0,1,1,0.0,0.0,1,0
C_1098_1789835.0,1098,1789835.0,control,0,2023-08-07,2023,1.0,Male,Black,1996.0,18.0,5.0,1.0,5.0,13145.333775728905,1.0,0.0,2025-02-04,-2,2021,2021-01-01,2022-01-01,0,0,0.0,0.0,1,1,0.0,0.0,1,0
C_1098_1789835.0,1098,1789835.0,control,0,2023-08-07,2023,1.0,Male,Black,1996.0,18.0,5.0,1.0,5.0,13145.333775728905,1.0,0.0,2025-02-04,-1,2022,2022-01-01,2023-01-01,0,0,0.0,0.0,1,1,0.0,0.0,1,0
C_1098_1789835.0,1098,1789835.0,control,0,2023-08-07,2023,1.0,Male,Black,1996.0,18.0,5.0,1.0,5.0,13145.333775728905,1.0,0.0,2025-02-04,0,2023,2023-01-01,2024-01-01,1,1,13056.316419763163,1.0,1,1,0.0,0.0,1,0
C_1098_1789835.0,1098,1789835.0,control,0,2023-08-07,2023,1.0,Male,Black,1996.0,18.0,5.0,1.0,5.0,13145.333775728905,1.0,0.0,2025-02-04,1,2024,2024-01-01,2025-01-01,1,1,22757.149604319595,1.0,1,1,0.0,0.0,1,0
C_1102_1705303.0,1102,1705303.0,control,0,2019-11-11,2019,0.0,Female,Black,1969.0,36.0,3.0,0.0,3.0,58515.24098754928,1.0,0.0,2021-05-11,-2,2017,2017-01-01,2018-01-01,0,0,0.0,0.0,1,1,0.0,0.0,1,0
C_1102_1705303.0,1102,1705303.0,control,0,2019-11-11,2019,0.0,Female,Black,1969.0,36.0,3.0,0.0,3.0,58515.24098754928,1.0,0.0,2021-05-11,-1,2018,2018-01-01,2019-01-01,0,0,0.0,0.0,1,1,0.0,0.0,1,0
C_1102_1705303.0,1102,1705303.0,control,0,2019-11-11,2019,0.0,Female,Black,1969.0,36.0,3.0,0.0,3.0,58515.24098754928,1.0,0.0,2021-05-11,0,2019,2019-01-01,2020-01-01,1,1,16253.519834691448,1.0,1,1,0.0,0.0,1,0
C_1102_1705303.0,1102,1705303.0,control,0,2019-11-11,2019,0.0,Female,Black,1969.0,36.0,3.0,0.0,3.0,58515.24098754928,1.0,0.0,2021-05-11,1,2020,2020-01-01,2021-01-01,1,1,59213.49963093933,1.0,1,1,0.0,0.0,1,0
C_1105_480129.0,1105,480129.0,control,0,2019-11-25,2019,0.0,Male,Black,1995.0,23.0,0.0,0.0,1.0,1079.5852225686206,0.0,0.0,2021-05-25,-2,2017,2017-01-01,2018-01-01,0,0,0.0,0.0,0,0,0.0,0.0,1,0
C_1105_480129.0,1105,480129.0,control,0,2019-11-25,2019,0.0,Male,Black,1995.0,23.0,0.0,0.0,1.0,1079.5852225686206,0.0,0.0,2021-05-25,-1,2018,2018-01-01,2019-01-01,0,0,0.0,0.0,0,0,0.0,0.0,1,0
C_1105_480129.0,1105,480129.0,control,0,2019-11-25,2019,0.0,Male,Black,1995.0,23.0,0.0,0.0,1.0,1079.5852225686206,0.0,0.0,2021-05-25,0,2019,2019-01-01,2020-01-01,1,1,0.0,0.0,0,1,0.0,0.0,1,0
C_1105_480129.0,1105,480129.0,control,0,2019-11-25,2019,0.0,Male,Black,1995.0,23.0,0.0,0.0,1.0,1079.5852225686206,0.0,0.0,2021-05-25,1,2020,2020-01-01,2021-01-01,1,1,8026.891006396032,1.0,1,1,0.0,0.0,1,0
C_1108_1027676.0,1108,1027676.0,control,0,2019-11-13,2019,0.0,Male,White,1978.0,24.0,4.0,1.0,4.0,0.0,0.0,0.0,2021-05-13,-2,2017,2017-01-01,2018-01-01,0,0,0.0,0.0,1,1,0.0,0.0,1,0
C_1108_1027676.0,1108,1027676.0,control,0,2019-11-13,2019,0.0,Male,White,1978.0,24.0,4.0,1.0,4.0,0.0,0.0,0.0,2021-05-13,-1,2018,2018-01-01,2019-01-01,0,0,0.0,0.0,1,1,0.0,0.0,1,0
C_1108_1027676.0,1108,1027676.0,control,0,2019-11-13,2019,0.0,Male,White,1978.0,24.0,4.0,1.0,4.0,0.0,0.0,0.0,2021-05-13,0,2019,2019-01-01,2020-01-01,1,1,0.0,0.0,1,1,0.0,0.0,1,0
C_1108_1027676.0,1108,1027676.0,control,0,2019-11-13,2019,0.0,Male,White,1978.0,24.0,4.0,1.0,4.0,0.0,0.0,0.0,2021-05-13,1,2020,2020-01-01,2021-01-01,1,1,0.0,0.0,1,1,0.0,0.0,1,0
C_1109_159844.0,1109,159844.0,control,0,2019-12-02,2019,0.0,Male,Black,1985.0,36.0,0.0,0.0,0.0,0.0,1.0,0.0,2021-06-01,-2,2017,2017-01-01,2018-01-01,0,0,0.0,0.0,0,0,0.0,0.0,0,0
C_1109_159844.0,1109,159844.0,control,0,2019-12-02,2019,0.0,Male,Black,1985.0,36.0,0.0,0.0,0.0,0.0,1.0,0.0,2021-06-01,-1,2018,2018-01-01,2019-01-01,0,0,0.0,0.0,0,0,0.0,0.0,0,0
C_1109_159844.0,1109,159844.0,control,0,2019-12-02,2019,0.0,Male,Black,1985.0,36.0,0.0,0.0,0.0,0.0,1.0,0.0,2021-06-01,0,2019,2019-01-01,2020-01-01,1,1,662.044992878657,1.0,0,0,0.0,0.0,0,0
C_1109_159844.0,1109,159844.0,control,0,2019-12-02,2019,0.0,Male,Black,1985.0,36.0,0.0,0.0,0.0,0.0,1.0,0.0,2021-06-01,1,2020,2020-01-01,2021-01-01,1,1,2934.0185498711808,1.0,0,0,0.0,0.0,0,0
C_1110_1033969.0,1110,1033969.0,control,0,2019-12-09,2019,0.0,Male,Black,1997.0,19.0,4.0,1.0,4.0,16496.324791463125,1.0,0.0,2021-06-08,-2,2017,2017-01-01,2018-01-01,0,0,0.0,0.0,1,1,0.0,0.0,1,0
C_1110_1033969.0,1110,1033969.0,control,0,2019-12-09,2019,0.0,Male,Black,1997.0,19.0,4.0,1.0,4.0,16496.324791463125,1.0,0.0,2021-06-08,-1,2018,2018-01-01,2019-01-01,0,0,0.0,0.0,1,1,0.0,0.0,1,0
C_1110_1033969.0,1110,1033969.0,control,0,2019-12-09,2019,0.0,Male,Black,1997.0,19.0,4.0,1.0,4.0,16496.324791463125,1.0,0.0,2021-06-08,0,2019,2019-01-01,2020-01-01,1,1,0.0,0.0,1,1,0.0,0.0,1,0
C_1110_1033969.0,1110,1033969.0,control,0,2019-12-09,2019,0.0,Male,Black,1997.0,19.0,4.0,1.0,4.0,16496.324791463125,1.0,0.0,2021-06-08,1,2020,2020-01-01,2021-01-01,1,1,8545.204508798945,1.0,1,1,0.0,0.0,1,0
C_1111_1458183.0,1111,1458183.0,control,0,2019-12-02,2019,0.0,Male,Black,1990.0,18.0,7.0,1.0,7.0,0.0,0.0,0.0,2021-06-01,-2,2017,2017-01-01,2018-01-01,0,0,0.0,0.0,1,1,0.0,0.0,1,0
C_1111_1458183.0,1111,1458183.0,control,0,2019-12-02,2019,0.0,Male,Black,1990.0,18.0,7.0,1.0,7.0,0.0,0.0,0.0,2021-06-01,-1,2018,2018-01-01,2019-01-01,0,0,0.0,0.0,1,1,0.0,0.0,1,0
C_1111_1458183.0,1111,1458183.0,control,0,2019-12-02,2019,0.0,Male,Black,1990.0,18.0,7.0,1.0,7.0,0.0,0.0,0.0,2021-06-01,0,2019,2019-01-01,2020-01-01,1,1,0.0,0.0,1,1,0.0,0.0,1,0
C_1111_1458183.0,1111,1458183.0,control,0,2019-12-02,2019,0.0,Male,Black,1990.0,18.0,7.0,1.0,7.0,0.0,0.0,0.0,2021-06-01,1,2020,2020-01-01,2021-01-01,1,1,0.0,0.0,1,1,0.0,0.0,1,0
C_1115_880076.0,1115,880076.0,control,0,2019-12-09,2019,0.0,Male,White,2001.0,19.0,0.0,0.0,0.0,0.0,0.0,0.0,2021-06-08,-2,2017,2017-01-01,2018-01-01,0,0,0.0,0.0,0,0,0.0,0.0,0,0
C_1115_880076.0,1115,880076.0,control,0,2019-12-09,2019,0.0,Male,White,2001.0,19.0,0.0,0.0,0.0,0.0,0.0,0.0,2021-06-08,-1,2018,2018-01-01,2019-01-01,0,0,0.0,0.0,0,0,0.0,0.0,0,0
C_1115_880076.0,1115,880076.0,control,0,2019-12-09,2019,0.0,Male,White,2001.0,19.0,0.0,0.0,0.0,0.0,0.0,0.0,2021-06-08,0,2019,2019-01-01,2020-01-01,1,1,0.0,0.0,0,0,0.0,0.0,0,0
C_1115_880076.0,1115,880076.0,control,0,2019-12-09,2019,0.0,Male,White,2001.0,19.0,0.0,0.0,0.0,0.0,0.0,0.0,2021-06-08,1,2020,2020-01-01,2021-01-01,1,1,0.0,0.0,0,1,1.0,1.0,0,0
C_1120_1075994.0,1120,1075994.0,control,0,2019-12-16,2019,0.0,Male,White,1989.0,18.0,4.0,1.0,4.0,0.0,0.0,0.0,2021-06-15,-2,2017,2017-01-01,2018-01-01,0,0,0.0,0.0,1,1,0.0,0.0,1,0
C_1120_1075994.0,1120,1075994.0,control,0,2019-12-16,2019,0.0,Male,White,1989.0,18.0,4.0,1.0,4.0,0.0,0.0,0.0,2021-06-15,-1,2018,2018-01-01,2019-01-01,0,0,0.0,0.0,1,1,0.0,0.0,1,0
C_1120_1075994.0,1120,1075994.0,control,0,2019-12-16,2019,0.0,Male,White,1989.0,18.0,4.0,1.0,4.0,0.0,0.0,0.0,2021-06-15,0,2019,2019-01-01,2020-01-01,1,1,0.0,0.0,1,1,0.0,0.0,1,0
C_1120_1075994.0,1120,1075994.0,control,0,2019-12-16,2019,0.0,Male,White,1989.0,18.0,4.0,1.0,4.0,0.0,0.0,0.0,2021-06-15,1,2020,2020-01-01,2021-01-01,1,1,0.0,0.0,1,1,0.0,0.0,1,0
C_1123_1739864.0,1123,1739864.0,control,0,2020-01-06,2020,0.0,Female,Black,1991.0,23.0,2.0,1.0,2.0,0.0,0.0,0.0,2021-07-06,-2,2018,2018-01-01,2019-01-01,0,0,0.0,0.0,1,1,0.0,0.0,1,0
C_1123_1739864.0,1123,1739864.0,control,0,2020-01-06,2020,0.0,Female,Black,1991.0,23.0,2.0,1.0,2.0,0.0,0.0,0.0,2021-07-06,-1,2019,2019-01-01,2020-01-01,0,0,0.0,0.0,1,1,0.0,0.0,1,0
C_1123_1739864.0,1123,1739864.0,control,0,2020-01-06,2020,0.0,Female,Black,1991.0,23.0,2.0,1.0,2.0,0.0,0.0,0.0,2021-07-06,0,2020,2020-01-01,2021-01-01,1,1,0.0,0.0,1,1,0.0,0.0,1,0
C_1123_1739864.0,1123,1739864.0,control,0,2020-01-06,2020,0.0,Female,Black,1991.0,23.0,2.0,1.0,2.0,0.0,0.0,0.0,2021-07-06,1,2021,2021-01-01,2022-01-01,1,1,0.0,0.0,1,1,0.0,0.0,1,0
C_1124_1355606.0,1124,1355606.0,control,0,2019-12-16,2019,0.0,Male,Black,1991.0,21.0,4.0,0.0,4.0,19319.370866645768,1.0,0.0,2021-06-15,-2,2017,2017-01-01,2018-01-01,0,0,0.0,0.0,1,1,0.0,0.0,1,0
C_1124_1355606.0,1124,1355606.0,control,0,2019-12-16,2019,0.0,Male,Black,1991.0,21.0,4.0,0.0,4.0,19319.370866645768,1.0,0.0,2021-06-15,-1,2018,2018-01-01,2019-01-01,0,0,0.0,0.0,1,1,0.0,0.0,1,0
C_1124_1355606.0,1124,1355606.0,control,0,2019-12-16,2019,0.0,Male,Black,1991.0,21.0,4.0,0.0,4.0,19319.370866645768,1.0,0.0,2021-06-15,0,2019,2019-01-01,2020-01-01,1,1,0.0,0.0,1,1,0.0,0.0,1,0
C_1124_1355606.0,1124,1355606.0,control,0,2019-12-16,2019,0.0,Male,Black,1991.0,21.0,4.0,0.0,4.0,19319.370866645768,1.0,0.0,2021-06-15,1,2020,2020-01-01,2021-01-01,1,1,31527.913656494795,1.0,1,1,0.0,0.0,1,0
C_1125_861599.0,1125,861599.0,control,0,2019-12-16,2019,0.0,Male,Black,1998.0,20.0,2.0,1.0,2.0,5778.129096953023,1.0,0.0,2021-06-15,-2,2017,2017-01-01,2018-01-01,0,0,0.0,0.0,0,0,0.0,0.0,1,0
C_1125_861599.0,1125,861599.0,control,0,2019-12-16,2019,0.0,Male,Black,1998.0,20.0,2.0,1.0,2.0,5778.129096953023,1.0,0.0,2021-06-15,-1,2018,2018-01-01,2019-01-01,0,0,0.0,0.0,0,1,0.0,0.0,1,0
C_1125_861599.0,1125,861599.0,control,0,2019-12-16,2019,0.0,Male,Black,1998.0,20.0,2.0,1.0,2.0,5778.129096953023,1.0,0.0,2021-06-15,0,2019,2019-01-01,2020-01-01,1,1,0.0,0.0,1,1,0.0,0.0,1,0
C_1125_861599.0,1125,861599.0,control,0,2019-12-16,2019,0.0,Male,Black,1998.0,20.0,2.0,1.0,2.0,5778.129096953023,1.0,0.0,2021-06-15,1,2020,2020-01-01,2021-01-01,1,1,1827.955074288592,1.0,1,1,0.0,0.0,1,0
C_1128_861599.0,1128,861599.0,control,0,2020-01-15,2020,0.0,Male,Black,1998.0,20.0,2.0,1.0,2.0,4067.6600301571684,1.0,0.0,2021-07-15,-2,2018,2018-01-01,2019-01-01,0,0,0.0,0.0,0,1,0.0,0.0,1,0
C_1128_861599.0,1128,861599.0,control,0,2020-01-15,2020,0.0,Male,Black,1998.0,20.0,2.0,1.0,2.0,4067.6600301571684,1.0,0.0,2021-07-15,-1,2019,2019-01-01,2020-01-01,0,0,0.0,0.0,1,1,0.0,0.0,1,0
C_1128_861599.0,1128,861599.0,control,0,2020-01-15,2020,0.0,Male,Black,1998.0,20.0,2.0,1.0,2.0,4067.6600301571684,1.0,0.0,2021-07-15,0,2020,2020-01-01,2021-01-01,1,1,1827.955074288592,1.0,1,1,0.0,0.0,1,0
C_1128_861599.0,1128,861599.0,control,0,2020-01-15,2020,0.0,Male,Black,1998.0,20.0,2.0,1.0,2.0,4067.6600301571684,1.0,0.0,2021-07-15,1,2021,2021-01-01,2022-01-01,1,1,0.0,0.0,1,1,0.0,0.0,1,0
C_1131_399649.0,1131,399649.0,control,0,2020-01-14,2020,0.0,Male,Black,1993.0,26.0,0.0,0.0,0.0,0.0,0.0,0.0,2021-07-14,-2,2018,2018-01-01,2019-01-01,0,0,0.0,0.0,0,0,0.0,0.0,0,0
C_1131_399649.0,1131,399649.0,control,0,2020-01-14,2020,0.0,Male,Black,1993.0,26.0,0.0,0.0,0.0,0.0,0.0,0.0,2021-07-14,-1,2019,2019-01-01,2020-01-01,0,0,0.0,0.0,0,0,0.0,0.0,0,0
C_1131_399649.0,1131,399649.0,control,0,2020-01-14,2020,0.0,Male,Black,1993.0,26.0,0.0,0.0,0.0,0.0,0.0,0.0,2021-07-14,0,2020,2020-01-01,2021-01-01,1,1,0.0,0.0,0,1,1.0,1.0,0,0
C_1131_399649.0,1131,399649.0,control,0,2020-01-14,2020,0.0,Male,Black,1993.0,26.0,0.0,0.0,0.0,0.0,0.0,0.0,2021-07-14,1,2021,2021-01-01,2022-01-01,1,1,0.0,0.0,1,1,0.0,0.0,0,0
C_1133_843110.0,1133,843110.0,control,0,2020-01-15,2020,0.0,Female,White,1996.0,19.0,1.0,0.0,1.0,13001.606362776824,1.0,0.0,2021-07-15,-2,2018,2018-01-01,2019-01-01,0,0,0.0,0.0,1,1,0.0,0.0,1,0
C_1133_843110.0,1133,843110.0,control,0,2020-01-15,2020,0.0,Female,White,1996.0,19.0,1.0,0.0,1.0,13001.606362776824,1.0,0.0,2021-07-15,-1,2019,2019-01-01,2020-01-01,0,0,0.0,0.0,1,1,0.0,0.0,1,0
C_1133_843110.0,1133,843110.0,control,0,2020-01-15,2020,0.0,Female,White,1996.0,19.0,1.0,0.0,1.0,13001.606362776824,1.0,0.0,2021-07-15,0,2020,2020-01-01,2021-01-01,1,1,0.0,0.0,1,1,0.0,0.0,1,0
C_1133_843110.0,1133,843110.0,control,0,2020-01-15,2020,0.0,Female,White,1996.0,19.0,1.0,0.0,1.0,13001.606362776824,1.0,0.0,2021-07-15,1,2021,2021-01-01,2022-01-01,1,1,0.0,0.0,1,1,0.0,0.0,1,0
C_1136_480129.0,1136,480129.0,control,0,2020-01-20,2020,0.0,Male,Black,1995.0,23.0,0.0,0.0,1.0,1079.5852225686206,0.0,0.0,2021-07-20,-2,2018,2018-01-01,2019-01-01,0,0,0.0,0.0,0,0,0.0,0.0,1,0
C_1136_480129.0,1136,480129.0,control,0,2020-01-20,2020,0.0,Male,Black,1995.0,23.0,0.0,0.0,1.0,1079.5852225686206,0.0,0.0,2021-07-20,-1,2019,2019-01-01,2020-01-01,0,0,0.0,0.0,0,1,0.0,0.0,1,0
C_1136_480129.0,1136,480129.0,control,0,2020-01-20,2020,0.0,Male,Black,1995.0,23.0,0.0,0.0,1.0,1079.5852225686206,0.0,0.0,2021-07-20,0,2020,2020-01-01,2021-01-01,1,1,8026.891006396032,1.0,1,1,0.0,0.0,1,0
C_1136_480129.0,1136,480129.0,control,0,2020-01-20,2020,0.0,Male,Black,1995.0,23.0,0.0,0.0,1.0,1079.5852225686206,0.0,0.0,2021-07-20,1,2021,2021-01-01,2022-01-01,1,1,3747.314421410692,1.0,1,1,0.0,0.0,1,0
C_1143_1355606.0,1143,1355606.0,control,0,2020-01-27,2020,0.0,Male,Black,1991.0,21.0,4.0,0.0,4.0,28887.511087078594,1.0,0.0,2021-07-27,-2,2018,2018-01-01,2019-01-01,0,0,0.0,0.0,1,1,0.0,0.0,1,0
C_1143_1355606.0,1143,1355606.0,control,0,2020-01-27,2020,0.0,Male,Black,1991.0,21.0,4.0,0.0,4.0,28887.511087078594,1.0,0.0,2021-07-27,-1,2019,2019-01-01,2020-01-01,0,0,0.0,0.0,1,1,0.0,0.0,1,0
C_1143_1355606.0,1143,1355606.0,control,0,2020-01-27,2020,0.0,Male,Black,1991.0,21.0,4.0,0.0,4.0,28887.511087078594,1.0,0.0,2021-07-27,0,2020,2020-01-01,2021-01-01,1,1,31527.913656494795,1.0,1,1,0.0,0.0,1,0
C_1143_1355606.0,1143,1355606.0,control,0,2020-01-27,2020,0.0,Male,Black,1991.0,21.0,4.0,0.0,4.0,28887.511087078594,1.0,0.0,2021-07-27,1,2021,2021-01-01,2022-01-01,1,1,29379.869961953722,1.0,1,1,0.0,0.0,1,0
C_1145_1355606.0,1145,1355606.0,control,0,2020-02-03,2020,0.0,Male,Black,1991.0,21.0,4.0,0.0,4.0,28887.511087078594,1.0,0.0,2021-08-03,-2,2018,2018-01-01,2019-01-01,0,0,0.0,0.0,1,1,0.0,0.0,1,0
C_1145_1355606.0,1145,1355606.0,control,0,2020-02-03,2020,0.0,Male,Black,1991.0,21.0,4.0,0.0,4.0,28887.511087078594,1.0,0.0,2021-08-03,-1,2019,2019-01-01,2020-01-01,0,0,0.0,0.0,1,1,0.0,0.0,1,0
C_1145_1355606.0,1145,1355606.0,control,0,2020-02-03,2020,0.0,Male,Black,1991.0,21.0,4.0,0.0,4.0,28887.511087078594,1.0,0.0,2021-08-03,0,2020,2020-01-01,2021-01-01,1,1,31527.913656494795,1.0,1,1,0.0,0.0,1,0
C_1145_1355606.0,1145,1355606.0,control,0,2020-02-03,2020,0.0,Male,Black,1991.0,21.0,4.0,0.0,4.0,28887.511087078594,1.0,0.0,2021-08-03,1,2021,2021-01-01,2022-01-01,1,1,29379.869961953722,1.0,1,1,0.0,0.0,1,0
C_1146_1355606.0,1146,1355606.0,control,0,2020-02-03,2020,0.0,Male,Black,1991.0,21.0,4.0,0.0,4.0,28887.511087078594,1.0,0.0,2021-08-03,-2,2018,2018-01-01,2019-01-01,0,0,0.0,0.0,1,1,0.0,0.0,1,0
C_1146_1355606.0,1146,1355606.0,control,0,2020-02-03,2020,0.0,Male,Black,1991.0,21.0,4.0,0.0,4.0,28887.511087078594,1.0,0.0,2021-08-03,-1,2019,2019-01-01,2020-01-01,0,0,0.0,0.0,1,1,0.0,0.0,1,0
C_1146_1355606.0,1146,1355606.0,control,0,2020-02-03,2020,0.0,Male,Black,1991.0,21.0,4.0,0.0,4.0,28887.511087078594,1.0,0.0,2021-08-03,0,2020,2020-01-01,2021-01-01,1,1,31527.913656494795,1.0,1,1,0.0,0.0,1,0
C_1146_1355606.0,1146,1355606.0,control,0,2020-02-03,2020,0.0,Male,Black,1991.0,21.0,4.0,0.0,4.0,28887.511087078594,1.0,0.0,2021-08-03,1,2021,2021-01-01,2022-01-01,1,1,29379.869961953722,1.0,1,1,0.0,0.0,1,0
C_1147_909976.0,1147,909976.0,control,0,2020-02-10,2020,0.0,Male,Black,2001.0,18.0,0.0,0.0,0.0,1538.7963444292745,1.0,0.0,2021-08-10,-2,2018,2018-01-01,2019-01-01,0,0,0.0,0.0,0,0,0.0,0.0,0,0
C_1147_909976.0,1147,909976.0,control,0,2020-02-10,2020,0.0,Male,Black,2001.0,18.0,0.0,0.0,0.0,1538.7963444292745,1.0,0.0,2021-08-10,-1,2019,2019-01-01,2020-01-01,0,0,0.0,0.0,0,0,0.0,0.0,0,0
C_1147_909976.0,1147,909976.0,control,0,2020-02-10,2020,0.0,Male,Black,2001.0,18.0,0.0,0.0,0.0,1538.7963444292745,1.0,0.0,2021-08-10,0,2020,2020-01-01,2021-01-01,1,1,1232.896619240308,1.0,0,1,2.0,1.0,0,0
C_1147_909976.0,1147,909976.0,control,0,2020-02-10,2020,0.0,Male,Black,2001.0,18.0,0.0,0.0,0.0,1538.7963444292745,1.0,0.0,2021-08-10,1,2021,2021-01-01,2022-01-01,1,1,3309.002599227557,1.0,1,1,1.0,1.0,0,0
C_1152_198208.0,1152,198208.0,control,0,2020-02-17,2020,0.0,Male,Black,1986.0,32.0,1.0,0.0,1.0,0.0,0.0,0.0,2021-08-17,-2,2018,2018-01-01,2019-01-01,0,0,0.0,0.0,0,1,0.0,0.0,1,0
C_1152_198208.0,1152,198208.0,control,0,2020-02-17,2020,0.0,Male,Black,1986.0,32.0,1.0,0.0,1.0,0.0,0.0,0.0,2021-08-17,-1,2019,2019-01-01,2020-01-01,0,0,0.0,0.0,1,1,0.0,0.0,1,0
C_1152_198208.0,1152,198208.0,control,0,2020-02-17,2020,0.0,Male,Black,1986.0,32.0,1.0,0.0,1.0,0.0,0.0,0.0,2021-08-17,0,2020,2020-01-01,2021-01-01,1,1,0.0,0.0,1,1,0.0,0.0,1,0
C_1152_198208.0,1152,198208.0,control,0,2020-02-17,2020,0.0,Male,Black,1986.0,32.0,1.0,0.0,1.0,0.0,0.0,0.0,2021-08-17,1,2021,2021-01-01,2022-01-01,1,1,0.0,0.0,1,1,0.0,0.0,1,0
C_1154_1458183.0,1154,1458183.0,control,0,2020-02-17,2020,0.0,Male,Black,1990.0,18.0,7.0,1.0,7.0,0.0,0.0,0.0,2021-08-17,-2,2018,2018-01-01,2019-01-01,0,0,0.0,0.0,1,1,0.0,0.0,1,0
C_1154_1458183.0,1154,1458183.0,control,0,2020-02-17,2020,0.0,Male,Black,1990.0,18.0,7.0,1.0,7.0,0.0,0.0,0.0,2021-08-17,-1,2019,2019-01-01,2020-01-01,0,0,0.0,0.0,1,1,0.0,0.0,1,0
C_1154_1458183.0,1154,1458183.0,control,0,2020-02-17,2020,0.0,Male,Black,1990.0,18.0,7.0,1.0,7.0,0.0,0.0,0.0,2021-08-17,0,2020,2020-01-01,2021-01-01,1,1,0.0,0.0,1,1,0.0,0.0,1,0
C_1154_1458183.0,1154,1458183.0,control,0,2020-02-17,2020,0.0,Male,Black,1990.0,18.0,7.0,1.0,7.0,0.0,0.0,0.0,2021-08-17,1,2021,2021-01-01,2022-01-01,1,1,0.0,0.0,1,1,0.0,0.0,1,0
C_1155_911774.0,1155,911774.0,control,0,2020-02-24,2020,0.0,Male,Black,1999.0,21.0,0.0,0.0,0.0,796.9827032157256,1.0,0.0,2021-08-24,-2,2018,2018-01-01,2019-01-01,0,0,0.0,0.0,0,0,0.0,0.0,0,0
C_1155_911774.0,1155,911774.0,control,0,2020-02-24,2020,0.0,Male,Black,1999.0,21.0,0.0,0.0,0.0,796.9827032157256,1.0,0.0,2021-08-24,-1,2019,2019-01-01,2020-01-01,0,0,0.0,0.0,0,0,0.0,0.0,0,0
C_1155_911774.0,1155,911774.0,control,0,2020-02-24,2020,0.0,Male,Black,1999.0,21.0,0.0,0.0,0.0,796.9827032157256,1.0,0.0,2021-08-24,0,2020,2020-01-01,2021-01-01,1,1,0.0,0.0,0,1,1.0,1.0,0,0
C_1155_911774.0,1155,911774.0,control,0,2020-02-24,2020,0.0,Male,Black,1999.0,21.0,0.0,0.0,0.0,796.9827032157256,1.0,0.0,2021-08-24,1,2021,2021-01-01,2022-01-01,1,1,0.0,0.0,1,1,0.0,0.0,0,0
C_1157_1214343.0,1157,1214343.0,control,0,2020-02-24,2020,0.0,Male,Black,1992.0,23.0,1.0,0.0,1.0,14399.171617640164,1.0,0.0,2021-08-24,-2,2018,2018-01-01,2019-01-01,0,0,0.0,0.0,1,1,0.0,0.0,1,0
C_1157_1214343.0,1157,1214343.0,control,0,2020-02-24,2020,0.0,Male,Black,1992.0,23.0,1.0,0.0,1.0,14399.171617640164,1.0,0.0,2021-08-24,-1,2019,2019-01-01,2020-01-01,0,0,0.0,0.0,1,1,0.0,0.0,1,0
C_1157_1214343.0,1157,1214343.0,control,0,2020-02-24,2020,0.0,Male,Black,1992.0,23.0,1.0,0.0,1.0,14399.171617640164,1.0,0.0,2021-08-24,0,2020,2020-01-01,2021-01-01,1,1,25114.31324347197,1.0,1,1,0.0,0.0,1,0
C_1157_1214343.0,1157,1214343.0,control,0,2020-02-24,2020,0.0,Male,Black,1992.0,23.0,1.0,0.0,1.0,14399.171617640164,1.0,0.0,2021-08-24,1,2021,2021-01-01,2022-01-01,1,1,10337.826798601825,1.0,1,1,0.0,0.0,1,0
C_1158_1458183.0,1158,1458183.0,control,0,2020-02-24,2020,0.0,Male,Black,1990.0,18.0,7.0,1.0,7.0,0.0,0.0,0.0,2021-08-24,-2,2018,2018-01-01,2019-01-01,0,0,0.0,0.0,1,1,0.0,0.0,1,0
C_1158_1458183.0,1158,1458183.0,control,0,2020-02-24,2020,0.0,Male,Black,1990.0,18.0,7.0,1.0,7.0,0.0,0.0,0.0,2021-08-24,-1,2019,2019-01-01,2020-01-01,0,0,0.0,0.0,1,1,0.0,0.0,1,0
C_1158_1458183.0,1158,1458183.0,control,0,2020-02-24,2020,0.0,Male,Black,1990.0,18.0,7.0,1.0,7.0,0.0,0.0,0.0,2021-08-24,0,2020,2020-01-01,2021-01-01,1,1,0.0,0.0,1,1,0.0,0.0,1,0
C_1158_1458183.0,1158,1458183.0,control,0,2020-02-24,2020,0.0,Male,Black,1990.0,18.0,7.0,1.0,7.0,0.0,0.0,0.0,2021-08-24,1,2021,2021-01-01,2022-01-01,1,1,0.0,0.0,1,1,0.0,0.0,1,0
C_1160_880076.0,1160,880076.0,control,0,2020-02-26,2020,0.0,Male,White,2001.0,19.0,0.0,0.0,0.0,0.0,0.0,0.0,2021-08-26,-2,2018,2018-01-01,2019-01-01,0,0,0.0,0.0,0,0,0.0,0.0,0,0
C_1160_880076.0,1160,880076.0,control,0,2020-02-26,2020,0.0,Male,White,2001.0,19.0,0.0,0.0,0.0,0.0,0.0,0.0,2021-08-26,-1,2019,2019-01-01,2020-01-01,0,0,0.0,0.0,0,0,0.0,0.0,0,0
C_1160_880076.0,1160,880076.0,control,0,2020-02-26,2020,0.0,Male,White,2001.0,19.0,0.0,0.0,0.0,0.0,0.0,0.0,2021-08-26,0,2020,2020-01-01,2021-01-01,1,1,0.0,0.0,0,1,1.0,1.0,0,0
C_1160_880076.0,1160,880076.0,control,0,2020-02-26,2020,0.0,Male,White,2001.0,19.0,0.0,0.0,0.0,0.0,0.0,0.0,2021-08-26,1,2021,2021-01-01,2022-01-01,1,1,0.0,0.0,1,1,0.0,0.0,0,0
C_1165_1033969.0,1165,1033969.0,control,0,2020-03-02,2020,0.0,Male,Black,1997.0,19.0,4.0,1.0,4.0,18330.43419473485,1.0,0.0,2021-08-31,-2,2018,2018-01-01,2019-01-01,0,0,0.0,0.0,1,1,0.0,0.0,1,0
C_1165_1033969.0,1165,1033969.0,control,0,2020-03-02,2020,0.0,Male,Black,1997.0,19.0,4.0,1.0,4.0,18330.43419473485,1.0,0.0,2021-08-31,-1,2019,2019-01-01,2020-01-01,0,0,0.0,0.0,1,1,0.0,0.0,1,0
C_1165_1033969.0,1165,1033969.0,control,0,2020-03-02,2020,0.0,Male,Black,1997.0,19.0,4.0,1.0,4.0,18330.43419473485,1.0,0.0,2021-08-31,0,2020,2020-01-01,2021-01-01,1,1,8545.204508798945,1.0,1,1,0.0,0.0,1,0
C_1165_1033969.0,1165,1033969.0,control,0,2020-03-02,2020,0.0,Male,Black,1997.0,19.0,4.0,1.0,4.0,18330.43419473485,1.0,0.0,2021-08-31,1,2021,2021-01-01,2022-01-01,1,1,0.0,0.0,1,1,0.0,0.0,1,0
C_1166_1311792.0,1166,1311792.0,control,0,2020-03-09,2020,0.0,Male,Black,1996.0,18.0,5.0,1.0,5.0,0.0,0.0,0.0,2021-09-07,-2,2018,2018-01-01,2019-01-01,0,0,0.0,0.0,1,1,0.0,0.0,1,0
C_1166_1311792.0,1166,1311792.0,control,0,2020-03-09,2020,0.0,Male,Black,1996.0,18.0,5.0,1.0,5.0,0.0,0.0,0.0,2021-09-07,-1,2019,2019-01-01,2020-01-01,0,0,0.0,0.0,1,1,0.0,0.0,1,0
C_1166_1311792.0,1166,1311792.0,control,0,2020-03-09,2020,0.0,Male,Black,1996.0,18.0,5.0,1.0,5.0,0.0,0.0,0.0,2021-09-07,0,2020,2020-01-01,2021-01-01,1,1,0.0,0.0,1,1,0.0,0.0,1,0
C_1166_1311792.0,1166,1311792.0,control,0,2020-03-09,2020,0.0,Male,Black,1996.0,18.0,5.0,1.0,5.0,0.0,0.0,0.0,2021-09-07,1,2021,2021-01-01,2022-01-01,1,1,0.0,0.0,1,1,0.0,0.0,1,0
C_1172_911774.0,1172,911774.0,control,0,2020-03-16,2020,0.0,Male,Black,1999.0,21.0,0.0,0.0,0.0,796.9827032157256,1.0,0.0,2021-09-14,-2,2018,2018-01-01,2019-01-01,0,0,0.0,0.0,0,0,0.0,0.0,0,0
C_1172_911774.0,1172,911774.0,control,0,2020-03-16,2020,0.0,Male,Black,1999.0,21.0,0.0,0.0,0.0,796.9827032157256,1.0,0.0,2021-09-14,-1,2019,2019-01-01,2020-01-01,0,0,0.0,0.0,0,0,0.0,0.0,0,0
C_1172_911774.0,1172,911774.0,control,0,2020-03-16,2020,0.0,Male,Black,1999.0,21.0,0.0,0.0,0.0,796.9827032157256,1.0,0.0,2021-09-14,0,2020,2020-01-01,2021-01-01,1,1,0.0,0.0,0,1,1.0,1.0,0,0
C_1172_911774.0,1172,911774.0,control,0,2020-03-16,2020,0.0,Male,Black,1999.0,21.0,0.0,0.0,0.0,796.9827032157256,1.0,0.0,2021-09-14,1,2021,2021-01-01,2022-01-01,1,1,0.0,0.0,1,1,0.0,0.0,0,0
C_1174_880076.0,1174,880076.0,control,0,2020-03-16,2020,0.0,Male,White,2001.0,19.0,0.0,0.0,0.0,0.0,0.0,0.0,2021-09-14,-2,2018,2018-01-01,2019-01-01,0,0,0.0,0.0,0,0,0.0,0.0,0,0
C_1174_880076.0,1174,880076.0,control,0,2020-03-16,2020,0.0,Male,White,2001.0,19.0,0.0,0.0,0.0,0.0,0.0,0.0,2021-09-14,-1,2019,2019-01-01,2020-01-01,0,0,0.0,0.0,0,0,0.0,0.0,0,0
C_1174_880076.0,1174,880076.0,control,0,2020-03-16,2020,0.0,Male,White,2001.0,19.0,0.0,0.0,0.0,0.0,0.0,0.0,2021-09-14,0,2020,2020-01-01,2021-01-01,1,1,0.0,0.0,0,1,1.0,1.0,0,0
C_1174_880076.0,1174,880076.0,control,0,2020-03-16,2020,0.0,Male,White,2001.0,19.0,0.0,0.0,0.0,0.0,0.0,0.0,2021-09-14,1,2021,2021-01-01,2022-01-01,1,1,0.0,0.0,1,1,0.0,0.0,0,0
C_1176_1275953.0,1176,1275953.0,control,0,2020-03-16,2020,0.0,Male,Black,1980.0,22.0,4.0,1.0,4.0,0.0,0.0,0.0,2021-09-14,-2,2018,2018-01-01,2019-01-01,0,0,0.0,0.0,1,1,0.0,0.0,1,0
C_1176_1275953.0,1176,1275953.0,control,0,2020-03-16,2020,0.0,Male,Black,1980.0,22.0,4.0,1.0,4.0,0.0,0.0,0.0,2021-09-14,-1,2019,2019-01-01,2020-01-01,0,0,0.0,0.0,1,1,0.0,0.0,1,0
C_1176_1275953.0,1176,1275953.0,control,0,2020-03-16,2020,0.0,Male,Black,1980.0,22.0,4.0,1.0,4.0,0.0,0.0,0.0,2021-09-14,0,2020,2020-01-01,2021-01-01,1,1,0.0,0.0,1,1,0.0,0.0,1,0
C_1176_1275953.0,1176,1275953.0,control,0,2020-03-16,2020,0.0,Male,Black,1980.0,22.0,4.0,1.0,4.0,0.0,0.0,0.0,2021-09-14,1,2021,2021-01-01,2022-01-01,1,1,0.0,0.0,1,1,0.0,0.0,1,0
C_1178_1033969.0,1178,1033969.0,control,0,2020-03-16,2020,0.0,Male,Black,1997.0,19.0,4.0,1.0,4.0,18330.43419473485,1.0,0.0,2021-09-14,-2,2018,2018-01-01,2019-01-01,0,0,0.0,0.0,1,1,0.0,0.0,1,0
C_1178_1033969.0,1178,1033969.0,control,0,2020-03-16,2020,0.0,Male,Black,1997.0,19.0,4.0,1.0,4.0,18330.43419473485,1.0,0.0,2021-09-14,-1,2019,2019-01-01,2020-01-01,0,0,0.0,0.0,1,1,0.0,0.0,1,0
C_1178_1033969.0,1178,1033969.0,control,0,2020-03-16,2020,0.0,Male,Black,1997.0,19.0,4.0,1.0,4.0,18330.43419473485,1.0,0.0,2021-09-14,0,2020,2020-01-01,2021-01-01,1,1,8545.204508798945,1.0,1,1,0.0,0.0,1,0
C_1178_1033969.0,1178,1033969.0,control,0,2020-03-16,2020,0.0,Male,Black,1997.0,19.0,4.0,1.0,4.0,18330.43419473485,1.0,0.0,2021-09-14,1,2021,2021-01-01,2022-01-01,1,1,0.0,0.0,1,1,0.0,0.0,1,0
C_1181_375735.0,1181,375735.0,control,0,2020-06-29,2020,0.0,Male,White,1988.0,30.0,2.0,1.0,2.0,5015.908813241193,0.0,0.0,2021-12-28,-2,2018,2018-01-01,2019-01-01,0,0,0.0,0.0,0,1,0.0,0.0,1,0
C_1181_375735.0,1181,375735.0,control,0,2020-06-29,2020,0.0,Male,White,1988.0,30.0,2.0,1.0,2.0,5015.908813241193,0.0,0.0,2021-12-28,-1,2019,2019-01-01,2020-01-01,0,0,0.0,0.0,1,1,0.0,0.0,1,0
C_1181_375735.0,1181,375735.0,control,0,2020-06-29,2020,0.0,Male,White,1988.0,30.0,2.0,1.0,2.0,5015.908813241193,0.0,0.0,2021-12-28,0,2020,2020-01-01,2021-01-01,1,1,0.0,0.0,1,1,0.0,0.0,1,0
C_1181_375735.0,1181,375735.0,control,0,2020-06-29,2020,0.0,Male,White,1988.0,30.0,2.0,1.0,2.0,5015.908813241193,0.0,0.0,2021-12-28,1,2021,2021-01-01,2022-01-01,1,1,0.0,0.0,1,1,0.0,0.0,1,0
C_1186_914860.0,1186,914860.0,control,0,2020-05-26,2020,0.0,Male,Black,2002.0,19.0,0.0,0.0,0.0,0.0,0.0,0.0,2021-11-24,-2,2018,2018-01-01,2019-01-01,0,0,0.0,0.0,0,0,0.0,0.0,0,0
C_1186_914860.0,1186,914860.0,control,0,2020-05-26,2020,0.0,Male,Black,2002.0,19.0,0.0,0.0,0.0,0.0,0.0,0.0,2021-11-24,-1,2019,2019-01-01,2020-01-01,0,0,0.0,0.0,0,0,0.0,0.0,0,0
C_1186_914860.0,1186,914860.0,control,0,2020-05-26,2020,0.0,Male,Black,2002.0,19.0,0.0,0.0,0.0,0.0,0.0,0.0,2021-11-24,0,2020,2020-01-01,2021-01-01,1,1,0.0,0.0,0,0,0.0,0.0,0,0
C_1186_914860.0,1186,914860.0,control,0,2020-05-26,2020,0.0,Male,Black,2002.0,19.0,0.0,0.0,0.0,0.0,0.0,0.0,2021-11-24,1,2021,2021-01-01,2022-01-01,1,1,0.0,0.0,0,1,2.0,1.0,0,0
C_1189_1458183.0,1189,1458183.0,control,0,2020-05-26,2020,0.0,Male,Black,1990.0,18.0,7.0,1.0,7.0,0.0,0.0,0.0,2021-11-24,-2,2018,2018-01-01,2019-01-01,0,0,0.0,0.0,1,1,0.0,0.0,1,0
C_1189_1458183.0,1189,1458183.0,control,0,2020-05-26,2020,0.0,Male,Black,1990.0,18.0,7.0,1.0,7.0,0.0,0.0,0.0,2021-11-24,-1,2019,2019-01-01,2020-01-01,0,0,0.0,0.0,1,1,0.0,0.0,1,0
C_1189_1458183.0,1189,1458183.0,control,0,2020-05-26,2020,0.0,Male,Black,1990.0,18.0,7.0,1.0,7.0,0.0,0.0,0.0,2021-11-24,0,2020,2020-01-01,2021-01-01,1,1,0.0,0.0,1,1,0.0,0.0,1,0
C_1189_1458183.0,1189,1458183.0,control,0,2020-05-26,2020,0.0,Male,Black,1990.0,18.0,7.0,1.0,7.0,0.0,0.0,0.0,2021-11-24,1,2021,2021-01-01,2022-01-01,1,1,0.0,0.0,1,1,0.0,0.0,1,0
C_1190_1458014.0,1190,1458014.0,control,0,2020-05-26,2020,0.0,Female,Black,1988.0,29.0,4.0,0.0,4.0,6156.761835193933,1.0,0.0,2021-11-24,-2,2018,2018-01-01,2019-01-01,0,0,0.0,0.0,0,1,0.0,0.0,1,0
C_1190_1458014.0,1190,1458014.0,control,0,2020-05-26,2020,0.0,Female,Black,1988.0,29.0,4.0,0.0,4.0,6156.761835193933,1.0,0.0,2021-11-24,-1,2019,2019-01-01,2020-01-01,0,0,0.0,0.0,1,1,0.0,0.0,1,0
C_1190_1458014.0,1190,1458014.0,control,0,2020-05-26,2020,0.0,Female,Black,1988.0,29.0,4.0,0.0,4.0,6156.761835193933,1.0,0.0,2021-11-24,0,2020,2020-01-01,2021-01-01,1,1,18887.500485371533,1.0,1,1,0.0,0.0,1,0
C_1190_1458014.0,1190,1458014.0,control,0,2020-05-26,2020,0.0,Female,Black,1988.0,29.0,4.0,0.0,4.0,6156.761835193933,1.0,0.0,2021-11-24,1,2021,2021-01-01,2022-01-01,1,1,8939.921659090016,1.0,1,1,0.0,0.0,1,0
C_1194_399649.0,1194,399649.0,control,0,2020-06-01,2020,0.0,Male,Black,1993.0,26.0,0.0,0.0,1.0,0.0,0.0,0.0,2021-11-30,-2,2018,2018-01-01,2019-01-01,0,0,0.0,0.0,0,0,0.0,0.0,1,0
C_1194_399649.0,1194,399649.0,control,0,2020-06-01,2020,0.0,Male,Black,1993.0,26.0,0.0,0.0,1.0,0.0,0.0,0.0,2021-11-30,-1,2019,2019-01-01,2020-01-01,0,0,0.0,0.0,0,0,0.0,0.0,1,0
C_1194_399649.0,1194,399649.0,control,0,2020-06-01,2020,0.0,Male,Black,1993.0,26.0,0.0,0.0,1.0,0.0,0.0,0.0,2021-11-30,0,2020,2020-01-01,2021-01-01,1,1,0.0,0.0,0,1,0.0,0.0,1,0
C_1194_399649.0,1194,399649.0,control,0,2020-06-01,2020,0.0,Male,Black,1993.0,26.0,0.0,0.0,1.0,0.0,0.0,0.0,2021-11-30,1,2021,2021-01-01,2022-01-01,1,1,0.0,0.0,1,1,0.0,0.0,1,0
C_1195_909976.0,1195,909976.0,control,0,2020-06-08,2020,0.0,Male,Black,2001.0,18.0,0.0,0.0,2.0,3440.7820408439366,0.0,0.0,2021-12-07,-2,2018,2018-01-01,2019-01-01,0,0,0.0,0.0,0,0,0.0,0.0,1,0
C_1195_909976.0,1195,909976.0,control,0,2020-06-08,2020,0.0,Male,Black,2001.0,18.0,0.0,0.0,2.0,3440.7820408439366,0.0,0.0,2021-12-07,-1,2019,2019-01-01,2020-01-01,0,0,0.0,0.0,0,0,0.0,0.0,1,0
C_1195_909976.0,1195,909976.0,control,0,2020-06-08,2020,0.0,Male,Black,2001.0,18.0,0.0,0.0,2.0,3440.7820408439366,0.0,0.0,2021-12-07,0,2020,2020-01-01,2021-01-01,1,1,1232.896619240308,1.0,0,1,0.0,0.0,1,0
C_1195_909976.0,1195,909976.0,control,0,2020-06-08,2020,0.0,Male,Black,2001.0,18.0,0.0,0.0,2.0,3440.7820408439366,0.0,0.0,2021-12-07,1,2021,2021-01-01,2022-01-01,1,1,7632.71533299592,1.0,1,1,1.0,1.0,1,1
C_1197_1063560.0,1197,1063560.0,control,0,2020-06-15,2020,0.0,Male,Black,1996.0,18.0,5.0,1.0,5.0,0.0,0.0,0.0,2021-12-14,-2,2018,2018-01-01,2019-01-01,0,0,0.0,0.0,1,1,0.0,0.0,1,0
C_1197_1063560.0,1197,1063560.0,control,0,2020-06-15,2020,0.0,Male,Black,1996.0,18.0,5.0,1.0,5.0,0.0,0.0,0.0,2021-12-14,-1,2019,2019-01-01,2020-01-01,0,0,0.0,0.0,1,1,0.0,0.0,1,0
C_1197_1063560.0,1197,1063560.0,control,0,2020-06-15,2020,0.0,Male,Black,1996.0,18.0,5.0,1.0,5.0,0.0,0.0,0.0,2021-12-14,0,2020,2020-01-01,2021-01-01,1,1,0.0,0.0,1,1,0.0,0.0,1,0
C_1197_1063560.0,1197,1063560.0,control,0,2020-06-15,2020,0.0,Male,Black,1996.0,18.0,5.0,1.0,5.0,0.0,0.0,0.0,2021-12-14,1,2021,2021-01-01,2022-01-01,1,1,0.0,0.0,1,1,0.0,0.0,1,0
C_1198_1214343.0,1198,1214343.0,control,0,2020-06-15,2020,0.0,Male,Black,1992.0,23.0,1.0,0.0,1.0,24118.1655515982,1.0,0.0,2021-12-14,-2,2018,2018-01-01,2019-01-01,0,0,0.0,0.0,1,1,0.0,0.0,1,0
C_1198_1214343.0,1198,1214343.0,control,0,2020-06-15,2020,0.0,Male,Black,1992.0,23.0,1.0,0.0,1.0,24118.1655515982,1.0,0.0,2021-12-14,-1,2019,2019-01-01,2020-01-01,0,0,0.0,0.0,1,1,0.0,0.0,1,0
C_1198_1214343.0,1198,1214343.0,control,0,2020-06-15,2020,0.0,Male,Black,1992.0,23.0,1.0,0.0,1.0,24118.1655515982,1.0,0.0,2021-12-14,0,2020,2020-01-01,2021-01-01,1,1,18186.664823194187,1.0,1,1,0.0,0.0,1,0
C_1198_1214343.0,1198,1214343.0,control,0,2020-06-15,2020,0.0,Male,Black,1992.0,23.0,1.0,0.0,1.0,24118.1655515982,1.0,0.0,2021-12-14,1,2021,2021-01-01,2022-01-01,1,1,11297.07672751437,1.0,1,1,0.0,0.0,1,0
C_1199_1063560.0,1199,1063560.0,control,0,2020-06-15,2020,0.0,Male,Black,1996.0,18.0,5.0,1.0,5.0,0.0,0.0,0.0,2021-12-14,-2,2018,2018-01-01,2019-01-01,0,0,0.0,0.0,1,1,0.0,0.0,1,0
C_1199_1063560.0,1199,1063560.0,control,0,2020-06-15,2020,0.0,Male,Black,1996.0,18.0,5.0,1.0,5.0,0.0,0.0,0.0,2021-12-14,-1,2019,2019-01-01,2020-01-01,0,0,0.0,0.0,1,1,0.0,0.0,1,0
C_1199_1063560.0,1199,1063560.0,control,0,2020-06-15,2020,0.0,Male,Black,1996.0,18.0,5.0,1.0,5.0,0.0,0.0,0.0,2021-12-14,0,2020,2020-01-01,2021-01-01,1,1,0.0,0.0,1,1,0.0,0.0,1,0
C_1199_1063560.0,1199,1063560.0,control,0,2020-06-15,2020,0.0,Male,Black,1996.0,18.0,5.0,1.0,5.0,0.0,0.0,0.0,2021-12-14,1,2021,2021-01-01,2022-01-01,1,1,0.0,0.0,1,1,0.0,0.0,1,0
C_1201_1587304.0,1201,1587304.0,control,0,2020-06-15,2020,0.0,Female,Black,1995.0,22.0,1.0,0.0,1.0,3882.387826452742,1.0,0.0,2021-12-14,-2,2018,2018-01-01,2019-01-01,0,0,0.0,0.0,0,1,0.0,0.0,1,0
C_1201_1587304.0,1201,1587304.0,control,0,2020-06-15,2020,0.0,Female,Black,1995.0,22.0,1.0,0.0,1.0,3882.387826452742,1.0,0.0,2021-12-14,-1,2019,2019-01-01,2020-01-01,0,0,0.0,0.0,1,1,0.0,0.0,1,0
C_1201_1587304.0,1201,1587304.0,control,0,2020-06-15,2020,0.0,Female,Black,1995.0,22.0,1.0,0.0,1.0,3882.387826452742,1.0,0.0,2021-12-14,0,2020,2020-01-01,2021-01-01,1,1,14534.575504346258,1.0,1,1,0.0,0.0,1,0
C_1201_1587304.0,1201,1587304.0,control,0,2020-06-15,2020,0.0,Female,Black,1995.0,22.0,1.0,0.0,1.0,3882.387826452742,1.0,0.0,2021-12-14,1,2021,2021-01-01,2022-01-01,1,1,33750.72187206689,1.0,1,1,0.0,0.0,1,0
C_1202_1214343.0,1202,1214343.0,control,0,2020-07-06,2020,0.0,Male,Black,1992.0,23.0,1.0,0.0,1.0,30520.55343951092,1.0,0.0,2022-01-04,-2,2018,2018-01-01,2019-01-01,0,0,0.0,0.0,1,1,0.0,0.0,1,0
C_1202_1214343.0,1202,1214343.0,control,0,2020-07-06,2020,0.0,Male,Black,1992.0,23.0,1.0,0.0,1.0,30520.55343951092,1.0,0.0,2022-01-04,-1,2019,2019-01-01,2020-01-01,0,0,0.0,0.0,1,1,0.0,0.0,1,0
C_1202_1214343.0,1202,1214343.0,control,0,2020-07-06,2020,0.0,Male,Black,1992.0,23.0,1.0,0.0,1.0,30520.55343951092,1.0,0.0,2022-01-04,0,2020,2020-01-01,2021-01-01,1,1,16379.081135253677,1.0,1,1,0.0,0.0,1,0
C_1202_1214343.0,1202,1214343.0,control,0,2020-07-06,2020,0.0,Male,Black,1992.0,23.0,1.0,0.0,1.0,30520.55343951092,1.0,0.0,2022-01-04,1,2021,2021-01-01,2022-01-01,1,1,16362.418195653048,1.0,1,1,0.0,0.0,1,0
C_1203_1275953.0,1203,1275953.0,control,0,2020-06-29,2020,0.0,Male,Black,1980.0,22.0,4.0,1.0,4.0,0.0,0.0,0.0,2021-12-28,-2,2018,2018-01-01,2019-01-01,0,0,0.0,0.0,1,1,0.0,0.0,1,0
C_1203_1275953.0,1203,1275953.0,control,0,2020-06-29,2020,0.0,Male,Black,1980.0,22.0,4.0,1.0,4.0,0.0,0.0,0.0,2021-12-28,-1,2019,2019-01-01,2020-01-01,0,0,0.0,0.0,1,1,0.0,0.0,1,0
C_1203_1275953.0,1203,1275953.0,control,0,2020-06-29,2020,0.0,Male,Black,1980.0,22.0,4.0,1.0,4.0,0.0,0.0,0.0,2021-12-28,0,2020,2020-01-01,2021-01-01,1,1,0.0,0.0,1,1,0.0,0.0,1,0
C_1203_1275953.0,1203,1275953.0,control,0,2020-06-29,2020,0.0,Male,Black,1980.0,22.0,4.0,1.0,4.0,0.0,0.0,0.0,2021-12-28,1,2021,2021-01-01,2022-01-01,1,1,0.0,0.0,1,1,0.0,0.0,1,0
C_1207_861599.0,1207,861599.0,control,0,2020-06-29,2020,0.0,Male,Black,1998.0,20.0,2.0,1.0,2.0,2510.4763922431666,1.0,0.0,2021-12-28,-2,2018,2018-01-01,2019-01-01,0,0,0.0,0.0,0,1,0.0,0.0,1,0
C_1207_861599.0,1207,861599.0,control,0,2020-06-29,2020,0.0,Male,Black,1998.0,20.0,2.0,1.0,2.0,2510.4763922431666,1.0,0.0,2021-12-28,-1,2019,2019-01-01,2020-01-01,0,0,0.0,0.0,1,1,0.0,0.0,1,0
C_1207_861599.0,1207,861599.0,control,0,2020-06-29,2020,0.0,Male,Black,1998.0,20.0,2.0,1.0,2.0,2510.4763922431666,1.0,0.0,2021-12-28,0,2020,2020-01-01,2021-01-01,1,1,0.0,0.0,1,1,0.0,0.0,1,0
C_1207_861599.0,1207,861599.0,control,0,2020-06-29,2020,0.0,Male,Black,1998.0,20.0,2.0,1.0,2.0,2510.4763922431666,1.0,0.0,2021-12-28,1,2021,2021-01-01,2022-01-01,1,1,0.0,0.0,1,1,0.0,0.0,1,0
C_1212_1217626.0,1212,1217626.0,control,0,2020-07-13,2020,0.0,Male,Black,1980.0,22.0,4.0,1.0,4.0,0.0,0.0,0.0,2022-01-11,-2,2018,2018-01-01,2019-01-01,0,0,0.0,0.0,1,1,0.0,0.0,1,0
C_1212_1217626.0,1212,1217626.0,control,0,2020-07-13,2020,0.0,Male,Black,1980.0,22.0,4.0,1.0,4.0,0.0,0.0,0.0,2022-01-11,-1,2019,2019-01-01,2020-01-01,0,0,0.0,0.0,1,1,0.0,0.0,1,0
C_1212_1217626.0,1212,1217626.0,control,0,2020-07-13,2020,0.0,Male,Black,1980.0,22.0,4.0,1.0,4.0,0.0,0.0,0.0,2022-01-11,0,2020,2020-01-01,2021-01-01,1,1,0.0,0.0,1,1,0.0,0.0,1,0
C_1212_1217626.0,1212,1217626.0,control,0,2020-07-13,2020,0.0,Male,Black,1980.0,22.0,4.0,1.0,4.0,0.0,0.0,0.0,2022-01-11,1,2021,2021-01-01,2022-01-01,1,1,0.0,0.0,1,1,0.0,0.0,1,0
C_1213_1214343.0,1213,1214343.0,control,0,2020-07-06,2020,0.0,Male,Black,1992.0,23.0,1.0,0.0,1.0,30520.55343951092,1.0,0.0,2022-01-04,-2,2018,2018-01-01,2019-01-01,0,0,0.0,0.0,1,1,0.0,0.0,1,0
C_1213_1214343.0,1213,1214343.0,control,0,2020-07-06,2020,0.0,Male,Black,1992.0,23.0,1.0,0.0,1.0,30520.55343951092,1.0,0.0,2022-01-04,-1,2019,2019-01-01,2020-01-01,0,0,0.0,0.0,1,1,0.0,0.0,1,0
C_1213_1214343.0,1213,1214343.0,control,0,2020-07-06,2020,0.0,Male,Black,1992.0,23.0,1.0,0.0,1.0,30520.55343951092,1.0,0.0,2022-01-04,0,2020,2020-01-01,2021-01-01,1,1,16379.081135253677,1.0,1,1,0.0,0.0,1,0
C_1213_1214343.0,1213,1214343.0,control,0,2020-07-06,2020,0.0,Male,Black,1992.0,23.0,1.0,0.0,1.0,30520.55343951092,1.0,0.0,2022-01-04,1,2021,2021-01-01,2022-01-01,1,1,16362.418195653048,1.0,1,1,0.0,0.0,1,0
C_1218_861599.0,1218,861599.0,control,0,2020-07-17,2020,0.0,Male,Black,1998.0,20.0,2.0,1.0,2.0,2510.4763922431666,1.0,0.0,2022-01-15,-2,2018,2018-01-01,2019-01-01,0,0,0.0,0.0,0,1,0.0,0.0,1,0
C_1218_861599.0,1218,861599.0,control,0,2020-07-17,2020,0.0,Male,Black,1998.0,20.0,2.0,1.0,2.0,2510.4763922431666,1.0,0.0,2022-01-15,-1,2019,2019-01-01,2020-01-01,0,0,0.0,0.0,1,1,0.0,0.0,1,0
C_1218_861599.0,1218,861599.0,control,0,2020-07-17,2020,0.0,Male,Black,1998.0,20.0,2.0,1.0,2.0,2510.4763922431666,1.0,0.0,2022-01-15,0,2020,2020-01-01,2021-01-01,1,1,0.0,0.0,1,1,0.0,0.0,1,0
C_1218_861599.0,1218,861599.0,control,0,2020-07-17,2020,0.0,Male,Black,1998.0,20.0,2.0,1.0,2.0,2510.4763922431666,1.0,0.0,2022-01-15,1,2021,2021-01-01,2022-01-01,1,1,0.0,0.0,1,1,0.0,0.0,1,0
C_1221_399649.0,1221,399649.0,control,0,2020-07-20,2020,0.0,Male,Black,1993.0,26.0,0.0,0.0,1.0,0.0,0.0,0.0,2022-01-18,-2,2018,2018-01-01,2019-01-01,0,0,0.0,0.0,0,0,0.0,0.0,1,0
C_1221_399649.0,1221,399649.0,control,0,2020-07-20,2020,0.0,Male,Black,1993.0,26.0,0.0,0.0,1.0,0.0,0.0,0.0,2022-01-18,-1,2019,2019-01-01,2020-01-01,0,0,0.0,0.0,0,0,0.0,0.0,1,0
C_1221_399649.0,1221,399649.0,control,0,2020-07-20,2020,0.0,Male,Black,1993.0,26.0,0.0,0.0,1.0,0.0,0.0,0.0,2022-01-18,0,2020,2020-01-01,2021-01-01,1,1,0.0,0.0,0,1,0.0,0.0,1,0
C_1221_399649.0,1221,399649.0,control,0,2020-07-20,2020,0.0,Male,Black,1993.0,26.0,0.0,0.0,1.0,0.0,0.0,0.0,2022-01-18,1,2021,2021-01-01,2022-01-01,1,1,0.0,0.0,1,1,0.0,0.0,1,0
C_1222_911774.0,1222,911774.0,control,0,2020-07-17,2020,0.0,Male,Black,1999.0,21.0,0.0,0.0,1.0,183.56799860560372,1.0,0.0,2022-01-15,-2,2018,2018-01-01,2019-01-01,0,0,0.0,0.0,0,0,0.0,0.0,1,0
C_1222_911774.0,1222,911774.0,control,0,2020-07-17,2020,0.0,Male,Black,1999.0,21.0,0.0,0.0,1.0,183.56799860560372,1.0,0.0,2022-01-15,-1,2019,2019-01-01,2020-01-01,0,0,0.0,0.0,0,0,0.0,0.0,1,0
C_1222_911774.0,1222,911774.0,control,0,2020-07-17,2020,0.0,Male,Black,1999.0,21.0,0.0,0.0,1.0,183.56799860560372,1.0,0.0,2022-01-15,0,2020,2020-01-01,2021-01-01,1,1,0.0,0.0,0,1,0.0,0.0,1,0
C_1222_911774.0,1222,911774.0,control,0,2020-07-17,2020,0.0,Male,Black,1999.0,21.0,0.0,0.0,1.0,183.56799860560372,1.0,0.0,2022-01-15,1,2021,2021-01-01,2022-01-01,1,1,0.0,0.0,1,1,0.0,0.0,1,0
C_1223_480129.0,1223,480129.0,control,0,2020-08-24,2020,0.0,Male,Black,1995.0,23.0,0.0,0.0,1.0,1079.5852225686206,0.0,0.0,2022-02-22,-2,2018,2018-01-01,2019-01-01,0,0,0.0,0.0,0,0,0.0,0.0,1,0
C_1223_480129.0,1223,480129.0,control,0,2020-08-24,2020,0.0,Male,Black,1995.0,23.0,0.0,0.0,1.0,1079.5852225686206,0.0,0.0,2022-02-22,-1,2019,2019-01-01,2020-01-01,0,0,0.0,0.0,0,1,0.0,0.0,1,0
C_1223_480129.0,1223,480129.0,control,0,2020-08-24,2020,0.0,Male,Black,1995.0,23.0,0.0,0.0,1.0,1079.5852225686206,0.0,0.0,2022-02-22,0,2020,2020-01-01,2021-01-01,1,1,8026.891006396032,1.0,1,1,0.0,0.0,1,0
C_1223_480129.0,1223,480129.0,control,0,2020-08-24,2020,0.0,Male,Black,1995.0,23.0,0.0,0.0,1.0,1079.5852225686206,0.0,0.0,2022-02-22,1,2021,2021-01-01,2022-01-01,1,1,3747.314421410692,1.0,1,1,0.0,0.0,1,0
C_1230_1063560.0,1230,1063560.0,control,0,2020-07-27,2020,0.0,Male,Black,1996.0,18.0,5.0,1.0,5.0,0.0,0.0,0.0,2022-01-25,-2,2018,2018-01-01,2019-01-01,0,0,0.0,0.0,1,1,0.0,0.0,1,0
C_1230_1063560.0,1230,1063560.0,control,0,2020-07-27,2020,0.0,Male,Black,1996.0,18.0,5.0,1.0,5.0,0.0,0.0,0.0,2022-01-25,-1,2019,2019-01-01,2020-01-01,0,0,0.0,0.0,1,1,0.0,0.0,1,0
C_1230_1063560.0,1230,1063560.0,control,0,2020-07-27,2020,0.0,Male,Black,1996.0,18.0,5.0,1.0,5.0,0.0,0.0,0.0,2022-01-25,0,2020,2020-01-01,2021-01-01,1,1,0.0,0.0,1,1,0.0,0.0,1,0
C_1230_1063560.0,1230,1063560.0,control,0,2020-07-27,2020,0.0,Male,Black,1996.0,18.0,5.0,1.0,5.0,0.0,0.0,0.0,2022-01-25,1,2021,2021-01-01,2022-01-01,1,1,0.0,0.0,1,1,0.0,0.0,1,0
C_1231_828385.0,1231,828385.0,control,0,2020-07-27,2020,0.0,Male,Black,2000.0,20.0,0.0,0.0,0.0,0.0,0.0,0.0,2022-01-25,-2,2018,2018-01-01,2019-01-01,0,0,0.0,0.0,0,0,0.0,0.0,0,0
C_1231_828385.0,1231,828385.0,control,0,2020-07-27,2020,0.0,Male,Black,2000.0,20.0,0.0,0.0,0.0,0.0,0.0,0.0,2022-01-25,-1,2019,2019-01-01,2020-01-01,0,0,0.0,0.0,0,0,0.0,0.0,0,0
C_1231_828385.0,1231,828385.0,control,0,2020-07-27,2020,0.0,Male,Black,2000.0,20.0,0.0,0.0,0.0,0.0,0.0,0.0,2022-01-25,0,2020,2020-01-01,2021-01-01,1,1,0.0,0.0,0,1,1.0,1.0,0,0
C_1231_828385.0,1231,828385.0,control,0,2020-07-27,2020,0.0,Male,Black,2000.0,20.0,0.0,0.0,0.0,0.0,0.0,0.0,2022-01-25,1,2021,2021-01-01,2022-01-01,1,1,0.0,0.0,1,1,0.0,0.0,0,0
C_1232_909976.0,1232,909976.0,control,0,2020-08-03,2020,0.0,Male,Black,2001.0,18.0,0.0,0.0,2.0,3440.7820408439366,0.0,0.0,2022-02-01,-2,2018,2018-01-01,2019-01-01,0,0,0.0,0.0,0,0,0.0,0.0,1,0
C_1232_909976.0,1232,909976.0,control,0,2020-08-03,2020,0.0,Male,Black,2001.0,18.0,0.0,0.0,2.0,3440.7820408439366,0.0,0.0,2022-02-01,-1,2019,2019-01-01,2020-01-01,0,0,0.0,0.0,0,0,0.0,0.0,1,0
C_1232_909976.0,1232,909976.0,control,0,2020-08-03,2020,0.0,Male,Black,2001.0,18.0,0.0,0.0,2.0,3440.7820408439366,0.0,0.0,2022-02-01,0,2020,2020-01-01,2021-01-01,1,1,1232.896619240308,1.0,0,1,0.0,0.0,1,0
C_1232_909976.0,1232,909976.0,control,0,2020-08-03,2020,0.0,Male,Black,2001.0,18.0,0.0,0.0,2.0,3440.7820408439366,0.0,0.0,2022-02-01,1,2021,2021-01-01,2022-01-01,1,1,22427.743223757105,1.0,1,1,1.0,1.0,1,1
C_1233_159844.0,1233,159844.0,control,0,2020-08-03,2020,0.0,Male,Black,1985.0,36.0,0.0,0.0,0.0,0.0,1.0,0.0,2022-02-01,-2,2018,2018-01-01,2019-01-01,0,0,0.0,0.0,0,0,0.0,0.0,0,0
C_1233_159844.0,1233,159844.0,control,0,2020-08-03,2020,0.0,Male,Black,1985.0,36.0,0.0,0.0,0.0,0.0,1.0,0.0,2022-02-01,-1,2019,2019-01-01,2020-01-01,0,0,0.0,0.0,0,0,0.0,0.0,0,0
C_1233_159844.0,1233,159844.0,control,0,2020-08-03,2020,0.0,Male,Black,1985.0,36.0,0.0,0.0,0.0,0.0,1.0,0.0,2022-02-01,0,2020,2020-01-01,2021-01-01,1,1,0.0,0.0,0,0,0.0,0.0,0,0
C_1233_159844.0,1233,159844.0,control,0,2020-08-03,2020,0.0,Male,Black,1985.0,36.0,0.0,0.0,0.0,0.0,1.0,0.0,2022-02-01,1,2021,2021-01-01,2022-01-01,1,1,13934.138068445543,1.0,0,1,1.0,1.0,0,0
C_1235_1214343.0,1235,1214343.0,control,0,2020-08-10,2020,0.0,Male,Black,1992.0,23.0,1.0,0.0,1.0,30520.55343951092,1.0,0.0,2022-02-08,-2,2018,2018-01-01,2019-01-01,0,0,0.0,0.0,1,1,0.0,0.0,1,0
C_1235_1214343.0,1235,1214343.0,control,0,2020-08-10,2020,0.0,Male,Black,1992.0,23.0,1.0,0.0,1.0,30520.55343951092,1.0,0.0,2022-02-08,-1,2019,2019-01-01,2020-01-01,0,0,0.0,0.0,1,1,0.0,0.0,1,0
C_1235_1214343.0,1235,1214343.0,control,0,2020-08-10,2020,0.0,Male,Black,1992.0,23.0,1.0,0.0,1.0,30520.55343951092,1.0,0.0,2022-02-08,0,2020,2020-01-01,2021-01-01,1,1,16379.081135253677,1.0,1,1,0.0,0.0,1,0
C_1235_1214343.0,1235,1214343.0,control,0,2020-08-10,2020,0.0,Male,Black,1992.0,23.0,1.0,0.0,1.0,30520.55343951092,1.0,0.0,2022-02-08,1,2021,2021-01-01,2022-01-01,1,1,16362.418195653048,1.0,1,1,0.0,0.0,1,0
C_1236_1696994.0,1236,1696994.0,control,0,2020-08-10,2020,0.0,Male,Black,1988.0,22.0,4.0,1.0,4.0,37889.289011720866,1.0,0.0,2022-02-08,-2,2018,2018-01-01,2019-01-01,0,0,0.0,0.0,1,1,0.0,0.0,1,0
C_1236_1696994.0,1236,1696994.0,control,0,2020-08-10,2020,0.0,Male,Black,1988.0,22.0,4.0,1.0,4.0,37889.289011720866,1.0,0.0,2022-02-08,-1,2019,2019-01-01,2020-01-01,0,0,0.0,0.0,1,1,0.0,0.0,1,0
C_1236_1696994.0,1236,1696994.0,control,0,2020-08-10,2020,0.0,Male,Black,1988.0,22.0,4.0,1.0,4.0,37889.289011720866,1.0,0.0,2022-02-08,0,2020,2020-01-01,2021-01-01,1,1,0.0,0.0,1,1,0.0,0.0,1,0
C_1236_1696994.0,1236,1696994.0,control,0,2020-08-10,2020,0.0,Male,Black,1988.0,22.0,4.0,1.0,4.0,37889.289011720866,1.0,0.0,2022-02-08,1,2021,2021-01-01,2022-01-01,1,1,0.0,0.0,1,1,0.0,0.0,1,0
C_1237_914860.0,1237,914860.0,control,0,2020-08-17,2020,0.0,Male,Black,2002.0,19.0,0.0,0.0,0.0,0.0,0.0,0.0,2022-02-15,-2,2018,2018-01-01,2019-01-01,0,0,0.0,0.0,0,0,0.0,0.0,0,0
C_1237_914860.0,1237,914860.0,control,0,2020-08-17,2020,0.0,Male,Black,2002.0,19.0,0.0,0.0,0.0,0.0,0.0,0.0,2022-02-15,-1,2019,2019-01-01,2020-01-01,0,0,0.0,0.0,0,0,0.0,0.0,0,0
C_1237_914860.0,1237,914860.0,control,0,2020-08-17,2020,0.0,Male,Black,2002.0,19.0,0.0,0.0,0.0,0.0,0.0,0.0,2022-02-15,0,2020,2020-01-01,2021-01-01,1,1,0.0,0.0,0,0,0.0,0.0,0,0
C_1237_914860.0,1237,914860.0,control,0,2020-08-17,2020,0.0,Male,Black,2002.0,19.0,0.0,0.0,0.0,0.0,0.0,0.0,2022-02-15,1,2021,2021-01-01,2022-01-01,1,1,0.0,0.0,0,1,2.0,1.0,0,0
C_1238_914860.0,1238,914860.0,control,0,2020-08-03,2020,0.0,Male,Black,2002.0,19.0,0.0,0.0,0.0,0.0,0.0,0.0,2022-02-01,-2,2018,2018-01-01,2019-01-01,0,0,0.0,0.0,0,0,0.0,0.0,0,0
C_1238_914860.0,1238,914860.0,control,0,2020-08-03,2020,0.0,Male,Black,2002.0,19.0,0.0,0.0,0.0,0.0,0.0,0.0,2022-02-01,-1,2019,2019-01-01,2020-01-01,0,0,0.0,0.0,0,0,0.0,0.0,0,0
C_1238_914860.0,1238,914860.0,control,0,2020-08-03,2020,0.0,Male,Black,2002.0,19.0,0.0,0.0,0.0,0.0,0.0,0.0,2022-02-01,0,2020,2020-01-01,2021-01-01,1,1,0.0,0.0,0,0,0.0,0.0,0,0
C_1238_914860.0,1238,914860.0,control,0,2020-08-03,2020,0.0,Male,Black,2002.0,19.0,0.0,0.0,0.0,0.0,0.0,0.0,2022-02-01,1,2021,2021-01-01,2022-01-01,1,1,0.0,0.0,0,1,2.0,1.0,0,0
C_1239_851170.0,1239,851170.0,control,0,2020-08-24,2020,0.0,Female,Black,1997.0,21.0,1.0,0.0,1.0,26724.417769039363,1.0,0.0,2022-02-22,-2,2018,2018-01-01,2019-01-01,0,0,0.0,0.0,0,1,0.0,0.0,1,0
C_1239_851170.0,1239,851170.0,control,0,2020-08-24,2020,0.0,Female,Black,1997.0,21.0,1.0,0.0,1.0,26724.417769039363,1.0,0.0,2022-02-22,-1,2019,2019-01-01,2020-01-01,0,0,0.0,0.0,1,1,0.0,0.0,1,0
C_1239_851170.0,1239,851170.0,control,0,2020-08-24,2020,0.0,Female,Black,1997.0,21.0,1.0,0.0,1.0,26724.417769039363,1.0,0.0,2022-02-22,0,2020,2020-01-01,2021-01-01,1,1,13385.47791944542,1.0,1,1,0.0,0.0,1,0
C_1239_851170.0,1239,851170.0,control,0,2020-08-24,2020,0.0,Female,Black,1997.0,21.0,1.0,0.0,1.0,26724.417769039363,1.0,0.0,2022-02-22,1,2021,2021-01-01,2022-01-01,1,1,47143.19583121028,1.0,1,1,0.0,0.0,1,0
C_1241_1353388.0,1241,1353388.0,control,0,2020-08-24,2020,0.0,Male,Black,1979.0,24.0,1.0,0.0,1.0,0.0,0.0,0.0,2022-02-22,-2,2018,2018-01-01,2019-01-01,0,0,0.0,0.0,1,1,0.0,0.0,1,0
C_1241_1353388.0,1241,1353388.0,control,0,2020-08-24,2020,0.0,Male,Black,1979.0,24.0,1.0,0.0,1.0,0.0,0.0,0.0,2022-02-22,-1,2019,2019-01-01,2020-01-01,0,0,0.0,0.0,1,1,0.0,0.0,1,0
C_1241_1353388.0,1241,1353388.0,control,0,2020-08-24,2020,0.0,Male,Black,1979.0,24.0,1.0,0.0,1.0,0.0,0.0,0.0,2022-02-22,0,2020,2020-01-01,2021-01-01,1,1,0.0,0.0,1,1,0.0,0.0,1,0
C_1241_1353388.0,1241,1353388.0,control,0,2020-08-24,2020,0.0,Male,Black,1979.0,24.0,1.0,0.0,1.0,0.0,0.0,0.0,2022-02-22,1,2021,2021-01-01,2022-01-01,1,1,0.0,0.0,1,1,0.0,0.0,1,0
C_1244_399649.0,1244,399649.0,control,0,2020-08-10,2020,0.0,Male,Black,1993.0,26.0,0.0,0.0,1.0,0.0,0.0,0.0,2022-02-08,-2,2018,2018-01-01,2019-01-01,0,0,0.0,0.0,0,0,0.0,0.0,1,0
C_1244_399649.0,1244,399649.0,control,0,2020-08-10,2020,0.0,Male,Black,1993.0,26.0,0.0,0.0,1.0,0.0,0.0,0.0,2022-02-08,-1,2019,2019-01-01,2020-01-01,0,0,0.0,0.0,0,0,0.0,0.0,1,0
C_1244_399649.0,1244,399649.0,control,0,2020-08-10,2020,0.0,Male,Black,1993.0,26.0,0.0,0.0,1.0,0.0,0.0,0.0,2022-02-08,0,2020,2020-01-01,2021-01-01,1,1,0.0,0.0,0,1,0.0,0.0,1,0
C_1244_399649.0,1244,399649.0,control,0,2020-08-10,2020,0.0,Male,Black,1993.0,26.0,0.0,0.0,1.0,0.0,0.0,0.0,2022-02-08,1,2021,2021-01-01,2022-01-01,1,1,0.0,0.0,1,1,0.0,0.0,1,0
C_1247_159844.0,1247,159844.0,control,0,2020-09-07,2020,0.0,Male,Black,1985.0,36.0,0.0,0.0,0.0,0.0,1.0,0.0,2022-03-08,-2,2018,2018-01-01,2019-01-01,0,0,0.0,0.0,0,0,0.0,0.0,0,0
C_1247_159844.0,1247,159844.0,control,0,2020-09-07,2020,0.0,Male,Black,1985.0,36.0,0.0,0.0,0.0,0.0,1.0,0.0,2022-03-08,-1,2019,2019-01-01,2020-01-01,0,0,0.0,0.0,0,0,0.0,0.0,0,0
C_1247_159844.0,1247,159844.0,control,0,2020-09-07,2020,0.0,Male,Black,1985.0,36.0,0.0,0.0,0.0,0.0,1.0,0.0,2022-03-08,0,2020,2020-01-01,2021-01-01,1,1,0.0,0.0,0,0,0.0,0.0,0,0
C_1247_159844.0,1247,159844.0,control,0,2020-09-07,2020,0.0,Male,Black,1985.0,36.0,0.0,0.0,0.0,0.0,1.0,0.0,2022-03-08,1,2021,2021-01-01,2022-01-01,1,1,13934.138068445543,1.0,0,1,1.0,1.0,0,0
C_1249_914860.0,1249,914860.0,control,0,2020-09-14,2020,0.0,Male,Black,2002.0,19.0,0.0,0.0,0.0,0.0,0.0,0.0,2022-03-15,-2,2018,2018-01-01,2019-01-01,0,0,0.0,0.0,0,0,0.0,0.0,0,0
C_1249_914860.0,1249,914860.0,control,0,2020-09-14,2020,0.0,Male,Black,2002.0,19.0,0.0,0.0,0.0,0.0,0.0,0.0,2022-03-15,-1,2019,2019-01-01,2020-01-01,0,0,0.0,0.0,0,0,0.0,0.0,0,0
C_1249_914860.0,1249,914860.0,control,0,2020-09-14,2020,0.0,Male,Black,2002.0,19.0,0.0,0.0,0.0,0.0,0.0,0.0,2022-03-15,0,2020,2020-01-01,2021-01-01,1,1,0.0,0.0,0,0,0.0,0.0,0,0
C_1249_914860.0,1249,914860.0,control,0,2020-09-14,2020,0.0,Male,Black,2002.0,19.0,0.0,0.0,0.0,0.0,0.0,0.0,2022-03-15,1,2021,2021-01-01,2022-01-01,1,1,0.0,0.0,0,1,2.0,1.0,0,0
C_1250_1061937.0,1250,1061937.0,control,0,2020-09-07,2020,0.0,Male,Black,1974.0,26.0,6.0,1.0,6.0,0.0,0.0,0.0,2022-03-08,-2,2018,2018-01-01,2019-01-01,0,0,0.0,0.0,1,1,0.0,0.0,1,0
C_1250_1061937.0,1250,1061937.0,control,0,2020-09-07,2020,0.0,Male,Black,1974.0,26.0,6.0,1.0,6.0,0.0,0.0,0.0,2022-03-08,-1,2019,2019-01-01,2020-01-01,0,0,0.0,0.0,1,1,0.0,0.0,1,0
C_1250_1061937.0,1250,1061937.0,control,0,2020-09-07,2020,0.0,Male,Black,1974.0,26.0,6.0,1.0,6.0,0.0,0.0,0.0,2022-03-08,0,2020,2020-01-01,2021-01-01,1,1,0.0,0.0,1,1,0.0,0.0,1,0
C_1250_1061937.0,1250,1061937.0,control,0,2020-09-07,2020,0.0,Male,Black,1974.0,26.0,6.0,1.0,6.0,0.0,0.0,0.0,2022-03-08,1,2021,2021-01-01,2022-01-01,1,1,0.0,0.0,1,1,0.0,0.0,1,0
C_1252_894309.0,1252,894309.0,control,0,2021-02-22,2021,0.0,Male,White,2001.0,19.0,0.0,0.0,0.0,0.0,0.0,0.0,2022-08-23,-2,2019,2019-01-01,2020-01-01,0,0,0.0,0.0,0,0,0.0,0.0,0,0
C_1252_894309.0,1252,894309.0,control,0,2021-02-22,2021,0.0,Male,White,2001.0,19.0,0.0,0.0,0.0,0.0,0.0,0.0,2022-08-23,-1,2020,2020-01-01,2021-01-01,0,0,0.0,0.0,0,0,0.0,0.0,0,0
C_1252_894309.0,1252,894309.0,control,0,2021-02-22,2021,0.0,Male,White,2001.0,19.0,0.0,0.0,0.0,0.0,0.0,0.0,2022-08-23,0,2021,2021-01-01,2022-01-01,1,1,0.0,0.0,0,1,1.0,1.0,0,0
C_1252_894309.0,1252,894309.0,control,0,2021-02-22,2021,0.0,Male,White,2001.0,19.0,0.0,0.0,0.0,0.0,0.0,0.0,2022-08-23,1,2022,2022-01-01,2023-01-01,1,1,0.0,0.0,1,1,0.0,0.0,0,0
C_1255_1721362.0,1255,1721362.0,control,0,2020-09-21,2020,0.0,Male,White,1992.0,18.0,1.0,1.0,1.0,0.0,0.0,0.0,2022-03-22,-2,2018,2018-01-01,2019-01-01,0,0,0.0,0.0,1,1,0.0,0.0,1,0
C_1255_1721362.0,1255,1721362.0,control,0,2020-09-21,2020,0.0,Male,White,1992.0,18.0,1.0,1.0,1.0,0.0,0.0,0.0,2022-03-22,-1,2019,2019-01-01,2020-01-01,0,0,0.0,0.0,1,1,0.0,0.0,1,0
C_1255_1721362.0,1255,1721362.0,control,0,2020-09-21,2020,0.0,Male,White,1992.0,18.0,1.0,1.0,1.0,0.0,0.0,0.0,2022-03-22,0,2020,2020-01-01,2021-01-01,1,1,0.0,0.0,1,1,0.0,0.0,1,0
C_1255_1721362.0,1255,1721362.0,control,0,2020-09-21,2020,0.0,Male,White,1992.0,18.0,1.0,1.0,1.0,0.0,0.0,0.0,2022-03-22,1,2021,2021-01-01,2022-01-01,1,1,0.0,0.0,1,1,0.0,0.0,1,0
C_1258_909976.0,1258,909976.0,control,0,2020-09-28,2020,0.0,Male,Black,2001.0,18.0,0.0,0.0,2.0,3440.7820408439366,0.0,0.0,2022-03-29,-2,2018,2018-01-01,2019-01-01,0,0,0.0,0.0,0,0,0.0,0.0,1,0
C_1258_909976.0,1258,909976.0,control,0,2020-09-28,2020,0.0,Male,Black,2001.0,18.0,0.0,0.0,2.0,3440.7820408439366,0.0,0.0,2022-03-29,-1,2019,2019-01-01,2020-01-01,0,0,0.0,0.0,0,0,0.0,0.0,1,0
C_1258_909976.0,1258,909976.0,control,0,2020-09-28,2020,0.0,Male,Black,2001.0,18.0,0.0,0.0,2.0,3440.7820408439366,0.0,0.0,2022-03-29,0,2020,2020-01-01,2021-01-01,1,1,1232.896619240308,1.0,0,1,0.0,0.0,1,0
C_1258_909976.0,1258,909976.0,control,0,2020-09-28,2020,0.0,Male,Black,2001.0,18.0,0.0,0.0,2.0,3440.7820408439366,0.0,0.0,2022-03-29,1,2021,2021-01-01,2022-01-01,1,1,22427.743223757105,1.0,1,1,1.0,1.0,1,1
C_1260_1033969.0,1260,1033969.0,control,0,2020-10-12,2020,0.0,Male,Black,1997.0,19.0,4.0,1.0,4.0,20310.386860229664,1.0,0.0,2022-04-12,-2,2018,2018-01-01,2019-01-01,0,0,0.0,0.0,1,1,0.0,0.0,1,0
C_1260_1033969.0,1260,1033969.0,control,0,2020-10-12,2020,0.0,Male,Black,1997.0,19.0,4.0,1.0,4.0,20310.386860229664,1.0,0.0,2022-04-12,-1,2019,2019-01-01,2020-01-01,0,0,0.0,0.0,1,1,0.0,0.0,1,0
C_1260_1033969.0,1260,1033969.0,control,0,2020-10-12,2020,0.0,Male,Black,1997.0,19.0,4.0,1.0,4.0,20310.386860229664,1.0,0.0,2022-04-12,0,2020,2020-01-01,2021-01-01,1,1,2499.3837619109777,1.0,1,1,0.0,0.0,1,0
C_1260_1033969.0,1260,1033969.0,control,0,2020-10-12,2020,0.0,Male,Black,1997.0,19.0,4.0,1.0,4.0,20310.386860229664,1.0,0.0,2022-04-12,1,2021,2021-01-01,2022-01-01,1,1,8976.510362192523,1.0,1,1,0.0,0.0,1,0
C_1261_1355606.0,1261,1355606.0,control,0,2020-10-05,2020,0.0,Male,Black,1991.0,21.0,4.0,0.0,4.0,26920.91023302004,1.0,0.0,2022-04-05,-2,2018,2018-01-01,2019-01-01,0,0,0.0,0.0,1,1,0.0,0.0,1,0
C_1261_1355606.0,1261,1355606.0,control,0,2020-10-05,2020,0.0,Male,Black,1991.0,21.0,4.0,0.0,4.0,26920.91023302004,1.0,0.0,2022-04-05,-1,2019,2019-01-01,2020-01-01,0,0,0.0,0.0,1,1,0.0,0.0,1,0
C_1261_1355606.0,1261,1355606.0,control,0,2020-10-05,2020,0.0,Male,Black,1991.0,21.0,4.0,0.0,4.0,26920.91023302004,1.0,0.0,2022-04-05,0,2020,2020-01-01,2021-01-01,1,1,18034.37880172301,1.0,1,1,0.0,0.0,1,0
C_1261_1355606.0,1261,1355606.0,control,0,2020-10-05,2020,0.0,Male,Black,1991.0,21.0,4.0,0.0,4.0,26920.91023302004,1.0,0.0,2022-04-05,1,2021,2021-01-01,2022-01-01,1,1,61468.02800646401,1.0,1,1,0.0,0.0,1,0
C_1263_1214343.0,1263,1214343.0,control,0,2020-10-19,2020,0.0,Male,Black,1992.0,23.0,1.0,0.0,1.0,29824.22063975566,1.0,0.0,2022-04-19,-2,2018,2018-01-01,2019-01-01,0,0,0.0,0.0,1,1,0.0,0.0,1,0
C_1263_1214343.0,1263,1214343.0,control,0,2020-10-19,2020,0.0,Male,Black,1992.0,23.0,1.0,0.0,1.0,29824.22063975566,1.0,0.0,2022-04-19,-1,2019,2019-01-01,2020-01-01,0,0,0.0,0.0,1,1,0.0,0.0,1,0
C_1263_1214343.0,1263,1214343.0,control,0,2020-10-19,2020,0.0,Male,Black,1992.0,23.0,1.0,0.0,1.0,29824.22063975566,1.0,0.0,2022-04-19,0,2020,2020-01-01,2021-01-01,1,1,10574.794413261976,1.0,1,1,0.0,0.0,1,0
C_1263_1214343.0,1263,1214343.0,control,0,2020-10-19,2020,0.0,Male,Black,1992.0,23.0,1.0,0.0,1.0,29824.22063975566,1.0,0.0,2022-04-19,1,2021,2021-01-01,2022-01-01,1,1,16362.418195653048,1.0,1,1,0.0,0.0,1,0
C_1265_175973.0,1265,175973.0,control,0,2020-10-26,2020,0.0,Male,Black,1981.0,39.0,0.0,0.0,0.0,0.0,0.0,0.0,2022-04-26,-2,2018,2018-01-01,2019-01-01,0,0,0.0,0.0,0,0,0.0,0.0,0,0
C_1265_175973.0,1265,175973.0,control,0,2020-10-26,2020,0.0,Male,Black,1981.0,39.0,0.0,0.0,0.0,0.0,0.0,0.0,2022-04-26,-1,2019,2019-01-01,2020-01-01,0,0,0.0,0.0,0,0,0.0,0.0,0,0
C_1265_175973.0,1265,175973.0,control,0,2020-10-26,2020,0.0,Male,Black,1981.0,39.0,0.0,0.0,0.0,0.0,0.0,0.0,2022-04-26,0,2020,2020-01-01,2021-01-01,1,1,0.0,0.0,0,0,0.0,0.0,0,0
C_1265_175973.0,1265,175973.0,control,0,2020-10-26,2020,0.0,Male,Black,1981.0,39.0,0.0,0.0,0.0,0.0,0.0,0.0,2022-04-26,1,2021,2021-01-01,2022-01-01,1,1,0.0,0.0,0,1,1.0,1.0,0,0
C_1267_909976.0,1267,909976.0,control,0,2020-10-12,2020,0.0,Male,Black,2001.0,18.0,0.0,0.0,2.0,3440.7820408439366,0.0,0.0,2022-04-12,-2,2018,2018-01-01,2019-01-01,0,0,0.0,0.0,0,0,0.0,0.0,1,0
C_1267_909976.0,1267,909976.0,control,0,2020-10-12,2020,0.0,Male,Black,2001.0,18.0,0.0,0.0,2.0,3440.7820408439366,0.0,0.0,2022-04-12,-1,2019,2019-01-01,2020-01-01,0,0,0.0,0.0,0,0,0.0,0.0,1,0
C_1267_909976.0,1267,909976.0,control,0,2020-10-12,2020,0.0,Male,Black,2001.0,18.0,0.0,0.0,2.0,3440.7820408439366,0.0,0.0,2022-04-12,0,2020,2020-01-01,2021-01-01,1,1,1232.896619240308,1.0,0,1,0.0,0.0,1,0
C_1267_909976.0,1267,909976.0,control,0,2020-10-12,2020,0.0,Male,Black,2001.0,18.0,0.0,0.0,2.0,3440.7820408439366,0.0,0.0,2022-04-12,1,2021,2021-01-01,2022-01-01,1,1,22427.743223757105,1.0,1,1,1.0,1.0,1,1
C_1268_1214343.0,1268,1214343.0,control,0,2020-10-12,2020,0.0,Male,Black,1992.0,23.0,1.0,0.0,1.0,29824.22063975566,1.0,0.0,2022-04-12,-2,2018,2018-01-01,2019-01-01,0,0,0.0,0.0,1,1,0.0,0.0,1,0
C_1268_1214343.0,1268,1214343.0,control,0,2020-10-12,2020,0.0,Male,Black,1992.0,23.0,1.0,0.0,1.0,29824.22063975566,1.0,0.0,2022-04-12,-1,2019,2019-01-01,2020-01-01,0,0,0.0,0.0,1,1,0.0,0.0,1,0
C_1268_1214343.0,1268,1214343.0,control,0,2020-10-12,2020,0.0,Male,Black,1992.0,23.0,1.0,0.0,1.0,29824.22063975566,1.0,0.0,2022-04-12,0,2020,2020-01-01,2021-01-01,1,1,10574.794413261976,1.0,1,1,0.0,0.0,1,0
C_1268_1214343.0,1268,1214343.0,control,0,2020-10-12,2020,0.0,Male,Black,1992.0,23.0,1.0,0.0,1.0,29824.22063975566,1.0,0.0,2022-04-12,1,2021,2021-01-01,2022-01-01,1,1,16362.418195653048,1.0,1,1,0.0,0.0,1,0
C_1270_854339.0,1270,854339.0,control,0,2020-11-09,2020,0.0,Male,Black,1973.0,45.0,3.0,0.0,3.0,15593.038786120018,1.0,0.0,2022-05-10,-2,2018,2018-01-01,2019-01-01,0,0,0.0,0.0,0,1,0.0,0.0,1,0
C_1270_854339.0,1270,854339.0,control,0,2020-11-09,2020,0.0,Male,Black,1973.0,45.0,3.0,0.0,3.0,15593.038786120018,1.0,0.0,2022-05-10,-1,2019,2019-01-01,2020-01-01,0,0,0.0,0.0,1,1,0.0,0.0,1,0
C_1270_854339.0,1270,854339.0,control,0,2020-11-09,2020,0.0,Male,Black,1973.0,45.0,3.0,0.0,3.0,15593.038786120018,1.0,0.0,2022-05-10,0,2020,2020-01-01,2021-01-01,1,1,14205.059130661793,1.0,1,1,0.0,0.0,1,0
C_1270_854339.0,1270,854339.0,control,0,2020-11-09,2020,0.0,Male,Black,1973.0,45.0,3.0,0.0,3.0,15593.038786120018,1.0,0.0,2022-05-10,1,2021,2021-01-01,2022-01-01,1,1,44800.70734920481,1.0,1,1,0.0,0.0,1,0
C_1272_911774.0,1272,911774.0,control,0,2020-12-01,2020,0.0,Male,Black,1999.0,21.0,0.0,0.0,1.0,7411.01612017495,1.0,0.0,2022-06-01,-2,2018,2018-01-01,2019-01-01,0,0,0.0,0.0,0,0,0.0,0.0,1,0
C_1272_911774.0,1272,911774.0,control,0,2020-12-01,2020,0.0,Male,Black,1999.0,21.0,0.0,0.0,1.0,7411.01612017495,1.0,0.0,2022-06-01,-1,2019,2019-01-01,2020-01-01,0,0,0.0,0.0,0,0,0.0,0.0,1,0
C_1272_911774.0,1272,911774.0,control,0,2020-12-01,2020,0.0,Male,Black,1999.0,21.0,0.0,0.0,1.0,7411.01612017495,1.0,0.0,2022-06-01,0,2020,2020-01-01,2021-01-01,1,1,0.0,0.0,0,1,0.0,0.0,1,0
C_1272_911774.0,1272,911774.0,control,0,2020-12-01,2020,0.0,Male,Black,1999.0,21.0,0.0,0.0,1.0,7411.01612017495,1.0,0.0,2022-06-01,1,2021,2021-01-01,2022-01-01,1,1,0.0,0.0,1,1,0.0,0.0,1,0
C_1275_1355606.0,1275,1355606.0,control,0,2020-12-01,2020,0.0,Male,Black,1991.0,21.0,4.0,0.0,4.0,26920.91023302004,1.0,0.0,2022-06-01,-2,2018,2018-01-01,2019-01-01,0,0,0.0,0.0,1,1,0.0,0.0,1,0
C_1275_1355606.0,1275,1355606.0,control,0,2020-12-01,2020,0.0,Male,Black,1991.0,21.0,4.0,0.0,4.0,26920.91023302004,1.0,0.0,2022-06-01,-1,2019,2019-01-01,2020-01-01,0,0,0.0,0.0,1,1,0.0,0.0,1,0
C_1275_1355606.0,1275,1355606.0,control,0,2020-12-01,2020,0.0,Male,Black,1991.0,21.0,4.0,0.0,4.0,26920.91023302004,1.0,0.0,2022-06-01,0,2020,2020-01-01,2021-01-01,1,1,18034.37880172301,1.0,1,1,0.0,0.0,1,0
C_1275_1355606.0,1275,1355606.0,control,0,2020-12-01,2020,0.0,Male,Black,1991.0,21.0,4.0,0.0,4.0,26920.91023302004,1.0,0.0,2022-06-01,1,2021,2021-01-01,2022-01-01,1,1,61468.02800646401,1.0,1,1,0.0,0.0,1,0
C_1277_901233.0,1277,901233.0,control,0,2020-12-01,2020,0.0,Male,Black,2000.0,20.0,0.0,0.0,0.0,0.0,0.0,0.0,2022-06-01,-2,2018,2018-01-01,2019-01-01,0,0,0.0,0.0,0,0,0.0,0.0,0,0
C_1277_901233.0,1277,901233.0,control,0,2020-12-01,2020,0.0,Male,Black,2000.0,20.0,0.0,0.0,0.0,0.0,0.0,0.0,2022-06-01,-1,2019,2019-01-01,2020-01-01,0,0,0.0,0.0,0,0,0.0,0.0,0,0
C_1277_901233.0,1277,901233.0,control,0,2020-12-01,2020,0.0,Male,Black,2000.0,20.0,0.0,0.0,0.0,0.0,0.0,0.0,2022-06-01,0,2020,2020-01-01,2021-01-01,1,1,0.0,0.0,0,0,0.0,0.0,0,0
C_1277_901233.0,1277,901233.0,control,0,2020-12-01,2020,0.0,Male,Black,2000.0,20.0,0.0,0.0,0.0,0.0,0.0,0.0,2022-06-01,1,2021,2021-01-01,2022-01-01,1,1,0.0,0.0,0,1,3.0,1.0,0,0
C_1279_307793.0,1279,307793.0,control,0,2020-11-16,2020,0.0,Female,White,1986.0,32.0,1.0,0.0,1.0,0.0,0.0,0.0,2022-05-17,-2,2018,2018-01-01,2019-01-01,0,0,0.0,0.0,0,1,0.0,0.0,1,0
C_1279_307793.0,1279,307793.0,control,0,2020-11-16,2020,0.0,Female,White,1986.0,32.0,1.0,0.0,1.0,0.0,0.0,0.0,2022-05-17,-1,2019,2019-01-01,2020-01-01,0,0,0.0,0.0,1,1,0.0,0.0,1,0
C_1279_307793.0,1279,307793.0,control,0,2020-11-16,2020,0.0,Female,White,1986.0,32.0,1.0,0.0,1.0,0.0,0.0,0.0,2022-05-17,0,2020,2020-01-01,2021-01-01,1,1,0.0,0.0,1,1,0.0,0.0,1,0
C_1279_307793.0,1279,307793.0,control,0,2020-11-16,2020,0.0,Female,White,1986.0,32.0,1.0,0.0,1.0,0.0,0.0,0.0,2022-05-17,1,2021,2021-01-01,2022-01-01,1,1,0.0,0.0,1,1,0.0,0.0,1,0
C_1280_1030630.0,1280,1030630.0,control,0,2020-11-16,2020,0.0,Male,White,1954.0,46.0,1.0,0.0,1.0,0.0,0.0,0.0,2022-05-17,-2,2018,2018-01-01,2019-01-01,0,0,0.0,0.0,1,1,0.0,0.0,1,0
C_1280_1030630.0,1280,1030630.0,control,0,2020-11-16,2020,0.0,Male,White,1954.0,46.0,1.0,0.0,1.0,0.0,0.0,0.0,2022-05-17,-1,2019,2019-01-01,2020-01-01,0,0,0.0,0.0,1,1,0.0,0.0,1,0
C_1280_1030630.0,1280,1030630.0,control,0,2020-11-16,2020,0.0,Male,White,1954.0,46.0,1.0,0.0,1.0,0.0,0.0,0.0,2022-05-17,0,2020,2020-01-01,2021-01-01,1,1,0.0,0.0,1,1,0.0,0.0,1,0
C_1280_1030630.0,1280,1030630.0,control,0,2020-11-16,2020,0.0,Male,White,1954.0,46.0,1.0,0.0,1.0,0.0,0.0,0.0,2022-05-17,1,2021,2021-01-01,2022-01-01,1,1,0.0,0.0,1,1,0.0,0.0,1,0
C_1283_911774.0,1283,911774.0,control,0,2020-12-07,2020,0.0,Male,Black,1999.0,21.0,0.0,0.0,1.0,7411.01612017495,1.0,0.0,2022-06-07,-2,2018,2018-01-01,2019-01-01,0,0,0.0,0.0,0,0,0.0,0.0,1,0
C_1283_911774.0,1283,911774.0,control,0,2020-12-07,2020,0.0,Male,Black,1999.0,21.0,0.0,0.0,1.0,7411.01612017495,1.0,0.0,2022-06-07,-1,2019,2019-01-01,2020-01-01,0,0,0.0,0.0,0,0,0.0,0.0,1,0
C_1283_911774.0,1283,911774.0,control,0,2020-12-07,2020,0.0,Male,Black,1999.0,21.0,0.0,0.0,1.0,7411.01612017495,1.0,0.0,2022-06-07,0,2020,2020-01-01,2021-01-01,1,1,0.0,0.0,0,1,0.0,0.0,1,0
C_1283_911774.0,1283,911774.0,control,0,2020-12-07,2020,0.0,Male,Black,1999.0,21.0,0.0,0.0,1.0,7411.01612017495,1.0,0.0,2022-06-07,1,2021,2021-01-01,2022-01-01,1,1,0.0,0.0,1,1,0.0,0.0,1,0
C_1284_861599.0,1284,861599.0,control,0,2020-12-01,2020,0.0,Male,Black,1998.0,20.0,2.0,1.0,2.0,2510.4763922431666,1.0,0.0,2022-06-01,-2,2018,2018-01-01,2019-01-01,0,0,0.0,0.0,0,1,0.0,0.0,1,0
C_1284_861599.0,1284,861599.0,control,0,2020-12-01,2020,0.0,Male,Black,1998.0,20.0,2.0,1.0,2.0,2510.4763922431666,1.0,0.0,2022-06-01,-1,2019,2019-01-01,2020-01-01,0,0,0.0,0.0,1,1,0.0,0.0,1,0
C_1284_861599.0,1284,861599.0,control,0,2020-12-01,2020,0.0,Male,Black,1998.0,20.0,2.0,1.0,2.0,2510.4763922431666,1.0,0.0,2022-06-01,0,2020,2020-01-01,2021-01-01,1,1,0.0,0.0,1,1,0.0,0.0,1,0
C_1284_861599.0,1284,861599.0,control,0,2020-12-01,2020,0.0,Male,Black,1998.0,20.0,2.0,1.0,2.0,2510.4763922431666,1.0,0.0,2022-06-01,1,2021,2021-01-01,2022-01-01,1,1,0.0,0.0,1,1,0.0,0.0,1,0
C_1298_1355606.0,1298,1355606.0,control,0,2021-02-16,2021,0.0,Male,Black,1991.0,21.0,4.0,0.0,4.0,17352.770012587218,1.0,0.0,2022-08-17,-2,2019,2019-01-01,2020-01-01,0,0,0.0,0.0,1,1,0.0,0.0,1,0
C_1298_1355606.0,1298,1355606.0,control,0,2021-02-16,2021,0.0,Male,Black,1991.0,21.0,4.0,0.0,4.0,17352.770012587218,1.0,0.0,2022-08-17,-1,2020,2020-01-01,2021-01-01,0,0,0.0,0.0,1,1,0.0,0.0,1,0
C_1298_1355606.0,1298,1355606.0,control,0,2021-02-16,2021,0.0,Male,Black,1991.0,21.0,4.0,0.0,4.0,17352.770012587218,1.0,0.0,2022-08-17,0,2021,2021-01-01,2022-01-01,1,1,61468.02800646401,1.0,1,1,0.0,0.0,1,0
C_1298_1355606.0,1298,1355606.0,control,0,2021-02-16,2021,0.0,Male,Black,1991.0,21.0,4.0,0.0,4.0,17352.770012587218,1.0,0.0,2022-08-17,1,2022,2022-01-01,2023-01-01,1,1,31102.781703980923,1.0,1,1,0.0,0.0,1,0
C_1299_1896124.0,1299,1896124.0,control,0,2021-01-25,2021,0.0,Male,Black,1987.0,20.0,31.0,1.0,31.0,2345.5308319129563,0.0,0.0,2022-07-26,-2,2019,2019-01-01,2020-01-01,0,0,0.0,0.0,1,1,0.0,0.0,1,0
C_1299_1896124.0,1299,1896124.0,control,0,2021-01-25,2021,0.0,Male,Black,1987.0,20.0,31.0,1.0,31.0,2345.5308319129563,0.0,0.0,2022-07-26,-1,2020,2020-01-01,2021-01-01,0,0,0.0,0.0,1,1,0.0,0.0,1,0
C_1299_1896124.0,1299,1896124.0,control,0,2021-01-25,2021,0.0,Male,Black,1987.0,20.0,31.0,1.0,31.0,2345.5308319129563,0.0,0.0,2022-07-26,0,2021,2021-01-01,2022-01-01,1,1,0.0,0.0,1,1,0.0,0.0,1,0
C_1299_1896124.0,1299,1896124.0,control,0,2021-01-25,2021,0.0,Male,Black,1987.0,20.0,31.0,1.0,31.0,2345.5308319129563,0.0,0.0,2022-07-26,1,2022,2022-01-01,2023-01-01,1,1,0.0,0.0,1,1,0.0,0.0,1,0
C_1303_1504701.0,1303,1504701.0,control,0,2021-01-26,2021,0.0,Male,Black,1989.0,21.0,1.0,0.0,1.0,5158.266408602228,1.0,0.0,2022-07-27,-2,2019,2019-01-01,2020-01-01,0,0,0.0,0.0,1,1,0.0,0.0,1,0
C_1303_1504701.0,1303,1504701.0,control,0,2021-01-26,2021,0.0,Male,Black,1989.0,21.0,1.0,0.0,1.0,5158.266408602228,1.0,0.0,2022-07-27,-1,2020,2020-01-01,2021-01-01,0,0,0.0,0.0,1,1,0.0,0.0,1,0
C_1303_1504701.0,1303,1504701.0,control,0,2021-01-26,2021,0.0,Male,Black,1989.0,21.0,1.0,0.0,1.0,5158.266408602228,1.0,0.0,2022-07-27,0,2021,2021-01-01,2022-01-01,1,1,13308.39091753137,1.0,1,1,0.0,0.0,1,0
C_1303_1504701.0,1303,1504701.0,control,0,2021-01-26,2021,0.0,Male,Black,1989.0,21.0,1.0,0.0,1.0,5158.266408602228,1.0,0.0,2022-07-27,1,2022,2022-01-01,2023-01-01,1,1,13250.197932933357,1.0,1,1,0.0,0.0,1,0
C_1304_891284.0,1304,891284.0,control,0,2021-01-25,2021,0.0,Male,Black,2000.0,20.0,0.0,0.0,3.0,0.0,0.0,0.0,2022-07-26,-2,2019,2019-01-01,2020-01-01,0,0,0.0,0.0,0,0,0.0,0.0,1,0
C_1304_891284.0,1304,891284.0,control,0,2021-01-25,2021,0.0,Male,Black,2000.0,20.0,0.0,0.0,3.0,0.0,0.0,0.0,2022-07-26,-1,2020,2020-01-01,2021-01-01,0,0,0.0,0.0,0,1,0.0,0.0,1,0
C_1304_891284.0,1304,891284.0,control,0,2021-01-25,2021,0.0,Male,Black,2000.0,20.0,0.0,0.0,3.0,0.0,0.0,0.0,2022-07-26,0,2021,2021-01-01,2022-01-01,1,1,0.0,0.0,1,1,0.0,0.0,1,0
C_1304_891284.0,1304,891284.0,control,0,2021-01-25,2021,0.0,Male,Black,2000.0,20.0,0.0,0.0,3.0,0.0,0.0,0.0,2022-07-26,1,2022,2022-01-01,2023-01-01,1,1,2235.3755884864213,1.0,1,1,0.0,0.0,1,0
C_1305_1504701.0,1305,1504701.0,control,0,2021-02-08,2021,0.0,Male,Black,1989.0,21.0,1.0,0.0,1.0,5158.266408602228,1.0,0.0,2022-08-09,-2,2019,2019-01-01,2020-01-01,0,0,0.0,0.0,1,1,0.0,0.0,1,0
C_1305_1504701.0,1305,1504701.0,control,0,2021-02-08,2021,0.0,Male,Black,1989.0,21.0,1.0,0.0,1.0,5158.266408602228,1.0,0.0,2022-08-09,-1,2020,2020-01-01,2021-01-01,0,0,0.0,0.0,1,1,0.0,0.0,1,0
C_1305_1504701.0,1305,1504701.0,control,0,2021-02-08,2021,0.0,Male,Black,1989.0,21.0,1.0,0.0,1.0,5158.266408602228,1.0,0.0,2022-08-09,0,2021,2021-01-01,2022-01-01,1,1,13308.39091753137,1.0,1,1,0.0,0.0,1,0
C_1305_1504701.0,1305,1504701.0,control,0,2021-02-08,2021,0.0,Male,Black,1989.0,21.0,1.0,0.0,1.0,5158.266408602228,1.0,0.0,2022-08-09,1,2022,2022-01-01,2023-01-01,1,1,13250.197932933357,1.0,1,1,0.0,0.0,1,0
C_1315_1214343.0,1315,1214343.0,control,0,2021-02-22,2021,0.0,Male,Black,1992.0,23.0,1.0,0.0,1.0,30411.480301582968,1.0,0.0,2022-08-23,-2,2019,2019-01-01,2020-01-01,0,0,0.0,0.0,1,1,0.0,0.0,1,0
C_1315_1214343.0,1315,1214343.0,control,0,2021-02-22,2021,0.0,Male,Black,1992.0,23.0,1.0,0.0,1.0,30411.480301582968,1.0,0.0,2022-08-23,-1,2020,2020-01-01,2021-01-01,0,0,0.0,0.0,1,1,0.0,0.0,1,0
C_1315_1214343.0,1315,1214343.0,control,0,2021-02-22,2021,0.0,Male,Black,1992.0,23.0,1.0,0.0,1.0,30411.480301582968,1.0,0.0,2022-08-23,0,2021,2021-01-01,2022-01-01,1,1,16362.418195653048,1.0,1,1,0.0,0.0,1,0
C_1315_1214343.0,1315,1214343.0,control,0,2021-02-22,2021,0.0,Male,Black,1992.0,23.0,1.0,0.0,1.0,30411.480301582968,1.0,0.0,2022-08-23,1,2022,2022-01-01,2023-01-01,1,1,11204.492840099634,1.0,1,1,0.0,0.0,1,0
C_1317_399649.0,1317,399649.0,control,0,2021-03-01,2021,0.0,Male,Black,1993.0,26.0,1.0,0.0,1.0,0.0,0.0,0.0,2022-08-30,-2,2019,2019-01-01,2020-01-01,0,0,0.0,0.0,0,0,0.0,0.0,1,0
C_1317_399649.0,1317,399649.0,control,0,2021-03-01,2021,0.0,Male,Black,1993.0,26.0,1.0,0.0,1.0,0.0,0.0,0.0,2022-08-30,-1,2020,2020-01-01,2021-01-01,0,0,0.0,0.0,0,1,0.0,0.0,1,0
C_1317_399649.0,1317,399649.0,control,0,2021-03-01,2021,0.0,Male,Black,1993.0,26.0,1.0,0.0,1.0,0.0,0.0,0.0,2022-08-30,0,2021,2021-01-01,2022-01-01,1,1,0.0,0.0,1,1,0.0,0.0,1,0
C_1317_399649.0,1317,399649.0,control,0,2021-03-01,2021,0.0,Male,Black,1993.0,26.0,1.0,0.0,1.0,0.0,0.0,0.0,2022-08-30,1,2022,2022-01-01,2023-01-01,1,1,0.0,0.0,1,1,0.0,0.0,1,0
C_1318_486807.0,1318,486807.0,control,0,2021-03-01,2021,0.0,Male,Black,1994.0,25.0,1.0,0.0,2.0,0.0,0.0,0.0,2022-08-30,-2,2019,2019-01-01,2020-01-01,0,0,0.0,0.0,0,1,0.0,0.0,1,0
C_1318_486807.0,1318,486807.0,control,0,2021-03-01,2021,0.0,Male,Black,1994.0,25.0,1.0,0.0,2.0,0.0,0.0,0.0,2022-08-30,-1,2020,2020-01-01,2021-01-01,0,0,0.0,0.0,1,1,0.0,0.0,1,0
C_1318_486807.0,1318,486807.0,control,0,2021-03-01,2021,0.0,Male,Black,1994.0,25.0,1.0,0.0,2.0,0.0,0.0,0.0,2022-08-30,0,2021,2021-01-01,2022-01-01,1,1,2618.681580476467,1.0,1,1,0.0,0.0,1,0
C_1318_486807.0,1318,486807.0,control,0,2021-03-01,2021,0.0,Male,Black,1994.0,25.0,1.0,0.0,2.0,0.0,0.0,0.0,2022-08-30,1,2022,2022-01-01,2023-01-01,1,1,9917.021607306964,1.0,1,1,0.0,0.0,1,0
C_1319_891284.0,1319,891284.0,control,0,2021-03-01,2021,0.0,Male,Black,2000.0,20.0,0.0,0.0,3.0,0.0,0.0,0.0,2022-08-30,-2,2019,2019-01-01,2020-01-01,0,0,0.0,0.0,0,0,0.0,0.0,1,0
C_1319_891284.0,1319,891284.0,control,0,2021-03-01,2021,0.0,Male,Black,2000.0,20.0,0.0,0.0,3.0,0.0,0.0,0.0,2022-08-30,-1,2020,2020-01-01,2021-01-01,0,0,0.0,0.0,0,1,0.0,0.0,1,0
C_1319_891284.0,1319,891284.0,control,0,2021-03-01,2021,0.0,Male,Black,2000.0,20.0,0.0,0.0,3.0,0.0,0.0,0.0,2022-08-30,0,2021,2021-01-01,2022-01-01,1,1,0.0,0.0,1,1,0.0,0.0,1,0
C_1319_891284.0,1319,891284.0,control,0,2021-03-01,2021,0.0,Male,Black,2000.0,20.0,0.0,0.0,3.0,0.0,0.0,0.0,2022-08-30,1,2022,2022-01-01,2023-01-01,1,1,2235.3755884864213,1.0,1,1,0.0,0.0,1,0
C_1325_891284.0,1325,891284.0,control,0,2021-03-08,2021,0.0,Male,Black,2000.0,20.0,0.0,0.0,3.0,0.0,0.0,0.0,2022-09-06,-2,2019,2019-01-01,2020-01-01,0,0,0.0,0.0,0,0,0.0,0.0,1,0
C_1325_891284.0,1325,891284.0,control,0,2021-03-08,2021,0.0,Male,Black,2000.0,20.0,0.0,0.0,3.0,0.0,0.0,0.0,2022-09-06,-1,2020,2020-01-01,2021-01-01,0,0,0.0,0.0,0,1,0.0,0.0,1,0
C_1325_891284.0,1325,891284.0,control,0,2021-03-08,2021,0.0,Male,Black,2000.0,20.0,0.0,0.0,3.0,0.0,0.0,0.0,2022-09-06,0,2021,2021-01-01,2022-01-01,1,1,0.0,0.0,1,1,0.0,0.0,1,0
C_1325_891284.0,1325,891284.0,control,0,2021-03-08,2021,0.0,Male,Black,2000.0,20.0,0.0,0.0,3.0,0.0,0.0,0.0,2022-09-06,1,2022,2022-01-01,2023-01-01,1,1,2235.3755884864213,1.0,1,1,0.0,0.0,1,0
C_1326_909976.0,1326,909976.0,control,0,2021-03-15,2021,0.0,Male,Black,2001.0,18.0,0.0,0.0,3.0,1901.9856964146622,1.0,0.0,2022-09-13,-2,2019,2019-01-01,2020-01-01,0,0,0.0,0.0,0,0,0.0,0.0,1,0
C_1326_909976.0,1326,909976.0,control,0,2021-03-15,2021,0.0,Male,Black,2001.0,18.0,0.0,0.0,3.0,1901.9856964146622,1.0,0.0,2022-09-13,-1,2020,2020-01-01,2021-01-01,0,0,0.0,0.0,0,1,0.0,0.0,1,0
C_1326_909976.0,1326,909976.0,control,0,2021-03-15,2021,0.0,Male,Black,2001.0,18.0,0.0,0.0,3.0,1901.9856964146622,1.0,0.0,2022-09-13,0,2021,2021-01-01,2022-01-01,1,1,22427.743223757105,1.0,1,1,0.0,0.0,1,0
C_1326_909976.0,1326,909976.0,control,0,2021-03-15,2021,0.0,Male,Black,2001.0,18.0,0.0,0.0,3.0,1901.9856964146622,1.0,0.0,2022-09-13,1,2022,2022-01-01,2023-01-01,1,1,7996.977885525071,1.0,1,1,0.0,0.0,1,0
C_1331_1587304.0,1331,1587304.0,control,0,2021-03-22,2021,0.0,Female,Black,1995.0,22.0,1.0,0.0,1.0,0.0,1.0,0.0,2022-09-20,-2,2019,2019-01-01,2020-01-01,0,0,0.0,0.0,1,1,0.0,0.0,1,0
C_1331_1587304.0,1331,1587304.0,control,0,2021-03-22,2021,0.0,Female,Black,1995.0,22.0,1.0,0.0,1.0,0.0,1.0,0.0,2022-09-20,-1,2020,2020-01-01,2021-01-01,0,0,0.0,0.0,1,1,0.0,0.0,1,0
C_1331_1587304.0,1331,1587304.0,control,0,2021-03-22,2021,0.0,Female,Black,1995.0,22.0,1.0,0.0,1.0,0.0,1.0,0.0,2022-09-20,0,2021,2021-01-01,2022-01-01,1,1,44783.356386883854,1.0,1,1,0.0,0.0,1,0
C_1331_1587304.0,1331,1587304.0,control,0,2021-03-22,2021,0.0,Female,Black,1995.0,22.0,1.0,0.0,1.0,0.0,1.0,0.0,2022-09-20,1,2022,2022-01-01,2023-01-01,1,1,568.0728476821191,1.0,1,1,0.0,0.0,1,0
C_1335_1271880.0,1335,1271880.0,control,0,2021-04-05,2021,0.0,Male,Black,1983.0,21.0,5.0,0.0,5.0,0.0,0.0,0.0,2022-10-04,-2,2019,2019-01-01,2020-01-01,0,0,0.0,0.0,1,1,0.0,0.0,1,0
C_1335_1271880.0,1335,1271880.0,control,0,2021-04-05,2021,0.0,Male,Black,1983.0,21.0,5.0,0.0,5.0,0.0,0.0,0.0,2022-10-04,-1,2020,2020-01-01,2021-01-01,0,0,0.0,0.0,1,1,0.0,0.0,1,0
C_1335_1271880.0,1335,1271880.0,control,0,2021-04-05,2021,0.0,Male,Black,1983.0,21.0,5.0,0.0,5.0,0.0,0.0,0.0,2022-10-04,0,2021,2021-01-01,2022-01-01,1,1,0.0,0.0,1,1,0.0,0.0,1,0
C_1335_1271880.0,1335,1271880.0,control,0,2021-04-05,2021,0.0,Male,Black,1983.0,21.0,5.0,0.0,5.0,0.0,0.0,0.0,2022-10-04,1,2022,2022-01-01,2023-01-01,1,1,0.0,0.0,1,1,0.0,0.0,1,0
C_1339_911766.0,1339,911766.0,control,0,2021-04-12,2021,0.0,Male,Black,2003.0,18.0,0.0,0.0,0.0,0.0,0.0,0.0,2022-10-11,-2,2019,2019-01-01,2020-01-01,0,0,0.0,0.0,0,0,0.0,0.0,0,0
C_1339_911766.0,1339,911766.0,control,0,2021-04-12,2021,0.0,Male,Black,2003.0,18.0,0.0,0.0,0.0,0.0,0.0,0.0,2022-10-11,-1,2020,2020-01-01,2021-01-01,0,0,0.0,0.0,0,0,0.0,0.0,0,0
C_1339_911766.0,1339,911766.0,control,0,2021-04-12,2021,0.0,Male,Black,2003.0,18.0,0.0,0.0,0.0,0.0,0.0,0.0,2022-10-11,0,2021,2021-01-01,2022-01-01,1,1,0.0,0.0,0,1,1.0,1.0,0,0
C_1339_911766.0,1339,911766.0,control,0,2021-04-12,2021,0.0,Male,Black,2003.0,18.0,0.0,0.0,0.0,0.0,0.0,0.0,2022-10-11,1,2022,2022-01-01,2023-01-01,1,1,0.0,0.0,1,1,0.0,0.0,0,0
C_1340_1033969.0,1340,1033969.0,control,0,2021-04-26,2021,0.0,Male,Black,1997.0,19.0,4.0,1.0,4.0,13335.140398328913,1.0,0.0,2022-10-25,-2,2019,2019-01-01,2020-01-01,0,0,0.0,0.0,1,1,0.0,0.0,1,0
C_1340_1033969.0,1340,1033969.0,control,0,2021-04-26,2021,0.0,Male,Black,1997.0,19.0,4.0,1.0,4.0,13335.140398328913,1.0,0.0,2022-10-25,-1,2020,2020-01-01,2021-01-01,0,0,0.0,0.0,1,1,0.0,0.0,1,0
C_1340_1033969.0,1340,1033969.0,control,0,2021-04-26,2021,0.0,Male,Black,1997.0,19.0,4.0,1.0,4.0,13335.140398328913,1.0,0.0,2022-10-25,0,2021,2021-01-01,2022-01-01,1,1,8976.510362192523,1.0,1,1,0.0,0.0,1,0
C_1340_1033969.0,1340,1033969.0,control,0,2021-04-26,2021,0.0,Male,Black,1997.0,19.0,4.0,1.0,4.0,13335.140398328913,1.0,0.0,2022-10-25,1,2022,2022-01-01,2023-01-01,1,1,30874.73034009074,1.0,1,1,0.0,0.0,1,0
C_1343_280743.0,1343,280743.0,control,0,2021-04-19,2021,0.0,Male,Black,1981.0,39.0,0.0,0.0,1.0,0.0,1.0,0.0,2022-10-18,-2,2019,2019-01-01,2020-01-01,0,0,0.0,0.0,0,0,0.0,0.0,1,0
C_1343_280743.0,1343,280743.0,control,0,2021-04-19,2021,0.0,Male,Black,1981.0,39.0,0.0,0.0,1.0,0.0,1.0,0.0,2022-10-18,-1,2020,2020-01-01,2021-01-01,0,0,0.0,0.0,0,1,0.0,0.0,1,0
C_1343_280743.0,1343,280743.0,control,0,2021-04-19,2021,0.0,Male,Black,1981.0,39.0,0.0,0.0,1.0,0.0,1.0,0.0,2022-10-18,0,2021,2021-01-01,2022-01-01,1,1,0.0,0.0,1,1,0.0,0.0,1,0
C_1343_280743.0,1343,280743.0,control,0,2021-04-19,2021,0.0,Male,Black,1981.0,39.0,0.0,0.0,1.0,0.0,1.0,0.0,2022-10-18,1,2022,2022-01-01,2023-01-01,1,1,0.0,0.0,1,1,0.0,0.0,1,0
C_1344_914860.0,1344,914860.0,control,0,2021-04-19,2021,0.0,Male,Black,2002.0,19.0,0.0,0.0,0.0,0.0,0.0,0.0,2022-10-18,-2,2019,2019-01-01,2020-01-01,0,0,0.0,0.0,0,0,0.0,0.0,0,0
C_1344_914860.0,1344,914860.0,control,0,2021-04-19,2021,0.0,Male,Black,2002.0,19.0,0.0,0.0,0.0,0.0,0.0,0.0,2022-10-18,-1,2020,2020-01-01,2021-01-01,0,0,0.0,0.0,0,0,0.0,0.0,0,0
C_1344_914860.0,1344,914860.0,control,0,2021-04-19,2021,0.0,Male,Black,2002.0,19.0,0.0,0.0,0.0,0.0,0.0,0.0,2022-10-18,0,2021,2021-01-01,2022-01-01,1,1,0.0,0.0,0,1,2.0,1.0,0,0
C_1344_914860.0,1344,914860.0,control,0,2021-04-19,2021,0.0,Male,Black,2002.0,19.0,0.0,0.0,0.0,0.0,0.0,0.0,2022-10-18,1,2022,2022-01-01,2023-01-01,1,1,0.0,0.0,1,1,0.0,0.0,0,0
C_1346_911766.0,1346,911766.0,control,0,2021-04-26,2021,0.0,Male,Black,2003.0,18.0,0.0,0.0,0.0,0.0,0.0,0.0,2022-10-25,-2,2019,2019-01-01,2020-01-01,0,0,0.0,0.0,0,0,0.0,0.0,0,0
C_1346_911766.0,1346,911766.0,control,0,2021-04-26,2021,0.0,Male,Black,2003.0,18.0,0.0,0.0,0.0,0.0,0.0,0.0,2022-10-25,-1,2020,2020-01-01,2021-01-01,0,0,0.0,0.0,0,0,0.0,0.0,0,0
C_1346_911766.0,1346,911766.0,control,0,2021-04-26,2021,0.0,Male,Black,2003.0,18.0,0.0,0.0,0.0,0.0,0.0,0.0,2022-10-25,0,2021,2021-01-01,2022-01-01,1,1,0.0,0.0,0,1,1.0,1.0,0,0
C_1346_911766.0,1346,911766.0,control,0,2021-04-26,2021,0.0,Male,Black,2003.0,18.0,0.0,0.0,0.0,0.0,0.0,0.0,2022-10-25,1,2022,2022-01-01,2023-01-01,1,1,0.0,0.0,1,1,0.0,0.0,0,0
C_1352_861599.0,1352,861599.0,control,0,2021-04-26,2021,0.0,Male,Black,1998.0,20.0,2.0,1.0,2.0,1827.955074288592,0.0,0.0,2022-10-25,-2,2019,2019-01-01,2020-01-01,0,0,0.0,0.0,1,1,0.0,0.0,1,0
C_1352_861599.0,1352,861599.0,control,0,2021-04-26,2021,0.0,Male,Black,1998.0,20.0,2.0,1.0,2.0,1827.955074288592,0.0,0.0,2022-10-25,-1,2020,2020-01-01,2021-01-01,0,0,0.0,0.0,1,1,0.0,0.0,1,0
C_1352_861599.0,1352,861599.0,control,0,2021-04-26,2021,0.0,Male,Black,1998.0,20.0,2.0,1.0,2.0,1827.955074288592,0.0,0.0,2022-10-25,0,2021,2021-01-01,2022-01-01,1,1,0.0,0.0,1,1,0.0,0.0,1,0
C_1352_861599.0,1352,861599.0,control,0,2021-04-26,2021,0.0,Male,Black,1998.0,20.0,2.0,1.0,2.0,1827.955074288592,0.0,0.0,2022-10-25,1,2022,2022-01-01,2023-01-01,1,1,14654.61671651945,1.0,1,1,0.0,0.0,1,0
C_1353_661294.0,1353,661294.0,control,0,2021-04-26,2021,0.0,Male,Black,1986.0,32.0,1.0,0.0,1.0,0.0,1.0,0.0,2022-10-25,-2,2019,2019-01-01,2020-01-01,0,0,0.0,0.0,1,1,0.0,0.0,1,0
C_1353_661294.0,1353,661294.0,control,0,2021-04-26,2021,0.0,Male,Black,1986.0,32.0,1.0,0.0,1.0,0.0,1.0,0.0,2022-10-25,-1,2020,2020-01-01,2021-01-01,0,0,0.0,0.0,1,1,0.0,0.0,1,0
C_1353_661294.0,1353,661294.0,control,0,2021-04-26,2021,0.0,Male,Black,1986.0,32.0,1.0,0.0,1.0,0.0,1.0,0.0,2022-10-25,0,2021,2021-01-01,2022-01-01,1,1,3209.7069665706676,1.0,1,1,0.0,0.0,1,0
C_1353_661294.0,1353,661294.0,control,0,2021-04-26,2021,0.0,Male,Black,1986.0,32.0,1.0,0.0,1.0,0.0,1.0,0.0,2022-10-25,1,2022,2022-01-01,2023-01-01,1,1,1785.08763240883,1.0,1,1,1.0,1.0,1,1
C_1354_399649.0,1354,399649.0,control,0,2021-05-03,2021,0.0,Male,Black,1993.0,26.0,1.0,0.0,1.0,0.0,0.0,0.0,2022-11-01,-2,2019,2019-01-01,2020-01-01,0,0,0.0,0.0,0,0,0.0,0.0,1,0
C_1354_399649.0,1354,399649.0,control,0,2021-05-03,2021,0.0,Male,Black,1993.0,26.0,1.0,0.0,1.0,0.0,0.0,0.0,2022-11-01,-1,2020,2020-01-01,2021-01-01,0,0,0.0,0.0,0,1,0.0,0.0,1,0
C_1354_399649.0,1354,399649.0,control,0,2021-05-03,2021,0.0,Male,Black,1993.0,26.0,1.0,0.0,1.0,0.0,0.0,0.0,2022-11-01,0,2021,2021-01-01,2022-01-01,1,1,0.0,0.0,1,1,0.0,0.0,1,0
C_1354_399649.0,1354,399649.0,control,0,2021-05-03,2021,0.0,Male,Black,1993.0,26.0,1.0,0.0,1.0,0.0,0.0,0.0,2022-11-01,1,2022,2022-01-01,2023-01-01,1,1,0.0,0.0,1,1,0.0,0.0,1,0
C_1357_1504701.0,1357,1504701.0,control,0,2021-05-10,2021,0.0,Male,Black,1989.0,21.0,1.0,0.0,1.0,9966.69218780917,1.0,0.0,2022-11-08,-2,2019,2019-01-01,2020-01-01,0,0,0.0,0.0,1,1,0.0,0.0,1,0
C_1357_1504701.0,1357,1504701.0,control,0,2021-05-10,2021,0.0,Male,Black,1989.0,21.0,1.0,0.0,1.0,9966.69218780917,1.0,0.0,2022-11-08,-1,2020,2020-01-01,2021-01-01,0,0,0.0,0.0,1,1,0.0,0.0,1,0
C_1357_1504701.0,1357,1504701.0,control,0,2021-05-10,2021,0.0,Male,Black,1989.0,21.0,1.0,0.0,1.0,9966.69218780917,1.0,0.0,2022-11-08,0,2021,2021-01-01,2022-01-01,1,1,13308.39091753137,1.0,1,1,0.0,0.0,1,0
C_1357_1504701.0,1357,1504701.0,control,0,2021-05-10,2021,0.0,Male,Black,1989.0,21.0,1.0,0.0,1.0,9966.69218780917,1.0,0.0,2022-11-08,1,2022,2022-01-01,2023-01-01,1,1,18649.13269884263,1.0,1,1,0.0,0.0,1,0
C_1360_1789835.0,1360,1789835.0,control,0,2021-05-10,2021,0.0,Male,Black,1996.0,18.0,5.0,1.0,5.0,0.0,1.0,0.0,2022-11-08,-2,2019,2019-01-01,2020-01-01,0,0,0.0,0.0,1,1,0.0,0.0,1,0
C_1360_1789835.0,1360,1789835.0,control,0,2021-05-10,2021,0.0,Male,Black,1996.0,18.0,5.0,1.0,5.0,0.0,1.0,0.0,2022-11-08,-1,2020,2020-01-01,2021-01-01,0,0,0.0,0.0,1,1,0.0,0.0,1,0
C_1360_1789835.0,1360,1789835.0,control,0,2021-05-10,2021,0.0,Male,Black,1996.0,18.0,5.0,1.0,5.0,0.0,1.0,0.0,2022-11-08,0,2021,2021-01-01,2022-01-01,1,1,3983.2320356381947,1.0,1,1,0.0,0.0,1,0
C_1360_1789835.0,1360,1789835.0,control,0,2021-05-10,2021,0.0,Male,Black,1996.0,18.0,5.0,1.0,5.0,0.0,1.0,0.0,2022-11-08,1,2022,2022-01-01,2023-01-01,1,1,14826.3431082479,1.0,1,1,0.0,0.0,1,0
C_1361_887653.0,1361,887653.0,control,0,2021-05-10,2021,0.0,Male,White,2001.0,19.0,0.0,0.0,2.0,0.0,0.0,0.0,2022-11-08,-2,2019,2019-01-01,2020-01-01,0,0,0.0,0.0,0,0,0.0,0.0,1,0
C_1361_887653.0,1361,887653.0,control,0,2021-05-10,2021,0.0,Male,White,2001.0,19.0,0.0,0.0,2.0,0.0,0.0,0.0,2022-11-08,-1,2020,2020-01-01,2021-01-01,0,0,0.0,0.0,0,1,0.0,0.0,1,0
C_1361_887653.0,1361,887653.0,control,0,2021-05-10,2021,0.0,Male,White,2001.0,19.0,0.0,0.0,2.0,0.0,0.0,0.0,2022-11-08,0,2021,2021-01-01,2022-01-01,1,1,0.0,0.0,1,1,0.0,0.0,1,0
C_1361_887653.0,1361,887653.0,control,0,2021-05-10,2021,0.0,Male,White,2001.0,19.0,0.0,0.0,2.0,0.0,0.0,0.0,2022-11-08,1,2022,2022-01-01,2023-01-01,1,1,17782.1539420641,1.0,1,1,0.0,0.0,1,0
C_1363_941642.0,1363,941642.0,control,0,2021-05-24,2021,0.0,Male,Black,1982.0,34.0,0.0,0.0,1.0,0.0,0.0,0.0,2022-11-22,-2,2019,2019-01-01,2020-01-01,0,0,0.0,0.0,1,1,0.0,0.0,1,0
C_1363_941642.0,1363,941642.0,control,0,2021-05-24,2021,0.0,Male,Black,1982.0,34.0,0.0,0.0,1.0,0.0,0.0,0.0,2022-11-22,-1,2020,2020-01-01,2021-01-01,0,0,0.0,0.0,1,1,0.0,0.0,1,0
C_1363_941642.0,1363,941642.0,control,0,2021-05-24,2021,0.0,Male,Black,1982.0,34.0,0.0,0.0,1.0,0.0,0.0,0.0,2022-11-22,0,2021,2021-01-01,2022-01-01,1,1,0.0,0.0,1,1,0.0,0.0,1,0
C_1363_941642.0,1363,941642.0,control,0,2021-05-24,2021,0.0,Male,Black,1982.0,34.0,0.0,0.0,1.0,0.0,0.0,0.0,2022-11-22,1,2022,2022-01-01,2023-01-01,1,1,21857.372932916296,1.0,1,1,0.0,0.0,1,0
C_1365_1893879.0,1365,1893879.0,control,0,2021-05-17,2021,0.0,Female,Black,1980.0,22.0,7.0,1.0,7.0,41827.01909127364,1.0,0.0,2022-11-15,-2,2019,2019-01-01,2020-01-01,0,0,0.0,0.0,1,1,0.0,0.0,1,0
C_1365_1893879.0,1365,1893879.0,control,0,2021-05-17,2021,0.0,Female,Black,1980.0,22.0,7.0,1.0,7.0,41827.01909127364,1.0,0.0,2022-11-15,-1,2020,2020-01-01,2021-01-01,0,0,0.0,0.0,1,1,0.0,0.0,1,0
C_1365_1893879.0,1365,1893879.0,control,0,2021-05-17,2021,0.0,Female,Black,1980.0,22.0,7.0,1.0,7.0,41827.01909127364,1.0,0.0,2022-11-15,0,2021,2021-01-01,2022-01-01,1,1,33107.63860429587,1.0,1,1,0.0,0.0,1,0
C_1365_1893879.0,1365,1893879.0,control,0,2021-05-17,2021,0.0,Female,Black,1980.0,22.0,7.0,1.0,7.0,41827.01909127364,1.0,0.0,2022-11-15,1,2022,2022-01-01,2023-01-01,1,1,32869.590128318436,1.0,1,1,0.0,0.0,1,0
C_1367_486807.0,1367,486807.0,control,0,2021-06-08,2021,0.0,Male,Black,1994.0,25.0,2.0,0.0,2.0,0.0,0.0,0.0,2022-12-07,-2,2019,2019-01-01,2020-01-01,0,0,0.0,0.0,0,1,0.0,0.0,1,0
C_1367_486807.0,1367,486807.0,control,0,2021-06-08,2021,0.0,Male,Black,1994.0,25.0,2.0,0.0,2.0,0.0,0.0,0.0,2022-12-07,-1,2020,2020-01-01,2021-01-01,0,0,0.0,0.0,1,1,0.0,0.0,1,0
C_1367_486807.0,1367,486807.0,control,0,2021-06-08,2021,0.0,Male,Black,1994.0,25.0,2.0,0.0,2.0,0.0,0.0,0.0,2022-12-07,0,2021,2021-01-01,2022-01-01,1,1,2618.681580476467,1.0,1,1,0.0,0.0,1,0
C_1367_486807.0,1367,486807.0,control,0,2021-06-08,2021,0.0,Male,Black,1994.0,25.0,2.0,0.0,2.0,0.0,0.0,0.0,2022-12-07,1,2022,2022-01-01,2023-01-01,1,1,9917.021607306964,1.0,1,1,0.0,0.0,1,0
C_1368_913962.0,1368,913962.0,control,0,2021-06-07,2021,0.0,Female,Black,1996.0,22.0,1.0,0.0,4.0,15174.091398122568,1.0,0.0,2022-12-06,-2,2019,2019-01-01,2020-01-01,0,0,0.0,0.0,1,1,0.0,0.0,1,0
C_1368_913962.0,1368,913962.0,control,0,2021-06-07,2021,0.0,Female,Black,1996.0,22.0,1.0,0.0,4.0,15174.091398122568,1.0,0.0,2022-12-06,-1,2020,2020-01-01,2021-01-01,0,0,0.0,0.0,1,1,0.0,0.0,1,0
C_1368_913962.0,1368,913962.0,control,0,2021-06-07,2021,0.0,Female,Black,1996.0,22.0,1.0,0.0,4.0,15174.091398122568,1.0,0.0,2022-12-06,0,2021,2021-01-01,2022-01-01,1,1,6868.981062683926,1.0,1,1,0.0,0.0,1,0
C_1368_913962.0,1368,913962.0,control,0,2021-06-07,2021,0.0,Female,Black,1996.0,22.0,1.0,0.0,4.0,15174.091398122568,1.0,0.0,2022-12-06,1,2022,2022-01-01,2023-01-01,1,1,5739.642396039091,1.0,1,1,0.0,0.0,1,0
C_1370_486807.0,1370,486807.0,control,0,2021-06-02,2021,0.0,Male,Black,1994.0,25.0,2.0,0.0,2.0,0.0,0.0,0.0,2022-12-01,-2,2019,2019-01-01,2020-01-01,0,0,0.0,0.0,0,1,0.0,0.0,1,0
C_1370_486807.0,1370,486807.0,control,0,2021-06-02,2021,0.0,Male,Black,1994.0,25.0,2.0,0.0,2.0,0.0,0.0,0.0,2022-12-01,-1,2020,2020-01-01,2021-01-01,0,0,0.0,0.0,1,1,0.0,0.0,1,0
C_1370_486807.0,1370,486807.0,control,0,2021-06-02,2021,0.0,Male,Black,1994.0,25.0,2.0,0.0,2.0,0.0,0.0,0.0,2022-12-01,0,2021,2021-01-01,2022-01-01,1,1,2618.681580476467,1.0,1,1,0.0,0.0,1,0
C_1370_486807.0,1370,486807.0,control,0,2021-06-02,2021,0.0,Male,Black,1994.0,25.0,2.0,0.0,2.0,0.0,0.0,0.0,2022-12-01,1,2022,2022-01-01,2023-01-01,1,1,9917.021607306964,1.0,1,1,0.0,0.0,1,0
C_1372_1873795.0,1372,1873795.0,control,0,2021-06-22,2021,0.0,Male,Black,1978.0,26.0,14.0,1.0,14.0,0.0,0.0,0.0,2022-12-21,-2,2019,2019-01-01,2020-01-01,0,0,0.0,0.0,1,1,0.0,0.0,1,0
C_1372_1873795.0,1372,1873795.0,control,0,2021-06-22,2021,0.0,Male,Black,1978.0,26.0,14.0,1.0,14.0,0.0,0.0,0.0,2022-12-21,-1,2020,2020-01-01,2021-01-01,0,0,0.0,0.0,1,1,0.0,0.0,1,0
C_1372_1873795.0,1372,1873795.0,control,0,2021-06-22,2021,0.0,Male,Black,1978.0,26.0,14.0,1.0,14.0,0.0,0.0,0.0,2022-12-21,0,2021,2021-01-01,2022-01-01,1,1,0.0,0.0,1,1,0.0,0.0,1,0
C_1372_1873795.0,1372,1873795.0,control,0,2021-06-22,2021,0.0,Male,Black,1978.0,26.0,14.0,1.0,14.0,0.0,0.0,0.0,2022-12-21,1,2022,2022-01-01,2023-01-01,1,1,4723.244448881398,1.0,1,1,0.0,0.0,1,0
C_1382_924817.0,1382,924817.0,control,0,2021-06-22,2021,0.0,Male,Black,2002.0,19.0,0.0,0.0,0.0,0.0,0.0,0.0,2022-12-21,-2,2019,2019-01-01,2020-01-01,0,0,0.0,0.0,0,0,0.0,0.0,0,0
C_1382_924817.0,1382,924817.0,control,0,2021-06-22,2021,0.0,Male,Black,2002.0,19.0,0.0,0.0,0.0,0.0,0.0,0.0,2022-12-21,-1,2020,2020-01-01,2021-01-01,0,0,0.0,0.0,0,0,0.0,0.0,0,0
C_1382_924817.0,1382,924817.0,control,0,2021-06-22,2021,0.0,Male,Black,2002.0,19.0,0.0,0.0,0.0,0.0,0.0,0.0,2022-12-21,0,2021,2021-01-01,2022-01-01,1,1,0.0,0.0,0,1,2.0,1.0,0,0
C_1382_924817.0,1382,924817.0,control,0,2021-06-22,2021,0.0,Male,Black,2002.0,19.0,0.0,0.0,0.0,0.0,0.0,0.0,2022-12-21,1,2022,2022-01-01,2023-01-01,1,1,0.0,0.0,1,1,0.0,0.0,0,0
C_1383_909976.0,1383,909976.0,control,0,2021-07-06,2021,0.0,Male,Black,2001.0,18.0,0.0,0.0,3.0,0.0,1.0,0.0,2023-01-04,-2,2019,2019-01-01,2020-01-01,0,0,0.0,0.0,0,0,0.0,0.0,1,0
C_1383_909976.0,1383,909976.0,control,0,2021-07-06,2021,0.0,Male,Black,2001.0,18.0,0.0,0.0,3.0,0.0,1.0,0.0,2023-01-04,-1,2020,2020-01-01,2021-01-01,0,0,0.0,0.0,0,1,0.0,0.0,1,0
C_1383_909976.0,1383,909976.0,control,0,2021-07-06,2021,0.0,Male,Black,2001.0,18.0,0.0,0.0,3.0,0.0,1.0,0.0,2023-01-04,0,2021,2021-01-01,2022-01-01,1,1,19118.740624529546,1.0,1,1,0.0,0.0,1,0
C_1383_909976.0,1383,909976.0,control,0,2021-07-06,2021,0.0,Male,Black,2001.0,18.0,0.0,0.0,3.0,0.0,1.0,0.0,2023-01-04,1,2022,2022-01-01,2023-01-01,1,1,7996.977885525071,1.0,1,1,0.0,0.0,1,0
C_1385_382452.0,1385,382452.0,control,0,2021-07-21,2021,0.0,Male,Black,1993.0,26.0,1.0,0.0,1.0,0.0,0.0,0.0,2023-01-19,-2,2019,2019-01-01,2020-01-01,0,0,0.0,0.0,0,1,0.0,0.0,1,0
C_1385_382452.0,1385,382452.0,control,0,2021-07-21,2021,0.0,Male,Black,1993.0,26.0,1.0,0.0,1.0,0.0,0.0,0.0,2023-01-19,-1,2020,2020-01-01,2021-01-01,0,0,0.0,0.0,1,1,0.0,0.0,1,0
C_1385_382452.0,1385,382452.0,control,0,2021-07-21,2021,0.0,Male,Black,1993.0,26.0,1.0,0.0,1.0,0.0,0.0,0.0,2023-01-19,0,2021,2021-01-01,2022-01-01,1,1,0.0,0.0,1,1,0.0,0.0,1,0
C_1385_382452.0,1385,382452.0,control,0,2021-07-21,2021,0.0,Male,Black,1993.0,26.0,1.0,0.0,1.0,0.0,0.0,0.0,2023-01-19,1,2022,2022-01-01,2023-01-01,1,1,0.0,0.0,1,1,0.0,0.0,1,0
C_1388_911766.0,1388,911766.0,control,0,2021-07-19,2021,0.0,Male,Black,2003.0,18.0,0.0,0.0,0.0,0.0,0.0,0.0,2023-01-17,-2,2019,2019-01-01,2020-01-01,0,0,0.0,0.0,0,0,0.0,0.0,0,0
C_1388_911766.0,1388,911766.0,control,0,2021-07-19,2021,0.0,Male,Black,2003.0,18.0,0.0,0.0,0.0,0.0,0.0,0.0,2023-01-17,-1,2020,2020-01-01,2021-01-01,0,0,0.0,0.0,0,0,0.0,0.0,0,0
C_1388_911766.0,1388,911766.0,control,0,2021-07-19,2021,0.0,Male,Black,2003.0,18.0,0.0,0.0,0.0,0.0,0.0,0.0,2023-01-17,0,2021,2021-01-01,2022-01-01,1,1,0.0,0.0,0,1,1.0,1.0,0,0
C_1388_911766.0,1388,911766.0,control,0,2021-07-19,2021,0.0,Male,Black,2003.0,18.0,0.0,0.0,0.0,0.0,0.0,0.0,2023-01-17,1,2022,2022-01-01,2023-01-01,1,1,0.0,0.0,1,1,0.0,0.0,0,0
C_1390_891284.0,1390,891284.0,control,0,2021-07-12,2021,0.0,Male,Black,2000.0,20.0,3.0,1.0,3.0,0.0,0.0,0.0,2023-01-10,-2,2019,2019-01-01,2020-01-01,0,0,0.0,0.0,0,0,0.0,0.0,1,0
C_1390_891284.0,1390,891284.0,control,0,2021-07-12,2021,0.0,Male,Black,2000.0,20.0,3.0,1.0,3.0,0.0,0.0,0.0,2023-01-10,-1,2020,2020-01-01,2021-01-01,0,0,0.0,0.0,0,1,0.0,0.0,1,0
C_1390_891284.0,1390,891284.0,control,0,2021-07-12,2021,0.0,Male,Black,2000.0,20.0,3.0,1.0,3.0,0.0,0.0,0.0,2023-01-10,0,2021,2021-01-01,2022-01-01,1,1,0.0,0.0,1,1,0.0,0.0,1,0
C_1390_891284.0,1390,891284.0,control,0,2021-07-12,2021,0.0,Male,Black,2000.0,20.0,3.0,1.0,3.0,0.0,0.0,0.0,2023-01-10,1,2022,2022-01-01,2023-01-01,1,1,2235.3755884864213,1.0,1,1,0.0,0.0,1,0
C_1392_1033969.0,1392,1033969.0,control,0,2021-07-12,2021,0.0,Male,Black,1997.0,19.0,4.0,1.0,4.0,7082.871673436957,1.0,0.0,2023-01-10,-2,2019,2019-01-01,2020-01-01,0,0,0.0,0.0,1,1,0.0,0.0,1,0
C_1392_1033969.0,1392,1033969.0,control,0,2021-07-12,2021,0.0,Male,Black,1997.0,19.0,4.0,1.0,4.0,7082.871673436957,1.0,0.0,2023-01-10,-1,2020,2020-01-01,2021-01-01,0,0,0.0,0.0,1,1,0.0,0.0,1,0
C_1392_1033969.0,1392,1033969.0,control,0,2021-07-12,2021,0.0,Male,Black,1997.0,19.0,4.0,1.0,4.0,7082.871673436957,1.0,0.0,2023-01-10,0,2021,2021-01-01,2022-01-01,1,1,8976.510362192523,1.0,1,1,0.0,0.0,1,0
C_1392_1033969.0,1392,1033969.0,control,0,2021-07-12,2021,0.0,Male,Black,1997.0,19.0,4.0,1.0,4.0,7082.871673436957,1.0,0.0,2023-01-10,1,2022,2022-01-01,2023-01-01,1,1,39834.3462526505,1.0,1,1,0.0,0.0,1,0
C_1396_1033969.0,1396,1033969.0,control,0,2021-07-19,2021,0.0,Male,Black,1997.0,19.0,4.0,1.0,4.0,7082.871673436957,1.0,0.0,2023-01-17,-2,2019,2019-01-01,2020-01-01,0,0,0.0,0.0,1,1,0.0,0.0,1,0
C_1396_1033969.0,1396,1033969.0,control,0,2021-07-19,2021,0.0,Male,Black,1997.0,19.0,4.0,1.0,4.0,7082.871673436957,1.0,0.0,2023-01-17,-1,2020,2020-01-01,2021-01-01,0,0,0.0,0.0,1,1,0.0,0.0,1,0
C_1396_1033969.0,1396,1033969.0,control,0,2021-07-19,2021,0.0,Male,Black,1997.0,19.0,4.0,1.0,4.0,7082.871673436957,1.0,0.0,2023-01-17,0,2021,2021-01-01,2022-01-01,1,1,8976.510362192523,1.0,1,1,0.0,0.0,1,0
C_1396_1033969.0,1396,1033969.0,control,0,2021-07-19,2021,0.0,Male,Black,1997.0,19.0,4.0,1.0,4.0,7082.871673436957,1.0,0.0,2023-01-17,1,2022,2022-01-01,2023-01-01,1,1,39834.3462526505,1.0,1,1,0.0,0.0,1,0
C_1397_147695.0,1397,147695.0,control,0,2021-07-19,2021,0.0,Male,Black,1977.0,44.0,0.0,0.0,0.0,0.0,0.0,0.0,2023-01-17,-2,2019,2019-01-01,2020-01-01,0,0,0.0,0.0,0,0,0.0,0.0,0,0
C_1397_147695.0,1397,147695.0,control,0,2021-07-19,2021,0.0,Male,Black,1977.0,44.0,0.0,0.0,0.0,0.0,0.0,0.0,2023-01-17,-1,2020,2020-01-01,2021-01-01,0,0,0.0,0.0,0,0,0.0,0.0,0,0
C_1397_147695.0,1397,147695.0,control,0,2021-07-19,2021,0.0,Male,Black,1977.0,44.0,0.0,0.0,0.0,0.0,0.0,0.0,2023-01-17,0,2021,2021-01-01,2022-01-01,1,1,0.0,0.0,0,1,1.0,1.0,0,0
C_1397_147695.0,1397,147695.0,control,0,2021-07-19,2021,0.0,Male,Black,1977.0,44.0,0.0,0.0,0.0,0.0,0.0,0.0,2023-01-17,1,2022,2022-01-01,2023-01-01,1,1,0.0,0.0,1,1,0.0,0.0,0,0
C_1404_382452.0,1404,382452.0,control,0,2021-08-02,2021,0.0,Male,Black,1993.0,26.0,1.0,0.0,1.0,0.0,0.0,0.0,2023-01-31,-2,2019,2019-01-01,2020-01-01,0,0,0.0,0.0,0,1,0.0,0.0,1,0
C_1404_382452.0,1404,382452.0,control,0,2021-08-02,2021,0.0,Male,Black,1993.0,26.0,1.0,0.0,1.0,0.0,0.0,0.0,2023-01-31,-1,2020,2020-01-01,2021-01-01,0,0,0.0,0.0,1,1,0.0,0.0,1,0
C_1404_382452.0,1404,382452.0,control,0,2021-08-02,2021,0.0,Male,Black,1993.0,26.0,1.0,0.0,1.0,0.0,0.0,0.0,2023-01-31,0,2021,2021-01-01,2022-01-01,1,1,0.0,0.0,1,1,0.0,0.0,1,0
C_1404_382452.0,1404,382452.0,control,0,2021-08-02,2021,0.0,Male,Black,1993.0,26.0,1.0,0.0,1.0,0.0,0.0,0.0,2023-01-31,1,2022,2022-01-01,2023-01-01,1,1,0.0,0.0,1,1,0.0,0.0,1,0
C_1409_928970.0,1409,928970.0,control,0,2021-08-30,2021,0.0,Male,White,2003.0,18.0,0.0,0.0,1.0,12665.715347901765,1.0,0.0,2023-02-28,-2,2019,2019-01-01,2020-01-01,0,0,0.0,0.0,0,0,0.0,0.0,1,0
C_1409_928970.0,1409,928970.0,control,0,2021-08-30,2021,0.0,Male,White,2003.0,18.0,0.0,0.0,1.0,12665.715347901765,1.0,0.0,2023-02-28,-1,2020,2020-01-01,2021-01-01,0,0,0.0,0.0,0,0,0.0,0.0,1,0
C_1409_928970.0,1409,928970.0,control,0,2021-08-30,2021,0.0,Male,White,2003.0,18.0,0.0,0.0,1.0,12665.715347901765,1.0,0.0,2023-02-28,0,2021,2021-01-01,2022-01-01,1,1,907.2708687251647,1.0,0,1,0.0,0.0,1,0
C_1409_928970.0,1409,928970.0,control,0,2021-08-30,2021,0.0,Male,White,2003.0,18.0,0.0,0.0,1.0,12665.715347901765,1.0,0.0,2023-02-28,1,2022,2022-01-01,2023-01-01,1,1,0.0,0.0,1,1,0.0,0.0,1,0
C_1410_1696994.0,1410,1696994.0,control,0,2022-09-06,2022,1.0,Male,Black,1988.0,22.0,4.0,1.0,4.0,0.0,1.0,0.0,2024-03-06,-2,2020,2020-01-01,2021-01-01,0,0,0.0,0.0,1,1,0.0,0.0,1,0
C_1410_1696994.0,1410,1696994.0,control,0,2022-09-06,2022,1.0,Male,Black,1988.0,22.0,4.0,1.0,4.0,0.0,1.0,0.0,2024-03-06,-1,2021,2021-01-01,2022-01-01,0,0,0.0,0.0,1,1,0.0,0.0,1,0
C_1410_1696994.0,1410,1696994.0,control,0,2022-09-06,2022,1.0,Male,Black,1988.0,22.0,4.0,1.0,4.0,0.0,1.0,0.0,2024-03-06,0,2022,2022-01-01,2023-01-01,1,1,11694.286714438223,1.0,1,1,0.0,0.0,1,0
C_1410_1696994.0,1410,1696994.0,control,0,2022-09-06,2022,1.0,Male,Black,1988.0,22.0,4.0,1.0,4.0,0.0,1.0,0.0,2024-03-06,1,2023,2023-01-01,2024-01-01,1,1,0.0,0.0,1,1,0.0,0.0,1,0
C_1413_928970.0,1413,928970.0,control,0,2021-08-23,2021,0.0,Male,White,2003.0,18.0,0.0,0.0,1.0,12665.715347901765,1.0,0.0,2023-02-21,-2,2019,2019-01-01,2020-01-01,0,0,0.0,0.0,0,0,0.0,0.0,1,0
C_1413_928970.0,1413,928970.0,control,0,2021-08-23,2021,0.0,Male,White,2003.0,18.0,0.0,0.0,1.0,12665.715347901765,1.0,0.0,2023-02-21,-1,2020,2020-01-01,2021-01-01,0,0,0.0,0.0,0,0,0.0,0.0,1,0
C_1413_928970.0,1413,928970.0,control,0,2021-08-23,2021,0.0,Male,White,2003.0,18.0,0.0,0.0,1.0,12665.715347901765,1.0,0.0,2023-02-21,0,2021,2021-01-01,2022-01-01,1,1,907.2708687251647,1.0,0,1,0.0,0.0,1,0
C_1413_928970.0,1413,928970.0,control,0,2021-08-23,2021,0.0,Male,White,2003.0,18.0,0.0,0.0,1.0,12665.715347901765,1.0,0.0,2023-02-21,1,2022,2022-01-01,2023-01-01,1,1,0.0,0.0,1,1,0.0,0.0,1,0
C_1416_926943.0,1416,926943.0,control,0,2021-08-23,2021,0.0,Female,Black,2002.0,19.0,0.0,0.0,2.0,0.0,0.0,0.0,2023-02-21,-2,2019,2019-01-01,2020-01-01,0,0,0.0,0.0,0,0,0.0,0.0,1,0
C_1416_926943.0,1416,926943.0,control,0,2021-08-23,2021,0.0,Female,Black,2002.0,19.0,0.0,0.0,2.0,0.0,0.0,0.0,2023-02-21,-1,2020,2020-01-01,2021-01-01,0,0,0.0,0.0,0,0,0.0,0.0,1,0
C_1416_926943.0,1416,926943.0,control,0,2021-08-23,2021,0.0,Female,Black,2002.0,19.0,0.0,0.0,2.0,0.0,0.0,0.0,2023-02-21,0,2021,2021-01-01,2022-01-01,1,1,0.0,0.0,0,1,1.0,1.0,1,1
C_1416_926943.0,1416,926943.0,control,0,2021-08-23,2021,0.0,Female,Black,2002.0,19.0,0.0,0.0,2.0,0.0,0.0,0.0,2023-02-21,1,2022,2022-01-01,2023-01-01,1,1,0.0,0.0,1,1,1.0,1.0,1,1
C_1418_911774.0,1418,911774.0,control,0,2021-08-23,2021,0.0,Male,Black,1999.0,21.0,0.0,0.0,1.0,14013.811515818088,0.0,0.0,2023-02-21,-2,2019,2019-01-01,2020-01-01,0,0,0.0,0.0,0,0,0.0,0.0,1,0
C_1418_911774.0,1418,911774.0,control,0,2021-08-23,2021,0.0,Male,Black,1999.0,21.0,0.0,0.0,1.0,14013.811515818088,0.0,0.0,2023-02-21,-1,2020,2020-01-01,2021-01-01,0,0,0.0,0.0,0,1,0.0,0.0,1,0
C_1418_911774.0,1418,911774.0,control,0,2021-08-23,2021,0.0,Male,Black,1999.0,21.0,0.0,0.0,1.0,14013.811515818088,0.0,0.0,2023-02-21,0,2021,2021-01-01,2022-01-01,1,1,0.0,0.0,1,1,0.0,0.0,1,0
C_1418_911774.0,1418,911774.0,control,0,2021-08-23,2021,0.0,Male,Black,1999.0,21.0,0.0,0.0,1.0,14013.811515818088,0.0,0.0,2023-02-21,1,2022,2022-01-01,2023-01-01,1,1,0.0,0.0,1,1,0.0,0.0,1,0
C_1419_1753322.0,1419,1753322.0,control,0,2021-08-23,2021,0.0,Female,Black,1973.0,41.0,1.0,0.0,1.0,33285.30361473966,1.0,0.0,2023-02-21,-2,2019,2019-01-01,2020-01-01,0,0,0.0,0.0,1,1,0.0,0.0,1,0
C_1419_1753322.0,1419,1753322.0,control,0,2021-08-23,2021,0.0,Female,Black,1973.0,41.0,1.0,0.0,1.0,33285.30361473966,1.0,0.0,2023-02-21,-1,2020,2020-01-01,2021-01-01,0,0,0.0,0.0,1,1,0.0,0.0,1,0
C_1419_1753322.0,1419,1753322.0,control,0,2021-08-23,2021,0.0,Female,Black,1973.0,41.0,1.0,0.0,1.0,33285.30361473966,1.0,0.0,2023-02-21,0,2021,2021-01-01,2022-01-01,1,1,23162.757233369717,1.0,1,1,0.0,0.0,1,0
C_1419_1753322.0,1419,1753322.0,control,0,2021-08-23,2021,0.0,Female,Black,1973.0,41.0,1.0,0.0,1.0,33285.30361473966,1.0,0.0,2023-02-21,1,2022,2022-01-01,2023-01-01,1,1,20017.79644412021,1.0,1,1,0.0,0.0,1,0
C_1422_911774.0,1422,911774.0,control,0,2021-08-30,2021,0.0,Male,Black,1999.0,21.0,0.0,0.0,1.0,14013.811515818088,0.0,0.0,2023-02-28,-2,2019,2019-01-01,2020-01-01,0,0,0.0,0.0,0,0,0.0,0.0,1,0
C_1422_911774.0,1422,911774.0,control,0,2021-08-30,2021,0.0,Male,Black,1999.0,21.0,0.0,0.0,1.0,14013.811515818088,0.0,0.0,2023-02-28,-1,2020,2020-01-01,2021-01-01,0,0,0.0,0.0,0,1,0.0,0.0,1,0
C_1422_911774.0,1422,911774.0,control,0,2021-08-30,2021,0.0,Male,Black,1999.0,21.0,0.0,0.0,1.0,14013.811515818088,0.0,0.0,2023-02-28,0,2021,2021-01-01,2022-01-01,1,1,0.0,0.0,1,1,0.0,0.0,1,0
C_1422_911774.0,1422,911774.0,control,0,2021-08-30,2021,0.0,Male,Black,1999.0,21.0,0.0,0.0,1.0,14013.811515818088,0.0,0.0,2023-02-28,1,2022,2022-01-01,2023-01-01,1,1,0.0,0.0,1,1,0.0,0.0,1,0
C_1423_757552.0,1423,757552.0,control,0,2021-08-30,2021,0.0,Female,Black,1993.0,26.0,1.0,0.0,1.0,6370.182132479789,1.0,0.0,2023-02-28,-2,2019,2019-01-01,2020-01-01,0,0,0.0,0.0,0,1,0.0,0.0,1,0
C_1423_757552.0,1423,757552.0,control,0,2021-08-30,2021,0.0,Female,Black,1993.0,26.0,1.0,0.0,1.0,6370.182132479789,1.0,0.0,2023-02-28,-1,2020,2020-01-01,2021-01-01,0,0,0.0,0.0,1,1,0.0,0.0,1,0
C_1423_757552.0,1423,757552.0,control,0,2021-08-30,2021,0.0,Female,Black,1993.0,26.0,1.0,0.0,1.0,6370.182132479789,1.0,0.0,2023-02-28,0,2021,2021-01-01,2022-01-01,1,1,0.0,0.0,1,1,0.0,0.0,1,0
C_1423_757552.0,1423,757552.0,control,0,2021-08-30,2021,0.0,Female,Black,1993.0,26.0,1.0,0.0,1.0,6370.182132479789,1.0,0.0,2023-02-28,1,2022,2022-01-01,2023-01-01,1,1,6043.982945509733,1.0,1,1,0.0,0.0,1,0
C_1424_1104263.0,1424,1104263.0,control,0,2021-09-07,2021,0.0,Female,Black,1994.0,20.0,2.0,0.0,2.0,0.0,0.0,0.0,2023-03-08,-2,2019,2019-01-01,2020-01-01,0,0,0.0,0.0,1,1,0.0,0.0,1,0
C_1424_1104263.0,1424,1104263.0,control,0,2021-09-07,2021,0.0,Female,Black,1994.0,20.0,2.0,0.0,2.0,0.0,0.0,0.0,2023-03-08,-1,2020,2020-01-01,2021-01-01,0,0,0.0,0.0,1,1,0.0,0.0,1,0
C_1424_1104263.0,1424,1104263.0,control,0,2021-09-07,2021,0.0,Female,Black,1994.0,20.0,2.0,0.0,2.0,0.0,0.0,0.0,2023-03-08,0,2021,2021-01-01,2022-01-01,1,1,0.0,0.0,1,1,0.0,0.0,1,0
C_1424_1104263.0,1424,1104263.0,control,0,2021-09-07,2021,0.0,Female,Black,1994.0,20.0,2.0,0.0,2.0,0.0,0.0,0.0,2023-03-08,1,2022,2022-01-01,2023-01-01,1,1,0.0,0.0,1,1,0.0,0.0,1,0
C_1427_935066.0,1427,935066.0,control,0,2021-09-20,2021,0.0,Female,Black,2003.0,18.0,0.0,0.0,0.0,2202.463078136247,1.0,0.0,2023-03-21,-2,2019,2019-01-01,2020-01-01,0,0,0.0,0.0,0,0,0.0,0.0,0,0
C_1427_935066.0,1427,935066.0,control,0,2021-09-20,2021,0.0,Female,Black,2003.0,18.0,0.0,0.0,0.0,2202.463078136247,1.0,0.0,2023-03-21,-1,2020,2020-01-01,2021-01-01,0,0,0.0,0.0,0,0,0.0,0.0,0,0
C_1427_935066.0,1427,935066.0,control,0,2021-09-20,2021,0.0,Female,Black,2003.0,18.0,0.0,0.0,0.0,2202.463078136247,1.0,0.0,2023-03-21,0,2021,2021-01-01,2022-01-01,1,1,5738.86280885649,1.0,0,0,0.0,0.0,0,0
C_1427_935066.0,1427,935066.0,control,0,2021-09-20,2021,0.0,Female,Black,2003.0,18.0,0.0,0.0,0.0,2202.463078136247,1.0,0.0,2023-03-21,1,2022,2022-01-01,2023-01-01,1,1,2219.103444597847,1.0,0,1,2.0,1.0,0,0
C_1430_1214343.0,1430,1214343.0,control,0,2021-09-20,2021,0.0,Male,Black,1992.0,23.0,1.0,0.0,1.0,22842.720759723717,1.0,0.0,2023-03-21,-2,2019,2019-01-01,2020-01-01,0,0,0.0,0.0,1,1,0.0,0.0,1,0
C_1430_1214343.0,1430,1214343.0,control,0,2021-09-20,2021,0.0,Male,Black,1992.0,23.0,1.0,0.0,1.0,22842.720759723717,1.0,0.0,2023-03-21,-1,2020,2020-01-01,2021-01-01,0,0,0.0,0.0,1,1,0.0,0.0,1,0
C_1430_1214343.0,1430,1214343.0,control,0,2021-09-20,2021,0.0,Male,Black,1992.0,23.0,1.0,0.0,1.0,22842.720759723717,1.0,0.0,2023-03-21,0,2021,2021-01-01,2022-01-01,1,1,6024.591397051223,1.0,1,1,0.0,0.0,1,0
C_1430_1214343.0,1430,1214343.0,control,0,2021-09-20,2021,0.0,Male,Black,1992.0,23.0,1.0,0.0,1.0,22842.720759723717,1.0,0.0,2023-03-21,1,2022,2022-01-01,2023-01-01,1,1,24591.361799678547,1.0,1,1,0.0,0.0,1,0
C_1431_1789835.0,1431,1789835.0,control,0,2021-09-20,2021,0.0,Male,Black,1996.0,18.0,5.0,1.0,5.0,0.0,1.0,0.0,2023-03-21,-2,2019,2019-01-01,2020-01-01,0,0,0.0,0.0,1,1,0.0,0.0,1,0
C_1431_1789835.0,1431,1789835.0,control,0,2021-09-20,2021,0.0,Male,Black,1996.0,18.0,5.0,1.0,5.0,0.0,1.0,0.0,2023-03-21,-1,2020,2020-01-01,2021-01-01,0,0,0.0,0.0,1,1,0.0,0.0,1,0
C_1431_1789835.0,1431,1789835.0,control,0,2021-09-20,2021,0.0,Male,Black,1996.0,18.0,5.0,1.0,5.0,0.0,1.0,0.0,2023-03-21,0,2021,2021-01-01,2022-01-01,1,1,3983.2320356381947,1.0,1,1,0.0,0.0,1,0
C_1431_1789835.0,1431,1789835.0,control,0,2021-09-20,2021,0.0,Male,Black,1996.0,18.0,5.0,1.0,5.0,0.0,1.0,0.0,2023-03-21,1,2022,2022-01-01,2023-01-01,1,1,19878.273747708543,1.0,1,1,0.0,0.0,1,0
C_1433_1033969.0,1433,1033969.0,control,0,2021-09-27,2021,0.0,Male,Black,1997.0,19.0,4.0,1.0,4.0,7082.871673436957,1.0,0.0,2023-03-28,-2,2019,2019-01-01,2020-01-01,0,0,0.0,0.0,1,1,0.0,0.0,1,0
C_1433_1033969.0,1433,1033969.0,control,0,2021-09-27,2021,0.0,Male,Black,1997.0,19.0,4.0,1.0,4.0,7082.871673436957,1.0,0.0,2023-03-28,-1,2020,2020-01-01,2021-01-01,0,0,0.0,0.0,1,1,0.0,0.0,1,0
C_1433_1033969.0,1433,1033969.0,control,0,2021-09-27,2021,0.0,Male,Black,1997.0,19.0,4.0,1.0,4.0,7082.871673436957,1.0,0.0,2023-03-28,0,2021,2021-01-01,2022-01-01,1,1,8976.510362192523,1.0,1,1,0.0,0.0,1,0
C_1433_1033969.0,1433,1033969.0,control,0,2021-09-27,2021,0.0,Male,Black,1997.0,19.0,4.0,1.0,4.0,7082.871673436957,1.0,0.0,2023-03-28,1,2022,2022-01-01,2023-01-01,1,1,39834.3462526505,1.0,1,1,0.0,0.0,1,0
C_1434_1587304.0,1434,1587304.0,control,0,2021-10-18,2021,0.0,Female,Black,1995.0,22.0,1.0,0.0,1.0,11345.463489066075,1.0,0.0,2023-04-18,-2,2019,2019-01-01,2020-01-01,0,0,0.0,0.0,1,1,0.0,0.0,1,0
C_1434_1587304.0,1434,1587304.0,control,0,2021-10-18,2021,0.0,Female,Black,1995.0,22.0,1.0,0.0,1.0,11345.463489066075,1.0,0.0,2023-04-18,-1,2020,2020-01-01,2021-01-01,0,0,0.0,0.0,1,1,0.0,0.0,1,0
C_1434_1587304.0,1434,1587304.0,control,0,2021-10-18,2021,0.0,Female,Black,1995.0,22.0,1.0,0.0,1.0,11345.463489066075,1.0,0.0,2023-04-18,0,2021,2021-01-01,2022-01-01,1,1,11032.634514816966,1.0,1,1,0.0,0.0,1,0
C_1434_1587304.0,1434,1587304.0,control,0,2021-10-18,2021,0.0,Female,Black,1995.0,22.0,1.0,0.0,1.0,11345.463489066075,1.0,0.0,2023-04-18,1,2022,2022-01-01,2023-01-01,1,1,568.0728476821191,1.0,1,1,0.0,0.0,1,0
C_1438_480129.0,1438,480129.0,control,0,2021-09-27,2021,0.0,Male,Black,1995.0,23.0,1.0,1.0,1.0,0.0,1.0,0.0,2023-03-28,-2,2019,2019-01-01,2020-01-01,0,0,0.0,0.0,0,1,0.0,0.0,1,0
C_1438_480129.0,1438,480129.0,control,0,2021-09-27,2021,0.0,Male,Black,1995.0,23.0,1.0,1.0,1.0,0.0,1.0,0.0,2023-03-28,-1,2020,2020-01-01,2021-01-01,0,0,0.0,0.0,1,1,0.0,0.0,1,0
C_1438_480129.0,1438,480129.0,control,0,2021-09-27,2021,0.0,Male,Black,1995.0,23.0,1.0,1.0,1.0,0.0,1.0,0.0,2023-03-28,0,2021,2021-01-01,2022-01-01,1,1,0.0,0.0,1,1,0.0,0.0,1,0
C_1438_480129.0,1438,480129.0,control,0,2021-09-27,2021,0.0,Male,Black,1995.0,23.0,1.0,1.0,1.0,0.0,1.0,0.0,2023-03-28,1,2022,2022-01-01,2023-01-01,1,1,220.55111069181964,1.0,1,1,0.0,0.0,1,0
C_1439_1896124.0,1439,1896124.0,control,0,2023-09-05,2023,1.0,Male,Black,1987.0,20.0,31.0,1.0,31.0,0.0,0.0,0.0,2025-03-05,-2,2021,2021-01-01,2022-01-01,0,0,0.0,0.0,1,1,0.0,0.0,1,0
C_1439_1896124.0,1439,1896124.0,control,0,2023-09-05,2023,1.0,Male,Black,1987.0,20.0,31.0,1.0,31.0,0.0,0.0,0.0,2025-03-05,-1,2022,2022-01-01,2023-01-01,0,0,0.0,0.0,1,1,0.0,0.0,1,0
C_1439_1896124.0,1439,1896124.0,control,0,2023-09-05,2023,1.0,Male,Black,1987.0,20.0,31.0,1.0,31.0,0.0,0.0,0.0,2025-03-05,0,2023,2023-01-01,2024-01-01,1,1,0.0,0.0,1,1,0.0,0.0,1,0
C_1439_1896124.0,1439,1896124.0,control,0,2023-09-05,2023,1.0,Male,Black,1987.0,20.0,31.0,1.0,31.0,0.0,0.0,0.0,2025-03-05,1,2024,2024-01-01,2025-01-01,1,1,0.0,0.0,1,1,0.0,0.0,1,0
C_1441_909976.0,1441,909976.0,control,0,2021-09-27,2021,0.0,Male,Black,2001.0,18.0,0.0,0.0,3.0,0.0,1.0,0.0,2023-03-28,-2,2019,2019-01-01,2020-01-01,0,0,0.0,0.0,0,0,0.0,0.0,1,0
C_1441_909976.0,1441,909976.0,control,0,2021-09-27,2021,0.0,Male,Black,2001.0,18.0,0.0,0.0,3.0,0.0,1.0,0.0,2023-03-28,-1,2020,2020-01-01,2021-01-01,0,0,0.0,0.0,0,1,0.0,0.0,1,0
C_1441_909976.0,1441,909976.0,control,0,2021-09-27,2021,0.0,Male,Black,2001.0,18.0,0.0,0.0,3.0,0.0,1.0,0.0,2023-03-28,0,2021,2021-01-01,2022-01-01,1,1,19118.740624529546,1.0,1,1,0.0,0.0,1,0
C_1441_909976.0,1441,909976.0,control,0,2021-09-27,2021,0.0,Male,Black,2001.0,18.0,0.0,0.0,3.0,0.0,1.0,0.0,2023-03-28,1,2022,2022-01-01,2023-01-01,1,1,7996.977885525071,1.0,1,1,0.0,0.0,1,0
C_1446_1789835.0,1446,1789835.0,control,0,2021-10-04,2021,0.0,Male,Black,1996.0,18.0,5.0,1.0,5.0,0.0,1.0,0.0,2023-04-04,-2,2019,2019-01-01,2020-01-01,0,0,0.0,0.0,1,1,0.0,0.0,1,0
C_1446_1789835.0,1446,1789835.0,control,0,2021-10-04,2021,0.0,Male,Black,1996.0,18.0,5.0,1.0,5.0,0.0,1.0,0.0,2023-04-04,-1,2020,2020-01-01,2021-01-01,0,0,0.0,0.0,1,1,0.0,0.0,1,0
C_1446_1789835.0,1446,1789835.0,control,0,2021-10-04,2021,0.0,Male,Black,1996.0,18.0,5.0,1.0,5.0,0.0,1.0,0.0,2023-04-04,0,2021,2021-01-01,2022-01-01,1,1,3983.2320356381947,1.0,1,1,0.0,0.0,1,0
C_1446_1789835.0,1446,1789835.0,control,0,2021-10-04,2021,0.0,Male,Black,1996.0,18.0,5.0,1.0,5.0,0.0,1.0,0.0,2023-04-04,1,2022,2022-01-01,2023-01-01,1,1,19878.273747708543,1.0,1,1,0.0,0.0,1,0
C_1448_887653.0,1448,887653.0,control,0,2021-10-11,2021,0.0,Male,White,2001.0,19.0,0.0,0.0,2.0,0.0,0.0,0.0,2023-04-11,-2,2019,2019-01-01,2020-01-01,0,0,0.0,0.0,0,0,0.0,0.0,1,0
C_1448_887653.0,1448,887653.0,control,0,2021-10-11,2021,0.0,Male,White,2001.0,19.0,0.0,0.0,2.0,0.0,0.0,0.0,2023-04-11,-1,2020,2020-01-01,2021-01-01,0,0,0.0,0.0,0,1,0.0,0.0,1,0
C_1448_887653.0,1448,887653.0,control,0,2021-10-11,2021,0.0,Male,White,2001.0,19.0,0.0,0.0,2.0,0.0,0.0,0.0,2023-04-11,0,2021,2021-01-01,2022-01-01,1,1,0.0,0.0,1,1,0.0,0.0,1,0
C_1448_887653.0,1448,887653.0,control,0,2021-10-11,2021,0.0,Male,White,2001.0,19.0,0.0,0.0,2.0,0.0,0.0,0.0,2023-04-11,1,2022,2022-01-01,2023-01-01,1,1,22719.441677452258,1.0,1,1,0.0,0.0,1,0
C_1449_861599.0,1449,861599.0,control,0,2021-10-11,2021,0.0,Male,Black,1998.0,20.0,2.0,1.0,2.0,1827.955074288592,0.0,0.0,2023-04-11,-2,2019,2019-01-01,2020-01-01,0,0,0.0,0.0,1,1,0.0,0.0,1,0
C_1449_861599.0,1449,861599.0,control,0,2021-10-11,2021,0.0,Male,Black,1998.0,20.0,2.0,1.0,2.0,1827.955074288592,0.0,0.0,2023-04-11,-1,2020,2020-01-01,2021-01-01,0,0,0.0,0.0,1,1,0.0,0.0,1,0
C_1449_861599.0,1449,861599.0,control,0,2021-10-11,2021,0.0,Male,Black,1998.0,20.0,2.0,1.0,2.0,1827.955074288592,0.0,0.0,2023-04-11,0,2021,2021-01-01,2022-01-01,1,1,0.0,0.0,1,1,0.0,0.0,1,0
C_1449_861599.0,1449,861599.0,control,0,2021-10-11,2021,0.0,Male,Black,1998.0,20.0,2.0,1.0,2.0,1827.955074288592,0.0,0.0,2023-04-11,1,2022,2022-01-01,2023-01-01,1,1,22314.946382924434,1.0,1,1,0.0,0.0,1,0
C_1450_1217626.0,1450,1217626.0,control,0,2021-11-01,2021,0.0,Male,Black,1980.0,22.0,4.0,1.0,4.0,0.0,0.0,0.0,2023-05-02,-2,2019,2019-01-01,2020-01-01,0,0,0.0,0.0,1,1,0.0,0.0,1,0
C_1450_1217626.0,1450,1217626.0,control,0,2021-11-01,2021,0.0,Male,Black,1980.0,22.0,4.0,1.0,4.0,0.0,0.0,0.0,2023-05-02,-1,2020,2020-01-01,2021-01-01,0,0,0.0,0.0,1,1,0.0,0.0,1,0
C_1450_1217626.0,1450,1217626.0,control,0,2021-11-01,2021,0.0,Male,Black,1980.0,22.0,4.0,1.0,4.0,0.0,0.0,0.0,2023-05-02,0,2021,2021-01-01,2022-01-01,1,1,0.0,0.0,1,1,0.0,0.0,1,0
C_1450_1217626.0,1450,1217626.0,control,0,2021-11-01,2021,0.0,Male,Black,1980.0,22.0,4.0,1.0,4.0,0.0,0.0,0.0,2023-05-02,1,2022,2022-01-01,2023-01-01,1,1,0.0,0.0,1,1,0.0,0.0,1,0
C_1453_924817.0,1453,924817.0,control,0,2021-10-11,2021,0.0,Male,Black,2002.0,19.0,0.0,0.0,0.0,0.0,0.0,0.0,2023-04-11,-2,2019,2019-01-01,2020-01-01,0,0,0.0,0.0,0,0,0.0,0.0,0,0
C_1453_924817.0,1453,924817.0,control,0,2021-10-11,2021,0.0,Male,Black,2002.0,19.0,0.0,0.0,0.0,0.0,0.0,0.0,2023-04-11,-1,2020,2020-01-01,2021-01-01,0,0,0.0,0.0,0,0,0.0,0.0,0,0
C_1453_924817.0,1453,924817.0,control,0,2021-10-11,2021,0.0,Male,Black,2002.0,19.0,0.0,0.0,0.0,0.0,0.0,0.0,2023-04-11,0,2021,2021-01-01,2022-01-01,1,1,0.0,0.0,0,1,2.0,1.0,0,0
C_1453_924817.0,1453,924817.0,control,0,2021-10-11,2021,0.0,Male,Black,2002.0,19.0,0.0,0.0,0.0,0.0,0.0,0.0,2023-04-11,1,2022,2022-01-01,2023-01-01,1,1,0.0,0.0,1,1,0.0,0.0,0,0
C_1454_916939.0,1454,916939.0,control,0,2024-06-03,2024,1.0,Male,Black,2003.0,18.0,3.0,1.0,3.0,0.0,0.0,0.0,2025-12-02,-2,2022,2022-01-01,2023-01-01,0,0,0.0,0.0,1,1,0.0,0.0,1,0
C_1454_916939.0,1454,916939.0,control,0,2024-06-03,2024,1.0,Male,Black,2003.0,18.0,3.0,1.0,3.0,0.0,0.0,0.0,2025-12-02,-1,2023,2023-01-01,2024-01-01,0,0,0.0,0.0,1,1,0.0,0.0,1,0
C_1454_916939.0,1454,916939.0,control,0,2024-06-03,2024,1.0,Male,Black,2003.0,18.0,3.0,1.0,3.0,0.0,0.0,0.0,2025-12-02,0,2024,2024-01-01,2025-01-01,1,1,0.0,0.0,1,1,0.0,0.0,1,0
C_1454_916939.0,1454,916939.0,control,0,2024-06-03,2024,1.0,Male,Black,2003.0,18.0,3.0,1.0,3.0,0.0,0.0,0.0,2025-12-02,1,2025,2025-01-01,2026-01-01,1,1,0.0,0.0,1,1,0.0,0.0,1,0
C_1455_861599.0,1455,861599.0,control,0,2021-10-11,2021,0.0,Male,Black,1998.0,20.0,2.0,1.0,2.0,1827.955074288592,0.0,0.0,2023-04-11,-2,2019,2019-01-01,2020-01-01,0,0,0.0,0.0,1,1,0.0,0.0,1,0
C_1455_861599.0,1455,861599.0,control,0,2021-10-11,2021,0.0,Male,Black,1998.0,20.0,2.0,1.0,2.0,1827.955074288592,0.0,0.0,2023-04-11,-1,2020,2020-01-01,2021-01-01,0,0,0.0,0.0,1,1,0.0,0.0,1,0
C_1455_861599.0,1455,861599.0,control,0,2021-10-11,2021,0.0,Male,Black,1998.0,20.0,2.0,1.0,2.0,1827.955074288592,0.0,0.0,2023-04-11,0,2021,2021-01-01,2022-01-01,1,1,0.0,0.0,1,1,0.0,0.0,1,0
C_1455_861599.0,1455,861599.0,control,0,2021-10-11,2021,0.0,Male,Black,1998.0,20.0,2.0,1.0,2.0,1827.955074288592,0.0,0.0,2023-04-11,1,2022,2022-01-01,2023-01-01,1,1,22314.946382924434,1.0,1,1,0.0,0.0,1,0
C_1456_909976.0,1456,909976.0,control,0,2021-10-18,2021,0.0,Male,Black,2001.0,18.0,0.0,0.0,3.0,0.0,1.0,0.0,2023-04-18,-2,2019,2019-01-01,2020-01-01,0,0,0.0,0.0,0,0,0.0,0.0,1,0
C_1456_909976.0,1456,909976.0,control,0,2021-10-18,2021,0.0,Male,Black,2001.0,18.0,0.0,0.0,3.0,0.0,1.0,0.0,2023-04-18,-1,2020,2020-01-01,2021-01-01,0,0,0.0,0.0,0,1,0.0,0.0,1,0
C_1456_909976.0,1456,909976.0,control,0,2021-10-18,2021,0.0,Male,Black,2001.0,18.0,0.0,0.0,3.0,0.0,1.0,0.0,2023-04-18,0,2021,2021-01-01,2022-01-01,1,1,14795.027890761185,1.0,1,1,0.0,0.0,1,0
C_1456_909976.0,1456,909976.0,control,0,2021-10-18,2021,0.0,Male,Black,2001.0,18.0,0.0,0.0,3.0,0.0,1.0,0.0,2023-04-18,1,2022,2022-01-01,2023-01-01,1,1,7996.977885525071,1.0,1,1,0.0,0.0,1,0
C_1457_861599.0,1457,861599.0,control,0,2024-02-12,2024,1.0,Male,Black,1998.0,20.0,2.0,1.0,2.0,22314.946382924434,1.0,0.0,2025-08-12,-2,2022,2022-01-01,2023-01-01,0,0,0.0,0.0,1,1,0.0,0.0,1,0
C_1457_861599.0,1457,861599.0,control,0,2024-02-12,2024,1.0,Male,Black,1998.0,20.0,2.0,1.0,2.0,22314.946382924434,1.0,0.0,2025-08-12,-1,2023,2023-01-01,2024-01-01,0,0,0.0,0.0,1,1,0.0,0.0,1,0
C_1457_861599.0,1457,861599.0,control,0,2024-02-12,2024,1.0,Male,Black,1998.0,20.0,2.0,1.0,2.0,22314.946382924434,1.0,0.0,2025-08-12,0,2024,2024-01-01,2025-01-01,1,1,36823.92464474803,1.0,1,1,0.0,0.0,1,0
C_1457_861599.0,1457,861599.0,control,0,2024-02-12,2024,1.0,Male,Black,1998.0,20.0,2.0,1.0,2.0,22314.946382924434,1.0,0.0,2025-08-12,1,2025,2025-01-01,2026-01-01,1,1,0.0,0.0,1,1,0.0,0.0,1,0
C_1458_1033969.0,1458,1033969.0,control,0,2021-10-25,2021,0.0,Male,Black,1997.0,19.0,4.0,1.0,4.0,6045.820746887966,1.0,0.0,2023-04-25,-2,2019,2019-01-01,2020-01-01,0,0,0.0,0.0,1,1,0.0,0.0,1,0
C_1458_1033969.0,1458,1033969.0,control,0,2021-10-25,2021,0.0,Male,Black,1997.0,19.0,4.0,1.0,4.0,6045.820746887966,1.0,0.0,2023-04-25,-1,2020,2020-01-01,2021-01-01,0,0,0.0,0.0,1,1,0.0,0.0,1,0
C_1458_1033969.0,1458,1033969.0,control,0,2021-10-25,2021,0.0,Male,Black,1997.0,19.0,4.0,1.0,4.0,6045.820746887966,1.0,0.0,2023-04-25,0,2021,2021-01-01,2022-01-01,1,1,8976.510362192523,1.0,1,1,0.0,0.0,1,0
C_1458_1033969.0,1458,1033969.0,control,0,2021-10-25,2021,0.0,Male,Black,1997.0,19.0,4.0,1.0,4.0,6045.820746887966,1.0,0.0,2023-04-25,1,2022,2022-01-01,2023-01-01,1,1,39834.3462526505,1.0,1,1,0.0,0.0,1,0
C_1463_1789835.0,1463,1789835.0,control,0,2021-11-08,2021,0.0,Male,Black,1996.0,18.0,5.0,1.0,5.0,0.0,1.0,0.0,2023-05-09,-2,2019,2019-01-01,2020-01-01,0,0,0.0,0.0,1,1,0.0,0.0,1,0
C_1463_1789835.0,1463,1789835.0,control,0,2021-11-08,2021,0.0,Male,Black,1996.0,18.0,5.0,1.0,5.0,0.0,1.0,0.0,2023-05-09,-1,2020,2020-01-01,2021-01-01,0,0,0.0,0.0,1,1,0.0,0.0,1,0
C_1463_1789835.0,1463,1789835.0,control,0,2021-11-08,2021,0.0,Male,Black,1996.0,18.0,5.0,1.0,5.0,0.0,1.0,0.0,2023-05-09,0,2021,2021-01-01,2022-01-01,1,1,3983.2320356381947,1.0,1,1,0.0,0.0,1,0
C_1463_1789835.0,1463,1789835.0,control,0,2021-11-08,2021,0.0,Male,Black,1996.0,18.0,5.0,1.0,5.0,0.0,1.0,0.0,2023-05-09,1,2022,2022-01-01,2023-01-01,1,1,19878.273747708543,1.0,1,1,0.0,0.0,1,0
C_1466_923019.0,1466,923019.0,control,0,2021-11-15,2021,0.0,Male,Black,2002.0,19.0,0.0,0.0,1.0,0.0,0.0,0.0,2023-05-16,-2,2019,2019-01-01,2020-01-01,0,0,0.0,0.0,0,0,0.0,0.0,1,0
C_1466_923019.0,1466,923019.0,control,0,2021-11-15,2021,0.0,Male,Black,2002.0,19.0,0.0,0.0,1.0,0.0,0.0,0.0,2023-05-16,-1,2020,2020-01-01,2021-01-01,0,0,0.0,0.0,0,0,0.0,0.0,1,0
C_1466_923019.0,1466,923019.0,control,0,2021-11-15,2021,0.0,Male,Black,2002.0,19.0,0.0,0.0,1.0,0.0,0.0,0.0,2023-05-16,0,2021,2021-01-01,2022-01-01,1,1,0.0,0.0,0,1,0.0,0.0,1,0
C_1466_923019.0,1466,923019.0,control,0,2021-11-15,2021,0.0,Male,Black,2002.0,19.0,0.0,0.0,1.0,0.0,0.0,0.0,2023-05-16,1,2022,2022-01-01,2023-01-01,1,1,6165.270424418163,1.0,1,1,0.0,0.0,1,0
C_1467_911774.0,1467,911774.0,control,0,2021-11-15,2021,0.0,Male,Black,1999.0,21.0,0.0,0.0,1.0,6602.795395643139,0.0,0.0,2023-05-16,-2,2019,2019-01-01,2020-01-01,0,0,0.0,0.0,0,0,0.0,0.0,1,0
C_1467_911774.0,1467,911774.0,control,0,2021-11-15,2021,0.0,Male,Black,1999.0,21.0,0.0,0.0,1.0,6602.795395643139,0.0,0.0,2023-05-16,-1,2020,2020-01-01,2021-01-01,0,0,0.0,0.0,0,1,0.0,0.0,1,0
C_1467_911774.0,1467,911774.0,control,0,2021-11-15,2021,0.0,Male,Black,1999.0,21.0,0.0,0.0,1.0,6602.795395643139,0.0,0.0,2023-05-16,0,2021,2021-01-01,2022-01-01,1,1,0.0,0.0,1,1,0.0,0.0,1,0
C_1467_911774.0,1467,911774.0,control,0,2021-11-15,2021,0.0,Male,Black,1999.0,21.0,0.0,0.0,1.0,6602.795395643139,0.0,0.0,2023-05-16,1,2022,2022-01-01,2023-01-01,1,1,0.0,0.0,1,1,0.0,0.0,1,0
C_1468_1709442.0,1468,1709442.0,control,0,2021-11-15,2021,0.0,Male,White,1982.0,26.0,1.0,0.0,1.0,3777.392946058091,1.0,0.0,2023-05-16,-2,2019,2019-01-01,2020-01-01,0,0,0.0,0.0,1,1,0.0,0.0,1,0
C_1468_1709442.0,1468,1709442.0,control,0,2021-11-15,2021,0.0,Male,White,1982.0,26.0,1.0,0.0,1.0,3777.392946058091,1.0,0.0,2023-05-16,-1,2020,2020-01-01,2021-01-01,0,0,0.0,0.0,1,1,0.0,0.0,1,0
C_1468_1709442.0,1468,1709442.0,control,0,2021-11-15,2021,0.0,Male,White,1982.0,26.0,1.0,0.0,1.0,3777.392946058091,1.0,0.0,2023-05-16,0,2021,2021-01-01,2022-01-01,1,1,6003.324617470463,1.0,1,1,0.0,0.0,1,0
C_1468_1709442.0,1468,1709442.0,control,0,2021-11-15,2021,0.0,Male,White,1982.0,26.0,1.0,0.0,1.0,3777.392946058091,1.0,0.0,2023-05-16,1,2022,2022-01-01,2023-01-01,1,1,25002.8918110044,1.0,1,1,0.0,0.0,1,0
C_1469_891284.0,1469,891284.0,control,0,2021-11-22,2021,0.0,Male,Black,2000.0,20.0,3.0,1.0,3.0,0.0,0.0,0.0,2023-05-23,-2,2019,2019-01-01,2020-01-01,0,0,0.0,0.0,0,0,0.0,0.0,1,0
C_1469_891284.0,1469,891284.0,control,0,2021-11-22,2021,0.0,Male,Black,2000.0,20.0,3.0,1.0,3.0,0.0,0.0,0.0,2023-05-23,-1,2020,2020-01-01,2021-01-01,0,0,0.0,0.0,0,1,0.0,0.0,1,0
C_1469_891284.0,1469,891284.0,control,0,2021-11-22,2021,0.0,Male,Black,2000.0,20.0,3.0,1.0,3.0,0.0,0.0,0.0,2023-05-23,0,2021,2021-01-01,2022-01-01,1,1,0.0,0.0,1,1,0.0,0.0,1,0
C_1469_891284.0,1469,891284.0,control,0,2021-11-22,2021,0.0,Male,Black,2000.0,20.0,3.0,1.0,3.0,0.0,0.0,0.0,2023-05-23,1,2022,2022-01-01,2023-01-01,1,1,2235.3755884864213,1.0,1,1,0.0,0.0,1,0
C_1472_916939.0,1472,916939.0,control,0,2021-11-29,2021,0.0,Male,Black,2003.0,18.0,0.0,0.0,3.0,0.0,0.0,0.0,2023-05-30,-2,2019,2019-01-01,2020-01-01,0,0,0.0,0.0,0,0,0.0,0.0,1,0
C_1472_916939.0,1472,916939.0,control,0,2021-11-29,2021,0.0,Male,Black,2003.0,18.0,0.0,0.0,3.0,0.0,0.0,0.0,2023-05-30,-1,2020,2020-01-01,2021-01-01,0,0,0.0,0.0,0,0,0.0,0.0,1,0
C_1472_916939.0,1472,916939.0,control,0,2021-11-29,2021,0.0,Male,Black,2003.0,18.0,0.0,0.0,3.0,0.0,0.0,0.0,2023-05-30,0,2021,2021-01-01,2022-01-01,1,1,0.0,0.0,0,1,0.0,0.0,1,0
C_1472_916939.0,1472,916939.0,control,0,2021-11-29,2021,0.0,Male,Black,2003.0,18.0,0.0,0.0,3.0,0.0,0.0,0.0,2023-05-30,1,2022,2022-01-01,2023-01-01,1,1,0.0,0.0,1,1,0.0,0.0,1,0
C_1474_891284.0,1474,891284.0,control,0,2021-11-29,2021,0.0,Male,Black,2000.0,20.0,3.0,1.0,3.0,0.0,0.0,0.0,2023-05-30,-2,2019,2019-01-01,2020-01-01,0,0,0.0,0.0,0,0,0.0,0.0,1,0
C_1474_891284.0,1474,891284.0,control,0,2021-11-29,2021,0.0,Male,Black,2000.0,20.0,3.0,1.0,3.0,0.0,0.0,0.0,2023-05-30,-1,2020,2020-01-01,2021-01-01,0,0,0.0,0.0,0,1,0.0,0.0,1,0
C_1474_891284.0,1474,891284.0,control,0,2021-11-29,2021,0.0,Male,Black,2000.0,20.0,3.0,1.0,3.0,0.0,0.0,0.0,2023-05-30,0,2021,2021-01-01,2022-01-01,1,1,0.0,0.0,1,1,0.0,0.0,1,0
C_1474_891284.0,1474,891284.0,control,0,2021-11-29,2021,0.0,Male,Black,2000.0,20.0,3.0,1.0,3.0,0.0,0.0,0.0,2023-05-30,1,2022,2022-01-01,2023-01-01,1,1,2235.3755884864213,1.0,1,1,0.0,0.0,1,0
C_1476_1271880.0,1476,1271880.0,control,0,2021-12-06,2021,0.0,Male,Black,1983.0,21.0,5.0,0.0,5.0,0.0,0.0,0.0,2023-06-06,-2,2019,2019-01-01,2020-01-01,0,0,0.0,0.0,1,1,0.0,0.0,1,0
C_1476_1271880.0,1476,1271880.0,control,0,2021-12-06,2021,0.0,Male,Black,1983.0,21.0,5.0,0.0,5.0,0.0,0.0,0.0,2023-06-06,-1,2020,2020-01-01,2021-01-01,0,0,0.0,0.0,1,1,0.0,0.0,1,0
C_1476_1271880.0,1476,1271880.0,control,0,2021-12-06,2021,0.0,Male,Black,1983.0,21.0,5.0,0.0,5.0,0.0,0.0,0.0,2023-06-06,0,2021,2021-01-01,2022-01-01,1,1,0.0,0.0,1,1,0.0,0.0,1,0
C_1476_1271880.0,1476,1271880.0,control,0,2021-12-06,2021,0.0,Male,Black,1983.0,21.0,5.0,0.0,5.0,0.0,0.0,0.0,2023-06-06,1,2022,2022-01-01,2023-01-01,1,1,0.0,0.0,1,1,0.0,0.0,1,0
C_1477_909976.0,1477,909976.0,control,0,2021-12-13,2021,0.0,Male,Black,2001.0,18.0,2.0,1.0,3.0,0.0,1.0,0.0,2023-06-13,-2,2019,2019-01-01,2020-01-01,0,0,0.0,0.0,0,0,0.0,0.0,1,0
C_1477_909976.0,1477,909976.0,control,0,2021-12-13,2021,0.0,Male,Black,2001.0,18.0,2.0,1.0,3.0,0.0,1.0,0.0,2023-06-13,-1,2020,2020-01-01,2021-01-01,0,0,0.0,0.0,0,1,0.0,0.0,1,0
C_1477_909976.0,1477,909976.0,control,0,2021-12-13,2021,0.0,Male,Black,2001.0,18.0,2.0,1.0,3.0,0.0,1.0,0.0,2023-06-13,0,2021,2021-01-01,2022-01-01,1,1,14795.027890761185,1.0,1,1,0.0,0.0,1,0
C_1477_909976.0,1477,909976.0,control,0,2021-12-13,2021,0.0,Male,Black,2001.0,18.0,2.0,1.0,3.0,0.0,1.0,0.0,2023-06-13,1,2022,2022-01-01,2023-01-01,1,1,7996.977885525071,1.0,1,1,0.0,0.0,1,0
C_1478_1355606.0,1478,1355606.0,control,0,2021-12-06,2021,0.0,Male,Black,1991.0,21.0,4.0,0.0,4.0,13493.534854771784,1.0,0.0,2023-06-06,-2,2019,2019-01-01,2020-01-01,0,0,0.0,0.0,1,1,0.0,0.0,1,0
C_1478_1355606.0,1478,1355606.0,control,0,2021-12-06,2021,0.0,Male,Black,1991.0,21.0,4.0,0.0,4.0,13493.534854771784,1.0,0.0,2023-06-06,-1,2020,2020-01-01,2021-01-01,0,0,0.0,0.0,1,1,0.0,0.0,1,0
C_1478_1355606.0,1478,1355606.0,control,0,2021-12-06,2021,0.0,Male,Black,1991.0,21.0,4.0,0.0,4.0,13493.534854771784,1.0,0.0,2023-06-06,0,2021,2021-01-01,2022-01-01,1,1,16631.475692426884,1.0,1,1,0.0,0.0,1,0
C_1478_1355606.0,1478,1355606.0,control,0,2021-12-06,2021,0.0,Male,Black,1991.0,21.0,4.0,0.0,4.0,13493.534854771784,1.0,0.0,2023-06-06,1,2022,2022-01-01,2023-01-01,1,1,59206.34667869772,1.0,1,1,0.0,0.0,1,0
C_1480_926943.0,1480,926943.0,control,0,2022-02-14,2022,1.0,Female,Black,2002.0,19.0,0.0,0.0,3.0,0.0,0.0,0.0,2023-08-15,-2,2020,2020-01-01,2021-01-01,0,0,0.0,0.0,0,0,0.0,0.0,1,0
C_1480_926943.0,1480,926943.0,control,0,2022-02-14,2022,1.0,Female,Black,2002.0,19.0,0.0,0.0,3.0,0.0,0.0,0.0,2023-08-15,-1,2021,2021-01-01,2022-01-01,0,0,0.0,0.0,0,1,0.0,0.0,1,0
C_1480_926943.0,1480,926943.0,control,0,2022-02-14,2022,1.0,Female,Black,2002.0,19.0,0.0,0.0,3.0,0.0,0.0,0.0,2023-08-15,0,2022,2022-01-01,2023-01-01,1,1,0.0,0.0,1,1,1.0,1.0,1,1
C_1480_926943.0,1480,926943.0,control,0,2022-02-14,2022,1.0,Female,Black,2002.0,19.0,0.0,0.0,3.0,0.0,0.0,0.0,2023-08-15,1,2023,2023-01-01,2024-01-01,1,1,0.0,0.0,1,1,0.0,0.0,1,0
C_1484_1896124.0,1484,1896124.0,control,0,2021-12-13,2021,0.0,Male,Black,1987.0,20.0,31.0,1.0,31.0,2345.5308319129563,0.0,0.0,2023-06-13,-2,2019,2019-01-01,2020-01-01,0,0,0.0,0.0,1,1,0.0,0.0,1,0
C_1484_1896124.0,1484,1896124.0,control,0,2021-12-13,2021,0.0,Male,Black,1987.0,20.0,31.0,1.0,31.0,2345.5308319129563,0.0,0.0,2023-06-13,-1,2020,2020-01-01,2021-01-01,0,0,0.0,0.0,1,1,0.0,0.0,1,0
C_1484_1896124.0,1484,1896124.0,control,0,2021-12-13,2021,0.0,Male,Black,1987.0,20.0,31.0,1.0,31.0,2345.5308319129563,0.0,0.0,2023-06-13,0,2021,2021-01-01,2022-01-01,1,1,0.0,0.0,1,1,0.0,0.0,1,0
C_1484_1896124.0,1484,1896124.0,control,0,2021-12-13,2021,0.0,Male,Black,1987.0,20.0,31.0,1.0,31.0,2345.5308319129563,0.0,0.0,2023-06-13,1,2022,2022-01-01,2023-01-01,1,1,0.0,0.0,1,1,0.0,0.0,1,0
C_1485_1214343.0,1485,1214343.0,control,0,2021-12-20,2021,0.0,Male,Black,1992.0,23.0,1.0,0.0,1.0,22312.557565646264,1.0,0.0,2023-06-20,-2,2019,2019-01-01,2020-01-01,0,0,0.0,0.0,1,1,0.0,0.0,1,0
C_1485_1214343.0,1485,1214343.0,control,0,2021-12-20,2021,0.0,Male,Black,1992.0,23.0,1.0,0.0,1.0,22312.557565646264,1.0,0.0,2023-06-20,-1,2020,2020-01-01,2021-01-01,0,0,0.0,0.0,1,1,0.0,0.0,1,0
C_1485_1214343.0,1485,1214343.0,control,0,2021-12-20,2021,0.0,Male,Black,1992.0,23.0,1.0,0.0,1.0,22312.557565646264,1.0,0.0,2023-06-20,0,2021,2021-01-01,2022-01-01,1,1,5065.3414681386785,1.0,1,1,0.0,0.0,1,0
C_1485_1214343.0,1485,1214343.0,control,0,2021-12-20,2021,0.0,Male,Black,1992.0,23.0,1.0,0.0,1.0,22312.557565646264,1.0,0.0,2023-06-20,1,2022,2022-01-01,2023-01-01,1,1,24591.361799678547,1.0,1,1,0.0,0.0,1,0
C_1486_480129.0,1486,480129.0,control,0,2022-01-31,2022,1.0,Male,Black,1995.0,23.0,1.0,1.0,1.0,8026.891006396032,1.0,0.0,2023-08-01,-2,2020,2020-01-01,2021-01-01,0,0,0.0,0.0,1,1,0.0,0.0,1,0
C_1486_480129.0,1486,480129.0,control,0,2022-01-31,2022,1.0,Male,Black,1995.0,23.0,1.0,1.0,1.0,8026.891006396032,1.0,0.0,2023-08-01,-1,2021,2021-01-01,2022-01-01,0,0,0.0,0.0,1,1,0.0,0.0,1,0
C_1486_480129.0,1486,480129.0,control,0,2022-01-31,2022,1.0,Male,Black,1995.0,23.0,1.0,1.0,1.0,8026.891006396032,1.0,0.0,2023-08-01,0,2022,2022-01-01,2023-01-01,1,1,220.55111069181964,1.0,1,1,0.0,0.0,1,0
C_1486_480129.0,1486,480129.0,control,0,2022-01-31,2022,1.0,Male,Black,1995.0,23.0,1.0,1.0,1.0,8026.891006396032,1.0,0.0,2023-08-01,1,2023,2023-01-01,2024-01-01,1,1,6705.090333182574,1.0,1,1,0.0,0.0,1,0
C_1490_923019.0,1490,923019.0,control,0,2022-01-03,2022,1.0,Male,Black,2002.0,19.0,0.0,0.0,1.0,0.0,0.0,0.0,2023-07-04,-2,2020,2020-01-01,2021-01-01,0,0,0.0,0.0,0,0,0.0,0.0,1,0
C_1490_923019.0,1490,923019.0,control,0,2022-01-03,2022,1.0,Male,Black,2002.0,19.0,0.0,0.0,1.0,0.0,0.0,0.0,2023-07-04,-1,2021,2021-01-01,2022-01-01,0,0,0.0,0.0,0,1,0.0,0.0,1,0
C_1490_923019.0,1490,923019.0,control,0,2022-01-03,2022,1.0,Male,Black,2002.0,19.0,0.0,0.0,1.0,0.0,0.0,0.0,2023-07-04,0,2022,2022-01-01,2023-01-01,1,1,6165.270424418163,1.0,1,1,0.0,0.0,1,0
C_1490_923019.0,1490,923019.0,control,0,2022-01-03,2022,1.0,Male,Black,2002.0,19.0,0.0,0.0,1.0,0.0,0.0,0.0,2023-07-04,1,2023,2023-01-01,2024-01-01,1,1,825.6057130362183,1.0,1,1,0.0,0.0,1,0
C_1494_1789835.0,1494,1789835.0,control,0,2022-01-10,2022,1.0,Male,Black,1996.0,18.0,5.0,1.0,5.0,1528.9908628116432,1.0,0.0,2023-07-11,-2,2020,2020-01-01,2021-01-01,0,0,0.0,0.0,1,1,0.0,0.0,1,0
C_1494_1789835.0,1494,1789835.0,control,0,2022-01-10,2022,1.0,Male,Black,1996.0,18.0,5.0,1.0,5.0,1528.9908628116432,1.0,0.0,2023-07-11,-1,2021,2021-01-01,2022-01-01,0,0,0.0,0.0,1,1,0.0,0.0,1,0
C_1494_1789835.0,1494,1789835.0,control,0,2022-01-10,2022,1.0,Male,Black,1996.0,18.0,5.0,1.0,5.0,1528.9908628116432,1.0,0.0,2023-07-11,0,2022,2022-01-01,2023-01-01,1,1,19878.273747708543,1.0,1,1,0.0,0.0,1,0
C_1494_1789835.0,1494,1789835.0,control,0,2022-01-10,2022,1.0,Male,Black,1996.0,18.0,5.0,1.0,5.0,1528.9908628116432,1.0,0.0,2023-07-11,1,2023,2023-01-01,2024-01-01,1,1,12538.878244487707,1.0,1,1,0.0,0.0,1,0
C_1497_486807.0,1497,486807.0,control,0,2022-09-06,2022,1.0,Male,Black,1994.0,25.0,2.0,0.0,2.0,0.0,1.0,0.0,2024-03-06,-2,2020,2020-01-01,2021-01-01,0,0,0.0,0.0,1,1,0.0,0.0,1,0
C_1497_486807.0,1497,486807.0,control,0,2022-09-06,2022,1.0,Male,Black,1994.0,25.0,2.0,0.0,2.0,0.0,1.0,0.0,2024-03-06,-1,2021,2021-01-01,2022-01-01,0,0,0.0,0.0,1,1,0.0,0.0,1,0
C_1497_486807.0,1497,486807.0,control,0,2022-09-06,2022,1.0,Male,Black,1994.0,25.0,2.0,0.0,2.0,0.0,1.0,0.0,2024-03-06,0,2022,2022-01-01,2023-01-01,1,1,0.0,0.0,1,1,0.0,0.0,1,0
C_1497_486807.0,1497,486807.0,control,0,2022-09-06,2022,1.0,Male,Black,1994.0,25.0,2.0,0.0,2.0,0.0,1.0,0.0,2024-03-06,1,2023,2023-01-01,2024-01-01,1,1,0.0,0.0,1,1,0.0,0.0,1,0
C_1498_923019.0,1498,923019.0,control,0,2022-01-10,2022,1.0,Male,Black,2002.0,19.0,0.0,0.0,1.0,0.0,0.0,0.0,2023-07-11,-2,2020,2020-01-01,2021-01-01,0,0,0.0,0.0,0,0,0.0,0.0,1,0
C_1498_923019.0,1498,923019.0,control,0,2022-01-10,2022,1.0,Male,Black,2002.0,19.0,0.0,0.0,1.0,0.0,0.0,0.0,2023-07-11,-1,2021,2021-01-01,2022-01-01,0,0,0.0,0.0,0,1,0.0,0.0,1,0
C_1498_923019.0,1498,923019.0,control,0,2022-01-10,2022,1.0,Male,Black,2002.0,19.0,0.0,0.0,1.0,0.0,0.0,0.0,2023-07-11,0,2022,2022-01-01,2023-01-01,1,1,6165.270424418163,1.0,1,1,0.0,0.0,1,0
C_1498_923019.0,1498,923019.0,control,0,2022-01-10,2022,1.0,Male,Black,2002.0,19.0,0.0,0.0,1.0,0.0,0.0,0.0,2023-07-11,1,2023,2023-01-01,2024-01-01,1,1,825.6057130362183,1.0,1,1,0.0,0.0,1,0
C_1499_891284.0,1499,891284.0,control,0,2022-01-18,2022,1.0,Male,Black,2000.0,20.0,3.0,1.0,3.0,0.0,0.0,0.0,2023-07-19,-2,2020,2020-01-01,2021-01-01,0,0,0.0,0.0,0,1,0.0,0.0,1,0
C_1499_891284.0,1499,891284.0,control,0,2022-01-18,2022,1.0,Male,Black,2000.0,20.0,3.0,1.0,3.0,0.0,0.0,0.0,2023-07-19,-1,2021,2021-01-01,2022-01-01,0,0,0.0,0.0,1,1,0.0,0.0,1,0
C_1499_891284.0,1499,891284.0,control,0,2022-01-18,2022,1.0,Male,Black,2000.0,20.0,3.0,1.0,3.0,0.0,0.0,0.0,2023-07-19,0,2022,2022-01-01,2023-01-01,1,1,2235.3755884864213,1.0,1,1,0.0,0.0,1,0
C_1499_891284.0,1499,891284.0,control,0,2022-01-18,2022,1.0,Male,Black,2000.0,20.0,3.0,1.0,3.0,0.0,0.0,0.0,2023-07-19,1,2023,2023-01-01,2024-01-01,1,1,0.0,0.0,1,1,0.0,0.0,1,0
C_1500_159844.0,1500,159844.0,control,0,2022-01-18,2022,1.0,Male,Black,1985.0,36.0,0.0,0.0,1.0,2934.0185498711808,1.0,0.0,2023-07-19,-2,2020,2020-01-01,2021-01-01,0,0,0.0,0.0,0,0,0.0,0.0,1,0
C_1500_159844.0,1500,159844.0,control,0,2022-01-18,2022,1.0,Male,Black,1985.0,36.0,0.0,0.0,1.0,2934.0185498711808,1.0,0.0,2023-07-19,-1,2021,2021-01-01,2022-01-01,0,0,0.0,0.0,0,1,0.0,0.0,1,0
C_1500_159844.0,1500,159844.0,control,0,2022-01-18,2022,1.0,Male,Black,1985.0,36.0,0.0,0.0,1.0,2934.0185498711808,1.0,0.0,2023-07-19,0,2022,2022-01-01,2023-01-01,1,1,4586.286542100283,1.0,1,1,1.0,1.0,1,1
C_1500_159844.0,1500,159844.0,control,0,2022-01-18,2022,1.0,Male,Black,1985.0,36.0,0.0,0.0,1.0,2934.0185498711808,1.0,0.0,2023-07-19,1,2023,2023-01-01,2024-01-01,1,1,0.0,0.0,1,1,0.0,0.0,1,0
C_1501_909976.0,1501,909976.0,control,0,2022-01-18,2022,1.0,Male,Black,2001.0,18.0,2.0,1.0,3.0,1232.896619240308,1.0,0.0,2023-07-19,-2,2020,2020-01-01,2021-01-01,0,0,0.0,0.0,0,1,0.0,0.0,1,0
C_1501_909976.0,1501,909976.0,control,0,2022-01-18,2022,1.0,Male,Black,2001.0,18.0,2.0,1.0,3.0,1232.896619240308,1.0,0.0,2023-07-19,-1,2021,2021-01-01,2022-01-01,0,0,0.0,0.0,1,1,0.0,0.0,1,0
C_1501_909976.0,1501,909976.0,control,0,2022-01-18,2022,1.0,Male,Black,2001.0,18.0,2.0,1.0,3.0,1232.896619240308,1.0,0.0,2023-07-19,0,2022,2022-01-01,2023-01-01,1,1,7996.977885525071,1.0,1,1,0.0,0.0,1,0
C_1501_909976.0,1501,909976.0,control,0,2022-01-18,2022,1.0,Male,Black,2001.0,18.0,2.0,1.0,3.0,1232.896619240308,1.0,0.0,2023-07-19,1,2023,2023-01-01,2024-01-01,1,1,0.0,0.0,1,1,0.0,0.0,1,0
C_1502_916939.0,1502,916939.0,control,0,2022-01-24,2022,1.0,Male,Black,2003.0,18.0,0.0,0.0,3.0,0.0,0.0,0.0,2023-07-25,-2,2020,2020-01-01,2021-01-01,0,0,0.0,0.0,0,0,0.0,0.0,1,0
C_1502_916939.0,1502,916939.0,control,0,2022-01-24,2022,1.0,Male,Black,2003.0,18.0,0.0,0.0,3.0,0.0,0.0,0.0,2023-07-25,-1,2021,2021-01-01,2022-01-01,0,0,0.0,0.0,0,1,0.0,0.0,1,0
C_1502_916939.0,1502,916939.0,control,0,2022-01-24,2022,1.0,Male,Black,2003.0,18.0,0.0,0.0,3.0,0.0,0.0,0.0,2023-07-25,0,2022,2022-01-01,2023-01-01,1,1,0.0,0.0,1,1,0.0,0.0,1,0
C_1502_916939.0,1502,916939.0,control,0,2022-01-24,2022,1.0,Male,Black,2003.0,18.0,0.0,0.0,3.0,0.0,0.0,0.0,2023-07-25,1,2023,2023-01-01,2024-01-01,1,1,0.0,0.0,1,1,0.0,0.0,1,0
C_1503_935066.0,1503,935066.0,control,0,2022-01-24,2022,1.0,Female,Black,2003.0,18.0,0.0,0.0,0.0,893.5762365399792,1.0,0.0,2023-07-25,-2,2020,2020-01-01,2021-01-01,0,0,0.0,0.0,0,0,0.0,0.0,0,0
C_1503_935066.0,1503,935066.0,control,0,2022-01-24,2022,1.0,Female,Black,2003.0,18.0,0.0,0.0,0.0,893.5762365399792,1.0,0.0,2023-07-25,-1,2021,2021-01-01,2022-01-01,0,0,0.0,0.0,0,0,0.0,0.0,0,0
C_1503_935066.0,1503,935066.0,control,0,2022-01-24,2022,1.0,Female,Black,2003.0,18.0,0.0,0.0,0.0,893.5762365399792,1.0,0.0,2023-07-25,0,2022,2022-01-01,2023-01-01,1,1,2219.103444597847,1.0,0,1,2.0,1.0,0,0
C_1503_935066.0,1503,935066.0,control,0,2022-01-24,2022,1.0,Female,Black,2003.0,18.0,0.0,0.0,0.0,893.5762365399792,1.0,0.0,2023-07-25,1,2023,2023-01-01,2024-01-01,1,1,385.5396006017521,1.0,1,1,0.0,0.0,0,0
C_1507_1161156.0,1507,1161156.0,control,0,2022-01-31,2022,1.0,Male,White,1985.0,19.0,5.0,0.0,5.0,0.0,0.0,0.0,2023-08-01,-2,2020,2020-01-01,2021-01-01,0,0,0.0,0.0,1,1,0.0,0.0,1,0
C_1507_1161156.0,1507,1161156.0,control,0,2022-01-31,2022,1.0,Male,White,1985.0,19.0,5.0,0.0,5.0,0.0,0.0,0.0,2023-08-01,-1,2021,2021-01-01,2022-01-01,0,0,0.0,0.0,1,1,0.0,0.0,1,0
C_1507_1161156.0,1507,1161156.0,control,0,2022-01-31,2022,1.0,Male,White,1985.0,19.0,5.0,0.0,5.0,0.0,0.0,0.0,2023-08-01,0,2022,2022-01-01,2023-01-01,1,1,0.0,0.0,1,1,0.0,0.0,1,0
C_1507_1161156.0,1507,1161156.0,control,0,2022-01-31,2022,1.0,Male,White,1985.0,19.0,5.0,0.0,5.0,0.0,0.0,0.0,2023-08-01,1,2023,2023-01-01,2024-01-01,1,1,0.0,0.0,1,1,0.0,0.0,1,0
C_1514_1716690.0,1514,1716690.0,control,0,2022-02-02,2022,1.0,Female,Black,1984.0,31.0,1.0,0.0,1.0,0.0,1.0,0.0,2023-08-03,-2,2020,2020-01-01,2021-01-01,0,0,0.0,0.0,1,1,0.0,0.0,1,0
C_1514_1716690.0,1514,1716690.0,control,0,2022-02-02,2022,1.0,Female,Black,1984.0,31.0,1.0,0.0,1.0,0.0,1.0,0.0,2023-08-03,-1,2021,2021-01-01,2022-01-01,0,0,0.0,0.0,1,1,0.0,0.0,1,0
C_1514_1716690.0,1514,1716690.0,control,0,2022-02-02,2022,1.0,Female,Black,1984.0,31.0,1.0,0.0,1.0,0.0,1.0,0.0,2023-08-03,0,2022,2022-01-01,2023-01-01,1,1,0.0,0.0,1,1,0.0,0.0,1,0
C_1514_1716690.0,1514,1716690.0,control,0,2022-02-02,2022,1.0,Female,Black,1984.0,31.0,1.0,0.0,1.0,0.0,1.0,0.0,2023-08-03,1,2023,2023-01-01,2024-01-01,1,1,0.0,0.0,1,1,0.0,0.0,1,0
C_1515_909976.0,1515,909976.0,control,0,2022-02-02,2022,1.0,Male,Black,2001.0,18.0,2.0,1.0,3.0,1232.896619240308,1.0,0.0,2023-08-03,-2,2020,2020-01-01,2021-01-01,0,0,0.0,0.0,0,1,0.0,0.0,1,0
C_1515_909976.0,1515,909976.0,control,0,2022-02-02,2022,1.0,Male,Black,2001.0,18.0,2.0,1.0,3.0,1232.896619240308,1.0,0.0,2023-08-03,-1,2021,2021-01-01,2022-01-01,0,0,0.0,0.0,1,1,0.0,0.0,1,0
C_1515_909976.0,1515,909976.0,control,0,2022-02-02,2022,1.0,Male,Black,2001.0,18.0,2.0,1.0,3.0,1232.896619240308,1.0,0.0,2023-08-03,0,2022,2022-01-01,2023-01-01,1,1,7996.977885525071,1.0,1,1,0.0,0.0,1,0
C_1515_909976.0,1515,909976.0,control,0,2022-02-02,2022,1.0,Male,Black,2001.0,18.0,2.0,1.0,3.0,1232.896619240308,1.0,0.0,2023-08-03,1,2023,2023-01-01,2024-01-01,1,1,0.0,0.0,1,1,0.0,0.0,1,0
C_1516_1271880.0,1516,1271880.0,control,0,2022-02-07,2022,1.0,Male,Black,1983.0,21.0,5.0,0.0,5.0,0.0,0.0,0.0,2023-08-08,-2,2020,2020-01-01,2021-01-01,0,0,0.0,0.0,1,1,0.0,0.0,1,0
C_1516_1271880.0,1516,1271880.0,control,0,2022-02-07,2022,1.0,Male,Black,1983.0,21.0,5.0,0.0,5.0,0.0,0.0,0.0,2023-08-08,-1,2021,2021-01-01,2022-01-01,0,0,0.0,0.0,1,1,0.0,0.0,1,0
C_1516_1271880.0,1516,1271880.0,control,0,2022-02-07,2022,1.0,Male,Black,1983.0,21.0,5.0,0.0,5.0,0.0,0.0,0.0,2023-08-08,0,2022,2022-01-01,2023-01-01,1,1,0.0,0.0,1,1,0.0,0.0,1,0
C_1516_1271880.0,1516,1271880.0,control,0,2022-02-07,2022,1.0,Male,Black,1983.0,21.0,5.0,0.0,5.0,0.0,0.0,0.0,2023-08-08,1,2023,2023-01-01,2024-01-01,1,1,0.0,0.0,1,1,0.0,0.0,1,0
C_1517_939772.0,1517,939772.0,control,0,2022-02-02,2022,1.0,Female,Unknown,2000.0,20.0,0.0,0.0,1.0,0.0,0.0,0.0,2023-08-03,-2,2020,2020-01-01,2021-01-01,0,0,0.0,0.0,0,1,0.0,0.0,1,0
C_1517_939772.0,1517,939772.0,control,0,2022-02-02,2022,1.0,Female,Unknown,2000.0,20.0,0.0,0.0,1.0,0.0,0.0,0.0,2023-08-03,-1,2021,2021-01-01,2022-01-01,0,0,0.0,0.0,1,1,0.0,0.0,1,0
C_1517_939772.0,1517,939772.0,control,0,2022-02-02,2022,1.0,Female,Unknown,2000.0,20.0,0.0,0.0,1.0,0.0,0.0,0.0,2023-08-03,0,2022,2022-01-01,2023-01-01,1,1,0.0,0.0,1,1,0.0,0.0,1,0
C_1517_939772.0,1517,939772.0,control,0,2022-02-02,2022,1.0,Female,Unknown,2000.0,20.0,0.0,0.0,1.0,0.0,0.0,0.0,2023-08-03,1,2023,2023-01-01,2024-01-01,1,1,0.0,0.0,1,1,0.0,0.0,1,0
C_1519_1504701.0,1519,1504701.0,control,0,2022-02-07,2022,1.0,Male,Black,1989.0,21.0,1.0,0.0,1.0,23181.49198402471,1.0,0.0,2023-08-08,-2,2020,2020-01-01,2021-01-01,0,0,0.0,0.0,1,1,0.0,0.0,1,0
C_1519_1504701.0,1519,1504701.0,control,0,2022-02-07,2022,1.0,Male,Black,1989.0,21.0,1.0,0.0,1.0,23181.49198402471,1.0,0.0,2023-08-08,-1,2021,2021-01-01,2022-01-01,0,0,0.0,0.0,1,1,0.0,0.0,1,0
C_1519_1504701.0,1519,1504701.0,control,0,2022-02-07,2022,1.0,Male,Black,1989.0,21.0,1.0,0.0,1.0,23181.49198402471,1.0,0.0,2023-08-08,0,2022,2022-01-01,2023-01-01,1,1,21475.899162115507,1.0,1,1,0.0,0.0,1,0
C_1519_1504701.0,1519,1504701.0,control,0,2022-02-07,2022,1.0,Male,Black,1989.0,21.0,1.0,0.0,1.0,23181.49198402471,1.0,0.0,2023-08-08,1,2023,2023-01-01,2024-01-01,1,1,7283.830801451284,1.0,1,1,0.0,0.0,1,0
C_1521_1217626.0,1521,1217626.0,control,0,2022-02-16,2022,1.0,Male,Black,1980.0,22.0,4.0,1.0,4.0,0.0,0.0,0.0,2023-08-17,-2,2020,2020-01-01,2021-01-01,0,0,0.0,0.0,1,1,0.0,0.0,1,0
C_1521_1217626.0,1521,1217626.0,control,0,2022-02-16,2022,1.0,Male,Black,1980.0,22.0,4.0,1.0,4.0,0.0,0.0,0.0,2023-08-17,-1,2021,2021-01-01,2022-01-01,0,0,0.0,0.0,1,1,0.0,0.0,1,0
C_1521_1217626.0,1521,1217626.0,control,0,2022-02-16,2022,1.0,Male,Black,1980.0,22.0,4.0,1.0,4.0,0.0,0.0,0.0,2023-08-17,0,2022,2022-01-01,2023-01-01,1,1,0.0,0.0,1,1,0.0,0.0,1,0
C_1521_1217626.0,1521,1217626.0,control,0,2022-02-16,2022,1.0,Male,Black,1980.0,22.0,4.0,1.0,4.0,0.0,0.0,0.0,2023-08-17,1,2023,2023-01-01,2024-01-01,1,1,0.0,0.0,1,1,0.0,0.0,1,0
C_1527_1033969.0,1527,1033969.0,control,0,2022-02-21,2022,1.0,Male,Black,1997.0,19.0,4.0,1.0,4.0,8545.204508798945,1.0,0.0,2023-08-22,-2,2020,2020-01-01,2021-01-01,0,0,0.0,0.0,1,1,0.0,0.0,1,0
C_1527_1033969.0,1527,1033969.0,control,0,2022-02-21,2022,1.0,Male,Black,1997.0,19.0,4.0,1.0,4.0,8545.204508798945,1.0,0.0,2023-08-22,-1,2021,2021-01-01,2022-01-01,0,0,0.0,0.0,1,1,0.0,0.0,1,0
C_1527_1033969.0,1527,1033969.0,control,0,2022-02-21,2022,1.0,Male,Black,1997.0,19.0,4.0,1.0,4.0,8545.204508798945,1.0,0.0,2023-08-22,0,2022,2022-01-01,2023-01-01,1,1,39834.3462526505,1.0,1,1,0.0,0.0,1,0
C_1527_1033969.0,1527,1033969.0,control,0,2022-02-21,2022,1.0,Male,Black,1997.0,19.0,4.0,1.0,4.0,8545.204508798945,1.0,0.0,2023-08-22,1,2023,2023-01-01,2024-01-01,1,1,15061.419728885836,1.0,1,1,0.0,0.0,1,0
C_1528_486807.0,1528,486807.0,control,0,2022-02-21,2022,1.0,Male,Black,1994.0,25.0,2.0,0.0,2.0,0.0,1.0,0.0,2023-08-22,-2,2020,2020-01-01,2021-01-01,0,0,0.0,0.0,1,1,0.0,0.0,1,0
C_1528_486807.0,1528,486807.0,control,0,2022-02-21,2022,1.0,Male,Black,1994.0,25.0,2.0,0.0,2.0,0.0,1.0,0.0,2023-08-22,-1,2021,2021-01-01,2022-01-01,0,0,0.0,0.0,1,1,0.0,0.0,1,0
C_1528_486807.0,1528,486807.0,control,0,2022-02-21,2022,1.0,Male,Black,1994.0,25.0,2.0,0.0,2.0,0.0,1.0,0.0,2023-08-22,0,2022,2022-01-01,2023-01-01,1,1,9917.021607306964,1.0,1,1,0.0,0.0,1,0
C_1528_486807.0,1528,486807.0,control,0,2022-02-21,2022,1.0,Male,Black,1994.0,25.0,2.0,0.0,2.0,0.0,1.0,0.0,2023-08-22,1,2023,2023-01-01,2024-01-01,1,1,0.0,0.0,1,1,0.0,0.0,1,0
C_1531_935514.0,1531,935514.0,control,0,2022-02-28,2022,1.0,Male,Black,2004.0,18.0,0.0,0.0,0.0,0.0,0.0,0.0,2023-08-29,-2,2020,2020-01-01,2021-01-01,0,0,0.0,0.0,0,0,0.0,0.0,0,0
C_1531_935514.0,1531,935514.0,control,0,2022-02-28,2022,1.0,Male,Black,2004.0,18.0,0.0,0.0,0.0,0.0,0.0,0.0,2023-08-29,-1,2021,2021-01-01,2022-01-01,0,0,0.0,0.0,0,0,0.0,0.0,0,0
C_1531_935514.0,1531,935514.0,control,0,2022-02-28,2022,1.0,Male,Black,2004.0,18.0,0.0,0.0,0.0,0.0,0.0,0.0,2023-08-29,0,2022,2022-01-01,2023-01-01,1,1,0.0,0.0,0,1,1.0,1.0,0,0
C_1531_935514.0,1531,935514.0,control,0,2022-02-28,2022,1.0,Male,Black,2004.0,18.0,0.0,0.0,0.0,0.0,0.0,0.0,2023-08-29,1,2023,2023-01-01,2024-01-01,1,1,0.0,0.0,1,1,0.0,0.0,0,0
C_1532_147695.0,1532,147695.0,control,0,2022-03-14,2022,1.0,Male,Black,1977.0,44.0,0.0,0.0,1.0,0.0,0.0,0.0,2023-09-12,-2,2020,2020-01-01,2021-01-01,0,0,0.0,0.0,0,0,0.0,0.0,1,0
C_1532_147695.0,1532,147695.0,control,0,2022-03-14,2022,1.0,Male,Black,1977.0,44.0,0.0,0.0,1.0,0.0,0.0,0.0,2023-09-12,-1,2021,2021-01-01,2022-01-01,0,0,0.0,0.0,0,1,0.0,0.0,1,0
C_1532_147695.0,1532,147695.0,control,0,2022-03-14,2022,1.0,Male,Black,1977.0,44.0,0.0,0.0,1.0,0.0,0.0,0.0,2023-09-12,0,2022,2022-01-01,2023-01-01,1,1,0.0,0.0,1,1,0.0,0.0,1,0
C_1532_147695.0,1532,147695.0,control,0,2022-03-14,2022,1.0,Male,Black,1977.0,44.0,0.0,0.0,1.0,0.0,0.0,0.0,2023-09-12,1,2023,2023-01-01,2024-01-01,1,1,0.0,0.0,1,1,0.0,0.0,1,0
C_1533_916939.0,1533,916939.0,control,0,2022-03-07,2022,1.0,Male,Black,2003.0,18.0,3.0,1.0,3.0,0.0,0.0,0.0,2023-09-05,-2,2020,2020-01-01,2021-01-01,0,0,0.0,0.0,0,0,0.0,0.0,1,0
C_1533_916939.0,1533,916939.0,control,0,2022-03-07,2022,1.0,Male,Black,2003.0,18.0,3.0,1.0,3.0,0.0,0.0,0.0,2023-09-05,-1,2021,2021-01-01,2022-01-01,0,0,0.0,0.0,0,1,0.0,0.0,1,0
C_1533_916939.0,1533,916939.0,control,0,2022-03-07,2022,1.0,Male,Black,2003.0,18.0,3.0,1.0,3.0,0.0,0.0,0.0,2023-09-05,0,2022,2022-01-01,2023-01-01,1,1,0.0,0.0,1,1,0.0,0.0,1,0
C_1533_916939.0,1533,916939.0,control,0,2022-03-07,2022,1.0,Male,Black,2003.0,18.0,3.0,1.0,3.0,0.0,0.0,0.0,2023-09-05,1,2023,2023-01-01,2024-01-01,1,1,0.0,0.0,1,1,0.0,0.0,1,0
C_1534_1214343.0,1534,1214343.0,control,0,2022-03-14,2022,1.0,Male,Black,1992.0,23.0,1.0,0.0,1.0,25114.31324347197,1.0,0.0,2023-09-12,-2,2020,2020-01-01,2021-01-01,0,0,0.0,0.0,1,1,0.0,0.0,1,0
C_1534_1214343.0,1534,1214343.0,control,0,2022-03-14,2022,1.0,Male,Black,1992.0,23.0,1.0,0.0,1.0,25114.31324347197,1.0,0.0,2023-09-12,-1,2021,2021-01-01,2022-01-01,0,0,0.0,0.0,1,1,0.0,0.0,1,0
C_1534_1214343.0,1534,1214343.0,control,0,2022-03-14,2022,1.0,Male,Black,1992.0,23.0,1.0,0.0,1.0,25114.31324347197,1.0,0.0,2023-09-12,0,2022,2022-01-01,2023-01-01,1,1,24591.361799678547,1.0,1,1,0.0,0.0,1,0
C_1534_1214343.0,1534,1214343.0,control,0,2022-03-14,2022,1.0,Male,Black,1992.0,23.0,1.0,0.0,1.0,25114.31324347197,1.0,0.0,2023-09-12,1,2023,2023-01-01,2024-01-01,1,1,22062.381263950832,1.0,1,1,0.0,0.0,1,0
C_1537_909976.0,1537,909976.0,control,0,2022-03-14,2022,1.0,Male,Black,2001.0,18.0,2.0,1.0,3.0,1232.896619240308,1.0,0.0,2023-09-12,-2,2020,2020-01-01,2021-01-01,0,0,0.0,0.0,0,1,0.0,0.0,1,0
C_1537_909976.0,1537,909976.0,control,0,2022-03-14,2022,1.0,Male,Black,2001.0,18.0,2.0,1.0,3.0,1232.896619240308,1.0,0.0,2023-09-12,-1,2021,2021-01-01,2022-01-01,0,0,0.0,0.0,1,1,0.0,0.0,1,0
C_1537_909976.0,1537,909976.0,control,0,2022-03-14,2022,1.0,Male,Black,2001.0,18.0,2.0,1.0,3.0,1232.896619240308,1.0,0.0,2023-09-12,0,2022,2022-01-01,2023-01-01,1,1,7996.977885525071,1.0,1,1,0.0,0.0,1,0
C_1537_909976.0,1537,909976.0,control,0,2022-03-14,2022,1.0,Male,Black,2001.0,18.0,2.0,1.0,3.0,1232.896619240308,1.0,0.0,2023-09-12,1,2023,2023-01-01,2024-01-01,1,1,0.0,0.0,1,1,0.0,0.0,1,0
C_1539_926943.0,1539,926943.0,control,0,2022-03-14,2022,1.0,Female,Black,2002.0,19.0,0.0,0.0,4.0,0.0,0.0,0.0,2023-09-12,-2,2020,2020-01-01,2021-01-01,0,0,0.0,0.0,0,0,0.0,0.0,1,0
C_1539_926943.0,1539,926943.0,control,0,2022-03-14,2022,1.0,Female,Black,2002.0,19.0,0.0,0.0,4.0,0.0,0.0,0.0,2023-09-12,-1,2021,2021-01-01,2022-01-01,0,0,0.0,0.0,0,1,0.0,0.0,1,0
C_1539_926943.0,1539,926943.0,control,0,2022-03-14,2022,1.0,Female,Black,2002.0,19.0,0.0,0.0,4.0,0.0,0.0,0.0,2023-09-12,0,2022,2022-01-01,2023-01-01,1,1,0.0,0.0,1,1,0.0,0.0,1,0
C_1539_926943.0,1539,926943.0,control,0,2022-03-14,2022,1.0,Female,Black,2002.0,19.0,0.0,0.0,4.0,0.0,0.0,0.0,2023-09-12,1,2023,2023-01-01,2024-01-01,1,1,0.0,0.0,1,1,0.0,0.0,1,0
C_1540_1033969.0,1540,1033969.0,control,0,2022-03-21,2022,1.0,Male,Black,1997.0,19.0,4.0,1.0,4.0,8545.204508798945,1.0,0.0,2023-09-19,-2,2020,2020-01-01,2021-01-01,0,0,0.0,0.0,1,1,0.0,0.0,1,0
C_1540_1033969.0,1540,1033969.0,control,0,2022-03-21,2022,1.0,Male,Black,1997.0,19.0,4.0,1.0,4.0,8545.204508798945,1.0,0.0,2023-09-19,-1,2021,2021-01-01,2022-01-01,0,0,0.0,0.0,1,1,0.0,0.0,1,0
C_1540_1033969.0,1540,1033969.0,control,0,2022-03-21,2022,1.0,Male,Black,1997.0,19.0,4.0,1.0,4.0,8545.204508798945,1.0,0.0,2023-09-19,0,2022,2022-01-01,2023-01-01,1,1,39834.3462526505,1.0,1,1,0.0,0.0,1,0
C_1540_1033969.0,1540,1033969.0,control,0,2022-03-21,2022,1.0,Male,Black,1997.0,19.0,4.0,1.0,4.0,8545.204508798945,1.0,0.0,2023-09-19,1,2023,2023-01-01,2024-01-01,1,1,15061.419728885836,1.0,1,1,0.0,0.0,1,0
C_1541_1789835.0,1541,1789835.0,control,0,2022-03-14,2022,1.0,Male,Black,1996.0,18.0,5.0,1.0,5.0,1528.9908628116432,1.0,0.0,2023-09-12,-2,2020,2020-01-01,2021-01-01,0,0,0.0,0.0,1,1,0.0,0.0,1,0
C_1541_1789835.0,1541,1789835.0,control,0,2022-03-14,2022,1.0,Male,Black,1996.0,18.0,5.0,1.0,5.0,1528.9908628116432,1.0,0.0,2023-09-12,-1,2021,2021-01-01,2022-01-01,0,0,0.0,0.0,1,1,0.0,0.0,1,0
C_1541_1789835.0,1541,1789835.0,control,0,2022-03-14,2022,1.0,Male,Black,1996.0,18.0,5.0,1.0,5.0,1528.9908628116432,1.0,0.0,2023-09-12,0,2022,2022-01-01,2023-01-01,1,1,19878.273747708543,1.0,1,1,0.0,0.0,1,0
C_1541_1789835.0,1541,1789835.0,control,0,2022-03-14,2022,1.0,Male,Black,1996.0,18.0,5.0,1.0,5.0,1528.9908628116432,1.0,0.0,2023-09-12,1,2023,2023-01-01,2024-01-01,1,1,12538.878244487707,1.0,1,1,0.0,0.0,1,0
C_1542_909976.0,1542,909976.0,control,0,2022-03-28,2022,1.0,Male,Black,2001.0,18.0,2.0,1.0,3.0,1232.896619240308,1.0,0.0,2023-09-26,-2,2020,2020-01-01,2021-01-01,0,0,0.0,0.0,0,1,0.0,0.0,1,0
C_1542_909976.0,1542,909976.0,control,0,2022-03-28,2022,1.0,Male,Black,2001.0,18.0,2.0,1.0,3.0,1232.896619240308,1.0,0.0,2023-09-26,-1,2021,2021-01-01,2022-01-01,0,0,0.0,0.0,1,1,0.0,0.0,1,0
C_1542_909976.0,1542,909976.0,control,0,2022-03-28,2022,1.0,Male,Black,2001.0,18.0,2.0,1.0,3.0,1232.896619240308,1.0,0.0,2023-09-26,0,2022,2022-01-01,2023-01-01,1,1,7996.977885525071,1.0,1,1,0.0,0.0,1,0
C_1542_909976.0,1542,909976.0,control,0,2022-03-28,2022,1.0,Male,Black,2001.0,18.0,2.0,1.0,3.0,1232.896619240308,1.0,0.0,2023-09-26,1,2023,2023-01-01,2024-01-01,1,1,0.0,0.0,1,1,0.0,0.0,1,0
C_1543_1214343.0,1543,1214343.0,control,0,2022-04-04,2022,1.0,Male,Black,1992.0,23.0,1.0,0.0,1.0,26860.663924663924,1.0,0.0,2023-10-03,-2,2020,2020-01-01,2021-01-01,0,0,0.0,0.0,1,1,0.0,0.0,1,0
C_1543_1214343.0,1543,1214343.0,control,0,2022-04-04,2022,1.0,Male,Black,1992.0,23.0,1.0,0.0,1.0,26860.663924663924,1.0,0.0,2023-10-03,-1,2021,2021-01-01,2022-01-01,0,0,0.0,0.0,1,1,0.0,0.0,1,0
C_1543_1214343.0,1543,1214343.0,control,0,2022-04-04,2022,1.0,Male,Black,1992.0,23.0,1.0,0.0,1.0,26860.663924663924,1.0,0.0,2023-10-03,0,2022,2022-01-01,2023-01-01,1,1,15236.193871580155,1.0,1,1,0.0,0.0,1,0
C_1543_1214343.0,1543,1214343.0,control,0,2022-04-04,2022,1.0,Male,Black,1992.0,23.0,1.0,0.0,1.0,26860.663924663924,1.0,0.0,2023-10-03,1,2023,2023-01-01,2024-01-01,1,1,34246.95232399522,1.0,1,1,0.0,0.0,1,0
C_1546_661294.0,1546,661294.0,control,0,2022-03-29,2022,1.0,Male,Black,1986.0,32.0,1.0,0.0,2.0,619.5585432711134,1.0,0.0,2023-09-27,-2,2020,2020-01-01,2021-01-01,0,0,0.0,0.0,1,1,0.0,0.0,1,0
C_1546_661294.0,1546,661294.0,control,0,2022-03-29,2022,1.0,Male,Black,1986.0,32.0,1.0,0.0,2.0,619.5585432711134,1.0,0.0,2023-09-27,-1,2021,2021-01-01,2022-01-01,0,0,0.0,0.0,1,1,0.0,0.0,1,0
C_1546_661294.0,1546,661294.0,control,0,2022-03-29,2022,1.0,Male,Black,1986.0,32.0,1.0,0.0,2.0,619.5585432711134,1.0,0.0,2023-09-27,0,2022,2022-01-01,2023-01-01,1,1,1987.0775110127242,1.0,1,1,0.0,0.0,1,0
C_1546_661294.0,1546,661294.0,control,0,2022-03-29,2022,1.0,Male,Black,1986.0,32.0,1.0,0.0,2.0,619.5585432711134,1.0,0.0,2023-09-27,1,2023,2023-01-01,2024-01-01,1,1,204.98386478274975,1.0,1,1,0.0,0.0,1,0
C_1548_382452.0,1548,382452.0,control,0,2022-04-04,2022,1.0,Male,Black,1993.0,26.0,1.0,0.0,1.0,0.0,0.0,0.0,2023-10-03,-2,2020,2020-01-01,2021-01-01,0,0,0.0,0.0,1,1,0.0,0.0,1,0
C_1548_382452.0,1548,382452.0,control,0,2022-04-04,2022,1.0,Male,Black,1993.0,26.0,1.0,0.0,1.0,0.0,0.0,0.0,2023-10-03,-1,2021,2021-01-01,2022-01-01,0,0,0.0,0.0,1,1,0.0,0.0,1,0
C_1548_382452.0,1548,382452.0,control,0,2022-04-04,2022,1.0,Male,Black,1993.0,26.0,1.0,0.0,1.0,0.0,0.0,0.0,2023-10-03,0,2022,2022-01-01,2023-01-01,1,1,0.0,0.0,1,1,0.0,0.0,1,0
C_1548_382452.0,1548,382452.0,control,0,2022-04-04,2022,1.0,Male,Black,1993.0,26.0,1.0,0.0,1.0,0.0,0.0,0.0,2023-10-03,1,2023,2023-01-01,2024-01-01,1,1,0.0,0.0,1,1,0.0,0.0,1,0
C_1556_931186.0,1556,931186.0,control,0,2022-04-18,2022,1.0,Male,Black,2002.0,19.0,0.0,0.0,1.0,0.0,0.0,0.0,2023-10-17,-2,2020,2020-01-01,2021-01-01,0,0,0.0,0.0,0,0,0.0,0.0,1,0
C_1556_931186.0,1556,931186.0,control,0,2022-04-18,2022,1.0,Male,Black,2002.0,19.0,0.0,0.0,1.0,0.0,0.0,0.0,2023-10-17,-1,2021,2021-01-01,2022-01-01,0,0,0.0,0.0,0,1,0.0,0.0,1,0
C_1556_931186.0,1556,931186.0,control,0,2022-04-18,2022,1.0,Male,Black,2002.0,19.0,0.0,0.0,1.0,0.0,0.0,0.0,2023-10-17,0,2022,2022-01-01,2023-01-01,1,1,4146.615368170363,1.0,1,1,0.0,0.0,1,0
C_1556_931186.0,1556,931186.0,control,0,2022-04-18,2022,1.0,Male,Black,2002.0,19.0,0.0,0.0,1.0,0.0,0.0,0.0,2023-10-17,1,2023,2023-01-01,2024-01-01,1,1,8578.327723519315,1.0,1,1,0.0,0.0,1,0
C_1560_909976.0,1560,909976.0,control,0,2022-04-25,2022,1.0,Male,Black,2001.0,18.0,2.0,1.0,3.0,3388.5505567282735,1.0,0.0,2023-10-24,-2,2020,2020-01-01,2021-01-01,0,0,0.0,0.0,0,1,0.0,0.0,1,0
C_1560_909976.0,1560,909976.0,control,0,2022-04-25,2022,1.0,Male,Black,2001.0,18.0,2.0,1.0,3.0,3388.5505567282735,1.0,0.0,2023-10-24,-1,2021,2021-01-01,2022-01-01,0,0,0.0,0.0,1,1,0.0,0.0,1,0
C_1560_909976.0,1560,909976.0,control,0,2022-04-25,2022,1.0,Male,Black,2001.0,18.0,2.0,1.0,3.0,3388.5505567282735,1.0,0.0,2023-10-24,0,2022,2022-01-01,2023-01-01,1,1,0.0,0.0,1,1,0.0,0.0,1,0
C_1560_909976.0,1560,909976.0,control,0,2022-04-25,2022,1.0,Male,Black,2001.0,18.0,2.0,1.0,3.0,3388.5505567282735,1.0,0.0,2023-10-24,1,2023,2023-01-01,2024-01-01,1,1,359.02002345762844,1.0,1,1,0.0,0.0,1,0
C_1568_851060.0,1568,851060.0,control,0,2022-05-02,2022,1.0,Female,Black,1998.0,20.0,1.0,0.0,1.0,0.0,0.0,0.0,2023-10-31,-2,2020,2020-01-01,2021-01-01,0,0,0.0,0.0,1,1,0.0,0.0,1,0
C_1568_851060.0,1568,851060.0,control,0,2022-05-02,2022,1.0,Female,Black,1998.0,20.0,1.0,0.0,1.0,0.0,0.0,0.0,2023-10-31,-1,2021,2021-01-01,2022-01-01,0,0,0.0,0.0,1,1,0.0,0.0,1,0
C_1568_851060.0,1568,851060.0,control,0,2022-05-02,2022,1.0,Female,Black,1998.0,20.0,1.0,0.0,1.0,0.0,0.0,0.0,2023-10-31,0,2022,2022-01-01,2023-01-01,1,1,0.0,0.0,1,1,0.0,0.0,1,0
C_1568_851060.0,1568,851060.0,control,0,2022-05-02,2022,1.0,Female,Black,1998.0,20.0,1.0,0.0,1.0,0.0,0.0,0.0,2023-10-31,1,2023,2023-01-01,2024-01-01,1,1,0.0,0.0,1,1,0.0,0.0,1,0
C_1569_935514.0,1569,935514.0,control,0,2022-05-02,2022,1.0,Male,Black,2004.0,18.0,0.0,0.0,0.0,0.0,0.0,0.0,2023-10-31,-2,2020,2020-01-01,2021-01-01,0,0,0.0,0.0,0,0,0.0,0.0,0,0
C_1569_935514.0,1569,935514.0,control,0,2022-05-02,2022,1.0,Male,Black,2004.0,18.0,0.0,0.0,0.0,0.0,0.0,0.0,2023-10-31,-1,2021,2021-01-01,2022-01-01,0,0,0.0,0.0,0,0,0.0,0.0,0,0
C_1569_935514.0,1569,935514.0,control,0,2022-05-02,2022,1.0,Male,Black,2004.0,18.0,0.0,0.0,0.0,0.0,0.0,0.0,2023-10-31,0,2022,2022-01-01,2023-01-01,1,1,0.0,0.0,0,1,1.0,1.0,0,0
C_1569_935514.0,1569,935514.0,control,0,2022-05-02,2022,1.0,Male,Black,2004.0,18.0,0.0,0.0,0.0,0.0,0.0,0.0,2023-10-31,1,2023,2023-01-01,2024-01-01,1,1,252.6827144569819,1.0,1,1,0.0,0.0,0,0
C_1573_802879.0,1573,802879.0,control,0,2022-05-10,2022,1.0,Male,Black,1999.0,21.0,1.0,0.0,1.0,0.0,0.0,0.0,2023-11-08,-2,2020,2020-01-01,2021-01-01,0,0,0.0,0.0,0,1,0.0,0.0,1,0
C_1573_802879.0,1573,802879.0,control,0,2022-05-10,2022,1.0,Male,Black,1999.0,21.0,1.0,0.0,1.0,0.0,0.0,0.0,2023-11-08,-1,2021,2021-01-01,2022-01-01,0,0,0.0,0.0,1,1,0.0,0.0,1,0
C_1573_802879.0,1573,802879.0,control,0,2022-05-10,2022,1.0,Male,Black,1999.0,21.0,1.0,0.0,1.0,0.0,0.0,0.0,2023-11-08,0,2022,2022-01-01,2023-01-01,1,1,0.0,0.0,1,1,0.0,0.0,1,0
C_1573_802879.0,1573,802879.0,control,0,2022-05-10,2022,1.0,Male,Black,1999.0,21.0,1.0,0.0,1.0,0.0,0.0,0.0,2023-11-08,1,2023,2023-01-01,2024-01-01,1,1,9381.88358063676,1.0,1,1,0.0,0.0,1,0
C_1576_1709442.0,1576,1709442.0,control,0,2022-05-16,2022,1.0,Male,White,1982.0,26.0,1.0,0.0,1.0,15513.587769458492,1.0,0.0,2023-11-14,-2,2020,2020-01-01,2021-01-01,0,0,0.0,0.0,1,1,0.0,0.0,1,0
C_1576_1709442.0,1576,1709442.0,control,0,2022-05-16,2022,1.0,Male,White,1982.0,26.0,1.0,0.0,1.0,15513.587769458492,1.0,0.0,2023-11-14,-1,2021,2021-01-01,2022-01-01,0,0,0.0,0.0,1,1,0.0,0.0,1,0
C_1576_1709442.0,1576,1709442.0,control,0,2022-05-16,2022,1.0,Male,White,1982.0,26.0,1.0,0.0,1.0,15513.587769458492,1.0,0.0,2023-11-14,0,2022,2022-01-01,2023-01-01,1,1,15105.574994542716,1.0,1,1,0.0,0.0,1,0
C_1576_1709442.0,1576,1709442.0,control,0,2022-05-16,2022,1.0,Male,White,1982.0,26.0,1.0,0.0,1.0,15513.587769458492,1.0,0.0,2023-11-14,1,2023,2023-01-01,2024-01-01,1,1,11709.097238710638,1.0,1,1,0.0,0.0,1,0
C_1577_926943.0,1577,926943.0,control,0,2023-07-17,2023,1.0,Female,Black,2002.0,19.0,4.0,0.0,4.0,0.0,0.0,0.0,2025-01-14,-2,2021,2021-01-01,2022-01-01,0,0,0.0,0.0,0,1,0.0,0.0,1,0
C_1577_926943.0,1577,926943.0,control,0,2023-07-17,2023,1.0,Female,Black,2002.0,19.0,4.0,0.0,4.0,0.0,0.0,0.0,2025-01-14,-1,2022,2022-01-01,2023-01-01,0,0,0.0,0.0,1,1,0.0,0.0,1,0
C_1577_926943.0,1577,926943.0,control,0,2023-07-17,2023,1.0,Female,Black,2002.0,19.0,4.0,0.0,4.0,0.0,0.0,0.0,2025-01-14,0,2023,2023-01-01,2024-01-01,1,1,0.0,0.0,1,1,0.0,0.0,1,0
C_1577_926943.0,1577,926943.0,control,0,2023-07-17,2023,1.0,Female,Black,2002.0,19.0,4.0,0.0,4.0,0.0,0.0,0.0,2025-01-14,1,2024,2024-01-01,2025-01-01,1,1,0.0,0.0,1,1,0.0,0.0,1,0
C_1581_931186.0,1581,931186.0,control,0,2022-05-16,2022,1.0,Male,Black,2002.0,19.0,0.0,0.0,1.0,0.0,0.0,0.0,2023-11-14,-2,2020,2020-01-01,2021-01-01,0,0,0.0,0.0,0,0,0.0,0.0,1,0
C_1581_931186.0,1581,931186.0,control,0,2022-05-16,2022,1.0,Male,Black,2002.0,19.0,0.0,0.0,1.0,0.0,0.0,0.0,2023-11-14,-1,2021,2021-01-01,2022-01-01,0,0,0.0,0.0,0,1,0.0,0.0,1,0
C_1581_931186.0,1581,931186.0,control,0,2022-05-16,2022,1.0,Male,Black,2002.0,19.0,0.0,0.0,1.0,0.0,0.0,0.0,2023-11-14,0,2022,2022-01-01,2023-01-01,1,1,4146.615368170363,1.0,1,1,0.0,0.0,1,0
C_1581_931186.0,1581,931186.0,control,0,2022-05-16,2022,1.0,Male,Black,2002.0,19.0,0.0,0.0,1.0,0.0,0.0,0.0,2023-11-14,1,2023,2023-01-01,2024-01-01,1,1,8578.327723519315,1.0,1,1,0.0,0.0,1,0
C_1590_1587304.0,1590,1587304.0,control,0,2022-05-31,2022,1.0,Female,Black,1995.0,22.0,1.0,0.0,1.0,25293.27058168404,1.0,0.0,2023-11-29,-2,2020,2020-01-01,2021-01-01,0,0,0.0,0.0,1,1,0.0,0.0,1,0
C_1590_1587304.0,1590,1587304.0,control,0,2022-05-31,2022,1.0,Female,Black,1995.0,22.0,1.0,0.0,1.0,25293.27058168404,1.0,0.0,2023-11-29,-1,2021,2021-01-01,2022-01-01,0,0,0.0,0.0,1,1,0.0,0.0,1,0
C_1590_1587304.0,1590,1587304.0,control,0,2022-05-31,2022,1.0,Female,Black,1995.0,22.0,1.0,0.0,1.0,25293.27058168404,1.0,0.0,2023-11-29,0,2022,2022-01-01,2023-01-01,1,1,0.0,0.0,1,1,0.0,0.0,1,0
C_1590_1587304.0,1590,1587304.0,control,0,2022-05-31,2022,1.0,Female,Black,1995.0,22.0,1.0,0.0,1.0,25293.27058168404,1.0,0.0,2023-11-29,1,2023,2023-01-01,2024-01-01,1,1,682.2433290338511,1.0,1,1,0.0,0.0,1,0
C_1591_772688.0,1591,772688.0,control,0,2022-06-01,2022,1.0,Male,Black,1998.0,20.0,2.0,1.0,2.0,0.0,0.0,0.0,2023-11-30,-2,2020,2020-01-01,2021-01-01,0,0,0.0,0.0,1,1,0.0,0.0,1,0
C_1591_772688.0,1591,772688.0,control,0,2022-06-01,2022,1.0,Male,Black,1998.0,20.0,2.0,1.0,2.0,0.0,0.0,0.0,2023-11-30,-1,2021,2021-01-01,2022-01-01,0,0,0.0,0.0,1,1,0.0,0.0,1,0
C_1591_772688.0,1591,772688.0,control,0,2022-06-01,2022,1.0,Male,Black,1998.0,20.0,2.0,1.0,2.0,0.0,0.0,0.0,2023-11-30,0,2022,2022-01-01,2023-01-01,1,1,0.0,0.0,1,1,0.0,0.0,1,0
C_1591_772688.0,1591,772688.0,control,0,2022-06-01,2022,1.0,Male,Black,1998.0,20.0,2.0,1.0,2.0,0.0,0.0,0.0,2023-11-30,1,2023,2023-01-01,2024-01-01,1,1,0.0,0.0,1,1,0.0,0.0,1,0
C_1599_909684.0,1599,909684.0,control,0,2022-06-06,2022,1.0,Female,Black,1999.0,21.0,1.0,0.0,1.0,2084.8731559841212,1.0,0.0,2023-12-05,-2,2020,2020-01-01,2021-01-01,0,0,0.0,0.0,0,1,0.0,0.0,1,0
C_1599_909684.0,1599,909684.0,control,0,2022-06-06,2022,1.0,Female,Black,1999.0,21.0,1.0,0.0,1.0,2084.8731559841212,1.0,0.0,2023-12-05,-1,2021,2021-01-01,2022-01-01,0,0,0.0,0.0,1,1,0.0,0.0,1,0
C_1599_909684.0,1599,909684.0,control,0,2022-06-06,2022,1.0,Female,Black,1999.0,21.0,1.0,0.0,1.0,2084.8731559841212,1.0,0.0,2023-12-05,0,2022,2022-01-01,2023-01-01,1,1,222.00647967844594,1.0,1,1,0.0,0.0,1,0
C_1599_909684.0,1599,909684.0,control,0,2022-06-06,2022,1.0,Female,Black,1999.0,21.0,1.0,0.0,1.0,2084.8731559841212,1.0,0.0,2023-12-05,1,2023,2023-01-01,2024-01-01,1,1,4738.532841336254,1.0,1,1,0.0,0.0,1,0
C_1602_913962.0,1602,913962.0,control,0,2022-06-06,2022,1.0,Female,Black,1996.0,22.0,4.0,0.0,4.0,9418.157111175171,1.0,0.0,2023-12-05,-2,2020,2020-01-01,2021-01-01,0,0,0.0,0.0,1,1,0.0,0.0,1,0
C_1602_913962.0,1602,913962.0,control,0,2022-06-06,2022,1.0,Female,Black,1996.0,22.0,4.0,0.0,4.0,9418.157111175171,1.0,0.0,2023-12-05,-1,2021,2021-01-01,2022-01-01,0,0,0.0,0.0,1,1,0.0,0.0,1,0
C_1602_913962.0,1602,913962.0,control,0,2022-06-06,2022,1.0,Female,Black,1996.0,22.0,4.0,0.0,4.0,9418.157111175171,1.0,0.0,2023-12-05,0,2022,2022-01-01,2023-01-01,1,1,5630.156886883566,1.0,1,1,0.0,0.0,1,0
C_1602_913962.0,1602,913962.0,control,0,2022-06-06,2022,1.0,Female,Black,1996.0,22.0,4.0,0.0,4.0,9418.157111175171,1.0,0.0,2023-12-05,1,2023,2023-01-01,2024-01-01,1,1,7604.931346549458,1.0,1,1,0.0,0.0,1,0
C_1603_931186.0,1603,931186.0,control,0,2022-06-13,2022,1.0,Male,Black,2002.0,19.0,0.0,0.0,1.0,0.0,0.0,0.0,2023-12-12,-2,2020,2020-01-01,2021-01-01,0,0,0.0,0.0,0,0,0.0,0.0,1,0
C_1603_931186.0,1603,931186.0,control,0,2022-06-13,2022,1.0,Male,Black,2002.0,19.0,0.0,0.0,1.0,0.0,0.0,0.0,2023-12-12,-1,2021,2021-01-01,2022-01-01,0,0,0.0,0.0,0,1,0.0,0.0,1,0
C_1603_931186.0,1603,931186.0,control,0,2022-06-13,2022,1.0,Male,Black,2002.0,19.0,0.0,0.0,1.0,0.0,0.0,0.0,2023-12-12,0,2022,2022-01-01,2023-01-01,1,1,4146.615368170363,1.0,1,1,0.0,0.0,1,0
C_1603_931186.0,1603,931186.0,control,0,2022-06-13,2022,1.0,Male,Black,2002.0,19.0,0.0,0.0,1.0,0.0,0.0,0.0,2023-12-12,1,2023,2023-01-01,2024-01-01,1,1,8578.327723519315,1.0,1,1,0.0,0.0,1,0
C_1610_891284.0,1610,891284.0,control,0,2022-06-27,2022,1.0,Male,Black,2000.0,20.0,3.0,1.0,3.0,0.0,0.0,0.0,2023-12-26,-2,2020,2020-01-01,2021-01-01,0,0,0.0,0.0,0,1,0.0,0.0,1,0
C_1610_891284.0,1610,891284.0,control,0,2022-06-27,2022,1.0,Male,Black,2000.0,20.0,3.0,1.0,3.0,0.0,0.0,0.0,2023-12-26,-1,2021,2021-01-01,2022-01-01,0,0,0.0,0.0,1,1,0.0,0.0,1,0
C_1610_891284.0,1610,891284.0,control,0,2022-06-27,2022,1.0,Male,Black,2000.0,20.0,3.0,1.0,3.0,0.0,0.0,0.0,2023-12-26,0,2022,2022-01-01,2023-01-01,1,1,2235.3755884864213,1.0,1,1,0.0,0.0,1,0
C_1610_891284.0,1610,891284.0,control,0,2022-06-27,2022,1.0,Male,Black,2000.0,20.0,3.0,1.0,3.0,0.0,0.0,0.0,2023-12-26,1,2023,2023-01-01,2024-01-01,1,1,0.0,0.0,1,1,0.0,0.0,1,0
C_1611_916939.0,1611,916939.0,control,0,2022-06-27,2022,1.0,Male,Black,2003.0,18.0,3.0,1.0,3.0,0.0,0.0,0.0,2023-12-26,-2,2020,2020-01-01,2021-01-01,0,0,0.0,0.0,0,0,0.0,0.0,1,0
C_1611_916939.0,1611,916939.0,control,0,2022-06-27,2022,1.0,Male,Black,2003.0,18.0,3.0,1.0,3.0,0.0,0.0,0.0,2023-12-26,-1,2021,2021-01-01,2022-01-01,0,0,0.0,0.0,0,1,0.0,0.0,1,0
C_1611_916939.0,1611,916939.0,control,0,2022-06-27,2022,1.0,Male,Black,2003.0,18.0,3.0,1.0,3.0,0.0,0.0,0.0,2023-12-26,0,2022,2022-01-01,2023-01-01,1,1,0.0,0.0,1,1,0.0,0.0,1,0
C_1611_916939.0,1611,916939.0,control,0,2022-06-27,2022,1.0,Male,Black,2003.0,18.0,3.0,1.0,3.0,0.0,0.0,0.0,2023-12-26,1,2023,2023-01-01,2024-01-01,1,1,0.0,0.0,1,1,0.0,0.0,1,0
C_1613_382452.0,1613,382452.0,control,0,2022-06-22,2022,1.0,Male,Black,1993.0,26.0,1.0,0.0,1.0,0.0,0.0,0.0,2023-12-21,-2,2020,2020-01-01,2021-01-01,0,0,0.0,0.0,1,1,0.0,0.0,1,0
C_1613_382452.0,1613,382452.0,control,0,2022-06-22,2022,1.0,Male,Black,1993.0,26.0,1.0,0.0,1.0,0.0,0.0,0.0,2023-12-21,-1,2021,2021-01-01,2022-01-01,0,0,0.0,0.0,1,1,0.0,0.0,1,0
C_1613_382452.0,1613,382452.0,control,0,2022-06-22,2022,1.0,Male,Black,1993.0,26.0,1.0,0.0,1.0,0.0,0.0,0.0,2023-12-21,0,2022,2022-01-01,2023-01-01,1,1,0.0,0.0,1,1,0.0,0.0,1,0
C_1613_382452.0,1613,382452.0,control,0,2022-06-22,2022,1.0,Male,Black,1993.0,26.0,1.0,0.0,1.0,0.0,0.0,0.0,2023-12-21,1,2023,2023-01-01,2024-01-01,1,1,0.0,0.0,1,1,0.0,0.0,1,0
C_1618_1033969.0,1618,1033969.0,control,0,2022-07-11,2022,1.0,Male,Black,1997.0,19.0,4.0,1.0,4.0,8545.204508798945,1.0,0.0,2024-01-09,-2,2020,2020-01-01,2021-01-01,0,0,0.0,0.0,1,1,0.0,0.0,1,0
C_1618_1033969.0,1618,1033969.0,control,0,2022-07-11,2022,1.0,Male,Black,1997.0,19.0,4.0,1.0,4.0,8545.204508798945,1.0,0.0,2024-01-09,-1,2021,2021-01-01,2022-01-01,0,0,0.0,0.0,1,1,0.0,0.0,1,0
C_1618_1033969.0,1618,1033969.0,control,0,2022-07-11,2022,1.0,Male,Black,1997.0,19.0,4.0,1.0,4.0,8545.204508798945,1.0,0.0,2024-01-09,0,2022,2022-01-01,2023-01-01,1,1,18876.40549370313,1.0,1,1,0.0,0.0,1,0
C_1618_1033969.0,1618,1033969.0,control,0,2022-07-11,2022,1.0,Male,Black,1997.0,19.0,4.0,1.0,4.0,8545.204508798945,1.0,0.0,2024-01-09,1,2023,2023-01-01,2024-01-01,1,1,28067.66034070029,1.0,1,1,0.0,0.0,1,0
C_1621_1504701.0,1621,1504701.0,control,0,2022-07-11,2022,1.0,Male,Black,1989.0,21.0,1.0,0.0,1.0,10411.150294236963,1.0,0.0,2024-01-09,-2,2020,2020-01-01,2021-01-01,0,0,0.0,0.0,1,1,0.0,0.0,1,0
C_1621_1504701.0,1621,1504701.0,control,0,2022-07-11,2022,1.0,Male,Black,1989.0,21.0,1.0,0.0,1.0,10411.150294236963,1.0,0.0,2024-01-09,-1,2021,2021-01-01,2022-01-01,0,0,0.0,0.0,1,1,0.0,0.0,1,0
C_1621_1504701.0,1621,1504701.0,control,0,2022-07-11,2022,1.0,Male,Black,1989.0,21.0,1.0,0.0,1.0,10411.150294236963,1.0,0.0,2024-01-09,0,2022,2022-01-01,2023-01-01,1,1,8225.701229182152,1.0,1,1,0.0,0.0,1,0
C_1621_1504701.0,1621,1504701.0,control,0,2022-07-11,2022,1.0,Male,Black,1989.0,21.0,1.0,0.0,1.0,10411.150294236963,1.0,0.0,2024-01-09,1,2023,2023-01-01,2024-01-01,1,1,20731.76891580331,1.0,1,1,0.0,0.0,1,0
C_1626_909976.0,1626,909976.0,control,0,2022-07-25,2022,1.0,Male,Black,2001.0,18.0,2.0,1.0,3.0,4541.899218467865,1.0,0.0,2024-01-23,-2,2020,2020-01-01,2021-01-01,0,0,0.0,0.0,0,1,0.0,0.0,1,0
C_1626_909976.0,1626,909976.0,control,0,2022-07-25,2022,1.0,Male,Black,2001.0,18.0,2.0,1.0,3.0,4541.899218467865,1.0,0.0,2024-01-23,-1,2021,2021-01-01,2022-01-01,0,0,0.0,0.0,1,1,0.0,0.0,1,0
C_1626_909976.0,1626,909976.0,control,0,2022-07-25,2022,1.0,Male,Black,2001.0,18.0,2.0,1.0,3.0,4541.899218467865,1.0,0.0,2024-01-23,0,2022,2022-01-01,2023-01-01,1,1,0.0,0.0,1,1,0.0,0.0,1,0
C_1626_909976.0,1626,909976.0,control,0,2022-07-25,2022,1.0,Male,Black,2001.0,18.0,2.0,1.0,3.0,4541.899218467865,1.0,0.0,2024-01-23,1,2023,2023-01-01,2024-01-01,1,1,1183.0311597071639,1.0,1,1,0.0,0.0,1,0
C_1634_1214343.0,1634,1214343.0,control,0,2024-07-22,2024,1.0,Male,Black,1992.0,23.0,1.0,0.0,1.0,35449.25022352974,1.0,0.0,2026-01-20,-2,2022,2022-01-01,2023-01-01,0,0,0.0,0.0,1,1,0.0,0.0,1,0
C_1634_1214343.0,1634,1214343.0,control,0,2024-07-22,2024,1.0,Male,Black,1992.0,23.0,1.0,0.0,1.0,35449.25022352974,1.0,0.0,2026-01-20,-1,2023,2023-01-01,2024-01-01,0,0,0.0,0.0,1,1,0.0,0.0,1,0
C_1634_1214343.0,1634,1214343.0,control,0,2024-07-22,2024,1.0,Male,Black,1992.0,23.0,1.0,0.0,1.0,35449.25022352974,1.0,0.0,2026-01-20,0,2024,2024-01-01,2025-01-01,1,1,11795.610410369774,1.0,1,1,0.0,0.0,1,0
C_1634_1214343.0,1634,1214343.0,control,0,2024-07-22,2024,1.0,Male,Black,1992.0,23.0,1.0,0.0,1.0,35449.25022352974,1.0,0.0,2026-01-20,1,2025,2025-01-01,2026-01-01,1,1,0.0,0.0,1,1,0.0,0.0,1,0
C_1635_909684.0,1635,909684.0,control,0,2022-08-02,2022,1.0,Female,Black,1999.0,21.0,1.0,0.0,1.0,3480.3415471271633,1.0,0.0,2024-01-31,-2,2020,2020-01-01,2021-01-01,0,0,0.0,0.0,0,1,0.0,0.0,1,0
C_1635_909684.0,1635,909684.0,control,0,2022-08-02,2022,1.0,Female,Black,1999.0,21.0,1.0,0.0,1.0,3480.3415471271633,1.0,0.0,2024-01-31,-1,2021,2021-01-01,2022-01-01,0,0,0.0,0.0,1,1,0.0,0.0,1,0
C_1635_909684.0,1635,909684.0,control,0,2022-08-02,2022,1.0,Female,Black,1999.0,21.0,1.0,0.0,1.0,3480.3415471271633,1.0,0.0,2024-01-31,0,2022,2022-01-01,2023-01-01,1,1,0.0,0.0,1,1,0.0,0.0,1,0
C_1635_909684.0,1635,909684.0,control,0,2022-08-02,2022,1.0,Female,Black,1999.0,21.0,1.0,0.0,1.0,3480.3415471271633,1.0,0.0,2024-01-31,1,2023,2023-01-01,2024-01-01,1,1,4738.532841336254,1.0,1,1,0.0,0.0,1,0
C_1637_916939.0,1637,916939.0,control,0,2022-08-02,2022,1.0,Male,Black,2003.0,18.0,3.0,1.0,3.0,0.0,0.0,0.0,2024-01-31,-2,2020,2020-01-01,2021-01-01,0,0,0.0,0.0,0,0,0.0,0.0,1,0
C_1637_916939.0,1637,916939.0,control,0,2022-08-02,2022,1.0,Male,Black,2003.0,18.0,3.0,1.0,3.0,0.0,0.0,0.0,2024-01-31,-1,2021,2021-01-01,2022-01-01,0,0,0.0,0.0,0,1,0.0,0.0,1,0
C_1637_916939.0,1637,916939.0,control,0,2022-08-02,2022,1.0,Male,Black,2003.0,18.0,3.0,1.0,3.0,0.0,0.0,0.0,2024-01-31,0,2022,2022-01-01,2023-01-01,1,1,0.0,0.0,1,1,0.0,0.0,1,0
C_1637_916939.0,1637,916939.0,control,0,2022-08-02,2022,1.0,Male,Black,2003.0,18.0,3.0,1.0,3.0,0.0,0.0,0.0,2024-01-31,1,2023,2023-01-01,2024-01-01,1,1,0.0,0.0,1,1,0.0,0.0,1,0
C_1644_909976.0,1644,909976.0,control,0,2022-08-15,2022,1.0,Male,Black,2001.0,18.0,3.0,1.0,3.0,4541.899218467865,1.0,0.0,2024-02-13,-2,2020,2020-01-01,2021-01-01,0,0,0.0,0.0,0,1,0.0,0.0,1,0
C_1644_909976.0,1644,909976.0,control,0,2022-08-15,2022,1.0,Male,Black,2001.0,18.0,3.0,1.0,3.0,4541.899218467865,1.0,0.0,2024-02-13,-1,2021,2021-01-01,2022-01-01,0,0,0.0,0.0,1,1,0.0,0.0,1,0
C_1644_909976.0,1644,909976.0,control,0,2022-08-15,2022,1.0,Male,Black,2001.0,18.0,3.0,1.0,3.0,4541.899218467865,1.0,0.0,2024-02-13,0,2022,2022-01-01,2023-01-01,1,1,0.0,0.0,1,1,0.0,0.0,1,0
C_1644_909976.0,1644,909976.0,control,0,2022-08-15,2022,1.0,Male,Black,2001.0,18.0,3.0,1.0,3.0,4541.899218467865,1.0,0.0,2024-02-13,1,2023,2023-01-01,2024-01-01,1,1,1183.0311597071639,1.0,1,1,0.0,0.0,1,0
C_1647_1873795.0,1647,1873795.0,control,0,2022-08-22,2022,1.0,Male,Black,1978.0,26.0,14.0,1.0,14.0,0.0,1.0,0.0,2024-02-20,-2,2020,2020-01-01,2021-01-01,0,0,0.0,0.0,1,1,0.0,0.0,1,0
C_1647_1873795.0,1647,1873795.0,control,0,2022-08-22,2022,1.0,Male,Black,1978.0,26.0,14.0,1.0,14.0,0.0,1.0,0.0,2024-02-20,-1,2021,2021-01-01,2022-01-01,0,0,0.0,0.0,1,1,0.0,0.0,1,0
C_1647_1873795.0,1647,1873795.0,control,0,2022-08-22,2022,1.0,Male,Black,1978.0,26.0,14.0,1.0,14.0,0.0,1.0,0.0,2024-02-20,0,2022,2022-01-01,2023-01-01,1,1,7892.718849801115,1.0,1,1,0.0,0.0,1,0
C_1647_1873795.0,1647,1873795.0,control,0,2022-08-22,2022,1.0,Male,Black,1978.0,26.0,14.0,1.0,14.0,0.0,1.0,0.0,2024-02-20,1,2023,2023-01-01,2024-01-01,1,1,8772.513893056645,1.0,1,1,0.0,0.0,1,0
C_1648_1789835.0,1648,1789835.0,control,0,2022-08-29,2022,1.0,Male,Black,1996.0,18.0,5.0,1.0,5.0,1736.9710951458965,1.0,0.0,2024-02-27,-2,2020,2020-01-01,2021-01-01,0,0,0.0,0.0,1,1,0.0,0.0,1,0
C_1648_1789835.0,1648,1789835.0,control,0,2022-08-29,2022,1.0,Male,Black,1996.0,18.0,5.0,1.0,5.0,1736.9710951458965,1.0,0.0,2024-02-27,-1,2021,2021-01-01,2022-01-01,0,0,0.0,0.0,1,1,0.0,0.0,1,0
C_1648_1789835.0,1648,1789835.0,control,0,2022-08-29,2022,1.0,Male,Black,1996.0,18.0,5.0,1.0,5.0,1736.9710951458965,1.0,0.0,2024-02-27,0,2022,2022-01-01,2023-01-01,1,1,10716.172007617834,1.0,1,1,0.0,0.0,1,0
C_1648_1789835.0,1648,1789835.0,control,0,2022-08-29,2022,1.0,Male,Black,1996.0,18.0,5.0,1.0,5.0,1736.9710951458965,1.0,0.0,2024-02-27,1,2023,2023-01-01,2024-01-01,1,1,25595.19466425087,1.0,1,1,0.0,0.0,1,0
C_1649_861599.0,1649,861599.0,control,0,2022-08-29,2022,1.0,Male,Black,1998.0,20.0,2.0,1.0,2.0,0.0,1.0,0.0,2024-02-27,-2,2020,2020-01-01,2021-01-01,0,0,0.0,0.0,1,1,0.0,0.0,1,0
C_1649_861599.0,1649,861599.0,control,0,2022-08-29,2022,1.0,Male,Black,1998.0,20.0,2.0,1.0,2.0,0.0,1.0,0.0,2024-02-27,-1,2021,2021-01-01,2022-01-01,0,0,0.0,0.0,1,1,0.0,0.0,1,0
C_1649_861599.0,1649,861599.0,control,0,2022-08-29,2022,1.0,Male,Black,1998.0,20.0,2.0,1.0,2.0,0.0,1.0,0.0,2024-02-27,0,2022,2022-01-01,2023-01-01,1,1,20699.657858367464,1.0,1,1,0.0,0.0,1,0
C_1649_861599.0,1649,861599.0,control,0,2022-08-29,2022,1.0,Male,Black,1998.0,20.0,2.0,1.0,2.0,0.0,1.0,0.0,2024-02-27,1,2023,2023-01-01,2024-01-01,1,1,37790.65513502095,1.0,1,1,0.0,0.0,1,0
C_1656_907757.0,1656,907757.0,control,0,2022-08-29,2022,1.0,Female,Black,2000.0,19.0,3.0,0.0,3.0,643.6757261410788,1.0,0.0,2024-02-27,-2,2020,2020-01-01,2021-01-01,0,0,0.0,0.0,1,1,0.0,0.0,1,0
C_1656_907757.0,1656,907757.0,control,0,2022-08-29,2022,1.0,Female,Black,2000.0,19.0,3.0,0.0,3.0,643.6757261410788,1.0,0.0,2024-02-27,-1,2021,2021-01-01,2022-01-01,0,0,0.0,0.0,1,1,0.0,0.0,1,0
C_1656_907757.0,1656,907757.0,control,0,2022-08-29,2022,1.0,Female,Black,2000.0,19.0,3.0,0.0,3.0,643.6757261410788,1.0,0.0,2024-02-27,0,2022,2022-01-01,2023-01-01,1,1,946.6228364841962,1.0,1,1,0.0,0.0,1,0
C_1656_907757.0,1656,907757.0,control,0,2022-08-29,2022,1.0,Female,Black,2000.0,19.0,3.0,0.0,3.0,643.6757261410788,1.0,0.0,2024-02-27,1,2023,2023-01-01,2024-01-01,1,1,0.0,0.0,1,1,0.0,0.0,1,0
C_1659_909684.0,1659,909684.0,control,0,2022-09-06,2022,1.0,Female,Black,1999.0,21.0,1.0,0.0,1.0,3480.3415471271633,1.0,0.0,2024-03-06,-2,2020,2020-01-01,2021-01-01,0,0,0.0,0.0,0,1,0.0,0.0,1,0
C_1659_909684.0,1659,909684.0,control,0,2022-09-06,2022,1.0,Female,Black,1999.0,21.0,1.0,0.0,1.0,3480.3415471271633,1.0,0.0,2024-03-06,-1,2021,2021-01-01,2022-01-01,0,0,0.0,0.0,1,1,0.0,0.0,1,0
C_1659_909684.0,1659,909684.0,control,0,2022-09-06,2022,1.0,Female,Black,1999.0,21.0,1.0,0.0,1.0,3480.3415471271633,1.0,0.0,2024-03-06,0,2022,2022-01-01,2023-01-01,1,1,0.0,0.0,1,1,0.0,0.0,1,0
C_1659_909684.0,1659,909684.0,control,0,2022-09-06,2022,1.0,Female,Black,1999.0,21.0,1.0,0.0,1.0,3480.3415471271633,1.0,0.0,2024-03-06,1,2023,2023-01-01,2024-01-01,1,1,4738.532841336254,1.0,1,1,0.0,0.0,1,0
C_1661_1789835.0,1661,1789835.0,control,0,2022-09-06,2022,1.0,Male,Black,1996.0,18.0,5.0,1.0,5.0,1736.9710951458965,1.0,0.0,2024-03-06,-2,2020,2020-01-01,2021-01-01,0,0,0.0,0.0,1,1,0.0,0.0,1,0
C_1661_1789835.0,1661,1789835.0,control,0,2022-09-06,2022,1.0,Male,Black,1996.0,18.0,5.0,1.0,5.0,1736.9710951458965,1.0,0.0,2024-03-06,-1,2021,2021-01-01,2022-01-01,0,0,0.0,0.0,1,1,0.0,0.0,1,0
C_1661_1789835.0,1661,1789835.0,control,0,2022-09-06,2022,1.0,Male,Black,1996.0,18.0,5.0,1.0,5.0,1736.9710951458965,1.0,0.0,2024-03-06,0,2022,2022-01-01,2023-01-01,1,1,10716.172007617834,1.0,1,1,0.0,0.0,1,0
C_1661_1789835.0,1661,1789835.0,control,0,2022-09-06,2022,1.0,Male,Black,1996.0,18.0,5.0,1.0,5.0,1736.9710951458965,1.0,0.0,2024-03-06,1,2023,2023-01-01,2024-01-01,1,1,25595.19466425087,1.0,1,1,0.0,0.0,1,0
C_1662_933323.0,1662,933323.0,control,0,2022-09-12,2022,1.0,Male,Black,2002.0,19.0,1.0,0.0,1.0,0.0,0.0,0.0,2024-03-12,-2,2020,2020-01-01,2021-01-01,0,0,0.0,0.0,0,0,0.0,0.0,1,0
C_1662_933323.0,1662,933323.0,control,0,2022-09-12,2022,1.0,Male,Black,2002.0,19.0,1.0,0.0,1.0,0.0,0.0,0.0,2024-03-12,-1,2021,2021-01-01,2022-01-01,0,0,0.0,0.0,0,1,0.0,0.0,1,0
C_1662_933323.0,1662,933323.0,control,0,2022-09-12,2022,1.0,Male,Black,2002.0,19.0,1.0,0.0,1.0,0.0,0.0,0.0,2024-03-12,0,2022,2022-01-01,2023-01-01,1,1,0.0,0.0,1,1,0.0,0.0,1,0
C_1662_933323.0,1662,933323.0,control,0,2022-09-12,2022,1.0,Male,Black,2002.0,19.0,1.0,0.0,1.0,0.0,0.0,0.0,2024-03-12,1,2023,2023-01-01,2024-01-01,1,1,2752.5946083218278,1.0,1,1,0.0,0.0,1,0
C_1663_1896124.0,1663,1896124.0,control,0,2022-09-12,2022,1.0,Male,Black,1987.0,20.0,31.0,1.0,31.0,0.0,0.0,0.0,2024-03-12,-2,2020,2020-01-01,2021-01-01,0,0,0.0,0.0,1,1,0.0,0.0,1,0
C_1663_1896124.0,1663,1896124.0,control,0,2022-09-12,2022,1.0,Male,Black,1987.0,20.0,31.0,1.0,31.0,0.0,0.0,0.0,2024-03-12,-1,2021,2021-01-01,2022-01-01,0,0,0.0,0.0,1,1,0.0,0.0,1,0
C_1663_1896124.0,1663,1896124.0,control,0,2022-09-12,2022,1.0,Male,Black,1987.0,20.0,31.0,1.0,31.0,0.0,0.0,0.0,2024-03-12,0,2022,2022-01-01,2023-01-01,1,1,0.0,0.0,1,1,0.0,0.0,1,0
C_1663_1896124.0,1663,1896124.0,control,0,2022-09-12,2022,1.0,Male,Black,1987.0,20.0,31.0,1.0,31.0,0.0,0.0,0.0,2024-03-12,1,2023,2023-01-01,2024-01-01,1,1,0.0,0.0,1,1,0.0,0.0,1,0
C_1667_480129.0,1667,480129.0,control,0,2022-09-12,2022,1.0,Male,Black,1995.0,23.0,1.0,1.0,1.0,11774.205427806724,0.0,0.0,2024-03-12,-2,2020,2020-01-01,2021-01-01,0,0,0.0,0.0,1,1,0.0,0.0,1,0
C_1667_480129.0,1667,480129.0,control,0,2022-09-12,2022,1.0,Male,Black,1995.0,23.0,1.0,1.0,1.0,11774.205427806724,0.0,0.0,2024-03-12,-1,2021,2021-01-01,2022-01-01,0,0,0.0,0.0,1,1,0.0,0.0,1,0
C_1667_480129.0,1667,480129.0,control,0,2022-09-12,2022,1.0,Male,Black,1995.0,23.0,1.0,1.0,1.0,11774.205427806724,0.0,0.0,2024-03-12,0,2022,2022-01-01,2023-01-01,1,1,220.55111069181964,1.0,1,1,0.0,0.0,1,0
C_1667_480129.0,1667,480129.0,control,0,2022-09-12,2022,1.0,Male,Black,1995.0,23.0,1.0,1.0,1.0,11774.205427806724,0.0,0.0,2024-03-12,1,2023,2023-01-01,2024-01-01,1,1,6705.090333182574,1.0,1,1,0.0,0.0,1,0
C_1669_914178.0,1669,914178.0,control,0,2022-09-12,2022,1.0,Male,White,1999.0,21.0,1.0,0.0,1.0,686.9998233319591,1.0,0.0,2024-03-12,-2,2020,2020-01-01,2021-01-01,0,0,0.0,0.0,0,0,0.0,0.0,1,0
C_1669_914178.0,1669,914178.0,control,0,2022-09-12,2022,1.0,Male,White,1999.0,21.0,1.0,0.0,1.0,686.9998233319591,1.0,0.0,2024-03-12,-1,2021,2021-01-01,2022-01-01,0,0,0.0,0.0,0,1,0.0,0.0,1,0
C_1669_914178.0,1669,914178.0,control,0,2022-09-12,2022,1.0,Male,White,1999.0,21.0,1.0,0.0,1.0,686.9998233319591,1.0,0.0,2024-03-12,0,2022,2022-01-01,2023-01-01,1,1,24842.069714139023,1.0,1,1,0.0,0.0,1,0
C_1669_914178.0,1669,914178.0,control,0,2022-09-12,2022,1.0,Male,White,1999.0,21.0,1.0,0.0,1.0,686.9998233319591,1.0,0.0,2024-03-12,1,2023,2023-01-01,2024-01-01,1,1,50667.153536175276,1.0,1,1,0.0,0.0,1,0
C_1671_932909.0,1671,932909.0,control,0,2022-09-19,2022,1.0,Male,Black,2005.0,16.0,1.0,1.0,1.0,217.07286084447318,0.0,0.0,2024-03-19,-2,2020,2020-01-01,2021-01-01,0,0,0.0,0.0,0,0,0.0,0.0,1,0
C_1671_932909.0,1671,932909.0,control,0,2022-09-19,2022,1.0,Male,Black,2005.0,16.0,1.0,1.0,1.0,217.07286084447318,0.0,0.0,2024-03-19,-1,2021,2021-01-01,2022-01-01,0,0,0.0,0.0,0,1,0.0,0.0,1,0
C_1671_932909.0,1671,932909.0,control,0,2022-09-19,2022,1.0,Male,Black,2005.0,16.0,1.0,1.0,1.0,217.07286084447318,0.0,0.0,2024-03-19,0,2022,2022-01-01,2023-01-01,1,1,0.0,0.0,1,1,0.0,0.0,1,0
C_1671_932909.0,1671,932909.0,control,0,2022-09-19,2022,1.0,Male,Black,2005.0,16.0,1.0,1.0,1.0,217.07286084447318,0.0,0.0,2024-03-19,1,2023,2023-01-01,2024-01-01,1,1,0.0,0.0,1,1,0.0,0.0,1,0
C_1673_1739864.0,1673,1739864.0,control,0,2024-02-12,2024,1.0,Female,Black,1991.0,23.0,2.0,1.0,2.0,123.98415326395458,0.0,0.0,2025-08-12,-2,2022,2022-01-01,2023-01-01,0,0,0.0,0.0,1,1,0.0,0.0,1,0
C_1673_1739864.0,1673,1739864.0,control,0,2024-02-12,2024,1.0,Female,Black,1991.0,23.0,2.0,1.0,2.0,123.98415326395458,0.0,0.0,2025-08-12,-1,2023,2023-01-01,2024-01-01,0,0,0.0,0.0,1,1,0.0,0.0,1,0
C_1673_1739864.0,1673,1739864.0,control,0,2024-02-12,2024,1.0,Female,Black,1991.0,23.0,2.0,1.0,2.0,123.98415326395458,0.0,0.0,2025-08-12,0,2024,2024-01-01,2025-01-01,1,1,0.0,0.0,1,1,0.0,0.0,1,0
C_1673_1739864.0,1673,1739864.0,control,0,2024-02-12,2024,1.0,Female,Black,1991.0,23.0,2.0,1.0,2.0,123.98415326395458,0.0,0.0,2025-08-12,1,2025,2025-01-01,2026-01-01,1,1,0.0,0.0,1,1,0.0,0.0,1,0
C_1675_916939.0,1675,916939.0,control,0,2022-09-26,2022,1.0,Male,Black,2003.0,18.0,3.0,1.0,3.0,0.0,0.0,0.0,2024-03-26,-2,2020,2020-01-01,2021-01-01,0,0,0.0,0.0,0,0,0.0,0.0,1,0
C_1675_916939.0,1675,916939.0,control,0,2022-09-26,2022,1.0,Male,Black,2003.0,18.0,3.0,1.0,3.0,0.0,0.0,0.0,2024-03-26,-1,2021,2021-01-01,2022-01-01,0,0,0.0,0.0,0,1,0.0,0.0,1,0
C_1675_916939.0,1675,916939.0,control,0,2022-09-26,2022,1.0,Male,Black,2003.0,18.0,3.0,1.0,3.0,0.0,0.0,0.0,2024-03-26,0,2022,2022-01-01,2023-01-01,1,1,0.0,0.0,1,1,0.0,0.0,1,0
C_1675_916939.0,1675,916939.0,control,0,2022-09-26,2022,1.0,Male,Black,2003.0,18.0,3.0,1.0,3.0,0.0,0.0,0.0,2024-03-26,1,2023,2023-01-01,2024-01-01,1,1,0.0,0.0,1,1,0.0,0.0,1,0
C_1684_382452.0,1684,382452.0,control,0,2022-10-10,2022,1.0,Male,Black,1993.0,26.0,1.0,0.0,1.0,0.0,0.0,0.0,2024-04-09,-2,2020,2020-01-01,2021-01-01,0,0,0.0,0.0,1,1,0.0,0.0,1,0
C_1684_382452.0,1684,382452.0,control,0,2022-10-10,2022,1.0,Male,Black,1993.0,26.0,1.0,0.0,1.0,0.0,0.0,0.0,2024-04-09,-1,2021,2021-01-01,2022-01-01,0,0,0.0,0.0,1,1,0.0,0.0,1,0
C_1684_382452.0,1684,382452.0,control,0,2022-10-10,2022,1.0,Male,Black,1993.0,26.0,1.0,0.0,1.0,0.0,0.0,0.0,2024-04-09,0,2022,2022-01-01,2023-01-01,1,1,0.0,0.0,1,1,0.0,0.0,1,0
C_1684_382452.0,1684,382452.0,control,0,2022-10-10,2022,1.0,Male,Black,1993.0,26.0,1.0,0.0,1.0,0.0,0.0,0.0,2024-04-09,1,2023,2023-01-01,2024-01-01,1,1,0.0,0.0,1,1,0.0,0.0,1,0
C_1686_935514.0,1686,935514.0,control,0,2022-10-10,2022,1.0,Male,Black,2004.0,18.0,0.0,0.0,1.0,0.0,0.0,0.0,2024-04-09,-2,2020,2020-01-01,2021-01-01,0,0,0.0,0.0,0,0,0.0,0.0,1,0
C_1686_935514.0,1686,935514.0,control,0,2022-10-10,2022,1.0,Male,Black,2004.0,18.0,0.0,0.0,1.0,0.0,0.0,0.0,2024-04-09,-1,2021,2021-01-01,2022-01-01,0,0,0.0,0.0,0,0,0.0,0.0,1,0
C_1686_935514.0,1686,935514.0,control,0,2022-10-10,2022,1.0,Male,Black,2004.0,18.0,0.0,0.0,1.0,0.0,0.0,0.0,2024-04-09,0,2022,2022-01-01,2023-01-01,1,1,0.0,0.0,0,1,0.0,0.0,1,0
C_1686_935514.0,1686,935514.0,control,0,2022-10-10,2022,1.0,Male,Black,2004.0,18.0,0.0,0.0,1.0,0.0,0.0,0.0,2024-04-09,1,2023,2023-01-01,2024-01-01,1,1,252.6827144569819,1.0,1,1,0.0,0.0,1,0
C_1688_923154.0,1688,923154.0,control,0,2022-10-11,2022,1.0,Male,Black,2002.0,19.0,1.0,0.0,1.0,0.0,0.0,0.0,2024-04-10,-2,2020,2020-01-01,2021-01-01,0,0,0.0,0.0,0,0,0.0,0.0,1,0
C_1688_923154.0,1688,923154.0,control,0,2022-10-11,2022,1.0,Male,Black,2002.0,19.0,1.0,0.0,1.0,0.0,0.0,0.0,2024-04-10,-1,2021,2021-01-01,2022-01-01,0,0,0.0,0.0,0,1,0.0,0.0,1,0
C_1688_923154.0,1688,923154.0,control,0,2022-10-11,2022,1.0,Male,Black,2002.0,19.0,1.0,0.0,1.0,0.0,0.0,0.0,2024-04-10,0,2022,2022-01-01,2023-01-01,1,1,0.0,0.0,1,1,0.0,0.0,1,0
C_1688_923154.0,1688,923154.0,control,0,2022-10-11,2022,1.0,Male,Black,2002.0,19.0,1.0,0.0,1.0,0.0,0.0,0.0,2024-04-10,1,2023,2023-01-01,2024-01-01,1,1,0.0,0.0,1,1,0.0,0.0,1,0
C_1690_1033969.0,1690,1033969.0,control,0,2024-03-18,2024,1.0,Male,Black,1997.0,19.0,4.0,1.0,4.0,39834.3462526505,1.0,0.0,2025-09-16,-2,2022,2022-01-01,2023-01-01,0,0,0.0,0.0,1,1,0.0,0.0,1,0
C_1690_1033969.0,1690,1033969.0,control,0,2024-03-18,2024,1.0,Male,Black,1997.0,19.0,4.0,1.0,4.0,39834.3462526505,1.0,0.0,2025-09-16,-1,2023,2023-01-01,2024-01-01,0,0,0.0,0.0,1,1,0.0,0.0,1,0
C_1690_1033969.0,1690,1033969.0,control,0,2024-03-18,2024,1.0,Male,Black,1997.0,19.0,4.0,1.0,4.0,39834.3462526505,1.0,0.0,2025-09-16,0,2024,2024-01-01,2025-01-01,1,1,14777.733979719836,1.0,1,1,0.0,0.0,1,0
C_1690_1033969.0,1690,1033969.0,control,0,2024-03-18,2024,1.0,Male,Black,1997.0,19.0,4.0,1.0,4.0,39834.3462526505,1.0,0.0,2025-09-16,1,2025,2025-01-01,2026-01-01,1,1,0.0,0.0,1,1,0.0,0.0,1,0
C_1691_935514.0,1691,935514.0,control,0,2024-03-04,2024,1.0,Male,Black,2004.0,18.0,1.0,0.0,1.0,0.0,1.0,0.0,2025-09-02,-2,2022,2022-01-01,2023-01-01,0,0,0.0,0.0,0,1,0.0,0.0,1,0
C_1691_935514.0,1691,935514.0,control,0,2024-03-04,2024,1.0,Male,Black,2004.0,18.0,1.0,0.0,1.0,0.0,1.0,0.0,2025-09-02,-1,2023,2023-01-01,2024-01-01,0,0,0.0,0.0,1,1,0.0,0.0,1,0
C_1691_935514.0,1691,935514.0,control,0,2024-03-04,2024,1.0,Male,Black,2004.0,18.0,1.0,0.0,1.0,0.0,1.0,0.0,2025-09-02,0,2024,2024-01-01,2025-01-01,1,1,1571.4462244014449,1.0,1,1,0.0,0.0,1,0
C_1691_935514.0,1691,935514.0,control,0,2024-03-04,2024,1.0,Male,Black,2004.0,18.0,1.0,0.0,1.0,0.0,1.0,0.0,2025-09-02,1,2025,2025-01-01,2026-01-01,1,1,0.0,0.0,1,1,0.0,0.0,1,0
C_1695_1037949.0,1695,1037949.0,control,0,2022-11-07,2022,1.0,Male,Black,1990.0,18.0,7.0,1.0,7.0,0.0,0.0,0.0,2024-05-07,-2,2020,2020-01-01,2021-01-01,0,0,0.0,0.0,1,1,0.0,0.0,1,0
C_1695_1037949.0,1695,1037949.0,control,0,2022-11-07,2022,1.0,Male,Black,1990.0,18.0,7.0,1.0,7.0,0.0,0.0,0.0,2024-05-07,-1,2021,2021-01-01,2022-01-01,0,0,0.0,0.0,1,1,0.0,0.0,1,0
C_1695_1037949.0,1695,1037949.0,control,0,2022-11-07,2022,1.0,Male,Black,1990.0,18.0,7.0,1.0,7.0,0.0,0.0,0.0,2024-05-07,0,2022,2022-01-01,2023-01-01,1,1,2790.7358362786686,1.0,1,1,0.0,0.0,1,0
C_1695_1037949.0,1695,1037949.0,control,0,2022-11-07,2022,1.0,Male,Black,1990.0,18.0,7.0,1.0,7.0,0.0,0.0,0.0,2024-05-07,1,2023,2023-01-01,2024-01-01,1,1,1963.6317934242434,1.0,1,1,0.0,0.0,1,0
C_1699_177026.0,1699,177026.0,control,0,2022-10-31,2022,1.0,Male,White,1981.0,39.0,3.0,0.0,3.0,0.0,0.0,0.0,2024-04-30,-2,2020,2020-01-01,2021-01-01,0,0,0.0,0.0,0,1,0.0,0.0,1,0
C_1699_177026.0,1699,177026.0,control,0,2022-10-31,2022,1.0,Male,White,1981.0,39.0,3.0,0.0,3.0,0.0,0.0,0.0,2024-04-30,-1,2021,2021-01-01,2022-01-01,0,0,0.0,0.0,1,1,0.0,0.0,1,0
C_1699_177026.0,1699,177026.0,control,0,2022-10-31,2022,1.0,Male,White,1981.0,39.0,3.0,0.0,3.0,0.0,0.0,0.0,2024-04-30,0,2022,2022-01-01,2023-01-01,1,1,0.0,0.0,1,1,0.0,0.0,1,0
C_1699_177026.0,1699,177026.0,control,0,2022-10-31,2022,1.0,Male,White,1981.0,39.0,3.0,0.0,3.0,0.0,0.0,0.0,2024-04-30,1,2023,2023-01-01,2024-01-01,1,1,1044.8038637830648,1.0,1,1,0.0,0.0,1,0
C_1702_923154.0,1702,923154.0,control,0,2022-11-28,2022,1.0,Male,Black,2002.0,19.0,1.0,0.0,1.0,0.0,0.0,0.0,2024-05-28,-2,2020,2020-01-01,2021-01-01,0,0,0.0,0.0,0,0,0.0,0.0,1,0
C_1702_923154.0,1702,923154.0,control,0,2022-11-28,2022,1.0,Male,Black,2002.0,19.0,1.0,0.0,1.0,0.0,0.0,0.0,2024-05-28,-1,2021,2021-01-01,2022-01-01,0,0,0.0,0.0,0,1,0.0,0.0,1,0
C_1702_923154.0,1702,923154.0,control,0,2022-11-28,2022,1.0,Male,Black,2002.0,19.0,1.0,0.0,1.0,0.0,0.0,0.0,2024-05-28,0,2022,2022-01-01,2023-01-01,1,1,0.0,0.0,1,1,0.0,0.0,1,0
C_1702_923154.0,1702,923154.0,control,0,2022-11-28,2022,1.0,Male,Black,2002.0,19.0,1.0,0.0,1.0,0.0,0.0,0.0,2024-05-28,1,2023,2023-01-01,2024-01-01,1,1,0.0,0.0,1,1,0.0,0.0,1,0
C_1703_1037949.0,1703,1037949.0,control,0,2022-10-31,2022,1.0,Male,Black,1990.0,18.0,7.0,1.0,7.0,0.0,0.0,0.0,2024-04-30,-2,2020,2020-01-01,2021-01-01,0,0,0.0,0.0,1,1,0.0,0.0,1,0
C_1703_1037949.0,1703,1037949.0,control,0,2022-10-31,2022,1.0,Male,Black,1990.0,18.0,7.0,1.0,7.0,0.0,0.0,0.0,2024-04-30,-1,2021,2021-01-01,2022-01-01,0,0,0.0,0.0,1,1,0.0,0.0,1,0
C_1703_1037949.0,1703,1037949.0,control,0,2022-10-31,2022,1.0,Male,Black,1990.0,18.0,7.0,1.0,7.0,0.0,0.0,0.0,2024-04-30,0,2022,2022-01-01,2023-01-01,1,1,2790.7358362786686,1.0,1,1,0.0,0.0,1,0
C_1703_1037949.0,1703,1037949.0,control,0,2022-10-31,2022,1.0,Male,Black,1990.0,18.0,7.0,1.0,7.0,0.0,0.0,0.0,2024-04-30,1,2023,2023-01-01,2024-01-01,1,1,1963.6317934242434,1.0,1,1,0.0,0.0,1,0
C_1705_901233.0,1705,901233.0,control,0,2022-11-28,2022,1.0,Male,Black,2000.0,20.0,3.0,1.0,3.0,0.0,0.0,0.0,2024-05-28,-2,2020,2020-01-01,2021-01-01,0,0,0.0,0.0,0,0,0.0,0.0,1,0
C_1705_901233.0,1705,901233.0,control,0,2022-11-28,2022,1.0,Male,Black,2000.0,20.0,3.0,1.0,3.0,0.0,0.0,0.0,2024-05-28,-1,2021,2021-01-01,2022-01-01,0,0,0.0,0.0,0,1,0.0,0.0,1,0
C_1705_901233.0,1705,901233.0,control,0,2022-11-28,2022,1.0,Male,Black,2000.0,20.0,3.0,1.0,3.0,0.0,0.0,0.0,2024-05-28,0,2022,2022-01-01,2023-01-01,1,1,0.0,0.0,1,1,0.0,0.0,1,0
C_1705_901233.0,1705,901233.0,control,0,2022-11-28,2022,1.0,Male,Black,2000.0,20.0,3.0,1.0,3.0,0.0,0.0,0.0,2024-05-28,1,2023,2023-01-01,2024-01-01,1,1,0.0,0.0,1,1,0.0,0.0,1,0
C_1707_1458014.0,1707,1458014.0,control,0,2022-11-14,2022,1.0,Female,Black,1988.0,29.0,4.0,0.0,4.0,15634.388569415038,1.0,0.0,2024-05-14,-2,2020,2020-01-01,2021-01-01,0,0,0.0,0.0,1,1,0.0,0.0,1,0
C_1707_1458014.0,1707,1458014.0,control,0,2022-11-14,2022,1.0,Female,Black,1988.0,29.0,4.0,0.0,4.0,15634.388569415038,1.0,0.0,2024-05-14,-1,2021,2021-01-01,2022-01-01,0,0,0.0,0.0,1,1,0.0,0.0,1,0
C_1707_1458014.0,1707,1458014.0,control,0,2022-11-14,2022,1.0,Female,Black,1988.0,29.0,4.0,0.0,4.0,15634.388569415038,1.0,0.0,2024-05-14,0,2022,2022-01-01,2023-01-01,1,1,5867.533014147717,1.0,1,1,0.0,0.0,1,0
C_1707_1458014.0,1707,1458014.0,control,0,2022-11-14,2022,1.0,Female,Black,1988.0,29.0,4.0,0.0,4.0,15634.388569415038,1.0,0.0,2024-05-14,1,2023,2023-01-01,2024-01-01,1,1,25033.520444874404,1.0,1,1,0.0,0.0,1,0
C_1708_923154.0,1708,923154.0,control,0,2022-11-08,2022,1.0,Male,Black,2002.0,19.0,1.0,0.0,1.0,0.0,0.0,0.0,2024-05-08,-2,2020,2020-01-01,2021-01-01,0,0,0.0,0.0,0,0,0.0,0.0,1,0
C_1708_923154.0,1708,923154.0,control,0,2022-11-08,2022,1.0,Male,Black,2002.0,19.0,1.0,0.0,1.0,0.0,0.0,0.0,2024-05-08,-1,2021,2021-01-01,2022-01-01,0,0,0.0,0.0,0,1,0.0,0.0,1,0
C_1708_923154.0,1708,923154.0,control,0,2022-11-08,2022,1.0,Male,Black,2002.0,19.0,1.0,0.0,1.0,0.0,0.0,0.0,2024-05-08,0,2022,2022-01-01,2023-01-01,1,1,0.0,0.0,1,1,0.0,0.0,1,0
C_1708_923154.0,1708,923154.0,control,0,2022-11-08,2022,1.0,Male,Black,2002.0,19.0,1.0,0.0,1.0,0.0,0.0,0.0,2024-05-08,1,2023,2023-01-01,2024-01-01,1,1,0.0,0.0,1,1,0.0,0.0,1,0
C_1710_877510.0,1710,877510.0,control,0,2022-11-07,2022,1.0,Female,Black,1998.0,20.0,1.0,0.0,2.0,0.0,1.0,0.0,2024-05-07,-2,2020,2020-01-01,2021-01-01,0,0,0.0,0.0,1,1,0.0,0.0,1,0
C_1710_877510.0,1710,877510.0,control,0,2022-11-07,2022,1.0,Female,Black,1998.0,20.0,1.0,0.0,2.0,0.0,1.0,0.0,2024-05-07,-1,2021,2021-01-01,2022-01-01,0,0,0.0,0.0,1,1,0.0,0.0,1,0
C_1710_877510.0,1710,877510.0,control,0,2022-11-07,2022,1.0,Female,Black,1998.0,20.0,1.0,0.0,2.0,0.0,1.0,0.0,2024-05-07,0,2022,2022-01-01,2023-01-01,1,1,0.0,0.0,1,1,0.0,0.0,1,0
C_1710_877510.0,1710,877510.0,control,0,2022-11-07,2022,1.0,Female,Black,1998.0,20.0,1.0,0.0,2.0,0.0,1.0,0.0,2024-05-07,1,2023,2023-01-01,2024-01-01,1,1,1200.1645969145452,1.0,1,1,0.0,0.0,1,0
C_1711_480129.0,1711,480129.0,control,0,2022-11-14,2022,1.0,Male,Black,1995.0,23.0,1.0,1.0,1.0,11774.205427806724,0.0,0.0,2024-05-14,-2,2020,2020-01-01,2021-01-01,0,0,0.0,0.0,1,1,0.0,0.0,1,0
C_1711_480129.0,1711,480129.0,control,0,2022-11-14,2022,1.0,Male,Black,1995.0,23.0,1.0,1.0,1.0,11774.205427806724,0.0,0.0,2024-05-14,-1,2021,2021-01-01,2022-01-01,0,0,0.0,0.0,1,1,0.0,0.0,1,0
C_1711_480129.0,1711,480129.0,control,0,2022-11-14,2022,1.0,Male,Black,1995.0,23.0,1.0,1.0,1.0,11774.205427806724,0.0,0.0,2024-05-14,0,2022,2022-01-01,2023-01-01,1,1,220.55111069181964,1.0,1,1,0.0,0.0,1,0
C_1711_480129.0,1711,480129.0,control,0,2022-11-14,2022,1.0,Male,Black,1995.0,23.0,1.0,1.0,1.0,11774.205427806724,0.0,0.0,2024-05-14,1,2023,2023-01-01,2024-01-01,1,1,6705.090333182574,1.0,1,1,0.0,0.0,1,0
C_1712_480129.0,1712,480129.0,control,0,2022-11-14,2022,1.0,Male,Black,1995.0,23.0,1.0,1.0,1.0,11774.205427806724,0.0,0.0,2024-05-14,-2,2020,2020-01-01,2021-01-01,0,0,0.0,0.0,1,1,0.0,0.0,1,0
C_1712_480129.0,1712,480129.0,control,0,2022-11-14,2022,1.0,Male,Black,1995.0,23.0,1.0,1.0,1.0,11774.205427806724,0.0,0.0,2024-05-14,-1,2021,2021-01-01,2022-01-01,0,0,0.0,0.0,1,1,0.0,0.0,1,0
C_1712_480129.0,1712,480129.0,control,0,2022-11-14,2022,1.0,Male,Black,1995.0,23.0,1.0,1.0,1.0,11774.205427806724,0.0,0.0,2024-05-14,0,2022,2022-01-01,2023-01-01,1,1,220.55111069181964,1.0,1,1,0.0,0.0,1,0
C_1712_480129.0,1712,480129.0,control,0,2022-11-14,2022,1.0,Male,Black,1995.0,23.0,1.0,1.0,1.0,11774.205427806724,0.0,0.0,2024-05-14,1,2023,2023-01-01,2024-01-01,1,1,6705.090333182574,1.0,1,1,0.0,0.0,1,0
C_1722_802879.0,1722,802879.0,control,0,2022-12-12,2022,1.0,Male,Black,1999.0,21.0,1.0,0.0,1.0,0.0,0.0,0.0,2024-06-11,-2,2020,2020-01-01,2021-01-01,0,0,0.0,0.0,0,1,0.0,0.0,1,0
C_1722_802879.0,1722,802879.0,control,0,2022-12-12,2022,1.0,Male,Black,1999.0,21.0,1.0,0.0,1.0,0.0,0.0,0.0,2024-06-11,-1,2021,2021-01-01,2022-01-01,0,0,0.0,0.0,1,1,0.0,0.0,1,0
C_1722_802879.0,1722,802879.0,control,0,2022-12-12,2022,1.0,Male,Black,1999.0,21.0,1.0,0.0,1.0,0.0,0.0,0.0,2024-06-11,0,2022,2022-01-01,2023-01-01,1,1,0.0,0.0,1,1,0.0,0.0,1,0
C_1722_802879.0,1722,802879.0,control,0,2022-12-12,2022,1.0,Male,Black,1999.0,21.0,1.0,0.0,1.0,0.0,0.0,0.0,2024-06-11,1,2023,2023-01-01,2024-01-01,1,1,9771.704233554809,1.0,1,1,0.0,0.0,1,0
C_1726_41107.0,1726,41107.0,control,0,2023-01-09,2023,1.0,Male,Black,1964.0,55.0,3.0,0.0,3.0,0.0,0.0,0.0,2024-07-09,-2,2021,2021-01-01,2022-01-01,0,0,0.0,0.0,1,1,0.0,0.0,1,0
C_1726_41107.0,1726,41107.0,control,0,2023-01-09,2023,1.0,Male,Black,1964.0,55.0,3.0,0.0,3.0,0.0,0.0,0.0,2024-07-09,-1,2022,2022-01-01,2023-01-01,0,0,0.0,0.0,1,1,0.0,0.0,1,0
C_1726_41107.0,1726,41107.0,control,0,2023-01-09,2023,1.0,Male,Black,1964.0,55.0,3.0,0.0,3.0,0.0,0.0,0.0,2024-07-09,0,2023,2023-01-01,2024-01-01,1,1,0.0,0.0,1,1,0.0,0.0,1,0
C_1726_41107.0,1726,41107.0,control,0,2023-01-09,2023,1.0,Male,Black,1964.0,55.0,3.0,0.0,3.0,0.0,0.0,0.0,2024-07-09,1,2024,2024-01-01,2025-01-01,1,1,0.0,0.0,1,1,0.0,0.0,1,0
C_1727_1893879.0,1727,1893879.0,control,0,2022-12-12,2022,1.0,Female,Black,1980.0,22.0,7.0,1.0,7.0,44146.23045983194,1.0,0.0,2024-06-11,-2,2020,2020-01-01,2021-01-01,0,0,0.0,0.0,1,1,0.0,0.0,1,0
C_1727_1893879.0,1727,1893879.0,control,0,2022-12-12,2022,1.0,Female,Black,1980.0,22.0,7.0,1.0,7.0,44146.23045983194,1.0,0.0,2024-06-11,-1,2021,2021-01-01,2022-01-01,0,0,0.0,0.0,1,1,0.0,0.0,1,0
C_1727_1893879.0,1727,1893879.0,control,0,2022-12-12,2022,1.0,Female,Black,1980.0,22.0,7.0,1.0,7.0,44146.23045983194,1.0,0.0,2024-06-11,0,2022,2022-01-01,2023-01-01,1,1,10175.922532909699,1.0,1,1,0.0,0.0,1,0
C_1727_1893879.0,1727,1893879.0,control,0,2022-12-12,2022,1.0,Female,Black,1980.0,22.0,7.0,1.0,7.0,44146.23045983194,1.0,0.0,2024-06-11,1,2023,2023-01-01,2024-01-01,1,1,45579.7976931632,1.0,1,1,0.0,0.0,1,0
C_1734_480129.0,1734,480129.0,control,0,2022-12-19,2022,1.0,Male,Black,1995.0,23.0,1.0,1.0,1.0,11774.205427806724,0.0,0.0,2024-06-18,-2,2020,2020-01-01,2021-01-01,0,0,0.0,0.0,1,1,0.0,0.0,1,0
C_1734_480129.0,1734,480129.0,control,0,2022-12-19,2022,1.0,Male,Black,1995.0,23.0,1.0,1.0,1.0,11774.205427806724,0.0,0.0,2024-06-18,-1,2021,2021-01-01,2022-01-01,0,0,0.0,0.0,1,1,0.0,0.0,1,0
C_1734_480129.0,1734,480129.0,control,0,2022-12-19,2022,1.0,Male,Black,1995.0,23.0,1.0,1.0,1.0,11774.205427806724,0.0,0.0,2024-06-18,0,2022,2022-01-01,2023-01-01,1,1,220.55111069181964,1.0,1,1,0.0,0.0,1,0
C_1734_480129.0,1734,480129.0,control,0,2022-12-19,2022,1.0,Male,Black,1995.0,23.0,1.0,1.0,1.0,11774.205427806724,0.0,0.0,2024-06-18,1,2023,2023-01-01,2024-01-01,1,1,6705.090333182574,1.0,1,1,0.0,0.0,1,0
C_1741_757552.0,1741,757552.0,control,0,2023-01-03,2023,1.0,Female,Black,1993.0,26.0,1.0,0.0,1.0,0.0,1.0,0.0,2024-07-03,-2,2021,2021-01-01,2022-01-01,0,0,0.0,0.0,1,1,0.0,0.0,1,0
C_1741_757552.0,1741,757552.0,control,0,2023-01-03,2023,1.0,Female,Black,1993.0,26.0,1.0,0.0,1.0,0.0,1.0,0.0,2024-07-03,-1,2022,2022-01-01,2023-01-01,0,0,0.0,0.0,1,1,0.0,0.0,1,0
C_1741_757552.0,1741,757552.0,control,0,2023-01-03,2023,1.0,Female,Black,1993.0,26.0,1.0,0.0,1.0,0.0,1.0,0.0,2024-07-03,0,2023,2023-01-01,2024-01-01,1,1,735.0065212732536,1.0,1,1,0.0,0.0,1,0
C_1741_757552.0,1741,757552.0,control,0,2023-01-03,2023,1.0,Female,Black,1993.0,26.0,1.0,0.0,1.0,0.0,1.0,0.0,2024-07-03,1,2024,2024-01-01,2025-01-01,1,1,0.0,0.0,1,1,0.0,0.0,1,0
C_1742_1109104.0,1742,1109104.0,control,0,2023-01-03,2023,1.0,Male,Black,1968.0,32.0,3.0,1.0,3.0,0.0,0.0,0.0,2024-07-03,-2,2021,2021-01-01,2022-01-01,0,0,0.0,0.0,1,1,0.0,0.0,1,0
C_1742_1109104.0,1742,1109104.0,control,0,2023-01-03,2023,1.0,Male,Black,1968.0,32.0,3.0,1.0,3.0,0.0,0.0,0.0,2024-07-03,-1,2022,2022-01-01,2023-01-01,0,0,0.0,0.0,1,1,0.0,0.0,1,0
C_1742_1109104.0,1742,1109104.0,control,0,2023-01-03,2023,1.0,Male,Black,1968.0,32.0,3.0,1.0,3.0,0.0,0.0,0.0,2024-07-03,0,2023,2023-01-01,2024-01-01,1,1,0.0,0.0,1,1,0.0,0.0,1,0
C_1742_1109104.0,1742,1109104.0,control,0,2023-01-03,2023,1.0,Male,Black,1968.0,32.0,3.0,1.0,3.0,0.0,0.0,0.0,2024-07-03,1,2024,2024-01-01,2025-01-01,1,1,0.0,0.0,1,1,0.0,0.0,1,0
C_1750_851170.0,1750,851170.0,control,0,2023-01-17,2023,1.0,Female,Black,1997.0,21.0,1.0,0.0,1.0,47143.19583121028,1.0,0.0,2024-07-17,-2,2021,2021-01-01,2022-01-01,0,0,0.0,0.0,1,1,0.0,0.0,1,0
C_1750_851170.0,1750,851170.0,control,0,2023-01-17,2023,1.0,Female,Black,1997.0,21.0,1.0,0.0,1.0,47143.19583121028,1.0,0.0,2024-07-17,-1,2022,2022-01-01,2023-01-01,0,0,0.0,0.0,1,1,0.0,0.0,1,0
C_1750_851170.0,1750,851170.0,control,0,2023-01-17,2023,1.0,Female,Black,1997.0,21.0,1.0,0.0,1.0,47143.19583121028,1.0,0.0,2024-07-17,0,2023,2023-01-01,2024-01-01,1,1,27750.60936747957,1.0,1,1,0.0,0.0,1,0
C_1750_851170.0,1750,851170.0,control,0,2023-01-17,2023,1.0,Female,Black,1997.0,21.0,1.0,0.0,1.0,47143.19583121028,1.0,0.0,2024-07-17,1,2024,2024-01-01,2025-01-01,1,1,7553.590503307674,1.0,1,1,0.0,0.0,1,0
C_1752_1458014.0,1752,1458014.0,control,0,2023-01-17,2023,1.0,Female,Black,1988.0,29.0,4.0,0.0,4.0,12273.423111733828,1.0,0.0,2024-07-17,-2,2021,2021-01-01,2022-01-01,0,0,0.0,0.0,1,1,0.0,0.0,1,0
C_1752_1458014.0,1752,1458014.0,control,0,2023-01-17,2023,1.0,Female,Black,1988.0,29.0,4.0,0.0,4.0,12273.423111733828,1.0,0.0,2024-07-17,-1,2022,2022-01-01,2023-01-01,0,0,0.0,0.0,1,1,0.0,0.0,1,0
C_1752_1458014.0,1752,1458014.0,control,0,2023-01-17,2023,1.0,Female,Black,1988.0,29.0,4.0,0.0,4.0,12273.423111733828,1.0,0.0,2024-07-17,0,2023,2023-01-01,2024-01-01,1,1,25033.520444874404,1.0,1,1,0.0,0.0,1,0
C_1752_1458014.0,1752,1458014.0,control,0,2023-01-17,2023,1.0,Female,Black,1988.0,29.0,4.0,0.0,4.0,12273.423111733828,1.0,0.0,2024-07-17,1,2024,2024-01-01,2025-01-01,1,1,2664.439010298298,1.0,1,1,0.0,0.0,1,0
C_1755_935066.0,1755,935066.0,control,0,2023-02-06,2023,1.0,Female,Black,2003.0,18.0,2.0,1.0,2.0,7747.691050286529,1.0,0.0,2024-08-06,-2,2021,2021-01-01,2022-01-01,0,0,0.0,0.0,0,0,0.0,0.0,1,0
C_1755_935066.0,1755,935066.0,control,0,2023-02-06,2023,1.0,Female,Black,2003.0,18.0,2.0,1.0,2.0,7747.691050286529,1.0,0.0,2024-08-06,-1,2022,2022-01-01,2023-01-01,0,0,0.0,0.0,0,1,0.0,0.0,1,0
C_1755_935066.0,1755,935066.0,control,0,2023-02-06,2023,1.0,Female,Black,2003.0,18.0,2.0,1.0,2.0,7747.691050286529,1.0,0.0,2024-08-06,0,2023,2023-01-01,2024-01-01,1,1,657.0407057506375,1.0,1,1,0.0,0.0,1,0
C_1755_935066.0,1755,935066.0,control,0,2023-02-06,2023,1.0,Female,Black,2003.0,18.0,2.0,1.0,2.0,7747.691050286529,1.0,0.0,2024-08-06,1,2024,2024-01-01,2025-01-01,1,1,0.0,0.0,1,1,0.0,0.0,1,0
C_1757_932909.0,1757,932909.0,control,0,2023-01-23,2023,1.0,Male,Black,2005.0,16.0,1.0,1.0,1.0,217.07286084447318,0.0,0.0,2024-07-23,-2,2021,2021-01-01,2022-01-01,0,0,0.0,0.0,0,1,0.0,0.0,1,0
C_1757_932909.0,1757,932909.0,control,0,2023-01-23,2023,1.0,Male,Black,2005.0,16.0,1.0,1.0,1.0,217.07286084447318,0.0,0.0,2024-07-23,-1,2022,2022-01-01,2023-01-01,0,0,0.0,0.0,1,1,0.0,0.0,1,0
C_1757_932909.0,1757,932909.0,control,0,2023-01-23,2023,1.0,Male,Black,2005.0,16.0,1.0,1.0,1.0,217.07286084447318,0.0,0.0,2024-07-23,0,2023,2023-01-01,2024-01-01,1,1,0.0,0.0,1,1,0.0,0.0,1,0
C_1757_932909.0,1757,932909.0,control,0,2023-01-23,2023,1.0,Male,Black,2005.0,16.0,1.0,1.0,1.0,217.07286084447318,0.0,0.0,2024-07-23,1,2024,2024-01-01,2025-01-01,1,1,0.0,0.0,1,1,0.0,0.0,1,0
C_1760_896308.0,1760,896308.0,control,0,2023-01-30,2023,1.0,Male,Unknown,1980.0,39.0,2.0,0.0,2.0,0.0,0.0,0.0,2024-07-30,-2,2021,2021-01-01,2022-01-01,0,0,0.0,0.0,1,1,0.0,0.0,1,0
C_1760_896308.0,1760,896308.0,control,0,2023-01-30,2023,1.0,Male,Unknown,1980.0,39.0,2.0,0.0,2.0,0.0,0.0,0.0,2024-07-30,-1,2022,2022-01-01,2023-01-01,0,0,0.0,0.0,1,1,0.0,0.0,1,0
C_1760_896308.0,1760,896308.0,control,0,2023-01-30,2023,1.0,Male,Unknown,1980.0,39.0,2.0,0.0,2.0,0.0,0.0,0.0,2024-07-30,0,2023,2023-01-01,2024-01-01,1,1,0.0,0.0,1,1,0.0,0.0,1,0
C_1760_896308.0,1760,896308.0,control,0,2023-01-30,2023,1.0,Male,Unknown,1980.0,39.0,2.0,0.0,2.0,0.0,0.0,0.0,2024-07-30,1,2024,2024-01-01,2025-01-01,1,1,0.0,0.0,1,1,0.0,0.0,1,0
C_1761_901233.0,1761,901233.0,control,0,2023-01-30,2023,1.0,Male,Black,2000.0,20.0,3.0,1.0,3.0,0.0,0.0,0.0,2024-07-30,-2,2021,2021-01-01,2022-01-01,0,0,0.0,0.0,0,1,0.0,0.0,1,0
C_1761_901233.0,1761,901233.0,control,0,2023-01-30,2023,1.0,Male,Black,2000.0,20.0,3.0,1.0,3.0,0.0,0.0,0.0,2024-07-30,-1,2022,2022-01-01,2023-01-01,0,0,0.0,0.0,1,1,0.0,0.0,1,0
C_1761_901233.0,1761,901233.0,control,0,2023-01-30,2023,1.0,Male,Black,2000.0,20.0,3.0,1.0,3.0,0.0,0.0,0.0,2024-07-30,0,2023,2023-01-01,2024-01-01,1,1,0.0,0.0,1,1,0.0,0.0,1,0
C_1761_901233.0,1761,901233.0,control,0,2023-01-30,2023,1.0,Male,Black,2000.0,20.0,3.0,1.0,3.0,0.0,0.0,0.0,2024-07-30,1,2024,2024-01-01,2025-01-01,1,1,0.0,0.0,1,1,0.0,0.0,1,0
C_1762_935514.0,1762,935514.0,control,0,2023-01-30,2023,1.0,Male,Black,2004.0,18.0,1.0,0.0,1.0,0.0,0.0,0.0,2024-07-30,-2,2021,2021-01-01,2022-01-01,0,0,0.0,0.0,0,0,0.0,0.0,1,0
C_1762_935514.0,1762,935514.0,control,0,2023-01-30,2023,1.0,Male,Black,2004.0,18.0,1.0,0.0,1.0,0.0,0.0,0.0,2024-07-30,-1,2022,2022-01-01,2023-01-01,0,0,0.0,0.0,0,1,0.0,0.0,1,0
C_1762_935514.0,1762,935514.0,control,0,2023-01-30,2023,1.0,Male,Black,2004.0,18.0,1.0,0.0,1.0,0.0,0.0,0.0,2024-07-30,0,2023,2023-01-01,2024-01-01,1,1,252.6827144569819,1.0,1,1,0.0,0.0,1,0
C_1762_935514.0,1762,935514.0,control,0,2023-01-30,2023,1.0,Male,Black,2004.0,18.0,1.0,0.0,1.0,0.0,0.0,0.0,2024-07-30,1,2024,2024-01-01,2025-01-01,1,1,0.0,0.0,1,1,0.0,0.0,1,0
C_1763_935514.0,1763,935514.0,control,0,2023-02-06,2023,1.0,Male,Black,2004.0,18.0,1.0,0.0,1.0,0.0,0.0,0.0,2024-08-06,-2,2021,2021-01-01,2022-01-01,0,0,0.0,0.0,0,0,0.0,0.0,1,0
C_1763_935514.0,1763,935514.0,control,0,2023-02-06,2023,1.0,Male,Black,2004.0,18.0,1.0,0.0,1.0,0.0,0.0,0.0,2024-08-06,-1,2022,2022-01-01,2023-01-01,0,0,0.0,0.0,0,1,0.0,0.0,1,0
C_1763_935514.0,1763,935514.0,control,0,2023-02-06,2023,1.0,Male,Black,2004.0,18.0,1.0,0.0,1.0,0.0,0.0,0.0,2024-08-06,0,2023,2023-01-01,2024-01-01,1,1,252.6827144569819,1.0,1,1,0.0,0.0,1,0
C_1763_935514.0,1763,935514.0,control,0,2023-02-06,2023,1.0,Male,Black,2004.0,18.0,1.0,0.0,1.0,0.0,0.0,0.0,2024-08-06,1,2024,2024-01-01,2025-01-01,1,1,0.0,0.0,1,1,0.0,0.0,1,0
C_1772_1896124.0,1772,1896124.0,control,0,2023-02-13,2023,1.0,Male,Black,1987.0,20.0,31.0,1.0,31.0,0.0,0.0,0.0,2024-08-13,-2,2021,2021-01-01,2022-01-01,0,0,0.0,0.0,1,1,0.0,0.0,1,0
C_1772_1896124.0,1772,1896124.0,control,0,2023-02-13,2023,1.0,Male,Black,1987.0,20.0,31.0,1.0,31.0,0.0,0.0,0.0,2024-08-13,-1,2022,2022-01-01,2023-01-01,0,0,0.0,0.0,1,1,0.0,0.0,1,0
C_1772_1896124.0,1772,1896124.0,control,0,2023-02-13,2023,1.0,Male,Black,1987.0,20.0,31.0,1.0,31.0,0.0,0.0,0.0,2024-08-13,0,2023,2023-01-01,2024-01-01,1,1,0.0,0.0,1,1,0.0,0.0,1,0
C_1772_1896124.0,1772,1896124.0,control,0,2023-02-13,2023,1.0,Male,Black,1987.0,20.0,31.0,1.0,31.0,0.0,0.0,0.0,2024-08-13,1,2024,2024-01-01,2025-01-01,1,1,0.0,0.0,1,1,0.0,0.0,1,0
C_1774_1789835.0,1774,1789835.0,control,0,2023-02-13,2023,1.0,Male,Black,1996.0,18.0,5.0,1.0,5.0,4191.212267972448,1.0,0.0,2024-08-13,-2,2021,2021-01-01,2022-01-01,0,0,0.0,0.0,1,1,0.0,0.0,1,0
C_1774_1789835.0,1774,1789835.0,control,0,2023-02-13,2023,1.0,Male,Black,1996.0,18.0,5.0,1.0,5.0,4191.212267972448,1.0,0.0,2024-08-13,-1,2022,2022-01-01,2023-01-01,0,0,0.0,0.0,1,1,0.0,0.0,1,0
C_1774_1789835.0,1774,1789835.0,control,0,2023-02-13,2023,1.0,Male,Black,1996.0,18.0,5.0,1.0,5.0,4191.212267972448,1.0,0.0,2024-08-13,0,2023,2023-01-01,2024-01-01,1,1,25595.19466425087,1.0,1,1,0.0,0.0,1,0
C_1774_1789835.0,1774,1789835.0,control,0,2023-02-13,2023,1.0,Male,Black,1996.0,18.0,5.0,1.0,5.0,4191.212267972448,1.0,0.0,2024-08-13,1,2024,2024-01-01,2025-01-01,1,1,13367.527167346672,1.0,1,1,0.0,0.0,1,0
C_1776_909684.0,1776,909684.0,control,0,2023-02-13,2023,1.0,Female,Black,1999.0,21.0,1.0,0.0,1.0,4390.24784145688,1.0,0.0,2024-08-13,-2,2021,2021-01-01,2022-01-01,0,0,0.0,0.0,1,1,0.0,0.0,1,0
C_1776_909684.0,1776,909684.0,control,0,2023-02-13,2023,1.0,Female,Black,1999.0,21.0,1.0,0.0,1.0,4390.24784145688,1.0,0.0,2024-08-13,-1,2022,2022-01-01,2023-01-01,0,0,0.0,0.0,1,1,0.0,0.0,1,0
C_1776_909684.0,1776,909684.0,control,0,2023-02-13,2023,1.0,Female,Black,1999.0,21.0,1.0,0.0,1.0,4390.24784145688,1.0,0.0,2024-08-13,0,2023,2023-01-01,2024-01-01,1,1,4738.532841336254,1.0,1,1,0.0,0.0,1,0
C_1776_909684.0,1776,909684.0,control,0,2023-02-13,2023,1.0,Female,Black,1999.0,21.0,1.0,0.0,1.0,4390.24784145688,1.0,0.0,2024-08-13,1,2024,2024-01-01,2025-01-01,1,1,722.1570527650417,1.0,1,1,0.0,0.0,1,0
C_1780_486807.0,1780,486807.0,control,0,2023-02-27,2023,1.0,Male,Black,1994.0,25.0,2.0,0.0,2.0,2618.681580476467,1.0,0.0,2024-08-27,-2,2021,2021-01-01,2022-01-01,0,0,0.0,0.0,1,1,0.0,0.0,1,0
C_1780_486807.0,1780,486807.0,control,0,2023-02-27,2023,1.0,Male,Black,1994.0,25.0,2.0,0.0,2.0,2618.681580476467,1.0,0.0,2024-08-27,-1,2022,2022-01-01,2023-01-01,0,0,0.0,0.0,1,1,0.0,0.0,1,0
C_1780_486807.0,1780,486807.0,control,0,2023-02-27,2023,1.0,Male,Black,1994.0,25.0,2.0,0.0,2.0,2618.681580476467,1.0,0.0,2024-08-27,0,2023,2023-01-01,2024-01-01,1,1,0.0,0.0,1,1,0.0,0.0,1,0
C_1780_486807.0,1780,486807.0,control,0,2023-02-27,2023,1.0,Male,Black,1994.0,25.0,2.0,0.0,2.0,2618.681580476467,1.0,0.0,2024-08-27,1,2024,2024-01-01,2025-01-01,1,1,0.0,0.0,1,1,0.0,0.0,1,0
C_1781_941349.0,1781,941349.0,control,0,2023-02-27,2023,1.0,Female,White,2004.0,18.0,1.0,0.0,1.0,0.0,1.0,0.0,2024-08-27,-2,2021,2021-01-01,2022-01-01,0,0,0.0,0.0,0,0,0.0,0.0,1,0
C_1781_941349.0,1781,941349.0,control,0,2023-02-27,2023,1.0,Female,White,2004.0,18.0,1.0,0.0,1.0,0.0,1.0,0.0,2024-08-27,-1,2022,2022-01-01,2023-01-01,0,0,0.0,0.0,0,1,0.0,0.0,1,0
C_1781_941349.0,1781,941349.0,control,0,2023-02-27,2023,1.0,Female,White,2004.0,18.0,1.0,0.0,1.0,0.0,1.0,0.0,2024-08-27,0,2023,2023-01-01,2024-01-01,1,1,1380.331409620276,1.0,1,1,0.0,0.0,1,0
C_1781_941349.0,1781,941349.0,control,0,2023-02-27,2023,1.0,Female,White,2004.0,18.0,1.0,0.0,1.0,0.0,1.0,0.0,2024-08-27,1,2024,2024-01-01,2025-01-01,1,1,0.0,0.0,1,1,0.0,0.0,1,0
C_1785_923154.0,1785,923154.0,control,0,2023-03-06,2023,1.0,Male,Black,2002.0,19.0,1.0,0.0,1.0,0.0,0.0,0.0,2024-09-03,-2,2021,2021-01-01,2022-01-01,0,0,0.0,0.0,0,1,0.0,0.0,1,0
C_1785_923154.0,1785,923154.0,control,0,2023-03-06,2023,1.0,Male,Black,2002.0,19.0,1.0,0.0,1.0,0.0,0.0,0.0,2024-09-03,-1,2022,2022-01-01,2023-01-01,0,0,0.0,0.0,1,1,0.0,0.0,1,0
C_1785_923154.0,1785,923154.0,control,0,2023-03-06,2023,1.0,Male,Black,2002.0,19.0,1.0,0.0,1.0,0.0,0.0,0.0,2024-09-03,0,2023,2023-01-01,2024-01-01,1,1,0.0,0.0,1,1,0.0,0.0,1,0
C_1785_923154.0,1785,923154.0,control,0,2023-03-06,2023,1.0,Male,Black,2002.0,19.0,1.0,0.0,1.0,0.0,0.0,0.0,2024-09-03,1,2024,2024-01-01,2025-01-01,1,1,0.0,0.0,1,1,0.0,0.0,1,0
C_1788_935514.0,1788,935514.0,control,0,2023-03-13,2023,1.0,Male,Black,2004.0,18.0,1.0,0.0,1.0,0.0,0.0,0.0,2024-09-10,-2,2021,2021-01-01,2022-01-01,0,0,0.0,0.0,0,0,0.0,0.0,1,0
C_1788_935514.0,1788,935514.0,control,0,2023-03-13,2023,1.0,Male,Black,2004.0,18.0,1.0,0.0,1.0,0.0,0.0,0.0,2024-09-10,-1,2022,2022-01-01,2023-01-01,0,0,0.0,0.0,0,1,0.0,0.0,1,0
C_1788_935514.0,1788,935514.0,control,0,2023-03-13,2023,1.0,Male,Black,2004.0,18.0,1.0,0.0,1.0,0.0,0.0,0.0,2024-09-10,0,2023,2023-01-01,2024-01-01,1,1,252.6827144569819,1.0,1,1,0.0,0.0,1,0
C_1788_935514.0,1788,935514.0,control,0,2023-03-13,2023,1.0,Male,Black,2004.0,18.0,1.0,0.0,1.0,0.0,0.0,0.0,2024-09-10,1,2024,2024-01-01,2025-01-01,1,1,0.0,0.0,1,1,0.0,0.0,1,0
C_1792_802879.0,1792,802879.0,control,0,2023-03-13,2023,1.0,Male,Black,1999.0,21.0,1.0,0.0,1.0,0.0,0.0,0.0,2024-09-10,-2,2021,2021-01-01,2022-01-01,0,0,0.0,0.0,1,1,0.0,0.0,1,0
C_1792_802879.0,1792,802879.0,control,0,2023-03-13,2023,1.0,Male,Black,1999.0,21.0,1.0,0.0,1.0,0.0,0.0,0.0,2024-09-10,-1,2022,2022-01-01,2023-01-01,0,0,0.0,0.0,1,1,0.0,0.0,1,0
C_1792_802879.0,1792,802879.0,control,0,2023-03-13,2023,1.0,Male,Black,1999.0,21.0,1.0,0.0,1.0,0.0,0.0,0.0,2024-09-10,0,2023,2023-01-01,2024-01-01,1,1,9771.704233554809,1.0,1,1,0.0,0.0,1,0
C_1792_802879.0,1792,802879.0,control,0,2023-03-13,2023,1.0,Male,Black,1999.0,21.0,1.0,0.0,1.0,0.0,0.0,0.0,2024-09-10,1,2024,2024-01-01,2025-01-01,1,1,13280.048794345385,1.0,1,1,0.0,0.0,1,0
C_1794_916939.0,1794,916939.0,control,0,2023-03-21,2023,1.0,Male,Black,2003.0,18.0,3.0,1.0,3.0,0.0,0.0,0.0,2024-09-18,-2,2021,2021-01-01,2022-01-01,0,0,0.0,0.0,0,1,0.0,0.0,1,0
C_1794_916939.0,1794,916939.0,control,0,2023-03-21,2023,1.0,Male,Black,2003.0,18.0,3.0,1.0,3.0,0.0,0.0,0.0,2024-09-18,-1,2022,2022-01-01,2023-01-01,0,0,0.0,0.0,1,1,0.0,0.0,1,0
C_1794_916939.0,1794,916939.0,control,0,2023-03-21,2023,1.0,Male,Black,2003.0,18.0,3.0,1.0,3.0,0.0,0.0,0.0,2024-09-18,0,2023,2023-01-01,2024-01-01,1,1,0.0,0.0,1,1,0.0,0.0,1,0
C_1794_916939.0,1794,916939.0,control,0,2023-03-21,2023,1.0,Male,Black,2003.0,18.0,3.0,1.0,3.0,0.0,0.0,0.0,2024-09-18,1,2024,2024-01-01,2025-01-01,1,1,0.0,0.0,1,1,0.0,0.0,1,0
C_1798_935514.0,1798,935514.0,control,0,2023-03-27,2023,1.0,Male,Black,2004.0,18.0,1.0,0.0,1.0,0.0,0.0,0.0,2024-09-24,-2,2021,2021-01-01,2022-01-01,0,0,0.0,0.0,0,0,0.0,0.0,1,0
C_1798_935514.0,1798,935514.0,control,0,2023-03-27,2023,1.0,Male,Black,2004.0,18.0,1.0,0.0,1.0,0.0,0.0,0.0,2024-09-24,-1,2022,2022-01-01,2023-01-01,0,0,0.0,0.0,0,1,0.0,0.0,1,0
C_1798_935514.0,1798,935514.0,control,0,2023-03-27,2023,1.0,Male,Black,2004.0,18.0,1.0,0.0,1.0,0.0,0.0,0.0,2024-09-24,0,2023,2023-01-01,2024-01-01,1,1,252.6827144569819,1.0,1,1,0.0,0.0,1,0
C_1798_935514.0,1798,935514.0,control,0,2023-03-27,2023,1.0,Male,Black,2004.0,18.0,1.0,0.0,1.0,0.0,0.0,0.0,2024-09-24,1,2024,2024-01-01,2025-01-01,1,1,0.0,0.0,1,1,0.0,0.0,1,0
C_1799_916939.0,1799,916939.0,control,0,2023-03-28,2023,1.0,Male,Black,2003.0,18.0,3.0,1.0,3.0,0.0,0.0,0.0,2024-09-25,-2,2021,2021-01-01,2022-01-01,0,0,0.0,0.0,0,1,0.0,0.0,1,0
C_1799_916939.0,1799,916939.0,control,0,2023-03-28,2023,1.0,Male,Black,2003.0,18.0,3.0,1.0,3.0,0.0,0.0,0.0,2024-09-25,-1,2022,2022-01-01,2023-01-01,0,0,0.0,0.0,1,1,0.0,0.0,1,0
C_1799_916939.0,1799,916939.0,control,0,2023-03-28,2023,1.0,Male,Black,2003.0,18.0,3.0,1.0,3.0,0.0,0.0,0.0,2024-09-25,0,2023,2023-01-01,2024-01-01,1,1,0.0,0.0,1,1,0.0,0.0,1,0
C_1799_916939.0,1799,916939.0,control,0,2023-03-28,2023,1.0,Male,Black,2003.0,18.0,3.0,1.0,3.0,0.0,0.0,0.0,2024-09-25,1,2024,2024-01-01,2025-01-01,1,1,0.0,0.0,1,1,0.0,0.0,1,0
C_1806_901233.0,1806,901233.0,control,0,2023-04-03,2023,1.0,Male,Black,2000.0,20.0,3.0,1.0,3.0,0.0,0.0,0.0,2024-10-01,-2,2021,2021-01-01,2022-01-01,0,0,0.0,0.0,0,1,0.0,0.0,1,0
C_1806_901233.0,1806,901233.0,control,0,2023-04-03,2023,1.0,Male,Black,2000.0,20.0,3.0,1.0,3.0,0.0,0.0,0.0,2024-10-01,-1,2022,2022-01-01,2023-01-01,0,0,0.0,0.0,1,1,0.0,0.0,1,0
C_1806_901233.0,1806,901233.0,control,0,2023-04-03,2023,1.0,Male,Black,2000.0,20.0,3.0,1.0,3.0,0.0,0.0,0.0,2024-10-01,0,2023,2023-01-01,2024-01-01,1,1,0.0,0.0,1,1,0.0,0.0,1,0
C_1806_901233.0,1806,901233.0,control,0,2023-04-03,2023,1.0,Male,Black,2000.0,20.0,3.0,1.0,3.0,0.0,0.0,0.0,2024-10-01,1,2024,2024-01-01,2025-01-01,1,1,0.0,0.0,1,1,0.0,0.0,1,0
C_1807_661294.0,1807,661294.0,control,0,2023-04-03,2023,1.0,Male,Black,1986.0,32.0,2.0,0.0,2.0,3209.7069665706676,1.0,0.0,2024-10-01,-2,2021,2021-01-01,2022-01-01,0,0,0.0,0.0,1,1,0.0,0.0,1,0
C_1807_661294.0,1807,661294.0,control,0,2023-04-03,2023,1.0,Male,Black,1986.0,32.0,2.0,0.0,2.0,3209.7069665706676,1.0,0.0,2024-10-01,-1,2022,2022-01-01,2023-01-01,0,0,0.0,0.0,1,1,0.0,0.0,1,0
C_1807_661294.0,1807,661294.0,control,0,2023-04-03,2023,1.0,Male,Black,1986.0,32.0,2.0,0.0,2.0,3209.7069665706676,1.0,0.0,2024-10-01,0,2023,2023-01-01,2024-01-01,1,1,204.98386478274975,1.0,1,1,0.0,0.0,1,0
C_1807_661294.0,1807,661294.0,control,0,2023-04-03,2023,1.0,Male,Black,1986.0,32.0,2.0,0.0,2.0,3209.7069665706676,1.0,0.0,2024-10-01,1,2024,2024-01-01,2025-01-01,1,1,0.0,0.0,1,1,0.0,0.0,1,0
C_1808_1355606.0,1808,1355606.0,control,0,2023-04-03,2023,1.0,Male,Black,1991.0,21.0,4.0,0.0,4.0,60515.76762725698,1.0,0.0,2024-10-01,-2,2021,2021-01-01,2022-01-01,0,0,0.0,0.0,1,1,0.0,0.0,1,0
C_1808_1355606.0,1808,1355606.0,control,0,2023-04-03,2023,1.0,Male,Black,1991.0,21.0,4.0,0.0,4.0,60515.76762725698,1.0,0.0,2024-10-01,-1,2022,2022-01-01,2023-01-01,0,0,0.0,0.0,1,1,0.0,0.0,1,0
C_1808_1355606.0,1808,1355606.0,control,0,2023-04-03,2023,1.0,Male,Black,1991.0,21.0,4.0,0.0,4.0,60515.76762725698,1.0,0.0,2024-10-01,0,2023,2023-01-01,2024-01-01,1,1,41397.533955635314,1.0,1,1,0.0,0.0,1,0
C_1808_1355606.0,1808,1355606.0,control,0,2023-04-03,2023,1.0,Male,Black,1991.0,21.0,4.0,0.0,4.0,60515.76762725698,1.0,0.0,2024-10-01,1,2024,2024-01-01,2025-01-01,1,1,24390.942385659342,1.0,1,1,0.0,0.0,1,0
C_1811_955637.0,1811,955637.0,control,0,2023-04-10,2023,1.0,Male,White,2004.0,18.0,2.0,1.0,2.0,375.9995342011265,1.0,0.0,2024-10-08,-2,2021,2021-01-01,2022-01-01,0,0,0.0,0.0,0,0,0.0,0.0,1,0
C_1811_955637.0,1811,955637.0,control,0,2023-04-10,2023,1.0,Male,White,2004.0,18.0,2.0,1.0,2.0,375.9995342011265,1.0,0.0,2024-10-08,-1,2022,2022-01-01,2023-01-01,0,0,0.0,0.0,0,1,0.0,0.0,1,0
C_1811_955637.0,1811,955637.0,control,0,2023-04-10,2023,1.0,Male,White,2004.0,18.0,2.0,1.0,2.0,375.9995342011265,1.0,0.0,2024-10-08,0,2023,2023-01-01,2024-01-01,1,1,1166.2843551854967,1.0,1,1,0.0,0.0,1,0
C_1811_955637.0,1811,955637.0,control,0,2023-04-10,2023,1.0,Male,White,2004.0,18.0,2.0,1.0,2.0,375.9995342011265,1.0,0.0,2024-10-08,1,2024,2024-01-01,2025-01-01,1,1,0.0,0.0,1,1,0.0,0.0,1,0
C_1812_916939.0,1812,916939.0,control,0,2023-04-10,2023,1.0,Male,Black,2003.0,18.0,3.0,1.0,3.0,0.0,0.0,0.0,2024-10-08,-2,2021,2021-01-01,2022-01-01,0,0,0.0,0.0,0,1,0.0,0.0,1,0
C_1812_916939.0,1812,916939.0,control,0,2023-04-10,2023,1.0,Male,Black,2003.0,18.0,3.0,1.0,3.0,0.0,0.0,0.0,2024-10-08,-1,2022,2022-01-01,2023-01-01,0,0,0.0,0.0,1,1,0.0,0.0,1,0
C_1812_916939.0,1812,916939.0,control,0,2023-04-10,2023,1.0,Male,Black,2003.0,18.0,3.0,1.0,3.0,0.0,0.0,0.0,2024-10-08,0,2023,2023-01-01,2024-01-01,1,1,0.0,0.0,1,1,0.0,0.0,1,0
C_1812_916939.0,1812,916939.0,control,0,2023-04-10,2023,1.0,Male,Black,2003.0,18.0,3.0,1.0,3.0,0.0,0.0,0.0,2024-10-08,1,2024,2024-01-01,2025-01-01,1,1,0.0,0.0,1,1,0.0,0.0,1,0
C_1816_802879.0,1816,802879.0,control,0,2023-04-10,2023,1.0,Male,Black,1999.0,21.0,1.0,0.0,1.0,0.0,0.0,0.0,2024-10-08,-2,2021,2021-01-01,2022-01-01,0,0,0.0,0.0,1,1,0.0,0.0,1,0
C_1816_802879.0,1816,802879.0,control,0,2023-04-10,2023,1.0,Male,Black,1999.0,21.0,1.0,0.0,1.0,0.0,0.0,0.0,2024-10-08,-1,2022,2022-01-01,2023-01-01,0,0,0.0,0.0,1,1,0.0,0.0,1,0
C_1816_802879.0,1816,802879.0,control,0,2023-04-10,2023,1.0,Male,Black,1999.0,21.0,1.0,0.0,1.0,0.0,0.0,0.0,2024-10-08,0,2023,2023-01-01,2024-01-01,1,1,9771.704233554809,1.0,1,1,0.0,0.0,1,0
C_1816_802879.0,1816,802879.0,control,0,2023-04-10,2023,1.0,Male,Black,1999.0,21.0,1.0,0.0,1.0,0.0,0.0,0.0,2024-10-08,1,2024,2024-01-01,2025-01-01,1,1,15168.045337331294,1.0,1,1,0.0,0.0,1,0
C_1817_1214343.0,1817,1214343.0,control,0,2023-04-10,2023,1.0,Male,Black,1992.0,23.0,1.0,0.0,1.0,17043.587022281703,1.0,0.0,2024-10-08,-2,2021,2021-01-01,2022-01-01,0,0,0.0,0.0,1,1,0.0,0.0,1,0
C_1817_1214343.0,1817,1214343.0,control,0,2023-04-10,2023,1.0,Male,Black,1992.0,23.0,1.0,0.0,1.0,17043.587022281703,1.0,0.0,2024-10-08,-1,2022,2022-01-01,2023-01-01,0,0,0.0,0.0,1,1,0.0,0.0,1,0
C_1817_1214343.0,1817,1214343.0,control,0,2023-04-10,2023,1.0,Male,Black,1992.0,23.0,1.0,0.0,1.0,17043.587022281703,1.0,0.0,2024-10-08,0,2023,2023-01-01,2024-01-01,1,1,31935.11570888899,1.0,1,1,0.0,0.0,1,0
C_1817_1214343.0,1817,1214343.0,control,0,2023-04-10,2023,1.0,Male,Black,1992.0,23.0,1.0,0.0,1.0,17043.587022281703,1.0,0.0,2024-10-08,1,2024,2024-01-01,2025-01-01,1,1,34472.76541231155,1.0,1,1,0.0,0.0,1,0
C_1819_909976.0,1819,909976.0,control,0,2023-04-17,2023,1.0,Male,Black,2001.0,18.0,3.0,1.0,3.0,28269.06717179421,0.0,0.0,2024-10-15,-2,2021,2021-01-01,2022-01-01,0,0,0.0,0.0,1,1,0.0,0.0,1,0
C_1819_909976.0,1819,909976.0,control,0,2023-04-17,2023,1.0,Male,Black,2001.0,18.0,3.0,1.0,3.0,28269.06717179421,0.0,0.0,2024-10-15,-1,2022,2022-01-01,2023-01-01,0,0,0.0,0.0,1,1,0.0,0.0,1,0
C_1819_909976.0,1819,909976.0,control,0,2023-04-17,2023,1.0,Male,Black,2001.0,18.0,3.0,1.0,3.0,28269.06717179421,0.0,0.0,2024-10-15,0,2023,2023-01-01,2024-01-01,1,1,1183.0311597071639,1.0,1,1,0.0,0.0,1,0
C_1819_909976.0,1819,909976.0,control,0,2023-04-17,2023,1.0,Male,Black,2001.0,18.0,3.0,1.0,3.0,28269.06717179421,0.0,0.0,2024-10-15,1,2024,2024-01-01,2025-01-01,1,1,0.0,0.0,1,1,0.0,0.0,1,0
C_1822_916939.0,1822,916939.0,control,0,2023-04-17,2023,1.0,Male,Black,2003.0,18.0,3.0,1.0,3.0,0.0,0.0,0.0,2024-10-15,-2,2021,2021-01-01,2022-01-01,0,0,0.0,0.0,0,1,0.0,0.0,1,0
C_1822_916939.0,1822,916939.0,control,0,2023-04-17,2023,1.0,Male,Black,2003.0,18.0,3.0,1.0,3.0,0.0,0.0,0.0,2024-10-15,-1,2022,2022-01-01,2023-01-01,0,0,0.0,0.0,1,1,0.0,0.0,1,0
C_1822_916939.0,1822,916939.0,control,0,2023-04-17,2023,1.0,Male,Black,2003.0,18.0,3.0,1.0,3.0,0.0,0.0,0.0,2024-10-15,0,2023,2023-01-01,2024-01-01,1,1,0.0,0.0,1,1,0.0,0.0,1,0
C_1822_916939.0,1822,916939.0,control,0,2023-04-17,2023,1.0,Male,Black,2003.0,18.0,3.0,1.0,3.0,0.0,0.0,0.0,2024-10-15,1,2024,2024-01-01,2025-01-01,1,1,0.0,0.0,1,1,0.0,0.0,1,0
C_1826_1705303.0,1826,1705303.0,control,0,2023-04-24,2023,1.0,Female,Black,1969.0,36.0,3.0,0.0,3.0,60453.23985326529,1.0,0.0,2024-10-22,-2,2021,2021-01-01,2022-01-01,0,0,0.0,0.0,1,1,0.0,0.0,1,0
C_1826_1705303.0,1826,1705303.0,control,0,2023-04-24,2023,1.0,Female,Black,1969.0,36.0,3.0,0.0,3.0,60453.23985326529,1.0,0.0,2024-10-22,-1,2022,2022-01-01,2023-01-01,0,0,0.0,0.0,1,1,0.0,0.0,1,0
C_1826_1705303.0,1826,1705303.0,control,0,2023-04-24,2023,1.0,Female,Black,1969.0,36.0,3.0,0.0,3.0,60453.23985326529,1.0,0.0,2024-10-22,0,2023,2023-01-01,2024-01-01,1,1,40579.52953868611,1.0,1,1,0.0,0.0,1,0
C_1826_1705303.0,1826,1705303.0,control,0,2023-04-24,2023,1.0,Female,Black,1969.0,36.0,3.0,0.0,3.0,60453.23985326529,1.0,0.0,2024-10-22,1,2024,2024-01-01,2025-01-01,1,1,40007.2289084829,1.0,1,1,0.0,0.0,1,0
C_1828_82666.0,1828,82666.0,control,0,2023-04-24,2023,1.0,Female,Black,1956.0,62.0,3.0,0.0,3.0,0.0,0.0,0.0,2024-10-22,-2,2021,2021-01-01,2022-01-01,0,0,0.0,0.0,1,1,0.0,0.0,1,0
C_1828_82666.0,1828,82666.0,control,0,2023-04-24,2023,1.0,Female,Black,1956.0,62.0,3.0,0.0,3.0,0.0,0.0,0.0,2024-10-22,-1,2022,2022-01-01,2023-01-01,0,0,0.0,0.0,1,1,0.0,0.0,1,0
C_1828_82666.0,1828,82666.0,control,0,2023-04-24,2023,1.0,Female,Black,1956.0,62.0,3.0,0.0,3.0,0.0,0.0,0.0,2024-10-22,0,2023,2023-01-01,2024-01-01,1,1,0.0,0.0,1,1,0.0,0.0,1,0
C_1828_82666.0,1828,82666.0,control,0,2023-04-24,2023,1.0,Female,Black,1956.0,62.0,3.0,0.0,3.0,0.0,0.0,0.0,2024-10-22,1,2024,2024-01-01,2025-01-01,1,1,0.0,0.0,1,1,0.0,0.0,1,0
C_1829_802879.0,1829,802879.0,control,0,2023-04-24,2023,1.0,Male,Black,1999.0,21.0,1.0,0.0,1.0,0.0,0.0,0.0,2024-10-22,-2,2021,2021-01-01,2022-01-01,0,0,0.0,0.0,1,1,0.0,0.0,1,0
C_1829_802879.0,1829,802879.0,control,0,2023-04-24,2023,1.0,Male,Black,1999.0,21.0,1.0,0.0,1.0,0.0,0.0,0.0,2024-10-22,-1,2022,2022-01-01,2023-01-01,0,0,0.0,0.0,1,1,0.0,0.0,1,0
C_1829_802879.0,1829,802879.0,control,0,2023-04-24,2023,1.0,Male,Black,1999.0,21.0,1.0,0.0,1.0,0.0,0.0,0.0,2024-10-22,0,2023,2023-01-01,2024-01-01,1,1,9771.704233554809,1.0,1,1,0.0,0.0,1,0
C_1829_802879.0,1829,802879.0,control,0,2023-04-24,2023,1.0,Male,Black,1999.0,21.0,1.0,0.0,1.0,0.0,0.0,0.0,2024-10-22,1,2024,2024-01-01,2025-01-01,1,1,15168.045337331294,1.0,1,1,0.0,0.0,1,0
C_1831_901233.0,1831,901233.0,control,0,2023-05-08,2023,1.0,Male,Black,2000.0,20.0,3.0,1.0,3.0,0.0,0.0,0.0,2024-11-05,-2,2021,2021-01-01,2022-01-01,0,0,0.0,0.0,0,1,0.0,0.0,1,0
C_1831_901233.0,1831,901233.0,control,0,2023-05-08,2023,1.0,Male,Black,2000.0,20.0,3.0,1.0,3.0,0.0,0.0,0.0,2024-11-05,-1,2022,2022-01-01,2023-01-01,0,0,0.0,0.0,1,1,0.0,0.0,1,0
C_1831_901233.0,1831,901233.0,control,0,2023-05-08,2023,1.0,Male,Black,2000.0,20.0,3.0,1.0,3.0,0.0,0.0,0.0,2024-11-05,0,2023,2023-01-01,2024-01-01,1,1,0.0,0.0,1,1,0.0,0.0,1,0
C_1831_901233.0,1831,901233.0,control,0,2023-05-08,2023,1.0,Male,Black,2000.0,20.0,3.0,1.0,3.0,0.0,0.0,0.0,2024-11-05,1,2024,2024-01-01,2025-01-01,1,1,0.0,0.0,1,1,0.0,0.0,1,0
C_1833_906410.0,1833,906410.0,control,0,2023-05-01,2023,1.0,Male,Black,1975.0,43.0,3.0,0.0,3.0,6243.165681173131,1.0,0.0,2024-10-29,-2,2021,2021-01-01,2022-01-01,0,0,0.0,0.0,1,1,0.0,0.0,1,0
C_1833_906410.0,1833,906410.0,control,0,2023-05-01,2023,1.0,Male,Black,1975.0,43.0,3.0,0.0,3.0,6243.165681173131,1.0,0.0,2024-10-29,-1,2022,2022-01-01,2023-01-01,0,0,0.0,0.0,1,1,0.0,0.0,1,0
C_1833_906410.0,1833,906410.0,control,0,2023-05-01,2023,1.0,Male,Black,1975.0,43.0,3.0,0.0,3.0,6243.165681173131,1.0,0.0,2024-10-29,0,2023,2023-01-01,2024-01-01,1,1,28067.145989496436,1.0,1,1,0.0,0.0,1,0
C_1833_906410.0,1833,906410.0,control,0,2023-05-01,2023,1.0,Male,Black,1975.0,43.0,3.0,0.0,3.0,6243.165681173131,1.0,0.0,2024-10-29,1,2024,2024-01-01,2025-01-01,1,1,26342.844728746943,1.0,1,1,0.0,0.0,1,0
C_1838_935514.0,1838,935514.0,control,0,2023-05-08,2023,1.0,Male,Black,2004.0,18.0,1.0,0.0,1.0,0.0,0.0,0.0,2024-11-05,-2,2021,2021-01-01,2022-01-01,0,0,0.0,0.0,0,0,0.0,0.0,1,0
C_1838_935514.0,1838,935514.0,control,0,2023-05-08,2023,1.0,Male,Black,2004.0,18.0,1.0,0.0,1.0,0.0,0.0,0.0,2024-11-05,-1,2022,2022-01-01,2023-01-01,0,0,0.0,0.0,0,1,0.0,0.0,1,0
C_1838_935514.0,1838,935514.0,control,0,2023-05-08,2023,1.0,Male,Black,2004.0,18.0,1.0,0.0,1.0,0.0,0.0,0.0,2024-11-05,0,2023,2023-01-01,2024-01-01,1,1,252.6827144569819,1.0,1,1,0.0,0.0,1,0
C_1838_935514.0,1838,935514.0,control,0,2023-05-08,2023,1.0,Male,Black,2004.0,18.0,1.0,0.0,1.0,0.0,0.0,0.0,2024-11-05,1,2024,2024-01-01,2025-01-01,1,1,1571.4462244014449,1.0,1,1,0.0,0.0,1,0
C_1842_1873795.0,1842,1873795.0,control,0,2023-05-15,2023,1.0,Male,Black,1978.0,26.0,14.0,1.0,14.0,0.0,1.0,0.0,2024-11-12,-2,2021,2021-01-01,2022-01-01,0,0,0.0,0.0,1,1,0.0,0.0,1,0
C_1842_1873795.0,1842,1873795.0,control,0,2023-05-15,2023,1.0,Male,Black,1978.0,26.0,14.0,1.0,14.0,0.0,1.0,0.0,2024-11-12,-1,2022,2022-01-01,2023-01-01,0,0,0.0,0.0,1,1,0.0,0.0,1,0
C_1842_1873795.0,1842,1873795.0,control,0,2023-05-15,2023,1.0,Male,Black,1978.0,26.0,14.0,1.0,14.0,0.0,1.0,0.0,2024-11-12,0,2023,2023-01-01,2024-01-01,1,1,8772.513893056645,1.0,1,1,0.0,0.0,1,0
C_1842_1873795.0,1842,1873795.0,control,0,2023-05-15,2023,1.0,Male,Black,1978.0,26.0,14.0,1.0,14.0,0.0,1.0,0.0,2024-11-12,1,2024,2024-01-01,2025-01-01,1,1,0.0,0.0,1,1,0.0,0.0,1,0
C_1846_932909.0,1846,932909.0,control,0,2023-05-22,2023,1.0,Male,Black,2005.0,16.0,1.0,1.0,1.0,217.07286084447318,0.0,0.0,2024-11-19,-2,2021,2021-01-01,2022-01-01,0,0,0.0,0.0,0,1,0.0,0.0,1,0
C_1846_932909.0,1846,932909.0,control,0,2023-05-22,2023,1.0,Male,Black,2005.0,16.0,1.0,1.0,1.0,217.07286084447318,0.0,0.0,2024-11-19,-1,2022,2022-01-01,2023-01-01,0,0,0.0,0.0,1,1,0.0,0.0,1,0
C_1846_932909.0,1846,932909.0,control,0,2023-05-22,2023,1.0,Male,Black,2005.0,16.0,1.0,1.0,1.0,217.07286084447318,0.0,0.0,2024-11-19,0,2023,2023-01-01,2024-01-01,1,1,0.0,0.0,1,1,0.0,0.0,1,0
C_1846_932909.0,1846,932909.0,control,0,2023-05-22,2023,1.0,Male,Black,2005.0,16.0,1.0,1.0,1.0,217.07286084447318,0.0,0.0,2024-11-19,1,2024,2024-01-01,2025-01-01,1,1,0.0,0.0,1,1,0.0,0.0,1,0
C_1847_1109104.0,1847,1109104.0,control,0,2023-05-22,2023,1.0,Male,Black,1968.0,32.0,3.0,1.0,3.0,0.0,0.0,0.0,2024-11-19,-2,2021,2021-01-01,2022-01-01,0,0,0.0,0.0,1,1,0.0,0.0,1,0
C_1847_1109104.0,1847,1109104.0,control,0,2023-05-22,2023,1.0,Male,Black,1968.0,32.0,3.0,1.0,3.0,0.0,0.0,0.0,2024-11-19,-1,2022,2022-01-01,2023-01-01,0,0,0.0,0.0,1,1,0.0,0.0,1,0
C_1847_1109104.0,1847,1109104.0,control,0,2023-05-22,2023,1.0,Male,Black,1968.0,32.0,3.0,1.0,3.0,0.0,0.0,0.0,2024-11-19,0,2023,2023-01-01,2024-01-01,1,1,0.0,0.0,1,1,0.0,0.0,1,0
C_1847_1109104.0,1847,1109104.0,control,0,2023-05-22,2023,1.0,Male,Black,1968.0,32.0,3.0,1.0,3.0,0.0,0.0,0.0,2024-11-19,1,2024,2024-01-01,2025-01-01,1,1,0.0,0.0,1,1,0.0,0.0,1,0
C_1851_916939.0,1851,916939.0,control,0,2023-05-30,2023,1.0,Male,Black,2003.0,18.0,3.0,1.0,3.0,0.0,0.0,0.0,2024-11-27,-2,2021,2021-01-01,2022-01-01,0,0,0.0,0.0,0,1,0.0,0.0,1,0
C_1851_916939.0,1851,916939.0,control,0,2023-05-30,2023,1.0,Male,Black,2003.0,18.0,3.0,1.0,3.0,0.0,0.0,0.0,2024-11-27,-1,2022,2022-01-01,2023-01-01,0,0,0.0,0.0,1,1,0.0,0.0,1,0
C_1851_916939.0,1851,916939.0,control,0,2023-05-30,2023,1.0,Male,Black,2003.0,18.0,3.0,1.0,3.0,0.0,0.0,0.0,2024-11-27,0,2023,2023-01-01,2024-01-01,1,1,0.0,0.0,1,1,0.0,0.0,1,0
C_1851_916939.0,1851,916939.0,control,0,2023-05-30,2023,1.0,Male,Black,2003.0,18.0,3.0,1.0,3.0,0.0,0.0,0.0,2024-11-27,1,2024,2024-01-01,2025-01-01,1,1,0.0,0.0,1,1,0.0,0.0,1,0
C_1852_935514.0,1852,935514.0,control,0,2023-05-30,2023,1.0,Male,Black,2004.0,18.0,1.0,0.0,1.0,0.0,0.0,0.0,2024-11-27,-2,2021,2021-01-01,2022-01-01,0,0,0.0,0.0,0,0,0.0,0.0,1,0
C_1852_935514.0,1852,935514.0,control,0,2023-05-30,2023,1.0,Male,Black,2004.0,18.0,1.0,0.0,1.0,0.0,0.0,0.0,2024-11-27,-1,2022,2022-01-01,2023-01-01,0,0,0.0,0.0,0,1,0.0,0.0,1,0
C_1852_935514.0,1852,935514.0,control,0,2023-05-30,2023,1.0,Male,Black,2004.0,18.0,1.0,0.0,1.0,0.0,0.0,0.0,2024-11-27,0,2023,2023-01-01,2024-01-01,1,1,252.6827144569819,1.0,1,1,0.0,0.0,1,0
C_1852_935514.0,1852,935514.0,control,0,2023-05-30,2023,1.0,Male,Black,2004.0,18.0,1.0,0.0,1.0,0.0,0.0,0.0,2024-11-27,1,2024,2024-01-01,2025-01-01,1,1,1571.4462244014449,1.0,1,1,0.0,0.0,1,0
C_1853_851170.0,1853,851170.0,control,0,2023-06-05,2023,1.0,Female,Black,1997.0,21.0,1.0,0.0,1.0,42271.98720733566,1.0,0.0,2024-12-03,-2,2021,2021-01-01,2022-01-01,0,0,0.0,0.0,1,1,0.0,0.0,1,0
C_1853_851170.0,1853,851170.0,control,0,2023-06-05,2023,1.0,Female,Black,1997.0,21.0,1.0,0.0,1.0,42271.98720733566,1.0,0.0,2024-12-03,-1,2022,2022-01-01,2023-01-01,0,0,0.0,0.0,1,1,0.0,0.0,1,0
C_1853_851170.0,1853,851170.0,control,0,2023-06-05,2023,1.0,Female,Black,1997.0,21.0,1.0,0.0,1.0,42271.98720733566,1.0,0.0,2024-12-03,0,2023,2023-01-01,2024-01-01,1,1,18834.282388590374,1.0,1,1,0.0,0.0,1,0
C_1853_851170.0,1853,851170.0,control,0,2023-06-05,2023,1.0,Female,Black,1997.0,21.0,1.0,0.0,1.0,42271.98720733566,1.0,0.0,2024-12-03,1,2024,2024-01-01,2025-01-01,1,1,18913.4303452365,1.0,1,1,0.0,0.0,1,0
C_1857_913962.0,1857,913962.0,control,0,2023-09-25,2023,1.0,Female,Black,1996.0,22.0,4.0,0.0,4.0,8519.680929138813,1.0,0.0,2025-03-25,-2,2021,2021-01-01,2022-01-01,0,0,0.0,0.0,1,1,0.0,0.0,1,0
C_1857_913962.0,1857,913962.0,control,0,2023-09-25,2023,1.0,Female,Black,1996.0,22.0,4.0,0.0,4.0,8519.680929138813,1.0,0.0,2025-03-25,-1,2022,2022-01-01,2023-01-01,0,0,0.0,0.0,1,1,0.0,0.0,1,0
C_1857_913962.0,1857,913962.0,control,0,2023-09-25,2023,1.0,Female,Black,1996.0,22.0,4.0,0.0,4.0,8519.680929138813,1.0,0.0,2025-03-25,0,2023,2023-01-01,2024-01-01,1,1,11280.521915177462,1.0,1,1,0.0,0.0,1,0
C_1857_913962.0,1857,913962.0,control,0,2023-09-25,2023,1.0,Female,Black,1996.0,22.0,4.0,0.0,4.0,8519.680929138813,1.0,0.0,2025-03-25,1,2024,2024-01-01,2025-01-01,1,1,3162.2315143503492,1.0,1,1,0.0,0.0,1,0
C_1859_935514.0,1859,935514.0,control,0,2023-06-12,2023,1.0,Male,Black,2004.0,18.0,1.0,0.0,1.0,0.0,0.0,0.0,2024-12-10,-2,2021,2021-01-01,2022-01-01,0,0,0.0,0.0,0,0,0.0,0.0,1,0
C_1859_935514.0,1859,935514.0,control,0,2023-06-12,2023,1.0,Male,Black,2004.0,18.0,1.0,0.0,1.0,0.0,0.0,0.0,2024-12-10,-1,2022,2022-01-01,2023-01-01,0,0,0.0,0.0,0,1,0.0,0.0,1,0
C_1859_935514.0,1859,935514.0,control,0,2023-06-12,2023,1.0,Male,Black,2004.0,18.0,1.0,0.0,1.0,0.0,0.0,0.0,2024-12-10,0,2023,2023-01-01,2024-01-01,1,1,252.6827144569819,1.0,1,1,0.0,0.0,1,0
C_1859_935514.0,1859,935514.0,control,0,2023-06-12,2023,1.0,Male,Black,2004.0,18.0,1.0,0.0,1.0,0.0,0.0,0.0,2024-12-10,1,2024,2024-01-01,2025-01-01,1,1,1571.4462244014449,1.0,1,1,0.0,0.0,1,0
C_1861_941642.0,1861,941642.0,control,0,2023-09-05,2023,1.0,Male,Black,1982.0,34.0,1.0,0.0,1.0,5122.312853673149,1.0,0.0,2025-03-05,-2,2021,2021-01-01,2022-01-01,0,0,0.0,0.0,1,1,0.0,0.0,1,0
C_1861_941642.0,1861,941642.0,control,0,2023-09-05,2023,1.0,Male,Black,1982.0,34.0,1.0,0.0,1.0,5122.312853673149,1.0,0.0,2025-03-05,-1,2022,2022-01-01,2023-01-01,0,0,0.0,0.0,1,1,0.0,0.0,1,0
C_1861_941642.0,1861,941642.0,control,0,2023-09-05,2023,1.0,Male,Black,1982.0,34.0,1.0,0.0,1.0,5122.312853673149,1.0,0.0,2025-03-05,0,2023,2023-01-01,2024-01-01,1,1,23815.355169997325,1.0,1,1,0.0,0.0,1,0
C_1861_941642.0,1861,941642.0,control,0,2023-09-05,2023,1.0,Male,Black,1982.0,34.0,1.0,0.0,1.0,5122.312853673149,1.0,0.0,2025-03-05,1,2024,2024-01-01,2025-01-01,1,1,27103.852575334713,1.0,1,1,0.0,0.0,1,0
C_1865_932909.0,1865,932909.0,control,0,2023-06-27,2023,1.0,Male,Black,2005.0,16.0,1.0,1.0,1.0,217.07286084447318,0.0,0.0,2024-12-25,-2,2021,2021-01-01,2022-01-01,0,0,0.0,0.0,0,1,0.0,0.0,1,0
C_1865_932909.0,1865,932909.0,control,0,2023-06-27,2023,1.0,Male,Black,2005.0,16.0,1.0,1.0,1.0,217.07286084447318,0.0,0.0,2024-12-25,-1,2022,2022-01-01,2023-01-01,0,0,0.0,0.0,1,1,0.0,0.0,1,0
C_1865_932909.0,1865,932909.0,control,0,2023-06-27,2023,1.0,Male,Black,2005.0,16.0,1.0,1.0,1.0,217.07286084447318,0.0,0.0,2024-12-25,0,2023,2023-01-01,2024-01-01,1,1,0.0,0.0,1,1,0.0,0.0,1,0
C_1865_932909.0,1865,932909.0,control,0,2023-06-27,2023,1.0,Male,Black,2005.0,16.0,1.0,1.0,1.0,217.07286084447318,0.0,0.0,2024-12-25,1,2024,2024-01-01,2025-01-01,1,1,0.0,0.0,1,1,0.0,0.0,1,0
C_1869_935514.0,1869,935514.0,control,0,2023-09-05,2023,1.0,Male,Black,2004.0,18.0,1.0,0.0,1.0,0.0,0.0,0.0,2025-03-05,-2,2021,2021-01-01,2022-01-01,0,0,0.0,0.0,0,0,0.0,0.0,1,0
C_1869_935514.0,1869,935514.0,control,0,2023-09-05,2023,1.0,Male,Black,2004.0,18.0,1.0,0.0,1.0,0.0,0.0,0.0,2025-03-05,-1,2022,2022-01-01,2023-01-01,0,0,0.0,0.0,0,1,0.0,0.0,1,0
C_1869_935514.0,1869,935514.0,control,0,2023-09-05,2023,1.0,Male,Black,2004.0,18.0,1.0,0.0,1.0,0.0,0.0,0.0,2025-03-05,0,2023,2023-01-01,2024-01-01,1,1,252.6827144569819,1.0,1,1,0.0,0.0,1,0
C_1869_935514.0,1869,935514.0,control,0,2023-09-05,2023,1.0,Male,Black,2004.0,18.0,1.0,0.0,1.0,0.0,0.0,0.0,2025-03-05,1,2024,2024-01-01,2025-01-01,1,1,1571.4462244014449,1.0,1,1,0.0,0.0,1,0
C_1873_909976.0,1873,909976.0,control,0,2023-08-07,2023,1.0,Male,Black,2001.0,18.0,3.0,1.0,3.0,27115.71851005462,0.0,0.0,2025-02-04,-2,2021,2021-01-01,2022-01-01,0,0,0.0,0.0,1,1,0.0,0.0,1,0
C_1873_909976.0,1873,909976.0,control,0,2023-08-07,2023,1.0,Male,Black,2001.0,18.0,3.0,1.0,3.0,27115.71851005462,0.0,0.0,2025-02-04,-1,2022,2022-01-01,2023-01-01,0,0,0.0,0.0,1,1,0.0,0.0,1,0
C_1873_909976.0,1873,909976.0,control,0,2023-08-07,2023,1.0,Male,Black,2001.0,18.0,3.0,1.0,3.0,27115.71851005462,0.0,0.0,2025-02-04,0,2023,2023-01-01,2024-01-01,1,1,1183.0311597071639,1.0,1,1,0.0,0.0,1,0
C_1873_909976.0,1873,909976.0,control,0,2023-08-07,2023,1.0,Male,Black,2001.0,18.0,3.0,1.0,3.0,27115.71851005462,0.0,0.0,2025-02-04,1,2024,2024-01-01,2025-01-01,1,1,0.0,0.0,1,1,0.0,0.0,1,0
C_1875_941642.0,1875,941642.0,control,0,2023-07-05,2023,1.0,Male,Black,1982.0,34.0,1.0,0.0,1.0,5122.312853673149,1.0,0.0,2025-01-02,-2,2021,2021-01-01,2022-01-01,0,0,0.0,0.0,1,1,0.0,0.0,1,0
C_1875_941642.0,1875,941642.0,control,0,2023-07-05,2023,1.0,Male,Black,1982.0,34.0,1.0,0.0,1.0,5122.312853673149,1.0,0.0,2025-01-02,-1,2022,2022-01-01,2023-01-01,0,0,0.0,0.0,1,1,0.0,0.0,1,0
C_1875_941642.0,1875,941642.0,control,0,2023-07-05,2023,1.0,Male,Black,1982.0,34.0,1.0,0.0,1.0,5122.312853673149,1.0,0.0,2025-01-02,0,2023,2023-01-01,2024-01-01,1,1,23815.355169997325,1.0,1,1,0.0,0.0,1,0
C_1875_941642.0,1875,941642.0,control,0,2023-07-05,2023,1.0,Male,Black,1982.0,34.0,1.0,0.0,1.0,5122.312853673149,1.0,0.0,2025-01-02,1,2024,2024-01-01,2025-01-01,1,1,27103.852575334713,1.0,1,1,0.0,0.0,1,0
C_1877_101805.0,1877,101805.0,control,0,2023-07-05,2023,1.0,Male,White,1971.0,47.0,1.0,0.0,1.0,3343.1986438700733,0.0,0.0,2025-01-02,-2,2021,2021-01-01,2022-01-01,0,0,0.0,0.0,1,1,0.0,0.0,1,0
C_1877_101805.0,1877,101805.0,control,0,2023-07-05,2023,1.0,Male,White,1971.0,47.0,1.0,0.0,1.0,3343.1986438700733,0.0,0.0,2025-01-02,-1,2022,2022-01-01,2023-01-01,0,0,0.0,0.0,1,1,0.0,0.0,1,0
C_1877_101805.0,1877,101805.0,control,0,2023-07-05,2023,1.0,Male,White,1971.0,47.0,1.0,0.0,1.0,3343.1986438700733,0.0,0.0,2025-01-02,0,2023,2023-01-01,2024-01-01,1,1,0.0,0.0,1,1,0.0,0.0,1,0
C_1877_101805.0,1877,101805.0,control,0,2023-07-05,2023,1.0,Male,White,1971.0,47.0,1.0,0.0,1.0,3343.1986438700733,0.0,0.0,2025-01-02,1,2024,2024-01-01,2025-01-01,1,1,0.0,0.0,1,1,0.0,0.0,1,0
C_1878_932909.0,1878,932909.0,control,0,2023-07-10,2023,1.0,Male,Black,2005.0,16.0,1.0,1.0,1.0,0.0,0.0,0.0,2025-01-07,-2,2021,2021-01-01,2022-01-01,0,0,0.0,0.0,0,1,0.0,0.0,1,0
C_1878_932909.0,1878,932909.0,control,0,2023-07-10,2023,1.0,Male,Black,2005.0,16.0,1.0,1.0,1.0,0.0,0.0,0.0,2025-01-07,-1,2022,2022-01-01,2023-01-01,0,0,0.0,0.0,1,1,0.0,0.0,1,0
C_1878_932909.0,1878,932909.0,control,0,2023-07-10,2023,1.0,Male,Black,2005.0,16.0,1.0,1.0,1.0,0.0,0.0,0.0,2025-01-07,0,2023,2023-01-01,2024-01-01,1,1,0.0,0.0,1,1,0.0,0.0,1,0
C_1878_932909.0,1878,932909.0,control,0,2023-07-10,2023,1.0,Male,Black,2005.0,16.0,1.0,1.0,1.0,0.0,0.0,0.0,2025-01-07,1,2024,2024-01-01,2025-01-01,1,1,0.0,0.0,1,1,0.0,0.0,1,0
C_1879_1275953.0,1879,1275953.0,control,0,2023-07-05,2023,1.0,Male,Black,1980.0,22.0,4.0,1.0,4.0,0.0,1.0,0.0,2025-01-02,-2,2021,2021-01-01,2022-01-01,0,0,0.0,0.0,1,1,0.0,0.0,1,0
C_1879_1275953.0,1879,1275953.0,control,0,2023-07-05,2023,1.0,Male,Black,1980.0,22.0,4.0,1.0,4.0,0.0,1.0,0.0,2025-01-02,-1,2022,2022-01-01,2023-01-01,0,0,0.0,0.0,1,1,0.0,0.0,1,0
C_1879_1275953.0,1879,1275953.0,control,0,2023-07-05,2023,1.0,Male,Black,1980.0,22.0,4.0,1.0,4.0,0.0,1.0,0.0,2025-01-02,0,2023,2023-01-01,2024-01-01,1,1,0.0,0.0,1,1,0.0,0.0,1,0
C_1879_1275953.0,1879,1275953.0,control,0,2023-07-05,2023,1.0,Male,Black,1980.0,22.0,4.0,1.0,4.0,0.0,1.0,0.0,2025-01-02,1,2024,2024-01-01,2025-01-01,1,1,0.0,0.0,1,1,0.0,0.0,1,0
C_1880_916939.0,1880,916939.0,control,0,2023-07-10,2023,1.0,Male,Black,2003.0,18.0,3.0,1.0,3.0,0.0,0.0,0.0,2025-01-07,-2,2021,2021-01-01,2022-01-01,0,0,0.0,0.0,0,1,0.0,0.0,1,0
C_1880_916939.0,1880,916939.0,control,0,2023-07-10,2023,1.0,Male,Black,2003.0,18.0,3.0,1.0,3.0,0.0,0.0,0.0,2025-01-07,-1,2022,2022-01-01,2023-01-01,0,0,0.0,0.0,1,1,0.0,0.0,1,0
C_1880_916939.0,1880,916939.0,control,0,2023-07-10,2023,1.0,Male,Black,2003.0,18.0,3.0,1.0,3.0,0.0,0.0,0.0,2025-01-07,0,2023,2023-01-01,2024-01-01,1,1,0.0,0.0,1,1,0.0,0.0,1,0
C_1880_916939.0,1880,916939.0,control,0,2023-07-10,2023,1.0,Male,Black,2003.0,18.0,3.0,1.0,3.0,0.0,0.0,0.0,2025-01-07,1,2024,2024-01-01,2025-01-01,1,1,0.0,0.0,1,1,0.0,0.0,1,0
C_1884_1214343.0,1884,1214343.0,control,0,2023-07-17,2023,1.0,Male,Black,1992.0,23.0,1.0,0.0,1.0,17229.084237150855,1.0,0.0,2025-01-14,-2,2021,2021-01-01,2022-01-01,0,0,0.0,0.0,1,1,0.0,0.0,1,0
C_1884_1214343.0,1884,1214343.0,control,0,2023-07-17,2023,1.0,Male,Black,1992.0,23.0,1.0,0.0,1.0,17229.084237150855,1.0,0.0,2025-01-14,-1,2022,2022-01-01,2023-01-01,0,0,0.0,0.0,1,1,0.0,0.0,1,0
C_1884_1214343.0,1884,1214343.0,control,0,2023-07-17,2023,1.0,Male,Black,1992.0,23.0,1.0,0.0,1.0,17229.084237150855,1.0,0.0,2025-01-14,0,2023,2023-01-01,2024-01-01,1,1,22700.22086802884,1.0,1,1,0.0,0.0,1,0
C_1884_1214343.0,1884,1214343.0,control,0,2023-07-17,2023,1.0,Male,Black,1992.0,23.0,1.0,0.0,1.0,17229.084237150855,1.0,0.0,2025-01-14,1,2024,2024-01-01,2025-01-01,1,1,34472.76541231155,1.0,1,1,0.0,0.0,1,0
C_1888_164393.0,1888,164393.0,control,0,2023-07-17,2023,1.0,Male,Black,1981.0,39.0,1.0,1.0,1.0,0.0,0.0,0.0,2025-01-14,-2,2021,2021-01-01,2022-01-01,0,0,0.0,0.0,0,1,0.0,0.0,1,0
C_1888_164393.0,1888,164393.0,control,0,2023-07-17,2023,1.0,Male,Black,1981.0,39.0,1.0,1.0,1.0,0.0,0.0,0.0,2025-01-14,-1,2022,2022-01-01,2023-01-01,0,0,0.0,0.0,1,1,0.0,0.0,1,0
C_1888_164393.0,1888,164393.0,control,0,2023-07-17,2023,1.0,Male,Black,1981.0,39.0,1.0,1.0,1.0,0.0,0.0,0.0,2025-01-14,0,2023,2023-01-01,2024-01-01,1,1,0.0,0.0,1,1,0.0,0.0,1,0
C_1888_164393.0,1888,164393.0,control,0,2023-07-17,2023,1.0,Male,Black,1981.0,39.0,1.0,1.0,1.0,0.0,0.0,0.0,2025-01-14,1,2024,2024-01-01,2025-01-01,1,1,0.0,0.0,1,1,0.0,0.0,1,0
C_1889_480129.0,1889,480129.0,control,0,2024-05-06,2024,1.0,Male,Black,1995.0,23.0,1.0,1.0,1.0,5774.333104887342,1.0,0.0,2025-11-04,-2,2022,2022-01-01,2023-01-01,0,0,0.0,0.0,1,1,0.0,0.0,1,0
C_1889_480129.0,1889,480129.0,control,0,2024-05-06,2024,1.0,Male,Black,1995.0,23.0,1.0,1.0,1.0,5774.333104887342,1.0,0.0,2025-11-04,-1,2023,2023-01-01,2024-01-01,0,0,0.0,0.0,1,1,0.0,0.0,1,0
C_1889_480129.0,1889,480129.0,control,0,2024-05-06,2024,1.0,Male,Black,1995.0,23.0,1.0,1.0,1.0,5774.333104887342,1.0,0.0,2025-11-04,0,2024,2024-01-01,2025-01-01,1,1,0.0,0.0,1,1,0.0,0.0,1,0
C_1889_480129.0,1889,480129.0,control,0,2024-05-06,2024,1.0,Male,Black,1995.0,23.0,1.0,1.0,1.0,5774.333104887342,1.0,0.0,2025-11-04,1,2025,2025-01-01,2026-01-01,1,1,0.0,0.0,1,1,0.0,0.0,1,0
C_1894_909976.0,1894,909976.0,control,0,2023-07-24,2023,1.0,Male,Black,2001.0,18.0,3.0,1.0,3.0,27115.71851005462,0.0,0.0,2025-01-21,-2,2021,2021-01-01,2022-01-01,0,0,0.0,0.0,1,1,0.0,0.0,1,0
C_1894_909976.0,1894,909976.0,control,0,2023-07-24,2023,1.0,Male,Black,2001.0,18.0,3.0,1.0,3.0,27115.71851005462,0.0,0.0,2025-01-21,-1,2022,2022-01-01,2023-01-01,0,0,0.0,0.0,1,1,0.0,0.0,1,0
C_1894_909976.0,1894,909976.0,control,0,2023-07-24,2023,1.0,Male,Black,2001.0,18.0,3.0,1.0,3.0,27115.71851005462,0.0,0.0,2025-01-21,0,2023,2023-01-01,2024-01-01,1,1,1183.0311597071639,1.0,1,1,0.0,0.0,1,0
C_1894_909976.0,1894,909976.0,control,0,2023-07-24,2023,1.0,Male,Black,2001.0,18.0,3.0,1.0,3.0,27115.71851005462,0.0,0.0,2025-01-21,1,2024,2024-01-01,2025-01-01,1,1,0.0,0.0,1,1,0.0,0.0,1,0
C_1898_914178.0,1898,914178.0,control,0,2023-07-31,2023,1.0,Male,White,1999.0,21.0,1.0,0.0,1.0,31243.193247159397,1.0,0.0,2025-01-28,-2,2021,2021-01-01,2022-01-01,0,0,0.0,0.0,0,1,0.0,0.0,1,0
C_1898_914178.0,1898,914178.0,control,0,2023-07-31,2023,1.0,Male,White,1999.0,21.0,1.0,0.0,1.0,31243.193247159397,1.0,0.0,2025-01-28,-1,2022,2022-01-01,2023-01-01,0,0,0.0,0.0,1,1,0.0,0.0,1,0
C_1898_914178.0,1898,914178.0,control,0,2023-07-31,2023,1.0,Male,White,1999.0,21.0,1.0,0.0,1.0,31243.193247159397,1.0,0.0,2025-01-28,0,2023,2023-01-01,2024-01-01,1,1,25110.39168588058,1.0,1,1,0.0,0.0,1,0
C_1898_914178.0,1898,914178.0,control,0,2023-07-31,2023,1.0,Male,White,1999.0,21.0,1.0,0.0,1.0,31243.193247159397,1.0,0.0,2025-01-28,1,2024,2024-01-01,2025-01-01,1,1,38988.54191977251,1.0,1,1,0.0,0.0,1,0
C_1903_901233.0,1903,901233.0,control,0,2023-07-31,2023,1.0,Male,Black,2000.0,20.0,3.0,1.0,3.0,0.0,0.0,0.0,2025-01-28,-2,2021,2021-01-01,2022-01-01,0,0,0.0,0.0,0,1,0.0,0.0,1,0
C_1903_901233.0,1903,901233.0,control,0,2023-07-31,2023,1.0,Male,Black,2000.0,20.0,3.0,1.0,3.0,0.0,0.0,0.0,2025-01-28,-1,2022,2022-01-01,2023-01-01,0,0,0.0,0.0,1,1,0.0,0.0,1,0
C_1903_901233.0,1903,901233.0,control,0,2023-07-31,2023,1.0,Male,Black,2000.0,20.0,3.0,1.0,3.0,0.0,0.0,0.0,2025-01-28,0,2023,2023-01-01,2024-01-01,1,1,0.0,0.0,1,1,0.0,0.0,1,0
C_1903_901233.0,1903,901233.0,control,0,2023-07-31,2023,1.0,Male,Black,2000.0,20.0,3.0,1.0,3.0,0.0,0.0,0.0,2025-01-28,1,2024,2024-01-01,2025-01-01,1,1,0.0,0.0,1,1,0.0,0.0,1,0
C_1905_916939.0,1905,916939.0,control,0,2024-01-22,2024,1.0,Male,Black,2003.0,18.0,3.0,1.0,3.0,0.0,0.0,0.0,2025-07-22,-2,2022,2022-01-01,2023-01-01,0,0,0.0,0.0,1,1,0.0,0.0,1,0
C_1905_916939.0,1905,916939.0,control,0,2024-01-22,2024,1.0,Male,Black,2003.0,18.0,3.0,1.0,3.0,0.0,0.0,0.0,2025-07-22,-1,2023,2023-01-01,2024-01-01,0,0,0.0,0.0,1,1,0.0,0.0,1,0
C_1905_916939.0,1905,916939.0,control,0,2024-01-22,2024,1.0,Male,Black,2003.0,18.0,3.0,1.0,3.0,0.0,0.0,0.0,2025-07-22,0,2024,2024-01-01,2025-01-01,1,1,0.0,0.0,1,1,0.0,0.0,1,0
C_1905_916939.0,1905,916939.0,control,0,2024-01-22,2024,1.0,Male,Black,2003.0,18.0,3.0,1.0,3.0,0.0,0.0,0.0,2025-07-22,1,2025,2025-01-01,2026-01-01,1,1,0.0,0.0,1,1,0.0,0.0,1,0
C_1910_382452.0,1910,382452.0,control,0,2023-08-14,2023,1.0,Male,Black,1993.0,26.0,1.0,0.0,1.0,0.0,0.0,0.0,2025-02-11,-2,2021,2021-01-01,2022-01-01,0,0,0.0,0.0,1,1,0.0,0.0,1,0
C_1910_382452.0,1910,382452.0,control,0,2023-08-14,2023,1.0,Male,Black,1993.0,26.0,1.0,0.0,1.0,0.0,0.0,0.0,2025-02-11,-1,2022,2022-01-01,2023-01-01,0,0,0.0,0.0,1,1,0.0,0.0,1,0
C_1910_382452.0,1910,382452.0,control,0,2023-08-14,2023,1.0,Male,Black,1993.0,26.0,1.0,0.0,1.0,0.0,0.0,0.0,2025-02-11,0,2023,2023-01-01,2024-01-01,1,1,0.0,0.0,1,1,0.0,0.0,1,0
C_1910_382452.0,1910,382452.0,control,0,2023-08-14,2023,1.0,Male,Black,1993.0,26.0,1.0,0.0,1.0,0.0,0.0,0.0,2025-02-11,1,2024,2024-01-01,2025-01-01,1,1,0.0,0.0,1,1,0.0,0.0,1,0
C_1917_1535421.0,1917,1535421.0,control,0,2023-08-21,2023,1.0,Male,White,1970.0,32.0,3.0,1.0,3.0,0.0,0.0,0.0,2025-02-18,-2,2021,2021-01-01,2022-01-01,0,0,0.0,0.0,1,1,0.0,0.0,1,0
C_1917_1535421.0,1917,1535421.0,control,0,2023-08-21,2023,1.0,Male,White,1970.0,32.0,3.0,1.0,3.0,0.0,0.0,0.0,2025-02-18,-1,2022,2022-01-01,2023-01-01,0,0,0.0,0.0,1,1,0.0,0.0,1,0
C_1917_1535421.0,1917,1535421.0,control,0,2023-08-21,2023,1.0,Male,White,1970.0,32.0,3.0,1.0,3.0,0.0,0.0,0.0,2025-02-18,0,2023,2023-01-01,2024-01-01,1,1,0.0,0.0,1,1,0.0,0.0,1,0
C_1917_1535421.0,1917,1535421.0,control,0,2023-08-21,2023,1.0,Male,White,1970.0,32.0,3.0,1.0,3.0,0.0,0.0,0.0,2025-02-18,1,2024,2024-01-01,2025-01-01,1,1,0.0,0.0,1,1,0.0,0.0,1,0
C_1919_889878.0,1919,889878.0,control,0,2023-08-21,2023,1.0,Male,Black,1999.0,21.0,1.0,0.0,1.0,0.0,0.0,0.0,2025-02-18,-2,2021,2021-01-01,2022-01-01,0,0,0.0,0.0,1,1,0.0,0.0,1,0
C_1919_889878.0,1919,889878.0,control,0,2023-08-21,2023,1.0,Male,Black,1999.0,21.0,1.0,0.0,1.0,0.0,0.0,0.0,2025-02-18,-1,2022,2022-01-01,2023-01-01,0,0,0.0,0.0,1,1,0.0,0.0,1,0
C_1919_889878.0,1919,889878.0,control,0,2023-08-21,2023,1.0,Male,Black,1999.0,21.0,1.0,0.0,1.0,0.0,0.0,0.0,2025-02-18,0,2023,2023-01-01,2024-01-01,1,1,0.0,0.0,1,1,0.0,0.0,1,0
C_1919_889878.0,1919,889878.0,control,0,2023-08-21,2023,1.0,Male,Black,1999.0,21.0,1.0,0.0,1.0,0.0,0.0,0.0,2025-02-18,1,2024,2024-01-01,2025-01-01,1,1,0.0,0.0,1,1,0.0,0.0,1,0
C_1920_1104263.0,1920,1104263.0,control,0,2023-08-21,2023,1.0,Female,Black,1994.0,20.0,2.0,0.0,2.0,0.0,0.0,0.0,2025-02-18,-2,2021,2021-01-01,2022-01-01,0,0,0.0,0.0,1,1,0.0,0.0,1,0
C_1920_1104263.0,1920,1104263.0,control,0,2023-08-21,2023,1.0,Female,Black,1994.0,20.0,2.0,0.0,2.0,0.0,0.0,0.0,2025-02-18,-1,2022,2022-01-01,2023-01-01,0,0,0.0,0.0,1,1,0.0,0.0,1,0
C_1920_1104263.0,1920,1104263.0,control,0,2023-08-21,2023,1.0,Female,Black,1994.0,20.0,2.0,0.0,2.0,0.0,0.0,0.0,2025-02-18,0,2023,2023-01-01,2024-01-01,1,1,0.0,0.0,1,1,0.0,0.0,1,0
C_1920_1104263.0,1920,1104263.0,control,0,2023-08-21,2023,1.0,Female,Black,1994.0,20.0,2.0,0.0,2.0,0.0,0.0,0.0,2025-02-18,1,2024,2024-01-01,2025-01-01,1,1,0.0,0.0,1,1,0.0,0.0,1,0
C_1922_909976.0,1922,909976.0,control,0,2023-08-28,2023,1.0,Male,Black,2001.0,18.0,3.0,1.0,3.0,27115.71851005462,0.0,0.0,2025-02-25,-2,2021,2021-01-01,2022-01-01,0,0,0.0,0.0,1,1,0.0,0.0,1,0
C_1922_909976.0,1922,909976.0,control,0,2023-08-28,2023,1.0,Male,Black,2001.0,18.0,3.0,1.0,3.0,27115.71851005462,0.0,0.0,2025-02-25,-1,2022,2022-01-01,2023-01-01,0,0,0.0,0.0,1,1,0.0,0.0,1,0
C_1922_909976.0,1922,909976.0,control,0,2023-08-28,2023,1.0,Male,Black,2001.0,18.0,3.0,1.0,3.0,27115.71851005462,0.0,0.0,2025-02-25,0,2023,2023-01-01,2024-01-01,1,1,1183.0311597071639,1.0,1,1,0.0,0.0,1,0
C_1922_909976.0,1922,909976.0,control,0,2023-08-28,2023,1.0,Male,Black,2001.0,18.0,3.0,1.0,3.0,27115.71851005462,0.0,0.0,2025-02-25,1,2024,2024-01-01,2025-01-01,1,1,0.0,0.0,1,1,0.0,0.0,1,0
C_1923_933323.0,1923,933323.0,control,0,2023-08-28,2023,1.0,Male,Black,2002.0,19.0,1.0,0.0,1.0,0.0,1.0,0.0,2025-02-25,-2,2021,2021-01-01,2022-01-01,0,0,0.0,0.0,0,1,0.0,0.0,1,0
C_1923_933323.0,1923,933323.0,control,0,2023-08-28,2023,1.0,Male,Black,2002.0,19.0,1.0,0.0,1.0,0.0,1.0,0.0,2025-02-25,-1,2022,2022-01-01,2023-01-01,0,0,0.0,0.0,1,1,0.0,0.0,1,0
C_1923_933323.0,1923,933323.0,control,0,2023-08-28,2023,1.0,Male,Black,2002.0,19.0,1.0,0.0,1.0,0.0,1.0,0.0,2025-02-25,0,2023,2023-01-01,2024-01-01,1,1,1658.5865178356032,1.0,1,1,0.0,0.0,1,0
C_1923_933323.0,1923,933323.0,control,0,2023-08-28,2023,1.0,Male,Black,2002.0,19.0,1.0,0.0,1.0,0.0,1.0,0.0,2025-02-25,1,2024,2024-01-01,2025-01-01,1,1,747.022015035283,1.0,1,1,0.0,0.0,1,0
C_1924_935514.0,1924,935514.0,control,0,2023-09-05,2023,1.0,Male,Black,2004.0,18.0,1.0,0.0,1.0,0.0,0.0,0.0,2025-03-05,-2,2021,2021-01-01,2022-01-01,0,0,0.0,0.0,0,0,0.0,0.0,1,0
C_1924_935514.0,1924,935514.0,control,0,2023-09-05,2023,1.0,Male,Black,2004.0,18.0,1.0,0.0,1.0,0.0,0.0,0.0,2025-03-05,-1,2022,2022-01-01,2023-01-01,0,0,0.0,0.0,0,1,0.0,0.0,1,0
C_1924_935514.0,1924,935514.0,control,0,2023-09-05,2023,1.0,Male,Black,2004.0,18.0,1.0,0.0,1.0,0.0,0.0,0.0,2025-03-05,0,2023,2023-01-01,2024-01-01,1,1,252.6827144569819,1.0,1,1,0.0,0.0,1,0
C_1924_935514.0,1924,935514.0,control,0,2023-09-05,2023,1.0,Male,Black,2004.0,18.0,1.0,0.0,1.0,0.0,0.0,0.0,2025-03-05,1,2024,2024-01-01,2025-01-01,1,1,1571.4462244014449,1.0,1,1,0.0,0.0,1,0
C_1926_933323.0,1926,933323.0,control,0,2023-08-28,2023,1.0,Male,Black,2002.0,19.0,1.0,0.0,1.0,0.0,1.0,0.0,2025-02-25,-2,2021,2021-01-01,2022-01-01,0,0,0.0,0.0,0,1,0.0,0.0,1,0
C_1926_933323.0,1926,933323.0,control,0,2023-08-28,2023,1.0,Male,Black,2002.0,19.0,1.0,0.0,1.0,0.0,1.0,0.0,2025-02-25,-1,2022,2022-01-01,2023-01-01,0,0,0.0,0.0,1,1,0.0,0.0,1,0
C_1926_933323.0,1926,933323.0,control,0,2023-08-28,2023,1.0,Male,Black,2002.0,19.0,1.0,0.0,1.0,0.0,1.0,0.0,2025-02-25,0,2023,2023-01-01,2024-01-01,1,1,1658.5865178356032,1.0,1,1,0.0,0.0,1,0
C_1926_933323.0,1926,933323.0,control,0,2023-08-28,2023,1.0,Male,Black,2002.0,19.0,1.0,0.0,1.0,0.0,1.0,0.0,2025-02-25,1,2024,2024-01-01,2025-01-01,1,1,747.022015035283,1.0,1,1,0.0,0.0,1,0
C_1927_480129.0,1927,480129.0,control,0,2023-08-28,2023,1.0,Male,Black,1995.0,23.0,1.0,1.0,1.0,0.0,1.0,0.0,2025-02-25,-2,2021,2021-01-01,2022-01-01,0,0,0.0,0.0,1,1,0.0,0.0,1,0
C_1927_480129.0,1927,480129.0,control,0,2023-08-28,2023,1.0,Male,Black,1995.0,23.0,1.0,1.0,1.0,0.0,1.0,0.0,2025-02-25,-1,2022,2022-01-01,2023-01-01,0,0,0.0,0.0,1,1,0.0,0.0,1,0
C_1927_480129.0,1927,480129.0,control,0,2023-08-28,2023,1.0,Male,Black,1995.0,23.0,1.0,1.0,1.0,0.0,1.0,0.0,2025-02-25,0,2023,2023-01-01,2024-01-01,1,1,0.0,0.0,1,1,0.0,0.0,1,0
C_1927_480129.0,1927,480129.0,control,0,2023-08-28,2023,1.0,Male,Black,1995.0,23.0,1.0,1.0,1.0,0.0,1.0,0.0,2025-02-25,1,2024,2024-01-01,2025-01-01,1,1,0.0,0.0,1,1,0.0,0.0,1,0
C_1929_486807.0,1929,486807.0,control,0,2023-09-05,2023,1.0,Male,Black,1994.0,25.0,2.0,0.0,2.0,12535.70318778343,0.0,0.0,2025-03-05,-2,2021,2021-01-01,2022-01-01,0,0,0.0,0.0,1,1,0.0,0.0,1,0
C_1929_486807.0,1929,486807.0,control,0,2023-09-05,2023,1.0,Male,Black,1994.0,25.0,2.0,0.0,2.0,12535.70318778343,0.0,0.0,2025-03-05,-1,2022,2022-01-01,2023-01-01,0,0,0.0,0.0,1,1,0.0,0.0,1,0
C_1929_486807.0,1929,486807.0,control,0,2023-09-05,2023,1.0,Male,Black,1994.0,25.0,2.0,0.0,2.0,12535.70318778343,0.0,0.0,2025-03-05,0,2023,2023-01-01,2024-01-01,1,1,0.0,0.0,1,1,0.0,0.0,1,0
C_1929_486807.0,1929,486807.0,control,0,2023-09-05,2023,1.0,Male,Black,1994.0,25.0,2.0,0.0,2.0,12535.70318778343,0.0,0.0,2025-03-05,1,2024,2024-01-01,2025-01-01,1,1,0.0,0.0,1,1,0.0,0.0,1,0
C_1930_916939.0,1930,916939.0,control,0,2023-09-11,2023,1.0,Male,Black,2003.0,18.0,3.0,1.0,3.0,0.0,0.0,0.0,2025-03-11,-2,2021,2021-01-01,2022-01-01,0,0,0.0,0.0,0,1,0.0,0.0,1,0
C_1930_916939.0,1930,916939.0,control,0,2023-09-11,2023,1.0,Male,Black,2003.0,18.0,3.0,1.0,3.0,0.0,0.0,0.0,2025-03-11,-1,2022,2022-01-01,2023-01-01,0,0,0.0,0.0,1,1,0.0,0.0,1,0
C_1930_916939.0,1930,916939.0,control,0,2023-09-11,2023,1.0,Male,Black,2003.0,18.0,3.0,1.0,3.0,0.0,0.0,0.0,2025-03-11,0,2023,2023-01-01,2024-01-01,1,1,0.0,0.0,1,1,0.0,0.0,1,0
C_1930_916939.0,1930,916939.0,control,0,2023-09-11,2023,1.0,Male,Black,2003.0,18.0,3.0,1.0,3.0,0.0,0.0,0.0,2025-03-11,1,2024,2024-01-01,2025-01-01,1,1,0.0,0.0,1,1,0.0,0.0,1,0
C_1940_480129.0,1940,480129.0,control,0,2023-09-25,2023,1.0,Male,Black,1995.0,23.0,1.0,1.0,1.0,0.0,1.0,0.0,2025-03-25,-2,2021,2021-01-01,2022-01-01,0,0,0.0,0.0,1,1,0.0,0.0,1,0
C_1940_480129.0,1940,480129.0,control,0,2023-09-25,2023,1.0,Male,Black,1995.0,23.0,1.0,1.0,1.0,0.0,1.0,0.0,2025-03-25,-1,2022,2022-01-01,2023-01-01,0,0,0.0,0.0,1,1,0.0,0.0,1,0
C_1940_480129.0,1940,480129.0,control,0,2023-09-25,2023,1.0,Male,Black,1995.0,23.0,1.0,1.0,1.0,0.0,1.0,0.0,2025-03-25,0,2023,2023-01-01,2024-01-01,1,1,0.0,0.0,1,1,0.0,0.0,1,0
C_1940_480129.0,1940,480129.0,control,0,2023-09-25,2023,1.0,Male,Black,1995.0,23.0,1.0,1.0,1.0,0.0,1.0,0.0,2025-03-25,1,2024,2024-01-01,2025-01-01,1,1,0.0,0.0,1,1,0.0,0.0,1,0
C_1943_486807.0,1943,486807.0,control,0,2023-09-25,2023,1.0,Male,Black,1994.0,25.0,2.0,0.0,2.0,12535.70318778343,0.0,0.0,2025-03-25,-2,2021,2021-01-01,2022-01-01,0,0,0.0,0.0,1,1,0.0,0.0,1,0
C_1943_486807.0,1943,486807.0,control,0,2023-09-25,2023,1.0,Male,Black,1994.0,25.0,2.0,0.0,2.0,12535.70318778343,0.0,0.0,2025-03-25,-1,2022,2022-01-01,2023-01-01,0,0,0.0,0.0,1,1,0.0,0.0,1,0
C_1943_486807.0,1943,486807.0,control,0,2023-09-25,2023,1.0,Male,Black,1994.0,25.0,2.0,0.0,2.0,12535.70318778343,0.0,0.0,2025-03-25,0,2023,2023-01-01,2024-01-01,1,1,0.0,0.0,1,1,0.0,0.0,1,0
C_1943_486807.0,1943,486807.0,control,0,2023-09-25,2023,1.0,Male,Black,1994.0,25.0,2.0,0.0,2.0,12535.70318778343,0.0,0.0,2025-03-25,1,2024,2024-01-01,2025-01-01,1,1,0.0,0.0,1,1,0.0,0.0,1,0
C_1945_901233.0,1945,901233.0,control,0,2023-10-03,2023,1.0,Male,Black,2000.0,20.0,3.0,1.0,3.0,0.0,0.0,0.0,2025-04-02,-2,2021,2021-01-01,2022-01-01,0,0,0.0,0.0,0,1,0.0,0.0,1,0
C_1945_901233.0,1945,901233.0,control,0,2023-10-03,2023,1.0,Male,Black,2000.0,20.0,3.0,1.0,3.0,0.0,0.0,0.0,2025-04-02,-1,2022,2022-01-01,2023-01-01,0,0,0.0,0.0,1,1,0.0,0.0,1,0
C_1945_901233.0,1945,901233.0,control,0,2023-10-03,2023,1.0,Male,Black,2000.0,20.0,3.0,1.0,3.0,0.0,0.0,0.0,2025-04-02,0,2023,2023-01-01,2024-01-01,1,1,0.0,0.0,1,1,0.0,0.0,1,0
C_1945_901233.0,1945,901233.0,control,0,2023-10-03,2023,1.0,Male,Black,2000.0,20.0,3.0,1.0,3.0,0.0,0.0,0.0,2025-04-02,1,2024,2024-01-01,2025-01-01,1,1,0.0,0.0,1,1,0.0,0.0,1,0
C_1946_911774.0,1946,911774.0,control,0,2023-11-27,2023,1.0,Male,Black,1999.0,21.0,1.0,0.0,1.0,0.0,1.0,0.0,2025-05-27,-2,2021,2021-01-01,2022-01-01,0,0,0.0,0.0,1,1,0.0,0.0,1,0
C_1946_911774.0,1946,911774.0,control,0,2023-11-27,2023,1.0,Male,Black,1999.0,21.0,1.0,0.0,1.0,0.0,1.0,0.0,2025-05-27,-1,2022,2022-01-01,2023-01-01,0,0,0.0,0.0,1,1,0.0,0.0,1,0
C_1946_911774.0,1946,911774.0,control,0,2023-11-27,2023,1.0,Male,Black,1999.0,21.0,1.0,0.0,1.0,0.0,1.0,0.0,2025-05-27,0,2023,2023-01-01,2024-01-01,1,1,943.3871085523527,1.0,1,1,0.0,0.0,1,0
C_1946_911774.0,1946,911774.0,control,0,2023-11-27,2023,1.0,Male,Black,1999.0,21.0,1.0,0.0,1.0,0.0,1.0,0.0,2025-05-27,1,2024,2024-01-01,2025-01-01,1,1,7836.598278558391,1.0,1,1,0.0,0.0,1,0
C_1947_877510.0,1947,877510.0,control,0,2023-10-03,2023,1.0,Female,Black,1998.0,20.0,2.0,0.0,2.0,744.6068275246473,1.0,0.0,2025-04-02,-2,2021,2021-01-01,2022-01-01,0,0,0.0,0.0,1,1,0.0,0.0,1,0
C_1947_877510.0,1947,877510.0,control,0,2023-10-03,2023,1.0,Female,Black,1998.0,20.0,2.0,0.0,2.0,744.6068275246473,1.0,0.0,2025-04-02,-1,2022,2022-01-01,2023-01-01,0,0,0.0,0.0,1,1,0.0,0.0,1,0
C_1947_877510.0,1947,877510.0,control,0,2023-10-03,2023,1.0,Female,Black,1998.0,20.0,2.0,0.0,2.0,744.6068275246473,1.0,0.0,2025-04-02,0,2023,2023-01-01,2024-01-01,1,1,0.0,0.0,1,1,0.0,0.0,1,0
C_1947_877510.0,1947,877510.0,control,0,2023-10-03,2023,1.0,Female,Black,1998.0,20.0,2.0,0.0,2.0,744.6068275246473,1.0,0.0,2025-04-02,1,2024,2024-01-01,2025-01-01,1,1,0.0,0.0,1,1,0.0,0.0,1,0
C_1948_916939.0,1948,916939.0,control,0,2023-10-02,2023,1.0,Male,Black,2003.0,18.0,3.0,1.0,3.0,0.0,0.0,0.0,2025-04-01,-2,2021,2021-01-01,2022-01-01,0,0,0.0,0.0,0,1,0.0,0.0,1,0
C_1948_916939.0,1948,916939.0,control,0,2023-10-02,2023,1.0,Male,Black,2003.0,18.0,3.0,1.0,3.0,0.0,0.0,0.0,2025-04-01,-1,2022,2022-01-01,2023-01-01,0,0,0.0,0.0,1,1,0.0,0.0,1,0
C_1948_916939.0,1948,916939.0,control,0,2023-10-02,2023,1.0,Male,Black,2003.0,18.0,3.0,1.0,3.0,0.0,0.0,0.0,2025-04-01,0,2023,2023-01-01,2024-01-01,1,1,0.0,0.0,1,1,0.0,0.0,1,0
C_1948_916939.0,1948,916939.0,control,0,2023-10-02,2023,1.0,Male,Black,2003.0,18.0,3.0,1.0,3.0,0.0,0.0,0.0,2025-04-01,1,2024,2024-01-01,2025-01-01,1,1,0.0,0.0,1,1,0.0,0.0,1,0
C_1949_861599.0,1949,861599.0,control,0,2023-10-03,2023,1.0,Male,Black,1998.0,20.0,2.0,1.0,2.0,14654.61671651945,1.0,0.0,2025-04-02,-2,2021,2021-01-01,2022-01-01,0,0,0.0,0.0,1,1,0.0,0.0,1,0
C_1949_861599.0,1949,861599.0,control,0,2023-10-03,2023,1.0,Male,Black,1998.0,20.0,2.0,1.0,2.0,14654.61671651945,1.0,0.0,2025-04-02,-1,2022,2022-01-01,2023-01-01,0,0,0.0,0.0,1,1,0.0,0.0,1,0
C_1949_861599.0,1949,861599.0,control,0,2023-10-03,2023,1.0,Male,Black,1998.0,20.0,2.0,1.0,2.0,14654.61671651945,1.0,0.0,2025-04-02,0,2023,2023-01-01,2024-01-01,1,1,18671.24720778755,1.0,1,1,0.0,0.0,1,0
C_1949_861599.0,1949,861599.0,control,0,2023-10-03,2023,1.0,Male,Black,1998.0,20.0,2.0,1.0,2.0,14654.61671651945,1.0,0.0,2025-04-02,1,2024,2024-01-01,2025-01-01,1,1,36823.92464474803,1.0,1,1,0.0,0.0,1,0
C_1956_909976.0,1956,909976.0,control,0,2023-09-01,2023,1.0,Male,Black,2001.0,18.0,3.0,1.0,3.0,27115.71851005462,0.0,0.0,2025-03-01,-2,2021,2021-01-01,2022-01-01,0,0,0.0,0.0,1,1,0.0,0.0,1,0
C_1956_909976.0,1956,909976.0,control,0,2023-09-01,2023,1.0,Male,Black,2001.0,18.0,3.0,1.0,3.0,27115.71851005462,0.0,0.0,2025-03-01,-1,2022,2022-01-01,2023-01-01,0,0,0.0,0.0,1,1,0.0,0.0,1,0
C_1956_909976.0,1956,909976.0,control,0,2023-09-01,2023,1.0,Male,Black,2001.0,18.0,3.0,1.0,3.0,27115.71851005462,0.0,0.0,2025-03-01,0,2023,2023-01-01,2024-01-01,1,1,1183.0311597071639,1.0,1,1,0.0,0.0,1,0
C_1956_909976.0,1956,909976.0,control,0,2023-09-01,2023,1.0,Male,Black,2001.0,18.0,3.0,1.0,3.0,27115.71851005462,0.0,0.0,2025-03-01,1,2024,2024-01-01,2025-01-01,1,1,0.0,0.0,1,1,0.0,0.0,1,0
C_1959_877510.0,1959,877510.0,control,0,2023-10-16,2023,1.0,Female,Black,1998.0,20.0,2.0,0.0,2.0,744.6068275246473,1.0,0.0,2025-04-15,-2,2021,2021-01-01,2022-01-01,0,0,0.0,0.0,1,1,0.0,0.0,1,0
C_1959_877510.0,1959,877510.0,control,0,2023-10-16,2023,1.0,Female,Black,1998.0,20.0,2.0,0.0,2.0,744.6068275246473,1.0,0.0,2025-04-15,-1,2022,2022-01-01,2023-01-01,0,0,0.0,0.0,1,1,0.0,0.0,1,0
C_1959_877510.0,1959,877510.0,control,0,2023-10-16,2023,1.0,Female,Black,1998.0,20.0,2.0,0.0,2.0,744.6068275246473,1.0,0.0,2025-04-15,0,2023,2023-01-01,2024-01-01,1,1,0.0,0.0,1,1,0.0,0.0,1,0
C_1959_877510.0,1959,877510.0,control,0,2023-10-16,2023,1.0,Female,Black,1998.0,20.0,2.0,0.0,2.0,744.6068275246473,1.0,0.0,2025-04-15,1,2024,2024-01-01,2025-01-01,1,1,0.0,0.0,1,1,0.0,0.0,1,0
C_1960_1064548.0,1960,1064548.0,control,0,2023-10-16,2023,1.0,Male,Black,1972.0,36.0,2.0,0.0,2.0,0.0,0.0,0.0,2025-04-15,-2,2021,2021-01-01,2022-01-01,0,0,0.0,0.0,1,1,0.0,0.0,1,0
C_1960_1064548.0,1960,1064548.0,control,0,2023-10-16,2023,1.0,Male,Black,1972.0,36.0,2.0,0.0,2.0,0.0,0.0,0.0,2025-04-15,-1,2022,2022-01-01,2023-01-01,0,0,0.0,0.0,1,1,0.0,0.0,1,0
C_1960_1064548.0,1960,1064548.0,control,0,2023-10-16,2023,1.0,Male,Black,1972.0,36.0,2.0,0.0,2.0,0.0,0.0,0.0,2025-04-15,0,2023,2023-01-01,2024-01-01,1,1,0.0,0.0,1,1,0.0,0.0,1,0
C_1960_1064548.0,1960,1064548.0,control,0,2023-10-16,2023,1.0,Male,Black,1972.0,36.0,2.0,0.0,2.0,0.0,0.0,0.0,2025-04-15,1,2024,2024-01-01,2025-01-01,1,1,0.0,0.0,1,1,0.0,0.0,1,0
C_1966_280743.0,1966,280743.0,control,0,2023-10-30,2023,1.0,Male,Black,1981.0,39.0,1.0,1.0,1.0,0.0,1.0,0.0,2025-04-29,-2,2021,2021-01-01,2022-01-01,0,0,0.0,0.0,1,1,0.0,0.0,1,0
C_1966_280743.0,1966,280743.0,control,0,2023-10-30,2023,1.0,Male,Black,1981.0,39.0,1.0,1.0,1.0,0.0,1.0,0.0,2025-04-29,-1,2022,2022-01-01,2023-01-01,0,0,0.0,0.0,1,1,0.0,0.0,1,0
C_1966_280743.0,1966,280743.0,control,0,2023-10-30,2023,1.0,Male,Black,1981.0,39.0,1.0,1.0,1.0,0.0,1.0,0.0,2025-04-29,0,2023,2023-01-01,2024-01-01,1,1,3352.035045281764,1.0,1,1,0.0,0.0,1,0
C_1966_280743.0,1966,280743.0,control,0,2023-10-30,2023,1.0,Male,Black,1981.0,39.0,1.0,1.0,1.0,0.0,1.0,0.0,2025-04-29,1,2024,2024-01-01,2025-01-01,1,1,18830.751225209562,1.0,1,1,0.0,0.0,1,0
C_1969_916939.0,1969,916939.0,control,0,2024-03-25,2024,1.0,Male,Black,2003.0,18.0,3.0,1.0,3.0,0.0,0.0,0.0,2025-09-23,-2,2022,2022-01-01,2023-01-01,0,0,0.0,0.0,1,1,0.0,0.0,1,0
C_1969_916939.0,1969,916939.0,control,0,2024-03-25,2024,1.0,Male,Black,2003.0,18.0,3.0,1.0,3.0,0.0,0.0,0.0,2025-09-23,-1,2023,2023-01-01,2024-01-01,0,0,0.0,0.0,1,1,0.0,0.0,1,0
C_1969_916939.0,1969,916939.0,control,0,2024-03-25,2024,1.0,Male,Black,2003.0,18.0,3.0,1.0,3.0,0.0,0.0,0.0,2025-09-23,0,2024,2024-01-01,2025-01-01,1,1,0.0,0.0,1,1,0.0,0.0,1,0
C_1969_916939.0,1969,916939.0,control,0,2024-03-25,2024,1.0,Male,Black,2003.0,18.0,3.0,1.0,3.0,0.0,0.0,0.0,2025-09-23,1,2025,2025-01-01,2026-01-01,1,1,0.0,0.0,1,1,0.0,0.0,1,0
C_1973_877510.0,1973,877510.0,control,0,2023-11-06,2023,1.0,Female,Black,1998.0,20.0,2.0,0.0,2.0,744.6068275246473,1.0,0.0,2025-05-06,-2,2021,2021-01-01,2022-01-01,0,0,0.0,0.0,1,1,0.0,0.0,1,0
C_1973_877510.0,1973,877510.0,control,0,2023-11-06,2023,1.0,Female,Black,1998.0,20.0,2.0,0.0,2.0,744.6068275246473,1.0,0.0,2025-05-06,-1,2022,2022-01-01,2023-01-01,0,0,0.0,0.0,1,1,0.0,0.0,1,0
C_1973_877510.0,1973,877510.0,control,0,2023-11-06,2023,1.0,Female,Black,1998.0,20.0,2.0,0.0,2.0,744.6068275246473,1.0,0.0,2025-05-06,0,2023,2023-01-01,2024-01-01,1,1,0.0,0.0,1,1,0.0,0.0,1,0
C_1973_877510.0,1973,877510.0,control,0,2023-11-06,2023,1.0,Female,Black,1998.0,20.0,2.0,0.0,2.0,744.6068275246473,1.0,0.0,2025-05-06,1,2024,2024-01-01,2025-01-01,1,1,0.0,0.0,1,1,0.0,0.0,1,0
C_1977_901233.0,1977,901233.0,control,0,2023-11-13,2023,1.0,Male,Black,2000.0,20.0,3.0,1.0,3.0,0.0,0.0,0.0,2025-05-13,-2,2021,2021-01-01,2022-01-01,0,0,0.0,0.0,0,1,0.0,0.0,1,0
C_1977_901233.0,1977,901233.0,control,0,2023-11-13,2023,1.0,Male,Black,2000.0,20.0,3.0,1.0,3.0,0.0,0.0,0.0,2025-05-13,-1,2022,2022-01-01,2023-01-01,0,0,0.0,0.0,1,1,0.0,0.0,1,0
C_1977_901233.0,1977,901233.0,control,0,2023-11-13,2023,1.0,Male,Black,2000.0,20.0,3.0,1.0,3.0,0.0,0.0,0.0,2025-05-13,0,2023,2023-01-01,2024-01-01,1,1,0.0,0.0,1,1,0.0,0.0,1,0
C_1977_901233.0,1977,901233.0,control,0,2023-11-13,2023,1.0,Male,Black,2000.0,20.0,3.0,1.0,3.0,0.0,0.0,0.0,2025-05-13,1,2024,2024-01-01,2025-01-01,1,1,0.0,0.0,1,1,0.0,0.0,1,0
C_1978_1896124.0,1978,1896124.0,control,0,2023-11-13,2023,1.0,Male,Black,1987.0,20.0,31.0,1.0,31.0,0.0,0.0,0.0,2025-05-13,-2,2021,2021-01-01,2022-01-01,0,0,0.0,0.0,1,1,0.0,0.0,1,0
C_1978_1896124.0,1978,1896124.0,control,0,2023-11-13,2023,1.0,Male,Black,1987.0,20.0,31.0,1.0,31.0,0.0,0.0,0.0,2025-05-13,-1,2022,2022-01-01,2023-01-01,0,0,0.0,0.0,1,1,0.0,0.0,1,0
C_1978_1896124.0,1978,1896124.0,control,0,2023-11-13,2023,1.0,Male,Black,1987.0,20.0,31.0,1.0,31.0,0.0,0.0,0.0,2025-05-13,0,2023,2023-01-01,2024-01-01,1,1,0.0,0.0,1,1,0.0,0.0,1,0
C_1978_1896124.0,1978,1896124.0,control,0,2023-11-13,2023,1.0,Male,Black,1987.0,20.0,31.0,1.0,31.0,0.0,0.0,0.0,2025-05-13,1,2024,2024-01-01,2025-01-01,1,1,0.0,0.0,1,1,0.0,0.0,1,0
C_1979_480129.0,1979,480129.0,control,0,2023-11-20,2023,1.0,Male,Black,1995.0,23.0,1.0,1.0,1.0,0.0,1.0,0.0,2025-05-20,-2,2021,2021-01-01,2022-01-01,0,0,0.0,0.0,1,1,0.0,0.0,1,0
C_1979_480129.0,1979,480129.0,control,0,2023-11-20,2023,1.0,Male,Black,1995.0,23.0,1.0,1.0,1.0,0.0,1.0,0.0,2025-05-20,-1,2022,2022-01-01,2023-01-01,0,0,0.0,0.0,1,1,0.0,0.0,1,0
C_1979_480129.0,1979,480129.0,control,0,2023-11-20,2023,1.0,Male,Black,1995.0,23.0,1.0,1.0,1.0,0.0,1.0,0.0,2025-05-20,0,2023,2023-01-01,2024-01-01,1,1,0.0,0.0,1,1,0.0,0.0,1,0
C_1979_480129.0,1979,480129.0,control,0,2023-11-20,2023,1.0,Male,Black,1995.0,23.0,1.0,1.0,1.0,0.0,1.0,0.0,2025-05-20,1,2024,2024-01-01,2025-01-01,1,1,0.0,0.0,1,1,0.0,0.0,1,0
C_1982_1535524.0,1982,1535524.0,control,0,2023-11-13,2023,1.0,Female,Black,1981.0,20.0,1.0,0.0,1.0,15746.939805699147,1.0,0.0,2025-05-13,-2,2021,2021-01-01,2022-01-01,0,0,0.0,0.0,1,1,0.0,0.0,1,0
C_1982_1535524.0,1982,1535524.0,control,0,2023-11-13,2023,1.0,Female,Black,1981.0,20.0,1.0,0.0,1.0,15746.939805699147,1.0,0.0,2025-05-13,-1,2022,2022-01-01,2023-01-01,0,0,0.0,0.0,1,1,0.0,0.0,1,0
C_1982_1535524.0,1982,1535524.0,control,0,2023-11-13,2023,1.0,Female,Black,1981.0,20.0,1.0,0.0,1.0,15746.939805699147,1.0,0.0,2025-05-13,0,2023,2023-01-01,2024-01-01,1,1,9004.962724860306,1.0,1,1,0.0,0.0,1,0
C_1982_1535524.0,1982,1535524.0,control,0,2023-11-13,2023,1.0,Female,Black,1981.0,20.0,1.0,0.0,1.0,15746.939805699147,1.0,0.0,2025-05-13,1,2024,2024-01-01,2025-01-01,1,1,30635.595131360315,1.0,1,1,0.0,0.0,1,0
C_1987_932909.0,1987,932909.0,control,0,2023-11-20,2023,1.0,Male,Black,2005.0,16.0,1.0,1.0,1.0,0.0,0.0,0.0,2025-05-20,-2,2021,2021-01-01,2022-01-01,0,0,0.0,0.0,0,1,0.0,0.0,1,0
C_1987_932909.0,1987,932909.0,control,0,2023-11-20,2023,1.0,Male,Black,2005.0,16.0,1.0,1.0,1.0,0.0,0.0,0.0,2025-05-20,-1,2022,2022-01-01,2023-01-01,0,0,0.0,0.0,1,1,0.0,0.0,1,0
C_1987_932909.0,1987,932909.0,control,0,2023-11-20,2023,1.0,Male,Black,2005.0,16.0,1.0,1.0,1.0,0.0,0.0,0.0,2025-05-20,0,2023,2023-01-01,2024-01-01,1,1,0.0,0.0,1,1,0.0,0.0,1,0
C_1987_932909.0,1987,932909.0,control,0,2023-11-20,2023,1.0,Male,Black,2005.0,16.0,1.0,1.0,1.0,0.0,0.0,0.0,2025-05-20,1,2024,2024-01-01,2025-01-01,1,1,0.0,0.0,1,1,0.0,0.0,1,0
C_1988_382452.0,1988,382452.0,control,0,2023-11-20,2023,1.0,Male,Black,1993.0,26.0,1.0,0.0,1.0,0.0,0.0,0.0,2025-05-20,-2,2021,2021-01-01,2022-01-01,0,0,0.0,0.0,1,1,0.0,0.0,1,0
C_1988_382452.0,1988,382452.0,control,0,2023-11-20,2023,1.0,Male,Black,1993.0,26.0,1.0,0.0,1.0,0.0,0.0,0.0,2025-05-20,-1,2022,2022-01-01,2023-01-01,0,0,0.0,0.0,1,1,0.0,0.0,1,0
C_1988_382452.0,1988,382452.0,control,0,2023-11-20,2023,1.0,Male,Black,1993.0,26.0,1.0,0.0,1.0,0.0,0.0,0.0,2025-05-20,0,2023,2023-01-01,2024-01-01,1,1,0.0,0.0,1,1,0.0,0.0,1,0
C_1988_382452.0,1988,382452.0,control,0,2023-11-20,2023,1.0,Male,Black,1993.0,26.0,1.0,0.0,1.0,0.0,0.0,0.0,2025-05-20,1,2024,2024-01-01,2025-01-01,1,1,0.0,0.0,1,1,0.0,0.0,1,0
C_1990_486807.0,1990,486807.0,control,0,2023-12-04,2023,1.0,Male,Black,1994.0,25.0,2.0,0.0,2.0,12535.70318778343,0.0,0.0,2025-06-03,-2,2021,2021-01-01,2022-01-01,0,0,0.0,0.0,1,1,0.0,0.0,1,0
C_1990_486807.0,1990,486807.0,control,0,2023-12-04,2023,1.0,Male,Black,1994.0,25.0,2.0,0.0,2.0,12535.70318778343,0.0,0.0,2025-06-03,-1,2022,2022-01-01,2023-01-01,0,0,0.0,0.0,1,1,0.0,0.0,1,0
C_1990_486807.0,1990,486807.0,control,0,2023-12-04,2023,1.0,Male,Black,1994.0,25.0,2.0,0.0,2.0,12535.70318778343,0.0,0.0,2025-06-03,0,2023,2023-01-01,2024-01-01,1,1,0.0,0.0,1,1,0.0,0.0,1,0
C_1990_486807.0,1990,486807.0,control,0,2023-12-04,2023,1.0,Male,Black,1994.0,25.0,2.0,0.0,2.0,12535.70318778343,0.0,0.0,2025-06-03,1,2024,2024-01-01,2025-01-01,1,1,0.0,0.0,1,1,0.0,0.0,1,0
C_1991_935514.0,1991,935514.0,control,0,2023-12-04,2023,1.0,Male,Black,2004.0,18.0,1.0,0.0,1.0,0.0,1.0,0.0,2025-06-03,-2,2021,2021-01-01,2022-01-01,0,0,0.0,0.0,0,0,0.0,0.0,1,0
C_1991_935514.0,1991,935514.0,control,0,2023-12-04,2023,1.0,Male,Black,2004.0,18.0,1.0,0.0,1.0,0.0,1.0,0.0,2025-06-03,-1,2022,2022-01-01,2023-01-01,0,0,0.0,0.0,0,1,0.0,0.0,1,0
C_1991_935514.0,1991,935514.0,control,0,2023-12-04,2023,1.0,Male,Black,2004.0,18.0,1.0,0.0,1.0,0.0,1.0,0.0,2025-06-03,0,2023,2023-01-01,2024-01-01,1,1,0.0,0.0,1,1,0.0,0.0,1,0
C_1991_935514.0,1991,935514.0,control,0,2023-12-04,2023,1.0,Male,Black,2004.0,18.0,1.0,0.0,1.0,0.0,1.0,0.0,2025-06-03,1,2024,2024-01-01,2025-01-01,1,1,1571.4462244014449,1.0,1,1,0.0,0.0,1,0
C_1992_1118800.0,1992,1118800.0,control,0,2023-12-04,2023,1.0,Female,Black,1978.0,21.0,3.0,1.0,3.0,34049.22613586724,1.0,0.0,2025-06-03,-2,2021,2021-01-01,2022-01-01,0,0,0.0,0.0,1,1,0.0,0.0,1,0
C_1992_1118800.0,1992,1118800.0,control,0,2023-12-04,2023,1.0,Female,Black,1978.0,21.0,3.0,1.0,3.0,34049.22613586724,1.0,0.0,2025-06-03,-1,2022,2022-01-01,2023-01-01,0,0,0.0,0.0,1,1,0.0,0.0,1,0
C_1992_1118800.0,1992,1118800.0,control,0,2023-12-04,2023,1.0,Female,Black,1978.0,21.0,3.0,1.0,3.0,34049.22613586724,1.0,0.0,2025-06-03,0,2023,2023-01-01,2024-01-01,1,1,20980.591238353554,1.0,1,1,0.0,0.0,1,0
C_1992_1118800.0,1992,1118800.0,control,0,2023-12-04,2023,1.0,Female,Black,1978.0,21.0,3.0,1.0,3.0,34049.22613586724,1.0,0.0,2025-06-03,1,2024,2024-01-01,2025-01-01,1,1,47541.87458290651,1.0,1,1,0.0,0.0,1,0
C_1997_926943.0,1997,926943.0,control,0,2024-04-15,2024,1.0,Female,Black,2002.0,19.0,4.0,0.0,4.0,0.0,0.0,0.0,2025-10-14,-2,2022,2022-01-01,2023-01-01,0,0,0.0,0.0,1,1,0.0,0.0,1,0
C_1997_926943.0,1997,926943.0,control,0,2024-04-15,2024,1.0,Female,Black,2002.0,19.0,4.0,0.0,4.0,0.0,0.0,0.0,2025-10-14,-1,2023,2023-01-01,2024-01-01,0,0,0.0,0.0,1,1,0.0,0.0,1,0
C_1997_926943.0,1997,926943.0,control,0,2024-04-15,2024,1.0,Female,Black,2002.0,19.0,4.0,0.0,4.0,0.0,0.0,0.0,2025-10-14,0,2024,2024-01-01,2025-01-01,1,1,0.0,0.0,1,1,0.0,0.0,1,0
C_1997_926943.0,1997,926943.0,control,0,2024-04-15,2024,1.0,Female,Black,2002.0,19.0,4.0,0.0,4.0,0.0,0.0,0.0,2025-10-14,1,2025,2025-01-01,2026-01-01,1,1,0.0,0.0,1,1,0.0,0.0,1,0
C_1998_901233.0,1998,901233.0,control,0,2023-12-11,2023,1.0,Male,Black,2000.0,20.0,3.0,1.0,3.0,0.0,0.0,0.0,2025-06-10,-2,2021,2021-01-01,2022-01-01,0,0,0.0,0.0,0,1,0.0,0.0,1,0
C_1998_901233.0,1998,901233.0,control,0,2023-12-11,2023,1.0,Male,Black,2000.0,20.0,3.0,1.0,3.0,0.0,0.0,0.0,2025-06-10,-1,2022,2022-01-01,2023-01-01,0,0,0.0,0.0,1,1,0.0,0.0,1,0
C_1998_901233.0,1998,901233.0,control,0,2023-12-11,2023,1.0,Male,Black,2000.0,20.0,3.0,1.0,3.0,0.0,0.0,0.0,2025-06-10,0,2023,2023-01-01,2024-01-01,1,1,0.0,0.0,1,1,0.0,0.0,1,0
C_1998_901233.0,1998,901233.0,control,0,2023-12-11,2023,1.0,Male,Black,2000.0,20.0,3.0,1.0,3.0,0.0,0.0,0.0,2025-06-10,1,2024,2024-01-01,2025-01-01,1,1,0.0,0.0,1,1,0.0,0.0,1,0
C_1999_901233.0,1999,901233.0,control,0,2023-12-11,2023,1.0,Male,Black,2000.0,20.0,3.0,1.0,3.0,0.0,0.0,0.0,2025-06-10,-2,2021,2021-01-01,2022-01-01,0,0,0.0,0.0,0,1,0.0,0.0,1,0
C_1999_901233.0,1999,901233.0,control,0,2023-12-11,2023,1.0,Male,Black,2000.0,20.0,3.0,1.0,3.0,0.0,0.0,0.0,2025-06-10,-1,2022,2022-01-01,2023-01-01,0,0,0.0,0.0,1,1,0.0,0.0,1,0
C_1999_901233.0,1999,901233.0,control,0,2023-12-11,2023,1.0,Male,Black,2000.0,20.0,3.0,1.0,3.0,0.0,0.0,0.0,2025-06-10,0,2023,2023-01-01,2024-01-01,1,1,0.0,0.0,1,1,0.0,0.0,1,0
C_1999_901233.0,1999,901233.0,control,0,2023-12-11,2023,1.0,Male,Black,2000.0,20.0,3.0,1.0,3.0,0.0,0.0,0.0,2025-06-10,1,2024,2024-01-01,2025-01-01,1,1,0.0,0.0,1,1,0.0,0.0,1,0
C_2002_909976.0,2002,909976.0,control,0,2023-12-11,2023,1.0,Male,Black,2001.0,18.0,3.0,1.0,3.0,22792.005776286256,1.0,0.0,2025-06-10,-2,2021,2021-01-01,2022-01-01,0,0,0.0,0.0,1,1,0.0,0.0,1,0
C_2002_909976.0,2002,909976.0,control,0,2023-12-11,2023,1.0,Male,Black,2001.0,18.0,3.0,1.0,3.0,22792.005776286256,1.0,0.0,2025-06-10,-1,2022,2022-01-01,2023-01-01,0,0,0.0,0.0,1,1,0.0,0.0,1,0
C_2002_909976.0,2002,909976.0,control,0,2023-12-11,2023,1.0,Male,Black,2001.0,18.0,3.0,1.0,3.0,22792.005776286256,1.0,0.0,2025-06-10,0,2023,2023-01-01,2024-01-01,1,1,824.0111362495354,1.0,1,1,0.0,0.0,1,0
C_2002_909976.0,2002,909976.0,control,0,2023-12-11,2023,1.0,Male,Black,2001.0,18.0,3.0,1.0,3.0,22792.005776286256,1.0,0.0,2025-06-10,1,2024,2024-01-01,2025-01-01,1,1,0.0,0.0,1,1,0.0,0.0,1,0
C_2012_382452.0,2012,382452.0,control,0,2024-01-03,2024,1.0,Male,Black,1993.0,26.0,1.0,0.0,1.0,0.0,0.0,0.0,2025-07-03,-2,2022,2022-01-01,2023-01-01,0,0,0.0,0.0,1,1,0.0,0.0,1,0
C_2012_382452.0,2012,382452.0,control,0,2024-01-03,2024,1.0,Male,Black,1993.0,26.0,1.0,0.0,1.0,0.0,0.0,0.0,2025-07-03,-1,2023,2023-01-01,2024-01-01,0,0,0.0,0.0,1,1,0.0,0.0,1,0
C_2012_382452.0,2012,382452.0,control,0,2024-01-03,2024,1.0,Male,Black,1993.0,26.0,1.0,0.0,1.0,0.0,0.0,0.0,2025-07-03,0,2024,2024-01-01,2025-01-01,1,1,0.0,0.0,1,1,0.0,0.0,1,0
C_2012_382452.0,2012,382452.0,control,0,2024-01-03,2024,1.0,Male,Black,1993.0,26.0,1.0,0.0,1.0,0.0,0.0,0.0,2025-07-03,1,2025,2025-01-01,2026-01-01,1,1,0.0,0.0,1,1,0.0,0.0,1,0
C_2019_466337.0,2019,466337.0,control,0,2024-01-08,2024,1.0,Male,White,1991.0,27.0,2.0,0.0,2.0,0.0,0.0,0.0,2025-07-08,-2,2022,2022-01-01,2023-01-01,0,0,0.0,0.0,1,1,0.0,0.0,1,0
C_2019_466337.0,2019,466337.0,control,0,2024-01-08,2024,1.0,Male,White,1991.0,27.0,2.0,0.0,2.0,0.0,0.0,0.0,2025-07-08,-1,2023,2023-01-01,2024-01-01,0,0,0.0,0.0,1,1,0.0,0.0,1,0
C_2019_466337.0,2019,466337.0,control,0,2024-01-08,2024,1.0,Male,White,1991.0,27.0,2.0,0.0,2.0,0.0,0.0,0.0,2025-07-08,0,2024,2024-01-01,2025-01-01,1,1,0.0,0.0,1,1,0.0,0.0,1,0
C_2019_466337.0,2019,466337.0,control,0,2024-01-08,2024,1.0,Male,White,1991.0,27.0,2.0,0.0,2.0,0.0,0.0,0.0,2025-07-08,1,2025,2025-01-01,2026-01-01,1,1,0.0,0.0,1,1,0.0,0.0,1,0
C_2024_906410.0,2024,906410.0,control,0,2024-01-16,2024,1.0,Male,Black,1975.0,43.0,3.0,0.0,3.0,41752.71576318319,1.0,0.0,2025-07-16,-2,2022,2022-01-01,2023-01-01,0,0,0.0,0.0,1,1,0.0,0.0,1,0
C_2024_906410.0,2024,906410.0,control,0,2024-01-16,2024,1.0,Male,Black,1975.0,43.0,3.0,0.0,3.0,41752.71576318319,1.0,0.0,2025-07-16,-1,2023,2023-01-01,2024-01-01,0,0,0.0,0.0,1,1,0.0,0.0,1,0
C_2024_906410.0,2024,906410.0,control,0,2024-01-16,2024,1.0,Male,Black,1975.0,43.0,3.0,0.0,3.0,41752.71576318319,1.0,0.0,2025-07-16,0,2024,2024-01-01,2025-01-01,1,1,26342.844728746943,1.0,1,1,0.0,0.0,1,0
C_2024_906410.0,2024,906410.0,control,0,2024-01-16,2024,1.0,Male,Black,1975.0,43.0,3.0,0.0,3.0,41752.71576318319,1.0,0.0,2025-07-16,1,2025,2025-01-01,2026-01-01,1,1,0.0,0.0,1,1,0.0,0.0,1,0
C_2025_935514.0,2025,935514.0,control,0,2024-01-16,2024,1.0,Male,Black,2004.0,18.0,1.0,0.0,1.0,0.0,1.0,0.0,2025-07-16,-2,2022,2022-01-01,2023-01-01,0,0,0.0,0.0,0,1,0.0,0.0,1,0
C_2025_935514.0,2025,935514.0,control,0,2024-01-16,2024,1.0,Male,Black,2004.0,18.0,1.0,0.0,1.0,0.0,1.0,0.0,2025-07-16,-1,2023,2023-01-01,2024-01-01,0,0,0.0,0.0,1,1,0.0,0.0,1,0
C_2025_935514.0,2025,935514.0,control,0,2024-01-16,2024,1.0,Male,Black,2004.0,18.0,1.0,0.0,1.0,0.0,1.0,0.0,2025-07-16,0,2024,2024-01-01,2025-01-01,1,1,1571.4462244014449,1.0,1,1,0.0,0.0,1,0
C_2025_935514.0,2025,935514.0,control,0,2024-01-16,2024,1.0,Male,Black,2004.0,18.0,1.0,0.0,1.0,0.0,1.0,0.0,2025-07-16,1,2025,2025-01-01,2026-01-01,1,1,0.0,0.0,1,1,0.0,0.0,1,0
C_2028_486807.0,2028,486807.0,control,0,2024-01-16,2024,1.0,Male,Black,1994.0,25.0,2.0,0.0,2.0,9917.021607306964,0.0,0.0,2025-07-16,-2,2022,2022-01-01,2023-01-01,0,0,0.0,0.0,1,1,0.0,0.0,1,0
C_2028_486807.0,2028,486807.0,control,0,2024-01-16,2024,1.0,Male,Black,1994.0,25.0,2.0,0.0,2.0,9917.021607306964,0.0,0.0,2025-07-16,-1,2023,2023-01-01,2024-01-01,0,0,0.0,0.0,1,1,0.0,0.0,1,0
C_2028_486807.0,2028,486807.0,control,0,2024-01-16,2024,1.0,Male,Black,1994.0,25.0,2.0,0.0,2.0,9917.021607306964,0.0,0.0,2025-07-16,0,2024,2024-01-01,2025-01-01,1,1,0.0,0.0,1,1,0.0,0.0,1,0
C_2028_486807.0,2028,486807.0,control,0,2024-01-16,2024,1.0,Male,Black,1994.0,25.0,2.0,0.0,2.0,9917.021607306964,0.0,0.0,2025-07-16,1,2025,2025-01-01,2026-01-01,1,1,0.0,0.0,1,1,0.0,0.0,1,0
C_2030_932909.0,2030,932909.0,control,0,2024-01-22,2024,1.0,Male,Black,2005.0,16.0,1.0,1.0,1.0,0.0,0.0,0.0,2025-07-22,-2,2022,2022-01-01,2023-01-01,0,0,0.0,0.0,1,1,0.0,0.0,1,0
C_2030_932909.0,2030,932909.0,control,0,2024-01-22,2024,1.0,Male,Black,2005.0,16.0,1.0,1.0,1.0,0.0,0.0,0.0,2025-07-22,-1,2023,2023-01-01,2024-01-01,0,0,0.0,0.0,1,1,0.0,0.0,1,0
C_2030_932909.0,2030,932909.0,control,0,2024-01-22,2024,1.0,Male,Black,2005.0,16.0,1.0,1.0,1.0,0.0,0.0,0.0,2025-07-22,0,2024,2024-01-01,2025-01-01,1,1,0.0,0.0,1,1,0.0,0.0,1,0
C_2030_932909.0,2030,932909.0,control,0,2024-01-22,2024,1.0,Male,Black,2005.0,16.0,1.0,1.0,1.0,0.0,0.0,0.0,2025-07-22,1,2025,2025-01-01,2026-01-01,1,1,0.0,0.0,1,1,0.0,0.0,1,0
C_2033_935514.0,2033,935514.0,control,0,2024-01-29,2024,1.0,Male,Black,2004.0,18.0,1.0,0.0,1.0,0.0,1.0,0.0,2025-07-29,-2,2022,2022-01-01,2023-01-01,0,0,0.0,0.0,0,1,0.0,0.0,1,0
C_2033_935514.0,2033,935514.0,control,0,2024-01-29,2024,1.0,Male,Black,2004.0,18.0,1.0,0.0,1.0,0.0,1.0,0.0,2025-07-29,-1,2023,2023-01-01,2024-01-01,0,0,0.0,0.0,1,1,0.0,0.0,1,0
C_2033_935514.0,2033,935514.0,control,0,2024-01-29,2024,1.0,Male,Black,2004.0,18.0,1.0,0.0,1.0,0.0,1.0,0.0,2025-07-29,0,2024,2024-01-01,2025-01-01,1,1,1571.4462244014449,1.0,1,1,0.0,0.0,1,0
C_2033_935514.0,2033,935514.0,control,0,2024-01-29,2024,1.0,Male,Black,2004.0,18.0,1.0,0.0,1.0,0.0,1.0,0.0,2025-07-29,1,2025,2025-01-01,2026-01-01,1,1,0.0,0.0,1,1,0.0,0.0,1,0
C_2041_1033969.0,2041,1033969.0,control,0,2024-02-12,2024,1.0,Male,Black,1997.0,19.0,4.0,1.0,4.0,39834.3462526505,1.0,0.0,2025-08-12,-2,2022,2022-01-01,2023-01-01,0,0,0.0,0.0,1,1,0.0,0.0,1,0
C_2041_1033969.0,2041,1033969.0,control,0,2024-02-12,2024,1.0,Male,Black,1997.0,19.0,4.0,1.0,4.0,39834.3462526505,1.0,0.0,2025-08-12,-1,2023,2023-01-01,2024-01-01,0,0,0.0,0.0,1,1,0.0,0.0,1,0
C_2041_1033969.0,2041,1033969.0,control,0,2024-02-12,2024,1.0,Male,Black,1997.0,19.0,4.0,1.0,4.0,39834.3462526505,1.0,0.0,2025-08-12,0,2024,2024-01-01,2025-01-01,1,1,14777.733979719836,1.0,1,1,0.0,0.0,1,0
C_2041_1033969.0,2041,1033969.0,control,0,2024-02-12,2024,1.0,Male,Black,1997.0,19.0,4.0,1.0,4.0,39834.3462526505,1.0,0.0,2025-08-12,1,2025,2025-01-01,2026-01-01,1,1,0.0,0.0,1,1,0.0,0.0,1,0
C_2043_466337.0,2043,466337.0,control,0,2024-02-05,2024,1.0,Male,White,1991.0,27.0,2.0,0.0,2.0,0.0,0.0,0.0,2025-08-05,-2,2022,2022-01-01,2023-01-01,0,0,0.0,0.0,1,1,0.0,0.0,1,0
C_2043_466337.0,2043,466337.0,control,0,2024-02-05,2024,1.0,Male,White,1991.0,27.0,2.0,0.0,2.0,0.0,0.0,0.0,2025-08-05,-1,2023,2023-01-01,2024-01-01,0,0,0.0,0.0,1,1,0.0,0.0,1,0
C_2043_466337.0,2043,466337.0,control,0,2024-02-05,2024,1.0,Male,White,1991.0,27.0,2.0,0.0,2.0,0.0,0.0,0.0,2025-08-05,0,2024,2024-01-01,2025-01-01,1,1,0.0,0.0,1,1,0.0,0.0,1,0
C_2043_466337.0,2043,466337.0,control,0,2024-02-05,2024,1.0,Male,White,1991.0,27.0,2.0,0.0,2.0,0.0,0.0,0.0,2025-08-05,1,2025,2025-01-01,2026-01-01,1,1,0.0,0.0,1,1,0.0,0.0,1,0
C_2044_935514.0,2044,935514.0,control,0,2024-02-19,2024,1.0,Male,Black,2004.0,18.0,1.0,0.0,1.0,0.0,1.0,0.0,2025-08-19,-2,2022,2022-01-01,2023-01-01,0,0,0.0,0.0,0,1,0.0,0.0,1,0
C_2044_935514.0,2044,935514.0,control,0,2024-02-19,2024,1.0,Male,Black,2004.0,18.0,1.0,0.0,1.0,0.0,1.0,0.0,2025-08-19,-1,2023,2023-01-01,2024-01-01,0,0,0.0,0.0,1,1,0.0,0.0,1,0
C_2044_935514.0,2044,935514.0,control,0,2024-02-19,2024,1.0,Male,Black,2004.0,18.0,1.0,0.0,1.0,0.0,1.0,0.0,2025-08-19,0,2024,2024-01-01,2025-01-01,1,1,1571.4462244014449,1.0,1,1,0.0,0.0,1,0
C_2044_935514.0,2044,935514.0,control,0,2024-02-19,2024,1.0,Male,Black,2004.0,18.0,1.0,0.0,1.0,0.0,1.0,0.0,2025-08-19,1,2025,2025-01-01,2026-01-01,1,1,0.0,0.0,1,1,0.0,0.0,1,0
C_2045_913962.0,2045,913962.0,control,0,2024-02-05,2024,1.0,Female,Black,1996.0,22.0,4.0,0.0,4.0,7627.428883099271,1.0,0.0,2025-08-05,-2,2022,2022-01-01,2023-01-01,0,0,0.0,0.0,1,1,0.0,0.0,1,0
C_2045_913962.0,2045,913962.0,control,0,2024-02-05,2024,1.0,Female,Black,1996.0,22.0,4.0,0.0,4.0,7627.428883099271,1.0,0.0,2025-08-05,-1,2023,2023-01-01,2024-01-01,0,0,0.0,0.0,1,1,0.0,0.0,1,0
C_2045_913962.0,2045,913962.0,control,0,2024-02-05,2024,1.0,Female,Black,1996.0,22.0,4.0,0.0,4.0,7627.428883099271,1.0,0.0,2025-08-05,0,2024,2024-01-01,2025-01-01,1,1,3162.2315143503492,1.0,1,1,0.0,0.0,1,0
C_2045_913962.0,2045,913962.0,control,0,2024-02-05,2024,1.0,Female,Black,1996.0,22.0,4.0,0.0,4.0,7627.428883099271,1.0,0.0,2025-08-05,1,2025,2025-01-01,2026-01-01,1,1,0.0,0.0,1,1,0.0,0.0,1,0
C_2048_1696994.0,2048,1696994.0,control,0,2024-08-19,2024,1.0,Male,Black,1988.0,22.0,4.0,1.0,4.0,11694.286714438223,0.0,0.0,2026-02-17,-2,2022,2022-01-01,2023-01-01,0,0,0.0,0.0,1,1,0.0,0.0,1,0
C_2048_1696994.0,2048,1696994.0,control,0,2024-08-19,2024,1.0,Male,Black,1988.0,22.0,4.0,1.0,4.0,11694.286714438223,0.0,0.0,2026-02-17,-1,2023,2023-01-01,2024-01-01,0,0,0.0,0.0,1,1,0.0,0.0,1,0
C_2048_1696994.0,2048,1696994.0,control,0,2024-08-19,2024,1.0,Male,Black,1988.0,22.0,4.0,1.0,4.0,11694.286714438223,0.0,0.0,2026-02-17,0,2024,2024-01-01,2025-01-01,1,1,0.0,0.0,1,1,0.0,0.0,1,0
C_2048_1696994.0,2048,1696994.0,control,0,2024-08-19,2024,1.0,Male,Black,1988.0,22.0,4.0,1.0,4.0,11694.286714438223,0.0,0.0,2026-02-17,1,2025,2025-01-01,2026-01-01,1,1,0.0,0.0,1,1,0.0,0.0,1,0
C_2049_382452.0,2049,382452.0,control,0,2024-02-19,2024,1.0,Male,Black,1993.0,26.0,1.0,0.0,1.0,0.0,0.0,0.0,2025-08-19,-2,2022,2022-01-01,2023-01-01,0,0,0.0,0.0,1,1,0.0,0.0,1,0
C_2049_382452.0,2049,382452.0,control,0,2024-02-19,2024,1.0,Male,Black,1993.0,26.0,1.0,0.0,1.0,0.0,0.0,0.0,2025-08-19,-1,2023,2023-01-01,2024-01-01,0,0,0.0,0.0,1,1,0.0,0.0,1,0
C_2049_382452.0,2049,382452.0,control,0,2024-02-19,2024,1.0,Male,Black,1993.0,26.0,1.0,0.0,1.0,0.0,0.0,0.0,2025-08-19,0,2024,2024-01-01,2025-01-01,1,1,0.0,0.0,1,1,0.0,0.0,1,0
C_2049_382452.0,2049,382452.0,control,0,2024-02-19,2024,1.0,Male,Black,1993.0,26.0,1.0,0.0,1.0,0.0,0.0,0.0,2025-08-19,1,2025,2025-01-01,2026-01-01,1,1,0.0,0.0,1,1,0.0,0.0,1,0
C_2053_317341.0,2053,317341.0,control,0,2024-02-19,2024,1.0,Female,Black,1985.0,32.0,3.0,0.0,3.0,0.0,0.0,0.0,2025-08-19,-2,2022,2022-01-01,2023-01-01,0,0,0.0,0.0,1,1,0.0,0.0,1,0
C_2053_317341.0,2053,317341.0,control,0,2024-02-19,2024,1.0,Female,Black,1985.0,32.0,3.0,0.0,3.0,0.0,0.0,0.0,2025-08-19,-1,2023,2023-01-01,2024-01-01,0,0,0.0,0.0,1,1,0.0,0.0,1,0
C_2053_317341.0,2053,317341.0,control,0,2024-02-19,2024,1.0,Female,Black,1985.0,32.0,3.0,0.0,3.0,0.0,0.0,0.0,2025-08-19,0,2024,2024-01-01,2025-01-01,1,1,0.0,0.0,1,1,0.0,0.0,1,0
C_2053_317341.0,2053,317341.0,control,0,2024-02-19,2024,1.0,Female,Black,1985.0,32.0,3.0,0.0,3.0,0.0,0.0,0.0,2025-08-19,1,2025,2025-01-01,2026-01-01,1,1,0.0,0.0,1,1,0.0,0.0,1,0
C_2056_861599.0,2056,861599.0,control,0,2024-02-19,2024,1.0,Male,Black,1998.0,20.0,2.0,1.0,2.0,22314.946382924434,1.0,0.0,2025-08-19,-2,2022,2022-01-01,2023-01-01,0,0,0.0,0.0,1,1,0.0,0.0,1,0
C_2056_861599.0,2056,861599.0,control,0,2024-02-19,2024,1.0,Male,Black,1998.0,20.0,2.0,1.0,2.0,22314.946382924434,1.0,0.0,2025-08-19,-1,2023,2023-01-01,2024-01-01,0,0,0.0,0.0,1,1,0.0,0.0,1,0
C_2056_861599.0,2056,861599.0,control,0,2024-02-19,2024,1.0,Male,Black,1998.0,20.0,2.0,1.0,2.0,22314.946382924434,1.0,0.0,2025-08-19,0,2024,2024-01-01,2025-01-01,1,1,36823.92464474803,1.0,1,1,0.0,0.0,1,0
C_2056_861599.0,2056,861599.0,control,0,2024-02-19,2024,1.0,Male,Black,1998.0,20.0,2.0,1.0,2.0,22314.946382924434,1.0,0.0,2025-08-19,1,2025,2025-01-01,2026-01-01,1,1,0.0,0.0,1,1,0.0,0.0,1,0
C_2063_907757.0,2063,907757.0,control,0,2024-03-04,2024,1.0,Female,Black,2000.0,19.0,3.0,0.0,3.0,946.6228364841962,0.0,0.0,2025-09-02,-2,2022,2022-01-01,2023-01-01,0,0,0.0,0.0,1,1,0.0,0.0,1,0
C_2063_907757.0,2063,907757.0,control,0,2024-03-04,2024,1.0,Female,Black,2000.0,19.0,3.0,0.0,3.0,946.6228364841962,0.0,0.0,2025-09-02,-1,2023,2023-01-01,2024-01-01,0,0,0.0,0.0,1,1,0.0,0.0,1,0
C_2063_907757.0,2063,907757.0,control,0,2024-03-04,2024,1.0,Female,Black,2000.0,19.0,3.0,0.0,3.0,946.6228364841962,0.0,0.0,2025-09-02,0,2024,2024-01-01,2025-01-01,1,1,0.0,0.0,1,1,0.0,0.0,1,0
C_2063_907757.0,2063,907757.0,control,0,2024-03-04,2024,1.0,Female,Black,2000.0,19.0,3.0,0.0,3.0,946.6228364841962,0.0,0.0,2025-09-02,1,2025,2025-01-01,2026-01-01,1,1,0.0,0.0,1,1,0.0,0.0,1,0
C_2066_916939.0,2066,916939.0,control,0,2024-03-11,2024,1.0,Male,Black,2003.0,18.0,3.0,1.0,3.0,0.0,0.0,0.0,2025-09-09,-2,2022,2022-01-01,2023-01-01,0,0,0.0,0.0,1,1,0.0,0.0,1,0
C_2066_916939.0,2066,916939.0,control,0,2024-03-11,2024,1.0,Male,Black,2003.0,18.0,3.0,1.0,3.0,0.0,0.0,0.0,2025-09-09,-1,2023,2023-01-01,2024-01-01,0,0,0.0,0.0,1,1,0.0,0.0,1,0
C_2066_916939.0,2066,916939.0,control,0,2024-03-11,2024,1.0,Male,Black,2003.0,18.0,3.0,1.0,3.0,0.0,0.0,0.0,2025-09-09,0,2024,2024-01-01,2025-01-01,1,1,0.0,0.0,1,1,0.0,0.0,1,0
C_2066_916939.0,2066,916939.0,control,0,2024-03-11,2024,1.0,Male,Black,2003.0,18.0,3.0,1.0,3.0,0.0,0.0,0.0,2025-09-09,1,2025,2025-01-01,2026-01-01,1,1,0.0,0.0,1,1,0.0,0.0,1,0
C_2069_935514.0,2069,935514.0,control,0,2024-03-18,2024,1.0,Male,Black,2004.0,18.0,1.0,0.0,1.0,0.0,1.0,0.0,2025-09-16,-2,2022,2022-01-01,2023-01-01,0,0,0.0,0.0,0,1,0.0,0.0,1,0
C_2069_935514.0,2069,935514.0,control,0,2024-03-18,2024,1.0,Male,Black,2004.0,18.0,1.0,0.0,1.0,0.0,1.0,0.0,2025-09-16,-1,2023,2023-01-01,2024-01-01,0,0,0.0,0.0,1,1,0.0,0.0,1,0
C_2069_935514.0,2069,935514.0,control,0,2024-03-18,2024,1.0,Male,Black,2004.0,18.0,1.0,0.0,1.0,0.0,1.0,0.0,2025-09-16,0,2024,2024-01-01,2025-01-01,1,1,1571.4462244014449,1.0,1,1,0.0,0.0,1,0
C_2069_935514.0,2069,935514.0,control,0,2024-03-18,2024,1.0,Male,Black,2004.0,18.0,1.0,0.0,1.0,0.0,1.0,0.0,2025-09-16,1,2025,2025-01-01,2026-01-01,1,1,0.0,0.0,1,1,0.0,0.0,1,0
C_2070_924405.0,2070,924405.0,control,0,2024-03-11,2024,1.0,Male,White,2005.0,16.0,2.0,1.0,2.0,0.0,1.0,0.0,2025-09-09,-2,2022,2022-01-01,2023-01-01,0,0,0.0,0.0,1,1,0.0,0.0,1,0
C_2070_924405.0,2070,924405.0,control,0,2024-03-11,2024,1.0,Male,White,2005.0,16.0,2.0,1.0,2.0,0.0,1.0,0.0,2025-09-09,-1,2023,2023-01-01,2024-01-01,0,0,0.0,0.0,1,1,0.0,0.0,1,0
C_2070_924405.0,2070,924405.0,control,0,2024-03-11,2024,1.0,Male,White,2005.0,16.0,2.0,1.0,2.0,0.0,1.0,0.0,2025-09-09,0,2024,2024-01-01,2025-01-01,1,1,16660.088430672393,1.0,1,1,0.0,0.0,1,0
C_2070_924405.0,2070,924405.0,control,0,2024-03-11,2024,1.0,Male,White,2005.0,16.0,2.0,1.0,2.0,0.0,1.0,0.0,2025-09-09,1,2025,2025-01-01,2026-01-01,1,1,0.0,0.0,1,1,0.0,0.0,1,0
C_2074_932909.0,2074,932909.0,control,0,2024-05-20,2024,1.0,Male,Black,2005.0,16.0,1.0,1.0,1.0,0.0,0.0,0.0,2025-11-18,-2,2022,2022-01-01,2023-01-01,0,0,0.0,0.0,1,1,0.0,0.0,1,0
C_2074_932909.0,2074,932909.0,control,0,2024-05-20,2024,1.0,Male,Black,2005.0,16.0,1.0,1.0,1.0,0.0,0.0,0.0,2025-11-18,-1,2023,2023-01-01,2024-01-01,0,0,0.0,0.0,1,1,0.0,0.0,1,0
C_2074_932909.0,2074,932909.0,control,0,2024-05-20,2024,1.0,Male,Black,2005.0,16.0,1.0,1.0,1.0,0.0,0.0,0.0,2025-11-18,0,2024,2024-01-01,2025-01-01,1,1,0.0,0.0,1,1,0.0,0.0,1,0
C_2074_932909.0,2074,932909.0,control,0,2024-05-20,2024,1.0,Male,Black,2005.0,16.0,1.0,1.0,1.0,0.0,0.0,0.0,2025-11-18,1,2025,2025-01-01,2026-01-01,1,1,0.0,0.0,1,1,0.0,0.0,1,0
C_2075_159844.0,2075,159844.0,control,0,2024-04-22,2024,1.0,Male,Black,1985.0,36.0,2.0,1.0,2.0,0.0,0.0,0.0,2025-10-21,-2,2022,2022-01-01,2023-01-01,0,0,0.0,0.0,1,1,0.0,0.0,1,0
C_2075_159844.0,2075,159844.0,control,0,2024-04-22,2024,1.0,Male,Black,1985.0,36.0,2.0,1.0,2.0,0.0,0.0,0.0,2025-10-21,-1,2023,2023-01-01,2024-01-01,0,0,0.0,0.0,1,1,0.0,0.0,1,0
C_2075_159844.0,2075,159844.0,control,0,2024-04-22,2024,1.0,Male,Black,1985.0,36.0,2.0,1.0,2.0,0.0,0.0,0.0,2025-10-21,0,2024,2024-01-01,2025-01-01,1,1,0.0,0.0,1,1,0.0,0.0,1,0
C_2075_159844.0,2075,159844.0,control,0,2024-04-22,2024,1.0,Male,Black,1985.0,36.0,2.0,1.0,2.0,0.0,0.0,0.0,2025-10-21,1,2025,2025-01-01,2026-01-01,1,1,0.0,0.0,1,1,0.0,0.0,1,0
C_2076_374736.0,2076,374736.0,control,0,2024-03-18,2024,1.0,Unknown,Unknown,1988.0,31.0,1.0,0.0,1.0,0.0,0.0,0.0,2025-09-16,-2,2022,2022-01-01,2023-01-01,0,0,0.0,0.0,1,1,0.0,0.0,1,0
C_2076_374736.0,2076,374736.0,control,0,2024-03-18,2024,1.0,Unknown,Unknown,1988.0,31.0,1.0,0.0,1.0,0.0,0.0,0.0,2025-09-16,-1,2023,2023-01-01,2024-01-01,0,0,0.0,0.0,1,1,0.0,0.0,1,0
C_2076_374736.0,2076,374736.0,control,0,2024-03-18,2024,1.0,Unknown,Unknown,1988.0,31.0,1.0,0.0,1.0,0.0,0.0,0.0,2025-09-16,0,2024,2024-01-01,2025-01-01,1,1,0.0,0.0,1,1,0.0,0.0,1,0
C_2076_374736.0,2076,374736.0,control,0,2024-03-18,2024,1.0,Unknown,Unknown,1988.0,31.0,1.0,0.0,1.0,0.0,0.0,0.0,2025-09-16,1,2025,2025-01-01,2026-01-01,1,1,0.0,0.0,1,1,0.0,0.0,1,0
C_2079_909976.0,2079,909976.0,control,0,2024-03-18,2024,1.0,Male,Black,2001.0,18.0,3.0,1.0,3.0,7996.977885525071,1.0,0.0,2025-09-16,-2,2022,2022-01-01,2023-01-01,0,0,0.0,0.0,1,1,0.0,0.0,1,0
C_2079_909976.0,2079,909976.0,control,0,2024-03-18,2024,1.0,Male,Black,2001.0,18.0,3.0,1.0,3.0,7996.977885525071,1.0,0.0,2025-09-16,-1,2023,2023-01-01,2024-01-01,0,0,0.0,0.0,1,1,0.0,0.0,1,0
C_2079_909976.0,2079,909976.0,control,0,2024-03-18,2024,1.0,Male,Black,2001.0,18.0,3.0,1.0,3.0,7996.977885525071,1.0,0.0,2025-09-16,0,2024,2024-01-01,2025-01-01,1,1,0.0,0.0,1,1,0.0,0.0,1,0
C_2079_909976.0,2079,909976.0,control,0,2024-03-18,2024,1.0,Male,Black,2001.0,18.0,3.0,1.0,3.0,7996.977885525071,1.0,0.0,2025-09-16,1,2025,2025-01-01,2026-01-01,1,1,0.0,0.0,1,1,0.0,0.0,1,0
C_2091_932909.0,2091,932909.0,control,0,2024-04-01,2024,1.0,Male,Black,2005.0,16.0,1.0,1.0,1.0,0.0,0.0,0.0,2025-09-30,-2,2022,2022-01-01,2023-01-01,0,0,0.0,0.0,1,1,0.0,0.0,1,0
C_2091_932909.0,2091,932909.0,control,0,2024-04-01,2024,1.0,Male,Black,2005.0,16.0,1.0,1.0,1.0,0.0,0.0,0.0,2025-09-30,-1,2023,2023-01-01,2024-01-01,0,0,0.0,0.0,1,1,0.0,0.0,1,0
C_2091_932909.0,2091,932909.0,control,0,2024-04-01,2024,1.0,Male,Black,2005.0,16.0,1.0,1.0,1.0,0.0,0.0,0.0,2025-09-30,0,2024,2024-01-01,2025-01-01,1,1,0.0,0.0,1,1,0.0,0.0,1,0
C_2091_932909.0,2091,932909.0,control,0,2024-04-01,2024,1.0,Male,Black,2005.0,16.0,1.0,1.0,1.0,0.0,0.0,0.0,2025-09-30,1,2025,2025-01-01,2026-01-01,1,1,0.0,0.0,1,1,0.0,0.0,1,0
C_2093_909976.0,2093,909976.0,control,0,2024-04-08,2024,1.0,Male,Black,2001.0,18.0,3.0,1.0,3.0,0.0,1.0,0.0,2025-10-07,-2,2022,2022-01-01,2023-01-01,0,0,0.0,0.0,1,1,0.0,0.0,1,0
C_2093_909976.0,2093,909976.0,control,0,2024-04-08,2024,1.0,Male,Black,2001.0,18.0,3.0,1.0,3.0,0.0,1.0,0.0,2025-10-07,-1,2023,2023-01-01,2024-01-01,0,0,0.0,0.0,1,1,0.0,0.0,1,0
C_2093_909976.0,2093,909976.0,control,0,2024-04-08,2024,1.0,Male,Black,2001.0,18.0,3.0,1.0,3.0,0.0,1.0,0.0,2025-10-07,0,2024,2024-01-01,2025-01-01,1,1,0.0,0.0,1,1,0.0,0.0,1,0
C_2093_909976.0,2093,909976.0,control,0,2024-04-08,2024,1.0,Male,Black,2001.0,18.0,3.0,1.0,3.0,0.0,1.0,0.0,2025-10-07,1,2025,2025-01-01,2026-01-01,1,1,0.0,0.0,1,1,0.0,0.0,1,0
C_2094_932909.0,2094,932909.0,control,0,2024-04-15,2024,1.0,Male,Black,2005.0,16.0,1.0,1.0,1.0,0.0,0.0,0.0,2025-10-14,-2,2022,2022-01-01,2023-01-01,0,0,0.0,0.0,1,1,0.0,0.0,1,0
C_2094_932909.0,2094,932909.0,control,0,2024-04-15,2024,1.0,Male,Black,2005.0,16.0,1.0,1.0,1.0,0.0,0.0,0.0,2025-10-14,-1,2023,2023-01-01,2024-01-01,0,0,0.0,0.0,1,1,0.0,0.0,1,0
C_2094_932909.0,2094,932909.0,control,0,2024-04-15,2024,1.0,Male,Black,2005.0,16.0,1.0,1.0,1.0,0.0,0.0,0.0,2025-10-14,0,2024,2024-01-01,2025-01-01,1,1,0.0,0.0,1,1,0.0,0.0,1,0
C_2094_932909.0,2094,932909.0,control,0,2024-04-15,2024,1.0,Male,Black,2005.0,16.0,1.0,1.0,1.0,0.0,0.0,0.0,2025-10-14,1,2025,2025-01-01,2026-01-01,1,1,0.0,0.0,1,1,0.0,0.0,1,0
C_2098_673861.0,2098,673861.0,control,0,2024-04-08,2024,1.0,Female,White,1995.0,23.0,1.0,0.0,1.0,0.0,0.0,0.0,2025-10-07,-2,2022,2022-01-01,2023-01-01,0,0,0.0,0.0,1,1,0.0,0.0,1,0
C_2098_673861.0,2098,673861.0,control,0,2024-04-08,2024,1.0,Female,White,1995.0,23.0,1.0,0.0,1.0,0.0,0.0,0.0,2025-10-07,-1,2023,2023-01-01,2024-01-01,0,0,0.0,0.0,1,1,0.0,0.0,1,0
C_2098_673861.0,2098,673861.0,control,0,2024-04-08,2024,1.0,Female,White,1995.0,23.0,1.0,0.0,1.0,0.0,0.0,0.0,2025-10-07,0,2024,2024-01-01,2025-01-01,1,1,2218.9355124151207,1.0,1,1,0.0,0.0,1,0
C_2098_673861.0,2098,673861.0,control,0,2024-04-08,2024,1.0,Female,White,1995.0,23.0,1.0,0.0,1.0,0.0,0.0,0.0,2025-10-07,1,2025,2025-01-01,2026-01-01,1,1,0.0,0.0,1,1,0.0,0.0,1,0
C_2100_916939.0,2100,916939.0,control,0,2024-09-09,2024,1.0,Male,Black,2003.0,18.0,3.0,1.0,3.0,0.0,0.0,0.0,2026-03-10,-2,2022,2022-01-01,2023-01-01,0,0,0.0,0.0,1,1,0.0,0.0,1,0
C_2100_916939.0,2100,916939.0,control,0,2024-09-09,2024,1.0,Male,Black,2003.0,18.0,3.0,1.0,3.0,0.0,0.0,0.0,2026-03-10,-1,2023,2023-01-01,2024-01-01,0,0,0.0,0.0,1,1,0.0,0.0,1,0
C_2100_916939.0,2100,916939.0,control,0,2024-09-09,2024,1.0,Male,Black,2003.0,18.0,3.0,1.0,3.0,0.0,0.0,0.0,2026-03-10,0,2024,2024-01-01,2025-01-01,1,1,0.0,0.0,1,1,0.0,0.0,1,0
C_2100_916939.0,2100,916939.0,control,0,2024-09-09,2024,1.0,Male,Black,2003.0,18.0,3.0,1.0,3.0,0.0,0.0,0.0,2026-03-10,1,2025,2025-01-01,2026-01-01,1,1,0.0,0.0,1,1,0.0,0.0,1,0
C_2101_909684.0,2101,909684.0,control,0,2024-04-15,2024,1.0,Female,Black,1999.0,21.0,1.0,0.0,1.0,222.00647967844594,1.0,0.0,2025-10-14,-2,2022,2022-01-01,2023-01-01,0,0,0.0,0.0,1,1,0.0,0.0,1,0
C_2101_909684.0,2101,909684.0,control,0,2024-04-15,2024,1.0,Female,Black,1999.0,21.0,1.0,0.0,1.0,222.00647967844594,1.0,0.0,2025-10-14,-1,2023,2023-01-01,2024-01-01,0,0,0.0,0.0,1,1,0.0,0.0,1,0
C_2101_909684.0,2101,909684.0,control,0,2024-04-15,2024,1.0,Female,Black,1999.0,21.0,1.0,0.0,1.0,222.00647967844594,1.0,0.0,2025-10-14,0,2024,2024-01-01,2025-01-01,1,1,4346.834829623489,1.0,1,1,0.0,0.0,1,0
C_2101_909684.0,2101,909684.0,control,0,2024-04-15,2024,1.0,Female,Black,1999.0,21.0,1.0,0.0,1.0,222.00647967844594,1.0,0.0,2025-10-14,1,2025,2025-01-01,2026-01-01,1,1,0.0,0.0,1,1,0.0,0.0,1,0
C_2103_901233.0,2103,901233.0,control,0,2024-04-15,2024,1.0,Male,Black,2000.0,20.0,3.0,1.0,3.0,0.0,0.0,0.0,2025-10-14,-2,2022,2022-01-01,2023-01-01,0,0,0.0,0.0,1,1,0.0,0.0,1,0
C_2103_901233.0,2103,901233.0,control,0,2024-04-15,2024,1.0,Male,Black,2000.0,20.0,3.0,1.0,3.0,0.0,0.0,0.0,2025-10-14,-1,2023,2023-01-01,2024-01-01,0,0,0.0,0.0,1,1,0.0,0.0,1,0
C_2103_901233.0,2103,901233.0,control,0,2024-04-15,2024,1.0,Male,Black,2000.0,20.0,3.0,1.0,3.0,0.0,0.0,0.0,2025-10-14,0,2024,2024-01-01,2025-01-01,1,1,0.0,0.0,1,1,0.0,0.0,1,0
C_2103_901233.0,2103,901233.0,control,0,2024-04-15,2024,1.0,Male,Black,2000.0,20.0,3.0,1.0,3.0,0.0,0.0,0.0,2025-10-14,1,2025,2025-01-01,2026-01-01,1,1,0.0,0.0,1,1,0.0,0.0,1,0
C_2106_1118800.0,2106,1118800.0,control,0,2024-08-05,2024,1.0,Female,Black,1978.0,21.0,3.0,1.0,3.0,28818.867426607845,1.0,0.0,2026-02-03,-2,2022,2022-01-01,2023-01-01,0,0,0.0,0.0,1,1,0.0,0.0,1,0
C_2106_1118800.0,2106,1118800.0,control,0,2024-08-05,2024,1.0,Female,Black,1978.0,21.0,3.0,1.0,3.0,28818.867426607845,1.0,0.0,2026-02-03,-1,2023,2023-01-01,2024-01-01,0,0,0.0,0.0,1,1,0.0,0.0,1,0
C_2106_1118800.0,2106,1118800.0,control,0,2024-08-05,2024,1.0,Female,Black,1978.0,21.0,3.0,1.0,3.0,28818.867426607845,1.0,0.0,2026-02-03,0,2024,2024-01-01,2025-01-01,1,1,15343.440604374868,1.0,1,1,0.0,0.0,1,0
C_2106_1118800.0,2106,1118800.0,control,0,2024-08-05,2024,1.0,Female,Black,1978.0,21.0,3.0,1.0,3.0,28818.867426607845,1.0,0.0,2026-02-03,1,2025,2025-01-01,2026-01-01,1,1,0.0,0.0,1,1,0.0,0.0,1,0
C_210_1524219.0,210,1524219.0,control,0,2020-07-27,2020,0.0,Male,Black,1984.0,22.0,4.0,1.0,4.0,0.0,1.0,0.0,2022-01-25,-2,2018,2018-01-01,2019-01-01,0,0,0.0,0.0,1,1,0.0,0.0,1,0
C_210_1524219.0,210,1524219.0,control,0,2020-07-27,2020,0.0,Male,Black,1984.0,22.0,4.0,1.0,4.0,0.0,1.0,0.0,2022-01-25,-1,2019,2019-01-01,2020-01-01,0,0,0.0,0.0,1,1,0.0,0.0,1,0
C_210_1524219.0,210,1524219.0,control,0,2020-07-27,2020,0.0,Male,Black,1984.0,22.0,4.0,1.0,4.0,0.0,1.0,0.0,2022-01-25,0,2020,2020-01-01,2021-01-01,1,1,0.0,0.0,1,1,0.0,0.0,1,0
C_210_1524219.0,210,1524219.0,control,0,2020-07-27,2020,0.0,Male,Black,1984.0,22.0,4.0,1.0,4.0,0.0,1.0,0.0,2022-01-25,1,2021,2021-01-01,2022-01-01,1,1,9549.110483273182,1.0,1,1,0.0,0.0,1,0
C_2110_1627873.0,2110,1627873.0,control,0,2024-04-22,2024,1.0,Male,White,1997.0,18.0,2.0,1.0,2.0,25941.067416091995,1.0,0.0,2025-10-21,-2,2022,2022-01-01,2023-01-01,0,0,0.0,0.0,1,1,0.0,0.0,1,0
C_2110_1627873.0,2110,1627873.0,control,0,2024-04-22,2024,1.0,Male,White,1997.0,18.0,2.0,1.0,2.0,25941.067416091995,1.0,0.0,2025-10-21,-1,2023,2023-01-01,2024-01-01,0,0,0.0,0.0,1,1,0.0,0.0,1,0
C_2110_1627873.0,2110,1627873.0,control,0,2024-04-22,2024,1.0,Male,White,1997.0,18.0,2.0,1.0,2.0,25941.067416091995,1.0,0.0,2025-10-21,0,2024,2024-01-01,2025-01-01,1,1,20467.061198367737,1.0,1,1,0.0,0.0,1,0
C_2110_1627873.0,2110,1627873.0,control,0,2024-04-22,2024,1.0,Male,White,1997.0,18.0,2.0,1.0,2.0,25941.067416091995,1.0,0.0,2025-10-21,1,2025,2025-01-01,2026-01-01,1,1,0.0,0.0,1,1,0.0,0.0,1,0
C_2111_1012558.0,2111,1012558.0,control,0,2024-05-01,2024,1.0,Male,White,1990.0,22.0,1.0,0.0,1.0,0.0,0.0,0.0,2025-10-30,-2,2022,2022-01-01,2023-01-01,0,0,0.0,0.0,1,1,0.0,0.0,1,0
C_2111_1012558.0,2111,1012558.0,control,0,2024-05-01,2024,1.0,Male,White,1990.0,22.0,1.0,0.0,1.0,0.0,0.0,0.0,2025-10-30,-1,2023,2023-01-01,2024-01-01,0,0,0.0,0.0,1,1,0.0,0.0,1,0
C_2111_1012558.0,2111,1012558.0,control,0,2024-05-01,2024,1.0,Male,White,1990.0,22.0,1.0,0.0,1.0,0.0,0.0,0.0,2025-10-30,0,2024,2024-01-01,2025-01-01,1,1,0.0,0.0,1,1,0.0,0.0,1,0
C_2111_1012558.0,2111,1012558.0,control,0,2024-05-01,2024,1.0,Male,White,1990.0,22.0,1.0,0.0,1.0,0.0,0.0,0.0,2025-10-30,1,2025,2025-01-01,2026-01-01,1,1,0.0,0.0,1,1,0.0,0.0,1,0
C_2113_935514.0,2113,935514.0,control,0,2024-05-01,2024,1.0,Male,Black,2004.0,18.0,1.0,0.0,1.0,0.0,1.0,0.0,2025-10-30,-2,2022,2022-01-01,2023-01-01,0,0,0.0,0.0,0,1,0.0,0.0,1,0
C_2113_935514.0,2113,935514.0,control,0,2024-05-01,2024,1.0,Male,Black,2004.0,18.0,1.0,0.0,1.0,0.0,1.0,0.0,2025-10-30,-1,2023,2023-01-01,2024-01-01,0,0,0.0,0.0,1,1,0.0,0.0,1,0
C_2113_935514.0,2113,935514.0,control,0,2024-05-01,2024,1.0,Male,Black,2004.0,18.0,1.0,0.0,1.0,0.0,1.0,0.0,2025-10-30,0,2024,2024-01-01,2025-01-01,1,1,1571.4462244014449,1.0,1,1,0.0,0.0,1,0
C_2113_935514.0,2113,935514.0,control,0,2024-05-01,2024,1.0,Male,Black,2004.0,18.0,1.0,0.0,1.0,0.0,1.0,0.0,2025-10-30,1,2025,2025-01-01,2026-01-01,1,1,0.0,0.0,1,1,0.0,0.0,1,0
C_2114_1696994.0,2114,1696994.0,control,0,2024-05-01,2024,1.0,Male,Black,1988.0,22.0,4.0,1.0,4.0,12495.916022833795,0.0,0.0,2025-10-30,-2,2022,2022-01-01,2023-01-01,0,0,0.0,0.0,1,1,0.0,0.0,1,0
C_2114_1696994.0,2114,1696994.0,control,0,2024-05-01,2024,1.0,Male,Black,1988.0,22.0,4.0,1.0,4.0,12495.916022833795,0.0,0.0,2025-10-30,-1,2023,2023-01-01,2024-01-01,0,0,0.0,0.0,1,1,0.0,0.0,1,0
C_2114_1696994.0,2114,1696994.0,control,0,2024-05-01,2024,1.0,Male,Black,1988.0,22.0,4.0,1.0,4.0,12495.916022833795,0.0,0.0,2025-10-30,0,2024,2024-01-01,2025-01-01,1,1,0.0,0.0,1,1,0.0,0.0,1,0
C_2114_1696994.0,2114,1696994.0,control,0,2024-05-01,2024,1.0,Male,Black,1988.0,22.0,4.0,1.0,4.0,12495.916022833795,0.0,0.0,2025-10-30,1,2025,2025-01-01,2026-01-01,1,1,0.0,0.0,1,1,0.0,0.0,1,0
C_2115_1303271.0,2115,1303271.0,control,0,2024-05-06,2024,1.0,Male,Black,1976.0,31.0,4.0,0.0,4.0,0.0,1.0,0.0,2025-11-04,-2,2022,2022-01-01,2023-01-01,0,0,0.0,0.0,1,1,0.0,0.0,1,0
C_2115_1303271.0,2115,1303271.0,control,0,2024-05-06,2024,1.0,Male,Black,1976.0,31.0,4.0,0.0,4.0,0.0,1.0,0.0,2025-11-04,-1,2023,2023-01-01,2024-01-01,0,0,0.0,0.0,1,1,0.0,0.0,1,0
C_2115_1303271.0,2115,1303271.0,control,0,2024-05-06,2024,1.0,Male,Black,1976.0,31.0,4.0,0.0,4.0,0.0,1.0,0.0,2025-11-04,0,2024,2024-01-01,2025-01-01,1,1,42664.76547583385,1.0,1,1,0.0,0.0,1,0
C_2115_1303271.0,2115,1303271.0,control,0,2024-05-06,2024,1.0,Male,Black,1976.0,31.0,4.0,0.0,4.0,0.0,1.0,0.0,2025-11-04,1,2025,2025-01-01,2026-01-01,1,1,0.0,0.0,1,1,0.0,0.0,1,0
C_2130_1214343.0,2130,1214343.0,control,0,2024-05-28,2024,1.0,Male,Black,1992.0,23.0,1.0,0.0,1.0,28063.68029467084,1.0,0.0,2025-11-26,-2,2022,2022-01-01,2023-01-01,0,0,0.0,0.0,1,1,0.0,0.0,1,0
C_2130_1214343.0,2130,1214343.0,control,0,2024-05-28,2024,1.0,Male,Black,1992.0,23.0,1.0,0.0,1.0,28063.68029467084,1.0,0.0,2025-11-26,-1,2023,2023-01-01,2024-01-01,0,0,0.0,0.0,1,1,0.0,0.0,1,0
C_2130_1214343.0,2130,1214343.0,control,0,2024-05-28,2024,1.0,Male,Black,1992.0,23.0,1.0,0.0,1.0,28063.68029467084,1.0,0.0,2025-11-26,0,2024,2024-01-01,2025-01-01,1,1,22019.285903327516,1.0,1,1,0.0,0.0,1,0
C_2130_1214343.0,2130,1214343.0,control,0,2024-05-28,2024,1.0,Male,Black,1992.0,23.0,1.0,0.0,1.0,28063.68029467084,1.0,0.0,2025-11-26,1,2025,2025-01-01,2026-01-01,1,1,0.0,0.0,1,1,0.0,0.0,1,0
C_2131_909976.0,2131,909976.0,control,0,2024-06-24,2024,1.0,Male,Black,2001.0,18.0,3.0,1.0,3.0,0.0,1.0,0.0,2025-12-23,-2,2022,2022-01-01,2023-01-01,0,0,0.0,0.0,1,1,0.0,0.0,1,0
C_2131_909976.0,2131,909976.0,control,0,2024-06-24,2024,1.0,Male,Black,2001.0,18.0,3.0,1.0,3.0,0.0,1.0,0.0,2025-12-23,-1,2023,2023-01-01,2024-01-01,0,0,0.0,0.0,1,1,0.0,0.0,1,0
C_2131_909976.0,2131,909976.0,control,0,2024-06-24,2024,1.0,Male,Black,2001.0,18.0,3.0,1.0,3.0,0.0,1.0,0.0,2025-12-23,0,2024,2024-01-01,2025-01-01,1,1,0.0,0.0,1,1,0.0,0.0,1,0
C_2131_909976.0,2131,909976.0,control,0,2024-06-24,2024,1.0,Male,Black,2001.0,18.0,3.0,1.0,3.0,0.0,1.0,0.0,2025-12-23,1,2025,2025-01-01,2026-01-01,1,1,0.0,0.0,1,1,0.0,0.0,1,0
C_2132_1140451.0,2132,1140451.0,control,0,2024-05-20,2024,1.0,Female,Black,1989.0,24.0,1.0,0.0,1.0,0.0,0.0,0.0,2025-11-18,-2,2022,2022-01-01,2023-01-01,0,0,0.0,0.0,1,1,0.0,0.0,1,0
C_2132_1140451.0,2132,1140451.0,control,0,2024-05-20,2024,1.0,Female,Black,1989.0,24.0,1.0,0.0,1.0,0.0,0.0,0.0,2025-11-18,-1,2023,2023-01-01,2024-01-01,0,0,0.0,0.0,1,1,0.0,0.0,1,0
C_2132_1140451.0,2132,1140451.0,control,0,2024-05-20,2024,1.0,Female,Black,1989.0,24.0,1.0,0.0,1.0,0.0,0.0,0.0,2025-11-18,0,2024,2024-01-01,2025-01-01,1,1,0.0,0.0,1,1,0.0,0.0,1,0
C_2132_1140451.0,2132,1140451.0,control,0,2024-05-20,2024,1.0,Female,Black,1989.0,24.0,1.0,0.0,1.0,0.0,0.0,0.0,2025-11-18,1,2025,2025-01-01,2026-01-01,1,1,0.0,0.0,1,1,0.0,0.0,1,0
C_2136_916939.0,2136,916939.0,control,0,2024-06-10,2024,1.0,Male,Black,2003.0,18.0,3.0,1.0,3.0,0.0,0.0,0.0,2025-12-09,-2,2022,2022-01-01,2023-01-01,0,0,0.0,0.0,1,1,0.0,0.0,1,0
C_2136_916939.0,2136,916939.0,control,0,2024-06-10,2024,1.0,Male,Black,2003.0,18.0,3.0,1.0,3.0,0.0,0.0,0.0,2025-12-09,-1,2023,2023-01-01,2024-01-01,0,0,0.0,0.0,1,1,0.0,0.0,1,0
C_2136_916939.0,2136,916939.0,control,0,2024-06-10,2024,1.0,Male,Black,2003.0,18.0,3.0,1.0,3.0,0.0,0.0,0.0,2025-12-09,0,2024,2024-01-01,2025-01-01,1,1,0.0,0.0,1,1,0.0,0.0,1,0
C_2136_916939.0,2136,916939.0,control,0,2024-06-10,2024,1.0,Male,Black,2003.0,18.0,3.0,1.0,3.0,0.0,0.0,0.0,2025-12-09,1,2025,2025-01-01,2026-01-01,1,1,0.0,0.0,1,1,0.0,0.0,1,0
C_2137_932909.0,2137,932909.0,control,0,2024-05-28,2024,1.0,Male,Black,2005.0,16.0,1.0,1.0,1.0,0.0,0.0,0.0,2025-11-26,-2,2022,2022-01-01,2023-01-01,0,0,0.0,0.0,1,1,0.0,0.0,1,0
C_2137_932909.0,2137,932909.0,control,0,2024-05-28,2024,1.0,Male,Black,2005.0,16.0,1.0,1.0,1.0,0.0,0.0,0.0,2025-11-26,-1,2023,2023-01-01,2024-01-01,0,0,0.0,0.0,1,1,0.0,0.0,1,0
C_2137_932909.0,2137,932909.0,control,0,2024-05-28,2024,1.0,Male,Black,2005.0,16.0,1.0,1.0,1.0,0.0,0.0,0.0,2025-11-26,0,2024,2024-01-01,2025-01-01,1,1,0.0,0.0,1,1,0.0,0.0,1,0
C_2137_932909.0,2137,932909.0,control,0,2024-05-28,2024,1.0,Male,Black,2005.0,16.0,1.0,1.0,1.0,0.0,0.0,0.0,2025-11-26,1,2025,2025-01-01,2026-01-01,1,1,0.0,0.0,1,1,0.0,0.0,1,0
C_2138_932909.0,2138,932909.0,control,0,2024-06-10,2024,1.0,Male,Black,2005.0,16.0,1.0,1.0,1.0,0.0,0.0,0.0,2025-12-09,-2,2022,2022-01-01,2023-01-01,0,0,0.0,0.0,1,1,0.0,0.0,1,0
C_2138_932909.0,2138,932909.0,control,0,2024-06-10,2024,1.0,Male,Black,2005.0,16.0,1.0,1.0,1.0,0.0,0.0,0.0,2025-12-09,-1,2023,2023-01-01,2024-01-01,0,0,0.0,0.0,1,1,0.0,0.0,1,0
C_2138_932909.0,2138,932909.0,control,0,2024-06-10,2024,1.0,Male,Black,2005.0,16.0,1.0,1.0,1.0,0.0,0.0,0.0,2025-12-09,0,2024,2024-01-01,2025-01-01,1,1,0.0,0.0,1,1,0.0,0.0,1,0
C_2138_932909.0,2138,932909.0,control,0,2024-06-10,2024,1.0,Male,Black,2005.0,16.0,1.0,1.0,1.0,0.0,0.0,0.0,2025-12-09,1,2025,2025-01-01,2026-01-01,1,1,0.0,0.0,1,1,0.0,0.0,1,0
C_2139_911774.0,2139,911774.0,control,0,2024-05-28,2024,1.0,Male,Black,1999.0,21.0,1.0,0.0,1.0,0.0,1.0,0.0,2025-11-26,-2,2022,2022-01-01,2023-01-01,0,0,0.0,0.0,1,1,0.0,0.0,1,0
C_2139_911774.0,2139,911774.0,control,0,2024-05-28,2024,1.0,Male,Black,1999.0,21.0,1.0,0.0,1.0,0.0,1.0,0.0,2025-11-26,-1,2023,2023-01-01,2024-01-01,0,0,0.0,0.0,1,1,0.0,0.0,1,0
C_2139_911774.0,2139,911774.0,control,0,2024-05-28,2024,1.0,Male,Black,1999.0,21.0,1.0,0.0,1.0,0.0,1.0,0.0,2025-11-26,0,2024,2024-01-01,2025-01-01,1,1,7836.598278558391,1.0,1,1,0.0,0.0,1,0
C_2139_911774.0,2139,911774.0,control,0,2024-05-28,2024,1.0,Male,Black,1999.0,21.0,1.0,0.0,1.0,0.0,1.0,0.0,2025-11-26,1,2025,2025-01-01,2026-01-01,1,1,0.0,0.0,1,1,0.0,0.0,1,0
C_2140_935514.0,2140,935514.0,control,0,2024-06-03,2024,1.0,Male,Black,2004.0,18.0,1.0,0.0,1.0,0.0,1.0,0.0,2025-12-02,-2,2022,2022-01-01,2023-01-01,0,0,0.0,0.0,0,1,0.0,0.0,1,0
C_2140_935514.0,2140,935514.0,control,0,2024-06-03,2024,1.0,Male,Black,2004.0,18.0,1.0,0.0,1.0,0.0,1.0,0.0,2025-12-02,-1,2023,2023-01-01,2024-01-01,0,0,0.0,0.0,1,1,0.0,0.0,1,0
C_2140_935514.0,2140,935514.0,control,0,2024-06-03,2024,1.0,Male,Black,2004.0,18.0,1.0,0.0,1.0,0.0,1.0,0.0,2025-12-02,0,2024,2024-01-01,2025-01-01,1,1,1571.4462244014449,1.0,1,1,0.0,0.0,1,0
C_2140_935514.0,2140,935514.0,control,0,2024-06-03,2024,1.0,Male,Black,2004.0,18.0,1.0,0.0,1.0,0.0,1.0,0.0,2025-12-02,1,2025,2025-01-01,2026-01-01,1,1,0.0,0.0,1,1,0.0,0.0,1,0
C_2142_909976.0,2142,909976.0,control,0,2024-06-10,2024,1.0,Male,Black,2001.0,18.0,3.0,1.0,3.0,0.0,1.0,0.0,2025-12-09,-2,2022,2022-01-01,2023-01-01,0,0,0.0,0.0,1,1,0.0,0.0,1,0
C_2142_909976.0,2142,909976.0,control,0,2024-06-10,2024,1.0,Male,Black,2001.0,18.0,3.0,1.0,3.0,0.0,1.0,0.0,2025-12-09,-1,2023,2023-01-01,2024-01-01,0,0,0.0,0.0,1,1,0.0,0.0,1,0
C_2142_909976.0,2142,909976.0,control,0,2024-06-10,2024,1.0,Male,Black,2001.0,18.0,3.0,1.0,3.0,0.0,1.0,0.0,2025-12-09,0,2024,2024-01-01,2025-01-01,1,1,0.0,0.0,1,1,0.0,0.0,1,0
C_2142_909976.0,2142,909976.0,control,0,2024-06-10,2024,1.0,Male,Black,2001.0,18.0,3.0,1.0,3.0,0.0,1.0,0.0,2025-12-09,1,2025,2025-01-01,2026-01-01,1,1,0.0,0.0,1,1,0.0,0.0,1,0
C_2144_861599.0,2144,861599.0,control,0,2024-06-03,2024,1.0,Male,Black,1998.0,20.0,2.0,1.0,2.0,27180.544681338142,1.0,0.0,2025-12-02,-2,2022,2022-01-01,2023-01-01,0,0,0.0,0.0,1,1,0.0,0.0,1,0
C_2144_861599.0,2144,861599.0,control,0,2024-06-03,2024,1.0,Male,Black,1998.0,20.0,2.0,1.0,2.0,27180.544681338142,1.0,0.0,2025-12-02,-1,2023,2023-01-01,2024-01-01,0,0,0.0,0.0,1,1,0.0,0.0,1,0
C_2144_861599.0,2144,861599.0,control,0,2024-06-03,2024,1.0,Male,Black,1998.0,20.0,2.0,1.0,2.0,27180.544681338142,1.0,0.0,2025-12-02,0,2024,2024-01-01,2025-01-01,1,1,24171.239265087926,1.0,1,1,0.0,0.0,1,0
C_2144_861599.0,2144,861599.0,control,0,2024-06-03,2024,1.0,Male,Black,1998.0,20.0,2.0,1.0,2.0,27180.544681338142,1.0,0.0,2025-12-02,1,2025,2025-01-01,2026-01-01,1,1,0.0,0.0,1,1,0.0,0.0,1,0
C_2145_932909.0,2145,932909.0,control,0,2024-06-03,2024,1.0,Male,Black,2005.0,16.0,1.0,1.0,1.0,0.0,0.0,0.0,2025-12-02,-2,2022,2022-01-01,2023-01-01,0,0,0.0,0.0,1,1,0.0,0.0,1,0
C_2145_932909.0,2145,932909.0,control,0,2024-06-03,2024,1.0,Male,Black,2005.0,16.0,1.0,1.0,1.0,0.0,0.0,0.0,2025-12-02,-1,2023,2023-01-01,2024-01-01,0,0,0.0,0.0,1,1,0.0,0.0,1,0
C_2145_932909.0,2145,932909.0,control,0,2024-06-03,2024,1.0,Male,Black,2005.0,16.0,1.0,1.0,1.0,0.0,0.0,0.0,2025-12-02,0,2024,2024-01-01,2025-01-01,1,1,0.0,0.0,1,1,0.0,0.0,1,0
C_2145_932909.0,2145,932909.0,control,0,2024-06-03,2024,1.0,Male,Black,2005.0,16.0,1.0,1.0,1.0,0.0,0.0,0.0,2025-12-02,1,2025,2025-01-01,2026-01-01,1,1,0.0,0.0,1,1,0.0,0.0,1,0
C_2149_909976.0,2149,909976.0,control,0,2024-06-10,2024,1.0,Male,Black,2001.0,18.0,3.0,1.0,3.0,0.0,1.0,0.0,2025-12-09,-2,2022,2022-01-01,2023-01-01,0,0,0.0,0.0,1,1,0.0,0.0,1,0
C_2149_909976.0,2149,909976.0,control,0,2024-06-10,2024,1.0,Male,Black,2001.0,18.0,3.0,1.0,3.0,0.0,1.0,0.0,2025-12-09,-1,2023,2023-01-01,2024-01-01,0,0,0.0,0.0,1,1,0.0,0.0,1,0
C_2149_909976.0,2149,909976.0,control,0,2024-06-10,2024,1.0,Male,Black,2001.0,18.0,3.0,1.0,3.0,0.0,1.0,0.0,2025-12-09,0,2024,2024-01-01,2025-01-01,1,1,0.0,0.0,1,1,0.0,0.0,1,0
C_2149_909976.0,2149,909976.0,control,0,2024-06-10,2024,1.0,Male,Black,2001.0,18.0,3.0,1.0,3.0,0.0,1.0,0.0,2025-12-09,1,2025,2025-01-01,2026-01-01,1,1,0.0,0.0,1,1,0.0,0.0,1,0
C_2151_932909.0,2151,932909.0,control,0,2024-06-17,2024,1.0,Male,Black,2005.0,16.0,1.0,1.0,1.0,0.0,0.0,0.0,2025-12-16,-2,2022,2022-01-01,2023-01-01,0,0,0.0,0.0,1,1,0.0,0.0,1,0
C_2151_932909.0,2151,932909.0,control,0,2024-06-17,2024,1.0,Male,Black,2005.0,16.0,1.0,1.0,1.0,0.0,0.0,0.0,2025-12-16,-1,2023,2023-01-01,2024-01-01,0,0,0.0,0.0,1,1,0.0,0.0,1,0
C_2151_932909.0,2151,932909.0,control,0,2024-06-17,2024,1.0,Male,Black,2005.0,16.0,1.0,1.0,1.0,0.0,0.0,0.0,2025-12-16,0,2024,2024-01-01,2025-01-01,1,1,0.0,0.0,1,1,0.0,0.0,1,0
C_2151_932909.0,2151,932909.0,control,0,2024-06-17,2024,1.0,Male,Black,2005.0,16.0,1.0,1.0,1.0,0.0,0.0,0.0,2025-12-16,1,2025,2025-01-01,2026-01-01,1,1,0.0,0.0,1,1,0.0,0.0,1,0
C_2153_861599.0,2153,861599.0,control,0,2024-06-17,2024,1.0,Male,Black,1998.0,20.0,2.0,1.0,2.0,27180.544681338142,1.0,0.0,2025-12-16,-2,2022,2022-01-01,2023-01-01,0,0,0.0,0.0,1,1,0.0,0.0,1,0
C_2153_861599.0,2153,861599.0,control,0,2024-06-17,2024,1.0,Male,Black,1998.0,20.0,2.0,1.0,2.0,27180.544681338142,1.0,0.0,2025-12-16,-1,2023,2023-01-01,2024-01-01,0,0,0.0,0.0,1,1,0.0,0.0,1,0
C_2153_861599.0,2153,861599.0,control,0,2024-06-17,2024,1.0,Male,Black,1998.0,20.0,2.0,1.0,2.0,27180.544681338142,1.0,0.0,2025-12-16,0,2024,2024-01-01,2025-01-01,1,1,24171.239265087926,1.0,1,1,0.0,0.0,1,0
C_2153_861599.0,2153,861599.0,control,0,2024-06-17,2024,1.0,Male,Black,1998.0,20.0,2.0,1.0,2.0,27180.544681338142,1.0,0.0,2025-12-16,1,2025,2025-01-01,2026-01-01,1,1,0.0,0.0,1,1,0.0,0.0,1,0
C_2156_1355606.0,2156,1355606.0,control,0,2024-06-17,2024,1.0,Male,Black,1991.0,21.0,4.0,0.0,4.0,62102.29610994293,1.0,0.0,2025-12-16,-2,2022,2022-01-01,2023-01-01,0,0,0.0,0.0,1,1,0.0,0.0,1,0
C_2156_1355606.0,2156,1355606.0,control,0,2024-06-17,2024,1.0,Male,Black,1991.0,21.0,4.0,0.0,4.0,62102.29610994293,1.0,0.0,2025-12-16,-1,2023,2023-01-01,2024-01-01,0,0,0.0,0.0,1,1,0.0,0.0,1,0
C_2156_1355606.0,2156,1355606.0,control,0,2024-06-17,2024,1.0,Male,Black,1991.0,21.0,4.0,0.0,4.0,62102.29610994293,1.0,0.0,2025-12-16,0,2024,2024-01-01,2025-01-01,1,1,11348.145509258591,1.0,1,1,0.0,0.0,1,0
C_2156_1355606.0,2156,1355606.0,control,0,2024-06-17,2024,1.0,Male,Black,1991.0,21.0,4.0,0.0,4.0,62102.29610994293,1.0,0.0,2025-12-16,1,2025,2025-01-01,2026-01-01,1,1,0.0,0.0,1,1,0.0,0.0,1,0
C_2163_906053.0,2163,906053.0,control,0,2024-07-03,2024,1.0,Female,White,1998.0,22.0,1.0,0.0,1.0,24752.705985492645,1.0,0.0,2026-01-01,-2,2022,2022-01-01,2023-01-01,0,0,0.0,0.0,1,1,0.0,0.0,1,0
C_2163_906053.0,2163,906053.0,control,0,2024-07-03,2024,1.0,Female,White,1998.0,22.0,1.0,0.0,1.0,24752.705985492645,1.0,0.0,2026-01-01,-1,2023,2023-01-01,2024-01-01,0,0,0.0,0.0,1,1,0.0,0.0,1,0
C_2163_906053.0,2163,906053.0,control,0,2024-07-03,2024,1.0,Female,White,1998.0,22.0,1.0,0.0,1.0,24752.705985492645,1.0,0.0,2026-01-01,0,2024,2024-01-01,2025-01-01,1,1,5733.877361632218,1.0,1,1,0.0,0.0,1,0
C_2163_906053.0,2163,906053.0,control,0,2024-07-03,2024,1.0,Female,White,1998.0,22.0,1.0,0.0,1.0,24752.705985492645,1.0,0.0,2026-01-01,1,2025,2025-01-01,2026-01-01,1,1,0.0,0.0,1,1,0.0,0.0,1,0
C_2168_1214343.0,2168,1214343.0,control,0,2024-06-24,2024,1.0,Male,Black,1992.0,23.0,1.0,0.0,1.0,28063.68029467084,1.0,0.0,2025-12-23,-2,2022,2022-01-01,2023-01-01,0,0,0.0,0.0,1,1,0.0,0.0,1,0
C_2168_1214343.0,2168,1214343.0,control,0,2024-06-24,2024,1.0,Male,Black,1992.0,23.0,1.0,0.0,1.0,28063.68029467084,1.0,0.0,2025-12-23,-1,2023,2023-01-01,2024-01-01,0,0,0.0,0.0,1,1,0.0,0.0,1,0
C_2168_1214343.0,2168,1214343.0,control,0,2024-06-24,2024,1.0,Male,Black,1992.0,23.0,1.0,0.0,1.0,28063.68029467084,1.0,0.0,2025-12-23,0,2024,2024-01-01,2025-01-01,1,1,22019.285903327516,1.0,1,1,0.0,0.0,1,0
C_2168_1214343.0,2168,1214343.0,control,0,2024-06-24,2024,1.0,Male,Black,1992.0,23.0,1.0,0.0,1.0,28063.68029467084,1.0,0.0,2025-12-23,1,2025,2025-01-01,2026-01-01,1,1,0.0,0.0,1,1,0.0,0.0,1,0
C_216_1896124.0,216,1896124.0,control,0,2020-10-05,2020,0.0,Male,Black,1987.0,20.0,31.0,1.0,31.0,844.854656832502,1.0,0.0,2022-04-05,-2,2018,2018-01-01,2019-01-01,0,0,0.0,0.0,1,1,0.0,0.0,1,0
C_216_1896124.0,216,1896124.0,control,0,2020-10-05,2020,0.0,Male,Black,1987.0,20.0,31.0,1.0,31.0,844.854656832502,1.0,0.0,2022-04-05,-1,2019,2019-01-01,2020-01-01,0,0,0.0,0.0,1,1,0.0,0.0,1,0
C_216_1896124.0,216,1896124.0,control,0,2020-10-05,2020,0.0,Male,Black,1987.0,20.0,31.0,1.0,31.0,844.854656832502,1.0,0.0,2022-04-05,0,2020,2020-01-01,2021-01-01,1,1,0.0,0.0,1,1,0.0,0.0,1,0
C_216_1896124.0,216,1896124.0,control,0,2020-10-05,2020,0.0,Male,Black,1987.0,20.0,31.0,1.0,31.0,844.854656832502,1.0,0.0,2022-04-05,1,2021,2021-01-01,2022-01-01,1,1,0.0,0.0,1,1,0.0,0.0,1,0
C_2172_935514.0,2172,935514.0,control,0,2024-07-01,2024,1.0,Male,Black,2004.0,18.0,1.0,0.0,1.0,0.0,1.0,0.0,2025-12-30,-2,2022,2022-01-01,2023-01-01,0,0,0.0,0.0,0,1,0.0,0.0,1,0
C_2172_935514.0,2172,935514.0,control,0,2024-07-01,2024,1.0,Male,Black,2004.0,18.0,1.0,0.0,1.0,0.0,1.0,0.0,2025-12-30,-1,2023,2023-01-01,2024-01-01,0,0,0.0,0.0,1,1,0.0,0.0,1,0
C_2172_935514.0,2172,935514.0,control,0,2024-07-01,2024,1.0,Male,Black,2004.0,18.0,1.0,0.0,1.0,0.0,1.0,0.0,2025-12-30,0,2024,2024-01-01,2025-01-01,1,1,1571.4462244014449,1.0,1,1,0.0,0.0,1,0
C_2172_935514.0,2172,935514.0,control,0,2024-07-01,2024,1.0,Male,Black,2004.0,18.0,1.0,0.0,1.0,0.0,1.0,0.0,2025-12-30,1,2025,2025-01-01,2026-01-01,1,1,0.0,0.0,1,1,0.0,0.0,1,0
C_2173_147695.0,2173,147695.0,control,0,2024-08-26,2024,1.0,Male,Black,1977.0,44.0,1.0,0.0,1.0,0.0,0.0,0.0,2026-02-24,-2,2022,2022-01-01,2023-01-01,0,0,0.0,0.0,1,1,0.0,0.0,1,0
C_2173_147695.0,2173,147695.0,control,0,2024-08-26,2024,1.0,Male,Black,1977.0,44.0,1.0,0.0,1.0,0.0,0.0,0.0,2026-02-24,-1,2023,2023-01-01,2024-01-01,0,0,0.0,0.0,1,1,0.0,0.0,1,0
C_2173_147695.0,2173,147695.0,control,0,2024-08-26,2024,1.0,Male,Black,1977.0,44.0,1.0,0.0,1.0,0.0,0.0,0.0,2026-02-24,0,2024,2024-01-01,2025-01-01,1,1,0.0,0.0,1,1,0.0,0.0,1,0
C_2173_147695.0,2173,147695.0,control,0,2024-08-26,2024,1.0,Male,Black,1977.0,44.0,1.0,0.0,1.0,0.0,0.0,0.0,2026-02-24,1,2025,2025-01-01,2026-01-01,1,1,0.0,0.0,1,1,0.0,0.0,1,0
C_2179_1140451.0,2179,1140451.0,control,0,2024-07-29,2024,1.0,Female,Black,1989.0,24.0,1.0,0.0,1.0,0.0,0.0,0.0,2026-01-27,-2,2022,2022-01-01,2023-01-01,0,0,0.0,0.0,1,1,0.0,0.0,1,0
C_2179_1140451.0,2179,1140451.0,control,0,2024-07-29,2024,1.0,Female,Black,1989.0,24.0,1.0,0.0,1.0,0.0,0.0,0.0,2026-01-27,-1,2023,2023-01-01,2024-01-01,0,0,0.0,0.0,1,1,0.0,0.0,1,0
C_2179_1140451.0,2179,1140451.0,control,0,2024-07-29,2024,1.0,Female,Black,1989.0,24.0,1.0,0.0,1.0,0.0,0.0,0.0,2026-01-27,0,2024,2024-01-01,2025-01-01,1,1,0.0,0.0,1,1,0.0,0.0,1,0
C_2179_1140451.0,2179,1140451.0,control,0,2024-07-29,2024,1.0,Female,Black,1989.0,24.0,1.0,0.0,1.0,0.0,0.0,0.0,2026-01-27,1,2025,2025-01-01,2026-01-01,1,1,0.0,0.0,1,1,0.0,0.0,1,0
C_2181_932909.0,2181,932909.0,control,0,2024-08-19,2024,1.0,Male,Black,2005.0,16.0,1.0,1.0,1.0,0.0,0.0,0.0,2026-02-17,-2,2022,2022-01-01,2023-01-01,0,0,0.0,0.0,1,1,0.0,0.0,1,0
C_2181_932909.0,2181,932909.0,control,0,2024-08-19,2024,1.0,Male,Black,2005.0,16.0,1.0,1.0,1.0,0.0,0.0,0.0,2026-02-17,-1,2023,2023-01-01,2024-01-01,0,0,0.0,0.0,1,1,0.0,0.0,1,0
C_2181_932909.0,2181,932909.0,control,0,2024-08-19,2024,1.0,Male,Black,2005.0,16.0,1.0,1.0,1.0,0.0,0.0,0.0,2026-02-17,0,2024,2024-01-01,2025-01-01,1,1,0.0,0.0,1,1,0.0,0.0,1,0
C_2181_932909.0,2181,932909.0,control,0,2024-08-19,2024,1.0,Male,Black,2005.0,16.0,1.0,1.0,1.0,0.0,0.0,0.0,2026-02-17,1,2025,2025-01-01,2026-01-01,1,1,0.0,0.0,1,1,0.0,0.0,1,0
C_2182_1458183.0,2182,1458183.0,control,0,2024-07-01,2024,1.0,Male,Black,1990.0,18.0,7.0,1.0,7.0,5754.424683847509,1.0,0.0,2025-12-30,-2,2022,2022-01-01,2023-01-01,0,0,0.0,0.0,1,1,0.0,0.0,1,0
C_2182_1458183.0,2182,1458183.0,control,0,2024-07-01,2024,1.0,Male,Black,1990.0,18.0,7.0,1.0,7.0,5754.424683847509,1.0,0.0,2025-12-30,-1,2023,2023-01-01,2024-01-01,0,0,0.0,0.0,1,1,0.0,0.0,1,0
C_2182_1458183.0,2182,1458183.0,control,0,2024-07-01,2024,1.0,Male,Black,1990.0,18.0,7.0,1.0,7.0,5754.424683847509,1.0,0.0,2025-12-30,0,2024,2024-01-01,2025-01-01,1,1,10152.220931744587,1.0,1,1,0.0,0.0,1,0
C_2182_1458183.0,2182,1458183.0,control,0,2024-07-01,2024,1.0,Male,Black,1990.0,18.0,7.0,1.0,7.0,5754.424683847509,1.0,0.0,2025-12-30,1,2025,2025-01-01,2026-01-01,1,1,0.0,0.0,1,1,0.0,0.0,1,0
C_2194_911774.0,2194,911774.0,control,0,2024-07-15,2024,1.0,Male,Black,1999.0,21.0,1.0,0.0,1.0,0.0,1.0,0.0,2026-01-13,-2,2022,2022-01-01,2023-01-01,0,0,0.0,0.0,1,1,0.0,0.0,1,0
C_2194_911774.0,2194,911774.0,control,0,2024-07-15,2024,1.0,Male,Black,1999.0,21.0,1.0,0.0,1.0,0.0,1.0,0.0,2026-01-13,-1,2023,2023-01-01,2024-01-01,0,0,0.0,0.0,1,1,0.0,0.0,1,0
C_2194_911774.0,2194,911774.0,control,0,2024-07-15,2024,1.0,Male,Black,1999.0,21.0,1.0,0.0,1.0,0.0,1.0,0.0,2026-01-13,0,2024,2024-01-01,2025-01-01,1,1,6707.166815201981,1.0,1,1,0.0,0.0,1,0
C_2194_911774.0,2194,911774.0,control,0,2024-07-15,2024,1.0,Male,Black,1999.0,21.0,1.0,0.0,1.0,0.0,1.0,0.0,2026-01-13,1,2025,2025-01-01,2026-01-01,1,1,0.0,0.0,1,1,0.0,0.0,1,0
C_2195_913962.0,2195,913962.0,control,0,2024-08-05,2024,1.0,Female,Black,1996.0,22.0,4.0,0.0,4.0,5877.01722913386,1.0,0.0,2026-02-03,-2,2022,2022-01-01,2023-01-01,0,0,0.0,0.0,1,1,0.0,0.0,1,0
C_2195_913962.0,2195,913962.0,control,0,2024-08-05,2024,1.0,Female,Black,1996.0,22.0,4.0,0.0,4.0,5877.01722913386,1.0,0.0,2026-02-03,-1,2023,2023-01-01,2024-01-01,0,0,0.0,0.0,1,1,0.0,0.0,1,0
C_2195_913962.0,2195,913962.0,control,0,2024-08-05,2024,1.0,Female,Black,1996.0,22.0,4.0,0.0,4.0,5877.01722913386,1.0,0.0,2026-02-03,0,2024,2024-01-01,2025-01-01,1,1,1372.0606341242178,1.0,1,1,0.0,0.0,1,0
C_2195_913962.0,2195,913962.0,control,0,2024-08-05,2024,1.0,Female,Black,1996.0,22.0,4.0,0.0,4.0,5877.01722913386,1.0,0.0,2026-02-03,1,2025,2025-01-01,2026-01-01,1,1,0.0,0.0,1,1,0.0,0.0,1,0
C_2199_932909.0,2199,932909.0,control,0,2024-07-15,2024,1.0,Male,Black,2005.0,16.0,1.0,1.0,1.0,0.0,0.0,0.0,2026-01-13,-2,2022,2022-01-01,2023-01-01,0,0,0.0,0.0,1,1,0.0,0.0,1,0
C_2199_932909.0,2199,932909.0,control,0,2024-07-15,2024,1.0,Male,Black,2005.0,16.0,1.0,1.0,1.0,0.0,0.0,0.0,2026-01-13,-1,2023,2023-01-01,2024-01-01,0,0,0.0,0.0,1,1,0.0,0.0,1,0
C_2199_932909.0,2199,932909.0,control,0,2024-07-15,2024,1.0,Male,Black,2005.0,16.0,1.0,1.0,1.0,0.0,0.0,0.0,2026-01-13,0,2024,2024-01-01,2025-01-01,1,1,0.0,0.0,1,1,0.0,0.0,1,0
C_2199_932909.0,2199,932909.0,control,0,2024-07-15,2024,1.0,Male,Black,2005.0,16.0,1.0,1.0,1.0,0.0,0.0,0.0,2026-01-13,1,2025,2025-01-01,2026-01-01,1,1,0.0,0.0,1,1,0.0,0.0,1,0
C_2204_1214343.0,2204,1214343.0,control,0,2024-08-05,2024,1.0,Male,Black,1992.0,23.0,1.0,0.0,1.0,35449.25022352974,1.0,0.0,2026-02-03,-2,2022,2022-01-01,2023-01-01,0,0,0.0,0.0,1,1,0.0,0.0,1,0
C_2204_1214343.0,2204,1214343.0,control,0,2024-08-05,2024,1.0,Male,Black,1992.0,23.0,1.0,0.0,1.0,35449.25022352974,1.0,0.0,2026-02-03,-1,2023,2023-01-01,2024-01-01,0,0,0.0,0.0,1,1,0.0,0.0,1,0
C_2204_1214343.0,2204,1214343.0,control,0,2024-08-05,2024,1.0,Male,Black,1992.0,23.0,1.0,0.0,1.0,35449.25022352974,1.0,0.0,2026-02-03,0,2024,2024-01-01,2025-01-01,1,1,11795.610410369774,1.0,1,1,0.0,0.0,1,0
C_2204_1214343.0,2204,1214343.0,control,0,2024-08-05,2024,1.0,Male,Black,1992.0,23.0,1.0,0.0,1.0,35449.25022352974,1.0,0.0,2026-02-03,1,2025,2025-01-01,2026-01-01,1,1,0.0,0.0,1,1,0.0,0.0,1,0
C_2205_916939.0,2205,916939.0,control,0,2024-07-22,2024,1.0,Male,Black,2003.0,18.0,3.0,1.0,3.0,0.0,0.0,0.0,2026-01-20,-2,2022,2022-01-01,2023-01-01,0,0,0.0,0.0,1,1,0.0,0.0,1,0
C_2205_916939.0,2205,916939.0,control,0,2024-07-22,2024,1.0,Male,Black,2003.0,18.0,3.0,1.0,3.0,0.0,0.0,0.0,2026-01-20,-1,2023,2023-01-01,2024-01-01,0,0,0.0,0.0,1,1,0.0,0.0,1,0
C_2205_916939.0,2205,916939.0,control,0,2024-07-22,2024,1.0,Male,Black,2003.0,18.0,3.0,1.0,3.0,0.0,0.0,0.0,2026-01-20,0,2024,2024-01-01,2025-01-01,1,1,0.0,0.0,1,1,0.0,0.0,1,0
C_2205_916939.0,2205,916939.0,control,0,2024-07-22,2024,1.0,Male,Black,2003.0,18.0,3.0,1.0,3.0,0.0,0.0,0.0,2026-01-20,1,2025,2025-01-01,2026-01-01,1,1,0.0,0.0,1,1,0.0,0.0,1,0
C_2207_891284.0,2207,891284.0,control,0,2024-07-22,2024,1.0,Male,Black,2000.0,20.0,3.0,1.0,3.0,0.0,0.0,0.0,2026-01-20,-2,2022,2022-01-01,2023-01-01,0,0,0.0,0.0,1,1,0.0,0.0,1,0
C_2207_891284.0,2207,891284.0,control,0,2024-07-22,2024,1.0,Male,Black,2000.0,20.0,3.0,1.0,3.0,0.0,0.0,0.0,2026-01-20,-1,2023,2023-01-01,2024-01-01,0,0,0.0,0.0,1,1,0.0,0.0,1,0
C_2207_891284.0,2207,891284.0,control,0,2024-07-22,2024,1.0,Male,Black,2000.0,20.0,3.0,1.0,3.0,0.0,0.0,0.0,2026-01-20,0,2024,2024-01-01,2025-01-01,1,1,0.0,0.0,1,1,0.0,0.0,1,0
C_2207_891284.0,2207,891284.0,control,0,2024-07-22,2024,1.0,Male,Black,2000.0,20.0,3.0,1.0,3.0,0.0,0.0,0.0,2026-01-20,1,2025,2025-01-01,2026-01-01,1,1,0.0,0.0,1,1,0.0,0.0,1,0
C_2208_932909.0,2208,932909.0,control,0,2024-07-29,2024,1.0,Male,Black,2005.0,16.0,1.0,1.0,1.0,0.0,0.0,0.0,2026-01-27,-2,2022,2022-01-01,2023-01-01,0,0,0.0,0.0,1,1,0.0,0.0,1,0
C_2208_932909.0,2208,932909.0,control,0,2024-07-29,2024,1.0,Male,Black,2005.0,16.0,1.0,1.0,1.0,0.0,0.0,0.0,2026-01-27,-1,2023,2023-01-01,2024-01-01,0,0,0.0,0.0,1,1,0.0,0.0,1,0
C_2208_932909.0,2208,932909.0,control,0,2024-07-29,2024,1.0,Male,Black,2005.0,16.0,1.0,1.0,1.0,0.0,0.0,0.0,2026-01-27,0,2024,2024-01-01,2025-01-01,1,1,0.0,0.0,1,1,0.0,0.0,1,0
C_2208_932909.0,2208,932909.0,control,0,2024-07-29,2024,1.0,Male,Black,2005.0,16.0,1.0,1.0,1.0,0.0,0.0,0.0,2026-01-27,1,2025,2025-01-01,2026-01-01,1,1,0.0,0.0,1,1,0.0,0.0,1,0
C_2209_933323.0,2209,933323.0,control,0,2024-07-22,2024,1.0,Male,Black,2002.0,19.0,1.0,0.0,1.0,1094.0080904862243,1.0,0.0,2026-01-20,-2,2022,2022-01-01,2023-01-01,0,0,0.0,0.0,1,1,0.0,0.0,1,0
C_2209_933323.0,2209,933323.0,control,0,2024-07-22,2024,1.0,Male,Black,2002.0,19.0,1.0,0.0,1.0,1094.0080904862243,1.0,0.0,2026-01-20,-1,2023,2023-01-01,2024-01-01,0,0,0.0,0.0,1,1,0.0,0.0,1,0
C_2209_933323.0,2209,933323.0,control,0,2024-07-22,2024,1.0,Male,Black,2002.0,19.0,1.0,0.0,1.0,1094.0080904862243,1.0,0.0,2026-01-20,0,2024,2024-01-01,2025-01-01,1,1,0.0,0.0,1,1,0.0,0.0,1,0
C_2209_933323.0,2209,933323.0,control,0,2024-07-22,2024,1.0,Male,Black,2002.0,19.0,1.0,0.0,1.0,1094.0080904862243,1.0,0.0,2026-01-20,1,2025,2025-01-01,2026-01-01,1,1,0.0,0.0,1,1,0.0,0.0,1,0
C_2212_1789835.0,2212,1789835.0,control,0,2024-08-26,2024,1.0,Male,Black,1996.0,18.0,5.0,1.0,5.0,23255.05025210554,1.0,0.0,2026-02-24,-2,2022,2022-01-01,2023-01-01,0,0,0.0,0.0,1,1,0.0,0.0,1,0
C_2212_1789835.0,2212,1789835.0,control,0,2024-08-26,2024,1.0,Male,Black,1996.0,18.0,5.0,1.0,5.0,23255.05025210554,1.0,0.0,2026-02-24,-1,2023,2023-01-01,2024-01-01,0,0,0.0,0.0,1,1,0.0,0.0,1,0
C_2212_1789835.0,2212,1789835.0,control,0,2024-08-26,2024,1.0,Male,Black,1996.0,18.0,5.0,1.0,5.0,23255.05025210554,1.0,0.0,2026-02-24,0,2024,2024-01-01,2025-01-01,1,1,9389.622436972924,1.0,1,1,0.0,0.0,1,0
C_2212_1789835.0,2212,1789835.0,control,0,2024-08-26,2024,1.0,Male,Black,1996.0,18.0,5.0,1.0,5.0,23255.05025210554,1.0,0.0,2026-02-24,1,2025,2025-01-01,2026-01-01,1,1,0.0,0.0,1,1,0.0,0.0,1,0
C_2214_861599.0,2214,861599.0,control,0,2024-07-29,2024,1.0,Male,Black,1998.0,20.0,2.0,1.0,2.0,32019.592666028686,1.0,0.0,2026-01-27,-2,2022,2022-01-01,2023-01-01,0,0,0.0,0.0,1,1,0.0,0.0,1,0
C_2214_861599.0,2214,861599.0,control,0,2024-07-29,2024,1.0,Male,Black,1998.0,20.0,2.0,1.0,2.0,32019.592666028686,1.0,0.0,2026-01-27,-1,2023,2023-01-01,2024-01-01,0,0,0.0,0.0,1,1,0.0,0.0,1,0
C_2214_861599.0,2214,861599.0,control,0,2024-07-29,2024,1.0,Male,Black,1998.0,20.0,2.0,1.0,2.0,32019.592666028686,1.0,0.0,2026-01-27,0,2024,2024-01-01,2025-01-01,1,1,10256.0247699817,1.0,1,1,0.0,0.0,1,0
C_2214_861599.0,2214,861599.0,control,0,2024-07-29,2024,1.0,Male,Black,1998.0,20.0,2.0,1.0,2.0,32019.592666028686,1.0,0.0,2026-01-27,1,2025,2025-01-01,2026-01-01,1,1,0.0,0.0,1,1,0.0,0.0,1,0
C_2225_926943.0,2225,926943.0,control,0,2024-08-12,2024,1.0,Female,Black,2002.0,19.0,4.0,0.0,4.0,0.0,0.0,0.0,2026-02-10,-2,2022,2022-01-01,2023-01-01,0,0,0.0,0.0,1,1,0.0,0.0,1,0
C_2225_926943.0,2225,926943.0,control,0,2024-08-12,2024,1.0,Female,Black,2002.0,19.0,4.0,0.0,4.0,0.0,0.0,0.0,2026-02-10,-1,2023,2023-01-01,2024-01-01,0,0,0.0,0.0,1,1,0.0,0.0,1,0
C_2225_926943.0,2225,926943.0,control,0,2024-08-12,2024,1.0,Female,Black,2002.0,19.0,4.0,0.0,4.0,0.0,0.0,0.0,2026-02-10,0,2024,2024-01-01,2025-01-01,1,1,0.0,0.0,1,1,0.0,0.0,1,0
C_2225_926943.0,2225,926943.0,control,0,2024-08-12,2024,1.0,Female,Black,2002.0,19.0,4.0,0.0,4.0,0.0,0.0,0.0,2026-02-10,1,2025,2025-01-01,2026-01-01,1,1,0.0,0.0,1,1,0.0,0.0,1,0
C_2227_822571.0,2227,822571.0,control,0,2024-08-05,2024,1.0,Female,White,1978.0,41.0,7.0,0.0,7.0,0.0,0.0,0.0,2026-02-03,-2,2022,2022-01-01,2023-01-01,0,0,0.0,0.0,1,1,0.0,0.0,1,0
C_2227_822571.0,2227,822571.0,control,0,2024-08-05,2024,1.0,Female,White,1978.0,41.0,7.0,0.0,7.0,0.0,0.0,0.0,2026-02-03,-1,2023,2023-01-01,2024-01-01,0,0,0.0,0.0,1,1,0.0,0.0,1,0
C_2227_822571.0,2227,822571.0,control,0,2024-08-05,2024,1.0,Female,White,1978.0,41.0,7.0,0.0,7.0,0.0,0.0,0.0,2026-02-03,0,2024,2024-01-01,2025-01-01,1,1,0.0,0.0,1,1,0.0,0.0,1,0
C_2227_822571.0,2227,822571.0,control,0,2024-08-05,2024,1.0,Female,White,1978.0,41.0,7.0,0.0,7.0,0.0,0.0,0.0,2026-02-03,1,2025,2025-01-01,2026-01-01,1,1,0.0,0.0,1,1,0.0,0.0,1,0
C_2228_864050.0,2228,864050.0,control,0,2024-08-05,2024,1.0,Male,White,2000.0,18.0,6.0,1.0,6.0,0.0,1.0,0.0,2026-02-03,-2,2022,2022-01-01,2023-01-01,0,0,0.0,0.0,1,1,0.0,0.0,1,0
C_2228_864050.0,2228,864050.0,control,0,2024-08-05,2024,1.0,Male,White,2000.0,18.0,6.0,1.0,6.0,0.0,1.0,0.0,2026-02-03,-1,2023,2023-01-01,2024-01-01,0,0,0.0,0.0,1,1,0.0,0.0,1,0
C_2228_864050.0,2228,864050.0,control,0,2024-08-05,2024,1.0,Male,White,2000.0,18.0,6.0,1.0,6.0,0.0,1.0,0.0,2026-02-03,0,2024,2024-01-01,2025-01-01,1,1,1356.6442225048445,1.0,1,1,0.0,0.0,1,0
C_2228_864050.0,2228,864050.0,control,0,2024-08-05,2024,1.0,Male,White,2000.0,18.0,6.0,1.0,6.0,0.0,1.0,0.0,2026-02-03,1,2025,2025-01-01,2026-01-01,1,1,0.0,0.0,1,1,0.0,0.0,1,0
C_2232_933323.0,2232,933323.0,control,0,2024-08-19,2024,1.0,Male,Black,2002.0,19.0,1.0,0.0,1.0,1094.0080904862243,1.0,0.0,2026-02-17,-2,2022,2022-01-01,2023-01-01,0,0,0.0,0.0,1,1,0.0,0.0,1,0
C_2232_933323.0,2232,933323.0,control,0,2024-08-19,2024,1.0,Male,Black,2002.0,19.0,1.0,0.0,1.0,1094.0080904862243,1.0,0.0,2026-02-17,-1,2023,2023-01-01,2024-01-01,0,0,0.0,0.0,1,1,0.0,0.0,1,0
C_2232_933323.0,2232,933323.0,control,0,2024-08-19,2024,1.0,Male,Black,2002.0,19.0,1.0,0.0,1.0,1094.0080904862243,1.0,0.0,2026-02-17,0,2024,2024-01-01,2025-01-01,1,1,0.0,0.0,1,1,0.0,0.0,1,0
C_2232_933323.0,2232,933323.0,control,0,2024-08-19,2024,1.0,Male,Black,2002.0,19.0,1.0,0.0,1.0,1094.0080904862243,1.0,0.0,2026-02-17,1,2025,2025-01-01,2026-01-01,1,1,0.0,0.0,1,1,0.0,0.0,1,0
C_2234_1061937.0,2234,1061937.0,control,0,2024-08-05,2024,1.0,Male,Black,1974.0,26.0,6.0,1.0,6.0,0.0,0.0,0.0,2026-02-03,-2,2022,2022-01-01,2023-01-01,0,0,0.0,0.0,1,1,0.0,0.0,1,0
C_2234_1061937.0,2234,1061937.0,control,0,2024-08-05,2024,1.0,Male,Black,1974.0,26.0,6.0,1.0,6.0,0.0,0.0,0.0,2026-02-03,-1,2023,2023-01-01,2024-01-01,0,0,0.0,0.0,1,1,0.0,0.0,1,0
C_2234_1061937.0,2234,1061937.0,control,0,2024-08-05,2024,1.0,Male,Black,1974.0,26.0,6.0,1.0,6.0,0.0,0.0,0.0,2026-02-03,0,2024,2024-01-01,2025-01-01,1,1,0.0,0.0,1,1,0.0,0.0,1,0
C_2234_1061937.0,2234,1061937.0,control,0,2024-08-05,2024,1.0,Male,Black,1974.0,26.0,6.0,1.0,6.0,0.0,0.0,0.0,2026-02-03,1,2025,2025-01-01,2026-01-01,1,1,0.0,0.0,1,1,0.0,0.0,1,0
C_2238_382452.0,2238,382452.0,control,0,2024-08-19,2024,1.0,Male,Black,1993.0,26.0,1.0,0.0,1.0,0.0,0.0,0.0,2026-02-17,-2,2022,2022-01-01,2023-01-01,0,0,0.0,0.0,1,1,0.0,0.0,1,0
C_2238_382452.0,2238,382452.0,control,0,2024-08-19,2024,1.0,Male,Black,1993.0,26.0,1.0,0.0,1.0,0.0,0.0,0.0,2026-02-17,-1,2023,2023-01-01,2024-01-01,0,0,0.0,0.0,1,1,0.0,0.0,1,0
C_2238_382452.0,2238,382452.0,control,0,2024-08-19,2024,1.0,Male,Black,1993.0,26.0,1.0,0.0,1.0,0.0,0.0,0.0,2026-02-17,0,2024,2024-01-01,2025-01-01,1,1,0.0,0.0,1,1,0.0,0.0,1,0
C_2238_382452.0,2238,382452.0,control,0,2024-08-19,2024,1.0,Male,Black,1993.0,26.0,1.0,0.0,1.0,0.0,0.0,0.0,2026-02-17,1,2025,2025-01-01,2026-01-01,1,1,0.0,0.0,1,1,0.0,0.0,1,0
C_2246_1739864.0,2246,1739864.0,control,0,2024-08-26,2024,1.0,Female,Black,1991.0,23.0,2.0,1.0,2.0,0.0,0.0,0.0,2026-02-24,-2,2022,2022-01-01,2023-01-01,0,0,0.0,0.0,1,1,0.0,0.0,1,0
C_2246_1739864.0,2246,1739864.0,control,0,2024-08-26,2024,1.0,Female,Black,1991.0,23.0,2.0,1.0,2.0,0.0,0.0,0.0,2026-02-24,-1,2023,2023-01-01,2024-01-01,0,0,0.0,0.0,1,1,0.0,0.0,1,0
C_2246_1739864.0,2246,1739864.0,control,0,2024-08-26,2024,1.0,Female,Black,1991.0,23.0,2.0,1.0,2.0,0.0,0.0,0.0,2026-02-24,0,2024,2024-01-01,2025-01-01,1,1,0.0,0.0,1,1,0.0,0.0,1,0
C_2246_1739864.0,2246,1739864.0,control,0,2024-08-26,2024,1.0,Female,Black,1991.0,23.0,2.0,1.0,2.0,0.0,0.0,0.0,2026-02-24,1,2025,2025-01-01,2026-01-01,1,1,0.0,0.0,1,1,0.0,0.0,1,0
C_2251_1447745.0,2251,1447745.0,control,0,2024-08-26,2024,1.0,Female,Black,1986.0,18.0,2.0,0.0,2.0,1457.9617143084322,0.0,0.0,2026-02-24,-2,2022,2022-01-01,2023-01-01,0,0,0.0,0.0,1,1,0.0,0.0,1,0
C_2251_1447745.0,2251,1447745.0,control,0,2024-08-26,2024,1.0,Female,Black,1986.0,18.0,2.0,0.0,2.0,1457.9617143084322,0.0,0.0,2026-02-24,-1,2023,2023-01-01,2024-01-01,0,0,0.0,0.0,1,1,0.0,0.0,1,0
C_2251_1447745.0,2251,1447745.0,control,0,2024-08-26,2024,1.0,Female,Black,1986.0,18.0,2.0,0.0,2.0,1457.9617143084322,0.0,0.0,2026-02-24,0,2024,2024-01-01,2025-01-01,1,1,0.0,0.0,1,1,0.0,0.0,1,0
C_2251_1447745.0,2251,1447745.0,control,0,2024-08-26,2024,1.0,Female,Black,1986.0,18.0,2.0,0.0,2.0,1457.9617143084322,0.0,0.0,2026-02-24,1,2025,2025-01-01,2026-01-01,1,1,0.0,0.0,1,1,0.0,0.0,1,0
C_2254_1789835.0,2254,1789835.0,control,0,2024-09-03,2024,1.0,Male,Black,1996.0,18.0,5.0,1.0,5.0,23255.05025210554,1.0,0.0,2026-03-04,-2,2022,2022-01-01,2023-01-01,0,0,0.0,0.0,1,1,0.0,0.0,1,0
C_2254_1789835.0,2254,1789835.0,control,0,2024-09-03,2024,1.0,Male,Black,1996.0,18.0,5.0,1.0,5.0,23255.05025210554,1.0,0.0,2026-03-04,-1,2023,2023-01-01,2024-01-01,0,0,0.0,0.0,1,1,0.0,0.0,1,0
C_2254_1789835.0,2254,1789835.0,control,0,2024-09-03,2024,1.0,Male,Black,1996.0,18.0,5.0,1.0,5.0,23255.05025210554,1.0,0.0,2026-03-04,0,2024,2024-01-01,2025-01-01,1,1,9389.622436972924,1.0,1,1,0.0,0.0,1,0
C_2254_1789835.0,2254,1789835.0,control,0,2024-09-03,2024,1.0,Male,Black,1996.0,18.0,5.0,1.0,5.0,23255.05025210554,1.0,0.0,2026-03-04,1,2025,2025-01-01,2026-01-01,1,1,0.0,0.0,1,1,0.0,0.0,1,0
C_2255_932909.0,2255,932909.0,control,0,2024-09-16,2024,1.0,Male,Black,2005.0,16.0,1.0,1.0,1.0,0.0,0.0,0.0,2026-03-17,-2,2022,2022-01-01,2023-01-01,0,0,0.0,0.0,1,1,0.0,0.0,1,0
C_2255_932909.0,2255,932909.0,control,0,2024-09-16,2024,1.0,Male,Black,2005.0,16.0,1.0,1.0,1.0,0.0,0.0,0.0,2026-03-17,-1,2023,2023-01-01,2024-01-01,0,0,0.0,0.0,1,1,0.0,0.0,1,0
C_2255_932909.0,2255,932909.0,control,0,2024-09-16,2024,1.0,Male,Black,2005.0,16.0,1.0,1.0,1.0,0.0,0.0,0.0,2026-03-17,0,2024,2024-01-01,2025-01-01,1,1,0.0,0.0,1,1,0.0,0.0,1,0
C_2255_932909.0,2255,932909.0,control,0,2024-09-16,2024,1.0,Male,Black,2005.0,16.0,1.0,1.0,1.0,0.0,0.0,0.0,2026-03-17,1,2025,2025-01-01,2026-01-01,1,1,0.0,0.0,1,1,0.0,0.0,1,0
C_2258_1789835.0,2258,1789835.0,control,0,2024-09-09,2024,1.0,Male,Black,1996.0,18.0,5.0,1.0,5.0,23255.05025210554,1.0,0.0,2026-03-10,-2,2022,2022-01-01,2023-01-01,0,0,0.0,0.0,1,1,0.0,0.0,1,0
C_2258_1789835.0,2258,1789835.0,control,0,2024-09-09,2024,1.0,Male,Black,1996.0,18.0,5.0,1.0,5.0,23255.05025210554,1.0,0.0,2026-03-10,-1,2023,2023-01-01,2024-01-01,0,0,0.0,0.0,1,1,0.0,0.0,1,0
C_2258_1789835.0,2258,1789835.0,control,0,2024-09-09,2024,1.0,Male,Black,1996.0,18.0,5.0,1.0,5.0,23255.05025210554,1.0,0.0,2026-03-10,0,2024,2024-01-01,2025-01-01,1,1,9389.622436972924,1.0,1,1,0.0,0.0,1,0
C_2258_1789835.0,2258,1789835.0,control,0,2024-09-09,2024,1.0,Male,Black,1996.0,18.0,5.0,1.0,5.0,23255.05025210554,1.0,0.0,2026-03-10,1,2025,2025-01-01,2026-01-01,1,1,0.0,0.0,1,1,0.0,0.0,1,0
C_2259_861599.0,2259,861599.0,control,0,2024-09-23,2024,1.0,Male,Black,1998.0,20.0,2.0,1.0,2.0,32019.592666028686,1.0,0.0,2026-03-24,-2,2022,2022-01-01,2023-01-01,0,0,0.0,0.0,1,1,0.0,0.0,1,0
C_2259_861599.0,2259,861599.0,control,0,2024-09-23,2024,1.0,Male,Black,1998.0,20.0,2.0,1.0,2.0,32019.592666028686,1.0,0.0,2026-03-24,-1,2023,2023-01-01,2024-01-01,0,0,0.0,0.0,1,1,0.0,0.0,1,0
C_2259_861599.0,2259,861599.0,control,0,2024-09-23,2024,1.0,Male,Black,1998.0,20.0,2.0,1.0,2.0,32019.592666028686,1.0,0.0,2026-03-24,0,2024,2024-01-01,2025-01-01,1,1,10256.0247699817,1.0,1,1,0.0,0.0,1,0
C_2259_861599.0,2259,861599.0,control,0,2024-09-23,2024,1.0,Male,Black,1998.0,20.0,2.0,1.0,2.0,32019.592666028686,1.0,0.0,2026-03-24,1,2025,2025-01-01,2026-01-01,1,1,0.0,0.0,1,1,0.0,0.0,1,0
C_2260_935514.0,2260,935514.0,control,0,2024-09-09,2024,1.0,Male,Black,2004.0,18.0,1.0,0.0,1.0,0.0,1.0,0.0,2026-03-10,-2,2022,2022-01-01,2023-01-01,0,0,0.0,0.0,0,1,0.0,0.0,1,0
C_2260_935514.0,2260,935514.0,control,0,2024-09-09,2024,1.0,Male,Black,2004.0,18.0,1.0,0.0,1.0,0.0,1.0,0.0,2026-03-10,-1,2023,2023-01-01,2024-01-01,0,0,0.0,0.0,1,1,0.0,0.0,1,0
C_2260_935514.0,2260,935514.0,control,0,2024-09-09,2024,1.0,Male,Black,2004.0,18.0,1.0,0.0,1.0,0.0,1.0,0.0,2026-03-10,0,2024,2024-01-01,2025-01-01,1,1,1571.4462244014449,1.0,1,1,0.0,0.0,1,0
C_2260_935514.0,2260,935514.0,control,0,2024-09-09,2024,1.0,Male,Black,2004.0,18.0,1.0,0.0,1.0,0.0,1.0,0.0,2026-03-10,1,2025,2025-01-01,2026-01-01,1,1,0.0,0.0,1,1,0.0,0.0,1,0
C_2264_861599.0,2264,861599.0,control,0,2024-09-30,2024,1.0,Male,Black,1998.0,20.0,2.0,1.0,2.0,26779.73759363838,1.0,0.0,2026-03-31,-2,2022,2022-01-01,2023-01-01,0,0,0.0,0.0,1,1,0.0,0.0,1,0
C_2264_861599.0,2264,861599.0,control,0,2024-09-30,2024,1.0,Male,Black,1998.0,20.0,2.0,1.0,2.0,26779.73759363838,1.0,0.0,2026-03-31,-1,2023,2023-01-01,2024-01-01,0,0,0.0,0.0,1,1,0.0,0.0,1,0
C_2264_861599.0,2264,861599.0,control,0,2024-09-30,2024,1.0,Male,Black,1998.0,20.0,2.0,1.0,2.0,26779.73759363838,1.0,0.0,2026-03-31,0,2024,2024-01-01,2025-01-01,1,1,0.0,0.0,1,1,0.0,0.0,1,0
C_2264_861599.0,2264,861599.0,control,0,2024-09-30,2024,1.0,Male,Black,1998.0,20.0,2.0,1.0,2.0,26779.73759363838,1.0,0.0,2026-03-31,1,2025,2025-01-01,2026-01-01,1,1,0.0,0.0,1,1,0.0,0.0,1,0
C_2271_1789835.0,2271,1789835.0,control,0,2024-09-30,2024,1.0,Male,Black,1996.0,18.0,5.0,1.0,5.0,25057.583096152164,1.0,0.0,2026-03-31,-2,2022,2022-01-01,2023-01-01,0,0,0.0,0.0,1,1,0.0,0.0,1,0
C_2271_1789835.0,2271,1789835.0,control,0,2024-09-30,2024,1.0,Male,Black,1996.0,18.0,5.0,1.0,5.0,25057.583096152164,1.0,0.0,2026-03-31,-1,2023,2023-01-01,2024-01-01,0,0,0.0,0.0,1,1,0.0,0.0,1,0
C_2271_1789835.0,2271,1789835.0,control,0,2024-09-30,2024,1.0,Male,Black,1996.0,18.0,5.0,1.0,5.0,25057.583096152164,1.0,0.0,2026-03-31,0,2024,2024-01-01,2025-01-01,1,1,0.0,0.0,1,1,0.0,0.0,1,0
C_2271_1789835.0,2271,1789835.0,control,0,2024-09-30,2024,1.0,Male,Black,1996.0,18.0,5.0,1.0,5.0,25057.583096152164,1.0,0.0,2026-03-31,1,2025,2025-01-01,2026-01-01,1,1,0.0,0.0,1,1,0.0,0.0,1,0
C_3_911774.0,3,911774.0,control,0,2018-07-23,2018,0.0,Male,Black,1999.0,21.0,0.0,0.0,0.0,0.0,1.0,0.0,2020-01-21,-2,2016,2016-01-01,2017-01-01,0,0,0.0,0.0,0,0,0.0,0.0,0,0
C_3_911774.0,3,911774.0,control,0,2018-07-23,2018,0.0,Male,Black,1999.0,21.0,0.0,0.0,0.0,0.0,1.0,0.0,2020-01-21,-1,2017,2017-01-01,2018-01-01,0,0,0.0,0.0,0,0,0.0,0.0,0,0
C_3_911774.0,3,911774.0,control,0,2018-07-23,2018,0.0,Male,Black,1999.0,21.0,0.0,0.0,0.0,0.0,1.0,0.0,2020-01-21,0,2018,2018-01-01,2019-01-01,1,1,183.56799860560372,1.0,0,0,0.0,0.0,0,0
C_3_911774.0,3,911774.0,control,0,2018-07-23,2018,0.0,Male,Black,1999.0,21.0,0.0,0.0,0.0,0.0,1.0,0.0,2020-01-21,1,2019,2019-01-01,2020-01-01,1,1,14013.811515818088,1.0,0,0,0.0,0.0,0,0
C_503_1075994.0,503,1075994.0,control,0,2024-02-05,2024,1.0,Male,White,1989.0,18.0,4.0,1.0,4.0,0.0,1.0,0.0,2025-08-05,-2,2022,2022-01-01,2023-01-01,0,0,0.0,0.0,1,1,0.0,0.0,1,0
C_503_1075994.0,503,1075994.0,control,0,2024-02-05,2024,1.0,Male,White,1989.0,18.0,4.0,1.0,4.0,0.0,1.0,0.0,2025-08-05,-1,2023,2023-01-01,2024-01-01,0,0,0.0,0.0,1,1,0.0,0.0,1,0
C_503_1075994.0,503,1075994.0,control,0,2024-02-05,2024,1.0,Male,White,1989.0,18.0,4.0,1.0,4.0,0.0,1.0,0.0,2025-08-05,0,2024,2024-01-01,2025-01-01,1,1,34503.55160967412,1.0,1,1,0.0,0.0,1,0
C_503_1075994.0,503,1075994.0,control,0,2024-02-05,2024,1.0,Male,White,1989.0,18.0,4.0,1.0,4.0,0.0,1.0,0.0,2025-08-05,1,2025,2025-01-01,2026-01-01,1,1,0.0,0.0,1,1,0.0,0.0,1,0
C_655_1721362.0,655,1721362.0,control,0,2021-06-03,2021,0.0,Male,White,1992.0,18.0,1.0,1.0,1.0,0.0,0.0,0.0,2022-12-02,-2,2019,2019-01-01,2020-01-01,0,0,0.0,0.0,1,1,0.0,0.0,1,0
C_655_1721362.0,655,1721362.0,control,0,2021-06-03,2021,0.0,Male,White,1992.0,18.0,1.0,1.0,1.0,0.0,0.0,0.0,2022-12-02,-1,2020,2020-01-01,2021-01-01,0,0,0.0,0.0,1,1,0.0,0.0,1,0
C_655_1721362.0,655,1721362.0,control,0,2021-06-03,2021,0.0,Male,White,1992.0,18.0,1.0,1.0,1.0,0.0,0.0,0.0,2022-12-02,0,2021,2021-01-01,2022-01-01,1,1,0.0,0.0,1,1,0.0,0.0,1,0
C_655_1721362.0,655,1721362.0,control,0,2021-06-03,2021,0.0,Male,White,1992.0,18.0,1.0,1.0,1.0,0.0,0.0,0.0,2022-12-02,1,2022,2022-01-01,2023-01-01,1,1,0.0,0.0,1,1,0.0,0.0,1,0
C_701_480129.0,701,480129.0,control,0,2018-01-08,2018,0.0,Male,Black,1995.0,23.0,0.0,0.0,0.0,0.0,0.0,0.0,2019-07-09,-2,2016,2016-01-01,2017-01-01,0,0,0.0,0.0,0,0,0.0,0.0,0,0
C_701_480129.0,701,480129.0,control,0,2018-01-08,2018,0.0,Male,Black,1995.0,23.0,0.0,0.0,0.0,0.0,0.0,0.0,2019-07-09,-1,2017,2017-01-01,2018-01-01,0,0,0.0,0.0,0,0,0.0,0.0,0,0
C_701_480129.0,701,480129.0,control,0,2018-01-08,2018,0.0,Male,Black,1995.0,23.0,0.0,0.0,0.0,0.0,0.0,0.0,2019-07-09,0,2018,2018-01-01,2019-01-01,1,1,1079.5852225686206,1.0,0,0,0.0,0.0,0,0
C_701_480129.0,701,480129.0,control,0,2018-01-08,2018,0.0,Male,Black,1995.0,23.0,0.0,0.0,0.0,0.0,0.0,0.0,2019-07-09,1,2019,2019-01-01,2020-01-01,1,1,0.0,0.0,0,1,1.0,1.0,0,0
C_702_1231972.0,702,1231972.0,control,0,2018-01-15,2018,0.0,Male,Black,1969.0,36.0,3.0,0.0,3.0,0.0,0.0,0.0,2019-07-16,-2,2016,2016-01-01,2017-01-01,0,0,0.0,0.0,1,1,0.0,0.0,1,0
C_702_1231972.0,702,1231972.0,control,0,2018-01-15,2018,0.0,Male,Black,1969.0,36.0,3.0,0.0,3.0,0.0,0.0,0.0,2019-07-16,-1,2017,2017-01-01,2018-01-01,0,0,0.0,0.0,1,1,0.0,0.0,1,0
C_702_1231972.0,702,1231972.0,control,0,2018-01-15,2018,0.0,Male,Black,1969.0,36.0,3.0,0.0,3.0,0.0,0.0,0.0,2019-07-16,0,2018,2018-01-01,2019-01-01,1,1,0.0,0.0,1,1,0.0,0.0,1,0
C_702_1231972.0,702,1231972.0,control,0,2018-01-15,2018,0.0,Male,Black,1969.0,36.0,3.0,0.0,3.0,0.0,0.0,0.0,2019-07-16,1,2019,2019-01-01,2020-01-01,1,1,0.0,0.0,1,1,0.0,0.0,1,0
C_709_142900.0,709,142900.0,control,0,2018-01-16,2018,0.0,Male,Black,1977.0,44.0,0.0,0.0,0.0,0.0,0.0,0.0,2019-07-17,-2,2016,2016-01-01,2017-01-01,0,0,0.0,0.0,0,0,0.0,0.0,0,0
C_709_142900.0,709,142900.0,control,0,2018-01-16,2018,0.0,Male,Black,1977.0,44.0,0.0,0.0,0.0,0.0,0.0,0.0,2019-07-17,-1,2017,2017-01-01,2018-01-01,0,0,0.0,0.0,0,0,0.0,0.0,0,0
C_709_142900.0,709,142900.0,control,0,2018-01-16,2018,0.0,Male,Black,1977.0,44.0,0.0,0.0,0.0,0.0,0.0,0.0,2019-07-17,0,2018,2018-01-01,2019-01-01,1,1,2667.1867834675563,1.0,0,0,0.0,0.0,0,0
C_709_142900.0,709,142900.0,control,0,2018-01-16,2018,0.0,Male,Black,1977.0,44.0,0.0,0.0,0.0,0.0,0.0,0.0,2019-07-17,1,2019,2019-01-01,2020-01-01,1,1,0.0,0.0,0,0,0.0,0.0,0,0
C_714_382452.0,714,382452.0,control,0,2018-02-19,2018,0.0,Male,Black,1993.0,26.0,0.0,0.0,0.0,0.0,0.0,0.0,2019-08-20,-2,2016,2016-01-01,2017-01-01,0,0,0.0,0.0,0,0,0.0,0.0,0,0
C_714_382452.0,714,382452.0,control,0,2018-02-19,2018,0.0,Male,Black,1993.0,26.0,0.0,0.0,0.0,0.0,0.0,0.0,2019-08-20,-1,2017,2017-01-01,2018-01-01,0,0,0.0,0.0,0,0,0.0,0.0,0,0
C_714_382452.0,714,382452.0,control,0,2018-02-19,2018,0.0,Male,Black,1993.0,26.0,0.0,0.0,0.0,0.0,0.0,0.0,2019-08-20,0,2018,2018-01-01,2019-01-01,1,1,0.0,0.0,0,0,0.0,0.0,0,0
C_714_382452.0,714,382452.0,control,0,2018-02-19,2018,0.0,Male,Black,1993.0,26.0,0.0,0.0,0.0,0.0,0.0,0.0,2019-08-20,1,2019,2019-01-01,2020-01-01,1,1,251.76071959803704,1.0,0,1,1.0,1.0,0,0
C_717_480129.0,717,480129.0,control,0,2018-02-05,2018,0.0,Male,Black,1995.0,23.0,0.0,0.0,0.0,0.0,0.0,0.0,2019-08-06,-2,2016,2016-01-01,2017-01-01,0,0,0.0,0.0,0,0,0.0,0.0,0,0
C_717_480129.0,717,480129.0,control,0,2018-02-05,2018,0.0,Male,Black,1995.0,23.0,0.0,0.0,0.0,0.0,0.0,0.0,2019-08-06,-1,2017,2017-01-01,2018-01-01,0,0,0.0,0.0,0,0,0.0,0.0,0,0
C_717_480129.0,717,480129.0,control,0,2018-02-05,2018,0.0,Male,Black,1995.0,23.0,0.0,0.0,0.0,0.0,0.0,0.0,2019-08-06,0,2018,2018-01-01,2019-01-01,1,1,1079.5852225686206,1.0,0,0,0.0,0.0,0,0
C_717_480129.0,717,480129.0,control,0,2018-02-05,2018,0.0,Male,Black,1995.0,23.0,0.0,0.0,0.0,0.0,0.0,0.0,2019-08-06,1,2019,2019-01-01,2020-01-01,1,1,0.0,0.0,0,1,1.0,1.0,0,0
C_721_372805.0,721,372805.0,control,0,2018-02-12,2018,0.0,Male,Black,1994.0,25.0,0.0,0.0,0.0,0.0,0.0,0.0,2019-08-13,-2,2016,2016-01-01,2017-01-01,0,0,0.0,0.0,0,0,0.0,0.0,0,0
C_721_372805.0,721,372805.0,control,0,2018-02-12,2018,0.0,Male,Black,1994.0,25.0,0.0,0.0,0.0,0.0,0.0,0.0,2019-08-13,-1,2017,2017-01-01,2018-01-01,0,0,0.0,0.0,0,0,0.0,0.0,0,0
C_721_372805.0,721,372805.0,control,0,2018-02-12,2018,0.0,Male,Black,1994.0,25.0,0.0,0.0,0.0,0.0,0.0,0.0,2019-08-13,0,2018,2018-01-01,2019-01-01,1,1,7935.904690648531,1.0,0,0,0.0,0.0,0,0
C_721_372805.0,721,372805.0,control,0,2018-02-12,2018,0.0,Male,Black,1994.0,25.0,0.0,0.0,0.0,0.0,0.0,0.0,2019-08-13,1,2019,2019-01-01,2020-01-01,1,1,6379.738297483404,1.0,0,1,1.0,1.0,0,0
C_723_1627873.0,723,1627873.0,control,0,2018-02-05,2018,0.0,Male,White,1997.0,18.0,2.0,1.0,2.0,0.0,1.0,0.0,2019-08-06,-2,2016,2016-01-01,2017-01-01,0,0,0.0,0.0,1,1,0.0,0.0,1,0
C_723_1627873.0,723,1627873.0,control,0,2018-02-05,2018,0.0,Male,White,1997.0,18.0,2.0,1.0,2.0,0.0,1.0,0.0,2019-08-06,-1,2017,2017-01-01,2018-01-01,0,0,0.0,0.0,1,1,0.0,0.0,1,0
C_723_1627873.0,723,1627873.0,control,0,2018-02-05,2018,0.0,Male,White,1997.0,18.0,2.0,1.0,2.0,0.0,1.0,0.0,2019-08-06,0,2018,2018-01-01,2019-01-01,1,1,11160.86681360396,1.0,1,1,0.0,0.0,1,0
C_723_1627873.0,723,1627873.0,control,0,2018-02-05,2018,0.0,Male,White,1997.0,18.0,2.0,1.0,2.0,0.0,1.0,0.0,2019-08-06,1,2019,2019-01-01,2020-01-01,1,1,11277.287847968491,1.0,1,1,0.0,0.0,1,0
C_724_375735.0,724,375735.0,control,0,2018-02-05,2018,0.0,Male,White,1988.0,30.0,0.0,0.0,0.0,0.0,1.0,0.0,2019-08-06,-2,2016,2016-01-01,2017-01-01,0,0,0.0,0.0,0,0,0.0,0.0,0,0
C_724_375735.0,724,375735.0,control,0,2018-02-05,2018,0.0,Male,White,1988.0,30.0,0.0,0.0,0.0,0.0,1.0,0.0,2019-08-06,-1,2017,2017-01-01,2018-01-01,0,0,0.0,0.0,0,0,0.0,0.0,0,0
C_724_375735.0,724,375735.0,control,0,2018-02-05,2018,0.0,Male,White,1988.0,30.0,0.0,0.0,0.0,0.0,1.0,0.0,2019-08-06,0,2018,2018-01-01,2019-01-01,1,1,6248.2162336792535,1.0,0,1,1.0,1.0,0,0
C_724_375735.0,724,375735.0,control,0,2018-02-05,2018,0.0,Male,White,1988.0,30.0,0.0,0.0,0.0,0.0,1.0,0.0,2019-08-06,1,2019,2019-01-01,2020-01-01,1,1,0.0,0.0,1,1,1.0,1.0,0,0
C_726_1214343.0,726,1214343.0,control,0,2018-02-12,2018,0.0,Male,Black,1992.0,23.0,1.0,0.0,1.0,0.0,1.0,0.0,2019-08-13,-2,2016,2016-01-01,2017-01-01,0,0,0.0,0.0,0,1,0.0,0.0,1,0
C_726_1214343.0,726,1214343.0,control,0,2018-02-12,2018,0.0,Male,Black,1992.0,23.0,1.0,0.0,1.0,0.0,1.0,0.0,2019-08-13,-1,2017,2017-01-01,2018-01-01,0,0,0.0,0.0,1,1,0.0,0.0,1,0
C_726_1214343.0,726,1214343.0,control,0,2018-02-12,2018,0.0,Male,Black,1992.0,23.0,1.0,0.0,1.0,0.0,1.0,0.0,2019-08-13,0,2018,2018-01-01,2019-01-01,1,1,14399.171617640164,1.0,1,1,0.0,0.0,1,0
C_726_1214343.0,726,1214343.0,control,0,2018-02-12,2018,0.0,Male,Black,1992.0,23.0,1.0,0.0,1.0,0.0,1.0,0.0,2019-08-13,1,2019,2019-01-01,2020-01-01,1,1,16303.991650077543,1.0,1,1,0.0,0.0,1,0
C_728_162065.0,728,162065.0,control,0,2018-02-26,2018,0.0,Male,Black,1981.0,39.0,0.0,0.0,0.0,0.0,0.0,0.0,2019-08-27,-2,2016,2016-01-01,2017-01-01,0,0,0.0,0.0,0,0,0.0,0.0,0,0
C_728_162065.0,728,162065.0,control,0,2018-02-26,2018,0.0,Male,Black,1981.0,39.0,0.0,0.0,0.0,0.0,0.0,0.0,2019-08-27,-1,2017,2017-01-01,2018-01-01,0,0,0.0,0.0,0,0,0.0,0.0,0,0
C_728_162065.0,728,162065.0,control,0,2018-02-26,2018,0.0,Male,Black,1981.0,39.0,0.0,0.0,0.0,0.0,0.0,0.0,2019-08-27,0,2018,2018-01-01,2019-01-01,1,1,0.0,0.0,0,0,0.0,0.0,0,0
C_728_162065.0,728,162065.0,control,0,2018-02-26,2018,0.0,Male,Black,1981.0,39.0,0.0,0.0,0.0,0.0,0.0,0.0,2019-08-27,1,2019,2019-01-01,2020-01-01,1,1,0.0,0.0,0,0,0.0,0.0,0,0
C_733_906410.0,733,906410.0,control,0,2018-03-05,2018,0.0,Male,Black,1975.0,43.0,0.0,0.0,0.0,0.0,1.0,0.0,2019-09-03,-2,2016,2016-01-01,2017-01-01,0,0,0.0,0.0,0,0,0.0,0.0,0,0
C_733_906410.0,733,906410.0,control,0,2018-03-05,2018,0.0,Male,Black,1975.0,43.0,0.0,0.0,0.0,0.0,1.0,0.0,2019-09-03,-1,2017,2017-01-01,2018-01-01,0,0,0.0,0.0,0,0,0.0,0.0,0,0
C_733_906410.0,733,906410.0,control,0,2018-03-05,2018,0.0,Male,Black,1975.0,43.0,0.0,0.0,0.0,0.0,1.0,0.0,2019-09-03,0,2018,2018-01-01,2019-01-01,1,1,29764.27737407478,1.0,0,0,0.0,0.0,0,0
C_733_906410.0,733,906410.0,control,0,2018-03-05,2018,0.0,Male,Black,1975.0,43.0,0.0,0.0,0.0,0.0,1.0,0.0,2019-09-03,1,2019,2019-01-01,2020-01-01,1,1,19106.804925123717,1.0,0,1,0.0,0.0,0,0
C_736_1247284.0,736,1247284.0,control,0,2018-03-05,2018,0.0,Male,Black,1989.0,21.0,1.0,0.0,1.0,0.0,0.0,0.0,2019-09-03,-2,2016,2016-01-01,2017-01-01,0,0,0.0,0.0,1,1,0.0,0.0,1,0
C_736_1247284.0,736,1247284.0,control,0,2018-03-05,2018,0.0,Male,Black,1989.0,21.0,1.0,0.0,1.0,0.0,0.0,0.0,2019-09-03,-1,2017,2017-01-01,2018-01-01,0,0,0.0,0.0,1,1,0.0,0.0,1,0
C_736_1247284.0,736,1247284.0,control,0,2018-03-05,2018,0.0,Male,Black,1989.0,21.0,1.0,0.0,1.0,0.0,0.0,0.0,2019-09-03,0,2018,2018-01-01,2019-01-01,1,1,0.0,0.0,1,1,0.0,0.0,1,0
C_736_1247284.0,736,1247284.0,control,0,2018-03-05,2018,0.0,Male,Black,1989.0,21.0,1.0,0.0,1.0,0.0,0.0,0.0,2019-09-03,1,2019,2019-01-01,2020-01-01,1,1,0.0,0.0,1,1,0.0,0.0,1,0
C_737_1458183.0,737,1458183.0,control,0,2018-03-12,2018,0.0,Male,Black,1990.0,18.0,7.0,1.0,7.0,0.0,0.0,0.0,2019-09-10,-2,2016,2016-01-01,2017-01-01,0,0,0.0,0.0,1,1,0.0,0.0,1,0
C_737_1458183.0,737,1458183.0,control,0,2018-03-12,2018,0.0,Male,Black,1990.0,18.0,7.0,1.0,7.0,0.0,0.0,0.0,2019-09-10,-1,2017,2017-01-01,2018-01-01,0,0,0.0,0.0,1,1,0.0,0.0,1,0
C_737_1458183.0,737,1458183.0,control,0,2018-03-12,2018,0.0,Male,Black,1990.0,18.0,7.0,1.0,7.0,0.0,0.0,0.0,2019-09-10,0,2018,2018-01-01,2019-01-01,1,1,0.0,0.0,1,1,0.0,0.0,1,0
C_737_1458183.0,737,1458183.0,control,0,2018-03-12,2018,0.0,Male,Black,1990.0,18.0,7.0,1.0,7.0,0.0,0.0,0.0,2019-09-10,1,2019,2019-01-01,2020-01-01,1,1,0.0,0.0,1,1,0.0,0.0,1,0
C_738_1259754.0,738,1259754.0,control,0,2018-03-12,2018,0.0,Male,White,1998.0,18.0,1.0,0.0,1.0,0.0,0.0,0.0,2019-09-10,-2,2016,2016-01-01,2017-01-01,0,0,0.0,0.0,0,1,0.0,0.0,1,0
C_738_1259754.0,738,1259754.0,control,0,2018-03-12,2018,0.0,Male,White,1998.0,18.0,1.0,0.0,1.0,0.0,0.0,0.0,2019-09-10,-1,2017,2017-01-01,2018-01-01,0,0,0.0,0.0,1,1,0.0,0.0,1,0
C_738_1259754.0,738,1259754.0,control,0,2018-03-12,2018,0.0,Male,White,1998.0,18.0,1.0,0.0,1.0,0.0,0.0,0.0,2019-09-10,0,2018,2018-01-01,2019-01-01,1,1,0.0,0.0,1,1,0.0,0.0,1,0
C_738_1259754.0,738,1259754.0,control,0,2018-03-12,2018,0.0,Male,White,1998.0,18.0,1.0,0.0,1.0,0.0,0.0,0.0,2019-09-10,1,2019,2019-01-01,2020-01-01,1,1,0.0,0.0,1,1,0.0,0.0,1,0
C_739_198208.0,739,198208.0,control,0,2018-03-12,2018,0.0,Male,Black,1986.0,32.0,0.0,0.0,0.0,0.0,0.0,0.0,2019-09-10,-2,2016,2016-01-01,2017-01-01,0,0,0.0,0.0,0,0,0.0,0.0,0,0
C_739_198208.0,739,198208.0,control,0,2018-03-12,2018,0.0,Male,Black,1986.0,32.0,0.0,0.0,0.0,0.0,0.0,0.0,2019-09-10,-1,2017,2017-01-01,2018-01-01,0,0,0.0,0.0,0,0,0.0,0.0,0,0
C_739_198208.0,739,198208.0,control,0,2018-03-12,2018,0.0,Male,Black,1986.0,32.0,0.0,0.0,0.0,0.0,0.0,0.0,2019-09-10,0,2018,2018-01-01,2019-01-01,1,1,0.0,0.0,0,1,1.0,1.0,0,0
C_739_198208.0,739,198208.0,control,0,2018-03-12,2018,0.0,Male,Black,1986.0,32.0,0.0,0.0,0.0,0.0,0.0,0.0,2019-09-10,1,2019,2019-01-01,2020-01-01,1,1,0.0,0.0,1,1,0.0,0.0,0,0
C_740_382452.0,740,382452.0,control,0,2018-03-12,2018,0.0,Male,Black,1993.0,26.0,0.0,0.0,0.0,0.0,0.0,0.0,2019-09-10,-2,2016,2016-01-01,2017-01-01,0,0,0.0,0.0,0,0,0.0,0.0,0,0
C_740_382452.0,740,382452.0,control,0,2018-03-12,2018,0.0,Male,Black,1993.0,26.0,0.0,0.0,0.0,0.0,0.0,0.0,2019-09-10,-1,2017,2017-01-01,2018-01-01,0,0,0.0,0.0,0,0,0.0,0.0,0,0
C_740_382452.0,740,382452.0,control,0,2018-03-12,2018,0.0,Male,Black,1993.0,26.0,0.0,0.0,0.0,0.0,0.0,0.0,2019-09-10,0,2018,2018-01-01,2019-01-01,1,1,0.0,0.0,0,0,0.0,0.0,0,0
C_740_382452.0,740,382452.0,control,0,2018-03-12,2018,0.0,Male,Black,1993.0,26.0,0.0,0.0,0.0,0.0,0.0,0.0,2019-09-10,1,2019,2019-01-01,2020-01-01,1,1,251.76071959803704,1.0,0,1,1.0,1.0,0,0
C_741_198208.0,741,198208.0,control,0,2018-03-12,2018,0.0,Male,Black,1986.0,32.0,0.0,0.0,0.0,0.0,0.0,0.0,2019-09-10,-2,2016,2016-01-01,2017-01-01,0,0,0.0,0.0,0,0,0.0,0.0,0,0
C_741_198208.0,741,198208.0,control,0,2018-03-12,2018,0.0,Male,Black,1986.0,32.0,0.0,0.0,0.0,0.0,0.0,0.0,2019-09-10,-1,2017,2017-01-01,2018-01-01,0,0,0.0,0.0,0,0,0.0,0.0,0,0
C_741_198208.0,741,198208.0,control,0,2018-03-12,2018,0.0,Male,Black,1986.0,32.0,0.0,0.0,0.0,0.0,0.0,0.0,2019-09-10,0,2018,2018-01-01,2019-01-01,1,1,0.0,0.0,0,1,1.0,1.0,0,0
C_741_198208.0,741,198208.0,control,0,2018-03-12,2018,0.0,Male,Black,1986.0,32.0,0.0,0.0,0.0,0.0,0.0,0.0,2019-09-10,1,2019,2019-01-01,2020-01-01,1,1,0.0,0.0,1,1,0.0,0.0,0,0
C_742_1524219.0,742,1524219.0,control,0,2018-03-12,2018,0.0,Male,Black,1984.0,22.0,4.0,1.0,4.0,0.0,0.0,0.0,2019-09-10,-2,2016,2016-01-01,2017-01-01,0,0,0.0,0.0,1,1,0.0,0.0,1,0
C_742_1524219.0,742,1524219.0,control,0,2018-03-12,2018,0.0,Male,Black,1984.0,22.0,4.0,1.0,4.0,0.0,0.0,0.0,2019-09-10,-1,2017,2017-01-01,2018-01-01,0,0,0.0,0.0,1,1,0.0,0.0,1,0
C_742_1524219.0,742,1524219.0,control,0,2018-03-12,2018,0.0,Male,Black,1984.0,22.0,4.0,1.0,4.0,0.0,0.0,0.0,2019-09-10,0,2018,2018-01-01,2019-01-01,1,1,0.0,0.0,1,1,0.0,0.0,1,0
C_742_1524219.0,742,1524219.0,control,0,2018-03-12,2018,0.0,Male,Black,1984.0,22.0,4.0,1.0,4.0,0.0,0.0,0.0,2019-09-10,1,2019,2019-01-01,2020-01-01,1,1,0.0,0.0,1,1,0.0,0.0,1,0
C_743_848139.0,743,848139.0,control,0,2018-03-19,2018,0.0,Male,Black,2001.0,18.0,0.0,0.0,0.0,0.0,0.0,0.0,2019-09-17,-2,2016,2016-01-01,2017-01-01,0,0,0.0,0.0,0,0,0.0,0.0,0,0
C_743_848139.0,743,848139.0,control,0,2018-03-19,2018,0.0,Male,Black,2001.0,18.0,0.0,0.0,0.0,0.0,0.0,0.0,2019-09-17,-1,2017,2017-01-01,2018-01-01,0,0,0.0,0.0,0,0,0.0,0.0,0,0
C_743_848139.0,743,848139.0,control,0,2018-03-19,2018,0.0,Male,Black,2001.0,18.0,0.0,0.0,0.0,0.0,0.0,0.0,2019-09-17,0,2018,2018-01-01,2019-01-01,1,1,0.0,0.0,0,0,0.0,0.0,0,0
C_743_848139.0,743,848139.0,control,0,2018-03-19,2018,0.0,Male,Black,2001.0,18.0,0.0,0.0,0.0,0.0,0.0,0.0,2019-09-17,1,2019,2019-01-01,2020-01-01,1,1,0.0,0.0,0,1,2.0,1.0,0,0
C_744_1447745.0,744,1447745.0,control,0,2018-03-19,2018,0.0,Female,Black,1986.0,18.0,2.0,0.0,2.0,0.0,0.0,0.0,2019-09-17,-2,2016,2016-01-01,2017-01-01,0,0,0.0,0.0,1,1,0.0,0.0,1,0
C_744_1447745.0,744,1447745.0,control,0,2018-03-19,2018,0.0,Female,Black,1986.0,18.0,2.0,0.0,2.0,0.0,0.0,0.0,2019-09-17,-1,2017,2017-01-01,2018-01-01,0,0,0.0,0.0,1,1,0.0,0.0,1,0
C_744_1447745.0,744,1447745.0,control,0,2018-03-19,2018,0.0,Female,Black,1986.0,18.0,2.0,0.0,2.0,0.0,0.0,0.0,2019-09-17,0,2018,2018-01-01,2019-01-01,1,1,5722.505234483645,1.0,1,1,0.0,0.0,1,0
C_744_1447745.0,744,1447745.0,control,0,2018-03-19,2018,0.0,Female,Black,1986.0,18.0,2.0,0.0,2.0,0.0,0.0,0.0,2019-09-17,1,2019,2019-01-01,2020-01-01,1,1,0.0,0.0,1,1,0.0,0.0,1,0
C_752_382452.0,752,382452.0,control,0,2018-03-26,2018,0.0,Male,Black,1993.0,26.0,0.0,0.0,0.0,0.0,0.0,0.0,2019-09-24,-2,2016,2016-01-01,2017-01-01,0,0,0.0,0.0,0,0,0.0,0.0,0,0
C_752_382452.0,752,382452.0,control,0,2018-03-26,2018,0.0,Male,Black,1993.0,26.0,0.0,0.0,0.0,0.0,0.0,0.0,2019-09-24,-1,2017,2017-01-01,2018-01-01,0,0,0.0,0.0,0,0,0.0,0.0,0,0
C_752_382452.0,752,382452.0,control,0,2018-03-26,2018,0.0,Male,Black,1993.0,26.0,0.0,0.0,0.0,0.0,0.0,0.0,2019-09-24,0,2018,2018-01-01,2019-01-01,1,1,0.0,0.0,0,0,0.0,0.0,0,0
C_752_382452.0,752,382452.0,control,0,2018-03-26,2018,0.0,Male,Black,1993.0,26.0,0.0,0.0,0.0,0.0,0.0,0.0,2019-09-24,1,2019,2019-01-01,2020-01-01,1,1,251.76071959803704,1.0,0,1,1.0,1.0,0,0
C_756_382452.0,756,382452.0,control,0,2018-04-02,2018,0.0,Male,Black,1993.0,26.0,0.0,0.0,0.0,0.0,0.0,0.0,2019-10-01,-2,2016,2016-01-01,2017-01-01,0,0,0.0,0.0,0,0,0.0,0.0,0,0
C_756_382452.0,756,382452.0,control,0,2018-04-02,2018,0.0,Male,Black,1993.0,26.0,0.0,0.0,0.0,0.0,0.0,0.0,2019-10-01,-1,2017,2017-01-01,2018-01-01,0,0,0.0,0.0,0,0,0.0,0.0,0,0
C_756_382452.0,756,382452.0,control,0,2018-04-02,2018,0.0,Male,Black,1993.0,26.0,0.0,0.0,0.0,0.0,0.0,0.0,2019-10-01,0,2018,2018-01-01,2019-01-01,1,1,0.0,0.0,0,0,0.0,0.0,0,0
C_756_382452.0,756,382452.0,control,0,2018-04-02,2018,0.0,Male,Black,1993.0,26.0,0.0,0.0,0.0,0.0,0.0,0.0,2019-10-01,1,2019,2019-01-01,2020-01-01,1,1,251.76071959803704,1.0,0,1,1.0,1.0,0,0
C_758_1232243.0,758,1232243.0,control,0,2018-04-16,2018,0.0,Male,Black,1979.0,24.0,1.0,0.0,1.0,0.0,0.0,0.0,2019-10-15,-2,2016,2016-01-01,2017-01-01,0,0,0.0,0.0,1,1,0.0,0.0,1,0
C_758_1232243.0,758,1232243.0,control,0,2018-04-16,2018,0.0,Male,Black,1979.0,24.0,1.0,0.0,1.0,0.0,0.0,0.0,2019-10-15,-1,2017,2017-01-01,2018-01-01,0,0,0.0,0.0,1,1,0.0,0.0,1,0
C_758_1232243.0,758,1232243.0,control,0,2018-04-16,2018,0.0,Male,Black,1979.0,24.0,1.0,0.0,1.0,0.0,0.0,0.0,2019-10-15,0,2018,2018-01-01,2019-01-01,1,1,0.0,0.0,1,1,0.0,0.0,1,0
C_758_1232243.0,758,1232243.0,control,0,2018-04-16,2018,0.0,Male,Black,1979.0,24.0,1.0,0.0,1.0,0.0,0.0,0.0,2019-10-15,1,2019,2019-01-01,2020-01-01,1,1,0.0,0.0,1,1,0.0,0.0,1,0
C_759_1082018.0,759,1082018.0,control,0,2018-04-23,2018,0.0,Male,Black,1996.0,18.0,5.0,1.0,5.0,0.0,0.0,0.0,2019-10-22,-2,2016,2016-01-01,2017-01-01,0,0,0.0,0.0,1,1,0.0,0.0,1,0
C_759_1082018.0,759,1082018.0,control,0,2018-04-23,2018,0.0,Male,Black,1996.0,18.0,5.0,1.0,5.0,0.0,0.0,0.0,2019-10-22,-1,2017,2017-01-01,2018-01-01,0,0,0.0,0.0,1,1,0.0,0.0,1,0
C_759_1082018.0,759,1082018.0,control,0,2018-04-23,2018,0.0,Male,Black,1996.0,18.0,5.0,1.0,5.0,0.0,0.0,0.0,2019-10-22,0,2018,2018-01-01,2019-01-01,1,1,639.7678012044595,1.0,1,1,0.0,0.0,1,0
C_759_1082018.0,759,1082018.0,control,0,2018-04-23,2018,0.0,Male,Black,1996.0,18.0,5.0,1.0,5.0,0.0,0.0,0.0,2019-10-22,1,2019,2019-01-01,2020-01-01,1,1,1499.1522647343452,1.0,1,1,0.0,0.0,1,0
C_760_372805.0,760,372805.0,control,0,2018-04-16,2018,0.0,Male,Black,1994.0,25.0,0.0,0.0,0.0,0.0,0.0,0.0,2019-10-15,-2,2016,2016-01-01,2017-01-01,0,0,0.0,0.0,0,0,0.0,0.0,0,0
C_760_372805.0,760,372805.0,control,0,2018-04-16,2018,0.0,Male,Black,1994.0,25.0,0.0,0.0,0.0,0.0,0.0,0.0,2019-10-15,-1,2017,2017-01-01,2018-01-01,0,0,0.0,0.0,0,0,0.0,0.0,0,0
C_760_372805.0,760,372805.0,control,0,2018-04-16,2018,0.0,Male,Black,1994.0,25.0,0.0,0.0,0.0,0.0,0.0,0.0,2019-10-15,0,2018,2018-01-01,2019-01-01,1,1,7935.904690648531,1.0,0,0,0.0,0.0,0,0
C_760_372805.0,760,372805.0,control,0,2018-04-16,2018,0.0,Male,Black,1994.0,25.0,0.0,0.0,0.0,0.0,0.0,0.0,2019-10-15,1,2019,2019-01-01,2020-01-01,1,1,6379.738297483404,1.0,0,1,1.0,1.0,0,0
C_762_1896124.0,762,1896124.0,control,0,2018-04-23,2018,0.0,Male,Black,1987.0,20.0,21.0,1.0,31.0,3894.4804164051825,0.0,0.0,2019-10-22,-2,2016,2016-01-01,2017-01-01,0,0,0.0,0.0,1,1,0.0,0.0,1,0
C_762_1896124.0,762,1896124.0,control,0,2018-04-23,2018,0.0,Male,Black,1987.0,20.0,21.0,1.0,31.0,3894.4804164051825,0.0,0.0,2019-10-22,-1,2017,2017-01-01,2018-01-01,0,0,0.0,0.0,1,1,0.0,0.0,1,0
C_762_1896124.0,762,1896124.0,control,0,2018-04-23,2018,0.0,Male,Black,1987.0,20.0,21.0,1.0,31.0,3894.4804164051825,0.0,0.0,2019-10-22,0,2018,2018-01-01,2019-01-01,1,1,1321.1044993687185,1.0,1,1,0.0,0.0,1,0
C_762_1896124.0,762,1896124.0,control,0,2018-04-23,2018,0.0,Male,Black,1987.0,20.0,21.0,1.0,31.0,3894.4804164051825,0.0,0.0,2019-10-22,1,2019,2019-01-01,2020-01-01,1,1,0.0,0.0,1,1,0.0,0.0,1,0
C_763_312325.0,763,312325.0,control,0,2018-05-21,2018,0.0,Male,White,1991.0,27.0,0.0,0.0,0.0,0.0,0.0,0.0,2019-11-19,-2,2016,2016-01-01,2017-01-01,0,0,0.0,0.0,0,0,0.0,0.0,0,0
C_763_312325.0,763,312325.0,control,0,2018-05-21,2018,0.0,Male,White,1991.0,27.0,0.0,0.0,0.0,0.0,0.0,0.0,2019-11-19,-1,2017,2017-01-01,2018-01-01,0,0,0.0,0.0,0,0,0.0,0.0,0,0
C_763_312325.0,763,312325.0,control,0,2018-05-21,2018,0.0,Male,White,1991.0,27.0,0.0,0.0,0.0,0.0,0.0,0.0,2019-11-19,0,2018,2018-01-01,2019-01-01,1,1,0.0,0.0,0,0,0.0,0.0,0,0
C_763_312325.0,763,312325.0,control,0,2018-05-21,2018,0.0,Male,White,1991.0,27.0,0.0,0.0,0.0,0.0,0.0,0.0,2019-11-19,1,2019,2019-01-01,2020-01-01,1,1,0.0,0.0,0,1,1.0,1.0,0,0
C_764_757552.0,764,757552.0,control,0,2018-04-23,2018,0.0,Female,Black,1993.0,26.0,0.0,0.0,0.0,0.0,0.0,0.0,2019-10-22,-2,2016,2016-01-01,2017-01-01,0,0,0.0,0.0,0,0,0.0,0.0,0,0
C_764_757552.0,764,757552.0,control,0,2018-04-23,2018,0.0,Female,Black,1993.0,26.0,0.0,0.0,0.0,0.0,0.0,0.0,2019-10-22,-1,2017,2017-01-01,2018-01-01,0,0,0.0,0.0,0,0,0.0,0.0,0,0
C_764_757552.0,764,757552.0,control,0,2018-04-23,2018,0.0,Female,Black,1993.0,26.0,0.0,0.0,0.0,0.0,0.0,0.0,2019-10-22,0,2018,2018-01-01,2019-01-01,1,1,12609.883806712487,1.0,0,0,0.0,0.0,0,0
C_764_757552.0,764,757552.0,control,0,2018-04-23,2018,0.0,Female,Black,1993.0,26.0,0.0,0.0,0.0,0.0,0.0,0.0,2019-10-22,1,2019,2019-01-01,2020-01-01,1,1,209.0654518847216,1.0,0,1,1.0,1.0,0,0
C_765_1232243.0,765,1232243.0,control,0,2018-05-14,2018,0.0,Male,Black,1979.0,24.0,1.0,0.0,1.0,0.0,0.0,0.0,2019-11-12,-2,2016,2016-01-01,2017-01-01,0,0,0.0,0.0,1,1,0.0,0.0,1,0
C_765_1232243.0,765,1232243.0,control,0,2018-05-14,2018,0.0,Male,Black,1979.0,24.0,1.0,0.0,1.0,0.0,0.0,0.0,2019-11-12,-1,2017,2017-01-01,2018-01-01,0,0,0.0,0.0,1,1,0.0,0.0,1,0
C_765_1232243.0,765,1232243.0,control,0,2018-05-14,2018,0.0,Male,Black,1979.0,24.0,1.0,0.0,1.0,0.0,0.0,0.0,2019-11-12,0,2018,2018-01-01,2019-01-01,1,1,0.0,0.0,1,1,0.0,0.0,1,0
C_765_1232243.0,765,1232243.0,control,0,2018-05-14,2018,0.0,Male,Black,1979.0,24.0,1.0,0.0,1.0,0.0,0.0,0.0,2019-11-12,1,2019,2019-01-01,2020-01-01,1,1,0.0,0.0,1,1,0.0,0.0,1,0
C_767_372805.0,767,372805.0,control,0,2018-05-07,2018,0.0,Male,Black,1994.0,25.0,0.0,0.0,0.0,0.0,0.0,0.0,2019-11-05,-2,2016,2016-01-01,2017-01-01,0,0,0.0,0.0,0,0,0.0,0.0,0,0
C_767_372805.0,767,372805.0,control,0,2018-05-07,2018,0.0,Male,Black,1994.0,25.0,0.0,0.0,0.0,0.0,0.0,0.0,2019-11-05,-1,2017,2017-01-01,2018-01-01,0,0,0.0,0.0,0,0,0.0,0.0,0,0
C_767_372805.0,767,372805.0,control,0,2018-05-07,2018,0.0,Male,Black,1994.0,25.0,0.0,0.0,0.0,0.0,0.0,0.0,2019-11-05,0,2018,2018-01-01,2019-01-01,1,1,7935.904690648531,1.0,0,0,0.0,0.0,0,0
C_767_372805.0,767,372805.0,control,0,2018-05-07,2018,0.0,Male,Black,1994.0,25.0,0.0,0.0,0.0,0.0,0.0,0.0,2019-11-05,1,2019,2019-01-01,2020-01-01,1,1,6379.738297483404,1.0,0,1,1.0,1.0,0,0
C_768_326088.0,768,326088.0,control,0,2018-05-07,2018,0.0,Male,Unknown,1985.0,32.0,0.0,0.0,1.0,0.0,0.0,0.0,2019-11-05,-2,2016,2016-01-01,2017-01-01,0,0,0.0,0.0,0,0,0.0,0.0,1,0
C_768_326088.0,768,326088.0,control,0,2018-05-07,2018,0.0,Male,Unknown,1985.0,32.0,0.0,0.0,1.0,0.0,0.0,0.0,2019-11-05,-1,2017,2017-01-01,2018-01-01,0,0,0.0,0.0,0,0,0.0,0.0,1,0
C_768_326088.0,768,326088.0,control,0,2018-05-07,2018,0.0,Male,Unknown,1985.0,32.0,0.0,0.0,1.0,0.0,0.0,0.0,2019-11-05,0,2018,2018-01-01,2019-01-01,1,1,0.0,0.0,0,1,0.0,0.0,1,0
C_768_326088.0,768,326088.0,control,0,2018-05-07,2018,0.0,Male,Unknown,1985.0,32.0,0.0,0.0,1.0,0.0,0.0,0.0,2019-11-05,1,2019,2019-01-01,2020-01-01,1,1,0.0,0.0,1,1,0.0,0.0,1,0
C_769_372805.0,769,372805.0,control,0,2018-05-14,2018,0.0,Male,Black,1994.0,25.0,0.0,0.0,0.0,0.0,0.0,0.0,2019-11-12,-2,2016,2016-01-01,2017-01-01,0,0,0.0,0.0,0,0,0.0,0.0,0,0
C_769_372805.0,769,372805.0,control,0,2018-05-14,2018,0.0,Male,Black,1994.0,25.0,0.0,0.0,0.0,0.0,0.0,0.0,2019-11-12,-1,2017,2017-01-01,2018-01-01,0,0,0.0,0.0,0,0,0.0,0.0,0,0
C_769_372805.0,769,372805.0,control,0,2018-05-14,2018,0.0,Male,Black,1994.0,25.0,0.0,0.0,0.0,0.0,0.0,0.0,2019-11-12,0,2018,2018-01-01,2019-01-01,1,1,7935.904690648531,1.0,0,0,0.0,0.0,0,0
C_769_372805.0,769,372805.0,control,0,2018-05-14,2018,0.0,Male,Black,1994.0,25.0,0.0,0.0,0.0,0.0,0.0,0.0,2019-11-12,1,2019,2019-01-01,2020-01-01,1,1,6379.738297483404,1.0,0,1,1.0,1.0,0,0
C_771_1214343.0,771,1214343.0,control,0,2018-05-14,2018,0.0,Male,Black,1992.0,23.0,1.0,0.0,1.0,156.84255601904832,1.0,0.0,2019-11-12,-2,2016,2016-01-01,2017-01-01,0,0,0.0,0.0,0,1,0.0,0.0,1,0
C_771_1214343.0,771,1214343.0,control,0,2018-05-14,2018,0.0,Male,Black,1992.0,23.0,1.0,0.0,1.0,156.84255601904832,1.0,0.0,2019-11-12,-1,2017,2017-01-01,2018-01-01,0,0,0.0,0.0,1,1,0.0,0.0,1,0
C_771_1214343.0,771,1214343.0,control,0,2018-05-14,2018,0.0,Male,Black,1992.0,23.0,1.0,0.0,1.0,156.84255601904832,1.0,0.0,2019-11-12,0,2018,2018-01-01,2019-01-01,1,1,14399.171617640164,1.0,1,1,0.0,0.0,1,0
C_771_1214343.0,771,1214343.0,control,0,2018-05-14,2018,0.0,Male,Black,1992.0,23.0,1.0,0.0,1.0,156.84255601904832,1.0,0.0,2019-11-12,1,2019,2019-01-01,2020-01-01,1,1,22638.4415661467,1.0,1,1,0.0,0.0,1,0
C_772_1893879.0,772,1893879.0,control,0,2018-05-21,2018,0.0,Female,Black,1980.0,22.0,7.0,1.0,7.0,8411.014360072353,1.0,0.0,2019-11-19,-2,2016,2016-01-01,2017-01-01,0,0,0.0,0.0,1,1,0.0,0.0,1,0
C_772_1893879.0,772,1893879.0,control,0,2018-05-21,2018,0.0,Female,Black,1980.0,22.0,7.0,1.0,7.0,8411.014360072353,1.0,0.0,2019-11-19,-1,2017,2017-01-01,2018-01-01,0,0,0.0,0.0,1,1,0.0,0.0,1,0
C_772_1893879.0,772,1893879.0,control,0,2018-05-21,2018,0.0,Female,Black,1980.0,22.0,7.0,1.0,7.0,8411.014360072353,1.0,0.0,2019-11-19,0,2018,2018-01-01,2019-01-01,1,1,30768.69817933921,1.0,1,1,0.0,0.0,1,0
C_772_1893879.0,772,1893879.0,control,0,2018-05-21,2018,0.0,Female,Black,1980.0,22.0,7.0,1.0,7.0,8411.014360072353,1.0,0.0,2019-11-19,1,2019,2019-01-01,2020-01-01,1,1,28199.79519977186,1.0,1,1,0.0,0.0,1,0
C_775_861599.0,775,861599.0,control,0,2018-06-04,2018,0.0,Male,Black,1998.0,20.0,0.0,0.0,0.0,0.0,1.0,0.0,2019-12-03,-2,2016,2016-01-01,2017-01-01,0,0,0.0,0.0,0,0,0.0,0.0,0,0
C_775_861599.0,775,861599.0,control,0,2018-06-04,2018,0.0,Male,Black,1998.0,20.0,0.0,0.0,0.0,0.0,1.0,0.0,2019-12-03,-1,2017,2017-01-01,2018-01-01,0,0,0.0,0.0,0,0,0.0,0.0,0,0
C_775_861599.0,775,861599.0,control,0,2018-06-04,2018,0.0,Male,Black,1998.0,20.0,0.0,0.0,0.0,0.0,1.0,0.0,2019-12-03,0,2018,2018-01-01,2019-01-01,1,1,2218.549633209013,1.0,0,1,2.0,1.0,0,0
C_775_861599.0,775,861599.0,control,0,2018-06-04,2018,0.0,Male,Black,1998.0,20.0,0.0,0.0,0.0,0.0,1.0,0.0,2019-12-03,1,2019,2019-01-01,2020-01-01,1,1,291.9267590341539,1.0,1,1,0.0,0.0,0,0
C_776_1896124.0,776,1896124.0,control,0,2018-05-29,2018,0.0,Male,Black,1987.0,20.0,31.0,1.0,31.0,3894.4804164051825,0.0,0.0,2019-11-27,-2,2016,2016-01-01,2017-01-01,0,0,0.0,0.0,1,1,0.0,0.0,1,0
C_776_1896124.0,776,1896124.0,control,0,2018-05-29,2018,0.0,Male,Black,1987.0,20.0,31.0,1.0,31.0,3894.4804164051825,0.0,0.0,2019-11-27,-1,2017,2017-01-01,2018-01-01,0,0,0.0,0.0,1,1,0.0,0.0,1,0
C_776_1896124.0,776,1896124.0,control,0,2018-05-29,2018,0.0,Male,Black,1987.0,20.0,31.0,1.0,31.0,3894.4804164051825,0.0,0.0,2019-11-27,0,2018,2018-01-01,2019-01-01,1,1,1321.1044993687185,1.0,1,1,0.0,0.0,1,0
C_776_1896124.0,776,1896124.0,control,0,2018-05-29,2018,0.0,Male,Black,1987.0,20.0,31.0,1.0,31.0,3894.4804164051825,0.0,0.0,2019-11-27,1,2019,2019-01-01,2020-01-01,1,1,0.0,0.0,1,1,0.0,0.0,1,0
C_780_162065.0,780,162065.0,control,0,2018-05-29,2018,0.0,Male,Black,1981.0,39.0,0.0,0.0,0.0,0.0,0.0,0.0,2019-11-27,-2,2016,2016-01-01,2017-01-01,0,0,0.0,0.0,0,0,0.0,0.0,0,0
C_780_162065.0,780,162065.0,control,0,2018-05-29,2018,0.0,Male,Black,1981.0,39.0,0.0,0.0,0.0,0.0,0.0,0.0,2019-11-27,-1,2017,2017-01-01,2018-01-01,0,0,0.0,0.0,0,0,0.0,0.0,0,0
C_780_162065.0,780,162065.0,control,0,2018-05-29,2018,0.0,Male,Black,1981.0,39.0,0.0,0.0,0.0,0.0,0.0,0.0,2019-11-27,0,2018,2018-01-01,2019-01-01,1,1,0.0,0.0,0,0,0.0,0.0,0,0
C_780_162065.0,780,162065.0,control,0,2018-05-29,2018,0.0,Male,Black,1981.0,39.0,0.0,0.0,0.0,0.0,0.0,0.0,2019-11-27,1,2019,2019-01-01,2020-01-01,1,1,0.0,0.0,0,0,0.0,0.0,0,0
C_783_1896124.0,783,1896124.0,control,0,2018-06-11,2018,0.0,Male,Black,1987.0,20.0,31.0,1.0,31.0,3894.4804164051825,0.0,0.0,2019-12-10,-2,2016,2016-01-01,2017-01-01,0,0,0.0,0.0,1,1,0.0,0.0,1,0
C_783_1896124.0,783,1896124.0,control,0,2018-06-11,2018,0.0,Male,Black,1987.0,20.0,31.0,1.0,31.0,3894.4804164051825,0.0,0.0,2019-12-10,-1,2017,2017-01-01,2018-01-01,0,0,0.0,0.0,1,1,0.0,0.0,1,0
C_783_1896124.0,783,1896124.0,control,0,2018-06-11,2018,0.0,Male,Black,1987.0,20.0,31.0,1.0,31.0,3894.4804164051825,0.0,0.0,2019-12-10,0,2018,2018-01-01,2019-01-01,1,1,1321.1044993687185,1.0,1,1,0.0,0.0,1,0
C_783_1896124.0,783,1896124.0,control,0,2018-06-11,2018,0.0,Male,Black,1987.0,20.0,31.0,1.0,31.0,3894.4804164051825,0.0,0.0,2019-12-10,1,2019,2019-01-01,2020-01-01,1,1,0.0,0.0,1,1,0.0,0.0,1,0
C_784_861599.0,784,861599.0,control,0,2018-06-04,2018,0.0,Male,Black,1998.0,20.0,0.0,0.0,0.0,0.0,1.0,0.0,2019-12-03,-2,2016,2016-01-01,2017-01-01,0,0,0.0,0.0,0,0,0.0,0.0,0,0
C_784_861599.0,784,861599.0,control,0,2018-06-04,2018,0.0,Male,Black,1998.0,20.0,0.0,0.0,0.0,0.0,1.0,0.0,2019-12-03,-1,2017,2017-01-01,2018-01-01,0,0,0.0,0.0,0,0,0.0,0.0,0,0
C_784_861599.0,784,861599.0,control,0,2018-06-04,2018,0.0,Male,Black,1998.0,20.0,0.0,0.0,0.0,0.0,1.0,0.0,2019-12-03,0,2018,2018-01-01,2019-01-01,1,1,2218.549633209013,1.0,0,1,2.0,1.0,0,0
C_784_861599.0,784,861599.0,control,0,2018-06-04,2018,0.0,Male,Black,1998.0,20.0,0.0,0.0,0.0,0.0,1.0,0.0,2019-12-03,1,2019,2019-01-01,2020-01-01,1,1,291.9267590341539,1.0,1,1,0.0,0.0,0,0
C_785_1458183.0,785,1458183.0,control,0,2018-06-04,2018,0.0,Male,Black,1990.0,18.0,7.0,1.0,7.0,0.0,0.0,0.0,2019-12-03,-2,2016,2016-01-01,2017-01-01,0,0,0.0,0.0,1,1,0.0,0.0,1,0
C_785_1458183.0,785,1458183.0,control,0,2018-06-04,2018,0.0,Male,Black,1990.0,18.0,7.0,1.0,7.0,0.0,0.0,0.0,2019-12-03,-1,2017,2017-01-01,2018-01-01,0,0,0.0,0.0,1,1,0.0,0.0,1,0
C_785_1458183.0,785,1458183.0,control,0,2018-06-04,2018,0.0,Male,Black,1990.0,18.0,7.0,1.0,7.0,0.0,0.0,0.0,2019-12-03,0,2018,2018-01-01,2019-01-01,1,1,0.0,0.0,1,1,0.0,0.0,1,0
C_785_1458183.0,785,1458183.0,control,0,2018-06-04,2018,0.0,Male,Black,1990.0,18.0,7.0,1.0,7.0,0.0,0.0,0.0,2019-12-03,1,2019,2019-01-01,2020-01-01,1,1,0.0,0.0,1,1,0.0,0.0,1,0
C_787_1458183.0,787,1458183.0,control,0,2018-06-18,2018,0.0,Male,Black,1990.0,18.0,7.0,1.0,7.0,0.0,0.0,0.0,2019-12-17,-2,2016,2016-01-01,2017-01-01,0,0,0.0,0.0,1,1,0.0,0.0,1,0
C_787_1458183.0,787,1458183.0,control,0,2018-06-18,2018,0.0,Male,Black,1990.0,18.0,7.0,1.0,7.0,0.0,0.0,0.0,2019-12-17,-1,2017,2017-01-01,2018-01-01,0,0,0.0,0.0,1,1,0.0,0.0,1,0
C_787_1458183.0,787,1458183.0,control,0,2018-06-18,2018,0.0,Male,Black,1990.0,18.0,7.0,1.0,7.0,0.0,0.0,0.0,2019-12-17,0,2018,2018-01-01,2019-01-01,1,1,0.0,0.0,1,1,0.0,0.0,1,0
C_787_1458183.0,787,1458183.0,control,0,2018-06-18,2018,0.0,Male,Black,1990.0,18.0,7.0,1.0,7.0,0.0,0.0,0.0,2019-12-17,1,2019,2019-01-01,2020-01-01,1,1,0.0,0.0,1,1,0.0,0.0,1,0
C_789_1247284.0,789,1247284.0,control,0,2018-06-25,2018,0.0,Male,Black,1989.0,21.0,1.0,0.0,1.0,0.0,0.0,0.0,2019-12-24,-2,2016,2016-01-01,2017-01-01,0,0,0.0,0.0,1,1,0.0,0.0,1,0
C_789_1247284.0,789,1247284.0,control,0,2018-06-25,2018,0.0,Male,Black,1989.0,21.0,1.0,0.0,1.0,0.0,0.0,0.0,2019-12-24,-1,2017,2017-01-01,2018-01-01,0,0,0.0,0.0,1,1,0.0,0.0,1,0
C_789_1247284.0,789,1247284.0,control,0,2018-06-25,2018,0.0,Male,Black,1989.0,21.0,1.0,0.0,1.0,0.0,0.0,0.0,2019-12-24,0,2018,2018-01-01,2019-01-01,1,1,0.0,0.0,1,1,0.0,0.0,1,0
C_789_1247284.0,789,1247284.0,control,0,2018-06-25,2018,0.0,Male,Black,1989.0,21.0,1.0,0.0,1.0,0.0,0.0,0.0,2019-12-24,1,2019,2019-01-01,2020-01-01,1,1,0.0,0.0,1,1,0.0,0.0,1,0
C_790_162065.0,790,162065.0,control,0,2018-06-25,2018,0.0,Male,Black,1981.0,39.0,0.0,0.0,0.0,0.0,0.0,0.0,2019-12-24,-2,2016,2016-01-01,2017-01-01,0,0,0.0,0.0,0,0,0.0,0.0,0,0
C_790_162065.0,790,162065.0,control,0,2018-06-25,2018,0.0,Male,Black,1981.0,39.0,0.0,0.0,0.0,0.0,0.0,0.0,2019-12-24,-1,2017,2017-01-01,2018-01-01,0,0,0.0,0.0,0,0,0.0,0.0,0,0
C_790_162065.0,790,162065.0,control,0,2018-06-25,2018,0.0,Male,Black,1981.0,39.0,0.0,0.0,0.0,0.0,0.0,0.0,2019-12-24,0,2018,2018-01-01,2019-01-01,1,1,0.0,0.0,0,0,0.0,0.0,0,0
C_790_162065.0,790,162065.0,control,0,2018-06-25,2018,0.0,Male,Black,1981.0,39.0,0.0,0.0,0.0,0.0,0.0,0.0,2019-12-24,1,2019,2019-01-01,2020-01-01,1,1,0.0,0.0,0,0,0.0,0.0,0,0
C_792_1458183.0,792,1458183.0,control,0,2018-06-25,2018,0.0,Male,Black,1990.0,18.0,7.0,1.0,7.0,0.0,0.0,0.0,2019-12-24,-2,2016,2016-01-01,2017-01-01,0,0,0.0,0.0,1,1,0.0,0.0,1,0
C_792_1458183.0,792,1458183.0,control,0,2018-06-25,2018,0.0,Male,Black,1990.0,18.0,7.0,1.0,7.0,0.0,0.0,0.0,2019-12-24,-1,2017,2017-01-01,2018-01-01,0,0,0.0,0.0,1,1,0.0,0.0,1,0
C_792_1458183.0,792,1458183.0,control,0,2018-06-25,2018,0.0,Male,Black,1990.0,18.0,7.0,1.0,7.0,0.0,0.0,0.0,2019-12-24,0,2018,2018-01-01,2019-01-01,1,1,0.0,0.0,1,1,0.0,0.0,1,0
C_792_1458183.0,792,1458183.0,control,0,2018-06-25,2018,0.0,Male,Black,1990.0,18.0,7.0,1.0,7.0,0.0,0.0,0.0,2019-12-24,1,2019,2019-01-01,2020-01-01,1,1,0.0,0.0,1,1,0.0,0.0,1,0
C_796_382452.0,796,382452.0,control,0,2018-07-09,2018,0.0,Male,Black,1993.0,26.0,0.0,0.0,0.0,0.0,0.0,0.0,2020-01-07,-2,2016,2016-01-01,2017-01-01,0,0,0.0,0.0,0,0,0.0,0.0,0,0
C_796_382452.0,796,382452.0,control,0,2018-07-09,2018,0.0,Male,Black,1993.0,26.0,0.0,0.0,0.0,0.0,0.0,0.0,2020-01-07,-1,2017,2017-01-01,2018-01-01,0,0,0.0,0.0,0,0,0.0,0.0,0,0
C_796_382452.0,796,382452.0,control,0,2018-07-09,2018,0.0,Male,Black,1993.0,26.0,0.0,0.0,0.0,0.0,0.0,0.0,2020-01-07,0,2018,2018-01-01,2019-01-01,1,1,0.0,0.0,0,0,0.0,0.0,0,0
C_796_382452.0,796,382452.0,control,0,2018-07-09,2018,0.0,Male,Black,1993.0,26.0,0.0,0.0,0.0,0.0,0.0,0.0,2020-01-07,1,2019,2019-01-01,2020-01-01,1,1,251.76071959803704,1.0,0,1,1.0,1.0,0,0
C_797_911774.0,797,911774.0,control,0,2018-07-09,2018,0.0,Male,Black,1999.0,21.0,0.0,0.0,0.0,0.0,1.0,0.0,2020-01-07,-2,2016,2016-01-01,2017-01-01,0,0,0.0,0.0,0,0,0.0,0.0,0,0
C_797_911774.0,797,911774.0,control,0,2018-07-09,2018,0.0,Male,Black,1999.0,21.0,0.0,0.0,0.0,0.0,1.0,0.0,2020-01-07,-1,2017,2017-01-01,2018-01-01,0,0,0.0,0.0,0,0,0.0,0.0,0,0
C_797_911774.0,797,911774.0,control,0,2018-07-09,2018,0.0,Male,Black,1999.0,21.0,0.0,0.0,0.0,0.0,1.0,0.0,2020-01-07,0,2018,2018-01-01,2019-01-01,1,1,183.56799860560372,1.0,0,0,0.0,0.0,0,0
C_797_911774.0,797,911774.0,control,0,2018-07-09,2018,0.0,Male,Black,1999.0,21.0,0.0,0.0,0.0,0.0,1.0,0.0,2020-01-07,1,2019,2019-01-01,2020-01-01,1,1,14013.811515818088,1.0,0,0,0.0,0.0,0,0
C_801_1075994.0,801,1075994.0,control,0,2018-07-10,2018,0.0,Male,White,1989.0,18.0,4.0,1.0,4.0,0.0,0.0,0.0,2020-01-08,-2,2016,2016-01-01,2017-01-01,0,0,0.0,0.0,1,1,0.0,0.0,1,0
C_801_1075994.0,801,1075994.0,control,0,2018-07-10,2018,0.0,Male,White,1989.0,18.0,4.0,1.0,4.0,0.0,0.0,0.0,2020-01-08,-1,2017,2017-01-01,2018-01-01,0,0,0.0,0.0,1,1,0.0,0.0,1,0
C_801_1075994.0,801,1075994.0,control,0,2018-07-10,2018,0.0,Male,White,1989.0,18.0,4.0,1.0,4.0,0.0,0.0,0.0,2020-01-08,0,2018,2018-01-01,2019-01-01,1,1,0.0,0.0,1,1,0.0,0.0,1,0
C_801_1075994.0,801,1075994.0,control,0,2018-07-10,2018,0.0,Male,White,1989.0,18.0,4.0,1.0,4.0,0.0,0.0,0.0,2020-01-08,1,2019,2019-01-01,2020-01-01,1,1,0.0,0.0,1,1,0.0,0.0,1,0
C_806_1458183.0,806,1458183.0,control,0,2018-07-23,2018,0.0,Male,Black,1990.0,18.0,7.0,1.0,7.0,0.0,0.0,0.0,2020-01-21,-2,2016,2016-01-01,2017-01-01,0,0,0.0,0.0,1,1,0.0,0.0,1,0
C_806_1458183.0,806,1458183.0,control,0,2018-07-23,2018,0.0,Male,Black,1990.0,18.0,7.0,1.0,7.0,0.0,0.0,0.0,2020-01-21,-1,2017,2017-01-01,2018-01-01,0,0,0.0,0.0,1,1,0.0,0.0,1,0
C_806_1458183.0,806,1458183.0,control,0,2018-07-23,2018,0.0,Male,Black,1990.0,18.0,7.0,1.0,7.0,0.0,0.0,0.0,2020-01-21,0,2018,2018-01-01,2019-01-01,1,1,0.0,0.0,1,1,0.0,0.0,1,0
C_806_1458183.0,806,1458183.0,control,0,2018-07-23,2018,0.0,Male,Black,1990.0,18.0,7.0,1.0,7.0,0.0,0.0,0.0,2020-01-21,1,2019,2019-01-01,2020-01-01,1,1,0.0,0.0,1,1,0.0,0.0,1,0
C_811_480129.0,811,480129.0,control,0,2018-07-30,2018,0.0,Male,Black,1995.0,23.0,0.0,0.0,0.0,0.0,0.0,0.0,2020-01-28,-2,2016,2016-01-01,2017-01-01,0,0,0.0,0.0,0,0,0.0,0.0,0,0
C_811_480129.0,811,480129.0,control,0,2018-07-30,2018,0.0,Male,Black,1995.0,23.0,0.0,0.0,0.0,0.0,0.0,0.0,2020-01-28,-1,2017,2017-01-01,2018-01-01,0,0,0.0,0.0,0,0,0.0,0.0,0,0
C_811_480129.0,811,480129.0,control,0,2018-07-30,2018,0.0,Male,Black,1995.0,23.0,0.0,0.0,0.0,0.0,0.0,0.0,2020-01-28,0,2018,2018-01-01,2019-01-01,1,1,1079.5852225686206,1.0,0,0,0.0,0.0,0,0
C_811_480129.0,811,480129.0,control,0,2018-07-30,2018,0.0,Male,Black,1995.0,23.0,0.0,0.0,0.0,0.0,0.0,0.0,2020-01-28,1,2019,2019-01-01,2020-01-01,1,1,0.0,0.0,0,1,1.0,1.0,0,0
C_812_1082018.0,812,1082018.0,control,0,2018-07-30,2018,0.0,Male,Black,1996.0,18.0,5.0,1.0,5.0,0.0,0.0,0.0,2020-01-28,-2,2016,2016-01-01,2017-01-01,0,0,0.0,0.0,1,1,0.0,0.0,1,0
C_812_1082018.0,812,1082018.0,control,0,2018-07-30,2018,0.0,Male,Black,1996.0,18.0,5.0,1.0,5.0,0.0,0.0,0.0,2020-01-28,-1,2017,2017-01-01,2018-01-01,0,0,0.0,0.0,1,1,0.0,0.0,1,0
C_812_1082018.0,812,1082018.0,control,0,2018-07-30,2018,0.0,Male,Black,1996.0,18.0,5.0,1.0,5.0,0.0,0.0,0.0,2020-01-28,0,2018,2018-01-01,2019-01-01,1,1,639.7678012044595,1.0,1,1,0.0,0.0,1,0
C_812_1082018.0,812,1082018.0,control,0,2018-07-30,2018,0.0,Male,Black,1996.0,18.0,5.0,1.0,5.0,0.0,0.0,0.0,2020-01-28,1,2019,2019-01-01,2020-01-01,1,1,1499.1522647343452,1.0,1,1,0.0,0.0,1,0
C_814_1504701.0,814,1504701.0,control,0,2018-08-06,2018,0.0,Male,Black,1989.0,21.0,1.0,0.0,1.0,0.0,1.0,0.0,2020-02-04,-2,2016,2016-01-01,2017-01-01,0,0,0.0,0.0,1,1,0.0,0.0,1,0
C_814_1504701.0,814,1504701.0,control,0,2018-08-06,2018,0.0,Male,Black,1989.0,21.0,1.0,0.0,1.0,0.0,1.0,0.0,2020-02-04,-1,2017,2017-01-01,2018-01-01,0,0,0.0,0.0,1,1,0.0,0.0,1,0
C_814_1504701.0,814,1504701.0,control,0,2018-08-06,2018,0.0,Male,Black,1989.0,21.0,1.0,0.0,1.0,0.0,1.0,0.0,2020-02-04,0,2018,2018-01-01,2019-01-01,1,1,2747.1015175943494,1.0,1,1,0.0,0.0,1,0
C_814_1504701.0,814,1504701.0,control,0,2018-08-06,2018,0.0,Male,Black,1989.0,21.0,1.0,0.0,1.0,0.0,1.0,0.0,2020-02-04,1,2019,2019-01-01,2020-01-01,1,1,5158.266408602228,1.0,1,1,0.0,0.0,1,0
C_815_382452.0,815,382452.0,control,0,2018-08-06,2018,0.0,Male,Black,1993.0,26.0,0.0,0.0,0.0,0.0,0.0,0.0,2020-02-04,-2,2016,2016-01-01,2017-01-01,0,0,0.0,0.0,0,0,0.0,0.0,0,0
C_815_382452.0,815,382452.0,control,0,2018-08-06,2018,0.0,Male,Black,1993.0,26.0,0.0,0.0,0.0,0.0,0.0,0.0,2020-02-04,-1,2017,2017-01-01,2018-01-01,0,0,0.0,0.0,0,0,0.0,0.0,0,0
C_815_382452.0,815,382452.0,control,0,2018-08-06,2018,0.0,Male,Black,1993.0,26.0,0.0,0.0,0.0,0.0,0.0,0.0,2020-02-04,0,2018,2018-01-01,2019-01-01,1,1,0.0,0.0,0,0,0.0,0.0,0,0
C_815_382452.0,815,382452.0,control,0,2018-08-06,2018,0.0,Male,Black,1993.0,26.0,0.0,0.0,0.0,0.0,0.0,0.0,2020-02-04,1,2019,2019-01-01,2020-01-01,1,1,251.76071959803704,1.0,0,1,1.0,1.0,0,0
C_819_142900.0,819,142900.0,control,0,2018-08-08,2018,0.0,Male,Black,1977.0,44.0,0.0,0.0,0.0,0.0,0.0,0.0,2020-02-06,-2,2016,2016-01-01,2017-01-01,0,0,0.0,0.0,0,0,0.0,0.0,0,0
C_819_142900.0,819,142900.0,control,0,2018-08-08,2018,0.0,Male,Black,1977.0,44.0,0.0,0.0,0.0,0.0,0.0,0.0,2020-02-06,-1,2017,2017-01-01,2018-01-01,0,0,0.0,0.0,0,0,0.0,0.0,0,0
C_819_142900.0,819,142900.0,control,0,2018-08-08,2018,0.0,Male,Black,1977.0,44.0,0.0,0.0,0.0,0.0,0.0,0.0,2020-02-06,0,2018,2018-01-01,2019-01-01,1,1,2667.1867834675563,1.0,0,0,0.0,0.0,0,0
C_819_142900.0,819,142900.0,control,0,2018-08-08,2018,0.0,Male,Black,1977.0,44.0,0.0,0.0,0.0,0.0,0.0,0.0,2020-02-06,1,2019,2019-01-01,2020-01-01,1,1,0.0,0.0,0,0,0.0,0.0,0,0
C_820_861599.0,820,861599.0,control,0,2018-08-13,2018,0.0,Male,Black,1998.0,20.0,0.0,0.0,0.0,0.0,1.0,0.0,2020-02-11,-2,2016,2016-01-01,2017-01-01,0,0,0.0,0.0,0,0,0.0,0.0,0,0
C_820_861599.0,820,861599.0,control,0,2018-08-13,2018,0.0,Male,Black,1998.0,20.0,0.0,0.0,0.0,0.0,1.0,0.0,2020-02-11,-1,2017,2017-01-01,2018-01-01,0,0,0.0,0.0,0,0,0.0,0.0,0,0
C_820_861599.0,820,861599.0,control,0,2018-08-13,2018,0.0,Male,Black,1998.0,20.0,0.0,0.0,0.0,0.0,1.0,0.0,2020-02-11,0,2018,2018-01-01,2019-01-01,1,1,2218.549633209013,1.0,0,1,2.0,1.0,0,0
C_820_861599.0,820,861599.0,control,0,2018-08-13,2018,0.0,Male,Black,1998.0,20.0,0.0,0.0,0.0,0.0,1.0,0.0,2020-02-11,1,2019,2019-01-01,2020-01-01,1,1,291.9267590341539,1.0,1,1,0.0,0.0,0,0
C_821_1040217.0,821,1040217.0,control,0,2018-08-13,2018,0.0,Male,White,1986.0,22.0,9.0,0.0,9.0,0.0,0.0,0.0,2020-02-11,-2,2016,2016-01-01,2017-01-01,0,0,0.0,0.0,1,1,0.0,0.0,1,0
C_821_1040217.0,821,1040217.0,control,0,2018-08-13,2018,0.0,Male,White,1986.0,22.0,9.0,0.0,9.0,0.0,0.0,0.0,2020-02-11,-1,2017,2017-01-01,2018-01-01,0,0,0.0,0.0,1,1,0.0,0.0,1,0
C_821_1040217.0,821,1040217.0,control,0,2018-08-13,2018,0.0,Male,White,1986.0,22.0,9.0,0.0,9.0,0.0,0.0,0.0,2020-02-11,0,2018,2018-01-01,2019-01-01,1,1,0.0,0.0,1,1,0.0,0.0,1,0
C_821_1040217.0,821,1040217.0,control,0,2018-08-13,2018,0.0,Male,White,1986.0,22.0,9.0,0.0,9.0,0.0,0.0,0.0,2020-02-11,1,2019,2019-01-01,2020-01-01,1,1,0.0,0.0,1,1,0.0,0.0,1,0
C_824_1214343.0,824,1214343.0,control,0,2018-09-04,2018,0.0,Male,Black,1992.0,23.0,1.0,0.0,1.0,156.84255601904832,1.0,0.0,2020-03-04,-2,2016,2016-01-01,2017-01-01,0,0,0.0,0.0,0,1,0.0,0.0,1,0
C_824_1214343.0,824,1214343.0,control,0,2018-09-04,2018,0.0,Male,Black,1992.0,23.0,1.0,0.0,1.0,156.84255601904832,1.0,0.0,2020-03-04,-1,2017,2017-01-01,2018-01-01,0,0,0.0,0.0,1,1,0.0,0.0,1,0
C_824_1214343.0,824,1214343.0,control,0,2018-09-04,2018,0.0,Male,Black,1992.0,23.0,1.0,0.0,1.0,156.84255601904832,1.0,0.0,2020-03-04,0,2018,2018-01-01,2019-01-01,1,1,14216.561789433377,1.0,1,1,0.0,0.0,1,0
C_824_1214343.0,824,1214343.0,control,0,2018-09-04,2018,0.0,Male,Black,1992.0,23.0,1.0,0.0,1.0,156.84255601904832,1.0,0.0,2020-03-04,1,2019,2019-01-01,2020-01-01,1,1,30411.480301582968,1.0,1,1,0.0,0.0,1,0
C_825_1896124.0,825,1896124.0,control,0,2018-08-13,2018,0.0,Male,Black,1987.0,20.0,31.0,1.0,31.0,3894.4804164051825,0.0,0.0,2020-02-11,-2,2016,2016-01-01,2017-01-01,0,0,0.0,0.0,1,1,0.0,0.0,1,0
C_825_1896124.0,825,1896124.0,control,0,2018-08-13,2018,0.0,Male,Black,1987.0,20.0,31.0,1.0,31.0,3894.4804164051825,0.0,0.0,2020-02-11,-1,2017,2017-01-01,2018-01-01,0,0,0.0,0.0,1,1,0.0,0.0,1,0
C_825_1896124.0,825,1896124.0,control,0,2018-08-13,2018,0.0,Male,Black,1987.0,20.0,31.0,1.0,31.0,3894.4804164051825,0.0,0.0,2020-02-11,0,2018,2018-01-01,2019-01-01,1,1,1321.1044993687185,1.0,1,1,0.0,0.0,1,0
C_825_1896124.0,825,1896124.0,control,0,2018-08-13,2018,0.0,Male,Black,1987.0,20.0,31.0,1.0,31.0,3894.4804164051825,0.0,0.0,2020-02-11,1,2019,2019-01-01,2020-01-01,1,1,2345.5308319129563,1.0,1,1,0.0,0.0,1,0
C_827_1033969.0,827,1033969.0,control,0,2018-08-20,2018,0.0,Male,Black,1997.0,19.0,0.0,0.0,4.0,1750.213067706313,1.0,0.0,2020-02-18,-2,2016,2016-01-01,2017-01-01,0,0,0.0,0.0,0,1,0.0,0.0,1,0
C_827_1033969.0,827,1033969.0,control,0,2018-08-20,2018,0.0,Male,Black,1997.0,19.0,0.0,0.0,4.0,1750.213067706313,1.0,0.0,2020-02-18,-1,2017,2017-01-01,2018-01-01,0,0,0.0,0.0,1,1,0.0,0.0,1,0
C_827_1033969.0,827,1033969.0,control,0,2018-08-20,2018,0.0,Male,Black,1997.0,19.0,0.0,0.0,4.0,1750.213067706313,1.0,0.0,2020-02-18,0,2018,2018-01-01,2019-01-01,1,1,10028.639112027322,1.0,1,1,0.0,0.0,1,0
C_827_1033969.0,827,1033969.0,control,0,2018-08-20,2018,0.0,Male,Black,1997.0,19.0,0.0,0.0,4.0,1750.213067706313,1.0,0.0,2020-02-18,1,2019,2019-01-01,2020-01-01,1,1,15651.432630490737,1.0,1,1,0.0,0.0,1,0
C_828_414661.0,828,414661.0,control,0,2018-08-20,2018,0.0,Male,White,1991.0,27.0,0.0,0.0,1.0,0.0,0.0,0.0,2020-02-18,-2,2016,2016-01-01,2017-01-01,0,0,0.0,0.0,0,0,0.0,0.0,1,0
C_828_414661.0,828,414661.0,control,0,2018-08-20,2018,0.0,Male,White,1991.0,27.0,0.0,0.0,1.0,0.0,0.0,0.0,2020-02-18,-1,2017,2017-01-01,2018-01-01,0,0,0.0,0.0,0,0,0.0,0.0,1,0
C_828_414661.0,828,414661.0,control,0,2018-08-20,2018,0.0,Male,White,1991.0,27.0,0.0,0.0,1.0,0.0,0.0,0.0,2020-02-18,0,2018,2018-01-01,2019-01-01,1,1,0.0,0.0,0,1,0.0,0.0,1,0
C_828_414661.0,828,414661.0,control,0,2018-08-20,2018,0.0,Male,White,1991.0,27.0,0.0,0.0,1.0,0.0,0.0,0.0,2020-02-18,1,2019,2019-01-01,2020-01-01,1,1,0.0,0.0,1,1,2.0,1.0,1,1
C_830_1214343.0,830,1214343.0,control,0,2018-08-27,2018,0.0,Male,Black,1992.0,23.0,1.0,0.0,1.0,156.84255601904832,1.0,0.0,2020-02-25,-2,2016,2016-01-01,2017-01-01,0,0,0.0,0.0,0,1,0.0,0.0,1,0
C_830_1214343.0,830,1214343.0,control,0,2018-08-27,2018,0.0,Male,Black,1992.0,23.0,1.0,0.0,1.0,156.84255601904832,1.0,0.0,2020-02-25,-1,2017,2017-01-01,2018-01-01,0,0,0.0,0.0,1,1,0.0,0.0,1,0
C_830_1214343.0,830,1214343.0,control,0,2018-08-27,2018,0.0,Male,Black,1992.0,23.0,1.0,0.0,1.0,156.84255601904832,1.0,0.0,2020-02-25,0,2018,2018-01-01,2019-01-01,1,1,14216.561789433377,1.0,1,1,0.0,0.0,1,0
C_830_1214343.0,830,1214343.0,control,0,2018-08-27,2018,0.0,Male,Black,1992.0,23.0,1.0,0.0,1.0,156.84255601904832,1.0,0.0,2020-02-25,1,2019,2019-01-01,2020-01-01,1,1,30411.480301582968,1.0,1,1,0.0,0.0,1,0
C_832_1504701.0,832,1504701.0,control,0,2018-08-27,2018,0.0,Male,Black,1989.0,21.0,1.0,0.0,1.0,0.0,1.0,0.0,2020-02-25,-2,2016,2016-01-01,2017-01-01,0,0,0.0,0.0,1,1,0.0,0.0,1,0
C_832_1504701.0,832,1504701.0,control,0,2018-08-27,2018,0.0,Male,Black,1989.0,21.0,1.0,0.0,1.0,0.0,1.0,0.0,2020-02-25,-1,2017,2017-01-01,2018-01-01,0,0,0.0,0.0,1,1,0.0,0.0,1,0
C_832_1504701.0,832,1504701.0,control,0,2018-08-27,2018,0.0,Male,Black,1989.0,21.0,1.0,0.0,1.0,0.0,1.0,0.0,2020-02-25,0,2018,2018-01-01,2019-01-01,1,1,2747.1015175943494,1.0,1,1,0.0,0.0,1,0
C_832_1504701.0,832,1504701.0,control,0,2018-08-27,2018,0.0,Male,Black,1989.0,21.0,1.0,0.0,1.0,0.0,1.0,0.0,2020-02-25,1,2019,2019-01-01,2020-01-01,1,1,5158.266408602228,1.0,1,1,0.0,0.0,1,0
C_833_1458183.0,833,1458183.0,control,0,2018-09-04,2018,0.0,Male,Black,1990.0,18.0,7.0,1.0,7.0,0.0,0.0,0.0,2020-03-04,-2,2016,2016-01-01,2017-01-01,0,0,0.0,0.0,1,1,0.0,0.0,1,0
C_833_1458183.0,833,1458183.0,control,0,2018-09-04,2018,0.0,Male,Black,1990.0,18.0,7.0,1.0,7.0,0.0,0.0,0.0,2020-03-04,-1,2017,2017-01-01,2018-01-01,0,0,0.0,0.0,1,1,0.0,0.0,1,0
C_833_1458183.0,833,1458183.0,control,0,2018-09-04,2018,0.0,Male,Black,1990.0,18.0,7.0,1.0,7.0,0.0,0.0,0.0,2020-03-04,0,2018,2018-01-01,2019-01-01,1,1,0.0,0.0,1,1,0.0,0.0,1,0
C_833_1458183.0,833,1458183.0,control,0,2018-09-04,2018,0.0,Male,Black,1990.0,18.0,7.0,1.0,7.0,0.0,0.0,0.0,2020-03-04,1,2019,2019-01-01,2020-01-01,1,1,0.0,0.0,1,1,0.0,0.0,1,0
C_838_1696994.0,838,1696994.0,control,0,2018-09-10,2018,0.0,Male,Black,1988.0,22.0,4.0,1.0,4.0,0.0,1.0,0.0,2020-03-10,-2,2016,2016-01-01,2017-01-01,0,0,0.0,0.0,1,1,0.0,0.0,1,0
C_838_1696994.0,838,1696994.0,control,0,2018-09-10,2018,0.0,Male,Black,1988.0,22.0,4.0,1.0,4.0,0.0,1.0,0.0,2020-03-10,-1,2017,2017-01-01,2018-01-01,0,0,0.0,0.0,1,1,0.0,0.0,1,0
C_838_1696994.0,838,1696994.0,control,0,2018-09-10,2018,0.0,Male,Black,1988.0,22.0,4.0,1.0,4.0,0.0,1.0,0.0,2020-03-10,0,2018,2018-01-01,2019-01-01,1,1,23286.400096146015,1.0,1,1,0.0,0.0,1,0
C_838_1696994.0,838,1696994.0,control,0,2018-09-10,2018,0.0,Male,Black,1988.0,22.0,4.0,1.0,4.0,0.0,1.0,0.0,2020-03-10,1,2019,2019-01-01,2020-01-01,1,1,27401.772630363776,1.0,1,1,0.0,0.0,1,0
C_843_1033969.0,843,1033969.0,control,0,2018-10-01,2018,0.0,Male,Black,1997.0,19.0,0.0,0.0,4.0,2944.971737014592,1.0,0.0,2020-03-31,-2,2016,2016-01-01,2017-01-01,0,0,0.0,0.0,0,1,0.0,0.0,1,0
C_843_1033969.0,843,1033969.0,control,0,2018-10-01,2018,0.0,Male,Black,1997.0,19.0,0.0,0.0,4.0,2944.971737014592,1.0,0.0,2020-03-31,-1,2017,2017-01-01,2018-01-01,0,0,0.0,0.0,1,1,0.0,0.0,1,0
C_843_1033969.0,843,1033969.0,control,0,2018-10-01,2018,0.0,Male,Black,1997.0,19.0,0.0,0.0,4.0,2944.971737014592,1.0,0.0,2020-03-31,0,2018,2018-01-01,2019-01-01,1,1,4658.954229738927,1.0,1,1,0.0,0.0,1,0
C_843_1033969.0,843,1033969.0,control,0,2018-10-01,2018,0.0,Male,Black,1997.0,19.0,0.0,0.0,4.0,2944.971737014592,1.0,0.0,2020-03-31,1,2019,2019-01-01,2020-01-01,1,1,15651.432630490737,1.0,1,1,0.0,0.0,1,0
C_847_941642.0,847,941642.0,control,0,2018-10-01,2018,0.0,Male,Black,1982.0,34.0,0.0,0.0,1.0,0.0,1.0,0.0,2020-03-31,-2,2016,2016-01-01,2017-01-01,0,0,0.0,0.0,0,0,0.0,0.0,1,0
C_847_941642.0,847,941642.0,control,0,2018-10-01,2018,0.0,Male,Black,1982.0,34.0,0.0,0.0,1.0,0.0,1.0,0.0,2020-03-31,-1,2017,2017-01-01,2018-01-01,0,0,0.0,0.0,0,1,0.0,0.0,1,0
C_847_941642.0,847,941642.0,control,0,2018-10-01,2018,0.0,Male,Black,1982.0,34.0,0.0,0.0,1.0,0.0,1.0,0.0,2020-03-31,0,2018,2018-01-01,2019-01-01,1,1,0.0,0.0,1,1,0.0,0.0,1,0
C_847_941642.0,847,941642.0,control,0,2018-10-01,2018,0.0,Male,Black,1982.0,34.0,0.0,0.0,1.0,0.0,1.0,0.0,2020-03-31,1,2019,2019-01-01,2020-01-01,1,1,0.0,0.0,1,1,0.0,0.0,1,0
C_850_1082018.0,850,1082018.0,control,0,2018-10-08,2018,0.0,Male,Black,1996.0,18.0,5.0,1.0,5.0,0.0,0.0,0.0,2020-04-07,-2,2016,2016-01-01,2017-01-01,0,0,0.0,0.0,1,1,0.0,0.0,1,0
C_850_1082018.0,850,1082018.0,control,0,2018-10-08,2018,0.0,Male,Black,1996.0,18.0,5.0,1.0,5.0,0.0,0.0,0.0,2020-04-07,-1,2017,2017-01-01,2018-01-01,0,0,0.0,0.0,1,1,0.0,0.0,1,0
C_850_1082018.0,850,1082018.0,control,0,2018-10-08,2018,0.0,Male,Black,1996.0,18.0,5.0,1.0,5.0,0.0,0.0,0.0,2020-04-07,0,2018,2018-01-01,2019-01-01,1,1,639.7678012044595,1.0,1,1,0.0,0.0,1,0
C_850_1082018.0,850,1082018.0,control,0,2018-10-08,2018,0.0,Male,Black,1996.0,18.0,5.0,1.0,5.0,0.0,0.0,0.0,2020-04-07,1,2019,2019-01-01,2020-01-01,1,1,1499.1522647343452,1.0,1,1,0.0,0.0,1,0
C_851_209546.0,851,209546.0,control,0,2018-10-08,2018,0.0,Male,Black,1986.0,32.0,0.0,0.0,1.0,0.0,0.0,0.0,2020-04-07,-2,2016,2016-01-01,2017-01-01,0,0,0.0,0.0,0,0,0.0,0.0,1,0
C_851_209546.0,851,209546.0,control,0,2018-10-08,2018,0.0,Male,Black,1986.0,32.0,0.0,0.0,1.0,0.0,0.0,0.0,2020-04-07,-1,2017,2017-01-01,2018-01-01,0,0,0.0,0.0,0,0,0.0,0.0,1,0
C_851_209546.0,851,209546.0,control,0,2018-10-08,2018,0.0,Male,Black,1986.0,32.0,0.0,0.0,1.0,0.0,0.0,0.0,2020-04-07,0,2018,2018-01-01,2019-01-01,1,1,0.0,0.0,0,1,0.0,0.0,1,0
C_851_209546.0,851,209546.0,control,0,2018-10-08,2018,0.0,Male,Black,1986.0,32.0,0.0,0.0,1.0,0.0,0.0,0.0,2020-04-07,1,2019,2019-01-01,2020-01-01,1,1,3120.8068966561736,1.0,1,1,1.0,1.0,1,1
C_852_1498902.0,852,1498902.0,control,0,2018-10-22,2018,0.0,Male,White,1998.0,18.0,1.0,0.0,1.0,0.0,1.0,0.0,2020-04-21,-2,2016,2016-01-01,2017-01-01,0,0,0.0,0.0,0,0,0.0,0.0,1,0
C_852_1498902.0,852,1498902.0,control,0,2018-10-22,2018,0.0,Male,White,1998.0,18.0,1.0,0.0,1.0,0.0,1.0,0.0,2020-04-21,-1,2017,2017-01-01,2018-01-01,0,0,0.0,0.0,0,1,0.0,0.0,1,0
C_852_1498902.0,852,1498902.0,control,0,2018-10-22,2018,0.0,Male,White,1998.0,18.0,1.0,0.0,1.0,0.0,1.0,0.0,2020-04-21,0,2018,2018-01-01,2019-01-01,1,1,4889.838174125214,1.0,1,1,0.0,0.0,1,0
C_852_1498902.0,852,1498902.0,control,0,2018-10-22,2018,0.0,Male,White,1998.0,18.0,1.0,0.0,1.0,0.0,1.0,0.0,2020-04-21,1,2019,2019-01-01,2020-01-01,1,1,31188.873207644952,1.0,1,1,0.0,0.0,1,0
C_854_1214343.0,854,1214343.0,control,0,2018-10-22,2018,0.0,Male,Black,1992.0,23.0,1.0,0.0,1.0,808.0516768727913,1.0,0.0,2020-04-21,-2,2016,2016-01-01,2017-01-01,0,0,0.0,0.0,0,1,0.0,0.0,1,0
C_854_1214343.0,854,1214343.0,control,0,2018-10-22,2018,0.0,Male,Black,1992.0,23.0,1.0,0.0,1.0,808.0516768727913,1.0,0.0,2020-04-21,-1,2017,2017-01-01,2018-01-01,0,0,0.0,0.0,1,1,0.0,0.0,1,0
C_854_1214343.0,854,1214343.0,control,0,2018-10-22,2018,0.0,Male,Black,1992.0,23.0,1.0,0.0,1.0,808.0516768727913,1.0,0.0,2020-04-21,0,2018,2018-01-01,2019-01-01,1,1,7185.779073608959,1.0,1,1,0.0,0.0,1,0
C_854_1214343.0,854,1214343.0,control,0,2018-10-22,2018,0.0,Male,Black,1992.0,23.0,1.0,0.0,1.0,808.0516768727913,1.0,0.0,2020-04-21,1,2019,2019-01-01,2020-01-01,1,1,30411.480301582968,1.0,1,1,0.0,0.0,1,0
C_858_1504701.0,858,1504701.0,control,0,2018-10-22,2018,0.0,Male,Black,1989.0,21.0,1.0,0.0,1.0,0.0,1.0,0.0,2020-04-21,-2,2016,2016-01-01,2017-01-01,0,0,0.0,0.0,1,1,0.0,0.0,1,0
C_858_1504701.0,858,1504701.0,control,0,2018-10-22,2018,0.0,Male,Black,1989.0,21.0,1.0,0.0,1.0,0.0,1.0,0.0,2020-04-21,-1,2017,2017-01-01,2018-01-01,0,0,0.0,0.0,1,1,0.0,0.0,1,0
C_858_1504701.0,858,1504701.0,control,0,2018-10-22,2018,0.0,Male,Black,1989.0,21.0,1.0,0.0,1.0,0.0,1.0,0.0,2020-04-21,0,2018,2018-01-01,2019-01-01,1,1,0.0,0.0,1,1,0.0,0.0,1,0
C_858_1504701.0,858,1504701.0,control,0,2018-10-22,2018,0.0,Male,Black,1989.0,21.0,1.0,0.0,1.0,0.0,1.0,0.0,2020-04-21,1,2019,2019-01-01,2020-01-01,1,1,5158.266408602228,1.0,1,1,0.0,0.0,1,0
C_860_1214343.0,860,1214343.0,control,0,2018-10-15,2018,0.0,Male,Black,1992.0,23.0,1.0,0.0,1.0,808.0516768727913,1.0,0.0,2020-04-14,-2,2016,2016-01-01,2017-01-01,0,0,0.0,0.0,0,1,0.0,0.0,1,0
C_860_1214343.0,860,1214343.0,control,0,2018-10-15,2018,0.0,Male,Black,1992.0,23.0,1.0,0.0,1.0,808.0516768727913,1.0,0.0,2020-04-14,-1,2017,2017-01-01,2018-01-01,0,0,0.0,0.0,1,1,0.0,0.0,1,0
C_860_1214343.0,860,1214343.0,control,0,2018-10-15,2018,0.0,Male,Black,1992.0,23.0,1.0,0.0,1.0,808.0516768727913,1.0,0.0,2020-04-14,0,2018,2018-01-01,2019-01-01,1,1,7185.779073608959,1.0,1,1,0.0,0.0,1,0
C_860_1214343.0,860,1214343.0,control,0,2018-10-15,2018,0.0,Male,Black,1992.0,23.0,1.0,0.0,1.0,808.0516768727913,1.0,0.0,2020-04-14,1,2019,2019-01-01,2020-01-01,1,1,30411.480301582968,1.0,1,1,0.0,0.0,1,0
C_861_1896124.0,861,1896124.0,control,0,2018-10-22,2018,0.0,Male,Black,1987.0,20.0,31.0,1.0,31.0,3894.4804164051825,1.0,0.0,2020-04-21,-2,2016,2016-01-01,2017-01-01,0,0,0.0,0.0,1,1,0.0,0.0,1,0
C_861_1896124.0,861,1896124.0,control,0,2018-10-22,2018,0.0,Male,Black,1987.0,20.0,31.0,1.0,31.0,3894.4804164051825,1.0,0.0,2020-04-21,-1,2017,2017-01-01,2018-01-01,0,0,0.0,0.0,1,1,0.0,0.0,1,0
C_861_1896124.0,861,1896124.0,control,0,2018-10-22,2018,0.0,Male,Black,1987.0,20.0,31.0,1.0,31.0,3894.4804164051825,1.0,0.0,2020-04-21,0,2018,2018-01-01,2019-01-01,1,1,844.854656832502,1.0,1,1,0.0,0.0,1,0
C_861_1896124.0,861,1896124.0,control,0,2018-10-22,2018,0.0,Male,Black,1987.0,20.0,31.0,1.0,31.0,3894.4804164051825,1.0,0.0,2020-04-21,1,2019,2019-01-01,2020-01-01,1,1,2345.5308319129563,1.0,1,1,0.0,0.0,1,0
C_864_1504701.0,864,1504701.0,control,0,2018-10-22,2018,0.0,Male,Black,1989.0,21.0,1.0,0.0,1.0,0.0,1.0,0.0,2020-04-21,-2,2016,2016-01-01,2017-01-01,0,0,0.0,0.0,1,1,0.0,0.0,1,0
C_864_1504701.0,864,1504701.0,control,0,2018-10-22,2018,0.0,Male,Black,1989.0,21.0,1.0,0.0,1.0,0.0,1.0,0.0,2020-04-21,-1,2017,2017-01-01,2018-01-01,0,0,0.0,0.0,1,1,0.0,0.0,1,0
C_864_1504701.0,864,1504701.0,control,0,2018-10-22,2018,0.0,Male,Black,1989.0,21.0,1.0,0.0,1.0,0.0,1.0,0.0,2020-04-21,0,2018,2018-01-01,2019-01-01,1,1,0.0,0.0,1,1,0.0,0.0,1,0
C_864_1504701.0,864,1504701.0,control,0,2018-10-22,2018,0.0,Male,Black,1989.0,21.0,1.0,0.0,1.0,0.0,1.0,0.0,2020-04-21,1,2019,2019-01-01,2020-01-01,1,1,5158.266408602228,1.0,1,1,0.0,0.0,1,0
C_869_1896124.0,869,1896124.0,control,0,2018-10-30,2018,0.0,Male,Black,1987.0,20.0,31.0,1.0,31.0,3894.4804164051825,1.0,0.0,2020-04-29,-2,2016,2016-01-01,2017-01-01,0,0,0.0,0.0,1,1,0.0,0.0,1,0
C_869_1896124.0,869,1896124.0,control,0,2018-10-30,2018,0.0,Male,Black,1987.0,20.0,31.0,1.0,31.0,3894.4804164051825,1.0,0.0,2020-04-29,-1,2017,2017-01-01,2018-01-01,0,0,0.0,0.0,1,1,0.0,0.0,1,0
C_869_1896124.0,869,1896124.0,control,0,2018-10-30,2018,0.0,Male,Black,1987.0,20.0,31.0,1.0,31.0,3894.4804164051825,1.0,0.0,2020-04-29,0,2018,2018-01-01,2019-01-01,1,1,844.854656832502,1.0,1,1,0.0,0.0,1,0
C_869_1896124.0,869,1896124.0,control,0,2018-10-30,2018,0.0,Male,Black,1987.0,20.0,31.0,1.0,31.0,3894.4804164051825,1.0,0.0,2020-04-29,1,2019,2019-01-01,2020-01-01,1,1,2345.5308319129563,1.0,1,1,0.0,0.0,1,0
C_871_480129.0,871,480129.0,control,0,2018-11-06,2018,0.0,Male,Black,1995.0,23.0,0.0,0.0,0.0,0.0,1.0,0.0,2020-05-06,-2,2016,2016-01-01,2017-01-01,0,0,0.0,0.0,0,0,0.0,0.0,0,0
C_871_480129.0,871,480129.0,control,0,2018-11-06,2018,0.0,Male,Black,1995.0,23.0,0.0,0.0,0.0,0.0,1.0,0.0,2020-05-06,-1,2017,2017-01-01,2018-01-01,0,0,0.0,0.0,0,0,0.0,0.0,0,0
C_871_480129.0,871,480129.0,control,0,2018-11-06,2018,0.0,Male,Black,1995.0,23.0,0.0,0.0,0.0,0.0,1.0,0.0,2020-05-06,0,2018,2018-01-01,2019-01-01,1,1,0.0,0.0,0,0,0.0,0.0,0,0
C_871_480129.0,871,480129.0,control,0,2018-11-06,2018,0.0,Male,Black,1995.0,23.0,0.0,0.0,0.0,0.0,1.0,0.0,2020-05-06,1,2019,2019-01-01,2020-01-01,1,1,0.0,0.0,0,1,1.0,1.0,0,0
C_872_1504701.0,872,1504701.0,control,0,2018-11-06,2018,0.0,Male,Black,1989.0,21.0,1.0,0.0,1.0,0.0,1.0,0.0,2020-05-06,-2,2016,2016-01-01,2017-01-01,0,0,0.0,0.0,1,1,0.0,0.0,1,0
C_872_1504701.0,872,1504701.0,control,0,2018-11-06,2018,0.0,Male,Black,1989.0,21.0,1.0,0.0,1.0,0.0,1.0,0.0,2020-05-06,-1,2017,2017-01-01,2018-01-01,0,0,0.0,0.0,1,1,0.0,0.0,1,0
C_872_1504701.0,872,1504701.0,control,0,2018-11-06,2018,0.0,Male,Black,1989.0,21.0,1.0,0.0,1.0,0.0,1.0,0.0,2020-05-06,0,2018,2018-01-01,2019-01-01,1,1,0.0,0.0,1,1,0.0,0.0,1,0
C_872_1504701.0,872,1504701.0,control,0,2018-11-06,2018,0.0,Male,Black,1989.0,21.0,1.0,0.0,1.0,0.0,1.0,0.0,2020-05-06,1,2019,2019-01-01,2020-01-01,1,1,5158.266408602228,1.0,1,1,0.0,0.0,1,0
C_874_1896124.0,874,1896124.0,control,0,2018-11-06,2018,0.0,Male,Black,1987.0,20.0,31.0,1.0,31.0,3894.4804164051825,1.0,0.0,2020-05-06,-2,2016,2016-01-01,2017-01-01,0,0,0.0,0.0,1,1,0.0,0.0,1,0
C_874_1896124.0,874,1896124.0,control,0,2018-11-06,2018,0.0,Male,Black,1987.0,20.0,31.0,1.0,31.0,3894.4804164051825,1.0,0.0,2020-05-06,-1,2017,2017-01-01,2018-01-01,0,0,0.0,0.0,1,1,0.0,0.0,1,0
C_874_1896124.0,874,1896124.0,control,0,2018-11-06,2018,0.0,Male,Black,1987.0,20.0,31.0,1.0,31.0,3894.4804164051825,1.0,0.0,2020-05-06,0,2018,2018-01-01,2019-01-01,1,1,844.854656832502,1.0,1,1,0.0,0.0,1,0
C_874_1896124.0,874,1896124.0,control,0,2018-11-06,2018,0.0,Male,Black,1987.0,20.0,31.0,1.0,31.0,3894.4804164051825,1.0,0.0,2020-05-06,1,2019,2019-01-01,2020-01-01,1,1,2345.5308319129563,1.0,1,1,0.0,0.0,1,0
C_878_1033969.0,878,1033969.0,control,0,2018-11-12,2018,0.0,Male,Black,1997.0,19.0,4.0,1.0,4.0,2944.971737014592,1.0,0.0,2020-05-12,-2,2016,2016-01-01,2017-01-01,0,0,0.0,0.0,0,1,0.0,0.0,1,0
C_878_1033969.0,878,1033969.0,control,0,2018-11-12,2018,0.0,Male,Black,1997.0,19.0,4.0,1.0,4.0,2944.971737014592,1.0,0.0,2020-05-12,-1,2017,2017-01-01,2018-01-01,0,0,0.0,0.0,1,1,0.0,0.0,1,0
C_878_1033969.0,878,1033969.0,control,0,2018-11-12,2018,0.0,Male,Black,1997.0,19.0,4.0,1.0,4.0,2944.971737014592,1.0,0.0,2020-05-12,0,2018,2018-01-01,2019-01-01,1,1,4658.954229738927,1.0,1,1,0.0,0.0,1,0
C_878_1033969.0,878,1033969.0,control,0,2018-11-12,2018,0.0,Male,Black,1997.0,19.0,4.0,1.0,4.0,2944.971737014592,1.0,0.0,2020-05-12,1,2019,2019-01-01,2020-01-01,1,1,15651.432630490737,1.0,1,1,0.0,0.0,1,0
C_880_691919.0,880,691919.0,control,0,2018-11-26,2018,0.0,Male,White,1981.0,39.0,0.0,0.0,0.0,0.0,1.0,0.0,2020-05-26,-2,2016,2016-01-01,2017-01-01,0,0,0.0,0.0,0,0,0.0,0.0,0,0
C_880_691919.0,880,691919.0,control,0,2018-11-26,2018,0.0,Male,White,1981.0,39.0,0.0,0.0,0.0,0.0,1.0,0.0,2020-05-26,-1,2017,2017-01-01,2018-01-01,0,0,0.0,0.0,0,0,0.0,0.0,0,0
C_880_691919.0,880,691919.0,control,0,2018-11-26,2018,0.0,Male,White,1981.0,39.0,0.0,0.0,0.0,0.0,1.0,0.0,2020-05-26,0,2018,2018-01-01,2019-01-01,1,1,0.0,0.0,0,0,0.0,0.0,0,0
C_880_691919.0,880,691919.0,control,0,2018-11-26,2018,0.0,Male,White,1981.0,39.0,0.0,0.0,0.0,0.0,1.0,0.0,2020-05-26,1,2019,2019-01-01,2020-01-01,1,1,0.0,0.0,0,0,0.0,0.0,0,0
C_882_407417.0,882,407417.0,control,0,2018-11-26,2018,0.0,Male,Black,1994.0,25.0,0.0,0.0,0.0,0.0,0.0,0.0,2020-05-26,-2,2016,2016-01-01,2017-01-01,0,0,0.0,0.0,0,0,0.0,0.0,0,0
C_882_407417.0,882,407417.0,control,0,2018-11-26,2018,0.0,Male,Black,1994.0,25.0,0.0,0.0,0.0,0.0,0.0,0.0,2020-05-26,-1,2017,2017-01-01,2018-01-01,0,0,0.0,0.0,0,0,0.0,0.0,0,0
C_882_407417.0,882,407417.0,control,0,2018-11-26,2018,0.0,Male,Black,1994.0,25.0,0.0,0.0,0.0,0.0,0.0,0.0,2020-05-26,0,2018,2018-01-01,2019-01-01,1,1,0.0,0.0,0,0,0.0,0.0,0,0
C_882_407417.0,882,407417.0,control,0,2018-11-26,2018,0.0,Male,Black,1994.0,25.0,0.0,0.0,0.0,0.0,0.0,0.0,2020-05-26,1,2019,2019-01-01,2020-01-01,1,1,0.0,0.0,0,0,0.0,0.0,0,0
C_885_1214343.0,885,1214343.0,control,0,2018-12-03,2018,0.0,Male,Black,1992.0,23.0,1.0,0.0,1.0,808.0516768727913,1.0,0.0,2020-06-02,-2,2016,2016-01-01,2017-01-01,0,0,0.0,0.0,0,1,0.0,0.0,1,0
C_885_1214343.0,885,1214343.0,control,0,2018-12-03,2018,0.0,Male,Black,1992.0,23.0,1.0,0.0,1.0,808.0516768727913,1.0,0.0,2020-06-02,-1,2017,2017-01-01,2018-01-01,0,0,0.0,0.0,1,1,0.0,0.0,1,0
C_885_1214343.0,885,1214343.0,control,0,2018-12-03,2018,0.0,Male,Black,1992.0,23.0,1.0,0.0,1.0,808.0516768727913,1.0,0.0,2020-06-02,0,2018,2018-01-01,2019-01-01,1,1,7185.779073608959,1.0,1,1,0.0,0.0,1,0
C_885_1214343.0,885,1214343.0,control,0,2018-12-03,2018,0.0,Male,Black,1992.0,23.0,1.0,0.0,1.0,808.0516768727913,1.0,0.0,2020-06-02,1,2019,2019-01-01,2020-01-01,1,1,30411.480301582968,1.0,1,1,0.0,0.0,1,0
C_886_407417.0,886,407417.0,control,0,2018-12-03,2018,0.0,Male,Black,1994.0,25.0,0.0,0.0,0.0,0.0,0.0,0.0,2020-06-02,-2,2016,2016-01-01,2017-01-01,0,0,0.0,0.0,0,0,0.0,0.0,0,0
C_886_407417.0,886,407417.0,control,0,2018-12-03,2018,0.0,Male,Black,1994.0,25.0,0.0,0.0,0.0,0.0,0.0,0.0,2020-06-02,-1,2017,2017-01-01,2018-01-01,0,0,0.0,0.0,0,0,0.0,0.0,0,0
C_886_407417.0,886,407417.0,control,0,2018-12-03,2018,0.0,Male,Black,1994.0,25.0,0.0,0.0,0.0,0.0,0.0,0.0,2020-06-02,0,2018,2018-01-01,2019-01-01,1,1,0.0,0.0,0,0,0.0,0.0,0,0
C_886_407417.0,886,407417.0,control,0,2018-12-03,2018,0.0,Male,Black,1994.0,25.0,0.0,0.0,0.0,0.0,0.0,0.0,2020-06-02,1,2019,2019-01-01,2020-01-01,1,1,0.0,0.0,0,0,0.0,0.0,0,0
C_893_1524219.0,893,1524219.0,control,0,2018-12-17,2018,0.0,Male,Black,1984.0,22.0,4.0,1.0,4.0,0.0,0.0,0.0,2020-06-16,-2,2016,2016-01-01,2017-01-01,0,0,0.0,0.0,1,1,0.0,0.0,1,0
C_893_1524219.0,893,1524219.0,control,0,2018-12-17,2018,0.0,Male,Black,1984.0,22.0,4.0,1.0,4.0,0.0,0.0,0.0,2020-06-16,-1,2017,2017-01-01,2018-01-01,0,0,0.0,0.0,1,1,0.0,0.0,1,0
C_893_1524219.0,893,1524219.0,control,0,2018-12-17,2018,0.0,Male,Black,1984.0,22.0,4.0,1.0,4.0,0.0,0.0,0.0,2020-06-16,0,2018,2018-01-01,2019-01-01,1,1,0.0,0.0,1,1,0.0,0.0,1,0
C_893_1524219.0,893,1524219.0,control,0,2018-12-17,2018,0.0,Male,Black,1984.0,22.0,4.0,1.0,4.0,0.0,0.0,0.0,2020-06-16,1,2019,2019-01-01,2020-01-01,1,1,3315.2691167199796,1.0,1,1,0.0,0.0,1,0
C_894_1627873.0,894,1627873.0,control,0,2018-12-17,2018,0.0,Male,White,1997.0,18.0,2.0,1.0,2.0,0.0,1.0,0.0,2020-06-16,-2,2016,2016-01-01,2017-01-01,0,0,0.0,0.0,1,1,0.0,0.0,1,0
C_894_1627873.0,894,1627873.0,control,0,2018-12-17,2018,0.0,Male,White,1997.0,18.0,2.0,1.0,2.0,0.0,1.0,0.0,2020-06-16,-1,2017,2017-01-01,2018-01-01,0,0,0.0,0.0,1,1,0.0,0.0,1,0
C_894_1627873.0,894,1627873.0,control,0,2018-12-17,2018,0.0,Male,White,1997.0,18.0,2.0,1.0,2.0,0.0,1.0,0.0,2020-06-16,0,2018,2018-01-01,2019-01-01,1,1,5267.765524433493,1.0,1,1,0.0,0.0,1,0
C_894_1627873.0,894,1627873.0,control,0,2018-12-17,2018,0.0,Male,White,1997.0,18.0,2.0,1.0,2.0,0.0,1.0,0.0,2020-06-16,1,2019,2019-01-01,2020-01-01,1,1,15654.229929842933,1.0,1,1,0.0,0.0,1,0
C_896_1355606.0,896,1355606.0,control,0,2019-01-07,2019,0.0,Male,Black,1991.0,21.0,4.0,0.0,4.0,4156.298408101283,1.0,0.0,2020-07-07,-2,2017,2017-01-01,2018-01-01,0,0,0.0,0.0,1,1,0.0,0.0,1,0
C_896_1355606.0,896,1355606.0,control,0,2019-01-07,2019,0.0,Male,Black,1991.0,21.0,4.0,0.0,4.0,4156.298408101283,1.0,0.0,2020-07-07,-1,2018,2018-01-01,2019-01-01,0,0,0.0,0.0,1,1,0.0,0.0,1,0
C_896_1355606.0,896,1355606.0,control,0,2019-01-07,2019,0.0,Male,Black,1991.0,21.0,4.0,0.0,4.0,4156.298408101283,1.0,0.0,2020-07-07,0,2019,2019-01-01,2020-01-01,1,1,17352.770012587218,1.0,1,1,0.0,0.0,1,0
C_896_1355606.0,896,1355606.0,control,0,2019-01-07,2019,0.0,Male,Black,1991.0,21.0,4.0,0.0,4.0,4156.298408101283,1.0,0.0,2020-07-07,1,2020,2020-01-01,2021-01-01,1,1,0.0,0.0,1,1,0.0,0.0,1,0
C_898_1355606.0,898,1355606.0,control,0,2019-01-02,2019,0.0,Male,Black,1991.0,21.0,4.0,0.0,4.0,4156.298408101283,1.0,0.0,2020-07-02,-2,2017,2017-01-01,2018-01-01,0,0,0.0,0.0,1,1,0.0,0.0,1,0
C_898_1355606.0,898,1355606.0,control,0,2019-01-02,2019,0.0,Male,Black,1991.0,21.0,4.0,0.0,4.0,4156.298408101283,1.0,0.0,2020-07-02,-1,2018,2018-01-01,2019-01-01,0,0,0.0,0.0,1,1,0.0,0.0,1,0
C_898_1355606.0,898,1355606.0,control,0,2019-01-02,2019,0.0,Male,Black,1991.0,21.0,4.0,0.0,4.0,4156.298408101283,1.0,0.0,2020-07-02,0,2019,2019-01-01,2020-01-01,1,1,17352.770012587218,1.0,1,1,0.0,0.0,1,0
C_898_1355606.0,898,1355606.0,control,0,2019-01-02,2019,0.0,Male,Black,1991.0,21.0,4.0,0.0,4.0,4156.298408101283,1.0,0.0,2020-07-02,1,2020,2020-01-01,2021-01-01,1,1,0.0,0.0,1,1,0.0,0.0,1,0
C_899_480129.0,899,480129.0,control,0,2019-01-02,2019,0.0,Male,Black,1995.0,23.0,0.0,0.0,0.0,0.0,1.0,0.0,2020-07-02,-2,2017,2017-01-01,2018-01-01,0,0,0.0,0.0,0,0,0.0,0.0,0,0
C_899_480129.0,899,480129.0,control,0,2019-01-02,2019,0.0,Male,Black,1995.0,23.0,0.0,0.0,0.0,0.0,1.0,0.0,2020-07-02,-1,2018,2018-01-01,2019-01-01,0,0,0.0,0.0,0,0,0.0,0.0,0,0
C_899_480129.0,899,480129.0,control,0,2019-01-02,2019,0.0,Male,Black,1995.0,23.0,0.0,0.0,0.0,0.0,1.0,0.0,2020-07-02,0,2019,2019-01-01,2020-01-01,1,1,0.0,0.0,0,1,1.0,1.0,0,0
C_899_480129.0,899,480129.0,control,0,2019-01-02,2019,0.0,Male,Black,1995.0,23.0,0.0,0.0,0.0,0.0,1.0,0.0,2020-07-02,1,2020,2020-01-01,2021-01-01,1,1,0.0,0.0,1,1,0.0,0.0,0,0
C_900_1033969.0,900,1033969.0,control,0,2019-01-16,2019,0.0,Male,Black,1997.0,19.0,4.0,1.0,4.0,5769.816563481791,1.0,0.0,2020-07-16,-2,2017,2017-01-01,2018-01-01,0,0,0.0,0.0,1,1,0.0,0.0,1,0
C_900_1033969.0,900,1033969.0,control,0,2019-01-16,2019,0.0,Male,Black,1997.0,19.0,4.0,1.0,4.0,5769.816563481791,1.0,0.0,2020-07-16,-1,2018,2018-01-01,2019-01-01,0,0,0.0,0.0,1,1,0.0,0.0,1,0
C_900_1033969.0,900,1033969.0,control,0,2019-01-16,2019,0.0,Male,Black,1997.0,19.0,4.0,1.0,4.0,5769.816563481791,1.0,0.0,2020-07-16,0,2019,2019-01-01,2020-01-01,1,1,15651.432630490737,1.0,1,1,0.0,0.0,1,0
C_900_1033969.0,900,1033969.0,control,0,2019-01-16,2019,0.0,Male,Black,1997.0,19.0,4.0,1.0,4.0,5769.816563481791,1.0,0.0,2020-07-16,1,2020,2020-01-01,2021-01-01,1,1,0.0,0.0,1,1,0.0,0.0,1,0
C_902_1458183.0,902,1458183.0,control,0,2019-01-07,2019,0.0,Male,Black,1990.0,18.0,7.0,1.0,7.0,0.0,0.0,0.0,2020-07-07,-2,2017,2017-01-01,2018-01-01,0,0,0.0,0.0,1,1,0.0,0.0,1,0
C_902_1458183.0,902,1458183.0,control,0,2019-01-07,2019,0.0,Male,Black,1990.0,18.0,7.0,1.0,7.0,0.0,0.0,0.0,2020-07-07,-1,2018,2018-01-01,2019-01-01,0,0,0.0,0.0,1,1,0.0,0.0,1,0
C_902_1458183.0,902,1458183.0,control,0,2019-01-07,2019,0.0,Male,Black,1990.0,18.0,7.0,1.0,7.0,0.0,0.0,0.0,2020-07-07,0,2019,2019-01-01,2020-01-01,1,1,0.0,0.0,1,1,0.0,0.0,1,0
C_902_1458183.0,902,1458183.0,control,0,2019-01-07,2019,0.0,Male,Black,1990.0,18.0,7.0,1.0,7.0,0.0,0.0,0.0,2020-07-07,1,2020,2020-01-01,2021-01-01,1,1,0.0,0.0,1,1,0.0,0.0,1,0
C_903_1375420.0,903,1375420.0,control,0,2019-01-21,2019,0.0,Male,White,1994.0,18.0,2.0,0.0,2.0,39370.73685363622,1.0,0.0,2020-07-21,-2,2017,2017-01-01,2018-01-01,0,0,0.0,0.0,1,1,0.0,0.0,1,0
C_903_1375420.0,903,1375420.0,control,0,2019-01-21,2019,0.0,Male,White,1994.0,18.0,2.0,0.0,2.0,39370.73685363622,1.0,0.0,2020-07-21,-1,2018,2018-01-01,2019-01-01,0,0,0.0,0.0,1,1,0.0,0.0,1,0
C_903_1375420.0,903,1375420.0,control,0,2019-01-21,2019,0.0,Male,White,1994.0,18.0,2.0,0.0,2.0,39370.73685363622,1.0,0.0,2020-07-21,0,2019,2019-01-01,2020-01-01,1,1,42267.66744146009,1.0,1,1,0.0,0.0,1,0
C_903_1375420.0,903,1375420.0,control,0,2019-01-21,2019,0.0,Male,White,1994.0,18.0,2.0,0.0,2.0,39370.73685363622,1.0,0.0,2020-07-21,1,2020,2020-01-01,2021-01-01,1,1,16332.988314415186,1.0,1,1,0.0,0.0,1,0
C_904_407417.0,904,407417.0,control,0,2019-01-07,2019,0.0,Male,Black,1994.0,25.0,0.0,0.0,0.0,0.0,0.0,0.0,2020-07-07,-2,2017,2017-01-01,2018-01-01,0,0,0.0,0.0,0,0,0.0,0.0,0,0
C_904_407417.0,904,407417.0,control,0,2019-01-07,2019,0.0,Male,Black,1994.0,25.0,0.0,0.0,0.0,0.0,0.0,0.0,2020-07-07,-1,2018,2018-01-01,2019-01-01,0,0,0.0,0.0,0,0,0.0,0.0,0,0
C_904_407417.0,904,407417.0,control,0,2019-01-07,2019,0.0,Male,Black,1994.0,25.0,0.0,0.0,0.0,0.0,0.0,0.0,2020-07-07,0,2019,2019-01-01,2020-01-01,1,1,0.0,0.0,0,0,0.0,0.0,0,0
C_904_407417.0,904,407417.0,control,0,2019-01-07,2019,0.0,Male,Black,1994.0,25.0,0.0,0.0,0.0,0.0,0.0,0.0,2020-07-07,1,2020,2020-01-01,2021-01-01,1,1,0.0,0.0,0,1,3.0,1.0,0,0
C_905_1228953.0,905,1228953.0,control,0,2019-01-14,2019,0.0,Male,Black,1996.0,18.0,5.0,1.0,5.0,0.0,0.0,0.0,2020-07-14,-2,2017,2017-01-01,2018-01-01,0,0,0.0,0.0,1,1,0.0,0.0,1,0
C_905_1228953.0,905,1228953.0,control,0,2019-01-14,2019,0.0,Male,Black,1996.0,18.0,5.0,1.0,5.0,0.0,0.0,0.0,2020-07-14,-1,2018,2018-01-01,2019-01-01,0,0,0.0,0.0,1,1,0.0,0.0,1,0
C_905_1228953.0,905,1228953.0,control,0,2019-01-14,2019,0.0,Male,Black,1996.0,18.0,5.0,1.0,5.0,0.0,0.0,0.0,2020-07-14,0,2019,2019-01-01,2020-01-01,1,1,0.0,0.0,1,1,2.0,1.0,1,1
C_905_1228953.0,905,1228953.0,control,0,2019-01-14,2019,0.0,Male,Black,1996.0,18.0,5.0,1.0,5.0,0.0,0.0,0.0,2020-07-14,1,2020,2020-01-01,2021-01-01,1,1,0.0,0.0,1,1,0.0,0.0,1,0
C_906_1375420.0,906,1375420.0,control,0,2019-01-14,2019,0.0,Male,White,1994.0,18.0,2.0,0.0,2.0,39370.73685363622,1.0,0.0,2020-07-14,-2,2017,2017-01-01,2018-01-01,0,0,0.0,0.0,1,1,0.0,0.0,1,0
C_906_1375420.0,906,1375420.0,control,0,2019-01-14,2019,0.0,Male,White,1994.0,18.0,2.0,0.0,2.0,39370.73685363622,1.0,0.0,2020-07-14,-1,2018,2018-01-01,2019-01-01,0,0,0.0,0.0,1,1,0.0,0.0,1,0
C_906_1375420.0,906,1375420.0,control,0,2019-01-14,2019,0.0,Male,White,1994.0,18.0,2.0,0.0,2.0,39370.73685363622,1.0,0.0,2020-07-14,0,2019,2019-01-01,2020-01-01,1,1,42267.66744146009,1.0,1,1,0.0,0.0,1,0
C_906_1375420.0,906,1375420.0,control,0,2019-01-14,2019,0.0,Male,White,1994.0,18.0,2.0,0.0,2.0,39370.73685363622,1.0,0.0,2020-07-14,1,2020,2020-01-01,2021-01-01,1,1,16332.988314415186,1.0,1,1,0.0,0.0,1,0
C_907_1696994.0,907,1696994.0,control,0,2019-01-14,2019,0.0,Male,Black,1988.0,22.0,4.0,1.0,4.0,6254.356297966931,1.0,0.0,2020-07-14,-2,2017,2017-01-01,2018-01-01,0,0,0.0,0.0,1,1,0.0,0.0,1,0
C_907_1696994.0,907,1696994.0,control,0,2019-01-14,2019,0.0,Male,Black,1988.0,22.0,4.0,1.0,4.0,6254.356297966931,1.0,0.0,2020-07-14,-1,2018,2018-01-01,2019-01-01,0,0,0.0,0.0,1,1,0.0,0.0,1,0
C_907_1696994.0,907,1696994.0,control,0,2019-01-14,2019,0.0,Male,Black,1988.0,22.0,4.0,1.0,4.0,6254.356297966931,1.0,0.0,2020-07-14,0,2019,2019-01-01,2020-01-01,1,1,27401.772630363776,1.0,1,1,0.0,0.0,1,0
C_907_1696994.0,907,1696994.0,control,0,2019-01-14,2019,0.0,Male,Black,1988.0,22.0,4.0,1.0,4.0,6254.356297966931,1.0,0.0,2020-07-14,1,2020,2020-01-01,2021-01-01,1,1,10134.253293143207,1.0,1,1,0.0,0.0,1,0
C_909_480129.0,909,480129.0,control,0,2019-01-28,2019,0.0,Male,Black,1995.0,23.0,0.0,0.0,0.0,0.0,1.0,0.0,2020-07-28,-2,2017,2017-01-01,2018-01-01,0,0,0.0,0.0,0,0,0.0,0.0,0,0
C_909_480129.0,909,480129.0,control,0,2019-01-28,2019,0.0,Male,Black,1995.0,23.0,0.0,0.0,0.0,0.0,1.0,0.0,2020-07-28,-1,2018,2018-01-01,2019-01-01,0,0,0.0,0.0,0,0,0.0,0.0,0,0
C_909_480129.0,909,480129.0,control,0,2019-01-28,2019,0.0,Male,Black,1995.0,23.0,0.0,0.0,0.0,0.0,1.0,0.0,2020-07-28,0,2019,2019-01-01,2020-01-01,1,1,0.0,0.0,0,1,1.0,1.0,0,0
C_909_480129.0,909,480129.0,control,0,2019-01-28,2019,0.0,Male,Black,1995.0,23.0,0.0,0.0,0.0,0.0,1.0,0.0,2020-07-28,1,2020,2020-01-01,2021-01-01,1,1,0.0,0.0,1,1,0.0,0.0,0,0
C_910_1355606.0,910,1355606.0,control,0,2019-01-30,2019,0.0,Male,Black,1991.0,21.0,4.0,0.0,4.0,4156.298408101283,1.0,0.0,2020-07-30,-2,2017,2017-01-01,2018-01-01,0,0,0.0,0.0,1,1,0.0,0.0,1,0
C_910_1355606.0,910,1355606.0,control,0,2019-01-30,2019,0.0,Male,Black,1991.0,21.0,4.0,0.0,4.0,4156.298408101283,1.0,0.0,2020-07-30,-1,2018,2018-01-01,2019-01-01,0,0,0.0,0.0,1,1,0.0,0.0,1,0
C_910_1355606.0,910,1355606.0,control,0,2019-01-30,2019,0.0,Male,Black,1991.0,21.0,4.0,0.0,4.0,4156.298408101283,1.0,0.0,2020-07-30,0,2019,2019-01-01,2020-01-01,1,1,17352.770012587218,1.0,1,1,0.0,0.0,1,0
C_910_1355606.0,910,1355606.0,control,0,2019-01-30,2019,0.0,Male,Black,1991.0,21.0,4.0,0.0,4.0,4156.298408101283,1.0,0.0,2020-07-30,1,2020,2020-01-01,2021-01-01,1,1,0.0,0.0,1,1,0.0,0.0,1,0
C_915_661482.0,915,661482.0,control,0,2019-05-20,2019,0.0,Female,White,1995.0,23.0,0.0,0.0,1.0,0.0,0.0,0.0,2020-11-17,-2,2017,2017-01-01,2018-01-01,0,0,0.0,0.0,0,0,0.0,0.0,1,0
C_915_661482.0,915,661482.0,control,0,2019-05-20,2019,0.0,Female,White,1995.0,23.0,0.0,0.0,1.0,0.0,0.0,0.0,2020-11-17,-1,2018,2018-01-01,2019-01-01,0,0,0.0,0.0,0,1,0.0,0.0,1,0
C_915_661482.0,915,661482.0,control,0,2019-05-20,2019,0.0,Female,White,1995.0,23.0,0.0,0.0,1.0,0.0,0.0,0.0,2020-11-17,0,2019,2019-01-01,2020-01-01,1,1,0.0,0.0,1,1,0.0,0.0,1,0
C_915_661482.0,915,661482.0,control,0,2019-05-20,2019,0.0,Female,White,1995.0,23.0,0.0,0.0,1.0,0.0,0.0,0.0,2020-11-17,1,2020,2020-01-01,2021-01-01,1,1,0.0,0.0,1,1,0.0,0.0,1,0
C_916_480129.0,916,480129.0,control,0,2019-02-04,2019,0.0,Male,Black,1995.0,23.0,0.0,0.0,0.0,0.0,1.0,0.0,2020-08-04,-2,2017,2017-01-01,2018-01-01,0,0,0.0,0.0,0,0,0.0,0.0,0,0
C_916_480129.0,916,480129.0,control,0,2019-02-04,2019,0.0,Male,Black,1995.0,23.0,0.0,0.0,0.0,0.0,1.0,0.0,2020-08-04,-1,2018,2018-01-01,2019-01-01,0,0,0.0,0.0,0,0,0.0,0.0,0,0
C_916_480129.0,916,480129.0,control,0,2019-02-04,2019,0.0,Male,Black,1995.0,23.0,0.0,0.0,0.0,0.0,1.0,0.0,2020-08-04,0,2019,2019-01-01,2020-01-01,1,1,0.0,0.0,0,1,1.0,1.0,0,0
C_916_480129.0,916,480129.0,control,0,2019-02-04,2019,0.0,Male,Black,1995.0,23.0,0.0,0.0,0.0,0.0,1.0,0.0,2020-08-04,1,2020,2020-01-01,2021-01-01,1,1,0.0,0.0,1,1,0.0,0.0,0,0
C_919_1458183.0,919,1458183.0,control,0,2019-02-18,2019,0.0,Male,Black,1990.0,18.0,7.0,1.0,7.0,0.0,0.0,0.0,2020-08-18,-2,2017,2017-01-01,2018-01-01,0,0,0.0,0.0,1,1,0.0,0.0,1,0
C_919_1458183.0,919,1458183.0,control,0,2019-02-18,2019,0.0,Male,Black,1990.0,18.0,7.0,1.0,7.0,0.0,0.0,0.0,2020-08-18,-1,2018,2018-01-01,2019-01-01,0,0,0.0,0.0,1,1,0.0,0.0,1,0
C_919_1458183.0,919,1458183.0,control,0,2019-02-18,2019,0.0,Male,Black,1990.0,18.0,7.0,1.0,7.0,0.0,0.0,0.0,2020-08-18,0,2019,2019-01-01,2020-01-01,1,1,0.0,0.0,1,1,0.0,0.0,1,0
C_919_1458183.0,919,1458183.0,control,0,2019-02-18,2019,0.0,Male,Black,1990.0,18.0,7.0,1.0,7.0,0.0,0.0,0.0,2020-08-18,1,2020,2020-01-01,2021-01-01,1,1,0.0,0.0,1,1,0.0,0.0,1,0
C_920_1228953.0,920,1228953.0,control,0,2019-02-11,2019,0.0,Male,Black,1996.0,18.0,5.0,1.0,5.0,0.0,0.0,0.0,2020-08-11,-2,2017,2017-01-01,2018-01-01,0,0,0.0,0.0,1,1,0.0,0.0,1,0
C_920_1228953.0,920,1228953.0,control,0,2019-02-11,2019,0.0,Male,Black,1996.0,18.0,5.0,1.0,5.0,0.0,0.0,0.0,2020-08-11,-1,2018,2018-01-01,2019-01-01,0,0,0.0,0.0,1,1,0.0,0.0,1,0
C_920_1228953.0,920,1228953.0,control,0,2019-02-11,2019,0.0,Male,Black,1996.0,18.0,5.0,1.0,5.0,0.0,0.0,0.0,2020-08-11,0,2019,2019-01-01,2020-01-01,1,1,0.0,0.0,1,1,2.0,1.0,1,1
C_920_1228953.0,920,1228953.0,control,0,2019-02-11,2019,0.0,Male,Black,1996.0,18.0,5.0,1.0,5.0,0.0,0.0,0.0,2020-08-11,1,2020,2020-01-01,2021-01-01,1,1,0.0,0.0,1,1,0.0,0.0,1,0
C_924_911774.0,924,911774.0,control,0,2019-02-18,2019,0.0,Male,Black,1999.0,21.0,0.0,0.0,0.0,0.0,1.0,0.0,2020-08-18,-2,2017,2017-01-01,2018-01-01,0,0,0.0,0.0,0,0,0.0,0.0,0,0
C_924_911774.0,924,911774.0,control,0,2019-02-18,2019,0.0,Male,Black,1999.0,21.0,0.0,0.0,0.0,0.0,1.0,0.0,2020-08-18,-1,2018,2018-01-01,2019-01-01,0,0,0.0,0.0,0,0,0.0,0.0,0,0
C_924_911774.0,924,911774.0,control,0,2019-02-18,2019,0.0,Male,Black,1999.0,21.0,0.0,0.0,0.0,0.0,1.0,0.0,2020-08-18,0,2019,2019-01-01,2020-01-01,1,1,14013.811515818088,1.0,0,0,0.0,0.0,0,0
C_924_911774.0,924,911774.0,control,0,2019-02-18,2019,0.0,Male,Black,1999.0,21.0,0.0,0.0,0.0,0.0,1.0,0.0,2020-08-18,1,2020,2020-01-01,2021-01-01,1,1,0.0,0.0,0,1,1.0,1.0,0,0
C_925_790656.0,925,790656.0,control,0,2019-02-18,2019,0.0,Male,White,1995.0,22.0,2.0,0.0,2.0,0.0,0.0,0.0,2020-08-18,-2,2017,2017-01-01,2018-01-01,0,0,0.0,0.0,0,1,0.0,0.0,1,0
C_925_790656.0,925,790656.0,control,0,2019-02-18,2019,0.0,Male,White,1995.0,22.0,2.0,0.0,2.0,0.0,0.0,0.0,2020-08-18,-1,2018,2018-01-01,2019-01-01,0,0,0.0,0.0,1,1,0.0,0.0,1,0
C_925_790656.0,925,790656.0,control,0,2019-02-18,2019,0.0,Male,White,1995.0,22.0,2.0,0.0,2.0,0.0,0.0,0.0,2020-08-18,0,2019,2019-01-01,2020-01-01,1,1,83.29820571041326,1.0,1,1,0.0,0.0,1,0
C_925_790656.0,925,790656.0,control,0,2019-02-18,2019,0.0,Male,White,1995.0,22.0,2.0,0.0,2.0,0.0,0.0,0.0,2020-08-18,1,2020,2020-01-01,2021-01-01,1,1,1762.3312451269794,1.0,1,1,0.0,0.0,1,0
C_929_147695.0,929,147695.0,control,0,2019-02-25,2019,0.0,Male,Black,1977.0,44.0,0.0,0.0,0.0,0.0,0.0,0.0,2020-08-25,-2,2017,2017-01-01,2018-01-01,0,0,0.0,0.0,0,0,0.0,0.0,0,0
C_929_147695.0,929,147695.0,control,0,2019-02-25,2019,0.0,Male,Black,1977.0,44.0,0.0,0.0,0.0,0.0,0.0,0.0,2020-08-25,-1,2018,2018-01-01,2019-01-01,0,0,0.0,0.0,0,0,0.0,0.0,0,0
C_929_147695.0,929,147695.0,control,0,2019-02-25,2019,0.0,Male,Black,1977.0,44.0,0.0,0.0,0.0,0.0,0.0,0.0,2020-08-25,0,2019,2019-01-01,2020-01-01,1,1,0.0,0.0,0,0,0.0,0.0,0,0
C_929_147695.0,929,147695.0,control,0,2019-02-25,2019,0.0,Male,Black,1977.0,44.0,0.0,0.0,0.0,0.0,0.0,0.0,2020-08-25,1,2020,2020-01-01,2021-01-01,1,1,0.0,0.0,0,0,0.0,0.0,0,0
C_930_911774.0,930,911774.0,control,0,2019-02-18,2019,0.0,Male,Black,1999.0,21.0,0.0,0.0,0.0,0.0,1.0,0.0,2020-08-18,-2,2017,2017-01-01,2018-01-01,0,0,0.0,0.0,0,0,0.0,0.0,0,0
C_930_911774.0,930,911774.0,control,0,2019-02-18,2019,0.0,Male,Black,1999.0,21.0,0.0,0.0,0.0,0.0,1.0,0.0,2020-08-18,-1,2018,2018-01-01,2019-01-01,0,0,0.0,0.0,0,0,0.0,0.0,0,0
C_930_911774.0,930,911774.0,control,0,2019-02-18,2019,0.0,Male,Black,1999.0,21.0,0.0,0.0,0.0,0.0,1.0,0.0,2020-08-18,0,2019,2019-01-01,2020-01-01,1,1,14013.811515818088,1.0,0,0,0.0,0.0,0,0
C_930_911774.0,930,911774.0,control,0,2019-02-18,2019,0.0,Male,Black,1999.0,21.0,0.0,0.0,0.0,0.0,1.0,0.0,2020-08-18,1,2020,2020-01-01,2021-01-01,1,1,0.0,0.0,0,1,1.0,1.0,0,0
C_937_828385.0,937,828385.0,control,0,2019-02-25,2019,0.0,Male,Black,2000.0,20.0,0.0,0.0,0.0,0.0,0.0,0.0,2020-08-25,-2,2017,2017-01-01,2018-01-01,0,0,0.0,0.0,0,0,0.0,0.0,0,0
C_937_828385.0,937,828385.0,control,0,2019-02-25,2019,0.0,Male,Black,2000.0,20.0,0.0,0.0,0.0,0.0,0.0,0.0,2020-08-25,-1,2018,2018-01-01,2019-01-01,0,0,0.0,0.0,0,0,0.0,0.0,0,0
C_937_828385.0,937,828385.0,control,0,2019-02-25,2019,0.0,Male,Black,2000.0,20.0,0.0,0.0,0.0,0.0,0.0,0.0,2020-08-25,0,2019,2019-01-01,2020-01-01,1,1,0.0,0.0,0,0,0.0,0.0,0,0
C_937_828385.0,937,828385.0,control,0,2019-02-25,2019,0.0,Male,Black,2000.0,20.0,0.0,0.0,0.0,0.0,0.0,0.0,2020-08-25,1,2020,2020-01-01,2021-01-01,1,1,0.0,0.0,0,1,0.0,0.0,0,0
C_938_911774.0,938,911774.0,control,0,2019-03-04,2019,0.0,Male,Black,1999.0,21.0,0.0,0.0,0.0,0.0,1.0,0.0,2020-09-01,-2,2017,2017-01-01,2018-01-01,0,0,0.0,0.0,0,0,0.0,0.0,0,0
C_938_911774.0,938,911774.0,control,0,2019-03-04,2019,0.0,Male,Black,1999.0,21.0,0.0,0.0,0.0,0.0,1.0,0.0,2020-09-01,-1,2018,2018-01-01,2019-01-01,0,0,0.0,0.0,0,0,0.0,0.0,0,0
C_938_911774.0,938,911774.0,control,0,2019-03-04,2019,0.0,Male,Black,1999.0,21.0,0.0,0.0,0.0,0.0,1.0,0.0,2020-09-01,0,2019,2019-01-01,2020-01-01,1,1,14013.811515818088,1.0,0,0,0.0,0.0,0,0
C_938_911774.0,938,911774.0,control,0,2019-03-04,2019,0.0,Male,Black,1999.0,21.0,0.0,0.0,0.0,0.0,1.0,0.0,2020-09-01,1,2020,2020-01-01,2021-01-01,1,1,0.0,0.0,0,1,1.0,1.0,0,0
C_939_1792376.0,939,1792376.0,control,0,2019-03-04,2019,0.0,Male,Black,1967.0,35.0,1.0,1.0,1.0,47081.35140134438,1.0,0.0,2020-09-01,-2,2017,2017-01-01,2018-01-01,0,0,0.0,0.0,1,1,0.0,0.0,1,0
C_939_1792376.0,939,1792376.0,control,0,2019-03-04,2019,0.0,Male,Black,1967.0,35.0,1.0,1.0,1.0,47081.35140134438,1.0,0.0,2020-09-01,-1,2018,2018-01-01,2019-01-01,0,0,0.0,0.0,1,1,0.0,0.0,1,0
C_939_1792376.0,939,1792376.0,control,0,2019-03-04,2019,0.0,Male,Black,1967.0,35.0,1.0,1.0,1.0,47081.35140134438,1.0,0.0,2020-09-01,0,2019,2019-01-01,2020-01-01,1,1,49204.97916147392,1.0,1,1,0.0,0.0,1,0
C_939_1792376.0,939,1792376.0,control,0,2019-03-04,2019,0.0,Male,Black,1967.0,35.0,1.0,1.0,1.0,47081.35140134438,1.0,0.0,2020-09-01,1,2020,2020-01-01,2021-01-01,1,1,8410.129879590591,1.0,1,1,0.0,0.0,1,0
C_941_1231972.0,941,1231972.0,control,0,2019-03-11,2019,0.0,Male,Black,1969.0,36.0,3.0,0.0,3.0,0.0,0.0,0.0,2020-09-08,-2,2017,2017-01-01,2018-01-01,0,0,0.0,0.0,1,1,0.0,0.0,1,0
C_941_1231972.0,941,1231972.0,control,0,2019-03-11,2019,0.0,Male,Black,1969.0,36.0,3.0,0.0,3.0,0.0,0.0,0.0,2020-09-08,-1,2018,2018-01-01,2019-01-01,0,0,0.0,0.0,1,1,0.0,0.0,1,0
C_941_1231972.0,941,1231972.0,control,0,2019-03-11,2019,0.0,Male,Black,1969.0,36.0,3.0,0.0,3.0,0.0,0.0,0.0,2020-09-08,0,2019,2019-01-01,2020-01-01,1,1,0.0,0.0,1,1,0.0,0.0,1,0
C_941_1231972.0,941,1231972.0,control,0,2019-03-11,2019,0.0,Male,Black,1969.0,36.0,3.0,0.0,3.0,0.0,0.0,0.0,2020-09-08,1,2020,2020-01-01,2021-01-01,1,1,0.0,0.0,1,1,0.0,0.0,1,0
C_943_851170.0,943,851170.0,control,0,2019-03-18,2019,0.0,Female,Black,1997.0,21.0,0.0,0.0,1.0,22190.66366127374,1.0,0.0,2020-09-15,-2,2017,2017-01-01,2018-01-01,0,0,0.0,0.0,0,0,0.0,0.0,1,0
C_943_851170.0,943,851170.0,control,0,2019-03-18,2019,0.0,Female,Black,1997.0,21.0,0.0,0.0,1.0,22190.66366127374,1.0,0.0,2020-09-15,-1,2018,2018-01-01,2019-01-01,0,0,0.0,0.0,0,1,0.0,0.0,1,0
C_943_851170.0,943,851170.0,control,0,2019-03-18,2019,0.0,Female,Black,1997.0,21.0,0.0,0.0,1.0,22190.66366127374,1.0,0.0,2020-09-15,0,2019,2019-01-01,2020-01-01,1,1,30856.431150511882,1.0,1,1,0.0,0.0,1,0
C_943_851170.0,943,851170.0,control,0,2019-03-18,2019,0.0,Female,Black,1997.0,21.0,0.0,0.0,1.0,22190.66366127374,1.0,0.0,2020-09-15,1,2020,2020-01-01,2021-01-01,1,1,6822.414027999807,1.0,1,1,0.0,0.0,1,0
C_946_911774.0,946,911774.0,control,0,2019-03-18,2019,0.0,Male,Black,1999.0,21.0,0.0,0.0,0.0,0.0,1.0,0.0,2020-09-15,-2,2017,2017-01-01,2018-01-01,0,0,0.0,0.0,0,0,0.0,0.0,0,0
C_946_911774.0,946,911774.0,control,0,2019-03-18,2019,0.0,Male,Black,1999.0,21.0,0.0,0.0,0.0,0.0,1.0,0.0,2020-09-15,-1,2018,2018-01-01,2019-01-01,0,0,0.0,0.0,0,0,0.0,0.0,0,0
C_946_911774.0,946,911774.0,control,0,2019-03-18,2019,0.0,Male,Black,1999.0,21.0,0.0,0.0,0.0,0.0,1.0,0.0,2020-09-15,0,2019,2019-01-01,2020-01-01,1,1,14013.811515818088,1.0,0,0,0.0,0.0,0,0
C_946_911774.0,946,911774.0,control,0,2019-03-18,2019,0.0,Male,Black,1999.0,21.0,0.0,0.0,0.0,0.0,1.0,0.0,2020-09-15,1,2020,2020-01-01,2021-01-01,1,1,0.0,0.0,0,1,1.0,1.0,0,0
C_949_861599.0,949,861599.0,control,0,2019-03-25,2019,0.0,Male,Black,1998.0,20.0,0.0,0.0,2.0,4472.568248459403,1.0,0.0,2020-09-22,-2,2017,2017-01-01,2018-01-01,0,0,0.0,0.0,0,0,0.0,0.0,1,0
C_949_861599.0,949,861599.0,control,0,2019-03-25,2019,0.0,Male,Black,1998.0,20.0,0.0,0.0,2.0,4472.568248459403,1.0,0.0,2020-09-22,-1,2018,2018-01-01,2019-01-01,0,0,0.0,0.0,0,1,0.0,0.0,1,0
C_949_861599.0,949,861599.0,control,0,2019-03-25,2019,0.0,Male,Black,1998.0,20.0,0.0,0.0,2.0,4472.568248459403,1.0,0.0,2020-09-22,0,2019,2019-01-01,2020-01-01,1,1,291.9267590341539,1.0,1,1,0.0,0.0,1,0
C_949_861599.0,949,861599.0,control,0,2019-03-25,2019,0.0,Male,Black,1998.0,20.0,0.0,0.0,2.0,4472.568248459403,1.0,0.0,2020-09-22,1,2020,2020-01-01,2021-01-01,1,1,1827.955074288592,1.0,1,1,0.0,0.0,1,0
C_950_861599.0,950,861599.0,control,0,2019-03-25,2019,0.0,Male,Black,1998.0,20.0,0.0,0.0,2.0,4472.568248459403,1.0,0.0,2020-09-22,-2,2017,2017-01-01,2018-01-01,0,0,0.0,0.0,0,0,0.0,0.0,1,0
C_950_861599.0,950,861599.0,control,0,2019-03-25,2019,0.0,Male,Black,1998.0,20.0,0.0,0.0,2.0,4472.568248459403,1.0,0.0,2020-09-22,-1,2018,2018-01-01,2019-01-01,0,0,0.0,0.0,0,1,0.0,0.0,1,0
C_950_861599.0,950,861599.0,control,0,2019-03-25,2019,0.0,Male,Black,1998.0,20.0,0.0,0.0,2.0,4472.568248459403,1.0,0.0,2020-09-22,0,2019,2019-01-01,2020-01-01,1,1,291.9267590341539,1.0,1,1,0.0,0.0,1,0
C_950_861599.0,950,861599.0,control,0,2019-03-25,2019,0.0,Male,Black,1998.0,20.0,0.0,0.0,2.0,4472.568248459403,1.0,0.0,2020-09-22,1,2020,2020-01-01,2021-01-01,1,1,1827.955074288592,1.0,1,1,0.0,0.0,1,0
C_951_1458183.0,951,1458183.0,control,0,2019-04-01,2019,0.0,Male,Black,1990.0,18.0,7.0,1.0,7.0,0.0,0.0,0.0,2020-09-29,-2,2017,2017-01-01,2018-01-01,0,0,0.0,0.0,1,1,0.0,0.0,1,0
C_951_1458183.0,951,1458183.0,control,0,2019-04-01,2019,0.0,Male,Black,1990.0,18.0,7.0,1.0,7.0,0.0,0.0,0.0,2020-09-29,-1,2018,2018-01-01,2019-01-01,0,0,0.0,0.0,1,1,0.0,0.0,1,0
C_951_1458183.0,951,1458183.0,control,0,2019-04-01,2019,0.0,Male,Black,1990.0,18.0,7.0,1.0,7.0,0.0,0.0,0.0,2020-09-29,0,2019,2019-01-01,2020-01-01,1,1,0.0,0.0,1,1,0.0,0.0,1,0
C_951_1458183.0,951,1458183.0,control,0,2019-04-01,2019,0.0,Male,Black,1990.0,18.0,7.0,1.0,7.0,0.0,0.0,0.0,2020-09-29,1,2020,2020-01-01,2021-01-01,1,1,0.0,0.0,1,1,0.0,0.0,1,0
C_953_913962.0,953,913962.0,control,0,2019-04-01,2019,0.0,Female,Black,1996.0,22.0,0.0,0.0,4.0,4724.120079198219,0.0,0.0,2020-09-29,-2,2017,2017-01-01,2018-01-01,0,0,0.0,0.0,0,0,0.0,0.0,1,0
C_953_913962.0,953,913962.0,control,0,2019-04-01,2019,0.0,Female,Black,1996.0,22.0,0.0,0.0,4.0,4724.120079198219,0.0,0.0,2020-09-29,-1,2018,2018-01-01,2019-01-01,0,0,0.0,0.0,0,1,0.0,0.0,1,0
C_953_913962.0,953,913962.0,control,0,2019-04-01,2019,0.0,Female,Black,1996.0,22.0,0.0,0.0,4.0,4724.120079198219,0.0,0.0,2020-09-29,0,2019,2019-01-01,2020-01-01,1,1,11303.496965408469,1.0,1,1,0.0,0.0,1,0
C_953_913962.0,953,913962.0,control,0,2019-04-01,2019,0.0,Female,Black,1996.0,22.0,0.0,0.0,4.0,4724.120079198219,0.0,0.0,2020-09-29,1,2020,2020-01-01,2021-01-01,1,1,5390.322303868535,1.0,1,1,0.0,0.0,1,0
C_956_909976.0,956,909976.0,control,0,2019-04-08,2019,0.0,Male,Black,2001.0,18.0,0.0,0.0,0.0,0.0,1.0,0.0,2020-10-06,-2,2017,2017-01-01,2018-01-01,0,0,0.0,0.0,0,0,0.0,0.0,0,0
C_956_909976.0,956,909976.0,control,0,2019-04-08,2019,0.0,Male,Black,2001.0,18.0,0.0,0.0,0.0,0.0,1.0,0.0,2020-10-06,-1,2018,2018-01-01,2019-01-01,0,0,0.0,0.0,0,0,0.0,0.0,0,0
C_956_909976.0,956,909976.0,control,0,2019-04-08,2019,0.0,Male,Black,2001.0,18.0,0.0,0.0,0.0,0.0,1.0,0.0,2020-10-06,0,2019,2019-01-01,2020-01-01,1,1,0.0,0.0,0,0,0.0,0.0,0,0
C_956_909976.0,956,909976.0,control,0,2019-04-08,2019,0.0,Male,Black,2001.0,18.0,0.0,0.0,0.0,0.0,1.0,0.0,2020-10-06,1,2020,2020-01-01,2021-01-01,1,1,0.0,0.0,0,1,2.0,1.0,0,0
C_958_909976.0,958,909976.0,control,0,2019-04-15,2019,0.0,Male,Black,2001.0,18.0,0.0,0.0,0.0,0.0,1.0,0.0,2020-10-13,-2,2017,2017-01-01,2018-01-01,0,0,0.0,0.0,0,0,0.0,0.0,0,0
C_958_909976.0,958,909976.0,control,0,2019-04-15,2019,0.0,Male,Black,2001.0,18.0,0.0,0.0,0.0,0.0,1.0,0.0,2020-10-13,-1,2018,2018-01-01,2019-01-01,0,0,0.0,0.0,0,0,0.0,0.0,0,0
C_958_909976.0,958,909976.0,control,0,2019-04-15,2019,0.0,Male,Black,2001.0,18.0,0.0,0.0,0.0,0.0,1.0,0.0,2020-10-13,0,2019,2019-01-01,2020-01-01,1,1,0.0,0.0,0,0,0.0,0.0,0,0
C_958_909976.0,958,909976.0,control,0,2019-04-15,2019,0.0,Male,Black,2001.0,18.0,0.0,0.0,0.0,0.0,1.0,0.0,2020-10-13,1,2020,2020-01-01,2021-01-01,1,1,0.0,0.0,0,1,2.0,1.0,0,0
C_963_909684.0,963,909684.0,control,0,2019-04-15,2019,0.0,Female,Black,1999.0,21.0,0.0,0.0,0.0,1716.9264258740936,1.0,0.0,2020-10-13,-2,2017,2017-01-01,2018-01-01,0,0,0.0,0.0,0,0,0.0,0.0,0,0
C_963_909684.0,963,909684.0,control,0,2019-04-15,2019,0.0,Female,Black,1999.0,21.0,0.0,0.0,0.0,1716.9264258740936,1.0,0.0,2020-10-13,-1,2018,2018-01-01,2019-01-01,0,0,0.0,0.0,0,0,0.0,0.0,0,0
C_963_909684.0,963,909684.0,control,0,2019-04-15,2019,0.0,Female,Black,1999.0,21.0,0.0,0.0,0.0,1716.9264258740936,1.0,0.0,2020-10-13,0,2019,2019-01-01,2020-01-01,1,1,6531.731467983165,1.0,0,0,0.0,0.0,0,0
C_963_909684.0,963,909684.0,control,0,2019-04-15,2019,0.0,Female,Black,1999.0,21.0,0.0,0.0,0.0,1716.9264258740936,1.0,0.0,2020-10-13,1,2020,2020-01-01,2021-01-01,1,1,0.0,0.0,0,1,0.0,0.0,0,0
C_967_1033969.0,967,1033969.0,control,0,2019-04-22,2019,0.0,Male,Black,1997.0,19.0,4.0,1.0,4.0,9442.066705735571,1.0,0.0,2020-10-20,-2,2017,2017-01-01,2018-01-01,0,0,0.0,0.0,1,1,0.0,0.0,1,0
C_967_1033969.0,967,1033969.0,control,0,2019-04-22,2019,0.0,Male,Black,1997.0,19.0,4.0,1.0,4.0,9442.066705735571,1.0,0.0,2020-10-20,-1,2018,2018-01-01,2019-01-01,0,0,0.0,0.0,1,1,0.0,0.0,1,0
C_967_1033969.0,967,1033969.0,control,0,2019-04-22,2019,0.0,Male,Black,1997.0,19.0,4.0,1.0,4.0,9442.066705735571,1.0,0.0,2020-10-20,0,2019,2019-01-01,2020-01-01,1,1,13335.140398328913,1.0,1,1,0.0,0.0,1,0
C_967_1033969.0,967,1033969.0,control,0,2019-04-22,2019,0.0,Male,Black,1997.0,19.0,4.0,1.0,4.0,9442.066705735571,1.0,0.0,2020-10-20,1,2020,2020-01-01,2021-01-01,1,1,6045.820746887966,1.0,1,1,0.0,0.0,1,0
C_968_480129.0,968,480129.0,control,0,2019-04-22,2019,0.0,Male,Black,1995.0,23.0,0.0,0.0,1.0,0.0,1.0,0.0,2020-10-20,-2,2017,2017-01-01,2018-01-01,0,0,0.0,0.0,0,0,0.0,0.0,1,0
C_968_480129.0,968,480129.0,control,0,2019-04-22,2019,0.0,Male,Black,1995.0,23.0,0.0,0.0,1.0,0.0,1.0,0.0,2020-10-20,-1,2018,2018-01-01,2019-01-01,0,0,0.0,0.0,0,0,0.0,0.0,1,0
C_968_480129.0,968,480129.0,control,0,2019-04-22,2019,0.0,Male,Black,1995.0,23.0,0.0,0.0,1.0,0.0,1.0,0.0,2020-10-20,0,2019,2019-01-01,2020-01-01,1,1,0.0,0.0,0,1,0.0,0.0,1,0
C_968_480129.0,968,480129.0,control,0,2019-04-22,2019,0.0,Male,Black,1995.0,23.0,0.0,0.0,1.0,0.0,1.0,0.0,2020-10-20,1,2020,2020-01-01,2021-01-01,1,1,0.0,0.0,1,1,0.0,0.0,1,0
C_970_382452.0,970,382452.0,control,0,2019-04-22,2019,0.0,Male,Black,1993.0,26.0,0.0,0.0,0.0,0.0,0.0,0.0,2020-10-20,-2,2017,2017-01-01,2018-01-01,0,0,0.0,0.0,0,0,0.0,0.0,0,0
C_970_382452.0,970,382452.0,control,0,2019-04-22,2019,0.0,Male,Black,1993.0,26.0,0.0,0.0,0.0,0.0,0.0,0.0,2020-10-20,-1,2018,2018-01-01,2019-01-01,0,0,0.0,0.0,0,0,0.0,0.0,0,0
C_970_382452.0,970,382452.0,control,0,2019-04-22,2019,0.0,Male,Black,1993.0,26.0,0.0,0.0,0.0,0.0,0.0,0.0,2020-10-20,0,2019,2019-01-01,2020-01-01,1,1,251.76071959803704,1.0,0,1,1.0,1.0,0,0
C_970_382452.0,970,382452.0,control,0,2019-04-22,2019,0.0,Male,Black,1993.0,26.0,0.0,0.0,0.0,0.0,0.0,0.0,2020-10-20,1,2020,2020-01-01,2021-01-01,1,1,0.0,0.0,1,1,0.0,0.0,0,0
C_971_1524219.0,971,1524219.0,control,0,2019-05-20,2019,0.0,Male,Black,1984.0,22.0,4.0,1.0,4.0,0.0,0.0,0.0,2020-11-17,-2,2017,2017-01-01,2018-01-01,0,0,0.0,0.0,1,1,0.0,0.0,1,0
C_971_1524219.0,971,1524219.0,control,0,2019-05-20,2019,0.0,Male,Black,1984.0,22.0,4.0,1.0,4.0,0.0,0.0,0.0,2020-11-17,-1,2018,2018-01-01,2019-01-01,0,0,0.0,0.0,1,1,0.0,0.0,1,0
C_971_1524219.0,971,1524219.0,control,0,2019-05-20,2019,0.0,Male,Black,1984.0,22.0,4.0,1.0,4.0,0.0,0.0,0.0,2020-11-17,0,2019,2019-01-01,2020-01-01,1,1,3315.2691167199796,1.0,1,1,0.0,0.0,1,0
C_971_1524219.0,971,1524219.0,control,0,2019-05-20,2019,0.0,Male,Black,1984.0,22.0,4.0,1.0,4.0,0.0,0.0,0.0,2020-11-17,1,2020,2020-01-01,2021-01-01,1,1,7817.003452532626,1.0,1,1,0.0,0.0,1,0
C_972_1064548.0,972,1064548.0,control,0,2019-04-29,2019,0.0,Male,Black,1972.0,36.0,2.0,0.0,2.0,0.0,0.0,0.0,2020-10-27,-2,2017,2017-01-01,2018-01-01,0,0,0.0,0.0,1,1,0.0,0.0,1,0
C_972_1064548.0,972,1064548.0,control,0,2019-04-29,2019,0.0,Male,Black,1972.0,36.0,2.0,0.0,2.0,0.0,0.0,0.0,2020-10-27,-1,2018,2018-01-01,2019-01-01,0,0,0.0,0.0,1,1,0.0,0.0,1,0
C_972_1064548.0,972,1064548.0,control,0,2019-04-29,2019,0.0,Male,Black,1972.0,36.0,2.0,0.0,2.0,0.0,0.0,0.0,2020-10-27,0,2019,2019-01-01,2020-01-01,1,1,0.0,0.0,1,1,0.0,0.0,1,0
C_972_1064548.0,972,1064548.0,control,0,2019-04-29,2019,0.0,Male,Black,1972.0,36.0,2.0,0.0,2.0,0.0,0.0,0.0,2020-10-27,1,2020,2020-01-01,2021-01-01,1,1,0.0,0.0,1,1,0.0,0.0,1,0
C_974_911774.0,974,911774.0,control,0,2019-05-06,2019,0.0,Male,Black,1999.0,21.0,0.0,0.0,0.0,0.0,1.0,0.0,2020-11-03,-2,2017,2017-01-01,2018-01-01,0,0,0.0,0.0,0,0,0.0,0.0,0,0
C_974_911774.0,974,911774.0,control,0,2019-05-06,2019,0.0,Male,Black,1999.0,21.0,0.0,0.0,0.0,0.0,1.0,0.0,2020-11-03,-1,2018,2018-01-01,2019-01-01,0,0,0.0,0.0,0,0,0.0,0.0,0,0
C_974_911774.0,974,911774.0,control,0,2019-05-06,2019,0.0,Male,Black,1999.0,21.0,0.0,0.0,0.0,0.0,1.0,0.0,2020-11-03,0,2019,2019-01-01,2020-01-01,1,1,14013.811515818088,1.0,0,0,0.0,0.0,0,0
C_974_911774.0,974,911774.0,control,0,2019-05-06,2019,0.0,Male,Black,1999.0,21.0,0.0,0.0,0.0,0.0,1.0,0.0,2020-11-03,1,2020,2020-01-01,2021-01-01,1,1,0.0,0.0,0,1,1.0,1.0,0,0
C_975_382452.0,975,382452.0,control,0,2019-04-29,2019,0.0,Male,Black,1993.0,26.0,0.0,0.0,0.0,0.0,0.0,0.0,2020-10-27,-2,2017,2017-01-01,2018-01-01,0,0,0.0,0.0,0,0,0.0,0.0,0,0
C_975_382452.0,975,382452.0,control,0,2019-04-29,2019,0.0,Male,Black,1993.0,26.0,0.0,0.0,0.0,0.0,0.0,0.0,2020-10-27,-1,2018,2018-01-01,2019-01-01,0,0,0.0,0.0,0,0,0.0,0.0,0,0
C_975_382452.0,975,382452.0,control,0,2019-04-29,2019,0.0,Male,Black,1993.0,26.0,0.0,0.0,0.0,0.0,0.0,0.0,2020-10-27,0,2019,2019-01-01,2020-01-01,1,1,251.76071959803704,1.0,0,1,1.0,1.0,0,0
C_975_382452.0,975,382452.0,control,0,2019-04-29,2019,0.0,Male,Black,1993.0,26.0,0.0,0.0,0.0,0.0,0.0,0.0,2020-10-27,1,2020,2020-01-01,2021-01-01,1,1,0.0,0.0,1,1,0.0,0.0,0,0
C_977_1696994.0,977,1696994.0,control,0,2019-05-06,2019,0.0,Male,Black,1988.0,22.0,4.0,1.0,4.0,15532.371597260872,1.0,0.0,2020-11-03,-2,2017,2017-01-01,2018-01-01,0,0,0.0,0.0,1,1,0.0,0.0,1,0
C_977_1696994.0,977,1696994.0,control,0,2019-05-06,2019,0.0,Male,Black,1988.0,22.0,4.0,1.0,4.0,15532.371597260872,1.0,0.0,2020-11-03,-1,2018,2018-01-01,2019-01-01,0,0,0.0,0.0,1,1,0.0,0.0,1,0
C_977_1696994.0,977,1696994.0,control,0,2019-05-06,2019,0.0,Male,Black,1988.0,22.0,4.0,1.0,4.0,15532.371597260872,1.0,0.0,2020-11-03,0,2019,2019-01-01,2020-01-01,1,1,15947.790403630705,1.0,1,1,0.0,0.0,1,0
C_977_1696994.0,977,1696994.0,control,0,2019-05-06,2019,0.0,Male,Black,1988.0,22.0,4.0,1.0,4.0,15532.371597260872,1.0,0.0,2020-11-03,1,2020,2020-01-01,2021-01-01,1,1,10134.253293143207,1.0,1,1,0.0,0.0,1,0
C_979_480129.0,979,480129.0,control,0,2019-05-06,2019,0.0,Male,Black,1995.0,23.0,0.0,0.0,1.0,0.0,1.0,0.0,2020-11-03,-2,2017,2017-01-01,2018-01-01,0,0,0.0,0.0,0,0,0.0,0.0,1,0
C_979_480129.0,979,480129.0,control,0,2019-05-06,2019,0.0,Male,Black,1995.0,23.0,0.0,0.0,1.0,0.0,1.0,0.0,2020-11-03,-1,2018,2018-01-01,2019-01-01,0,0,0.0,0.0,0,0,0.0,0.0,1,0
C_979_480129.0,979,480129.0,control,0,2019-05-06,2019,0.0,Male,Black,1995.0,23.0,0.0,0.0,1.0,0.0,1.0,0.0,2020-11-03,0,2019,2019-01-01,2020-01-01,1,1,0.0,0.0,0,1,0.0,0.0,1,0
C_979_480129.0,979,480129.0,control,0,2019-05-06,2019,0.0,Male,Black,1995.0,23.0,0.0,0.0,1.0,0.0,1.0,0.0,2020-11-03,1,2020,2020-01-01,2021-01-01,1,1,0.0,0.0,1,1,0.0,0.0,1,0
C_980_1458183.0,980,1458183.0,control,0,2019-05-13,2019,0.0,Male,Black,1990.0,18.0,7.0,1.0,7.0,0.0,0.0,0.0,2020-11-10,-2,2017,2017-01-01,2018-01-01,0,0,0.0,0.0,1,1,0.0,0.0,1,0
C_980_1458183.0,980,1458183.0,control,0,2019-05-13,2019,0.0,Male,Black,1990.0,18.0,7.0,1.0,7.0,0.0,0.0,0.0,2020-11-10,-1,2018,2018-01-01,2019-01-01,0,0,0.0,0.0,1,1,0.0,0.0,1,0
C_980_1458183.0,980,1458183.0,control,0,2019-05-13,2019,0.0,Male,Black,1990.0,18.0,7.0,1.0,7.0,0.0,0.0,0.0,2020-11-10,0,2019,2019-01-01,2020-01-01,1,1,0.0,0.0,1,1,0.0,0.0,1,0
C_980_1458183.0,980,1458183.0,control,0,2019-05-13,2019,0.0,Male,Black,1990.0,18.0,7.0,1.0,7.0,0.0,0.0,0.0,2020-11-10,1,2020,2020-01-01,2021-01-01,1,1,0.0,0.0,1,1,0.0,0.0,1,0
C_982_875739.0,982,875739.0,control,0,2019-06-03,2019,0.0,Male,Unknown,1964.0,51.0,0.0,0.0,3.0,0.0,0.0,0.0,2020-12-01,-2,2017,2017-01-01,2018-01-01,0,0,0.0,0.0,1,1,0.0,0.0,1,0
C_982_875739.0,982,875739.0,control,0,2019-06-03,2019,0.0,Male,Unknown,1964.0,51.0,0.0,0.0,3.0,0.0,0.0,0.0,2020-12-01,-1,2018,2018-01-01,2019-01-01,0,0,0.0,0.0,1,1,0.0,0.0,1,0
C_982_875739.0,982,875739.0,control,0,2019-06-03,2019,0.0,Male,Unknown,1964.0,51.0,0.0,0.0,3.0,0.0,0.0,0.0,2020-12-01,0,2019,2019-01-01,2020-01-01,1,1,0.0,0.0,1,1,0.0,0.0,1,0
C_982_875739.0,982,875739.0,control,0,2019-06-03,2019,0.0,Male,Unknown,1964.0,51.0,0.0,0.0,3.0,0.0,0.0,0.0,2020-12-01,1,2020,2020-01-01,2021-01-01,1,1,0.0,0.0,1,1,0.0,0.0,1,0
C_983_909684.0,983,909684.0,control,0,2023-02-06,2023,1.0,Female,Black,1999.0,21.0,1.0,0.0,1.0,4390.24784145688,1.0,0.0,2024-08-06,-2,2021,2021-01-01,2022-01-01,0,0,0.0,0.0,1,1,0.0,0.0,1,0
C_983_909684.0,983,909684.0,control,0,2023-02-06,2023,1.0,Female,Black,1999.0,21.0,1.0,0.0,1.0,4390.24784145688,1.0,0.0,2024-08-06,-1,2022,2022-01-01,2023-01-01,0,0,0.0,0.0,1,1,0.0,0.0,1,0
C_983_909684.0,983,909684.0,control,0,2023-02-06,2023,1.0,Female,Black,1999.0,21.0,1.0,0.0,1.0,4390.24784145688,1.0,0.0,2024-08-06,0,2023,2023-01-01,2024-01-01,1,1,4738.532841336254,1.0,1,1,0.0,0.0,1,0
C_983_909684.0,983,909684.0,control,0,2023-02-06,2023,1.0,Female,Black,1999.0,21.0,1.0,0.0,1.0,4390.24784145688,1.0,0.0,2024-08-06,1,2024,2024-01-01,2025-01-01,1,1,722.1570527650417,1.0,1,1,0.0,0.0,1,0
C_984_162065.0,984,162065.0,control,0,2019-05-13,2019,0.0,Male,Black,1981.0,39.0,0.0,0.0,0.0,0.0,0.0,0.0,2020-11-10,-2,2017,2017-01-01,2018-01-01,0,0,0.0,0.0,0,0,0.0,0.0,0,0
C_984_162065.0,984,162065.0,control,0,2019-05-13,2019,0.0,Male,Black,1981.0,39.0,0.0,0.0,0.0,0.0,0.0,0.0,2020-11-10,-1,2018,2018-01-01,2019-01-01,0,0,0.0,0.0,0,0,0.0,0.0,0,0
C_984_162065.0,984,162065.0,control,0,2019-05-13,2019,0.0,Male,Black,1981.0,39.0,0.0,0.0,0.0,0.0,0.0,0.0,2020-11-10,0,2019,2019-01-01,2020-01-01,1,1,0.0,0.0,0,0,0.0,0.0,0,0
C_984_162065.0,984,162065.0,control,0,2019-05-13,2019,0.0,Male,Black,1981.0,39.0,0.0,0.0,0.0,0.0,0.0,0.0,2020-11-10,1,2020,2020-01-01,2021-01-01,1,1,0.0,0.0,0,1,2.0,1.0,0,0
C_988_480129.0,988,480129.0,control,0,2019-05-28,2019,0.0,Male,Black,1995.0,23.0,0.0,0.0,1.0,0.0,1.0,0.0,2020-11-25,-2,2017,2017-01-01,2018-01-01,0,0,0.0,0.0,0,0,0.0,0.0,1,0
C_988_480129.0,988,480129.0,control,0,2019-05-28,2019,0.0,Male,Black,1995.0,23.0,0.0,0.0,1.0,0.0,1.0,0.0,2020-11-25,-1,2018,2018-01-01,2019-01-01,0,0,0.0,0.0,0,0,0.0,0.0,1,0
C_988_480129.0,988,480129.0,control,0,2019-05-28,2019,0.0,Male,Black,1995.0,23.0,0.0,0.0,1.0,0.0,1.0,0.0,2020-11-25,0,2019,2019-01-01,2020-01-01,1,1,0.0,0.0,0,1,0.0,0.0,1,0
C_988_480129.0,988,480129.0,control,0,2019-05-28,2019,0.0,Male,Black,1995.0,23.0,0.0,0.0,1.0,0.0,1.0,0.0,2020-11-25,1,2020,2020-01-01,2021-01-01,1,1,0.0,0.0,1,1,0.0,0.0,1,0
C_991_470698.0,991,470698.0,control,0,2019-05-28,2019,0.0,Male,White,1977.0,39.0,1.0,0.0,1.0,0.0,0.0,0.0,2020-11-25,-2,2017,2017-01-01,2018-01-01,0,0,0.0,0.0,0,1,0.0,0.0,1,0
C_991_470698.0,991,470698.0,control,0,2019-05-28,2019,0.0,Male,White,1977.0,39.0,1.0,0.0,1.0,0.0,0.0,0.0,2020-11-25,-1,2018,2018-01-01,2019-01-01,0,0,0.0,0.0,1,1,0.0,0.0,1,0
C_991_470698.0,991,470698.0,control,0,2019-05-28,2019,0.0,Male,White,1977.0,39.0,1.0,0.0,1.0,0.0,0.0,0.0,2020-11-25,0,2019,2019-01-01,2020-01-01,1,1,0.0,0.0,1,1,0.0,0.0,1,0
C_991_470698.0,991,470698.0,control,0,2019-05-28,2019,0.0,Male,White,1977.0,39.0,1.0,0.0,1.0,0.0,0.0,0.0,2020-11-25,1,2020,2020-01-01,2021-01-01,1,1,0.0,0.0,1,1,0.0,0.0,1,0
C_993_1311792.0,993,1311792.0,control,0,2019-07-01,2019,0.0,Male,Black,1996.0,18.0,5.0,1.0,5.0,0.0,0.0,0.0,2020-12-29,-2,2017,2017-01-01,2018-01-01,0,0,0.0,0.0,1,1,0.0,0.0,1,0
C_993_1311792.0,993,1311792.0,control,0,2019-07-01,2019,0.0,Male,Black,1996.0,18.0,5.0,1.0,5.0,0.0,0.0,0.0,2020-12-29,-1,2018,2018-01-01,2019-01-01,0,0,0.0,0.0,1,1,0.0,0.0,1,0
C_993_1311792.0,993,1311792.0,control,0,2019-07-01,2019,0.0,Male,Black,1996.0,18.0,5.0,1.0,5.0,0.0,0.0,0.0,2020-12-29,0,2019,2019-01-01,2020-01-01,1,1,0.0,0.0,1,1,0.0,0.0,1,0
C_993_1311792.0,993,1311792.0,control,0,2019-07-01,2019,0.0,Male,Black,1996.0,18.0,5.0,1.0,5.0,0.0,0.0,0.0,2020-12-29,1,2020,2020-01-01,2021-01-01,1,1,0.0,0.0,1,1,0.0,0.0,1,0
C_996_1482387.0,996,1482387.0,control,0,2019-07-15,2019,0.0,Female,Black,1994.0,20.0,2.0,0.0,2.0,0.0,1.0,0.0,2021-01-12,-2,2017,2017-01-01,2018-01-01,0,0,0.0,0.0,1,1,0.0,0.0,1,0
C_996_1482387.0,996,1482387.0,control,0,2019-07-15,2019,0.0,Female,Black,1994.0,20.0,2.0,0.0,2.0,0.0,1.0,0.0,2021-01-12,-1,2018,2018-01-01,2019-01-01,0,0,0.0,0.0,1,1,0.0,0.0,1,0
C_996_1482387.0,996,1482387.0,control,0,2019-07-15,2019,0.0,Female,Black,1994.0,20.0,2.0,0.0,2.0,0.0,1.0,0.0,2021-01-12,0,2019,2019-01-01,2020-01-01,1,1,0.0,0.0,1,1,0.0,0.0,1,0
C_996_1482387.0,996,1482387.0,control,0,2019-07-15,2019,0.0,Female,Black,1994.0,20.0,2.0,0.0,2.0,0.0,1.0,0.0,2021-01-12,1,2020,2020-01-01,2021-01-01,1,1,0.0,0.0,1,1,0.0,0.0,1,0
C_997_1873795.0,997,1873795.0,control,0,2019-07-15,2019,0.0,Male,Black,1978.0,26.0,14.0,1.0,14.0,7295.546384252828,0.0,0.0,2021-01-12,-2,2017,2017-01-01,2018-01-01,0,0,0.0,0.0,1,1,0.0,0.0,1,0
C_997_1873795.0,997,1873795.0,control,0,2019-07-15,2019,0.0,Male,Black,1978.0,26.0,14.0,1.0,14.0,7295.546384252828,0.0,0.0,2021-01-12,-1,2018,2018-01-01,2019-01-01,0,0,0.0,0.0,1,1,0.0,0.0,1,0
C_997_1873795.0,997,1873795.0,control,0,2019-07-15,2019,0.0,Male,Black,1978.0,26.0,14.0,1.0,14.0,7295.546384252828,0.0,0.0,2021-01-12,0,2019,2019-01-01,2020-01-01,1,1,0.0,0.0,1,1,0.0,0.0,1,0
C_997_1873795.0,997,1873795.0,control,0,2019-07-15,2019,0.0,Male,Black,1978.0,26.0,14.0,1.0,14.0,7295.546384252828,0.0,0.0,2021-01-12,1,2020,2020-01-01,2021-01-01,1,1,0.0,0.0,1,1,0.0,0.0,1,0
C_998_1504701.0,998,1504701.0,control,0,2019-07-08,2019,0.0,Male,Black,1989.0,21.0,1.0,0.0,1.0,4951.041116874149,1.0,0.0,2021-01-05,-2,2017,2017-01-01,2018-01-01,0,0,0.0,0.0,1,1,0.0,0.0,1,0
C_998_1504701.0,998,1504701.0,control,0,2019-07-08,2019,0.0,Male,Black,1989.0,21.0,1.0,0.0,1.0,4951.041116874149,1.0,0.0,2021-01-05,-1,2018,2018-01-01,2019-01-01,0,0,0.0,0.0,1,1,0.0,0.0,1,0
C_998_1504701.0,998,1504701.0,control,0,2019-07-08,2019,0.0,Male,Black,1989.0,21.0,1.0,0.0,1.0,4951.041116874149,1.0,0.0,2021-01-05,0,2019,2019-01-01,2020-01-01,1,1,5158.266408602228,1.0,1,1,0.0,0.0,1,0
C_998_1504701.0,998,1504701.0,control,0,2019-07-08,2019,0.0,Male,Black,1989.0,21.0,1.0,0.0,1.0,4951.041116874149,1.0,0.0,2021-01-05,1,2020,2020-01-01,2021-01-01,1,1,23181.49198402471,1.0,1,1,0.0,0.0,1,0
C_999_828385.0,999,828385.0,control,0,2019-06-04,2019,0.0,Male,Black,2000.0,20.0,0.0,0.0,0.0,0.0,0.0,0.0,2020-12-02,-2,2017,2017-01-01,2018-01-01,0,0,0.0,0.0,0,0,0.0,0.0,0,0
C_999_828385.0,999,828385.0,control,0,2019-06-04,2019,0.0,Male,Black,2000.0,20.0,0.0,0.0,0.0,0.0,0.0,0.0,2020-12-02,-1,2018,2018-01-01,2019-01-01,0,0,0.0,0.0,0,0,0.0,0.0,0,0
C_999_828385.0,999,828385.0,control,0,2019-06-04,2019,0.0,Male,Black,2000.0,20.0,0.0,0.0,0.0,0.0,0.0,0.0,2020-12-02,0,2019,2019-01-01,2020-01-01,1,1,0.0,0.0,0,0,0.0,0.0,0,0
C_999_828385.0,999,828385.0,control,0,2019-06-04,2019,0.0,Male,Black,2000.0,20.0,0.0,0.0,0.0,0.0,0.0,0.0,2020-12-02,1,2020,2020-01-01,2021-01-01,1,1,0.0,0.0,0,1,1.0,1.0,0,0
P_1007,1007,,participant,1,2019-06-17,2019,0.0,Male,White,1987.0,30.0,2.0,1.0,2.0,0.0,0.0,0.0,2020-12-15,-2,2017,2017-01-01,2018-01-01,0,0,0.0,0.0,1,1,0.0,0.0,1,0
P_1007,1007,,participant,1,2019-06-17,2019,0.0,Male,White,1987.0,30.0,2.0,1.0,2.0,0.0,0.0,0.0,2020-12-15,-1,2018,2018-01-01,2019-01-01,0,0,0.0,0.0,1,1,0.0,0.0,1,0
P_1007,1007,,participant,1,2019-06-17,2019,0.0,Male,White,1987.0,30.0,2.0,1.0,2.0,0.0,0.0,0.0,2020-12-15,0,2019,2019-01-01,2020-01-01,1,1,15825.501715838418,1.0,1,1,0.0,0.0,1,0
P_1007,1007,,participant,1,2019-06-17,2019,0.0,Male,White,1987.0,30.0,2.0,1.0,2.0,0.0,0.0,0.0,2020-12-15,1,2020,2020-01-01,2021-01-01,1,1,18877.004564315353,1.0,1,1,0.0,0.0,1,0
P_1008,1008,,participant,1,2019-06-17,2019,0.0,Female,White,1991.0,27.0,0.0,0.0,1.0,20343.622768604815,1.0,0.0,2020-12-15,-2,2017,2017-01-01,2018-01-01,0,0,0.0,0.0,0,0,0.0,0.0,1,0
P_1008,1008,,participant,1,2019-06-17,2019,0.0,Female,White,1991.0,27.0,0.0,0.0,1.0,20343.622768604815,1.0,0.0,2020-12-15,-1,2018,2018-01-01,2019-01-01,0,0,0.0,0.0,0,1,0.0,0.0,1,0
P_1008,1008,,participant,1,2019-06-17,2019,0.0,Female,White,1991.0,27.0,0.0,0.0,1.0,20343.622768604815,1.0,0.0,2020-12-15,0,2019,2019-01-01,2020-01-01,1,1,0.0,0.0,1,1,0.0,0.0,1,0
P_1008,1008,,participant,1,2019-06-17,2019,0.0,Female,White,1991.0,27.0,0.0,0.0,1.0,20343.622768604815,1.0,0.0,2020-12-15,1,2020,2020-01-01,2021-01-01,1,1,0.0,0.0,1,1,0.0,0.0,1,0
P_1011,1011,,participant,1,2019-07-15,2019,0.0,Female,Black,1990.0,27.0,2.0,0.0,2.0,0.0,0.0,0.0,2021-01-12,-2,2017,2017-01-01,2018-01-01,0,0,0.0,0.0,0,0,0.0,0.0,1,0
P_1011,1011,,participant,1,2019-07-15,2019,0.0,Female,Black,1990.0,27.0,2.0,0.0,2.0,0.0,0.0,0.0,2021-01-12,-1,2018,2018-01-01,2019-01-01,0,0,0.0,0.0,0,0,0.0,0.0,1,0
P_1011,1011,,participant,1,2019-07-15,2019,0.0,Female,Black,1990.0,27.0,2.0,0.0,2.0,0.0,0.0,0.0,2021-01-12,0,2019,2019-01-01,2020-01-01,1,1,23596.528116458205,1.0,0,0,0.0,0.0,1,0
P_1011,1011,,participant,1,2019-07-15,2019,0.0,Female,Black,1990.0,27.0,2.0,0.0,2.0,0.0,0.0,0.0,2021-01-12,1,2020,2020-01-01,2021-01-01,1,1,50758.846716430824,1.0,0,0,0.0,0.0,1,0
P_1012,1012,,participant,1,2019-06-17,2019,0.0,Male,White,1979.0,22.0,5.0,0.0,5.0,0.0,0.0,0.0,2020-12-15,-2,2017,2017-01-01,2018-01-01,0,0,0.0,0.0,0,0,0.0,0.0,1,0
P_1012,1012,,participant,1,2019-06-17,2019,0.0,Male,White,1979.0,22.0,5.0,0.0,5.0,0.0,0.0,0.0,2020-12-15,-1,2018,2018-01-01,2019-01-01,0,0,0.0,0.0,0,1,0.0,0.0,1,0
P_1012,1012,,participant,1,2019-06-17,2019,0.0,Male,White,1979.0,22.0,5.0,0.0,5.0,0.0,0.0,0.0,2020-12-15,0,2019,2019-01-01,2020-01-01,1,1,6437.92886154731,1.0,1,1,0.0,0.0,1,0
P_1012,1012,,participant,1,2019-06-17,2019,0.0,Male,White,1979.0,22.0,5.0,0.0,5.0,0.0,0.0,0.0,2020-12-15,1,2020,2020-01-01,2021-01-01,1,1,12192.31380234057,1.0,1,1,0.0,0.0,1,0
P_1018,1018,,participant,1,2019-06-19,2019,0.0,Male,Black,2000.0,20.0,0.0,0.0,0.0,0.0,0.0,0.0,2020-12-17,-2,2017,2017-01-01,2018-01-01,0,0,0.0,0.0,0,0,0.0,0.0,0,0
P_1018,1018,,participant,1,2019-06-19,2019,0.0,Male,Black,2000.0,20.0,0.0,0.0,0.0,0.0,0.0,0.0,2020-12-17,-1,2018,2018-01-01,2019-01-01,0,0,0.0,0.0,0,1,0.0,0.0,0,0
P_1018,1018,,participant,1,2019-06-19,2019,0.0,Male,Black,2000.0,20.0,0.0,0.0,0.0,0.0,0.0,0.0,2020-12-17,0,2019,2019-01-01,2020-01-01,1,1,1098.3641691377338,1.0,1,1,0.0,0.0,0,0
P_1018,1018,,participant,1,2019-06-19,2019,0.0,Male,Black,2000.0,20.0,0.0,0.0,0.0,0.0,0.0,0.0,2020-12-17,1,2020,2020-01-01,2021-01-01,1,1,7023.736156518933,1.0,1,1,0.0,0.0,0,0
P_1020,1020,,participant,1,2019-07-01,2019,0.0,Male,Black,1995.0,32.0,1.0,0.0,1.0,0.0,0.0,0.0,2020-12-29,-2,2017,2017-01-01,2018-01-01,0,0,0.0,0.0,1,1,0.0,0.0,1,0
P_1020,1020,,participant,1,2019-07-01,2019,0.0,Male,Black,1995.0,32.0,1.0,0.0,1.0,0.0,0.0,0.0,2020-12-29,-1,2018,2018-01-01,2019-01-01,0,0,0.0,0.0,1,1,0.0,0.0,1,0
P_1020,1020,,participant,1,2019-07-01,2019,0.0,Male,Black,1995.0,32.0,1.0,0.0,1.0,0.0,0.0,0.0,2020-12-29,0,2019,2019-01-01,2020-01-01,1,1,2096.3381770454002,1.0,1,1,0.0,0.0,1,0
P_1020,1020,,participant,1,2019-07-01,2019,0.0,Male,Black,1995.0,32.0,1.0,0.0,1.0,0.0,0.0,0.0,2020-12-29,1,2020,2020-01-01,2021-01-01,1,1,0.0,0.0,1,1,0.0,0.0,1,0
P_1021,1021,,participant,1,2019-06-24,2019,0.0,Male,Black,2000.0,20.0,0.0,0.0,0.0,0.0,0.0,0.0,2020-12-22,-2,2017,2017-01-01,2018-01-01,0,0,0.0,0.0,0,0,0.0,0.0,0,0
P_1021,1021,,participant,1,2019-06-24,2019,0.0,Male,Black,2000.0,20.0,0.0,0.0,0.0,0.0,0.0,0.0,2020-12-22,-1,2018,2018-01-01,2019-01-01,0,0,0.0,0.0,0,0,0.0,0.0,0,0
P_1021,1021,,participant,1,2019-06-24,2019,0.0,Male,Black,2000.0,20.0,0.0,0.0,0.0,0.0,0.0,0.0,2020-12-22,0,2019,2019-01-01,2020-01-01,1,1,0.0,0.0,0,0,0.0,0.0,0,0
P_1021,1021,,participant,1,2019-06-24,2019,0.0,Male,Black,2000.0,20.0,0.0,0.0,0.0,0.0,0.0,0.0,2020-12-22,1,2020,2020-01-01,2021-01-01,1,1,2951.9441908713693,1.0,0,0,0.0,0.0,0,0
P_1023,1023,,participant,1,2019-07-08,2019,0.0,Male,Black,1999.0,21.0,0.0,0.0,0.0,613.4147046101218,1.0,0.0,2021-01-05,-2,2017,2017-01-01,2018-01-01,0,0,0.0,0.0,0,0,0.0,0.0,0,0
P_1023,1023,,participant,1,2019-07-08,2019,0.0,Male,Black,1999.0,21.0,0.0,0.0,0.0,613.4147046101218,1.0,0.0,2021-01-05,-1,2018,2018-01-01,2019-01-01,0,0,0.0,0.0,0,0,0.0,0.0,0,0
P_1023,1023,,participant,1,2019-07-08,2019,0.0,Male,Black,1999.0,21.0,0.0,0.0,0.0,613.4147046101218,1.0,0.0,2021-01-05,0,2019,2019-01-01,2020-01-01,1,1,5854.999813210676,1.0,0,0,0.0,0.0,0,0
P_1023,1023,,participant,1,2019-07-08,2019,0.0,Male,Black,1999.0,21.0,0.0,0.0,0.0,613.4147046101218,1.0,0.0,2021-01-05,1,2020,2020-01-01,2021-01-01,1,1,2062.726776824283,1.0,0,0,0.0,0.0,0,0
P_1026,1026,,participant,1,2019-07-10,2019,0.0,Male,Black,1981.0,39.0,0.0,0.0,0.0,0.0,0.0,0.0,2021-01-07,-2,2017,2017-01-01,2018-01-01,0,0,0.0,0.0,1,1,0.0,0.0,0,0
P_1026,1026,,participant,1,2019-07-10,2019,0.0,Male,Black,1981.0,39.0,0.0,0.0,0.0,0.0,0.0,0.0,2021-01-07,-1,2018,2018-01-01,2019-01-01,0,0,0.0,0.0,1,1,0.0,0.0,0,0
P_1026,1026,,participant,1,2019-07-10,2019,0.0,Male,Black,1981.0,39.0,0.0,0.0,0.0,0.0,0.0,0.0,2021-01-07,0,2019,2019-01-01,2020-01-01,1,1,0.0,0.0,1,1,1.0,1.0,0,0
P_1026,1026,,participant,1,2019-07-10,2019,0.0,Male,Black,1981.0,39.0,0.0,0.0,0.0,0.0,0.0,0.0,2021-01-07,1,2020,2020-01-01,2021-01-01,1,1,0.0,0.0,1,1,0.0,0.0,0,0
P_1030,1030,,participant,1,2019-07-08,2019,0.0,Male,White,1998.0,18.0,1.0,0.0,1.0,4097.189749568729,1.0,0.0,2021-01-05,-2,2017,2017-01-01,2018-01-01,0,0,0.0,0.0,0,1,0.0,0.0,1,0
P_1030,1030,,participant,1,2019-07-08,2019,0.0,Male,White,1998.0,18.0,1.0,0.0,1.0,4097.189749568729,1.0,0.0,2021-01-05,-1,2018,2018-01-01,2019-01-01,0,0,0.0,0.0,1,1,0.0,0.0,1,0
P_1030,1030,,participant,1,2019-07-08,2019,0.0,Male,White,1998.0,18.0,1.0,0.0,1.0,4097.189749568729,1.0,0.0,2021-01-05,0,2019,2019-01-01,2020-01-01,1,1,0.0,0.0,1,1,0.0,0.0,1,0
P_1030,1030,,participant,1,2019-07-08,2019,0.0,Male,White,1998.0,18.0,1.0,0.0,1.0,4097.189749568729,1.0,0.0,2021-01-05,1,2020,2020-01-01,2021-01-01,1,1,3602.8946612713744,1.0,1,1,0.0,0.0,1,0
P_1032,1032,,participant,1,2019-07-22,2019,0.0,Female,Black,1995.0,22.0,1.0,0.0,1.0,7929.1790086167275,0.0,0.0,2021-01-19,-2,2017,2017-01-01,2018-01-01,0,0,0.0,0.0,0,0,0.0,0.0,1,0
P_1032,1032,,participant,1,2019-07-22,2019,0.0,Female,Black,1995.0,22.0,1.0,0.0,1.0,7929.1790086167275,0.0,0.0,2021-01-19,-1,2018,2018-01-01,2019-01-01,0,0,0.0,0.0,0,0,0.0,0.0,1,0
P_1032,1032,,participant,1,2019-07-22,2019,0.0,Female,Black,1995.0,22.0,1.0,0.0,1.0,7929.1790086167275,0.0,0.0,2021-01-19,0,2019,2019-01-01,2020-01-01,1,1,0.0,0.0,0,0,0.0,0.0,1,0
P_1032,1032,,participant,1,2019-07-22,2019,0.0,Female,Black,1995.0,22.0,1.0,0.0,1.0,7929.1790086167275,0.0,0.0,2021-01-19,1,2020,2020-01-01,2021-01-01,1,1,0.0,0.0,0,0,0.0,0.0,1,0
P_1034,1034,,participant,1,2019-08-12,2019,0.0,Male,Black,1980.0,22.0,4.0,1.0,4.0,0.0,0.0,0.0,2021-02-09,-2,2017,2017-01-01,2018-01-01,0,0,0.0,0.0,1,1,0.0,0.0,1,0
P_1034,1034,,participant,1,2019-08-12,2019,0.0,Male,Black,1980.0,22.0,4.0,1.0,4.0,0.0,0.0,0.0,2021-02-09,-1,2018,2018-01-01,2019-01-01,0,0,0.0,0.0,1,1,0.0,0.0,1,0
P_1034,1034,,participant,1,2019-08-12,2019,0.0,Male,Black,1980.0,22.0,4.0,1.0,4.0,0.0,0.0,0.0,2021-02-09,0,2019,2019-01-01,2020-01-01,1,1,977.3045132970651,1.0,1,1,0.0,0.0,1,0
P_1034,1034,,participant,1,2019-08-12,2019,0.0,Male,Black,1980.0,22.0,4.0,1.0,4.0,0.0,0.0,0.0,2021-02-09,1,2020,2020-01-01,2021-01-01,1,1,1171.4714774148015,1.0,1,1,0.0,0.0,1,0
P_1035,1035,,participant,1,2019-07-22,2019,0.0,Male,Black,1992.0,23.0,1.0,0.0,1.0,833.8189490605298,1.0,0.0,2021-01-19,-2,2017,2017-01-01,2018-01-01,0,0,0.0,0.0,1,1,0.0,0.0,1,0
P_1035,1035,,participant,1,2019-07-22,2019,0.0,Male,Black,1992.0,23.0,1.0,0.0,1.0,833.8189490605298,1.0,0.0,2021-01-19,-1,2018,2018-01-01,2019-01-01,0,0,0.0,0.0,1,1,0.0,0.0,1,0
P_1035,1035,,participant,1,2019-07-22,2019,0.0,Male,Black,1992.0,23.0,1.0,0.0,1.0,833.8189490605298,1.0,0.0,2021-01-19,0,2019,2019-01-01,2020-01-01,1,1,1054.2278362791567,1.0,1,1,0.0,0.0,1,0
P_1035,1035,,participant,1,2019-07-22,2019,0.0,Male,Black,1992.0,23.0,1.0,0.0,1.0,833.8189490605298,1.0,0.0,2021-01-19,1,2020,2020-01-01,2021-01-01,1,1,32001.189966319354,1.0,1,1,0.0,0.0,1,0
P_1037,1037,,participant,1,2019-07-22,2019,0.0,Male,Black,1993.0,26.0,0.0,0.0,0.0,0.0,0.0,0.0,2021-01-19,-2,2017,2017-01-01,2018-01-01,0,0,0.0,0.0,1,1,0.0,0.0,0,0
P_1037,1037,,participant,1,2019-07-22,2019,0.0,Male,Black,1993.0,26.0,0.0,0.0,0.0,0.0,0.0,0.0,2021-01-19,-1,2018,2018-01-01,2019-01-01,0,0,0.0,0.0,1,1,0.0,0.0,0,0
P_1037,1037,,participant,1,2019-07-22,2019,0.0,Male,Black,1993.0,26.0,0.0,0.0,0.0,0.0,0.0,0.0,2021-01-19,0,2019,2019-01-01,2020-01-01,1,1,0.0,0.0,1,1,0.0,0.0,0,0
P_1037,1037,,participant,1,2019-07-22,2019,0.0,Male,Black,1993.0,26.0,0.0,0.0,0.0,0.0,0.0,0.0,2021-01-19,1,2020,2020-01-01,2021-01-01,1,1,96.67070104410823,1.0,1,1,0.0,0.0,0,0
P_1040,1040,,participant,1,2019-07-29,2019,0.0,Male,Black,1984.0,22.0,4.0,1.0,4.0,0.0,0.0,0.0,2021-01-26,-2,2017,2017-01-01,2018-01-01,0,0,0.0,0.0,0,0,0.0,0.0,1,0
P_1040,1040,,participant,1,2019-07-29,2019,0.0,Male,Black,1984.0,22.0,4.0,1.0,4.0,0.0,0.0,0.0,2021-01-26,-1,2018,2018-01-01,2019-01-01,0,0,0.0,0.0,0,0,0.0,0.0,1,0
P_1040,1040,,participant,1,2019-07-29,2019,0.0,Male,Black,1984.0,22.0,4.0,1.0,4.0,0.0,0.0,0.0,2021-01-26,0,2019,2019-01-01,2020-01-01,1,1,4026.8225121289634,1.0,0,0,0.0,0.0,1,0
P_1040,1040,,participant,1,2019-07-29,2019,0.0,Male,Black,1984.0,22.0,4.0,1.0,4.0,0.0,0.0,0.0,2021-01-26,1,2020,2020-01-01,2021-01-01,1,1,9012.89591640933,1.0,0,0,0.0,0.0,1,0
P_1041,1041,,participant,1,2019-08-12,2019,0.0,Male,Black,2000.0,20.0,0.0,0.0,0.0,0.0,0.0,0.0,2021-02-09,-2,2017,2017-01-01,2018-01-01,0,0,0.0,0.0,0,0,0.0,0.0,0,0
P_1041,1041,,participant,1,2019-08-12,2019,0.0,Male,Black,2000.0,20.0,0.0,0.0,0.0,0.0,0.0,0.0,2021-02-09,-1,2018,2018-01-01,2019-01-01,0,0,0.0,0.0,0,0,0.0,0.0,0,0
P_1041,1041,,participant,1,2019-08-12,2019,0.0,Male,Black,2000.0,20.0,0.0,0.0,0.0,0.0,0.0,0.0,2021-02-09,0,2019,2019-01-01,2020-01-01,1,1,13292.597232516553,1.0,0,0,0.0,0.0,0,0
P_1041,1041,,participant,1,2019-08-12,2019,0.0,Male,Black,2000.0,20.0,0.0,0.0,0.0,0.0,0.0,0.0,2021-02-09,1,2020,2020-01-01,2021-01-01,1,1,5896.005746392467,1.0,0,0,0.0,0.0,0,0
P_1044,1044,,participant,1,2019-08-26,2019,0.0,Male,Black,2000.0,20.0,0.0,0.0,0.0,0.0,0.0,0.0,2021-02-23,-2,2017,2017-01-01,2018-01-01,0,0,0.0,0.0,1,1,0.0,0.0,0,0
P_1044,1044,,participant,1,2019-08-26,2019,0.0,Male,Black,2000.0,20.0,0.0,0.0,0.0,0.0,0.0,0.0,2021-02-23,-1,2018,2018-01-01,2019-01-01,0,0,0.0,0.0,1,1,0.0,0.0,0,0
P_1044,1044,,participant,1,2019-08-26,2019,0.0,Male,Black,2000.0,20.0,0.0,0.0,0.0,0.0,0.0,0.0,2021-02-23,0,2019,2019-01-01,2020-01-01,1,1,2468.2358895392845,1.0,1,1,2.0,1.0,0,0
P_1044,1044,,participant,1,2019-08-26,2019,0.0,Male,Black,2000.0,20.0,0.0,0.0,0.0,0.0,0.0,0.0,2021-02-23,1,2020,2020-01-01,2021-01-01,1,1,15041.30222112103,1.0,1,1,0.0,0.0,0,0
P_1047,1047,,participant,1,2019-08-26,2019,0.0,Male,Black,1990.0,18.0,7.0,1.0,7.0,0.0,0.0,0.0,2021-02-23,-2,2017,2017-01-01,2018-01-01,0,0,0.0,0.0,0,0,0.0,0.0,1,0
P_1047,1047,,participant,1,2019-08-26,2019,0.0,Male,Black,1990.0,18.0,7.0,1.0,7.0,0.0,0.0,0.0,2021-02-23,-1,2018,2018-01-01,2019-01-01,0,0,0.0,0.0,0,0,0.0,0.0,1,0
P_1047,1047,,participant,1,2019-08-26,2019,0.0,Male,Black,1990.0,18.0,7.0,1.0,7.0,0.0,0.0,0.0,2021-02-23,0,2019,2019-01-01,2020-01-01,1,1,1162.0464719337224,1.0,0,0,0.0,0.0,1,0
P_1047,1047,,participant,1,2019-08-26,2019,0.0,Male,Black,1990.0,18.0,7.0,1.0,7.0,0.0,0.0,0.0,2021-02-23,1,2020,2020-01-01,2021-01-01,1,1,778.3874629525598,1.0,0,0,0.0,0.0,1,0
P_1050,1050,,participant,1,2019-09-03,2019,0.0,Male,White,1979.0,22.0,5.0,0.0,5.0,0.0,0.0,0.0,2021-03-03,-2,2017,2017-01-01,2018-01-01,0,0,0.0,0.0,0,0,0.0,0.0,1,0
P_1050,1050,,participant,1,2019-09-03,2019,0.0,Male,White,1979.0,22.0,5.0,0.0,5.0,0.0,0.0,0.0,2021-03-03,-1,2018,2018-01-01,2019-01-01,0,0,0.0,0.0,0,0,0.0,0.0,1,0
P_1050,1050,,participant,1,2019-09-03,2019,0.0,Male,White,1979.0,22.0,5.0,0.0,5.0,0.0,0.0,0.0,2021-03-03,0,2019,2019-01-01,2020-01-01,1,1,0.0,0.0,0,0,0.0,0.0,1,0
P_1050,1050,,participant,1,2019-09-03,2019,0.0,Male,White,1979.0,22.0,5.0,0.0,5.0,0.0,0.0,0.0,2021-03-03,1,2020,2020-01-01,2021-01-01,1,1,10003.57196001627,1.0,0,0,0.0,0.0,1,0
P_1052,1052,,participant,1,2019-09-16,2019,0.0,Male,Black,1999.0,21.0,0.0,0.0,0.0,613.4147046101218,1.0,0.0,2021-03-16,-2,2017,2017-01-01,2018-01-01,0,0,0.0,0.0,0,0,0.0,0.0,0,0
P_1052,1052,,participant,1,2019-09-16,2019,0.0,Male,Black,1999.0,21.0,0.0,0.0,0.0,613.4147046101218,1.0,0.0,2021-03-16,-1,2018,2018-01-01,2019-01-01,0,0,0.0,0.0,0,0,0.0,0.0,0,0
P_1052,1052,,participant,1,2019-09-16,2019,0.0,Male,Black,1999.0,21.0,0.0,0.0,0.0,613.4147046101218,1.0,0.0,2021-03-16,0,2019,2019-01-01,2020-01-01,1,1,0.0,0.0,0,0,0.0,0.0,0,0
P_1052,1052,,participant,1,2019-09-16,2019,0.0,Male,Black,1999.0,21.0,0.0,0.0,0.0,613.4147046101218,1.0,0.0,2021-03-16,1,2020,2020-01-01,2021-01-01,1,1,0.0,0.0,0,0,0.0,0.0,0,0
P_1053,1053,,participant,1,2019-09-16,2019,0.0,Male,Black,1981.0,39.0,0.0,0.0,0.0,0.0,0.0,0.0,2021-03-16,-2,2017,2017-01-01,2018-01-01,0,0,0.0,0.0,0,0,0.0,0.0,0,0
P_1053,1053,,participant,1,2019-09-16,2019,0.0,Male,Black,1981.0,39.0,0.0,0.0,0.0,0.0,0.0,0.0,2021-03-16,-1,2018,2018-01-01,2019-01-01,0,0,0.0,0.0,0,0,0.0,0.0,0,0
P_1053,1053,,participant,1,2019-09-16,2019,0.0,Male,Black,1981.0,39.0,0.0,0.0,0.0,0.0,0.0,0.0,2021-03-16,0,2019,2019-01-01,2020-01-01,1,1,0.0,0.0,0,0,0.0,0.0,0,0
P_1053,1053,,participant,1,2019-09-16,2019,0.0,Male,Black,1981.0,39.0,0.0,0.0,0.0,0.0,0.0,0.0,2021-03-16,1,2020,2020-01-01,2021-01-01,1,1,0.0,0.0,0,0,0.0,0.0,0,0
P_1054,1054,,participant,1,2019-09-16,2019,0.0,Female,Black,1999.0,21.0,0.0,0.0,0.0,2824.159257465949,1.0,0.0,2021-03-16,-2,2017,2017-01-01,2018-01-01,0,0,0.0,0.0,0,0,0.0,0.0,0,0
P_1054,1054,,participant,1,2019-09-16,2019,0.0,Female,Black,1999.0,21.0,0.0,0.0,0.0,2824.159257465949,1.0,0.0,2021-03-16,-1,2018,2018-01-01,2019-01-01,0,0,0.0,0.0,0,0,0.0,0.0,0,0
P_1054,1054,,participant,1,2019-09-16,2019,0.0,Female,Black,1999.0,21.0,0.0,0.0,0.0,2824.159257465949,1.0,0.0,2021-03-16,0,2019,2019-01-01,2020-01-01,1,1,377.0503864204161,1.0,0,1,1.0,1.0,0,0
P_1054,1054,,participant,1,2019-09-16,2019,0.0,Female,Black,1999.0,21.0,0.0,0.0,0.0,2824.159257465949,1.0,0.0,2021-03-16,1,2020,2020-01-01,2021-01-01,1,1,4382.995920900515,1.0,1,1,0.0,0.0,0,0
P_1055,1055,,participant,1,2019-09-16,2019,0.0,Male,Black,1987.0,20.0,31.0,1.0,31.0,0.0,1.0,0.0,2021-03-16,-2,2017,2017-01-01,2018-01-01,0,0,0.0,0.0,0,0,0.0,0.0,1,0
P_1055,1055,,participant,1,2019-09-16,2019,0.0,Male,Black,1987.0,20.0,31.0,1.0,31.0,0.0,1.0,0.0,2021-03-16,-1,2018,2018-01-01,2019-01-01,0,0,0.0,0.0,0,0,0.0,0.0,1,0
P_1055,1055,,participant,1,2019-09-16,2019,0.0,Male,Black,1987.0,20.0,31.0,1.0,31.0,0.0,1.0,0.0,2021-03-16,0,2019,2019-01-01,2020-01-01,1,1,19053.220246296696,1.0,0,0,0.0,0.0,1,0
P_1055,1055,,participant,1,2019-09-16,2019,0.0,Male,Black,1987.0,20.0,31.0,1.0,31.0,0.0,1.0,0.0,2021-03-16,1,2020,2020-01-01,2021-01-01,1,1,1066.3560404687814,1.0,0,0,0.0,0.0,1,0
P_1059,1059,,participant,1,2019-09-18,2019,0.0,Male,Black,1998.0,20.0,0.0,0.0,2.0,6321.678645407558,1.0,0.0,2021-03-18,-2,2017,2017-01-01,2018-01-01,0,0,0.0,0.0,0,0,0.0,0.0,1,0
P_1059,1059,,participant,1,2019-09-18,2019,0.0,Male,Black,1998.0,20.0,0.0,0.0,2.0,6321.678645407558,1.0,0.0,2021-03-18,-1,2018,2018-01-01,2019-01-01,0,0,0.0,0.0,0,0,0.0,0.0,1,0
P_1059,1059,,participant,1,2019-09-18,2019,0.0,Male,Black,1998.0,20.0,0.0,0.0,2.0,6321.678645407558,1.0,0.0,2021-03-18,0,2019,2019-01-01,2020-01-01,1,1,3248.630022706117,1.0,0,1,0.0,0.0,1,0
P_1059,1059,,participant,1,2019-09-18,2019,0.0,Male,Black,1998.0,20.0,0.0,0.0,2.0,6321.678645407558,1.0,0.0,2021-03-18,1,2020,2020-01-01,2021-01-01,1,1,3797.858799702757,1.0,1,1,0.0,0.0,1,0
P_1060,1060,,participant,1,2023-02-28,2023,1.0,Male,Black,1998.0,20.0,2.0,1.0,2.0,0.0,1.0,0.0,2024-08-28,-2,2021,2021-01-01,2022-01-01,0,0,0.0,0.0,0,0,0.0,0.0,1,0
P_1060,1060,,participant,1,2023-02-28,2023,1.0,Male,Black,1998.0,20.0,2.0,1.0,2.0,0.0,1.0,0.0,2024-08-28,-1,2022,2022-01-01,2023-01-01,0,0,0.0,0.0,0,0,0.0,0.0,1,0
P_1060,1060,,participant,1,2023-02-28,2023,1.0,Male,Black,1998.0,20.0,2.0,1.0,2.0,0.0,1.0,0.0,2024-08-28,0,2023,2023-01-01,2024-01-01,1,1,0.0,0.0,0,0,0.0,0.0,1,0
P_1060,1060,,participant,1,2023-02-28,2023,1.0,Male,Black,1998.0,20.0,2.0,1.0,2.0,0.0,1.0,0.0,2024-08-28,1,2024,2024-01-01,2025-01-01,1,1,0.0,0.0,0,0,0.0,0.0,1,0
P_1064,1064,,participant,1,2019-09-23,2019,0.0,Male,Black,1999.0,21.0,0.0,0.0,0.0,613.4147046101218,1.0,0.0,2021-03-23,-2,2017,2017-01-01,2018-01-01,0,0,0.0,0.0,0,0,0.0,0.0,0,0
P_1064,1064,,participant,1,2019-09-23,2019,0.0,Male,Black,1999.0,21.0,0.0,0.0,0.0,613.4147046101218,1.0,0.0,2021-03-23,-1,2018,2018-01-01,2019-01-01,0,0,0.0,0.0,0,0,0.0,0.0,0,0
P_1064,1064,,participant,1,2019-09-23,2019,0.0,Male,Black,1999.0,21.0,0.0,0.0,0.0,613.4147046101218,1.0,0.0,2021-03-23,0,2019,2019-01-01,2020-01-01,1,1,0.0,0.0,0,0,0.0,0.0,0,0
P_1064,1064,,participant,1,2019-09-23,2019,0.0,Male,Black,1999.0,21.0,0.0,0.0,0.0,613.4147046101218,1.0,0.0,2021-03-23,1,2020,2020-01-01,2021-01-01,1,1,0.0,0.0,0,0,0.0,0.0,0,0
P_1065,1065,,participant,1,2019-09-23,2019,0.0,Male,Black,1995.0,23.0,0.0,0.0,1.0,0.0,1.0,0.0,2021-03-23,-2,2017,2017-01-01,2018-01-01,0,0,0.0,0.0,0,0,0.0,0.0,1,0
P_1065,1065,,participant,1,2019-09-23,2019,0.0,Male,Black,1995.0,23.0,0.0,0.0,1.0,0.0,1.0,0.0,2021-03-23,-1,2018,2018-01-01,2019-01-01,0,0,0.0,0.0,0,0,0.0,0.0,1,0
P_1065,1065,,participant,1,2019-09-23,2019,0.0,Male,Black,1995.0,23.0,0.0,0.0,1.0,0.0,1.0,0.0,2021-03-23,0,2019,2019-01-01,2020-01-01,1,1,0.0,0.0,0,0,0.0,0.0,1,0
P_1065,1065,,participant,1,2019-09-23,2019,0.0,Male,Black,1995.0,23.0,0.0,0.0,1.0,0.0,1.0,0.0,2021-03-23,1,2020,2020-01-01,2021-01-01,1,1,0.0,0.0,0,0,0.0,0.0,1,0
P_1069,1069,,participant,1,2019-09-30,2019,0.0,Male,Black,1983.0,21.0,5.0,0.0,5.0,0.0,0.0,0.0,2021-03-30,-2,2017,2017-01-01,2018-01-01,0,0,0.0,0.0,1,1,0.0,0.0,1,0
P_1069,1069,,participant,1,2019-09-30,2019,0.0,Male,Black,1983.0,21.0,5.0,0.0,5.0,0.0,0.0,0.0,2021-03-30,-1,2018,2018-01-01,2019-01-01,0,0,0.0,0.0,1,1,0.0,0.0,1,0
P_1069,1069,,participant,1,2019-09-30,2019,0.0,Male,Black,1983.0,21.0,5.0,0.0,5.0,0.0,0.0,0.0,2021-03-30,0,2019,2019-01-01,2020-01-01,1,1,5625.490882346074,1.0,1,1,0.0,0.0,1,0
P_1069,1069,,participant,1,2019-09-30,2019,0.0,Male,Black,1983.0,21.0,5.0,0.0,5.0,0.0,0.0,0.0,2021-03-30,1,2020,2020-01-01,2021-01-01,1,1,29553.6949284459,1.0,1,1,0.0,0.0,1,0
P_1075,1075,,participant,1,2019-10-07,2019,0.0,Male,Black,1998.0,20.0,0.0,0.0,2.0,5778.129096953023,1.0,0.0,2021-04-06,-2,2017,2017-01-01,2018-01-01,0,0,0.0,0.0,0,0,0.0,0.0,1,0
P_1075,1075,,participant,1,2019-10-07,2019,0.0,Male,Black,1998.0,20.0,0.0,0.0,2.0,5778.129096953023,1.0,0.0,2021-04-06,-1,2018,2018-01-01,2019-01-01,0,0,0.0,0.0,0,0,0.0,0.0,1,0
P_1075,1075,,participant,1,2019-10-07,2019,0.0,Male,Black,1998.0,20.0,0.0,0.0,2.0,5778.129096953023,1.0,0.0,2021-04-06,0,2019,2019-01-01,2020-01-01,1,1,5786.903756800299,1.0,0,0,0.0,0.0,1,0
P_1075,1075,,participant,1,2019-10-07,2019,0.0,Male,Black,1998.0,20.0,0.0,0.0,2.0,5778.129096953023,1.0,0.0,2021-04-06,1,2020,2020-01-01,2021-01-01,1,1,4087.112326555544,1.0,0,0,0.0,0.0,1,0
P_1076,1076,,participant,1,2019-10-07,2019,0.0,Male,Black,1993.0,26.0,0.0,0.0,0.0,0.0,0.0,0.0,2021-04-06,-2,2017,2017-01-01,2018-01-01,0,0,0.0,0.0,1,1,0.0,0.0,0,0
P_1076,1076,,participant,1,2019-10-07,2019,0.0,Male,Black,1993.0,26.0,0.0,0.0,0.0,0.0,0.0,0.0,2021-04-06,-1,2018,2018-01-01,2019-01-01,0,0,0.0,0.0,1,1,0.0,0.0,0,0
P_1076,1076,,participant,1,2019-10-07,2019,0.0,Male,Black,1993.0,26.0,0.0,0.0,0.0,0.0,0.0,0.0,2021-04-06,0,2019,2019-01-01,2020-01-01,1,1,0.0,0.0,1,1,0.0,0.0,0,0
P_1076,1076,,participant,1,2019-10-07,2019,0.0,Male,Black,1993.0,26.0,0.0,0.0,0.0,0.0,0.0,0.0,2021-04-06,1,2020,2020-01-01,2021-01-01,1,1,3956.7160635750033,1.0,1,1,0.0,0.0,0,0
P_1077,1077,,participant,1,2019-10-07,2019,0.0,Male,Black,1976.0,31.0,4.0,0.0,4.0,0.0,1.0,0.0,2021-04-06,-2,2017,2017-01-01,2018-01-01,0,0,0.0,0.0,0,0,0.0,0.0,1,0
P_1077,1077,,participant,1,2019-10-07,2019,0.0,Male,Black,1976.0,31.0,4.0,0.0,4.0,0.0,1.0,0.0,2021-04-06,-1,2018,2018-01-01,2019-01-01,0,0,0.0,0.0,0,0,0.0,0.0,1,0
P_1077,1077,,participant,1,2019-10-07,2019,0.0,Male,Black,1976.0,31.0,4.0,0.0,4.0,0.0,1.0,0.0,2021-04-06,0,2019,2019-01-01,2020-01-01,1,1,0.0,0.0,0,0,0.0,0.0,1,0
P_1077,1077,,participant,1,2019-10-07,2019,0.0,Male,Black,1976.0,31.0,4.0,0.0,4.0,0.0,1.0,0.0,2021-04-06,1,2020,2020-01-01,2021-01-01,1,1,841.1606454487339,1.0,0,0,0.0,0.0,1,0
P_1079,1079,,participant,1,2019-10-07,2019,0.0,Male,Black,1984.0,22.0,4.0,1.0,4.0,0.0,0.0,0.0,2021-04-06,-2,2017,2017-01-01,2018-01-01,0,0,0.0,0.0,0,0,0.0,0.0,1,0
P_1079,1079,,participant,1,2019-10-07,2019,0.0,Male,Black,1984.0,22.0,4.0,1.0,4.0,0.0,0.0,0.0,2021-04-06,-1,2018,2018-01-01,2019-01-01,0,0,0.0,0.0,0,0,0.0,0.0,1,0
P_1079,1079,,participant,1,2019-10-07,2019,0.0,Male,Black,1984.0,22.0,4.0,1.0,4.0,0.0,0.0,0.0,2021-04-06,0,2019,2019-01-01,2020-01-01,1,1,0.0,0.0,0,0,0.0,0.0,1,0
P_1079,1079,,participant,1,2019-10-07,2019,0.0,Male,Black,1984.0,22.0,4.0,1.0,4.0,0.0,0.0,0.0,2021-04-06,1,2020,2020-01-01,2021-01-01,1,1,0.0,0.0,0,0,0.0,0.0,1,0
P_1080,1080,,participant,1,2019-10-14,2019,0.0,Male,Black,1992.0,23.0,1.0,0.0,1.0,7213.392544031204,1.0,0.0,2021-04-13,-2,2017,2017-01-01,2018-01-01,0,0,0.0,0.0,0,0,0.0,0.0,1,0
P_1080,1080,,participant,1,2019-10-14,2019,0.0,Male,Black,1992.0,23.0,1.0,0.0,1.0,7213.392544031204,1.0,0.0,2021-04-13,-1,2018,2018-01-01,2019-01-01,0,0,0.0,0.0,0,0,0.0,0.0,1,0
P_1080,1080,,participant,1,2019-10-14,2019,0.0,Male,Black,1992.0,23.0,1.0,0.0,1.0,7213.392544031204,1.0,0.0,2021-04-13,0,2019,2019-01-01,2020-01-01,1,1,0.0,0.0,0,0,0.0,0.0,1,0
P_1080,1080,,participant,1,2019-10-14,2019,0.0,Male,Black,1992.0,23.0,1.0,0.0,1.0,7213.392544031204,1.0,0.0,2021-04-13,1,2020,2020-01-01,2021-01-01,1,1,7377.513491137144,1.0,0,0,0.0,0.0,1,0
P_1082,1082,,participant,1,2019-10-14,2019,0.0,Male,Black,1996.0,18.0,5.0,1.0,5.0,0.0,0.0,0.0,2021-04-13,-2,2017,2017-01-01,2018-01-01,0,0,0.0,0.0,1,1,0.0,0.0,1,0
P_1082,1082,,participant,1,2019-10-14,2019,0.0,Male,Black,1996.0,18.0,5.0,1.0,5.0,0.0,0.0,0.0,2021-04-13,-1,2018,2018-01-01,2019-01-01,0,0,0.0,0.0,1,1,0.0,0.0,1,0
P_1082,1082,,participant,1,2019-10-14,2019,0.0,Male,Black,1996.0,18.0,5.0,1.0,5.0,0.0,0.0,0.0,2021-04-13,0,2019,2019-01-01,2020-01-01,1,1,0.0,0.0,1,1,0.0,0.0,1,0
P_1082,1082,,participant,1,2019-10-14,2019,0.0,Male,Black,1996.0,18.0,5.0,1.0,5.0,0.0,0.0,0.0,2021-04-13,1,2020,2020-01-01,2021-01-01,1,1,3405.4397476317254,1.0,1,1,0.0,0.0,1,0
P_1089,1089,,participant,1,2019-10-28,2019,0.0,Male,White,1991.0,27.0,1.0,0.0,2.0,0.0,0.0,0.0,2021-04-27,-2,2017,2017-01-01,2018-01-01,0,0,0.0,0.0,1,1,0.0,0.0,1,0
P_1089,1089,,participant,1,2019-10-28,2019,0.0,Male,White,1991.0,27.0,1.0,0.0,2.0,0.0,0.0,0.0,2021-04-27,-1,2018,2018-01-01,2019-01-01,0,0,0.0,0.0,1,1,0.0,0.0,1,0
P_1089,1089,,participant,1,2019-10-28,2019,0.0,Male,White,1991.0,27.0,1.0,0.0,2.0,0.0,0.0,0.0,2021-04-27,0,2019,2019-01-01,2020-01-01,1,1,0.0,0.0,1,1,0.0,0.0,1,0
P_1089,1089,,participant,1,2019-10-28,2019,0.0,Male,White,1991.0,27.0,1.0,0.0,2.0,0.0,0.0,0.0,2021-04-27,1,2020,2020-01-01,2021-01-01,1,1,1008.8207301571888,1.0,1,1,0.0,0.0,1,0
P_1094,1094,,participant,1,2019-10-28,2019,0.0,Male,Black,1972.0,36.0,2.0,0.0,2.0,0.0,0.0,0.0,2021-04-27,-2,2017,2017-01-01,2018-01-01,0,0,0.0,0.0,1,1,0.0,0.0,1,0
P_1094,1094,,participant,1,2019-10-28,2019,0.0,Male,Black,1972.0,36.0,2.0,0.0,2.0,0.0,0.0,0.0,2021-04-27,-1,2018,2018-01-01,2019-01-01,0,0,0.0,0.0,1,1,0.0,0.0,1,0
P_1094,1094,,participant,1,2019-10-28,2019,0.0,Male,Black,1972.0,36.0,2.0,0.0,2.0,0.0,0.0,0.0,2021-04-27,0,2019,2019-01-01,2020-01-01,1,1,0.0,0.0,1,1,0.0,0.0,1,0
P_1094,1094,,participant,1,2019-10-28,2019,0.0,Male,Black,1972.0,36.0,2.0,0.0,2.0,0.0,0.0,0.0,2021-04-27,1,2020,2020-01-01,2021-01-01,1,1,10377.221623872645,1.0,1,1,0.0,0.0,1,0
P_1097,1097,,participant,1,2019-11-04,2019,0.0,Male,Black,1996.0,18.0,5.0,1.0,5.0,0.0,0.0,0.0,2021-05-04,-2,2017,2017-01-01,2018-01-01,0,0,0.0,0.0,1,1,0.0,0.0,1,0
P_1097,1097,,participant,1,2019-11-04,2019,0.0,Male,Black,1996.0,18.0,5.0,1.0,5.0,0.0,0.0,0.0,2021-05-04,-1,2018,2018-01-01,2019-01-01,0,0,0.0,0.0,1,1,0.0,0.0,1,0
P_1097,1097,,participant,1,2019-11-04,2019,0.0,Male,Black,1996.0,18.0,5.0,1.0,5.0,0.0,0.0,0.0,2021-05-04,0,2019,2019-01-01,2020-01-01,1,1,1991.1791309626656,1.0,1,1,0.0,0.0,1,0
P_1097,1097,,participant,1,2019-11-04,2019,0.0,Male,Black,1996.0,18.0,5.0,1.0,5.0,0.0,0.0,0.0,2021-05-04,1,2020,2020-01-01,2021-01-01,1,1,16618.286718541403,1.0,1,1,0.0,0.0,1,0
P_1098,1098,,participant,1,2023-08-07,2023,1.0,Male,Black,1996.0,18.0,5.0,1.0,5.0,13145.333775728905,1.0,0.0,2025-02-04,-2,2021,2021-01-01,2022-01-01,0,0,0.0,0.0,0,0,0.0,0.0,1,0
P_1098,1098,,participant,1,2023-08-07,2023,1.0,Male,Black,1996.0,18.0,5.0,1.0,5.0,13145.333775728905,1.0,0.0,2025-02-04,-1,2022,2022-01-01,2023-01-01,0,0,0.0,0.0,0,0,0.0,0.0,1,0
P_1098,1098,,participant,1,2023-08-07,2023,1.0,Male,Black,1996.0,18.0,5.0,1.0,5.0,13145.333775728905,1.0,0.0,2025-02-04,0,2023,2023-01-01,2024-01-01,1,1,0.0,0.0,0,0,0.0,0.0,1,0
P_1098,1098,,participant,1,2023-08-07,2023,1.0,Male,Black,1996.0,18.0,5.0,1.0,5.0,13145.333775728905,1.0,0.0,2025-02-04,1,2024,2024-01-01,2025-01-01,1,1,10131.928944823987,1.0,0,0,0.0,0.0,1,0
P_1102,1102,,participant,1,2019-11-11,2019,0.0,Female,Black,1969.0,36.0,3.0,0.0,3.0,58515.24098754928,1.0,0.0,2021-05-11,-2,2017,2017-01-01,2018-01-01,0,0,0.0,0.0,0,0,0.0,0.0,1,0
P_1102,1102,,participant,1,2019-11-11,2019,0.0,Female,Black,1969.0,36.0,3.0,0.0,3.0,58515.24098754928,1.0,0.0,2021-05-11,-1,2018,2018-01-01,2019-01-01,0,0,0.0,0.0,0,0,0.0,0.0,1,0
P_1102,1102,,participant,1,2019-11-11,2019,0.0,Female,Black,1969.0,36.0,3.0,0.0,3.0,58515.24098754928,1.0,0.0,2021-05-11,0,2019,2019-01-01,2020-01-01,1,1,0.0,0.0,0,0,0.0,0.0,1,0
P_1102,1102,,participant,1,2019-11-11,2019,0.0,Female,Black,1969.0,36.0,3.0,0.0,3.0,58515.24098754928,1.0,0.0,2021-05-11,1,2020,2020-01-01,2021-01-01,1,1,0.0,0.0,0,0,0.0,0.0,1,0
P_1105,1105,,participant,1,2019-11-25,2019,0.0,Male,Black,1995.0,23.0,0.0,0.0,1.0,1079.5852225686206,0.0,0.0,2021-05-25,-2,2017,2017-01-01,2018-01-01,0,0,0.0,0.0,0,0,0.0,0.0,1,0
P_1105,1105,,participant,1,2019-11-25,2019,0.0,Male,Black,1995.0,23.0,0.0,0.0,1.0,1079.5852225686206,0.0,0.0,2021-05-25,-1,2018,2018-01-01,2019-01-01,0,0,0.0,0.0,0,1,0.0,0.0,1,0
P_1105,1105,,participant,1,2019-11-25,2019,0.0,Male,Black,1995.0,23.0,0.0,0.0,1.0,1079.5852225686206,0.0,0.0,2021-05-25,0,2019,2019-01-01,2020-01-01,1,1,8189.181302388569,1.0,1,1,0.0,0.0,1,0
P_1105,1105,,participant,1,2019-11-25,2019,0.0,Male,Black,1995.0,23.0,0.0,0.0,1.0,1079.5852225686206,0.0,0.0,2021-05-25,1,2020,2020-01-01,2021-01-01,1,1,13669.256773354706,1.0,1,1,0.0,0.0,1,0
P_1108,1108,,participant,1,2019-11-13,2019,0.0,Male,White,1978.0,24.0,4.0,1.0,4.0,0.0,0.0,0.0,2021-05-13,-2,2017,2017-01-01,2018-01-01,0,0,0.0,0.0,1,1,0.0,0.0,1,0
P_1108,1108,,participant,1,2019-11-13,2019,0.0,Male,White,1978.0,24.0,4.0,1.0,4.0,0.0,0.0,0.0,2021-05-13,-1,2018,2018-01-01,2019-01-01,0,0,0.0,0.0,1,1,0.0,0.0,1,0
P_1108,1108,,participant,1,2019-11-13,2019,0.0,Male,White,1978.0,24.0,4.0,1.0,4.0,0.0,0.0,0.0,2021-05-13,0,2019,2019-01-01,2020-01-01,1,1,0.0,0.0,1,1,0.0,0.0,1,0
P_1108,1108,,participant,1,2019-11-13,2019,0.0,Male,White,1978.0,24.0,4.0,1.0,4.0,0.0,0.0,0.0,2021-05-13,1,2020,2020-01-01,2021-01-01,1,1,15241.26602688294,1.0,1,1,0.0,0.0,1,0
P_1109,1109,,participant,1,2019-12-02,2019,0.0,Male,Black,1985.0,36.0,0.0,0.0,0.0,0.0,1.0,0.0,2021-06-01,-2,2017,2017-01-01,2018-01-01,0,0,0.0,0.0,1,1,0.0,0.0,0,0
P_1109,1109,,participant,1,2019-12-02,2019,0.0,Male,Black,1985.0,36.0,0.0,0.0,0.0,0.0,1.0,0.0,2021-06-01,-1,2018,2018-01-01,2019-01-01,0,0,0.0,0.0,1,1,0.0,0.0,0,0
P_1109,1109,,participant,1,2019-12-02,2019,0.0,Male,Black,1985.0,36.0,0.0,0.0,0.0,0.0,1.0,0.0,2021-06-01,0,2019,2019-01-01,2020-01-01,1,1,4630.531835905578,1.0,1,1,0.0,0.0,0,0
P_1109,1109,,participant,1,2019-12-02,2019,0.0,Male,Black,1985.0,36.0,0.0,0.0,0.0,0.0,1.0,0.0,2021-06-01,1,2020,2020-01-01,2021-01-01,1,1,22665.265377401367,1.0,1,1,0.0,0.0,0,0
P_1110,1110,,participant,1,2019-12-09,2019,0.0,Male,Black,1997.0,19.0,4.0,1.0,4.0,16496.324791463125,1.0,0.0,2021-06-08,-2,2017,2017-01-01,2018-01-01,0,0,0.0,0.0,0,0,0.0,0.0,1,0
P_1110,1110,,participant,1,2019-12-09,2019,0.0,Male,Black,1997.0,19.0,4.0,1.0,4.0,16496.324791463125,1.0,0.0,2021-06-08,-1,2018,2018-01-01,2019-01-01,0,0,0.0,0.0,0,1,0.0,0.0,1,0
P_1110,1110,,participant,1,2019-12-09,2019,0.0,Male,Black,1997.0,19.0,4.0,1.0,4.0,16496.324791463125,1.0,0.0,2021-06-08,0,2019,2019-01-01,2020-01-01,1,1,0.0,0.0,1,1,0.0,0.0,1,0
P_1110,1110,,participant,1,2019-12-09,2019,0.0,Male,Black,1997.0,19.0,4.0,1.0,4.0,16496.324791463125,1.0,0.0,2021-06-08,1,2020,2020-01-01,2021-01-01,1,1,3654.420846302959,1.0,1,1,3.0,1.0,1,1
P_1111,1111,,participant,1,2019-12-02,2019,0.0,Male,Black,1990.0,18.0,7.0,1.0,7.0,0.0,0.0,0.0,2021-06-01,-2,2017,2017-01-01,2018-01-01,0,0,0.0,0.0,1,1,0.0,0.0,1,0
P_1111,1111,,participant,1,2019-12-02,2019,0.0,Male,Black,1990.0,18.0,7.0,1.0,7.0,0.0,0.0,0.0,2021-06-01,-1,2018,2018-01-01,2019-01-01,0,0,0.0,0.0,1,1,0.0,0.0,1,0
P_1111,1111,,participant,1,2019-12-02,2019,0.0,Male,Black,1990.0,18.0,7.0,1.0,7.0,0.0,0.0,0.0,2021-06-01,0,2019,2019-01-01,2020-01-01,1,1,0.0,0.0,1,1,0.0,0.0,1,0
P_1111,1111,,participant,1,2019-12-02,2019,0.0,Male,Black,1990.0,18.0,7.0,1.0,7.0,0.0,0.0,0.0,2021-06-01,1,2020,2020-01-01,2021-01-01,1,1,0.0,0.0,1,1,1.0,1.0,1,1
P_1115,1115,,participant,1,2019-12-09,2019,0.0,Male,White,2001.0,19.0,0.0,0.0,0.0,0.0,0.0,0.0,2021-06-08,-2,2017,2017-01-01,2018-01-01,0,0,0.0,0.0,0,0,0.0,0.0,0,0
P_1115,1115,,participant,1,2019-12-09,2019,0.0,Male,White,2001.0,19.0,0.0,0.0,0.0,0.0,0.0,0.0,2021-06-08,-1,2018,2018-01-01,2019-01-01,0,0,0.0,0.0,0,0,0.0,0.0,0,0
P_1115,1115,,participant,1,2019-12-09,2019,0.0,Male,White,2001.0,19.0,0.0,0.0,0.0,0.0,0.0,0.0,2021-06-08,0,2019,2019-01-01,2020-01-01,1,1,0.0,0.0,0,1,0.0,0.0,0,0
P_1115,1115,,participant,1,2019-12-09,2019,0.0,Male,White,2001.0,19.0,0.0,0.0,0.0,0.0,0.0,0.0,2021-06-08,1,2020,2020-01-01,2021-01-01,1,1,2174.675368750816,1.0,1,1,0.0,0.0,0,0
P_1120,1120,,participant,1,2019-12-16,2019,0.0,Male,White,1989.0,18.0,4.0,1.0,4.0,0.0,0.0,0.0,2021-06-15,-2,2017,2017-01-01,2018-01-01,0,0,0.0,0.0,0,0,0.0,0.0,1,0
P_1120,1120,,participant,1,2019-12-16,2019,0.0,Male,White,1989.0,18.0,4.0,1.0,4.0,0.0,0.0,0.0,2021-06-15,-1,2018,2018-01-01,2019-01-01,0,0,0.0,0.0,0,0,0.0,0.0,1,0
P_1120,1120,,participant,1,2019-12-16,2019,0.0,Male,White,1989.0,18.0,4.0,1.0,4.0,0.0,0.0,0.0,2021-06-15,0,2019,2019-01-01,2020-01-01,1,1,0.0,0.0,0,0,0.0,0.0,1,0
P_1120,1120,,participant,1,2019-12-16,2019,0.0,Male,White,1989.0,18.0,4.0,1.0,4.0,0.0,0.0,0.0,2021-06-15,1,2020,2020-01-01,2021-01-01,1,1,14307.829051167711,1.0,0,0,0.0,0.0,1,0
P_1123,1123,,participant,1,2020-01-06,2020,0.0,Female,Black,1991.0,23.0,2.0,1.0,2.0,0.0,0.0,0.0,2021-07-06,-2,2018,2018-01-01,2019-01-01,0,0,0.0,0.0,0,0,0.0,0.0,1,0
P_1123,1123,,participant,1,2020-01-06,2020,0.0,Female,Black,1991.0,23.0,2.0,1.0,2.0,0.0,0.0,0.0,2021-07-06,-1,2019,2019-01-01,2020-01-01,0,0,0.0,0.0,0,1,0.0,0.0,1,0
P_1123,1123,,participant,1,2020-01-06,2020,0.0,Female,Black,1991.0,23.0,2.0,1.0,2.0,0.0,0.0,0.0,2021-07-06,0,2020,2020-01-01,2021-01-01,1,1,588.0525563089561,1.0,1,1,0.0,0.0,1,0
P_1123,1123,,participant,1,2020-01-06,2020,0.0,Female,Black,1991.0,23.0,2.0,1.0,2.0,0.0,0.0,0.0,2021-07-06,1,2021,2021-01-01,2022-01-01,1,1,455.0809385184748,1.0,1,1,0.0,0.0,1,0
P_1124,1124,,participant,1,2019-12-16,2019,0.0,Male,Black,1991.0,21.0,4.0,0.0,4.0,19319.370866645768,1.0,0.0,2021-06-15,-2,2017,2017-01-01,2018-01-01,0,0,0.0,0.0,1,1,0.0,0.0,1,0
P_1124,1124,,participant,1,2019-12-16,2019,0.0,Male,Black,1991.0,21.0,4.0,0.0,4.0,19319.370866645768,1.0,0.0,2021-06-15,-1,2018,2018-01-01,2019-01-01,0,0,0.0,0.0,1,1,0.0,0.0,1,0
P_1124,1124,,participant,1,2019-12-16,2019,0.0,Male,Black,1991.0,21.0,4.0,0.0,4.0,19319.370866645768,1.0,0.0,2021-06-15,0,2019,2019-01-01,2020-01-01,1,1,0.0,0.0,1,1,0.0,0.0,1,0
P_1124,1124,,participant,1,2019-12-16,2019,0.0,Male,Black,1991.0,21.0,4.0,0.0,4.0,19319.370866645768,1.0,0.0,2021-06-15,1,2020,2020-01-01,2021-01-01,1,1,0.0,0.0,1,1,0.0,0.0,1,0
P_1125,1125,,participant,1,2019-12-16,2019,0.0,Male,Black,1998.0,20.0,2.0,1.0,2.0,5778.129096953023,1.0,0.0,2021-06-15,-2,2017,2017-01-01,2018-01-01,0,0,0.0,0.0,0,0,0.0,0.0,1,0
P_1125,1125,,participant,1,2019-12-16,2019,0.0,Male,Black,1998.0,20.0,2.0,1.0,2.0,5778.129096953023,1.0,0.0,2021-06-15,-1,2018,2018-01-01,2019-01-01,0,0,0.0,0.0,0,1,0.0,0.0,1,0
P_1125,1125,,participant,1,2019-12-16,2019,0.0,Male,Black,1998.0,20.0,2.0,1.0,2.0,5778.129096953023,1.0,0.0,2021-06-15,0,2019,2019-01-01,2020-01-01,1,1,8683.508230404634,1.0,1,1,0.0,0.0,1,0
P_1125,1125,,participant,1,2019-12-16,2019,0.0,Male,Black,1998.0,20.0,2.0,1.0,2.0,5778.129096953023,1.0,0.0,2021-06-15,1,2020,2020-01-01,2021-01-01,1,1,22329.303202886847,1.0,1,1,1.0,1.0,1,1
P_1128,1128,,participant,1,2020-01-15,2020,0.0,Male,Black,1998.0,20.0,2.0,1.0,2.0,4067.6600301571684,1.0,0.0,2021-07-15,-2,2018,2018-01-01,2019-01-01,0,0,0.0,0.0,0,0,0.0,0.0,1,0
P_1128,1128,,participant,1,2020-01-15,2020,0.0,Male,Black,1998.0,20.0,2.0,1.0,2.0,4067.6600301571684,1.0,0.0,2021-07-15,-1,2019,2019-01-01,2020-01-01,0,0,0.0,0.0,0,0,0.0,0.0,1,0
P_1128,1128,,participant,1,2020-01-15,2020,0.0,Male,Black,1998.0,20.0,2.0,1.0,2.0,4067.6600301571684,1.0,0.0,2021-07-15,0,2020,2020-01-01,2021-01-01,1,1,0.0,0.0,0,0,0.0,0.0,1,0
P_1128,1128,,participant,1,2020-01-15,2020,0.0,Male,Black,1998.0,20.0,2.0,1.0,2.0,4067.6600301571684,1.0,0.0,2021-07-15,1,2021,2021-01-01,2022-01-01,1,1,0.0,0.0,0,0,0.0,0.0,1,0
P_1131,1131,,participant,1,2020-01-14,2020,0.0,Male,Black,1993.0,26.0,0.0,0.0,0.0,0.0,0.0,0.0,2021-07-14,-2,2018,2018-01-01,2019-01-01,0,0,0.0,0.0,1,1,0.0,0.0,0,0
P_1131,1131,,participant,1,2020-01-14,2020,0.0,Male,Black,1993.0,26.0,0.0,0.0,0.0,0.0,0.0,0.0,2021-07-14,-1,2019,2019-01-01,2020-01-01,0,0,0.0,0.0,1,1,0.0,0.0,0,0
P_1131,1131,,participant,1,2020-01-14,2020,0.0,Male,Black,1993.0,26.0,0.0,0.0,0.0,0.0,0.0,0.0,2021-07-14,0,2020,2020-01-01,2021-01-01,1,1,27511.478280102165,1.0,1,1,0.0,0.0,0,0
P_1131,1131,,participant,1,2020-01-14,2020,0.0,Male,Black,1993.0,26.0,0.0,0.0,0.0,0.0,0.0,0.0,2021-07-14,1,2021,2021-01-01,2022-01-01,1,1,18175.200312879366,1.0,1,1,0.0,0.0,0,0
P_1133,1133,,participant,1,2020-01-15,2020,0.0,Female,White,1996.0,19.0,1.0,0.0,1.0,13001.606362776824,1.0,0.0,2021-07-15,-2,2018,2018-01-01,2019-01-01,0,0,0.0,0.0,0,0,0.0,0.0,1,0
P_1133,1133,,participant,1,2020-01-15,2020,0.0,Female,White,1996.0,19.0,1.0,0.0,1.0,13001.606362776824,1.0,0.0,2021-07-15,-1,2019,2019-01-01,2020-01-01,0,0,0.0,0.0,0,0,0.0,0.0,1,0
P_1133,1133,,participant,1,2020-01-15,2020,0.0,Female,White,1996.0,19.0,1.0,0.0,1.0,13001.606362776824,1.0,0.0,2021-07-15,0,2020,2020-01-01,2021-01-01,1,1,85.37152819479688,1.0,0,0,0.0,0.0,1,0
P_1133,1133,,participant,1,2020-01-15,2020,0.0,Female,White,1996.0,19.0,1.0,0.0,1.0,13001.606362776824,1.0,0.0,2021-07-15,1,2021,2021-01-01,2022-01-01,1,1,14028.226131561576,1.0,0,0,0.0,0.0,1,0
P_1136,1136,,participant,1,2020-01-20,2020,0.0,Male,Black,1995.0,23.0,0.0,0.0,1.0,1079.5852225686206,0.0,0.0,2021-07-20,-2,2018,2018-01-01,2019-01-01,0,0,0.0,0.0,1,1,0.0,0.0,1,0
P_1136,1136,,participant,1,2020-01-20,2020,0.0,Male,Black,1995.0,23.0,0.0,0.0,1.0,1079.5852225686206,0.0,0.0,2021-07-20,-1,2019,2019-01-01,2020-01-01,0,0,0.0,0.0,1,1,0.0,0.0,1,0
P_1136,1136,,participant,1,2020-01-20,2020,0.0,Male,Black,1995.0,23.0,0.0,0.0,1.0,1079.5852225686206,0.0,0.0,2021-07-20,0,2020,2020-01-01,2021-01-01,1,1,76702.87920238927,1.0,1,1,0.0,0.0,1,0
P_1136,1136,,participant,1,2020-01-20,2020,0.0,Male,Black,1995.0,23.0,0.0,0.0,1.0,1079.5852225686206,0.0,0.0,2021-07-20,1,2021,2021-01-01,2022-01-01,1,1,36868.189858105,1.0,1,1,0.0,0.0,1,0
P_1143,1143,,participant,1,2020-01-27,2020,0.0,Male,Black,1991.0,21.0,4.0,0.0,4.0,28887.511087078594,1.0,0.0,2021-07-27,-2,2018,2018-01-01,2019-01-01,0,0,0.0,0.0,1,1,0.0,0.0,1,0
P_1143,1143,,participant,1,2020-01-27,2020,0.0,Male,Black,1991.0,21.0,4.0,0.0,4.0,28887.511087078594,1.0,0.0,2021-07-27,-1,2019,2019-01-01,2020-01-01,0,0,0.0,0.0,1,1,0.0,0.0,1,0
P_1143,1143,,participant,1,2020-01-27,2020,0.0,Male,Black,1991.0,21.0,4.0,0.0,4.0,28887.511087078594,1.0,0.0,2021-07-27,0,2020,2020-01-01,2021-01-01,1,1,0.0,0.0,1,1,0.0,0.0,1,0
P_1143,1143,,participant,1,2020-01-27,2020,0.0,Male,Black,1991.0,21.0,4.0,0.0,4.0,28887.511087078594,1.0,0.0,2021-07-27,1,2021,2021-01-01,2022-01-01,1,1,0.0,0.0,1,1,0.0,0.0,1,0
P_1145,1145,,participant,1,2020-02-03,2020,0.0,Male,Black,1991.0,21.0,4.0,0.0,4.0,28887.511087078594,1.0,0.0,2021-08-03,-2,2018,2018-01-01,2019-01-01,0,0,0.0,0.0,1,1,0.0,0.0,1,0
P_1145,1145,,participant,1,2020-02-03,2020,0.0,Male,Black,1991.0,21.0,4.0,0.0,4.0,28887.511087078594,1.0,0.0,2021-08-03,-1,2019,2019-01-01,2020-01-01,0,0,0.0,0.0,1,1,0.0,0.0,1,0
P_1145,1145,,participant,1,2020-02-03,2020,0.0,Male,Black,1991.0,21.0,4.0,0.0,4.0,28887.511087078594,1.0,0.0,2021-08-03,0,2020,2020-01-01,2021-01-01,1,1,16608.709547089016,1.0,1,1,0.0,0.0,1,0
P_1145,1145,,participant,1,2020-02-03,2020,0.0,Male,Black,1991.0,21.0,4.0,0.0,4.0,28887.511087078594,1.0,0.0,2021-08-03,1,2021,2021-01-01,2022-01-01,1,1,21577.35042042764,1.0,1,1,0.0,0.0,1,0
P_1146,1146,,participant,1,2020-02-03,2020,0.0,Male,Black,1991.0,21.0,4.0,0.0,4.0,28887.511087078594,1.0,0.0,2021-08-03,-2,2018,2018-01-01,2019-01-01,0,0,0.0,0.0,1,1,0.0,0.0,1,0
P_1146,1146,,participant,1,2020-02-03,2020,0.0,Male,Black,1991.0,21.0,4.0,0.0,4.0,28887.511087078594,1.0,0.0,2021-08-03,-1,2019,2019-01-01,2020-01-01,0,0,0.0,0.0,1,1,0.0,0.0,1,0
P_1146,1146,,participant,1,2020-02-03,2020,0.0,Male,Black,1991.0,21.0,4.0,0.0,4.0,28887.511087078594,1.0,0.0,2021-08-03,0,2020,2020-01-01,2021-01-01,1,1,5779.964683054624,1.0,1,1,0.0,0.0,1,0
P_1146,1146,,participant,1,2020-02-03,2020,0.0,Male,Black,1991.0,21.0,4.0,0.0,4.0,28887.511087078594,1.0,0.0,2021-08-03,1,2021,2021-01-01,2022-01-01,1,1,777.9324349735617,1.0,1,1,0.0,0.0,1,0
P_1147,1147,,participant,1,2020-02-10,2020,0.0,Male,Black,2001.0,18.0,0.0,0.0,0.0,1538.7963444292745,1.0,0.0,2021-08-10,-2,2018,2018-01-01,2019-01-01,0,0,0.0,0.0,1,1,0.0,0.0,0,0
P_1147,1147,,participant,1,2020-02-10,2020,0.0,Male,Black,2001.0,18.0,0.0,0.0,0.0,1538.7963444292745,1.0,0.0,2021-08-10,-1,2019,2019-01-01,2020-01-01,0,0,0.0,0.0,1,1,0.0,0.0,0,0
P_1147,1147,,participant,1,2020-02-10,2020,0.0,Male,Black,2001.0,18.0,0.0,0.0,0.0,1538.7963444292745,1.0,0.0,2021-08-10,0,2020,2020-01-01,2021-01-01,1,1,124.36988251549693,1.0,1,1,0.0,0.0,0,0
P_1147,1147,,participant,1,2020-02-10,2020,0.0,Male,Black,2001.0,18.0,0.0,0.0,0.0,1538.7963444292745,1.0,0.0,2021-08-10,1,2021,2021-01-01,2022-01-01,1,1,0.0,0.0,1,1,1.0,1.0,0,0
P_1152,1152,,participant,1,2020-02-17,2020,0.0,Male,Black,1995.0,32.0,1.0,0.0,1.0,0.0,0.0,0.0,2021-08-17,-2,2018,2018-01-01,2019-01-01,0,0,0.0,0.0,1,1,0.0,0.0,1,0
P_1152,1152,,participant,1,2020-02-17,2020,0.0,Male,Black,1995.0,32.0,1.0,0.0,1.0,0.0,0.0,0.0,2021-08-17,-1,2019,2019-01-01,2020-01-01,0,0,0.0,0.0,1,1,0.0,0.0,1,0
P_1152,1152,,participant,1,2020-02-17,2020,0.0,Male,Black,1995.0,32.0,1.0,0.0,1.0,0.0,0.0,0.0,2021-08-17,0,2020,2020-01-01,2021-01-01,1,1,6871.053721549195,1.0,1,1,0.0,0.0,1,0
P_1152,1152,,participant,1,2020-02-17,2020,0.0,Male,Black,1995.0,32.0,1.0,0.0,1.0,0.0,0.0,0.0,2021-08-17,1,2021,2021-01-01,2022-01-01,1,1,0.0,0.0,1,1,0.0,0.0,1,0
P_1154,1154,,participant,1,2020-02-17,2020,0.0,Male,Black,1990.0,18.0,7.0,1.0,7.0,0.0,0.0,0.0,2021-08-17,-2,2018,2018-01-01,2019-01-01,0,0,0.0,0.0,1,1,0.0,0.0,1,0
P_1154,1154,,participant,1,2020-02-17,2020,0.0,Male,Black,1990.0,18.0,7.0,1.0,7.0,0.0,0.0,0.0,2021-08-17,-1,2019,2019-01-01,2020-01-01,0,0,0.0,0.0,1,1,0.0,0.0,1,0
P_1154,1154,,participant,1,2020-02-17,2020,0.0,Male,Black,1990.0,18.0,7.0,1.0,7.0,0.0,0.0,0.0,2021-08-17,0,2020,2020-01-01,2021-01-01,1,1,0.0,0.0,1,1,0.0,0.0,1,0
P_1154,1154,,participant,1,2020-02-17,2020,0.0,Male,Black,1990.0,18.0,7.0,1.0,7.0,0.0,0.0,0.0,2021-08-17,1,2021,2021-01-01,2022-01-01,1,1,0.0,0.0,1,1,0.0,0.0,1,0
P_1155,1155,,participant,1,2020-02-24,2020,0.0,Male,Black,1999.0,21.0,0.0,0.0,0.0,796.9827032157256,1.0,0.0,2021-08-24,-2,2018,2018-01-01,2019-01-01,0,0,0.0,0.0,1,1,0.0,0.0,0,0
P_1155,1155,,participant,1,2020-02-24,2020,0.0,Male,Black,1999.0,21.0,0.0,0.0,0.0,796.9827032157256,1.0,0.0,2021-08-24,-1,2019,2019-01-01,2020-01-01,0,0,0.0,0.0,1,1,0.0,0.0,0,0
P_1155,1155,,participant,1,2020-02-24,2020,0.0,Male,Black,1999.0,21.0,0.0,0.0,0.0,796.9827032157256,1.0,0.0,2021-08-24,0,2020,2020-01-01,2021-01-01,1,1,2195.1626283719133,1.0,1,1,0.0,0.0,0,0
P_1155,1155,,participant,1,2020-02-24,2020,0.0,Male,Black,1999.0,21.0,0.0,0.0,0.0,796.9827032157256,1.0,0.0,2021-08-24,1,2021,2021-01-01,2022-01-01,1,1,8371.417103292628,1.0,1,1,0.0,0.0,0,0
P_1157,1157,,participant,1,2020-02-24,2020,0.0,Male,Black,1992.0,23.0,1.0,0.0,1.0,14399.171617640164,1.0,0.0,2021-08-24,-2,2018,2018-01-01,2019-01-01,0,0,0.0,0.0,0,0,0.0,0.0,1,0
P_1157,1157,,participant,1,2020-02-24,2020,0.0,Male,Black,1992.0,23.0,1.0,0.0,1.0,14399.171617640164,1.0,0.0,2021-08-24,-1,2019,2019-01-01,2020-01-01,0,0,0.0,0.0,0,0,0.0,0.0,1,0
P_1157,1157,,participant,1,2020-02-24,2020,0.0,Male,Black,1992.0,23.0,1.0,0.0,1.0,14399.171617640164,1.0,0.0,2021-08-24,0,2020,2020-01-01,2021-01-01,1,1,38653.18385613084,1.0,0,0,0.0,0.0,1,0
P_1157,1157,,participant,1,2020-02-24,2020,0.0,Male,Black,1992.0,23.0,1.0,0.0,1.0,14399.171617640164,1.0,0.0,2021-08-24,1,2021,2021-01-01,2022-01-01,1,1,24513.203306024632,1.0,0,0,0.0,0.0,1,0
P_1158,1158,,participant,1,2020-02-24,2020,0.0,Male,Black,1990.0,18.0,7.0,1.0,7.0,0.0,0.0,0.0,2021-08-24,-2,2018,2018-01-01,2019-01-01,0,0,0.0,0.0,0,0,0.0,0.0,1,0
P_1158,1158,,participant,1,2020-02-24,2020,0.0,Male,Black,1990.0,18.0,7.0,1.0,7.0,0.0,0.0,0.0,2021-08-24,-1,2019,2019-01-01,2020-01-01,0,0,0.0,0.0,0,0,0.0,0.0,1,0
P_1158,1158,,participant,1,2020-02-24,2020,0.0,Male,Black,1990.0,18.0,7.0,1.0,7.0,0.0,0.0,0.0,2021-08-24,0,2020,2020-01-01,2021-01-01,1,1,0.0,0.0,0,0,0.0,0.0,1,0
P_1158,1158,,participant,1,2020-02-24,2020,0.0,Male,Black,1990.0,18.0,7.0,1.0,7.0,0.0,0.0,0.0,2021-08-24,1,2021,2021-01-01,2022-01-01,1,1,0.0,0.0,0,0,0.0,0.0,1,0
P_1160,1160,,participant,1,2020-02-26,2020,0.0,Male,White,2001.0,19.0,0.0,0.0,0.0,0.0,0.0,0.0,2021-08-26,-2,2018,2018-01-01,2019-01-01,0,0,0.0,0.0,0,0,0.0,0.0,0,0
P_1160,1160,,participant,1,2020-02-26,2020,0.0,Male,White,2001.0,19.0,0.0,0.0,0.0,0.0,0.0,0.0,2021-08-26,-1,2019,2019-01-01,2020-01-01,0,0,0.0,0.0,0,0,0.0,0.0,0,0
P_1160,1160,,participant,1,2020-02-26,2020,0.0,Male,White,2001.0,19.0,0.0,0.0,0.0,0.0,0.0,0.0,2021-08-26,0,2020,2020-01-01,2021-01-01,1,1,714.6419087136929,1.0,0,0,0.0,0.0,0,0
P_1160,1160,,participant,1,2020-02-26,2020,0.0,Male,White,2001.0,19.0,0.0,0.0,0.0,0.0,0.0,0.0,2021-08-26,1,2021,2021-01-01,2022-01-01,1,1,4436.042650804624,1.0,0,0,0.0,0.0,0,0
P_1165,1165,,participant,1,2020-03-02,2020,0.0,Male,Black,1997.0,19.0,4.0,1.0,4.0,18330.43419473485,1.0,0.0,2021-08-31,-2,2018,2018-01-01,2019-01-01,0,0,0.0,0.0,1,1,0.0,0.0,1,0
P_1165,1165,,participant,1,2020-03-02,2020,0.0,Male,Black,1997.0,19.0,4.0,1.0,4.0,18330.43419473485,1.0,0.0,2021-08-31,-1,2019,2019-01-01,2020-01-01,0,0,0.0,0.0,1,1,0.0,0.0,1,0
P_1165,1165,,participant,1,2020-03-02,2020,0.0,Male,Black,1997.0,19.0,4.0,1.0,4.0,18330.43419473485,1.0,0.0,2021-08-31,0,2020,2020-01-01,2021-01-01,1,1,0.0,0.0,1,1,0.0,0.0,1,0
P_1165,1165,,participant,1,2020-03-02,2020,0.0,Male,Black,1997.0,19.0,4.0,1.0,4.0,18330.43419473485,1.0,0.0,2021-08-31,1,2021,2021-01-01,2022-01-01,1,1,2708.639928449443,1.0,1,1,0.0,0.0,1,0
P_1166,1166,,participant,1,2020-03-09,2020,0.0,Male,Black,1996.0,18.0,5.0,1.0,5.0,0.0,0.0,0.0,2021-09-07,-2,2018,2018-01-01,2019-01-01,0,0,0.0,0.0,1,1,0.0,0.0,1,0
P_1166,1166,,participant,1,2020-03-09,2020,0.0,Male,Black,1996.0,18.0,5.0,1.0,5.0,0.0,0.0,0.0,2021-09-07,-1,2019,2019-01-01,2020-01-01,0,0,0.0,0.0,1,1,0.0,0.0,1,0
P_1166,1166,,participant,1,2020-03-09,2020,0.0,Male,Black,1996.0,18.0,5.0,1.0,5.0,0.0,0.0,0.0,2021-09-07,0,2020,2020-01-01,2021-01-01,1,1,0.0,0.0,1,1,0.0,0.0,1,0
P_1166,1166,,participant,1,2020-03-09,2020,0.0,Male,Black,1996.0,18.0,5.0,1.0,5.0,0.0,0.0,0.0,2021-09-07,1,2021,2021-01-01,2022-01-01,1,1,0.0,0.0,1,1,0.0,0.0,1,0
P_1172,1172,,participant,1,2020-03-16,2020,0.0,Male,Black,1999.0,21.0,0.0,0.0,0.0,796.9827032157256,1.0,0.0,2021-09-14,-2,2018,2018-01-01,2019-01-01,0,0,0.0,0.0,0,0,0.0,0.0,0,0
P_1172,1172,,participant,1,2020-03-16,2020,0.0,Male,Black,1999.0,21.0,0.0,0.0,0.0,796.9827032157256,1.0,0.0,2021-09-14,-1,2019,2019-01-01,2020-01-01,0,0,0.0,0.0,0,0,0.0,0.0,0,0
P_1172,1172,,participant,1,2020-03-16,2020,0.0,Male,Black,1999.0,21.0,0.0,0.0,0.0,796.9827032157256,1.0,0.0,2021-09-14,0,2020,2020-01-01,2021-01-01,1,1,25272.83582427645,1.0,0,0,0.0,0.0,0,0
P_1172,1172,,participant,1,2020-03-16,2020,0.0,Male,Black,1999.0,21.0,0.0,0.0,0.0,796.9827032157256,1.0,0.0,2021-09-14,1,2021,2021-01-01,2022-01-01,1,1,16255.735863422537,1.0,0,0,0.0,0.0,0,0
P_1174,1174,,participant,1,2020-03-16,2020,0.0,Male,White,2001.0,19.0,0.0,0.0,0.0,0.0,0.0,0.0,2021-09-14,-2,2018,2018-01-01,2019-01-01,0,0,0.0,0.0,0,0,0.0,0.0,0,0
P_1174,1174,,participant,1,2020-03-16,2020,0.0,Male,White,2001.0,19.0,0.0,0.0,0.0,0.0,0.0,0.0,2021-09-14,-1,2019,2019-01-01,2020-01-01,0,0,0.0,0.0,0,0,0.0,0.0,0,0
P_1174,1174,,participant,1,2020-03-16,2020,0.0,Male,White,2001.0,19.0,0.0,0.0,0.0,0.0,0.0,0.0,2021-09-14,0,2020,2020-01-01,2021-01-01,1,1,2224.893914747755,1.0,0,0,0.0,0.0,0,0
P_1174,1174,,participant,1,2020-03-16,2020,0.0,Male,White,2001.0,19.0,0.0,0.0,0.0,0.0,0.0,0.0,2021-09-14,1,2021,2021-01-01,2022-01-01,1,1,14663.488303660479,1.0,0,0,0.0,0.0,0,0
P_1176,1176,,participant,1,2020-03-16,2020,0.0,Male,Black,1980.0,22.0,4.0,1.0,4.0,0.0,0.0,0.0,2021-09-14,-2,2018,2018-01-01,2019-01-01,0,0,0.0,0.0,1,1,0.0,0.0,1,0
P_1176,1176,,participant,1,2020-03-16,2020,0.0,Male,Black,1980.0,22.0,4.0,1.0,4.0,0.0,0.0,0.0,2021-09-14,-1,2019,2019-01-01,2020-01-01,0,0,0.0,0.0,1,1,0.0,0.0,1,0
P_1176,1176,,participant,1,2020-03-16,2020,0.0,Male,Black,1980.0,22.0,4.0,1.0,4.0,0.0,0.0,0.0,2021-09-14,0,2020,2020-01-01,2021-01-01,1,1,2425.982247748336,1.0,1,1,0.0,0.0,1,0
P_1176,1176,,participant,1,2020-03-16,2020,0.0,Male,Black,1980.0,22.0,4.0,1.0,4.0,0.0,0.0,0.0,2021-09-14,1,2021,2021-01-01,2022-01-01,1,1,0.0,0.0,1,1,0.0,0.0,1,0
P_1178,1178,,participant,1,2020-03-16,2020,0.0,Male,Black,1997.0,19.0,4.0,1.0,4.0,18330.43419473485,1.0,0.0,2021-09-14,-2,2018,2018-01-01,2019-01-01,0,0,0.0,0.0,1,1,0.0,0.0,1,0
P_1178,1178,,participant,1,2020-03-16,2020,0.0,Male,Black,1997.0,19.0,4.0,1.0,4.0,18330.43419473485,1.0,0.0,2021-09-14,-1,2019,2019-01-01,2020-01-01,0,0,0.0,0.0,1,1,0.0,0.0,1,0
P_1178,1178,,participant,1,2020-03-16,2020,0.0,Male,Black,1997.0,19.0,4.0,1.0,4.0,18330.43419473485,1.0,0.0,2021-09-14,0,2020,2020-01-01,2021-01-01,1,1,0.0,0.0,1,1,0.0,0.0,1,0
P_1178,1178,,participant,1,2020-03-16,2020,0.0,Male,Black,1997.0,19.0,4.0,1.0,4.0,18330.43419473485,1.0,0.0,2021-09-14,1,2021,2021-01-01,2022-01-01,1,1,1093.713260408692,1.0,1,1,0.0,0.0,1,0
P_1181,1181,,participant,1,2020-06-29,2020,0.0,Male,White,1988.0,30.0,2.0,1.0,2.0,5015.908813241193,0.0,0.0,2021-12-28,-2,2018,2018-01-01,2019-01-01,0,0,0.0,0.0,1,1,0.0,0.0,1,0
P_1181,1181,,participant,1,2020-06-29,2020,0.0,Male,White,1988.0,30.0,2.0,1.0,2.0,5015.908813241193,0.0,0.0,2021-12-28,-1,2019,2019-01-01,2020-01-01,0,0,0.0,0.0,1,1,0.0,0.0,1,0
P_1181,1181,,participant,1,2020-06-29,2020,0.0,Male,White,1988.0,30.0,2.0,1.0,2.0,5015.908813241193,0.0,0.0,2021-12-28,0,2020,2020-01-01,2021-01-01,1,1,0.0,0.0,1,1,2.0,1.0,1,1
P_1181,1181,,participant,1,2020-06-29,2020,0.0,Male,White,1988.0,30.0,2.0,1.0,2.0,5015.908813241193,0.0,0.0,2021-12-28,1,2021,2021-01-01,2022-01-01,1,1,0.0,0.0,1,1,0.0,0.0,1,0
P_1186,1186,,participant,1,2020-05-26,2020,0.0,Male,Black,2002.0,19.0,0.0,0.0,0.0,0.0,0.0,0.0,2021-11-24,-2,2018,2018-01-01,2019-01-01,0,0,0.0,0.0,0,0,0.0,0.0,0,0
P_1186,1186,,participant,1,2020-05-26,2020,0.0,Male,Black,2002.0,19.0,0.0,0.0,0.0,0.0,0.0,0.0,2021-11-24,-1,2019,2019-01-01,2020-01-01,0,0,0.0,0.0,0,0,0.0,0.0,0,0
P_1186,1186,,participant,1,2020-05-26,2020,0.0,Male,Black,2002.0,19.0,0.0,0.0,0.0,0.0,0.0,0.0,2021-11-24,0,2020,2020-01-01,2021-01-01,1,1,10041.310790439911,1.0,0,0,0.0,0.0,0,0
P_1186,1186,,participant,1,2020-05-26,2020,0.0,Male,Black,2002.0,19.0,0.0,0.0,0.0,0.0,0.0,0.0,2021-11-24,1,2021,2021-01-01,2022-01-01,1,1,28093.7693731478,1.0,0,0,0.0,0.0,0,0
P_1189,1189,,participant,1,2020-05-26,2020,0.0,Male,Black,1990.0,18.0,7.0,1.0,7.0,0.0,0.0,0.0,2021-11-24,-2,2018,2018-01-01,2019-01-01,0,0,0.0,0.0,0,0,0.0,0.0,1,0
P_1189,1189,,participant,1,2020-05-26,2020,0.0,Male,Black,1990.0,18.0,7.0,1.0,7.0,0.0,0.0,0.0,2021-11-24,-1,2019,2019-01-01,2020-01-01,0,0,0.0,0.0,0,1,0.0,0.0,1,0
P_1189,1189,,participant,1,2020-05-26,2020,0.0,Male,Black,1990.0,18.0,7.0,1.0,7.0,0.0,0.0,0.0,2021-11-24,0,2020,2020-01-01,2021-01-01,1,1,11650.675664071026,1.0,1,1,0.0,0.0,1,0
P_1189,1189,,participant,1,2020-05-26,2020,0.0,Male,Black,1990.0,18.0,7.0,1.0,7.0,0.0,0.0,0.0,2021-11-24,1,2021,2021-01-01,2022-01-01,1,1,24564.98533599185,1.0,1,1,0.0,0.0,1,0
P_1190,1190,,participant,1,2020-05-26,2020,0.0,Female,Black,1988.0,29.0,4.0,0.0,4.0,6156.761835193933,1.0,0.0,2021-11-24,-2,2018,2018-01-01,2019-01-01,0,0,0.0,0.0,1,1,0.0,0.0,1,0
P_1190,1190,,participant,1,2020-05-26,2020,0.0,Female,Black,1988.0,29.0,4.0,0.0,4.0,6156.761835193933,1.0,0.0,2021-11-24,-1,2019,2019-01-01,2020-01-01,0,0,0.0,0.0,1,1,0.0,0.0,1,0
P_1190,1190,,participant,1,2020-05-26,2020,0.0,Female,Black,1988.0,29.0,4.0,0.0,4.0,6156.761835193933,1.0,0.0,2021-11-24,0,2020,2020-01-01,2021-01-01,1,1,0.0,0.0,1,1,0.0,0.0,1,0
P_1190,1190,,participant,1,2020-05-26,2020,0.0,Female,Black,1988.0,29.0,4.0,0.0,4.0,6156.761835193933,1.0,0.0,2021-11-24,1,2021,2021-01-01,2022-01-01,1,1,484.82978210301883,1.0,1,1,0.0,0.0,1,0
P_1194,1194,,participant,1,2020-06-01,2020,0.0,Male,Black,1993.0,26.0,0.0,0.0,1.0,0.0,0.0,0.0,2021-11-30,-2,2018,2018-01-01,2019-01-01,0,0,0.0,0.0,1,1,0.0,0.0,1,0
P_1194,1194,,participant,1,2020-06-01,2020,0.0,Male,Black,1993.0,26.0,0.0,0.0,1.0,0.0,0.0,0.0,2021-11-30,-1,2019,2019-01-01,2020-01-01,0,0,0.0,0.0,1,1,0.0,0.0,1,0
P_1194,1194,,participant,1,2020-06-01,2020,0.0,Male,Black,1993.0,26.0,0.0,0.0,1.0,0.0,0.0,0.0,2021-11-30,0,2020,2020-01-01,2021-01-01,1,1,0.0,0.0,1,1,1.0,1.0,1,1
P_1194,1194,,participant,1,2020-06-01,2020,0.0,Male,Black,1993.0,26.0,0.0,0.0,1.0,0.0,0.0,0.0,2021-11-30,1,2021,2021-01-01,2022-01-01,1,1,0.0,0.0,1,1,0.0,0.0,1,0
P_1195,1195,,participant,1,2020-06-08,2020,0.0,Male,Black,2001.0,18.0,0.0,0.0,2.0,3440.7820408439366,0.0,0.0,2021-12-07,-2,2018,2018-01-01,2019-01-01,0,0,0.0,0.0,0,0,0.0,0.0,1,0
P_1195,1195,,participant,1,2020-06-08,2020,0.0,Male,Black,2001.0,18.0,0.0,0.0,2.0,3440.7820408439366,0.0,0.0,2021-12-07,-1,2019,2019-01-01,2020-01-01,0,0,0.0,0.0,0,0,0.0,0.0,1,0
P_1195,1195,,participant,1,2020-06-08,2020,0.0,Male,Black,2001.0,18.0,0.0,0.0,2.0,3440.7820408439366,0.0,0.0,2021-12-07,0,2020,2020-01-01,2021-01-01,1,1,10660.422104386013,1.0,0,0,0.0,0.0,1,0
P_1195,1195,,participant,1,2020-06-08,2020,0.0,Male,Black,2001.0,18.0,0.0,0.0,2.0,3440.7820408439366,0.0,0.0,2021-12-07,1,2021,2021-01-01,2022-01-01,1,1,23917.5909325581,1.0,0,0,0.0,0.0,1,0
P_1197,1197,,participant,1,2020-06-15,2020,0.0,Male,Black,1996.0,18.0,5.0,1.0,5.0,0.0,0.0,0.0,2021-12-14,-2,2018,2018-01-01,2019-01-01,0,0,0.0,0.0,0,0,0.0,0.0,1,0
P_1197,1197,,participant,1,2020-06-15,2020,0.0,Male,Black,1996.0,18.0,5.0,1.0,5.0,0.0,0.0,0.0,2021-12-14,-1,2019,2019-01-01,2020-01-01,0,0,0.0,0.0,0,0,0.0,0.0,1,0
P_1197,1197,,participant,1,2020-06-15,2020,0.0,Male,Black,1996.0,18.0,5.0,1.0,5.0,0.0,0.0,0.0,2021-12-14,0,2020,2020-01-01,2021-01-01,1,1,3403.8397076099727,1.0,0,0,0.0,0.0,1,0
P_1197,1197,,participant,1,2020-06-15,2020,0.0,Male,Black,1996.0,18.0,5.0,1.0,5.0,0.0,0.0,0.0,2021-12-14,1,2021,2021-01-01,2022-01-01,1,1,2097.4430790316715,1.0,0,0,0.0,0.0,1,0
P_1198,1198,,participant,1,2020-06-15,2020,0.0,Male,Black,1992.0,23.0,1.0,0.0,1.0,24118.1655515982,1.0,0.0,2021-12-14,-2,2018,2018-01-01,2019-01-01,0,0,0.0,0.0,0,1,0.0,0.0,1,0
P_1198,1198,,participant,1,2020-06-15,2020,0.0,Male,Black,1992.0,23.0,1.0,0.0,1.0,24118.1655515982,1.0,0.0,2021-12-14,-1,2019,2019-01-01,2020-01-01,0,0,0.0,0.0,1,1,0.0,0.0,1,0
P_1198,1198,,participant,1,2020-06-15,2020,0.0,Male,Black,1992.0,23.0,1.0,0.0,1.0,24118.1655515982,1.0,0.0,2021-12-14,0,2020,2020-01-01,2021-01-01,1,1,7667.155168550524,1.0,1,1,0.0,0.0,1,0
P_1198,1198,,participant,1,2020-06-15,2020,0.0,Male,Black,1992.0,23.0,1.0,0.0,1.0,24118.1655515982,1.0,0.0,2021-12-14,1,2021,2021-01-01,2022-01-01,1,1,3916.1454335408503,1.0,1,1,0.0,0.0,1,0
P_1199,1199,,participant,1,2020-06-15,2020,0.0,Male,Black,1996.0,18.0,5.0,1.0,5.0,0.0,0.0,0.0,2021-12-14,-2,2018,2018-01-01,2019-01-01,0,0,0.0,0.0,1,1,0.0,0.0,1,0
P_1199,1199,,participant,1,2020-06-15,2020,0.0,Male,Black,1996.0,18.0,5.0,1.0,5.0,0.0,0.0,0.0,2021-12-14,-1,2019,2019-01-01,2020-01-01,0,0,0.0,0.0,1,1,0.0,0.0,1,0
P_1199,1199,,participant,1,2020-06-15,2020,0.0,Male,Black,1996.0,18.0,5.0,1.0,5.0,0.0,0.0,0.0,2021-12-14,0,2020,2020-01-01,2021-01-01,1,1,24387.673279712413,1.0,1,1,0.0,0.0,1,0
P_1199,1199,,participant,1,2020-06-15,2020,0.0,Male,Black,1996.0,18.0,5.0,1.0,5.0,0.0,0.0,0.0,2021-12-14,1,2021,2021-01-01,2022-01-01,1,1,36625.60609218303,1.0,1,1,0.0,0.0,1,0
P_1201,1201,,participant,1,2020-06-15,2020,0.0,Female,Black,1995.0,22.0,1.0,0.0,1.0,3882.387826452742,1.0,0.0,2021-12-14,-2,2018,2018-01-01,2019-01-01,0,0,0.0,0.0,1,1,0.0,0.0,1,0
P_1201,1201,,participant,1,2020-06-15,2020,0.0,Female,Black,1995.0,22.0,1.0,0.0,1.0,3882.387826452742,1.0,0.0,2021-12-14,-1,2019,2019-01-01,2020-01-01,0,0,0.0,0.0,1,1,0.0,0.0,1,0
P_1201,1201,,participant,1,2020-06-15,2020,0.0,Female,Black,1995.0,22.0,1.0,0.0,1.0,3882.387826452742,1.0,0.0,2021-12-14,0,2020,2020-01-01,2021-01-01,1,1,6713.648844987898,1.0,1,1,0.0,0.0,1,0
P_1201,1201,,participant,1,2020-06-15,2020,0.0,Female,Black,1995.0,22.0,1.0,0.0,1.0,3882.387826452742,1.0,0.0,2021-12-14,1,2021,2021-01-01,2022-01-01,1,1,18825.55589543574,1.0,1,1,0.0,0.0,1,0
P_1202,1202,,participant,1,2020-07-06,2020,0.0,Male,Black,1992.0,23.0,1.0,0.0,1.0,30520.55343951092,1.0,0.0,2022-01-04,-2,2018,2018-01-01,2019-01-01,0,0,0.0,0.0,0,0,0.0,0.0,1,0
P_1202,1202,,participant,1,2020-07-06,2020,0.0,Male,Black,1992.0,23.0,1.0,0.0,1.0,30520.55343951092,1.0,0.0,2022-01-04,-1,2019,2019-01-01,2020-01-01,0,0,0.0,0.0,0,0,0.0,0.0,1,0
P_1202,1202,,participant,1,2020-07-06,2020,0.0,Male,Black,1992.0,23.0,1.0,0.0,1.0,30520.55343951092,1.0,0.0,2022-01-04,0,2020,2020-01-01,2021-01-01,1,1,971.636992559718,1.0,0,0,0.0,0.0,1,0
P_1202,1202,,participant,1,2020-07-06,2020,0.0,Male,Black,1992.0,23.0,1.0,0.0,1.0,30520.55343951092,1.0,0.0,2022-01-04,1,2021,2021-01-01,2022-01-01,1,1,39836.756743122605,1.0,0,0,0.0,0.0,1,0
P_1203,1203,,participant,1,2020-06-29,2020,0.0,Male,Black,1980.0,22.0,4.0,1.0,4.0,0.0,0.0,0.0,2021-12-28,-2,2018,2018-01-01,2019-01-01,0,0,0.0,0.0,1,1,0.0,0.0,1,0
P_1203,1203,,participant,1,2020-06-29,2020,0.0,Male,Black,1980.0,22.0,4.0,1.0,4.0,0.0,0.0,0.0,2021-12-28,-1,2019,2019-01-01,2020-01-01,0,0,0.0,0.0,1,1,0.0,0.0,1,0
P_1203,1203,,participant,1,2020-06-29,2020,0.0,Male,Black,1980.0,22.0,4.0,1.0,4.0,0.0,0.0,0.0,2021-12-28,0,2020,2020-01-01,2021-01-01,1,1,2641.2104163947265,1.0,1,1,0.0,0.0,1,0
P_1203,1203,,participant,1,2020-06-29,2020,0.0,Male,Black,1980.0,22.0,4.0,1.0,4.0,0.0,0.0,0.0,2021-12-28,1,2021,2021-01-01,2022-01-01,1,1,31492.180644020555,1.0,1,1,0.0,0.0,1,0
P_1207,1207,,participant,1,2020-06-29,2020,0.0,Male,Black,1998.0,20.0,2.0,1.0,2.0,2510.4763922431666,1.0,0.0,2021-12-28,-2,2018,2018-01-01,2019-01-01,0,0,0.0,0.0,1,1,0.0,0.0,1,0
P_1207,1207,,participant,1,2020-06-29,2020,0.0,Male,Black,1998.0,20.0,2.0,1.0,2.0,2510.4763922431666,1.0,0.0,2021-12-28,-1,2019,2019-01-01,2020-01-01,0,0,0.0,0.0,1,1,0.0,0.0,1,0
P_1207,1207,,participant,1,2020-06-29,2020,0.0,Male,Black,1998.0,20.0,2.0,1.0,2.0,2510.4763922431666,1.0,0.0,2021-12-28,0,2020,2020-01-01,2021-01-01,1,1,1149.542357394596,1.0,1,1,0.0,0.0,1,0
P_1207,1207,,participant,1,2020-06-29,2020,0.0,Male,Black,1998.0,20.0,2.0,1.0,2.0,2510.4763922431666,1.0,0.0,2021-12-28,1,2021,2021-01-01,2022-01-01,1,1,15412.203418828045,1.0,1,1,0.0,0.0,1,0
P_1212,1212,,participant,1,2020-07-13,2020,0.0,Male,Black,1980.0,22.0,4.0,1.0,4.0,0.0,0.0,0.0,2022-01-11,-2,2018,2018-01-01,2019-01-01,0,0,0.0,0.0,1,1,0.0,0.0,1,0
P_1212,1212,,participant,1,2020-07-13,2020,0.0,Male,Black,1980.0,22.0,4.0,1.0,4.0,0.0,0.0,0.0,2022-01-11,-1,2019,2019-01-01,2020-01-01,0,0,0.0,0.0,1,1,0.0,0.0,1,0
P_1212,1212,,participant,1,2020-07-13,2020,0.0,Male,Black,1980.0,22.0,4.0,1.0,4.0,0.0,0.0,0.0,2022-01-11,0,2020,2020-01-01,2021-01-01,1,1,5620.766685172136,1.0,1,1,0.0,0.0,1,0
P_1212,1212,,participant,1,2020-07-13,2020,0.0,Male,Black,1980.0,22.0,4.0,1.0,4.0,0.0,0.0,0.0,2022-01-11,1,2021,2021-01-01,2022-01-01,1,1,14589.13625949678,1.0,1,1,0.0,0.0,1,0
P_1213,1213,,participant,1,2020-07-06,2020,0.0,Male,Black,1992.0,23.0,1.0,0.0,1.0,30520.55343951092,1.0,0.0,2022-01-04,-2,2018,2018-01-01,2019-01-01,0,0,0.0,0.0,0,0,0.0,0.0,1,0
P_1213,1213,,participant,1,2020-07-06,2020,0.0,Male,Black,1992.0,23.0,1.0,0.0,1.0,30520.55343951092,1.0,0.0,2022-01-04,-1,2019,2019-01-01,2020-01-01,0,0,0.0,0.0,0,0,0.0,0.0,1,0
P_1213,1213,,participant,1,2020-07-06,2020,0.0,Male,Black,1992.0,23.0,1.0,0.0,1.0,30520.55343951092,1.0,0.0,2022-01-04,0,2020,2020-01-01,2021-01-01,1,1,0.0,0.0,0,0,0.0,0.0,1,0
P_1213,1213,,participant,1,2020-07-06,2020,0.0,Male,Black,1992.0,23.0,1.0,0.0,1.0,30520.55343951092,1.0,0.0,2022-01-04,1,2021,2021-01-01,2022-01-01,1,1,9708.352644567742,1.0,0,0,0.0,0.0,1,0
P_1218,1218,,participant,1,2020-07-17,2020,0.0,Male,Black,1998.0,20.0,2.0,1.0,2.0,2510.4763922431666,1.0,0.0,2022-01-15,-2,2018,2018-01-01,2019-01-01,0,0,0.0,0.0,0,1,0.0,0.0,1,0
P_1218,1218,,participant,1,2020-07-17,2020,0.0,Male,Black,1998.0,20.0,2.0,1.0,2.0,2510.4763922431666,1.0,0.0,2022-01-15,-1,2019,2019-01-01,2020-01-01,0,0,0.0,0.0,1,1,0.0,0.0,1,0
P_1218,1218,,participant,1,2020-07-17,2020,0.0,Male,Black,1998.0,20.0,2.0,1.0,2.0,2510.4763922431666,1.0,0.0,2022-01-15,0,2020,2020-01-01,2021-01-01,1,1,531.3252726668079,1.0,1,1,0.0,0.0,1,0
P_1218,1218,,participant,1,2020-07-17,2020,0.0,Male,Black,1998.0,20.0,2.0,1.0,2.0,2510.4763922431666,1.0,0.0,2022-01-15,1,2021,2021-01-01,2022-01-01,1,1,3174.2651559171027,1.0,1,1,0.0,0.0,1,0
P_1221,1221,,participant,1,2020-07-20,2020,0.0,Male,Black,1993.0,26.0,0.0,0.0,1.0,0.0,0.0,0.0,2022-01-18,-2,2018,2018-01-01,2019-01-01,0,0,0.0,0.0,1,1,0.0,0.0,1,0
P_1221,1221,,participant,1,2020-07-20,2020,0.0,Male,Black,1993.0,26.0,0.0,0.0,1.0,0.0,0.0,0.0,2022-01-18,-1,2019,2019-01-01,2020-01-01,0,0,0.0,0.0,1,1,0.0,0.0,1,0
P_1221,1221,,participant,1,2020-07-20,2020,0.0,Male,Black,1993.0,26.0,0.0,0.0,1.0,0.0,0.0,0.0,2022-01-18,0,2020,2020-01-01,2021-01-01,1,1,0.0,0.0,1,1,0.0,0.0,1,0
P_1221,1221,,participant,1,2020-07-20,2020,0.0,Male,Black,1993.0,26.0,0.0,0.0,1.0,0.0,0.0,0.0,2022-01-18,1,2021,2021-01-01,2022-01-01,1,1,6404.360554115627,1.0,1,1,0.0,0.0,1,0
P_1222,1222,,participant,1,2020-07-17,2020,0.0,Male,Black,1999.0,21.0,0.0,0.0,1.0,183.56799860560372,1.0,0.0,2022-01-15,-2,2018,2018-01-01,2019-01-01,0,0,0.0,0.0,0,0,0.0,0.0,1,0
P_1222,1222,,participant,1,2020-07-17,2020,0.0,Male,Black,1999.0,21.0,0.0,0.0,1.0,183.56799860560372,1.0,0.0,2022-01-15,-1,2019,2019-01-01,2020-01-01,0,0,0.0,0.0,0,0,0.0,0.0,1,0
P_1222,1222,,participant,1,2020-07-17,2020,0.0,Male,Black,1999.0,21.0,0.0,0.0,1.0,183.56799860560372,1.0,0.0,2022-01-15,0,2020,2020-01-01,2021-01-01,1,1,1477.983030935909,1.0,0,0,0.0,0.0,1,0
P_1222,1222,,participant,1,2020-07-17,2020,0.0,Male,Black,1999.0,21.0,0.0,0.0,1.0,183.56799860560372,1.0,0.0,2022-01-15,1,2021,2021-01-01,2022-01-01,1,1,6963.272269658644,1.0,0,0,0.0,0.0,1,0
P_1223,1223,,participant,1,2020-08-24,2020,0.0,Male,Black,1995.0,23.0,0.0,0.0,1.0,1079.5852225686206,0.0,0.0,2022-02-22,-2,2018,2018-01-01,2019-01-01,0,0,0.0,0.0,0,0,0.0,0.0,1,0
P_1223,1223,,participant,1,2020-08-24,2020,0.0,Male,Black,1995.0,23.0,0.0,0.0,1.0,1079.5852225686206,0.0,0.0,2022-02-22,-1,2019,2019-01-01,2020-01-01,0,0,0.0,0.0,0,0,0.0,0.0,1,0
P_1223,1223,,participant,1,2020-08-24,2020,0.0,Male,Black,1995.0,23.0,0.0,0.0,1.0,1079.5852225686206,0.0,0.0,2022-02-22,0,2020,2020-01-01,2021-01-01,1,1,3922.340474088461,1.0,0,0,0.0,0.0,1,0
P_1223,1223,,participant,1,2020-08-24,2020,0.0,Male,Black,1995.0,23.0,0.0,0.0,1.0,1079.5852225686206,0.0,0.0,2022-02-22,1,2021,2021-01-01,2022-01-01,1,1,352.3429818368525,1.0,0,0,0.0,0.0,1,0
P_1230,1230,,participant,1,2020-07-27,2020,0.0,Male,Black,1996.0,18.0,5.0,1.0,5.0,0.0,0.0,0.0,2022-01-25,-2,2018,2018-01-01,2019-01-01,0,0,0.0,0.0,0,0,0.0,0.0,1,0
P_1230,1230,,participant,1,2020-07-27,2020,0.0,Male,Black,1996.0,18.0,5.0,1.0,5.0,0.0,0.0,0.0,2022-01-25,-1,2019,2019-01-01,2020-01-01,0,0,0.0,0.0,0,0,0.0,0.0,1,0
P_1230,1230,,participant,1,2020-07-27,2020,0.0,Male,Black,1996.0,18.0,5.0,1.0,5.0,0.0,0.0,0.0,2022-01-25,0,2020,2020-01-01,2021-01-01,1,1,0.0,0.0,0,0,0.0,0.0,1,0
P_1230,1230,,participant,1,2020-07-27,2020,0.0,Male,Black,1996.0,18.0,5.0,1.0,5.0,0.0,0.0,0.0,2022-01-25,1,2021,2021-01-01,2022-01-01,1,1,3444.4140277079523,1.0,0,0,0.0,0.0,1,0
P_1231,1231,,participant,1,2020-07-27,2020,0.0,Male,Black,2000.0,20.0,0.0,0.0,0.0,0.0,0.0,0.0,2022-01-25,-2,2018,2018-01-01,2019-01-01,0,0,0.0,0.0,0,0,0.0,0.0,0,0
P_1231,1231,,participant,1,2020-07-27,2020,0.0,Male,Black,2000.0,20.0,0.0,0.0,0.0,0.0,0.0,0.0,2022-01-25,-1,2019,2019-01-01,2020-01-01,0,0,0.0,0.0,0,0,0.0,0.0,0,0
P_1231,1231,,participant,1,2020-07-27,2020,0.0,Male,Black,2000.0,20.0,0.0,0.0,0.0,0.0,0.0,0.0,2022-01-25,0,2020,2020-01-01,2021-01-01,1,1,7421.663857680844,1.0,0,0,0.0,0.0,0,0
P_1231,1231,,participant,1,2020-07-27,2020,0.0,Male,Black,2000.0,20.0,0.0,0.0,0.0,0.0,0.0,0.0,2022-01-25,1,2021,2021-01-01,2022-01-01,1,1,10252.216525543925,1.0,0,0,0.0,0.0,0,0
P_1232,1232,,participant,1,2020-08-03,2020,0.0,Male,Black,2001.0,18.0,0.0,0.0,2.0,3440.7820408439366,0.0,0.0,2022-02-01,-2,2018,2018-01-01,2019-01-01,0,0,0.0,0.0,0,0,0.0,0.0,1,0
P_1232,1232,,participant,1,2020-08-03,2020,0.0,Male,Black,2001.0,18.0,0.0,0.0,2.0,3440.7820408439366,0.0,0.0,2022-02-01,-1,2019,2019-01-01,2020-01-01,0,0,0.0,0.0,0,0,0.0,0.0,1,0
P_1232,1232,,participant,1,2020-08-03,2020,0.0,Male,Black,2001.0,18.0,0.0,0.0,2.0,3440.7820408439366,0.0,0.0,2022-02-01,0,2020,2020-01-01,2021-01-01,1,1,9404.139281271038,1.0,0,0,0.0,0.0,1,0
P_1232,1232,,participant,1,2020-08-03,2020,0.0,Male,Black,2001.0,18.0,0.0,0.0,2.0,3440.7820408439366,0.0,0.0,2022-02-01,1,2021,2021-01-01,2022-01-01,1,1,33152.967362807205,1.0,0,0,0.0,0.0,1,0
P_1233,1233,,participant,1,2020-08-03,2020,0.0,Male,Black,1985.0,36.0,0.0,0.0,0.0,0.0,1.0,0.0,2022-02-01,-2,2018,2018-01-01,2019-01-01,0,0,0.0,0.0,1,1,0.0,0.0,0,0
P_1233,1233,,participant,1,2020-08-03,2020,0.0,Male,Black,1985.0,36.0,0.0,0.0,0.0,0.0,1.0,0.0,2022-02-01,-1,2019,2019-01-01,2020-01-01,0,0,0.0,0.0,1,1,0.0,0.0,0,0
P_1233,1233,,participant,1,2020-08-03,2020,0.0,Male,Black,1985.0,36.0,0.0,0.0,0.0,0.0,1.0,0.0,2022-02-01,0,2020,2020-01-01,2021-01-01,1,1,59.76099585062241,1.0,1,1,0.0,0.0,0,0
P_1233,1233,,participant,1,2020-08-03,2020,0.0,Male,Black,1985.0,36.0,0.0,0.0,0.0,0.0,1.0,0.0,2022-02-01,1,2021,2021-01-01,2022-01-01,1,1,0.0,0.0,1,1,0.0,0.0,0,0
P_1235,1235,,participant,1,2020-08-10,2020,0.0,Male,Black,1992.0,23.0,1.0,0.0,1.0,30520.55343951092,1.0,0.0,2022-02-08,-2,2018,2018-01-01,2019-01-01,0,0,0.0,0.0,0,0,0.0,0.0,1,0
P_1235,1235,,participant,1,2020-08-10,2020,0.0,Male,Black,1992.0,23.0,1.0,0.0,1.0,30520.55343951092,1.0,0.0,2022-02-08,-1,2019,2019-01-01,2020-01-01,0,0,0.0,0.0,0,0,0.0,0.0,1,0
P_1235,1235,,participant,1,2020-08-10,2020,0.0,Male,Black,1992.0,23.0,1.0,0.0,1.0,30520.55343951092,1.0,0.0,2022-02-08,0,2020,2020-01-01,2021-01-01,1,1,182.881738676413,1.0,0,0,0.0,0.0,1,0
P_1235,1235,,participant,1,2020-08-10,2020,0.0,Male,Black,1992.0,23.0,1.0,0.0,1.0,30520.55343951092,1.0,0.0,2022-02-08,1,2021,2021-01-01,2022-01-01,1,1,4174.2028621076515,1.0,0,1,1.0,1.0,1,1
P_1236,1236,,participant,1,2020-08-10,2020,0.0,Male,Black,1988.0,22.0,4.0,1.0,4.0,37889.289011720866,1.0,0.0,2022-02-08,-2,2018,2018-01-01,2019-01-01,0,0,0.0,0.0,1,1,0.0,0.0,1,0
P_1236,1236,,participant,1,2020-08-10,2020,0.0,Male,Black,1988.0,22.0,4.0,1.0,4.0,37889.289011720866,1.0,0.0,2022-02-08,-1,2019,2019-01-01,2020-01-01,0,0,0.0,0.0,1,1,0.0,0.0,1,0
P_1236,1236,,participant,1,2020-08-10,2020,0.0,Male,Black,1988.0,22.0,4.0,1.0,4.0,37889.289011720866,1.0,0.0,2022-02-08,0,2020,2020-01-01,2021-01-01,1,1,0.0,0.0,1,1,0.0,0.0,1,0
P_1236,1236,,participant,1,2020-08-10,2020,0.0,Male,Black,1988.0,22.0,4.0,1.0,4.0,37889.289011720866,1.0,0.0,2022-02-08,1,2021,2021-01-01,2022-01-01,1,1,11649.876932434683,1.0,1,1,0.0,0.0,1,0
P_1237,1237,,participant,1,2020-08-17,2020,0.0,Male,Black,2002.0,19.0,0.0,0.0,0.0,0.0,0.0,0.0,2022-02-15,-2,2018,2018-01-01,2019-01-01,0,0,0.0,0.0,0,0,0.0,0.0,0,0
P_1237,1237,,participant,1,2020-08-17,2020,0.0,Male,Black,2002.0,19.0,0.0,0.0,0.0,0.0,0.0,0.0,2022-02-15,-1,2019,2019-01-01,2020-01-01,0,0,0.0,0.0,0,0,0.0,0.0,0,0
P_1237,1237,,participant,1,2020-08-17,2020,0.0,Male,Black,2002.0,19.0,0.0,0.0,0.0,0.0,0.0,0.0,2022-02-15,0,2020,2020-01-01,2021-01-01,1,1,297.55995850622406,1.0,0,1,2.0,1.0,0,0
P_1237,1237,,participant,1,2020-08-17,2020,0.0,Male,Black,2002.0,19.0,0.0,0.0,0.0,0.0,0.0,0.0,2022-02-15,1,2021,2021-01-01,2022-01-01,1,1,2336.5150241446318,1.0,1,1,0.0,0.0,0,0
P_1238,1238,,participant,1,2020-08-03,2020,0.0,Male,Black,2002.0,19.0,0.0,0.0,0.0,0.0,0.0,0.0,2022-02-01,-2,2018,2018-01-01,2019-01-01,0,0,0.0,0.0,0,0,0.0,0.0,0,0
P_1238,1238,,participant,1,2020-08-03,2020,0.0,Male,Black,2002.0,19.0,0.0,0.0,0.0,0.0,0.0,0.0,2022-02-01,-1,2019,2019-01-01,2020-01-01,0,0,0.0,0.0,0,0,0.0,0.0,0,0
P_1238,1238,,participant,1,2020-08-03,2020,0.0,Male,Black,2002.0,19.0,0.0,0.0,0.0,0.0,0.0,0.0,2022-02-01,0,2020,2020-01-01,2021-01-01,1,1,0.0,0.0,0,0,0.0,0.0,0,0
P_1238,1238,,participant,1,2020-08-03,2020,0.0,Male,Black,2002.0,19.0,0.0,0.0,0.0,0.0,0.0,0.0,2022-02-01,1,2021,2021-01-01,2022-01-01,1,1,0.0,0.0,0,1,1.0,1.0,0,0
P_1239,1239,,participant,1,2020-08-24,2020,0.0,Female,Black,1997.0,21.0,1.0,0.0,1.0,26724.417769039363,1.0,0.0,2022-02-22,-2,2018,2018-01-01,2019-01-01,0,0,0.0,0.0,0,0,0.0,0.0,1,0
P_1239,1239,,participant,1,2020-08-24,2020,0.0,Female,Black,1997.0,21.0,1.0,0.0,1.0,26724.417769039363,1.0,0.0,2022-02-22,-1,2019,2019-01-01,2020-01-01,0,0,0.0,0.0,0,0,0.0,0.0,1,0
P_1239,1239,,participant,1,2020-08-24,2020,0.0,Female,Black,1997.0,21.0,1.0,0.0,1.0,26724.417769039363,1.0,0.0,2022-02-22,0,2020,2020-01-01,2021-01-01,1,1,1791.2074491645728,1.0,0,0,0.0,0.0,1,0
P_1239,1239,,participant,1,2020-08-24,2020,0.0,Female,Black,1997.0,21.0,1.0,0.0,1.0,26724.417769039363,1.0,0.0,2022-02-22,1,2021,2021-01-01,2022-01-01,1,1,2360.7789704396127,1.0,0,0,0.0,0.0,1,0
P_1241,1241,,participant,1,2020-08-24,2020,0.0,Male,Black,1979.0,24.0,1.0,0.0,1.0,0.0,0.0,0.0,2022-02-22,-2,2018,2018-01-01,2019-01-01,0,0,0.0,0.0,1,1,0.0,0.0,1,0
P_1241,1241,,participant,1,2020-08-24,2020,0.0,Male,Black,1979.0,24.0,1.0,0.0,1.0,0.0,0.0,0.0,2022-02-22,-1,2019,2019-01-01,2020-01-01,0,0,0.0,0.0,1,1,0.0,0.0,1,0
P_1241,1241,,participant,1,2020-08-24,2020,0.0,Male,Black,1979.0,24.0,1.0,0.0,1.0,0.0,0.0,0.0,2022-02-22,0,2020,2020-01-01,2021-01-01,1,1,1129.6368620284559,1.0,1,1,0.0,0.0,1,0
P_1241,1241,,participant,1,2020-08-24,2020,0.0,Male,Black,1979.0,24.0,1.0,0.0,1.0,0.0,0.0,0.0,2022-02-22,1,2021,2021-01-01,2022-01-01,1,1,38987.75098344885,1.0,1,1,0.0,0.0,1,0
P_1244,1244,,participant,1,2020-08-10,2020,0.0,Male,Black,1993.0,26.0,0.0,0.0,1.0,0.0,0.0,0.0,2022-02-08,-2,2018,2018-01-01,2019-01-01,0,0,0.0,0.0,0,0,0.0,0.0,1,0
P_1244,1244,,participant,1,2020-08-10,2020,0.0,Male,Black,1993.0,26.0,0.0,0.0,1.0,0.0,0.0,0.0,2022-02-08,-1,2019,2019-01-01,2020-01-01,0,0,0.0,0.0,0,0,0.0,0.0,1,0
P_1244,1244,,participant,1,2020-08-10,2020,0.0,Male,Black,1993.0,26.0,0.0,0.0,1.0,0.0,0.0,0.0,2022-02-08,0,2020,2020-01-01,2021-01-01,1,1,0.0,0.0,0,0,0.0,0.0,1,0
P_1244,1244,,participant,1,2020-08-10,2020,0.0,Male,Black,1993.0,26.0,0.0,0.0,1.0,0.0,0.0,0.0,2022-02-08,1,2021,2021-01-01,2022-01-01,1,1,18344.13339386281,1.0,0,0,0.0,0.0,1,0
P_1247,1247,,participant,1,2020-09-07,2020,0.0,Male,Black,1985.0,36.0,0.0,0.0,0.0,0.0,1.0,0.0,2022-03-08,-2,2018,2018-01-01,2019-01-01,0,0,0.0,0.0,1,1,0.0,0.0,0,0
P_1247,1247,,participant,1,2020-09-07,2020,0.0,Male,Black,1985.0,36.0,0.0,0.0,0.0,0.0,1.0,0.0,2022-03-08,-1,2019,2019-01-01,2020-01-01,0,0,0.0,0.0,1,1,0.0,0.0,0,0
P_1247,1247,,participant,1,2020-09-07,2020,0.0,Male,Black,1985.0,36.0,0.0,0.0,0.0,0.0,1.0,0.0,2022-03-08,0,2020,2020-01-01,2021-01-01,1,1,0.0,0.0,1,1,0.0,0.0,0,0
P_1247,1247,,participant,1,2020-09-07,2020,0.0,Male,Black,1985.0,36.0,0.0,0.0,0.0,0.0,1.0,0.0,2022-03-08,1,2021,2021-01-01,2022-01-01,1,1,7896.851880257204,1.0,1,1,0.0,0.0,0,0
P_1249,1249,,participant,1,2020-09-14,2020,0.0,Male,Black,2002.0,19.0,0.0,0.0,0.0,0.0,0.0,0.0,2022-03-15,-2,2018,2018-01-01,2019-01-01,0,0,0.0,0.0,0,0,0.0,0.0,0,0
P_1249,1249,,participant,1,2020-09-14,2020,0.0,Male,Black,2002.0,19.0,0.0,0.0,0.0,0.0,0.0,0.0,2022-03-15,-1,2019,2019-01-01,2020-01-01,0,0,0.0,0.0,0,0,0.0,0.0,0,0
P_1249,1249,,participant,1,2020-09-14,2020,0.0,Male,Black,2002.0,19.0,0.0,0.0,0.0,0.0,0.0,0.0,2022-03-15,0,2020,2020-01-01,2021-01-01,1,1,5400.115515617443,1.0,0,0,0.0,0.0,0,0
P_1249,1249,,participant,1,2020-09-14,2020,0.0,Male,Black,2002.0,19.0,0.0,0.0,0.0,0.0,0.0,0.0,2022-03-15,1,2021,2021-01-01,2022-01-01,1,1,8779.680471268428,1.0,0,0,0.0,0.0,0,0
P_1250,1250,,participant,1,2020-09-07,2020,0.0,Male,Black,1974.0,26.0,6.0,1.0,6.0,0.0,0.0,0.0,2022-03-08,-2,2018,2018-01-01,2019-01-01,0,0,0.0,0.0,0,0,0.0,0.0,1,0
P_1250,1250,,participant,1,2020-09-07,2020,0.0,Male,Black,1974.0,26.0,6.0,1.0,6.0,0.0,0.0,0.0,2022-03-08,-1,2019,2019-01-01,2020-01-01,0,0,0.0,0.0,0,0,0.0,0.0,1,0
P_1250,1250,,participant,1,2020-09-07,2020,0.0,Male,Black,1974.0,26.0,6.0,1.0,6.0,0.0,0.0,0.0,2022-03-08,0,2020,2020-01-01,2021-01-01,1,1,0.0,0.0,0,0,0.0,0.0,1,0
P_1250,1250,,participant,1,2020-09-07,2020,0.0,Male,Black,1974.0,26.0,6.0,1.0,6.0,0.0,0.0,0.0,2022-03-08,1,2021,2021-01-01,2022-01-01,1,1,34567.00198457708,1.0,0,0,0.0,0.0,1,0
P_1252,1252,,participant,1,2021-02-22,2021,0.0,Male,White,2001.0,19.0,0.0,0.0,0.0,0.0,0.0,0.0,2022-08-23,-2,2019,2019-01-01,2020-01-01,0,0,0.0,0.0,0,0,0.0,0.0,0,0
P_1252,1252,,participant,1,2021-02-22,2021,0.0,Male,White,2001.0,19.0,0.0,0.0,0.0,0.0,0.0,0.0,2022-08-23,-1,2020,2020-01-01,2021-01-01,0,0,0.0,0.0,0,0,0.0,0.0,0,0
P_1252,1252,,participant,1,2021-02-22,2021,0.0,Male,White,2001.0,19.0,0.0,0.0,0.0,0.0,0.0,0.0,2022-08-23,0,2021,2021-01-01,2022-01-01,1,1,23484.122329573842,1.0,0,0,0.0,0.0,0,0
P_1252,1252,,participant,1,2021-02-22,2021,0.0,Male,White,2001.0,19.0,0.0,0.0,0.0,0.0,0.0,0.0,2022-08-23,1,2022,2022-01-01,2023-01-01,1,1,3059.5350543694617,1.0,0,0,0.0,0.0,0,0
P_1255,1255,,participant,1,2020-09-21,2020,0.0,Male,White,1992.0,18.0,1.0,1.0,1.0,0.0,0.0,0.0,2022-03-22,-2,2018,2018-01-01,2019-01-01,0,0,0.0,0.0,0,0,0.0,0.0,1,0
P_1255,1255,,participant,1,2020-09-21,2020,0.0,Male,White,1992.0,18.0,1.0,1.0,1.0,0.0,0.0,0.0,2022-03-22,-1,2019,2019-01-01,2020-01-01,0,0,0.0,0.0,0,0,0.0,0.0,1,0
P_1255,1255,,participant,1,2020-09-21,2020,0.0,Male,White,1992.0,18.0,1.0,1.0,1.0,0.0,0.0,0.0,2022-03-22,0,2020,2020-01-01,2021-01-01,1,1,0.0,0.0,0,0,0.0,0.0,1,0
P_1255,1255,,participant,1,2020-09-21,2020,0.0,Male,White,1992.0,18.0,1.0,1.0,1.0,0.0,0.0,0.0,2022-03-22,1,2021,2021-01-01,2022-01-01,1,1,0.0,0.0,0,0,0.0,0.0,1,0
P_1258,1258,,participant,1,2020-09-28,2020,0.0,Male,Black,2001.0,18.0,0.0,0.0,2.0,3440.7820408439366,0.0,0.0,2022-03-29,-2,2018,2018-01-01,2019-01-01,0,0,0.0,0.0,0,0,0.0,0.0,1,0
P_1258,1258,,participant,1,2020-09-28,2020,0.0,Male,Black,2001.0,18.0,0.0,0.0,2.0,3440.7820408439366,0.0,0.0,2022-03-29,-1,2019,2019-01-01,2020-01-01,0,0,0.0,0.0,0,0,0.0,0.0,1,0
P_1258,1258,,participant,1,2020-09-28,2020,0.0,Male,Black,2001.0,18.0,0.0,0.0,2.0,3440.7820408439366,0.0,0.0,2022-03-29,0,2020,2020-01-01,2021-01-01,1,1,13344.615108587386,1.0,0,0,0.0,0.0,1,0
P_1258,1258,,participant,1,2020-09-28,2020,0.0,Male,Black,2001.0,18.0,0.0,0.0,2.0,3440.7820408439366,0.0,0.0,2022-03-29,1,2021,2021-01-01,2022-01-01,1,1,25578.14225817084,1.0,0,0,0.0,0.0,1,0
P_1260,1260,,participant,1,2020-10-12,2020,0.0,Male,Black,1997.0,19.0,4.0,1.0,4.0,20310.386860229664,1.0,0.0,2022-04-12,-2,2018,2018-01-01,2019-01-01,0,0,0.0,0.0,1,1,0.0,0.0,1,0
P_1260,1260,,participant,1,2020-10-12,2020,0.0,Male,Black,1997.0,19.0,4.0,1.0,4.0,20310.386860229664,1.0,0.0,2022-04-12,-1,2019,2019-01-01,2020-01-01,0,0,0.0,0.0,1,1,0.0,0.0,1,0
P_1260,1260,,participant,1,2020-10-12,2020,0.0,Male,Black,1997.0,19.0,4.0,1.0,4.0,20310.386860229664,1.0,0.0,2022-04-12,0,2020,2020-01-01,2021-01-01,1,1,0.0,0.0,1,1,0.0,0.0,1,0
P_1260,1260,,participant,1,2020-10-12,2020,0.0,Male,Black,1997.0,19.0,4.0,1.0,4.0,20310.386860229664,1.0,0.0,2022-04-12,1,2021,2021-01-01,2022-01-01,1,1,7638.693007941119,1.0,1,1,0.0,0.0,1,0
P_1261,1261,,participant,1,2020-10-05,2020,0.0,Male,Black,1991.0,21.0,4.0,0.0,4.0,26920.91023302004,1.0,0.0,2022-04-05,-2,2018,2018-01-01,2019-01-01,0,0,0.0,0.0,1,1,0.0,0.0,1,0
P_1261,1261,,participant,1,2020-10-05,2020,0.0,Male,Black,1991.0,21.0,4.0,0.0,4.0,26920.91023302004,1.0,0.0,2022-04-05,-1,2019,2019-01-01,2020-01-01,0,0,0.0,0.0,1,1,0.0,0.0,1,0
P_1261,1261,,participant,1,2020-10-05,2020,0.0,Male,Black,1991.0,21.0,4.0,0.0,4.0,26920.91023302004,1.0,0.0,2022-04-05,0,2020,2020-01-01,2021-01-01,1,1,0.0,0.0,1,1,0.0,0.0,1,0
P_1261,1261,,participant,1,2020-10-05,2020,0.0,Male,Black,1991.0,21.0,4.0,0.0,4.0,26920.91023302004,1.0,0.0,2022-04-05,1,2021,2021-01-01,2022-01-01,1,1,1925.3849341762198,1.0,1,1,1.0,1.0,1,1
P_1263,1263,,participant,1,2020-10-19,2020,0.0,Male,Black,1992.0,23.0,1.0,0.0,1.0,29824.22063975566,1.0,0.0,2022-04-19,-2,2018,2018-01-01,2019-01-01,0,0,0.0,0.0,0,0,0.0,0.0,1,0
P_1263,1263,,participant,1,2020-10-19,2020,0.0,Male,Black,1992.0,23.0,1.0,0.0,1.0,29824.22063975566,1.0,0.0,2022-04-19,-1,2019,2019-01-01,2020-01-01,0,0,0.0,0.0,0,0,0.0,0.0,1,0
P_1263,1263,,participant,1,2020-10-19,2020,0.0,Male,Black,1992.0,23.0,1.0,0.0,1.0,29824.22063975566,1.0,0.0,2022-04-19,0,2020,2020-01-01,2021-01-01,1,1,497.63738415350474,1.0,0,0,0.0,0.0,1,0
P_1263,1263,,participant,1,2020-10-19,2020,0.0,Male,Black,1992.0,23.0,1.0,0.0,1.0,29824.22063975566,1.0,0.0,2022-04-19,1,2021,2021-01-01,2022-01-01,1,1,20839.643798666893,1.0,0,0,0.0,0.0,1,0
P_1265,1265,,participant,1,2020-10-26,2020,0.0,Male,Black,1981.0,39.0,0.0,0.0,0.0,0.0,0.0,0.0,2022-04-26,-2,2018,2018-01-01,2019-01-01,0,0,0.0,0.0,1,1,0.0,0.0,0,0
P_1265,1265,,participant,1,2020-10-26,2020,0.0,Male,Black,1981.0,39.0,0.0,0.0,0.0,0.0,0.0,0.0,2022-04-26,-1,2019,2019-01-01,2020-01-01,0,0,0.0,0.0,1,1,0.0,0.0,0,0
P_1265,1265,,participant,1,2020-10-26,2020,0.0,Male,Black,1981.0,39.0,0.0,0.0,0.0,0.0,0.0,0.0,2022-04-26,0,2020,2020-01-01,2021-01-01,1,1,0.0,0.0,1,1,0.0,0.0,0,0
P_1265,1265,,participant,1,2020-10-26,2020,0.0,Male,Black,1981.0,39.0,0.0,0.0,0.0,0.0,0.0,0.0,2022-04-26,1,2021,2021-01-01,2022-01-01,1,1,58.72383030614209,1.0,1,1,0.0,0.0,0,0
P_1267,1267,,participant,1,2020-10-12,2020,0.0,Male,Black,2001.0,18.0,0.0,0.0,2.0,3440.7820408439366,0.0,0.0,2022-04-12,-2,2018,2018-01-01,2019-01-01,0,0,0.0,0.0,0,0,0.0,0.0,1,0
P_1267,1267,,participant,1,2020-10-12,2020,0.0,Male,Black,2001.0,18.0,0.0,0.0,2.0,3440.7820408439366,0.0,0.0,2022-04-12,-1,2019,2019-01-01,2020-01-01,0,0,0.0,0.0,0,0,0.0,0.0,1,0
P_1267,1267,,participant,1,2020-10-12,2020,0.0,Male,Black,2001.0,18.0,0.0,0.0,2.0,3440.7820408439366,0.0,0.0,2022-04-12,0,2020,2020-01-01,2021-01-01,1,1,0.0,0.0,0,1,0.0,0.0,1,0
P_1267,1267,,participant,1,2020-10-12,2020,0.0,Male,Black,2001.0,18.0,0.0,0.0,2.0,3440.7820408439366,0.0,0.0,2022-04-12,1,2021,2021-01-01,2022-01-01,1,1,0.0,0.0,1,1,1.0,1.0,1,1
P_1268,1268,,participant,1,2020-10-12,2020,0.0,Male,Black,1992.0,23.0,1.0,0.0,1.0,29824.22063975566,1.0,0.0,2022-04-12,-2,2018,2018-01-01,2019-01-01,0,0,0.0,0.0,1,1,0.0,0.0,1,0
P_1268,1268,,participant,1,2020-10-12,2020,0.0,Male,Black,1992.0,23.0,1.0,0.0,1.0,29824.22063975566,1.0,0.0,2022-04-12,-1,2019,2019-01-01,2020-01-01,0,0,0.0,0.0,1,1,0.0,0.0,1,0
P_1268,1268,,participant,1,2020-10-12,2020,0.0,Male,Black,1992.0,23.0,1.0,0.0,1.0,29824.22063975566,1.0,0.0,2022-04-12,0,2020,2020-01-01,2021-01-01,1,1,0.0,0.0,1,1,0.0,0.0,1,0
P_1268,1268,,participant,1,2020-10-12,2020,0.0,Male,Black,1992.0,23.0,1.0,0.0,1.0,29824.22063975566,1.0,0.0,2022-04-12,1,2021,2021-01-01,2022-01-01,1,1,8635.913310309777,1.0,1,1,0.0,0.0,1,0
P_1270,1270,,participant,1,2020-11-09,2020,0.0,Male,Black,1989.0,45.0,3.0,0.0,3.0,15593.038786120018,1.0,0.0,2022-05-10,-2,2018,2018-01-01,2019-01-01,0,0,0.0,0.0,1,1,0.0,0.0,1,0
P_1270,1270,,participant,1,2020-11-09,2020,0.0,Male,Black,1989.0,45.0,3.0,0.0,3.0,15593.038786120018,1.0,0.0,2022-05-10,-1,2019,2019-01-01,2020-01-01,0,0,0.0,0.0,1,1,0.0,0.0,1,0
P_1270,1270,,participant,1,2020-11-09,2020,0.0,Male,Black,1989.0,45.0,3.0,0.0,3.0,15593.038786120018,1.0,0.0,2022-05-10,0,2020,2020-01-01,2021-01-01,1,1,0.0,0.0,1,1,0.0,0.0,1,0
P_1270,1270,,participant,1,2020-11-09,2020,0.0,Male,Black,1989.0,45.0,3.0,0.0,3.0,15593.038786120018,1.0,0.0,2022-05-10,1,2021,2021-01-01,2022-01-01,1,1,0.0,0.0,1,1,0.0,0.0,1,0
P_1272,1272,,participant,1,2020-12-01,2020,0.0,Male,Black,1999.0,21.0,0.0,0.0,1.0,7411.01612017495,1.0,0.0,2022-06-01,-2,2018,2018-01-01,2019-01-01,0,0,0.0,0.0,0,0,0.0,0.0,1,0
P_1272,1272,,participant,1,2020-12-01,2020,0.0,Male,Black,1999.0,21.0,0.0,0.0,1.0,7411.01612017495,1.0,0.0,2022-06-01,-1,2019,2019-01-01,2020-01-01,0,0,0.0,0.0,0,0,0.0,0.0,1,0
P_1272,1272,,participant,1,2020-12-01,2020,0.0,Male,Black,1999.0,21.0,0.0,0.0,1.0,7411.01612017495,1.0,0.0,2022-06-01,0,2020,2020-01-01,2021-01-01,1,1,4360.547578645085,1.0,0,0,0.0,0.0,1,0
P_1272,1272,,participant,1,2020-12-01,2020,0.0,Male,Black,1999.0,21.0,0.0,0.0,1.0,7411.01612017495,1.0,0.0,2022-06-01,1,2021,2021-01-01,2022-01-01,1,1,8918.568917575736,1.0,0,0,0.0,0.0,1,0
P_1275,1275,,participant,1,2020-12-01,2020,0.0,Male,Black,1991.0,21.0,4.0,0.0,4.0,26920.91023302004,1.0,0.0,2022-06-01,-2,2018,2018-01-01,2019-01-01,0,0,0.0,0.0,1,1,0.0,0.0,1,0
P_1275,1275,,participant,1,2020-12-01,2020,0.0,Male,Black,1991.0,21.0,4.0,0.0,4.0,26920.91023302004,1.0,0.0,2022-06-01,-1,2019,2019-01-01,2020-01-01,0,0,0.0,0.0,1,1,0.0,0.0,1,0
P_1275,1275,,participant,1,2020-12-01,2020,0.0,Male,Black,1991.0,21.0,4.0,0.0,4.0,26920.91023302004,1.0,0.0,2022-06-01,0,2020,2020-01-01,2021-01-01,1,1,0.0,0.0,1,1,0.0,0.0,1,0
P_1275,1275,,participant,1,2020-12-01,2020,0.0,Male,Black,1991.0,21.0,4.0,0.0,4.0,26920.91023302004,1.0,0.0,2022-06-01,1,2021,2021-01-01,2022-01-01,1,1,1569.6390475579228,1.0,1,1,0.0,0.0,1,0
P_1277,1277,,participant,1,2020-12-01,2020,0.0,Male,Black,2000.0,20.0,0.0,0.0,0.0,0.0,0.0,0.0,2022-06-01,-2,2018,2018-01-01,2019-01-01,0,0,0.0,0.0,0,0,0.0,0.0,0,0
P_1277,1277,,participant,1,2020-12-01,2020,0.0,Male,Black,2000.0,20.0,0.0,0.0,0.0,0.0,0.0,0.0,2022-06-01,-1,2019,2019-01-01,2020-01-01,0,0,0.0,0.0,0,0,0.0,0.0,0,0
P_1277,1277,,participant,1,2020-12-01,2020,0.0,Male,Black,2000.0,20.0,0.0,0.0,0.0,0.0,0.0,0.0,2022-06-01,0,2020,2020-01-01,2021-01-01,1,1,3209.7611277901055,1.0,0,0,0.0,0.0,0,0
P_1277,1277,,participant,1,2020-12-01,2020,0.0,Male,Black,2000.0,20.0,0.0,0.0,0.0,0.0,0.0,0.0,2022-06-01,1,2021,2021-01-01,2022-01-01,1,1,5580.538413397911,1.0,0,0,0.0,0.0,0,0
P_1279,1279,,participant,1,2020-11-16,2020,0.0,Female,White,1986.0,32.0,1.0,0.0,1.0,0.0,0.0,0.0,2022-05-17,-2,2018,2018-01-01,2019-01-01,0,0,0.0,0.0,0,0,0.0,0.0,1,0
P_1279,1279,,participant,1,2020-11-16,2020,0.0,Female,White,1986.0,32.0,1.0,0.0,1.0,0.0,0.0,0.0,2022-05-17,-1,2019,2019-01-01,2020-01-01,0,0,0.0,0.0,0,0,0.0,0.0,1,0
P_1279,1279,,participant,1,2020-11-16,2020,0.0,Female,White,1986.0,32.0,1.0,0.0,1.0,0.0,0.0,0.0,2022-05-17,0,2020,2020-01-01,2021-01-01,1,1,0.0,0.0,0,0,0.0,0.0,1,0
P_1279,1279,,participant,1,2020-11-16,2020,0.0,Female,White,1986.0,32.0,1.0,0.0,1.0,0.0,0.0,0.0,2022-05-17,1,2021,2021-01-01,2022-01-01,1,1,872.8938601588223,1.0,0,0,0.0,0.0,1,0
P_1280,1280,,participant,1,2020-11-16,2020,0.0,Male,White,1954.0,46.0,1.0,0.0,1.0,0.0,0.0,0.0,2022-05-17,-2,2018,2018-01-01,2019-01-01,0,0,0.0,0.0,0,0,0.0,0.0,1,0
P_1280,1280,,participant,1,2020-11-16,2020,0.0,Male,White,1954.0,46.0,1.0,0.0,1.0,0.0,0.0,0.0,2022-05-17,-1,2019,2019-01-01,2020-01-01,0,0,0.0,0.0,0,0,0.0,0.0,1,0
P_1280,1280,,participant,1,2020-11-16,2020,0.0,Male,White,1954.0,46.0,1.0,0.0,1.0,0.0,0.0,0.0,2022-05-17,0,2020,2020-01-01,2021-01-01,1,1,0.0,0.0,0,0,0.0,0.0,1,0
P_1280,1280,,participant,1,2020-11-16,2020,0.0,Male,White,1954.0,46.0,1.0,0.0,1.0,0.0,0.0,0.0,2022-05-17,1,2021,2021-01-01,2022-01-01,1,1,9777.274675005034,1.0,0,0,0.0,0.0,1,0
P_1283,1283,,participant,1,2020-12-07,2020,0.0,Male,Black,1999.0,21.0,0.0,0.0,1.0,7411.01612017495,1.0,0.0,2022-06-07,-2,2018,2018-01-01,2019-01-01,0,0,0.0,0.0,0,0,0.0,0.0,1,0
P_1283,1283,,participant,1,2020-12-07,2020,0.0,Male,Black,1999.0,21.0,0.0,0.0,1.0,7411.01612017495,1.0,0.0,2022-06-07,-1,2019,2019-01-01,2020-01-01,0,0,0.0,0.0,0,0,0.0,0.0,1,0
P_1283,1283,,participant,1,2020-12-07,2020,0.0,Male,Black,1999.0,21.0,0.0,0.0,1.0,7411.01612017495,1.0,0.0,2022-06-07,0,2020,2020-01-01,2021-01-01,1,1,0.0,0.0,0,0,0.0,0.0,1,0
P_1283,1283,,participant,1,2020-12-07,2020,0.0,Male,Black,1999.0,21.0,0.0,0.0,1.0,7411.01612017495,1.0,0.0,2022-06-07,1,2021,2021-01-01,2022-01-01,1,1,13894.547225345288,1.0,0,0,0.0,0.0,1,0
P_1284,1284,,participant,1,2020-12-01,2020,0.0,Male,Black,1998.0,20.0,2.0,1.0,2.0,2510.4763922431666,1.0,0.0,2022-06-01,-2,2018,2018-01-01,2019-01-01,0,0,0.0,0.0,0,0,0.0,0.0,1,0
P_1284,1284,,participant,1,2020-12-01,2020,0.0,Male,Black,1998.0,20.0,2.0,1.0,2.0,2510.4763922431666,1.0,0.0,2022-06-01,-1,2019,2019-01-01,2020-01-01,0,0,0.0,0.0,0,0,0.0,0.0,1,0
P_1284,1284,,participant,1,2020-12-01,2020,0.0,Male,Black,1998.0,20.0,2.0,1.0,2.0,2510.4763922431666,1.0,0.0,2022-06-01,0,2020,2020-01-01,2021-01-01,1,1,2267.982378279598,1.0,0,0,0.0,0.0,1,0
P_1284,1284,,participant,1,2020-12-01,2020,0.0,Male,Black,1998.0,20.0,2.0,1.0,2.0,2510.4763922431666,1.0,0.0,2022-06-01,1,2021,2021-01-01,2022-01-01,1,1,7074.405479649783,1.0,0,0,0.0,0.0,1,0
P_1298,1298,,participant,1,2021-02-16,2021,0.0,Male,Black,1991.0,21.0,4.0,0.0,4.0,17352.770012587218,1.0,0.0,2022-08-17,-2,2019,2019-01-01,2020-01-01,0,0,0.0,0.0,1,1,0.0,0.0,1,0
P_1298,1298,,participant,1,2021-02-16,2021,0.0,Male,Black,1991.0,21.0,4.0,0.0,4.0,17352.770012587218,1.0,0.0,2022-08-17,-1,2020,2020-01-01,2021-01-01,0,0,0.0,0.0,1,1,0.0,0.0,1,0
P_1298,1298,,participant,1,2021-02-16,2021,0.0,Male,Black,1991.0,21.0,4.0,0.0,4.0,17352.770012587218,1.0,0.0,2022-08-17,0,2021,2021-01-01,2022-01-01,1,1,2060.3263904983273,1.0,1,1,0.0,0.0,1,0
P_1298,1298,,participant,1,2021-02-16,2021,0.0,Male,Black,1991.0,21.0,4.0,0.0,4.0,17352.770012587218,1.0,0.0,2022-08-17,1,2022,2022-01-01,2023-01-01,1,1,0.0,0.0,1,1,0.0,0.0,1,0
P_1299,1299,,participant,1,2021-01-25,2021,0.0,Male,Black,1987.0,20.0,31.0,1.0,31.0,2345.5308319129563,0.0,0.0,2022-07-26,-2,2019,2019-01-01,2020-01-01,0,0,0.0,0.0,0,0,0.0,0.0,1,0
P_1299,1299,,participant,1,2021-01-25,2021,0.0,Male,Black,1987.0,20.0,31.0,1.0,31.0,2345.5308319129563,0.0,0.0,2022-07-26,-1,2020,2020-01-01,2021-01-01,0,0,0.0,0.0,0,0,0.0,0.0,1,0
P_1299,1299,,participant,1,2021-01-25,2021,0.0,Male,Black,1987.0,20.0,31.0,1.0,31.0,2345.5308319129563,0.0,0.0,2022-07-26,0,2021,2021-01-01,2022-01-01,1,1,0.0,0.0,0,0,0.0,0.0,1,0
P_1299,1299,,participant,1,2021-01-25,2021,0.0,Male,Black,1987.0,20.0,31.0,1.0,31.0,2345.5308319129563,0.0,0.0,2022-07-26,1,2022,2022-01-01,2023-01-01,1,1,0.0,0.0,0,0,0.0,0.0,1,0
P_1303,1303,,participant,1,2021-01-26,2021,0.0,Male,Black,1989.0,21.0,1.0,0.0,1.0,5158.266408602228,1.0,0.0,2022-07-27,-2,2019,2019-01-01,2020-01-01,0,0,0.0,0.0,0,0,0.0,0.0,1,0
P_1303,1303,,participant,1,2021-01-26,2021,0.0,Male,Black,1989.0,21.0,1.0,0.0,1.0,5158.266408602228,1.0,0.0,2022-07-27,-1,2020,2020-01-01,2021-01-01,0,0,0.0,0.0,0,0,0.0,0.0,1,0
P_1303,1303,,participant,1,2021-01-26,2021,0.0,Male,Black,1989.0,21.0,1.0,0.0,1.0,5158.266408602228,1.0,0.0,2022-07-27,0,2021,2021-01-01,2022-01-01,1,1,20516.912774884135,1.0,0,0,0.0,0.0,1,0
P_1303,1303,,participant,1,2021-01-26,2021,0.0,Male,Black,1989.0,21.0,1.0,0.0,1.0,5158.266408602228,1.0,0.0,2022-07-27,1,2022,2022-01-01,2023-01-01,1,1,1741.3637985596852,1.0,0,0,0.0,0.0,1,0
P_1304,1304,,participant,1,2021-01-25,2021,0.0,Male,Black,2000.0,20.0,0.0,0.0,3.0,0.0,0.0,0.0,2022-07-26,-2,2019,2019-01-01,2020-01-01,0,0,0.0,0.0,0,0,0.0,0.0,1,0
P_1304,1304,,participant,1,2021-01-25,2021,0.0,Male,Black,2000.0,20.0,0.0,0.0,3.0,0.0,0.0,0.0,2022-07-26,-1,2020,2020-01-01,2021-01-01,0,0,0.0,0.0,0,0,0.0,0.0,1,0
P_1304,1304,,participant,1,2021-01-25,2021,0.0,Male,Black,2000.0,20.0,0.0,0.0,3.0,0.0,0.0,0.0,2022-07-26,0,2021,2021-01-01,2022-01-01,1,1,3789.6073151042756,1.0,0,0,0.0,0.0,1,0
P_1304,1304,,participant,1,2021-01-25,2021,0.0,Male,Black,2000.0,20.0,0.0,0.0,3.0,0.0,0.0,0.0,2022-07-26,1,2022,2022-01-01,2023-01-01,1,1,9702.667427128928,1.0,0,0,0.0,0.0,1,0
P_1305,1305,,participant,1,2021-02-08,2021,0.0,Male,Black,1989.0,21.0,1.0,0.0,1.0,5158.266408602228,1.0,0.0,2022-08-09,-2,2019,2019-01-01,2020-01-01,0,0,0.0,0.0,1,1,0.0,0.0,1,0
P_1305,1305,,participant,1,2021-02-08,2021,0.0,Male,Black,1989.0,21.0,1.0,0.0,1.0,5158.266408602228,1.0,0.0,2022-08-09,-1,2020,2020-01-01,2021-01-01,0,0,0.0,0.0,1,1,0.0,0.0,1,0
P_1305,1305,,participant,1,2021-02-08,2021,0.0,Male,Black,1989.0,21.0,1.0,0.0,1.0,5158.266408602228,1.0,0.0,2022-08-09,0,2021,2021-01-01,2022-01-01,1,1,11463.687678027709,1.0,1,1,0.0,0.0,1,0
P_1305,1305,,participant,1,2021-02-08,2021,0.0,Male,Black,1989.0,21.0,1.0,0.0,1.0,5158.266408602228,1.0,0.0,2022-08-09,1,2022,2022-01-01,2023-01-01,1,1,15813.463550795412,1.0,1,1,0.0,0.0,1,0
P_1315,1315,,participant,1,2021-02-22,2021,0.0,Male,Black,1992.0,23.0,1.0,0.0,1.0,30411.480301582968,1.0,0.0,2022-08-23,-2,2019,2019-01-01,2020-01-01,0,0,0.0,0.0,1,1,0.0,0.0,1,0
P_1315,1315,,participant,1,2021-02-22,2021,0.0,Male,Black,1992.0,23.0,1.0,0.0,1.0,30411.480301582968,1.0,0.0,2022-08-23,-1,2020,2020-01-01,2021-01-01,0,0,0.0,0.0,1,1,0.0,0.0,1,0
P_1315,1315,,participant,1,2021-02-22,2021,0.0,Male,Black,1992.0,23.0,1.0,0.0,1.0,30411.480301582968,1.0,0.0,2022-08-23,0,2021,2021-01-01,2022-01-01,1,1,21471.661375647604,1.0,1,1,0.0,0.0,1,0
P_1315,1315,,participant,1,2021-02-22,2021,0.0,Male,Black,1992.0,23.0,1.0,0.0,1.0,30411.480301582968,1.0,0.0,2022-08-23,1,2022,2022-01-01,2023-01-01,1,1,12914.949125919095,1.0,1,1,0.0,0.0,1,0
P_1317,1317,,participant,1,2021-03-01,2021,0.0,Male,Black,1993.0,26.0,1.0,0.0,1.0,0.0,0.0,0.0,2022-08-30,-2,2019,2019-01-01,2020-01-01,0,0,0.0,0.0,1,1,0.0,0.0,1,0
P_1317,1317,,participant,1,2021-03-01,2021,0.0,Male,Black,1993.0,26.0,1.0,0.0,1.0,0.0,0.0,0.0,2022-08-30,-1,2020,2020-01-01,2021-01-01,0,0,0.0,0.0,1,1,0.0,0.0,1,0
P_1317,1317,,participant,1,2021-03-01,2021,0.0,Male,Black,1993.0,26.0,1.0,0.0,1.0,0.0,0.0,0.0,2022-08-30,0,2021,2021-01-01,2022-01-01,1,1,4932.4665384540585,1.0,1,1,0.0,0.0,1,0
P_1317,1317,,participant,1,2021-03-01,2021,0.0,Male,Black,1993.0,26.0,1.0,0.0,1.0,0.0,0.0,0.0,2022-08-30,1,2022,2022-01-01,2023-01-01,1,1,3632.4932014984593,1.0,1,1,0.0,0.0,1,0
P_1318,1318,,participant,1,2021-03-01,2021,0.0,Male,Black,1994.0,25.0,1.0,0.0,2.0,0.0,0.0,0.0,2022-08-30,-2,2019,2019-01-01,2020-01-01,0,0,0.0,0.0,1,1,0.0,0.0,1,0
P_1318,1318,,participant,1,2021-03-01,2021,0.0,Male,Black,1994.0,25.0,1.0,0.0,2.0,0.0,0.0,0.0,2022-08-30,-1,2020,2020-01-01,2021-01-01,0,0,0.0,0.0,1,1,0.0,0.0,1,0
P_1318,1318,,participant,1,2021-03-01,2021,0.0,Male,Black,1994.0,25.0,1.0,0.0,2.0,0.0,0.0,0.0,2022-08-30,0,2021,2021-01-01,2022-01-01,1,1,28898.573740618973,1.0,1,1,0.0,0.0,1,0
P_1318,1318,,participant,1,2021-03-01,2021,0.0,Male,Black,1994.0,25.0,1.0,0.0,2.0,0.0,0.0,0.0,2022-08-30,1,2022,2022-01-01,2023-01-01,1,1,19158.711333864892,1.0,1,1,0.0,0.0,1,0
P_1319,1319,,participant,1,2021-03-01,2021,0.0,Male,Black,2000.0,20.0,0.0,0.0,3.0,0.0,0.0,0.0,2022-08-30,-2,2019,2019-01-01,2020-01-01,0,0,0.0,0.0,0,0,0.0,0.0,1,0
P_1319,1319,,participant,1,2021-03-01,2021,0.0,Male,Black,2000.0,20.0,0.0,0.0,3.0,0.0,0.0,0.0,2022-08-30,-1,2020,2020-01-01,2021-01-01,0,0,0.0,0.0,0,0,0.0,0.0,1,0
P_1319,1319,,participant,1,2021-03-01,2021,0.0,Male,Black,2000.0,20.0,0.0,0.0,3.0,0.0,0.0,0.0,2022-08-30,0,2021,2021-01-01,2022-01-01,1,1,87823.8939056691,1.0,0,0,0.0,0.0,1,0
P_1319,1319,,participant,1,2021-03-01,2021,0.0,Male,Black,2000.0,20.0,0.0,0.0,3.0,0.0,0.0,0.0,2022-08-30,1,2022,2022-01-01,2023-01-01,1,1,55130.766207808,1.0,0,0,0.0,0.0,1,0
P_1325,1325,,participant,1,2021-03-08,2021,0.0,Male,Black,2000.0,20.0,0.0,0.0,3.0,0.0,0.0,0.0,2022-09-06,-2,2019,2019-01-01,2020-01-01,0,0,0.0,0.0,0,0,0.0,0.0,1,0
P_1325,1325,,participant,1,2021-03-08,2021,0.0,Male,Black,2000.0,20.0,0.0,0.0,3.0,0.0,0.0,0.0,2022-09-06,-1,2020,2020-01-01,2021-01-01,0,0,0.0,0.0,0,0,0.0,0.0,1,0
P_1325,1325,,participant,1,2021-03-08,2021,0.0,Male,Black,2000.0,20.0,0.0,0.0,3.0,0.0,0.0,0.0,2022-09-06,0,2021,2021-01-01,2022-01-01,1,1,6487.1614645901545,1.0,0,0,0.0,0.0,1,0
P_1325,1325,,participant,1,2021-03-08,2021,0.0,Male,Black,2000.0,20.0,0.0,0.0,3.0,0.0,0.0,0.0,2022-09-06,1,2022,2022-01-01,2023-01-01,1,1,7565.425812459481,1.0,0,0,0.0,0.0,1,0
P_1326,1326,,participant,1,2021-03-15,2021,0.0,Male,Black,2001.0,18.0,0.0,0.0,3.0,1901.9856964146622,1.0,0.0,2022-09-13,-2,2019,2019-01-01,2020-01-01,0,0,0.0,0.0,0,0,0.0,0.0,1,0
P_1326,1326,,participant,1,2021-03-15,2021,0.0,Male,Black,2001.0,18.0,0.0,0.0,3.0,1901.9856964146622,1.0,0.0,2022-09-13,-1,2020,2020-01-01,2021-01-01,0,0,0.0,0.0,0,0,0.0,0.0,1,0
P_1326,1326,,participant,1,2021-03-15,2021,0.0,Male,Black,2001.0,18.0,0.0,0.0,3.0,1901.9856964146622,1.0,0.0,2022-09-13,0,2021,2021-01-01,2022-01-01,1,1,2450.6907258945344,1.0,0,0,0.0,0.0,1,0
P_1326,1326,,participant,1,2021-03-15,2021,0.0,Male,Black,2001.0,18.0,0.0,0.0,3.0,1901.9856964146622,1.0,0.0,2022-09-13,1,2022,2022-01-01,2023-01-01,1,1,1745.9223036896876,1.0,0,0,0.0,0.0,1,0
P_1331,1331,,participant,1,2021-03-22,2021,0.0,Female,Black,1995.0,22.0,1.0,0.0,1.0,0.0,1.0,0.0,2022-09-20,-2,2019,2019-01-01,2020-01-01,0,0,0.0,0.0,0,0,0.0,0.0,1,0
P_1331,1331,,participant,1,2021-03-22,2021,0.0,Female,Black,1995.0,22.0,1.0,0.0,1.0,0.0,1.0,0.0,2022-09-20,-1,2020,2020-01-01,2021-01-01,0,0,0.0,0.0,0,0,0.0,0.0,1,0
P_1331,1331,,participant,1,2021-03-22,2021,0.0,Female,Black,1995.0,22.0,1.0,0.0,1.0,0.0,1.0,0.0,2022-09-20,0,2021,2021-01-01,2022-01-01,1,1,11967.06792660553,1.0,0,0,0.0,0.0,1,0
P_1331,1331,,participant,1,2021-03-22,2021,0.0,Female,Black,1995.0,22.0,1.0,0.0,1.0,0.0,1.0,0.0,2022-09-20,1,2022,2022-01-01,2023-01-01,1,1,15411.984113173052,1.0,0,0,0.0,0.0,1,0
P_1335,1335,,participant,1,2021-04-05,2021,0.0,Male,Black,1983.0,21.0,5.0,0.0,5.0,0.0,0.0,0.0,2022-10-04,-2,2019,2019-01-01,2020-01-01,0,0,0.0,0.0,1,1,0.0,0.0,1,0
P_1335,1335,,participant,1,2021-04-05,2021,0.0,Male,Black,1983.0,21.0,5.0,0.0,5.0,0.0,0.0,0.0,2022-10-04,-1,2020,2020-01-01,2021-01-01,0,0,0.0,0.0,1,1,0.0,0.0,1,0
P_1335,1335,,participant,1,2021-04-05,2021,0.0,Male,Black,1983.0,21.0,5.0,0.0,5.0,0.0,0.0,0.0,2022-10-04,0,2021,2021-01-01,2022-01-01,1,1,4412.569712196977,1.0,1,1,0.0,0.0,1,0
P_1335,1335,,participant,1,2021-04-05,2021,0.0,Male,Black,1983.0,21.0,5.0,0.0,5.0,0.0,0.0,0.0,2022-10-04,1,2022,2022-01-01,2023-01-01,1,1,0.0,0.0,1,1,0.0,0.0,1,0
P_1339,1339,,participant,1,2021-04-12,2021,0.0,Male,Black,2003.0,18.0,0.0,0.0,0.0,0.0,0.0,0.0,2022-10-11,-2,2019,2019-01-01,2020-01-01,0,0,0.0,0.0,0,0,0.0,0.0,0,0
P_1339,1339,,participant,1,2021-04-12,2021,0.0,Male,Black,2003.0,18.0,0.0,0.0,0.0,0.0,0.0,0.0,2022-10-11,-1,2020,2020-01-01,2021-01-01,0,0,0.0,0.0,0,0,0.0,0.0,0,0
P_1339,1339,,participant,1,2021-04-12,2021,0.0,Male,Black,2003.0,18.0,0.0,0.0,0.0,0.0,0.0,0.0,2022-10-11,0,2021,2021-01-01,2022-01-01,1,1,12993.633969589038,1.0,0,0,0.0,0.0,0,0
P_1339,1339,,participant,1,2021-04-12,2021,0.0,Male,Black,2003.0,18.0,0.0,0.0,0.0,0.0,0.0,0.0,2022-10-11,1,2022,2022-01-01,2023-01-01,1,1,21572.424201640264,1.0,0,0,0.0,0.0,0,0
P_1340,1340,,participant,1,2021-04-26,2021,0.0,Male,Black,1997.0,19.0,4.0,1.0,4.0,13335.140398328913,1.0,0.0,2022-10-25,-2,2019,2019-01-01,2020-01-01,0,0,0.0,0.0,0,0,0.0,0.0,1,0
P_1340,1340,,participant,1,2021-04-26,2021,0.0,Male,Black,1997.0,19.0,4.0,1.0,4.0,13335.140398328913,1.0,0.0,2022-10-25,-1,2020,2020-01-01,2021-01-01,0,0,0.0,0.0,0,0,0.0,0.0,1,0
P_1340,1340,,participant,1,2021-04-26,2021,0.0,Male,Black,1997.0,19.0,4.0,1.0,4.0,13335.140398328913,1.0,0.0,2022-10-25,0,2021,2021-01-01,2022-01-01,1,1,955.4022798866825,1.0,0,0,0.0,0.0,1,0
P_1340,1340,,participant,1,2021-04-26,2021,0.0,Male,Black,1997.0,19.0,4.0,1.0,4.0,13335.140398328913,1.0,0.0,2022-10-25,1,2022,2022-01-01,2023-01-01,1,1,4428.732277797274,1.0,0,0,0.0,0.0,1,0
P_1343,1343,,participant,1,2021-04-19,2021,0.0,Male,Black,1981.0,39.0,0.0,0.0,1.0,0.0,1.0,0.0,2022-10-18,-2,2019,2019-01-01,2020-01-01,0,0,0.0,0.0,1,1,0.0,0.0,1,0
P_1343,1343,,participant,1,2021-04-19,2021,0.0,Male,Black,1981.0,39.0,0.0,0.0,1.0,0.0,1.0,0.0,2022-10-18,-1,2020,2020-01-01,2021-01-01,0,0,0.0,0.0,1,1,0.0,0.0,1,0
P_1343,1343,,participant,1,2021-04-19,2021,0.0,Male,Black,1981.0,39.0,0.0,0.0,1.0,0.0,1.0,0.0,2022-10-18,0,2021,2021-01-01,2022-01-01,1,1,5468.260558157533,1.0,1,1,0.0,0.0,1,0
P_1343,1343,,participant,1,2021-04-19,2021,0.0,Male,Black,1981.0,39.0,0.0,0.0,1.0,0.0,1.0,0.0,2022-10-18,1,2022,2022-01-01,2023-01-01,1,1,0.0,0.0,1,1,0.0,0.0,1,0
P_1344,1344,,participant,1,2021-04-19,2021,0.0,Male,Black,2002.0,19.0,0.0,0.0,0.0,0.0,0.0,0.0,2022-10-18,-2,2019,2019-01-01,2020-01-01,0,0,0.0,0.0,0,0,0.0,0.0,0,0
P_1344,1344,,participant,1,2021-04-19,2021,0.0,Male,Black,2002.0,19.0,0.0,0.0,0.0,0.0,0.0,0.0,2022-10-18,-1,2020,2020-01-01,2021-01-01,0,0,0.0,0.0,0,0,0.0,0.0,0,0
P_1344,1344,,participant,1,2021-04-19,2021,0.0,Male,Black,2002.0,19.0,0.0,0.0,0.0,0.0,0.0,0.0,2022-10-18,0,2021,2021-01-01,2022-01-01,1,1,0.0,0.0,0,0,0.0,0.0,0,0
P_1344,1344,,participant,1,2021-04-19,2021,0.0,Male,Black,2002.0,19.0,0.0,0.0,0.0,0.0,0.0,0.0,2022-10-18,1,2022,2022-01-01,2023-01-01,1,1,7234.349079176945,1.0,0,0,0.0,0.0,0,0
P_1346,1346,,participant,1,2021-04-26,2021,0.0,Male,Black,2003.0,18.0,0.0,0.0,0.0,0.0,0.0,0.0,2022-10-25,-2,2019,2019-01-01,2020-01-01,0,0,0.0,0.0,0,0,0.0,0.0,0,0
P_1346,1346,,participant,1,2021-04-26,2021,0.0,Male,Black,2003.0,18.0,0.0,0.0,0.0,0.0,0.0,0.0,2022-10-25,-1,2020,2020-01-01,2021-01-01,0,0,0.0,0.0,0,0,0.0,0.0,0,0
P_1346,1346,,participant,1,2021-04-26,2021,0.0,Male,Black,2003.0,18.0,0.0,0.0,0.0,0.0,0.0,0.0,2022-10-25,0,2021,2021-01-01,2022-01-01,1,1,0.0,0.0,0,0,0.0,0.0,0,0
P_1346,1346,,participant,1,2021-04-26,2021,0.0,Male,Black,2003.0,18.0,0.0,0.0,0.0,0.0,0.0,0.0,2022-10-25,1,2022,2022-01-01,2023-01-01,1,1,12417.738049111262,1.0,0,0,0.0,0.0,0,0
P_1352,1352,,participant,1,2021-04-26,2021,0.0,Male,Black,1998.0,20.0,2.0,1.0,2.0,1827.955074288592,0.0,0.0,2022-10-25,-2,2019,2019-01-01,2020-01-01,0,0,0.0,0.0,1,1,0.0,0.0,1,0
P_1352,1352,,participant,1,2021-04-26,2021,0.0,Male,Black,1998.0,20.0,2.0,1.0,2.0,1827.955074288592,0.0,0.0,2022-10-25,-1,2020,2020-01-01,2021-01-01,0,0,0.0,0.0,1,1,0.0,0.0,1,0
P_1352,1352,,participant,1,2021-04-26,2021,0.0,Male,Black,1998.0,20.0,2.0,1.0,2.0,1827.955074288592,0.0,0.0,2022-10-25,0,2021,2021-01-01,2022-01-01,1,1,0.0,0.0,1,1,0.0,0.0,1,0
P_1352,1352,,participant,1,2021-04-26,2021,0.0,Male,Black,1998.0,20.0,2.0,1.0,2.0,1827.955074288592,0.0,0.0,2022-10-25,1,2022,2022-01-01,2023-01-01,1,1,0.0,0.0,1,1,1.0,1.0,1,1
P_1353,1353,,participant,1,2021-04-26,2021,0.0,Male,Black,1995.0,32.0,1.0,0.0,1.0,0.0,1.0,0.0,2022-10-25,-2,2019,2019-01-01,2020-01-01,0,0,0.0,0.0,0,0,0.0,0.0,1,0
P_1353,1353,,participant,1,2021-04-26,2021,0.0,Male,Black,1995.0,32.0,1.0,0.0,1.0,0.0,1.0,0.0,2022-10-25,-1,2020,2020-01-01,2021-01-01,0,0,0.0,0.0,0,0,0.0,0.0,1,0
P_1353,1353,,participant,1,2021-04-26,2021,0.0,Male,Black,1995.0,32.0,1.0,0.0,1.0,0.0,1.0,0.0,2022-10-25,0,2021,2021-01-01,2022-01-01,1,1,5039.84320820098,1.0,0,0,0.0,0.0,1,0
P_1353,1353,,participant,1,2021-04-26,2021,0.0,Male,Black,1995.0,32.0,1.0,0.0,1.0,0.0,1.0,0.0,2022-10-25,1,2022,2022-01-01,2023-01-01,1,1,0.0,0.0,0,0,0.0,0.0,1,0
P_1354,1354,,participant,1,2021-05-03,2021,0.0,Male,Black,1993.0,26.0,1.0,0.0,1.0,0.0,0.0,0.0,2022-11-01,-2,2019,2019-01-01,2020-01-01,0,0,0.0,0.0,0,0,0.0,0.0,1,0
P_1354,1354,,participant,1,2021-05-03,2021,0.0,Male,Black,1993.0,26.0,1.0,0.0,1.0,0.0,0.0,0.0,2022-11-01,-1,2020,2020-01-01,2021-01-01,0,0,0.0,0.0,0,0,0.0,0.0,1,0
P_1354,1354,,participant,1,2021-05-03,2021,0.0,Male,Black,1993.0,26.0,1.0,0.0,1.0,0.0,0.0,0.0,2022-11-01,0,2021,2021-01-01,2022-01-01,1,1,19216.013257555005,1.0,0,0,0.0,0.0,1,0
P_1354,1354,,participant,1,2021-05-03,2021,0.0,Male,Black,1993.0,26.0,1.0,0.0,1.0,0.0,0.0,0.0,2022-11-01,1,2022,2022-01-01,2023-01-01,1,1,20812.514331212995,1.0,0,0,0.0,0.0,1,0
P_1357,1357,,participant,1,2021-05-10,2021,0.0,Male,Black,1989.0,21.0,1.0,0.0,1.0,9966.69218780917,1.0,0.0,2022-11-08,-2,2019,2019-01-01,2020-01-01,0,0,0.0,0.0,1,1,0.0,0.0,1,0
P_1357,1357,,participant,1,2021-05-10,2021,0.0,Male,Black,1989.0,21.0,1.0,0.0,1.0,9966.69218780917,1.0,0.0,2022-11-08,-1,2020,2020-01-01,2021-01-01,0,0,0.0,0.0,1,1,0.0,0.0,1,0
P_1357,1357,,participant,1,2021-05-10,2021,0.0,Male,Black,1989.0,21.0,1.0,0.0,1.0,9966.69218780917,1.0,0.0,2022-11-08,0,2021,2021-01-01,2022-01-01,1,1,4588.962694151479,1.0,1,1,1.0,1.0,1,1
P_1357,1357,,participant,1,2021-05-10,2021,0.0,Male,Black,1989.0,21.0,1.0,0.0,1.0,9966.69218780917,1.0,0.0,2022-11-08,1,2022,2022-01-01,2023-01-01,1,1,0.0,0.0,1,1,0.0,0.0,1,0
P_1360,1360,,participant,1,2021-05-10,2021,0.0,Male,Black,1996.0,18.0,5.0,1.0,5.0,0.0,1.0,0.0,2022-11-08,-2,2019,2019-01-01,2020-01-01,0,0,0.0,0.0,0,0,0.0,0.0,1,0
P_1360,1360,,participant,1,2021-05-10,2021,0.0,Male,Black,1996.0,18.0,5.0,1.0,5.0,0.0,1.0,0.0,2022-11-08,-1,2020,2020-01-01,2021-01-01,0,0,0.0,0.0,0,0,0.0,0.0,1,0
P_1360,1360,,participant,1,2021-05-10,2021,0.0,Male,Black,1996.0,18.0,5.0,1.0,5.0,0.0,1.0,0.0,2022-11-08,0,2021,2021-01-01,2022-01-01,1,1,3905.3573503776875,1.0,0,0,0.0,0.0,1,0
P_1360,1360,,participant,1,2021-05-10,2021,0.0,Male,Black,1996.0,18.0,5.0,1.0,5.0,0.0,1.0,0.0,2022-11-08,1,2022,2022-01-01,2023-01-01,1,1,3766.9821890213143,1.0,0,0,0.0,0.0,1,0
P_1361,1361,,participant,1,2021-05-10,2021,0.0,Male,White,2001.0,19.0,0.0,0.0,2.0,0.0,0.0,0.0,2022-11-08,-2,2019,2019-01-01,2020-01-01,0,0,0.0,0.0,0,0,0.0,0.0,1,0
P_1361,1361,,participant,1,2021-05-10,2021,0.0,Male,White,2001.0,19.0,0.0,0.0,2.0,0.0,0.0,0.0,2022-11-08,-1,2020,2020-01-01,2021-01-01,0,0,0.0,0.0,0,0,0.0,0.0,1,0
P_1361,1361,,participant,1,2021-05-10,2021,0.0,Male,White,2001.0,19.0,0.0,0.0,2.0,0.0,0.0,0.0,2022-11-08,0,2021,2021-01-01,2022-01-01,1,1,14622.701594692098,1.0,0,0,0.0,0.0,1,0
P_1361,1361,,participant,1,2021-05-10,2021,0.0,Male,White,2001.0,19.0,0.0,0.0,2.0,0.0,0.0,0.0,2022-11-08,1,2022,2022-01-01,2023-01-01,1,1,18423.1441017768,1.0,0,0,0.0,0.0,1,0
P_1363,1363,,participant,1,2021-05-24,2021,0.0,Male,Black,1982.0,34.0,0.0,0.0,1.0,0.0,0.0,0.0,2022-11-22,-2,2019,2019-01-01,2020-01-01,0,0,0.0,0.0,0,0,0.0,0.0,1,0
P_1363,1363,,participant,1,2021-05-24,2021,0.0,Male,Black,1982.0,34.0,0.0,0.0,1.0,0.0,0.0,0.0,2022-11-22,-1,2020,2020-01-01,2021-01-01,0,0,0.0,0.0,0,0,0.0,0.0,1,0
P_1363,1363,,participant,1,2021-05-24,2021,0.0,Male,Black,1982.0,34.0,0.0,0.0,1.0,0.0,0.0,0.0,2022-11-22,0,2021,2021-01-01,2022-01-01,1,1,0.0,0.0,0,0,0.0,0.0,1,0
P_1363,1363,,participant,1,2021-05-24,2021,0.0,Male,Black,1982.0,34.0,0.0,0.0,1.0,0.0,0.0,0.0,2022-11-22,1,2022,2022-01-01,2023-01-01,1,1,3007.3443727666536,1.0,0,0,0.0,0.0,1,0
P_1365,1365,,participant,1,2021-05-17,2021,0.0,Female,Black,1980.0,22.0,7.0,1.0,7.0,41827.01909127364,1.0,0.0,2022-11-15,-2,2019,2019-01-01,2020-01-01,0,0,0.0,0.0,0,0,0.0,0.0,1,0
P_1365,1365,,participant,1,2021-05-17,2021,0.0,Female,Black,1980.0,22.0,7.0,1.0,7.0,41827.01909127364,1.0,0.0,2022-11-15,-1,2020,2020-01-01,2021-01-01,0,0,0.0,0.0,0,0,0.0,0.0,1,0
P_1365,1365,,participant,1,2021-05-17,2021,0.0,Female,Black,1980.0,22.0,7.0,1.0,7.0,41827.01909127364,1.0,0.0,2022-11-15,0,2021,2021-01-01,2022-01-01,1,1,0.0,0.0,0,0,0.0,0.0,1,0
P_1365,1365,,participant,1,2021-05-17,2021,0.0,Female,Black,1980.0,22.0,7.0,1.0,7.0,41827.01909127364,1.0,0.0,2022-11-15,1,2022,2022-01-01,2023-01-01,1,1,0.0,0.0,0,0,0.0,0.0,1,0
P_1367,1367,,participant,1,2021-06-08,2021,0.0,Male,Black,1994.0,25.0,2.0,0.0,2.0,0.0,0.0,0.0,2022-12-07,-2,2019,2019-01-01,2020-01-01,0,0,0.0,0.0,0,0,0.0,0.0,1,0
P_1367,1367,,participant,1,2021-06-08,2021,0.0,Male,Black,1994.0,25.0,2.0,0.0,2.0,0.0,0.0,0.0,2022-12-07,-1,2020,2020-01-01,2021-01-01,0,0,0.0,0.0,0,0,0.0,0.0,1,0
P_1367,1367,,participant,1,2021-06-08,2021,0.0,Male,Black,1994.0,25.0,2.0,0.0,2.0,0.0,0.0,0.0,2022-12-07,0,2021,2021-01-01,2022-01-01,1,1,0.0,0.0,0,0,0.0,0.0,1,0
P_1367,1367,,participant,1,2021-06-08,2021,0.0,Male,Black,1994.0,25.0,2.0,0.0,2.0,0.0,0.0,0.0,2022-12-07,1,2022,2022-01-01,2023-01-01,1,1,4579.230205027896,1.0,0,0,0.0,0.0,1,0
P_1368,1368,,participant,1,2021-06-07,2021,0.0,Female,Black,1996.0,22.0,1.0,0.0,4.0,15174.091398122568,1.0,0.0,2022-12-06,-2,2019,2019-01-01,2020-01-01,0,0,0.0,0.0,0,0,0.0,0.0,1,0
P_1368,1368,,participant,1,2021-06-07,2021,0.0,Female,Black,1996.0,22.0,1.0,0.0,4.0,15174.091398122568,1.0,0.0,2022-12-06,-1,2020,2020-01-01,2021-01-01,0,0,0.0,0.0,0,0,0.0,0.0,1,0
P_1368,1368,,participant,1,2021-06-07,2021,0.0,Female,Black,1996.0,22.0,1.0,0.0,4.0,15174.091398122568,1.0,0.0,2022-12-06,0,2021,2021-01-01,2022-01-01,1,1,6484.520433856284,1.0,0,0,0.0,0.0,1,0
P_1368,1368,,participant,1,2021-06-07,2021,0.0,Female,Black,1996.0,22.0,1.0,0.0,4.0,15174.091398122568,1.0,0.0,2022-12-06,1,2022,2022-01-01,2023-01-01,1,1,13687.166082218706,1.0,0,0,0.0,0.0,1,0
P_1370,1370,,participant,1,2021-06-02,2021,0.0,Male,Black,1994.0,25.0,2.0,0.0,2.0,0.0,0.0,0.0,2022-12-01,-2,2019,2019-01-01,2020-01-01,0,0,0.0,0.0,0,0,0.0,0.0,1,0
P_1370,1370,,participant,1,2021-06-02,2021,0.0,Male,Black,1994.0,25.0,2.0,0.0,2.0,0.0,0.0,0.0,2022-12-01,-1,2020,2020-01-01,2021-01-01,0,0,0.0,0.0,0,0,0.0,0.0,1,0
P_1370,1370,,participant,1,2021-06-02,2021,0.0,Male,Black,1994.0,25.0,2.0,0.0,2.0,0.0,0.0,0.0,2022-12-01,0,2021,2021-01-01,2022-01-01,1,1,683.3045633320254,1.0,0,0,0.0,0.0,1,0
P_1370,1370,,participant,1,2021-06-02,2021,0.0,Male,Black,1994.0,25.0,2.0,0.0,2.0,0.0,0.0,0.0,2022-12-01,1,2022,2022-01-01,2023-01-01,1,1,1304.4043937525887,1.0,0,0,0.0,0.0,1,0
P_1372,1372,,participant,1,2021-06-22,2021,0.0,Male,Black,1978.0,26.0,14.0,1.0,14.0,0.0,0.0,0.0,2022-12-21,-2,2019,2019-01-01,2020-01-01,0,0,0.0,0.0,0,0,0.0,0.0,1,0
P_1372,1372,,participant,1,2021-06-22,2021,0.0,Male,Black,1978.0,26.0,14.0,1.0,14.0,0.0,0.0,0.0,2022-12-21,-1,2020,2020-01-01,2021-01-01,0,0,0.0,0.0,0,0,0.0,0.0,1,0
P_1372,1372,,participant,1,2021-06-22,2021,0.0,Male,Black,1978.0,26.0,14.0,1.0,14.0,0.0,0.0,0.0,2022-12-21,0,2021,2021-01-01,2022-01-01,1,1,2186.3027309703657,1.0,0,0,0.0,0.0,1,0
P_1372,1372,,participant,1,2021-06-22,2021,0.0,Male,Black,1978.0,26.0,14.0,1.0,14.0,0.0,0.0,0.0,2022-12-21,1,2022,2022-01-01,2023-01-01,1,1,4204.330128049676,1.0,0,0,0.0,0.0,1,0
P_1382,1382,,participant,1,2021-06-22,2021,0.0,Male,Black,2002.0,19.0,0.0,0.0,0.0,0.0,0.0,0.0,2022-12-21,-2,2019,2019-01-01,2020-01-01,0,0,0.0,0.0,0,0,0.0,0.0,0,0
P_1382,1382,,participant,1,2021-06-22,2021,0.0,Male,Black,2002.0,19.0,0.0,0.0,0.0,0.0,0.0,0.0,2022-12-21,-1,2020,2020-01-01,2021-01-01,0,0,0.0,0.0,0,0,0.0,0.0,0,0
P_1382,1382,,participant,1,2021-06-22,2021,0.0,Male,Black,2002.0,19.0,0.0,0.0,0.0,0.0,0.0,0.0,2022-12-21,0,2021,2021-01-01,2022-01-01,1,1,13416.412940242137,1.0,0,0,0.0,0.0,0,0
P_1382,1382,,participant,1,2021-06-22,2021,0.0,Male,Black,2002.0,19.0,0.0,0.0,0.0,0.0,0.0,0.0,2022-12-21,1,2022,2022-01-01,2023-01-01,1,1,16318.78435807367,1.0,0,0,0.0,0.0,0,0
P_1383,1383,,participant,1,2021-07-06,2021,0.0,Male,Black,2001.0,18.0,0.0,0.0,3.0,0.0,1.0,0.0,2023-01-04,-2,2019,2019-01-01,2020-01-01,0,0,0.0,0.0,0,0,0.0,0.0,1,0
P_1383,1383,,participant,1,2021-07-06,2021,0.0,Male,Black,2001.0,18.0,0.0,0.0,3.0,0.0,1.0,0.0,2023-01-04,-1,2020,2020-01-01,2021-01-01,0,0,0.0,0.0,0,0,0.0,0.0,1,0
P_1383,1383,,participant,1,2021-07-06,2021,0.0,Male,Black,2001.0,18.0,0.0,0.0,3.0,0.0,1.0,0.0,2023-01-04,0,2021,2021-01-01,2022-01-01,1,1,14246.589418761221,1.0,0,0,0.0,0.0,1,0
P_1383,1383,,participant,1,2021-07-06,2021,0.0,Male,Black,2001.0,18.0,0.0,0.0,3.0,0.0,1.0,0.0,2023-01-04,1,2022,2022-01-01,2023-01-01,1,1,11759.340944130621,1.0,0,1,1.0,1.0,1,1
P_1385,1385,,participant,1,2021-07-21,2021,0.0,Male,Black,1993.0,26.0,1.0,0.0,1.0,0.0,0.0,0.0,2023-01-19,-2,2019,2019-01-01,2020-01-01,0,0,0.0,0.0,0,0,0.0,0.0,1,0
P_1385,1385,,participant,1,2021-07-21,2021,0.0,Male,Black,1993.0,26.0,1.0,0.0,1.0,0.0,0.0,0.0,2023-01-19,-1,2020,2020-01-01,2021-01-01,0,0,0.0,0.0,0,1,0.0,0.0,1,0
P_1385,1385,,participant,1,2021-07-21,2021,0.0,Male,Black,1993.0,26.0,1.0,0.0,1.0,0.0,0.0,0.0,2023-01-19,0,2021,2021-01-01,2022-01-01,1,1,6964.872647401043,1.0,1,1,0.0,0.0,1,0
P_1385,1385,,participant,1,2021-07-21,2021,0.0,Male,Black,1993.0,26.0,1.0,0.0,1.0,0.0,0.0,0.0,2023-01-19,1,2022,2022-01-01,2023-01-01,1,1,10390.88831397948,1.0,1,1,0.0,0.0,1,0
P_1388,1388,,participant,1,2021-07-19,2021,0.0,Male,Black,2003.0,18.0,0.0,0.0,0.0,0.0,0.0,0.0,2023-01-17,-2,2019,2019-01-01,2020-01-01,0,0,0.0,0.0,0,0,0.0,0.0,0,0
P_1388,1388,,participant,1,2021-07-19,2021,0.0,Male,Black,2003.0,18.0,0.0,0.0,0.0,0.0,0.0,0.0,2023-01-17,-1,2020,2020-01-01,2021-01-01,0,0,0.0,0.0,0,0,0.0,0.0,0,0
P_1388,1388,,participant,1,2021-07-19,2021,0.0,Male,Black,2003.0,18.0,0.0,0.0,0.0,0.0,0.0,0.0,2023-01-17,0,2021,2021-01-01,2022-01-01,1,1,0.0,0.0,0,0,0.0,0.0,0,0
P_1388,1388,,participant,1,2021-07-19,2021,0.0,Male,Black,2003.0,18.0,0.0,0.0,0.0,0.0,0.0,0.0,2023-01-17,1,2022,2022-01-01,2023-01-01,1,1,37920.66606675973,1.0,0,0,0.0,0.0,0,0
P_1390,1390,,participant,1,2021-07-12,2021,0.0,Male,Black,2000.0,20.0,3.0,1.0,3.0,0.0,0.0,0.0,2023-01-10,-2,2019,2019-01-01,2020-01-01,0,0,0.0,0.0,0,0,0.0,0.0,1,0
P_1390,1390,,participant,1,2021-07-12,2021,0.0,Male,Black,2000.0,20.0,3.0,1.0,3.0,0.0,0.0,0.0,2023-01-10,-1,2020,2020-01-01,2021-01-01,0,0,0.0,0.0,0,0,0.0,0.0,1,0
P_1390,1390,,participant,1,2021-07-12,2021,0.0,Male,Black,2000.0,20.0,3.0,1.0,3.0,0.0,0.0,0.0,2023-01-10,0,2021,2021-01-01,2022-01-01,1,1,5301.007256859361,1.0,0,0,0.0,0.0,1,0
P_1390,1390,,participant,1,2021-07-12,2021,0.0,Male,Black,2000.0,20.0,3.0,1.0,3.0,0.0,0.0,0.0,2023-01-10,1,2022,2022-01-01,2023-01-01,1,1,30959.161141423858,1.0,0,0,0.0,0.0,1,0
P_1392,1392,,participant,1,2021-07-12,2021,0.0,Male,Black,1997.0,19.0,4.0,1.0,4.0,7082.871673436957,1.0,0.0,2023-01-10,-2,2019,2019-01-01,2020-01-01,0,0,0.0,0.0,0,0,0.0,0.0,1,0
P_1392,1392,,participant,1,2021-07-12,2021,0.0,Male,Black,1997.0,19.0,4.0,1.0,4.0,7082.871673436957,1.0,0.0,2023-01-10,-1,2020,2020-01-01,2021-01-01,0,0,0.0,0.0,0,0,0.0,0.0,1,0
P_1392,1392,,participant,1,2021-07-12,2021,0.0,Male,Black,1997.0,19.0,4.0,1.0,4.0,7082.871673436957,1.0,0.0,2023-01-10,0,2021,2021-01-01,2022-01-01,1,1,0.0,0.0,0,0,0.0,0.0,1,0
P_1392,1392,,participant,1,2021-07-12,2021,0.0,Male,Black,1997.0,19.0,4.0,1.0,4.0,7082.871673436957,1.0,0.0,2023-01-10,1,2022,2022-01-01,2023-01-01,1,1,8644.057274073646,1.0,0,0,0.0,0.0,1,0
P_1396,1396,,participant,1,2021-07-19,2021,0.0,Male,Black,1997.0,19.0,4.0,1.0,4.0,7082.871673436957,1.0,0.0,2023-01-17,-2,2019,2019-01-01,2020-01-01,0,0,0.0,0.0,0,0,0.0,0.0,1,0
P_1396,1396,,participant,1,2021-07-19,2021,0.0,Male,Black,1997.0,19.0,4.0,1.0,4.0,7082.871673436957,1.0,0.0,2023-01-17,-1,2020,2020-01-01,2021-01-01,0,0,0.0,0.0,0,1,0.0,0.0,1,0
P_1396,1396,,participant,1,2021-07-19,2021,0.0,Male,Black,1997.0,19.0,4.0,1.0,4.0,7082.871673436957,1.0,0.0,2023-01-17,0,2021,2021-01-01,2022-01-01,1,1,8593.906936187883,1.0,1,1,0.0,0.0,1,0
P_1396,1396,,participant,1,2021-07-19,2021,0.0,Male,Black,1997.0,19.0,4.0,1.0,4.0,7082.871673436957,1.0,0.0,2023-01-17,1,2022,2022-01-01,2023-01-01,1,1,9805.407575358504,1.0,1,1,0.0,0.0,1,0
P_1397,1397,,participant,1,2021-07-19,2021,0.0,Male,Black,1977.0,44.0,0.0,0.0,0.0,0.0,0.0,0.0,2023-01-17,-2,2019,2019-01-01,2020-01-01,0,0,0.0,0.0,1,1,0.0,0.0,0,0
P_1397,1397,,participant,1,2021-07-19,2021,0.0,Male,Black,1977.0,44.0,0.0,0.0,0.0,0.0,0.0,0.0,2023-01-17,-1,2020,2020-01-01,2021-01-01,0,0,0.0,0.0,1,1,0.0,0.0,0,0
P_1397,1397,,participant,1,2021-07-19,2021,0.0,Male,Black,1977.0,44.0,0.0,0.0,0.0,0.0,0.0,0.0,2023-01-17,0,2021,2021-01-01,2022-01-01,1,1,3705.440247917877,1.0,1,1,0.0,0.0,0,0
P_1397,1397,,participant,1,2021-07-19,2021,0.0,Male,Black,1977.0,44.0,0.0,0.0,0.0,0.0,0.0,0.0,2023-01-17,1,2022,2022-01-01,2023-01-01,1,1,47343.91745509678,1.0,1,1,0.0,0.0,0,0
P_1404,1404,,participant,1,2021-08-02,2021,0.0,Male,Black,1993.0,26.0,1.0,0.0,1.0,0.0,0.0,0.0,2023-01-31,-2,2019,2019-01-01,2020-01-01,0,0,0.0,0.0,0,0,0.0,0.0,1,0
P_1404,1404,,participant,1,2021-08-02,2021,0.0,Male,Black,1993.0,26.0,1.0,0.0,1.0,0.0,0.0,0.0,2023-01-31,-1,2020,2020-01-01,2021-01-01,0,0,0.0,0.0,0,0,0.0,0.0,1,0
P_1404,1404,,participant,1,2021-08-02,2021,0.0,Male,Black,1993.0,26.0,1.0,0.0,1.0,0.0,0.0,0.0,2023-01-31,0,2021,2021-01-01,2022-01-01,1,1,13845.132922197692,1.0,0,0,0.0,0.0,1,0
P_1404,1404,,participant,1,2021-08-02,2021,0.0,Male,Black,1993.0,26.0,1.0,0.0,1.0,0.0,0.0,0.0,2023-01-31,1,2022,2022-01-01,2023-01-01,1,1,22322.066492750942,1.0,0,0,0.0,0.0,1,0
P_1409,1409,,participant,1,2021-08-30,2021,0.0,Male,White,2003.0,18.0,0.0,0.0,1.0,12665.715347901765,1.0,0.0,2023-02-28,-2,2019,2019-01-01,2020-01-01,0,0,0.0,0.0,0,0,0.0,0.0,1,0
P_1409,1409,,participant,1,2021-08-30,2021,0.0,Male,White,2003.0,18.0,0.0,0.0,1.0,12665.715347901765,1.0,0.0,2023-02-28,-1,2020,2020-01-01,2021-01-01,0,0,0.0,0.0,0,0,0.0,0.0,1,0
P_1409,1409,,participant,1,2021-08-30,2021,0.0,Male,White,2003.0,18.0,0.0,0.0,1.0,12665.715347901765,1.0,0.0,2023-02-28,0,2021,2021-01-01,2022-01-01,1,1,0.0,0.0,0,0,0.0,0.0,1,0
P_1409,1409,,participant,1,2021-08-30,2021,0.0,Male,White,2003.0,18.0,0.0,0.0,1.0,12665.715347901765,1.0,0.0,2023-02-28,1,2022,2022-01-01,2023-01-01,1,1,15676.559443402577,1.0,0,0,0.0,0.0,1,0
P_1410,1410,,participant,1,2022-09-06,2022,1.0,Male,Black,1988.0,22.0,4.0,1.0,4.0,0.0,1.0,0.0,2024-03-06,-2,2020,2020-01-01,2021-01-01,0,0,0.0,0.0,0,0,0.0,0.0,1,0
P_1410,1410,,participant,1,2022-09-06,2022,1.0,Male,Black,1988.0,22.0,4.0,1.0,4.0,0.0,1.0,0.0,2024-03-06,-1,2021,2021-01-01,2022-01-01,0,0,0.0,0.0,0,0,0.0,0.0,1,0
P_1410,1410,,participant,1,2022-09-06,2022,1.0,Male,Black,1988.0,22.0,4.0,1.0,4.0,0.0,1.0,0.0,2024-03-06,0,2022,2022-01-01,2023-01-01,1,1,0.0,0.0,0,0,0.0,0.0,1,0
P_1410,1410,,participant,1,2022-09-06,2022,1.0,Male,Black,1988.0,22.0,4.0,1.0,4.0,0.0,1.0,0.0,2024-03-06,1,2023,2023-01-01,2024-01-01,1,1,3205.797996262871,1.0,0,0,0.0,0.0,1,0
P_1413,1413,,participant,1,2021-08-23,2021,0.0,Male,White,2003.0,18.0,0.0,0.0,1.0,12665.715347901765,1.0,0.0,2023-02-21,-2,2019,2019-01-01,2020-01-01,0,0,0.0,0.0,0,0,0.0,0.0,1,0
P_1413,1413,,participant,1,2021-08-23,2021,0.0,Male,White,2003.0,18.0,0.0,0.0,1.0,12665.715347901765,1.0,0.0,2023-02-21,-1,2020,2020-01-01,2021-01-01,0,0,0.0,0.0,0,0,0.0,0.0,1,0
P_1413,1413,,participant,1,2021-08-23,2021,0.0,Male,White,2003.0,18.0,0.0,0.0,1.0,12665.715347901765,1.0,0.0,2023-02-21,0,2021,2021-01-01,2022-01-01,1,1,2728.373940890747,1.0,0,0,0.0,0.0,1,0
P_1413,1413,,participant,1,2021-08-23,2021,0.0,Male,White,2003.0,18.0,0.0,0.0,1.0,12665.715347901765,1.0,0.0,2023-02-21,1,2022,2022-01-01,2023-01-01,1,1,14212.089760856234,1.0,0,0,0.0,0.0,1,0
P_1416,1416,,participant,1,2021-08-23,2021,0.0,Female,Black,2002.0,19.0,0.0,0.0,2.0,0.0,0.0,0.0,2023-02-21,-2,2019,2019-01-01,2020-01-01,0,0,0.0,0.0,0,0,0.0,0.0,1,0
P_1416,1416,,participant,1,2021-08-23,2021,0.0,Female,Black,2002.0,19.0,0.0,0.0,2.0,0.0,0.0,0.0,2023-02-21,-1,2020,2020-01-01,2021-01-01,0,0,0.0,0.0,0,0,0.0,0.0,1,0
P_1416,1416,,participant,1,2021-08-23,2021,0.0,Female,Black,2002.0,19.0,0.0,0.0,2.0,0.0,0.0,0.0,2023-02-21,0,2021,2021-01-01,2022-01-01,1,1,0.0,0.0,0,0,0.0,0.0,1,0
P_1416,1416,,participant,1,2021-08-23,2021,0.0,Female,Black,2002.0,19.0,0.0,0.0,2.0,0.0,0.0,0.0,2023-02-21,1,2022,2022-01-01,2023-01-01,1,1,23295.06768875508,1.0,0,0,0.0,0.0,1,0
P_1418,1418,,participant,1,2021-08-23,2021,0.0,Male,Black,1999.0,21.0,0.0,0.0,1.0,14013.811515818088,0.0,0.0,2023-02-21,-2,2019,2019-01-01,2020-01-01,0,0,0.0,0.0,0,0,0.0,0.0,1,0
P_1418,1418,,participant,1,2021-08-23,2021,0.0,Male,Black,1999.0,21.0,0.0,0.0,1.0,14013.811515818088,0.0,0.0,2023-02-21,-1,2020,2020-01-01,2021-01-01,0,0,0.0,0.0,0,0,0.0,0.0,1,0
P_1418,1418,,participant,1,2021-08-23,2021,0.0,Male,Black,1999.0,21.0,0.0,0.0,1.0,14013.811515818088,0.0,0.0,2023-02-21,0,2021,2021-01-01,2022-01-01,1,1,357.9467099267252,1.0,0,0,0.0,0.0,1,0
P_1418,1418,,participant,1,2021-08-23,2021,0.0,Male,Black,1999.0,21.0,0.0,0.0,1.0,14013.811515818088,0.0,0.0,2023-02-21,1,2022,2022-01-01,2023-01-01,1,1,5026.731951954823,1.0,0,0,0.0,0.0,1,0
P_1419,1419,,participant,1,2021-08-23,2021,0.0,Female,Black,1973.0,41.0,1.0,0.0,1.0,33285.30361473966,1.0,0.0,2023-02-21,-2,2019,2019-01-01,2020-01-01,0,0,0.0,0.0,0,0,0.0,0.0,1,0
P_1419,1419,,participant,1,2021-08-23,2021,0.0,Female,Black,1973.0,41.0,1.0,0.0,1.0,33285.30361473966,1.0,0.0,2023-02-21,-1,2020,2020-01-01,2021-01-01,0,0,0.0,0.0,0,0,0.0,0.0,1,0
P_1419,1419,,participant,1,2021-08-23,2021,0.0,Female,Black,1973.0,41.0,1.0,0.0,1.0,33285.30361473966,1.0,0.0,2023-02-21,0,2021,2021-01-01,2022-01-01,1,1,57562.19032879165,1.0,0,0,0.0,0.0,1,0
P_1419,1419,,participant,1,2021-08-23,2021,0.0,Female,Black,1973.0,41.0,1.0,0.0,1.0,33285.30361473966,1.0,0.0,2023-02-21,1,2022,2022-01-01,2023-01-01,1,1,74990.27310426859,1.0,0,0,0.0,0.0,1,0
P_1422,1422,,participant,1,2021-08-30,2021,0.0,Male,Black,1999.0,21.0,0.0,0.0,1.0,14013.811515818088,0.0,0.0,2023-02-28,-2,2019,2019-01-01,2020-01-01,0,0,0.0,0.0,1,1,0.0,0.0,1,0
P_1422,1422,,participant,1,2021-08-30,2021,0.0,Male,Black,1999.0,21.0,0.0,0.0,1.0,14013.811515818088,0.0,0.0,2023-02-28,-1,2020,2020-01-01,2021-01-01,0,0,0.0,0.0,1,1,0.0,0.0,1,0
P_1422,1422,,participant,1,2021-08-30,2021,0.0,Male,Black,1999.0,21.0,0.0,0.0,1.0,14013.811515818088,0.0,0.0,2023-02-28,0,2021,2021-01-01,2022-01-01,1,1,0.0,0.0,1,1,0.0,0.0,1,0
P_1422,1422,,participant,1,2021-08-30,2021,0.0,Male,Black,1999.0,21.0,0.0,0.0,1.0,14013.811515818088,0.0,0.0,2023-02-28,1,2022,2022-01-01,2023-01-01,1,1,4839.932285951035,1.0,1,1,0.0,0.0,1,0
P_1423,1423,,participant,1,2021-08-30,2021,0.0,Female,Black,1993.0,26.0,1.0,0.0,1.0,6370.182132479789,1.0,0.0,2023-02-28,-2,2019,2019-01-01,2020-01-01,0,0,0.0,0.0,1,1,0.0,0.0,1,0
P_1423,1423,,participant,1,2021-08-30,2021,0.0,Female,Black,1993.0,26.0,1.0,0.0,1.0,6370.182132479789,1.0,0.0,2023-02-28,-1,2020,2020-01-01,2021-01-01,0,0,0.0,0.0,1,1,0.0,0.0,1,0
P_1423,1423,,participant,1,2021-08-30,2021,0.0,Female,Black,1993.0,26.0,1.0,0.0,1.0,6370.182132479789,1.0,0.0,2023-02-28,0,2021,2021-01-01,2022-01-01,1,1,3424.161533991865,1.0,1,1,0.0,0.0,1,0
P_1423,1423,,participant,1,2021-08-30,2021,0.0,Female,Black,1993.0,26.0,1.0,0.0,1.0,6370.182132479789,1.0,0.0,2023-02-28,1,2022,2022-01-01,2023-01-01,1,1,13489.05252302961,1.0,1,1,0.0,0.0,1,0
P_1424,1424,,participant,1,2021-09-07,2021,0.0,Female,Black,1994.0,20.0,2.0,0.0,2.0,0.0,0.0,0.0,2023-03-08,-2,2019,2019-01-01,2020-01-01,0,0,0.0,0.0,0,0,0.0,0.0,1,0
P_1424,1424,,participant,1,2021-09-07,2021,0.0,Female,Black,1994.0,20.0,2.0,0.0,2.0,0.0,0.0,0.0,2023-03-08,-1,2020,2020-01-01,2021-01-01,0,0,0.0,0.0,0,0,0.0,0.0,1,0
P_1424,1424,,participant,1,2021-09-07,2021,0.0,Female,Black,1994.0,20.0,2.0,0.0,2.0,0.0,0.0,0.0,2023-03-08,0,2021,2021-01-01,2022-01-01,1,1,26035.600061180743,1.0,0,0,0.0,0.0,1,0
P_1424,1424,,participant,1,2021-09-07,2021,0.0,Female,Black,1994.0,20.0,2.0,0.0,2.0,0.0,0.0,0.0,2023-03-08,1,2022,2022-01-01,2023-01-01,1,1,10011.918592469852,1.0,0,0,0.0,0.0,1,0
P_1427,1427,,participant,1,2021-09-20,2021,0.0,Female,Black,2003.0,18.0,0.0,0.0,0.0,2202.463078136247,1.0,0.0,2023-03-21,-2,2019,2019-01-01,2020-01-01,0,0,0.0,0.0,0,0,0.0,0.0,0,0
P_1427,1427,,participant,1,2021-09-20,2021,0.0,Female,Black,2003.0,18.0,0.0,0.0,0.0,2202.463078136247,1.0,0.0,2023-03-21,-1,2020,2020-01-01,2021-01-01,0,0,0.0,0.0,0,0,0.0,0.0,0,0
P_1427,1427,,participant,1,2021-09-20,2021,0.0,Female,Black,2003.0,18.0,0.0,0.0,0.0,2202.463078136247,1.0,0.0,2023-03-21,0,2021,2021-01-01,2022-01-01,1,1,3323.500190842442,1.0,0,0,0.0,0.0,0,0
P_1427,1427,,participant,1,2021-09-20,2021,0.0,Female,Black,2003.0,18.0,0.0,0.0,0.0,2202.463078136247,1.0,0.0,2023-03-21,1,2022,2022-01-01,2023-01-01,1,1,21236.182827175217,1.0,0,0,0.0,0.0,0,0
P_1430,1430,,participant,1,2021-09-20,2021,0.0,Male,Black,1992.0,23.0,1.0,0.0,1.0,22842.720759723717,1.0,0.0,2023-03-21,-2,2019,2019-01-01,2020-01-01,0,0,0.0,0.0,0,0,0.0,0.0,1,0
P_1430,1430,,participant,1,2021-09-20,2021,0.0,Male,Black,1992.0,23.0,1.0,0.0,1.0,22842.720759723717,1.0,0.0,2023-03-21,-1,2020,2020-01-01,2021-01-01,0,0,0.0,0.0,0,0,0.0,0.0,1,0
P_1430,1430,,participant,1,2021-09-20,2021,0.0,Male,Black,1992.0,23.0,1.0,0.0,1.0,22842.720759723717,1.0,0.0,2023-03-21,0,2021,2021-01-01,2022-01-01,1,1,0.0,0.0,0,0,0.0,0.0,1,0
P_1430,1430,,participant,1,2021-09-20,2021,0.0,Male,Black,1992.0,23.0,1.0,0.0,1.0,22842.720759723717,1.0,0.0,2023-03-21,1,2022,2022-01-01,2023-01-01,1,1,15204.183109273834,1.0,0,0,0.0,0.0,1,0
P_1431,1431,,participant,1,2021-09-20,2021,0.0,Male,Black,1996.0,18.0,5.0,1.0,5.0,0.0,1.0,0.0,2023-03-21,-2,2019,2019-01-01,2020-01-01,0,0,0.0,0.0,0,0,0.0,0.0,1,0
P_1431,1431,,participant,1,2021-09-20,2021,0.0,Male,Black,1996.0,18.0,5.0,1.0,5.0,0.0,1.0,0.0,2023-03-21,-1,2020,2020-01-01,2021-01-01,0,0,0.0,0.0,0,0,0.0,0.0,1,0
P_1431,1431,,participant,1,2021-09-20,2021,0.0,Male,Black,1996.0,18.0,5.0,1.0,5.0,0.0,1.0,0.0,2023-03-21,0,2021,2021-01-01,2022-01-01,1,1,25063.00518734051,1.0,0,0,0.0,0.0,1,0
P_1431,1431,,participant,1,2021-09-20,2021,0.0,Male,Black,1996.0,18.0,5.0,1.0,5.0,0.0,1.0,0.0,2023-03-21,1,2022,2022-01-01,2023-01-01,1,1,53775.99473844879,1.0,0,0,0.0,0.0,1,0
P_1433,1433,,participant,1,2021-09-27,2021,0.0,Male,Black,1997.0,19.0,4.0,1.0,4.0,7082.871673436957,1.0,0.0,2023-03-28,-2,2019,2019-01-01,2020-01-01,0,0,0.0,0.0,1,1,0.0,0.0,1,0
P_1433,1433,,participant,1,2021-09-27,2021,0.0,Male,Black,1997.0,19.0,4.0,1.0,4.0,7082.871673436957,1.0,0.0,2023-03-28,-1,2020,2020-01-01,2021-01-01,0,0,0.0,0.0,1,1,0.0,0.0,1,0
P_1433,1433,,participant,1,2021-09-27,2021,0.0,Male,Black,1997.0,19.0,4.0,1.0,4.0,7082.871673436957,1.0,0.0,2023-03-28,0,2021,2021-01-01,2022-01-01,1,1,8184.033122727606,1.0,1,1,0.0,0.0,1,0
P_1433,1433,,participant,1,2021-09-27,2021,0.0,Male,Black,1997.0,19.0,4.0,1.0,4.0,7082.871673436957,1.0,0.0,2023-03-28,1,2022,2022-01-01,2023-01-01,1,1,0.0,0.0,1,1,0.0,0.0,1,0
P_1434,1434,,participant,1,2021-10-18,2021,0.0,Female,Black,1995.0,22.0,1.0,0.0,1.0,11345.463489066075,1.0,0.0,2023-04-18,-2,2019,2019-01-01,2020-01-01,0,0,0.0,0.0,0,0,0.0,0.0,1,0
P_1434,1434,,participant,1,2021-10-18,2021,0.0,Female,Black,1995.0,22.0,1.0,0.0,1.0,11345.463489066075,1.0,0.0,2023-04-18,-1,2020,2020-01-01,2021-01-01,0,0,0.0,0.0,0,0,0.0,0.0,1,0
P_1434,1434,,participant,1,2021-10-18,2021,0.0,Female,Black,1995.0,22.0,1.0,0.0,1.0,11345.463489066075,1.0,0.0,2023-04-18,0,2021,2021-01-01,2022-01-01,1,1,9740.14720123959,1.0,0,0,0.0,0.0,1,0
P_1434,1434,,participant,1,2021-10-18,2021,0.0,Female,Black,1995.0,22.0,1.0,0.0,1.0,11345.463489066075,1.0,0.0,2023-04-18,1,2022,2022-01-01,2023-01-01,1,1,30612.64474944104,1.0,0,0,0.0,0.0,1,0
P_1438,1438,,participant,1,2021-09-27,2021,0.0,Male,Black,1995.0,23.0,1.0,1.0,1.0,0.0,1.0,0.0,2023-03-28,-2,2019,2019-01-01,2020-01-01,0,0,0.0,0.0,0,0,0.0,0.0,1,0
P_1438,1438,,participant,1,2021-09-27,2021,0.0,Male,Black,1995.0,23.0,1.0,1.0,1.0,0.0,1.0,0.0,2023-03-28,-1,2020,2020-01-01,2021-01-01,0,0,0.0,0.0,0,0,0.0,0.0,1,0
P_1438,1438,,participant,1,2021-09-27,2021,0.0,Male,Black,1995.0,23.0,1.0,1.0,1.0,0.0,1.0,0.0,2023-03-28,0,2021,2021-01-01,2022-01-01,1,1,6803.51207690851,1.0,0,1,0.0,0.0,1,0
P_1438,1438,,participant,1,2021-09-27,2021,0.0,Male,Black,1995.0,23.0,1.0,1.0,1.0,0.0,1.0,0.0,2023-03-28,1,2022,2022-01-01,2023-01-01,1,1,274.0511325923105,1.0,1,1,0.0,0.0,1,0
P_1439,1439,,participant,1,2023-09-05,2023,1.0,Male,Black,1987.0,20.0,31.0,1.0,31.0,0.0,0.0,0.0,2025-03-05,-2,2021,2021-01-01,2022-01-01,0,0,0.0,0.0,1,1,0.0,0.0,1,0
P_1439,1439,,participant,1,2023-09-05,2023,1.0,Male,Black,1987.0,20.0,31.0,1.0,31.0,0.0,0.0,0.0,2025-03-05,-1,2022,2022-01-01,2023-01-01,0,0,0.0,0.0,1,1,0.0,0.0,1,0
P_1439,1439,,participant,1,2023-09-05,2023,1.0,Male,Black,1987.0,20.0,31.0,1.0,31.0,0.0,0.0,0.0,2025-03-05,0,2023,2023-01-01,2024-01-01,1,1,1254.9908151363434,1.0,1,1,0.0,0.0,1,0
P_1439,1439,,participant,1,2023-09-05,2023,1.0,Male,Black,1987.0,20.0,31.0,1.0,31.0,0.0,0.0,0.0,2025-03-05,1,2024,2024-01-01,2025-01-01,1,1,0.0,0.0,1,1,0.0,0.0,1,0
P_1441,1441,,participant,1,2021-09-27,2021,0.0,Male,Black,2001.0,18.0,0.0,0.0,3.0,0.0,1.0,0.0,2023-03-28,-2,2019,2019-01-01,2020-01-01,0,0,0.0,0.0,0,1,0.0,0.0,1,0
P_1441,1441,,participant,1,2021-09-27,2021,0.0,Male,Black,2001.0,18.0,0.0,0.0,3.0,0.0,1.0,0.0,2023-03-28,-1,2020,2020-01-01,2021-01-01,0,0,0.0,0.0,1,1,0.0,0.0,1,0
P_1441,1441,,participant,1,2021-09-27,2021,0.0,Male,Black,2001.0,18.0,0.0,0.0,3.0,0.0,1.0,0.0,2023-03-28,0,2021,2021-01-01,2022-01-01,1,1,1048.402479178772,1.0,1,1,0.0,0.0,1,0
P_1441,1441,,participant,1,2021-09-27,2021,0.0,Male,Black,2001.0,18.0,0.0,0.0,3.0,0.0,1.0,0.0,2023-03-28,1,2022,2022-01-01,2023-01-01,1,1,0.0,0.0,1,1,2.0,1.0,1,1
P_1446,1446,,participant,1,2021-10-04,2021,0.0,Male,Black,1996.0,18.0,5.0,1.0,5.0,0.0,1.0,0.0,2023-04-04,-2,2019,2019-01-01,2020-01-01,0,0,0.0,0.0,0,0,0.0,0.0,1,0
P_1446,1446,,participant,1,2021-10-04,2021,0.0,Male,Black,1996.0,18.0,5.0,1.0,5.0,0.0,1.0,0.0,2023-04-04,-1,2020,2020-01-01,2021-01-01,0,0,0.0,0.0,0,0,0.0,0.0,1,0
P_1446,1446,,participant,1,2021-10-04,2021,0.0,Male,Black,1996.0,18.0,5.0,1.0,5.0,0.0,1.0,0.0,2023-04-04,0,2021,2021-01-01,2022-01-01,1,1,0.0,0.0,0,0,0.0,0.0,1,0
P_1446,1446,,participant,1,2021-10-04,2021,0.0,Male,Black,1996.0,18.0,5.0,1.0,5.0,0.0,1.0,0.0,2023-04-04,1,2022,2022-01-01,2023-01-01,1,1,19224.69969327678,1.0,0,0,0.0,0.0,1,0
P_1448,1448,,participant,1,2021-10-11,2021,0.0,Male,White,2001.0,19.0,0.0,0.0,2.0,0.0,0.0,0.0,2023-04-11,-2,2019,2019-01-01,2020-01-01,0,0,0.0,0.0,0,0,0.0,0.0,1,0
P_1448,1448,,participant,1,2021-10-11,2021,0.0,Male,White,2001.0,19.0,0.0,0.0,2.0,0.0,0.0,0.0,2023-04-11,-1,2020,2020-01-01,2021-01-01,0,0,0.0,0.0,0,0,0.0,0.0,1,0
P_1448,1448,,participant,1,2021-10-11,2021,0.0,Male,White,2001.0,19.0,0.0,0.0,2.0,0.0,0.0,0.0,2023-04-11,0,2021,2021-01-01,2022-01-01,1,1,7051.727096649234,1.0,0,0,0.0,0.0,1,0
P_1448,1448,,participant,1,2021-10-11,2021,0.0,Male,White,2001.0,19.0,0.0,0.0,2.0,0.0,0.0,0.0,2023-04-11,1,2022,2022-01-01,2023-01-01,1,1,7184.121652101367,1.0,0,0,0.0,0.0,1,0
P_1449,1449,,participant,1,2021-10-11,2021,0.0,Male,Black,1998.0,20.0,2.0,1.0,2.0,1827.955074288592,0.0,0.0,2023-04-11,-2,2019,2019-01-01,2020-01-01,0,0,0.0,0.0,0,0,0.0,0.0,1,0
P_1449,1449,,participant,1,2021-10-11,2021,0.0,Male,Black,1998.0,20.0,2.0,1.0,2.0,1827.955074288592,0.0,0.0,2023-04-11,-1,2020,2020-01-01,2021-01-01,0,0,0.0,0.0,0,0,0.0,0.0,1,0
P_1449,1449,,participant,1,2021-10-11,2021,0.0,Male,Black,1998.0,20.0,2.0,1.0,2.0,1827.955074288592,0.0,0.0,2023-04-11,0,2021,2021-01-01,2022-01-01,1,1,7021.507069533217,1.0,0,0,0.0,0.0,1,0
P_1449,1449,,participant,1,2021-10-11,2021,0.0,Male,Black,1998.0,20.0,2.0,1.0,2.0,1827.955074288592,0.0,0.0,2023-04-11,1,2022,2022-01-01,2023-01-01,1,1,25649.266284876205,1.0,0,0,0.0,0.0,1,0
P_1450,1450,,participant,1,2021-11-01,2021,0.0,Male,Black,1980.0,22.0,4.0,1.0,4.0,0.0,0.0,0.0,2023-05-02,-2,2019,2019-01-01,2020-01-01,0,0,0.0,0.0,0,0,0.0,0.0,1,0
P_1450,1450,,participant,1,2021-11-01,2021,0.0,Male,Black,1980.0,22.0,4.0,1.0,4.0,0.0,0.0,0.0,2023-05-02,-1,2020,2020-01-01,2021-01-01,0,0,0.0,0.0,0,0,0.0,0.0,1,0
P_1450,1450,,participant,1,2021-11-01,2021,0.0,Male,Black,1980.0,22.0,4.0,1.0,4.0,0.0,0.0,0.0,2023-05-02,0,2021,2021-01-01,2022-01-01,1,1,2135.161146620182,1.0,0,0,0.0,0.0,1,0
P_1450,1450,,participant,1,2021-11-01,2021,0.0,Male,Black,1980.0,22.0,4.0,1.0,4.0,0.0,0.0,0.0,2023-05-02,1,2022,2022-01-01,2023-01-01,1,1,8357.369485109659,1.0,0,0,0.0,0.0,1,0
P_1453,1453,,participant,1,2021-10-11,2021,0.0,Male,Black,2002.0,19.0,0.0,0.0,0.0,0.0,0.0,0.0,2023-04-11,-2,2019,2019-01-01,2020-01-01,0,0,0.0,0.0,0,0,0.0,0.0,0,0
P_1453,1453,,participant,1,2021-10-11,2021,0.0,Male,Black,2002.0,19.0,0.0,0.0,0.0,0.0,0.0,0.0,2023-04-11,-1,2020,2020-01-01,2021-01-01,0,0,0.0,0.0,0,0,0.0,0.0,0,0
P_1453,1453,,participant,1,2021-10-11,2021,0.0,Male,Black,2002.0,19.0,0.0,0.0,0.0,0.0,0.0,0.0,2023-04-11,0,2021,2021-01-01,2022-01-01,1,1,3069.657369746272,1.0,0,0,0.0,0.0,0,0
P_1453,1453,,participant,1,2021-10-11,2021,0.0,Male,Black,2002.0,19.0,0.0,0.0,0.0,0.0,0.0,0.0,2023-04-11,1,2022,2022-01-01,2023-01-01,1,1,11446.85022436361,1.0,0,0,0.0,0.0,0,0
P_1454,1454,,participant,1,2024-06-03,2024,1.0,Male,Black,2003.0,18.0,3.0,1.0,3.0,0.0,0.0,0.0,2025-12-02,-2,2022,2022-01-01,2023-01-01,0,0,0.0,0.0,0,0,0.0,0.0,1,0
P_1454,1454,,participant,1,2024-06-03,2024,1.0,Male,Black,2003.0,18.0,3.0,1.0,3.0,0.0,0.0,0.0,2025-12-02,-1,2023,2023-01-01,2024-01-01,0,0,0.0,0.0,0,0,0.0,0.0,1,0
P_1454,1454,,participant,1,2024-06-03,2024,1.0,Male,Black,2003.0,18.0,3.0,1.0,3.0,0.0,0.0,0.0,2025-12-02,0,2024,2024-01-01,2025-01-01,1,1,0.0,0.0,0,0,0.0,0.0,1,0
P_1454,1454,,participant,1,2024-06-03,2024,1.0,Male,Black,2003.0,18.0,3.0,1.0,3.0,0.0,0.0,0.0,2025-12-02,1,2025,2025-01-01,2026-01-01,1,1,0.0,0.0,0,0,0.0,0.0,1,0
P_1455,1455,,participant,1,2021-10-11,2021,0.0,Male,Black,1998.0,20.0,2.0,1.0,2.0,1827.955074288592,0.0,0.0,2023-04-11,-2,2019,2019-01-01,2020-01-01,0,0,0.0,0.0,0,0,0.0,0.0,1,0
P_1455,1455,,participant,1,2021-10-11,2021,0.0,Male,Black,1998.0,20.0,2.0,1.0,2.0,1827.955074288592,0.0,0.0,2023-04-11,-1,2020,2020-01-01,2021-01-01,0,0,0.0,0.0,0,0,0.0,0.0,1,0
P_1455,1455,,participant,1,2021-10-11,2021,0.0,Male,Black,1998.0,20.0,2.0,1.0,2.0,1827.955074288592,0.0,0.0,2023-04-11,0,2021,2021-01-01,2022-01-01,1,1,8218.685066821616,1.0,0,0,0.0,0.0,1,0
P_1455,1455,,participant,1,2021-10-11,2021,0.0,Male,Black,1998.0,20.0,2.0,1.0,2.0,1827.955074288592,0.0,0.0,2023-04-11,1,2022,2022-01-01,2023-01-01,1,1,27494.11779729504,1.0,0,0,0.0,0.0,1,0
P_1456,1456,,participant,1,2021-10-18,2021,0.0,Male,Black,2001.0,18.0,0.0,0.0,3.0,0.0,1.0,0.0,2023-04-18,-2,2019,2019-01-01,2020-01-01,0,0,0.0,0.0,0,0,0.0,0.0,1,0
P_1456,1456,,participant,1,2021-10-18,2021,0.0,Male,Black,2001.0,18.0,0.0,0.0,3.0,0.0,1.0,0.0,2023-04-18,-1,2020,2020-01-01,2021-01-01,0,0,0.0,0.0,0,0,0.0,0.0,1,0
P_1456,1456,,participant,1,2021-10-18,2021,0.0,Male,Black,2001.0,18.0,0.0,0.0,3.0,0.0,1.0,0.0,2023-04-18,0,2021,2021-01-01,2022-01-01,1,1,7011.046290916133,1.0,0,0,0.0,0.0,1,0
P_1456,1456,,participant,1,2021-10-18,2021,0.0,Male,Black,2001.0,18.0,0.0,0.0,3.0,0.0,1.0,0.0,2023-04-18,1,2022,2022-01-01,2023-01-01,1,1,24968.886594824726,1.0,0,0,0.0,0.0,1,0
P_1457,1457,,participant,1,2024-02-12,2024,1.0,Male,Black,1998.0,20.0,2.0,1.0,2.0,22314.946382924434,1.0,0.0,2025-08-12,-2,2022,2022-01-01,2023-01-01,0,0,0.0,0.0,1,1,0.0,0.0,1,0
P_1457,1457,,participant,1,2024-02-12,2024,1.0,Male,Black,1998.0,20.0,2.0,1.0,2.0,22314.946382924434,1.0,0.0,2025-08-12,-1,2023,2023-01-01,2024-01-01,0,0,0.0,0.0,1,1,0.0,0.0,1,0
P_1457,1457,,participant,1,2024-02-12,2024,1.0,Male,Black,1998.0,20.0,2.0,1.0,2.0,22314.946382924434,1.0,0.0,2025-08-12,0,2024,2024-01-01,2025-01-01,1,1,1042.7901456194793,1.0,1,1,0.0,0.0,1,0
P_1457,1457,,participant,1,2024-02-12,2024,1.0,Male,Black,1998.0,20.0,2.0,1.0,2.0,22314.946382924434,1.0,0.0,2025-08-12,1,2025,2025-01-01,2026-01-01,1,1,0.0,0.0,1,1,0.0,0.0,1,0
P_1458,1458,,participant,1,2021-10-25,2021,0.0,Male,Black,1997.0,19.0,4.0,1.0,4.0,6045.820746887966,1.0,0.0,2023-04-25,-2,2019,2019-01-01,2020-01-01,0,0,0.0,0.0,0,0,0.0,0.0,1,0
P_1458,1458,,participant,1,2021-10-25,2021,0.0,Male,Black,1997.0,19.0,4.0,1.0,4.0,6045.820746887966,1.0,0.0,2023-04-25,-1,2020,2020-01-01,2021-01-01,0,0,0.0,0.0,0,0,0.0,0.0,1,0
P_1458,1458,,participant,1,2021-10-25,2021,0.0,Male,Black,1997.0,19.0,4.0,1.0,4.0,6045.820746887966,1.0,0.0,2023-04-25,0,2021,2021-01-01,2022-01-01,1,1,1838.772419136161,1.0,0,0,0.0,0.0,1,0
P_1458,1458,,participant,1,2021-10-25,2021,0.0,Male,Black,1997.0,19.0,4.0,1.0,4.0,6045.820746887966,1.0,0.0,2023-04-25,1,2022,2022-01-01,2023-01-01,1,1,9460.099378315099,1.0,0,0,0.0,0.0,1,0
P_1463,1463,,participant,1,2021-11-08,2021,0.0,Male,Black,1996.0,18.0,5.0,1.0,5.0,0.0,1.0,0.0,2023-05-09,-2,2019,2019-01-01,2020-01-01,0,0,0.0,0.0,1,1,0.0,0.0,1,0
P_1463,1463,,participant,1,2021-11-08,2021,0.0,Male,Black,1996.0,18.0,5.0,1.0,5.0,0.0,1.0,0.0,2023-05-09,-1,2020,2020-01-01,2021-01-01,0,0,0.0,0.0,1,1,0.0,0.0,1,0
P_1463,1463,,participant,1,2021-11-08,2021,0.0,Male,Black,1996.0,18.0,5.0,1.0,5.0,0.0,1.0,0.0,2023-05-09,0,2021,2021-01-01,2022-01-01,1,1,26.733100910323454,1.0,1,1,0.0,0.0,1,0
P_1463,1463,,participant,1,2021-11-08,2021,0.0,Male,Black,1996.0,18.0,5.0,1.0,5.0,0.0,1.0,0.0,2023-05-09,1,2022,2022-01-01,2023-01-01,1,1,4760.772177601048,1.0,1,1,0.0,0.0,1,0
P_1466,1466,,participant,1,2021-11-15,2021,0.0,Male,Black,2002.0,19.0,0.0,0.0,1.0,0.0,0.0,0.0,2023-05-16,-2,2019,2019-01-01,2020-01-01,0,0,0.0,0.0,0,0,0.0,0.0,1,0
P_1466,1466,,participant,1,2021-11-15,2021,0.0,Male,Black,2002.0,19.0,0.0,0.0,1.0,0.0,0.0,0.0,2023-05-16,-1,2020,2020-01-01,2021-01-01,0,0,0.0,0.0,0,0,0.0,0.0,1,0
P_1466,1466,,participant,1,2021-11-15,2021,0.0,Male,Black,2002.0,19.0,0.0,0.0,1.0,0.0,0.0,0.0,2023-05-16,0,2021,2021-01-01,2022-01-01,1,1,0.0,0.0,0,0,0.0,0.0,1,0
P_1466,1466,,participant,1,2021-11-15,2021,0.0,Male,Black,2002.0,19.0,0.0,0.0,1.0,0.0,0.0,0.0,2023-05-16,1,2022,2022-01-01,2023-01-01,1,1,3042.811083253094,1.0,0,0,0.0,0.0,1,0
P_1467,1467,,participant,1,2021-11-15,2021,0.0,Male,Black,1999.0,21.0,0.0,0.0,1.0,6602.795395643139,0.0,0.0,2023-05-16,-2,2019,2019-01-01,2020-01-01,0,0,0.0,0.0,0,0,0.0,0.0,1,0
P_1467,1467,,participant,1,2021-11-15,2021,0.0,Male,Black,1999.0,21.0,0.0,0.0,1.0,6602.795395643139,0.0,0.0,2023-05-16,-1,2020,2020-01-01,2021-01-01,0,0,0.0,0.0,0,0,0.0,0.0,1,0
P_1467,1467,,participant,1,2021-11-15,2021,0.0,Male,Black,1999.0,21.0,0.0,0.0,1.0,6602.795395643139,0.0,0.0,2023-05-16,0,2021,2021-01-01,2022-01-01,1,1,6878.543095099748,1.0,0,0,0.0,0.0,1,0
P_1467,1467,,participant,1,2021-11-15,2021,0.0,Male,Black,1999.0,21.0,0.0,0.0,1.0,6602.795395643139,0.0,0.0,2023-05-16,1,2022,2022-01-01,2023-01-01,1,1,62476.09384775515,1.0,0,0,0.0,0.0,1,0
P_1468,1468,,participant,1,2021-11-15,2021,0.0,Male,White,1982.0,26.0,1.0,0.0,1.0,3777.392946058091,1.0,0.0,2023-05-16,-2,2019,2019-01-01,2020-01-01,0,0,0.0,0.0,0,0,0.0,0.0,1,0
P_1468,1468,,participant,1,2021-11-15,2021,0.0,Male,White,1982.0,26.0,1.0,0.0,1.0,3777.392946058091,1.0,0.0,2023-05-16,-1,2020,2020-01-01,2021-01-01,0,0,0.0,0.0,0,0,0.0,0.0,1,0
P_1468,1468,,participant,1,2021-11-15,2021,0.0,Male,White,1982.0,26.0,1.0,0.0,1.0,3777.392946058091,1.0,0.0,2023-05-16,0,2021,2021-01-01,2022-01-01,1,1,0.0,0.0,0,0,0.0,0.0,1,0
P_1468,1468,,participant,1,2021-11-15,2021,0.0,Male,White,1982.0,26.0,1.0,0.0,1.0,3777.392946058091,1.0,0.0,2023-05-16,1,2022,2022-01-01,2023-01-01,1,1,0.0,0.0,0,0,0.0,0.0,1,0
P_1469,1469,,participant,1,2021-11-22,2021,0.0,Male,Black,2000.0,20.0,3.0,1.0,3.0,0.0,0.0,0.0,2023-05-23,-2,2019,2019-01-01,2020-01-01,0,0,0.0,0.0,0,0,0.0,0.0,1,0
P_1469,1469,,participant,1,2021-11-22,2021,0.0,Male,Black,2000.0,20.0,3.0,1.0,3.0,0.0,0.0,0.0,2023-05-23,-1,2020,2020-01-01,2021-01-01,0,0,0.0,0.0,0,0,0.0,0.0,1,0
P_1469,1469,,participant,1,2021-11-22,2021,0.0,Male,Black,2000.0,20.0,3.0,1.0,3.0,0.0,0.0,0.0,2023-05-23,0,2021,2021-01-01,2022-01-01,1,1,4574.847181871005,1.0,0,0,0.0,0.0,1,0
P_1469,1469,,participant,1,2021-11-22,2021,0.0,Male,Black,2000.0,20.0,3.0,1.0,3.0,0.0,0.0,0.0,2023-05-23,1,2022,2022-01-01,2023-01-01,1,1,8592.587720879426,1.0,0,0,0.0,0.0,1,0
P_1472,1472,,participant,1,2021-11-29,2021,0.0,Male,Black,2003.0,18.0,0.0,0.0,3.0,0.0,0.0,0.0,2023-05-30,-2,2019,2019-01-01,2020-01-01,0,0,0.0,0.0,0,0,0.0,0.0,1,0
P_1472,1472,,participant,1,2021-11-29,2021,0.0,Male,Black,2003.0,18.0,0.0,0.0,3.0,0.0,0.0,0.0,2023-05-30,-1,2020,2020-01-01,2021-01-01,0,0,0.0,0.0,0,0,0.0,0.0,1,0
P_1472,1472,,participant,1,2021-11-29,2021,0.0,Male,Black,2003.0,18.0,0.0,0.0,3.0,0.0,0.0,0.0,2023-05-30,0,2021,2021-01-01,2022-01-01,1,1,6407.808057331009,1.0,0,0,0.0,0.0,1,0
P_1472,1472,,participant,1,2021-11-29,2021,0.0,Male,Black,2003.0,18.0,0.0,0.0,3.0,0.0,0.0,0.0,2023-05-30,1,2022,2022-01-01,2023-01-01,1,1,28003.074926554054,1.0,0,0,0.0,0.0,1,0
P_1474,1474,,participant,1,2021-11-29,2021,0.0,Male,Black,2000.0,20.0,3.0,1.0,3.0,0.0,0.0,0.0,2023-05-30,-2,2019,2019-01-01,2020-01-01,0,0,0.0,0.0,0,0,0.0,0.0,1,0
P_1474,1474,,participant,1,2021-11-29,2021,0.0,Male,Black,2000.0,20.0,3.0,1.0,3.0,0.0,0.0,0.0,2023-05-30,-1,2020,2020-01-01,2021-01-01,0,0,0.0,0.0,0,0,0.0,0.0,1,0
P_1474,1474,,participant,1,2021-11-29,2021,0.0,Male,Black,2000.0,20.0,3.0,1.0,3.0,0.0,0.0,0.0,2023-05-30,0,2021,2021-01-01,2022-01-01,1,1,6916.899283362386,1.0,0,0,0.0,0.0,1,0
P_1474,1474,,participant,1,2021-11-29,2021,0.0,Male,Black,2000.0,20.0,3.0,1.0,3.0,0.0,0.0,0.0,2023-05-30,1,2022,2022-01-01,2023-01-01,1,1,28225.410203936815,1.0,0,0,0.0,0.0,1,0
P_1476,1476,,participant,1,2021-12-06,2021,0.0,Male,Black,1983.0,21.0,5.0,0.0,5.0,0.0,0.0,0.0,2023-06-06,-2,2019,2019-01-01,2020-01-01,0,0,0.0,0.0,1,1,0.0,0.0,1,0
P_1476,1476,,participant,1,2021-12-06,2021,0.0,Male,Black,1983.0,21.0,5.0,0.0,5.0,0.0,0.0,0.0,2023-06-06,-1,2020,2020-01-01,2021-01-01,0,0,0.0,0.0,1,1,0.0,0.0,1,0
P_1476,1476,,participant,1,2021-12-06,2021,0.0,Male,Black,1983.0,21.0,5.0,0.0,5.0,0.0,0.0,0.0,2023-06-06,0,2021,2021-01-01,2022-01-01,1,1,0.0,0.0,1,1,0.0,0.0,1,0
P_1476,1476,,participant,1,2021-12-06,2021,0.0,Male,Black,1983.0,21.0,5.0,0.0,5.0,0.0,0.0,0.0,2023-06-06,1,2022,2022-01-01,2023-01-01,1,1,0.0,0.0,1,1,0.0,0.0,1,0
P_1477,1477,,participant,1,2021-12-13,2021,0.0,Male,Black,2001.0,18.0,2.0,1.0,3.0,0.0,1.0,0.0,2023-06-13,-2,2019,2019-01-01,2020-01-01,0,0,0.0,0.0,0,0,0.0,0.0,1,0
P_1477,1477,,participant,1,2021-12-13,2021,0.0,Male,Black,2001.0,18.0,2.0,1.0,3.0,0.0,1.0,0.0,2023-06-13,-1,2020,2020-01-01,2021-01-01,0,0,0.0,0.0,0,0,0.0,0.0,1,0
P_1477,1477,,participant,1,2021-12-13,2021,0.0,Male,Black,2001.0,18.0,2.0,1.0,3.0,0.0,1.0,0.0,2023-06-13,0,2021,2021-01-01,2022-01-01,1,1,547.4474142940151,1.0,0,0,0.0,0.0,1,0
P_1477,1477,,participant,1,2021-12-13,2021,0.0,Male,Black,2001.0,18.0,2.0,1.0,3.0,0.0,1.0,0.0,2023-06-13,1,2022,2022-01-01,2023-01-01,1,1,7611.268035212996,1.0,0,0,0.0,0.0,1,0
P_1478,1478,,participant,1,2021-12-06,2021,0.0,Male,Black,1991.0,21.0,4.0,0.0,4.0,13493.534854771784,1.0,0.0,2023-06-06,-2,2019,2019-01-01,2020-01-01,0,0,0.0,0.0,0,0,0.0,0.0,1,0
P_1478,1478,,participant,1,2021-12-06,2021,0.0,Male,Black,1991.0,21.0,4.0,0.0,4.0,13493.534854771784,1.0,0.0,2023-06-06,-1,2020,2020-01-01,2021-01-01,0,0,0.0,0.0,0,0,0.0,0.0,1,0
P_1478,1478,,participant,1,2021-12-06,2021,0.0,Male,Black,1991.0,21.0,4.0,0.0,4.0,13493.534854771784,1.0,0.0,2023-06-06,0,2021,2021-01-01,2022-01-01,1,1,9764.55568467945,1.0,0,0,0.0,0.0,1,0
P_1478,1478,,participant,1,2021-12-06,2021,0.0,Male,Black,1991.0,21.0,4.0,0.0,4.0,13493.534854771784,1.0,0.0,2023-06-06,1,2022,2022-01-01,2023-01-01,1,1,29921.402138463833,1.0,0,0,0.0,0.0,1,0
P_1480,1480,,participant,1,2022-02-14,2022,1.0,Female,Black,2002.0,19.0,0.0,0.0,3.0,0.0,0.0,0.0,2023-08-15,-2,2020,2020-01-01,2021-01-01,0,0,0.0,0.0,0,0,0.0,0.0,1,0
P_1480,1480,,participant,1,2022-02-14,2022,1.0,Female,Black,2002.0,19.0,0.0,0.0,3.0,0.0,0.0,0.0,2023-08-15,-1,2021,2021-01-01,2022-01-01,0,0,0.0,0.0,0,0,0.0,0.0,1,0
P_1480,1480,,participant,1,2022-02-14,2022,1.0,Female,Black,2002.0,19.0,0.0,0.0,3.0,0.0,0.0,0.0,2023-08-15,0,2022,2022-01-01,2023-01-01,1,1,17409.478242354337,1.0,0,0,0.0,0.0,1,0
P_1480,1480,,participant,1,2022-02-14,2022,1.0,Female,Black,2002.0,19.0,0.0,0.0,3.0,0.0,0.0,0.0,2023-08-15,1,2023,2023-01-01,2024-01-01,1,1,6414.647972701512,1.0,0,0,0.0,0.0,1,0
P_1484,1484,,participant,1,2021-12-13,2021,0.0,Male,Black,1987.0,20.0,31.0,1.0,31.0,2345.5308319129563,0.0,0.0,2023-06-13,-2,2019,2019-01-01,2020-01-01,0,0,0.0,0.0,1,1,0.0,0.0,1,0
P_1484,1484,,participant,1,2021-12-13,2021,0.0,Male,Black,1987.0,20.0,31.0,1.0,31.0,2345.5308319129563,0.0,0.0,2023-06-13,-1,2020,2020-01-01,2021-01-01,0,0,0.0,0.0,1,1,0.0,0.0,1,0
P_1484,1484,,participant,1,2021-12-13,2021,0.0,Male,Black,1987.0,20.0,31.0,1.0,31.0,2345.5308319129563,0.0,0.0,2023-06-13,0,2021,2021-01-01,2022-01-01,1,1,2252.554328878559,1.0,1,1,0.0,0.0,1,0
P_1484,1484,,participant,1,2021-12-13,2021,0.0,Male,Black,1987.0,20.0,31.0,1.0,31.0,2345.5308319129563,0.0,0.0,2023-06-13,1,2022,2022-01-01,2023-01-01,1,1,3657.53252128666,1.0,1,1,0.0,0.0,1,0
P_1485,1485,,participant,1,2021-12-20,2021,0.0,Male,Black,1992.0,23.0,1.0,0.0,1.0,22312.557565646264,1.0,0.0,2023-06-20,-2,2019,2019-01-01,2020-01-01,0,0,0.0,0.0,1,1,0.0,0.0,1,0
P_1485,1485,,participant,1,2021-12-20,2021,0.0,Male,Black,1992.0,23.0,1.0,0.0,1.0,22312.557565646264,1.0,0.0,2023-06-20,-1,2020,2020-01-01,2021-01-01,0,0,0.0,0.0,1,1,0.0,0.0,1,0
P_1485,1485,,participant,1,2021-12-20,2021,0.0,Male,Black,1992.0,23.0,1.0,0.0,1.0,22312.557565646264,1.0,0.0,2023-06-20,0,2021,2021-01-01,2022-01-01,1,1,0.0,0.0,1,1,0.0,0.0,1,0
P_1485,1485,,participant,1,2021-12-20,2021,0.0,Male,Black,1992.0,23.0,1.0,0.0,1.0,22312.557565646264,1.0,0.0,2023-06-20,1,2022,2022-01-01,2023-01-01,1,1,268.2998344852181,1.0,1,1,0.0,0.0,1,0
P_1486,1486,,participant,1,2022-01-31,2022,1.0,Male,Black,1995.0,23.0,1.0,1.0,1.0,8026.891006396032,1.0,0.0,2023-08-01,-2,2020,2020-01-01,2021-01-01,0,0,0.0,0.0,1,1,0.0,0.0,1,0
P_1486,1486,,participant,1,2022-01-31,2022,1.0,Male,Black,1995.0,23.0,1.0,1.0,1.0,8026.891006396032,1.0,0.0,2023-08-01,-1,2021,2021-01-01,2022-01-01,0,0,0.0,0.0,1,1,0.0,0.0,1,0
P_1486,1486,,participant,1,2022-01-31,2022,1.0,Male,Black,1995.0,23.0,1.0,1.0,1.0,8026.891006396032,1.0,0.0,2023-08-01,0,2022,2022-01-01,2023-01-01,1,1,0.0,0.0,1,1,0.0,0.0,1,0
P_1486,1486,,participant,1,2022-01-31,2022,1.0,Male,Black,1995.0,23.0,1.0,1.0,1.0,8026.891006396032,1.0,0.0,2023-08-01,1,2023,2023-01-01,2024-01-01,1,1,0.0,0.0,1,1,0.0,0.0,1,0
P_1490,1490,,participant,1,2022-01-03,2022,1.0,Male,Black,2002.0,19.0,0.0,0.0,1.0,0.0,0.0,0.0,2023-07-04,-2,2020,2020-01-01,2021-01-01,0,0,0.0,0.0,0,0,0.0,0.0,1,0
P_1490,1490,,participant,1,2022-01-03,2022,1.0,Male,Black,2002.0,19.0,0.0,0.0,1.0,0.0,0.0,0.0,2023-07-04,-1,2021,2021-01-01,2022-01-01,0,0,0.0,0.0,0,0,0.0,0.0,1,0
P_1490,1490,,participant,1,2022-01-03,2022,1.0,Male,Black,2002.0,19.0,0.0,0.0,1.0,0.0,0.0,0.0,2023-07-04,0,2022,2022-01-01,2023-01-01,1,1,11170.010606220565,1.0,0,0,0.0,0.0,1,0
P_1490,1490,,participant,1,2022-01-03,2022,1.0,Male,Black,2002.0,19.0,0.0,0.0,1.0,0.0,0.0,0.0,2023-07-04,1,2023,2023-01-01,2024-01-01,1,1,3145.1509189857593,1.0,0,0,0.0,0.0,1,0
P_1494,1494,,participant,1,2022-01-10,2022,1.0,Male,Black,1996.0,18.0,5.0,1.0,5.0,1528.9908628116432,1.0,0.0,2023-07-11,-2,2020,2020-01-01,2021-01-01,0,0,0.0,0.0,1,1,0.0,0.0,1,0
P_1494,1494,,participant,1,2022-01-10,2022,1.0,Male,Black,1996.0,18.0,5.0,1.0,5.0,1528.9908628116432,1.0,0.0,2023-07-11,-1,2021,2021-01-01,2022-01-01,0,0,0.0,0.0,1,1,0.0,0.0,1,0
P_1494,1494,,participant,1,2022-01-10,2022,1.0,Male,Black,1996.0,18.0,5.0,1.0,5.0,1528.9908628116432,1.0,0.0,2023-07-11,0,2022,2022-01-01,2023-01-01,1,1,10433.45658592949,1.0,1,1,0.0,0.0,1,0
P_1494,1494,,participant,1,2022-01-10,2022,1.0,Male,Black,1996.0,18.0,5.0,1.0,5.0,1528.9908628116432,1.0,0.0,2023-07-11,1,2023,2023-01-01,2024-01-01,1,1,12726.339545446073,1.0,1,1,0.0,0.0,1,0
P_1497,1497,,participant,1,2022-09-06,2022,1.0,Male,Black,1994.0,25.0,2.0,0.0,2.0,0.0,1.0,0.0,2024-03-06,-2,2020,2020-01-01,2021-01-01,0,0,0.0,0.0,0,0,0.0,0.0,1,0
P_1497,1497,,participant,1,2022-09-06,2022,1.0,Male,Black,1994.0,25.0,2.0,0.0,2.0,0.0,1.0,0.0,2024-03-06,-1,2021,2021-01-01,2022-01-01,0,0,0.0,0.0,0,0,0.0,0.0,1,0
P_1497,1497,,participant,1,2022-09-06,2022,1.0,Male,Black,1994.0,25.0,2.0,0.0,2.0,0.0,1.0,0.0,2024-03-06,0,2022,2022-01-01,2023-01-01,1,1,21750.078306126645,1.0,0,0,0.0,0.0,1,0
P_1497,1497,,participant,1,2022-09-06,2022,1.0,Male,Black,1994.0,25.0,2.0,0.0,2.0,0.0,1.0,0.0,2024-03-06,1,2023,2023-01-01,2024-01-01,1,1,42582.77464547567,1.0,0,0,0.0,0.0,1,0
P_1498,1498,,participant,1,2022-01-10,2022,1.0,Male,Black,2002.0,19.0,0.0,0.0,1.0,0.0,0.0,0.0,2023-07-11,-2,2020,2020-01-01,2021-01-01,0,0,0.0,0.0,0,0,0.0,0.0,1,0
P_1498,1498,,participant,1,2022-01-10,2022,1.0,Male,Black,2002.0,19.0,0.0,0.0,1.0,0.0,0.0,0.0,2023-07-11,-1,2021,2021-01-01,2022-01-01,0,0,0.0,0.0,0,0,0.0,0.0,1,0
P_1498,1498,,participant,1,2022-01-10,2022,1.0,Male,Black,2002.0,19.0,0.0,0.0,1.0,0.0,0.0,0.0,2023-07-11,0,2022,2022-01-01,2023-01-01,1,1,14704.171643016753,1.0,0,0,0.0,0.0,1,0
P_1498,1498,,participant,1,2022-01-10,2022,1.0,Male,Black,2002.0,19.0,0.0,0.0,1.0,0.0,0.0,0.0,2023-07-11,1,2023,2023-01-01,2024-01-01,1,1,13655.153426693952,1.0,0,0,0.0,0.0,1,0
P_1499,1499,,participant,1,2022-01-18,2022,1.0,Male,Black,2000.0,20.0,3.0,1.0,3.0,0.0,0.0,0.0,2023-07-19,-2,2020,2020-01-01,2021-01-01,0,0,0.0,0.0,1,1,0.0,0.0,1,0
P_1499,1499,,participant,1,2022-01-18,2022,1.0,Male,Black,2000.0,20.0,3.0,1.0,3.0,0.0,0.0,0.0,2023-07-19,-1,2021,2021-01-01,2022-01-01,0,0,0.0,0.0,1,1,0.0,0.0,1,0
P_1499,1499,,participant,1,2022-01-18,2022,1.0,Male,Black,2000.0,20.0,3.0,1.0,3.0,0.0,0.0,0.0,2023-07-19,0,2022,2022-01-01,2023-01-01,1,1,0.0,0.0,1,1,0.0,0.0,1,0
P_1499,1499,,participant,1,2022-01-18,2022,1.0,Male,Black,2000.0,20.0,3.0,1.0,3.0,0.0,0.0,0.0,2023-07-19,1,2023,2023-01-01,2024-01-01,1,1,0.0,0.0,1,1,0.0,0.0,1,0
P_1500,1500,,participant,1,2022-01-18,2022,1.0,Male,Black,1985.0,36.0,0.0,0.0,1.0,2934.0185498711808,1.0,0.0,2023-07-19,-2,2020,2020-01-01,2021-01-01,0,0,0.0,0.0,0,0,0.0,0.0,1,0
P_1500,1500,,participant,1,2022-01-18,2022,1.0,Male,Black,1985.0,36.0,0.0,0.0,1.0,2934.0185498711808,1.0,0.0,2023-07-19,-1,2021,2021-01-01,2022-01-01,0,0,0.0,0.0,0,0,0.0,0.0,1,0
P_1500,1500,,participant,1,2022-01-18,2022,1.0,Male,Black,1985.0,36.0,0.0,0.0,1.0,2934.0185498711808,1.0,0.0,2023-07-19,0,2022,2022-01-01,2023-01-01,1,1,15722.660925386534,1.0,0,0,0.0,0.0,1,0
P_1500,1500,,participant,1,2022-01-18,2022,1.0,Male,Black,1985.0,36.0,0.0,0.0,1.0,2934.0185498711808,1.0,0.0,2023-07-19,1,2023,2023-01-01,2024-01-01,1,1,7365.418917079365,1.0,0,0,0.0,0.0,1,0
P_1501,1501,,participant,1,2022-01-18,2022,1.0,Male,Black,2001.0,18.0,2.0,1.0,3.0,1232.896619240308,1.0,0.0,2023-07-19,-2,2020,2020-01-01,2021-01-01,0,0,0.0,0.0,0,1,0.0,0.0,1,0
P_1501,1501,,participant,1,2022-01-18,2022,1.0,Male,Black,2001.0,18.0,2.0,1.0,3.0,1232.896619240308,1.0,0.0,2023-07-19,-1,2021,2021-01-01,2022-01-01,0,0,0.0,0.0,1,1,0.0,0.0,1,0
P_1501,1501,,participant,1,2022-01-18,2022,1.0,Male,Black,2001.0,18.0,2.0,1.0,3.0,1232.896619240308,1.0,0.0,2023-07-19,0,2022,2022-01-01,2023-01-01,1,1,3347.9746787744307,1.0,1,1,0.0,0.0,1,0
P_1501,1501,,participant,1,2022-01-18,2022,1.0,Male,Black,2001.0,18.0,2.0,1.0,3.0,1232.896619240308,1.0,0.0,2023-07-19,1,2023,2023-01-01,2024-01-01,1,1,0.0,0.0,1,1,0.0,0.0,1,0
P_1502,1502,,participant,1,2022-01-24,2022,1.0,Male,Black,2003.0,18.0,0.0,0.0,3.0,0.0,0.0,0.0,2023-07-25,-2,2020,2020-01-01,2021-01-01,0,0,0.0,0.0,0,0,0.0,0.0,1,0
P_1502,1502,,participant,1,2022-01-24,2022,1.0,Male,Black,2003.0,18.0,0.0,0.0,3.0,0.0,0.0,0.0,2023-07-25,-1,2021,2021-01-01,2022-01-01,0,0,0.0,0.0,0,0,0.0,0.0,1,0
P_1502,1502,,participant,1,2022-01-24,2022,1.0,Male,Black,2003.0,18.0,0.0,0.0,3.0,0.0,0.0,0.0,2023-07-25,0,2022,2022-01-01,2023-01-01,1,1,16727.430258649136,1.0,0,0,0.0,0.0,1,0
P_1502,1502,,participant,1,2022-01-24,2022,1.0,Male,Black,2003.0,18.0,0.0,0.0,3.0,0.0,0.0,0.0,2023-07-25,1,2023,2023-01-01,2024-01-01,1,1,19049.21175052025,1.0,0,0,0.0,0.0,1,0
P_1503,1503,,participant,1,2022-01-24,2022,1.0,Female,Black,2003.0,18.0,0.0,0.0,0.0,893.5762365399792,1.0,0.0,2023-07-25,-2,2020,2020-01-01,2021-01-01,0,0,0.0,0.0,0,0,0.0,0.0,0,0
P_1503,1503,,participant,1,2022-01-24,2022,1.0,Female,Black,2003.0,18.0,0.0,0.0,0.0,893.5762365399792,1.0,0.0,2023-07-25,-1,2021,2021-01-01,2022-01-01,0,0,0.0,0.0,0,0,0.0,0.0,0,0
P_1503,1503,,participant,1,2022-01-24,2022,1.0,Female,Black,2003.0,18.0,0.0,0.0,0.0,893.5762365399792,1.0,0.0,2023-07-25,0,2022,2022-01-01,2023-01-01,1,1,13147.76947666773,1.0,0,0,0.0,0.0,0,0
P_1503,1503,,participant,1,2022-01-24,2022,1.0,Female,Black,2003.0,18.0,0.0,0.0,0.0,893.5762365399792,1.0,0.0,2023-07-25,1,2023,2023-01-01,2024-01-01,1,1,13516.942957827629,1.0,0,0,0.0,0.0,0,0
P_1507,1507,,participant,1,2022-01-31,2022,1.0,Male,White,1985.0,19.0,5.0,0.0,5.0,0.0,0.0,0.0,2023-08-01,-2,2020,2020-01-01,2021-01-01,0,0,0.0,0.0,0,0,0.0,0.0,1,0
P_1507,1507,,participant,1,2022-01-31,2022,1.0,Male,White,1985.0,19.0,5.0,0.0,5.0,0.0,0.0,0.0,2023-08-01,-1,2021,2021-01-01,2022-01-01,0,0,0.0,0.0,0,0,0.0,0.0,1,0
P_1507,1507,,participant,1,2022-01-31,2022,1.0,Male,White,1985.0,19.0,5.0,0.0,5.0,0.0,0.0,0.0,2023-08-01,0,2022,2022-01-01,2023-01-01,1,1,0.0,0.0,0,0,0.0,0.0,1,0
P_1507,1507,,participant,1,2022-01-31,2022,1.0,Male,White,1985.0,19.0,5.0,0.0,5.0,0.0,0.0,0.0,2023-08-01,1,2023,2023-01-01,2024-01-01,1,1,0.0,0.0,0,0,0.0,0.0,1,0
P_1514,1514,,participant,1,2022-02-02,2022,1.0,Female,Black,1984.0,31.0,1.0,0.0,1.0,0.0,1.0,0.0,2023-08-03,-2,2020,2020-01-01,2021-01-01,0,0,0.0,0.0,0,0,0.0,0.0,1,0
P_1514,1514,,participant,1,2022-02-02,2022,1.0,Female,Black,1984.0,31.0,1.0,0.0,1.0,0.0,1.0,0.0,2023-08-03,-1,2021,2021-01-01,2022-01-01,0,0,0.0,0.0,0,0,0.0,0.0,1,0
P_1514,1514,,participant,1,2022-02-02,2022,1.0,Female,Black,1984.0,31.0,1.0,0.0,1.0,0.0,1.0,0.0,2023-08-03,0,2022,2022-01-01,2023-01-01,1,1,6478.182063197969,1.0,0,0,0.0,0.0,1,0
P_1514,1514,,participant,1,2022-02-02,2022,1.0,Female,Black,1984.0,31.0,1.0,0.0,1.0,0.0,1.0,0.0,2023-08-03,1,2023,2023-01-01,2024-01-01,1,1,0.0,0.0,0,0,0.0,0.0,1,0
P_1515,1515,,participant,1,2022-02-02,2022,1.0,Male,Black,2001.0,18.0,2.0,1.0,3.0,1232.896619240308,1.0,0.0,2023-08-03,-2,2020,2020-01-01,2021-01-01,0,0,0.0,0.0,0,0,0.0,0.0,1,0
P_1515,1515,,participant,1,2022-02-02,2022,1.0,Male,Black,2001.0,18.0,2.0,1.0,3.0,1232.896619240308,1.0,0.0,2023-08-03,-1,2021,2021-01-01,2022-01-01,0,0,0.0,0.0,0,0,0.0,0.0,1,0
P_1515,1515,,participant,1,2022-02-02,2022,1.0,Male,Black,2001.0,18.0,2.0,1.0,3.0,1232.896619240308,1.0,0.0,2023-08-03,0,2022,2022-01-01,2023-01-01,1,1,1322.1219252601702,1.0,0,1,2.0,1.0,1,1
P_1515,1515,,participant,1,2022-02-02,2022,1.0,Male,Black,2001.0,18.0,2.0,1.0,3.0,1232.896619240308,1.0,0.0,2023-08-03,1,2023,2023-01-01,2024-01-01,1,1,391.8674710770087,1.0,1,1,0.0,0.0,1,0
P_1516,1516,,participant,1,2022-02-07,2022,1.0,Male,Black,1983.0,21.0,5.0,0.0,5.0,0.0,0.0,0.0,2023-08-08,-2,2020,2020-01-01,2021-01-01,0,0,0.0,0.0,1,1,0.0,0.0,1,0
P_1516,1516,,participant,1,2022-02-07,2022,1.0,Male,Black,1983.0,21.0,5.0,0.0,5.0,0.0,0.0,0.0,2023-08-08,-1,2021,2021-01-01,2022-01-01,0,0,0.0,0.0,1,1,0.0,0.0,1,0
P_1516,1516,,participant,1,2022-02-07,2022,1.0,Male,Black,1983.0,21.0,5.0,0.0,5.0,0.0,0.0,0.0,2023-08-08,0,2022,2022-01-01,2023-01-01,1,1,28913.66815840266,1.0,1,1,0.0,0.0,1,0
P_1516,1516,,participant,1,2022-02-07,2022,1.0,Male,Black,1983.0,21.0,5.0,0.0,5.0,0.0,0.0,0.0,2023-08-08,1,2023,2023-01-01,2024-01-01,1,1,12550.650632500941,1.0,1,1,0.0,0.0,1,0
P_1517,1517,,participant,1,2022-02-02,2022,1.0,Female,Unknown,2000.0,20.0,0.0,0.0,1.0,0.0,0.0,0.0,2023-08-03,-2,2020,2020-01-01,2021-01-01,0,0,0.0,0.0,0,0,0.0,0.0,1,0
P_1517,1517,,participant,1,2022-02-02,2022,1.0,Female,Unknown,2000.0,20.0,0.0,0.0,1.0,0.0,0.0,0.0,2023-08-03,-1,2021,2021-01-01,2022-01-01,0,0,0.0,0.0,0,0,0.0,0.0,1,0
P_1517,1517,,participant,1,2022-02-02,2022,1.0,Female,Unknown,2000.0,20.0,0.0,0.0,1.0,0.0,0.0,0.0,2023-08-03,0,2022,2022-01-01,2023-01-01,1,1,0.0,0.0,0,0,0.0,0.0,1,0
P_1517,1517,,participant,1,2022-02-02,2022,1.0,Female,Unknown,2000.0,20.0,0.0,0.0,1.0,0.0,0.0,0.0,2023-08-03,1,2023,2023-01-01,2024-01-01,1,1,0.0,0.0,0,0,0.0,0.0,1,0
P_1519,1519,,participant,1,2022-02-07,2022,1.0,Male,Black,1989.0,21.0,1.0,0.0,1.0,23181.49198402471,1.0,0.0,2023-08-08,-2,2020,2020-01-01,2021-01-01,0,0,0.0,0.0,1,1,0.0,0.0,1,0
P_1519,1519,,participant,1,2022-02-07,2022,1.0,Male,Black,1989.0,21.0,1.0,0.0,1.0,23181.49198402471,1.0,0.0,2023-08-08,-1,2021,2021-01-01,2022-01-01,0,0,0.0,0.0,1,1,0.0,0.0,1,0
P_1519,1519,,participant,1,2022-02-07,2022,1.0,Male,Black,1989.0,21.0,1.0,0.0,1.0,23181.49198402471,1.0,0.0,2023-08-08,0,2022,2022-01-01,2023-01-01,1,1,1087.0662108392871,1.0,1,1,0.0,0.0,1,0
P_1519,1519,,participant,1,2022-02-07,2022,1.0,Male,Black,1989.0,21.0,1.0,0.0,1.0,23181.49198402471,1.0,0.0,2023-08-08,1,2023,2023-01-01,2024-01-01,1,1,0.0,0.0,1,1,0.0,0.0,1,0
P_1521,1521,,participant,1,2022-02-16,2022,1.0,Male,Black,1980.0,22.0,4.0,1.0,4.0,0.0,0.0,0.0,2023-08-17,-2,2020,2020-01-01,2021-01-01,0,0,0.0,0.0,1,1,0.0,0.0,1,0
P_1521,1521,,participant,1,2022-02-16,2022,1.0,Male,Black,1980.0,22.0,4.0,1.0,4.0,0.0,0.0,0.0,2023-08-17,-1,2021,2021-01-01,2022-01-01,0,0,0.0,0.0,1,1,0.0,0.0,1,0
P_1521,1521,,participant,1,2022-02-16,2022,1.0,Male,Black,1980.0,22.0,4.0,1.0,4.0,0.0,0.0,0.0,2023-08-17,0,2022,2022-01-01,2023-01-01,1,1,16864.313773173126,1.0,1,1,0.0,0.0,1,0
P_1521,1521,,participant,1,2022-02-16,2022,1.0,Male,Black,1980.0,22.0,4.0,1.0,4.0,0.0,0.0,0.0,2023-08-17,1,2023,2023-01-01,2024-01-01,1,1,27313.406748704474,1.0,1,1,0.0,0.0,1,0
P_1527,1527,,participant,1,2022-02-21,2022,1.0,Male,Black,1997.0,19.0,4.0,1.0,4.0,8545.204508798945,1.0,0.0,2023-08-22,-2,2020,2020-01-01,2021-01-01,0,0,0.0,0.0,0,0,0.0,0.0,1,0
P_1527,1527,,participant,1,2022-02-21,2022,1.0,Male,Black,1997.0,19.0,4.0,1.0,4.0,8545.204508798945,1.0,0.0,2023-08-22,-1,2021,2021-01-01,2022-01-01,0,0,0.0,0.0,0,0,0.0,0.0,1,0
P_1527,1527,,participant,1,2022-02-21,2022,1.0,Male,Black,1997.0,19.0,4.0,1.0,4.0,8545.204508798945,1.0,0.0,2023-08-22,0,2022,2022-01-01,2023-01-01,1,1,2432.343661305582,1.0,0,0,0.0,0.0,1,0
P_1527,1527,,participant,1,2022-02-21,2022,1.0,Male,Black,1997.0,19.0,4.0,1.0,4.0,8545.204508798945,1.0,0.0,2023-08-22,1,2023,2023-01-01,2024-01-01,1,1,182.67992094628477,1.0,0,0,0.0,0.0,1,0
P_1528,1528,,participant,1,2022-02-21,2022,1.0,Male,Black,1994.0,25.0,2.0,0.0,2.0,0.0,1.0,0.0,2023-08-22,-2,2020,2020-01-01,2021-01-01,0,0,0.0,0.0,1,1,0.0,0.0,1,0
P_1528,1528,,participant,1,2022-02-21,2022,1.0,Male,Black,1994.0,25.0,2.0,0.0,2.0,0.0,1.0,0.0,2023-08-22,-1,2021,2021-01-01,2022-01-01,0,0,0.0,0.0,1,1,0.0,0.0,1,0
P_1528,1528,,participant,1,2022-02-21,2022,1.0,Male,Black,1994.0,25.0,2.0,0.0,2.0,0.0,1.0,0.0,2023-08-22,0,2022,2022-01-01,2023-01-01,1,1,0.0,0.0,1,1,0.0,0.0,1,0
P_1528,1528,,participant,1,2022-02-21,2022,1.0,Male,Black,1994.0,25.0,2.0,0.0,2.0,0.0,1.0,0.0,2023-08-22,1,2023,2023-01-01,2024-01-01,1,1,0.0,0.0,1,1,1.0,1.0,1,1
P_1531,1531,,participant,1,2022-02-28,2022,1.0,Male,Black,2004.0,18.0,0.0,0.0,0.0,0.0,0.0,0.0,2023-08-29,-2,2020,2020-01-01,2021-01-01,0,0,0.0,0.0,0,0,0.0,0.0,0,0
P_1531,1531,,participant,1,2022-02-28,2022,1.0,Male,Black,2004.0,18.0,0.0,0.0,0.0,0.0,0.0,0.0,2023-08-29,-1,2021,2021-01-01,2022-01-01,0,0,0.0,0.0,0,0,0.0,0.0,0,0
P_1531,1531,,participant,1,2022-02-28,2022,1.0,Male,Black,2004.0,18.0,0.0,0.0,0.0,0.0,0.0,0.0,2023-08-29,0,2022,2022-01-01,2023-01-01,1,1,497.60073031375816,1.0,0,0,0.0,0.0,0,0
P_1531,1531,,participant,1,2022-02-28,2022,1.0,Male,Black,2004.0,18.0,0.0,0.0,0.0,0.0,0.0,0.0,2023-08-29,1,2023,2023-01-01,2024-01-01,1,1,80.17520485023678,1.0,0,0,0.0,0.0,0,0
P_1532,1532,,participant,1,2022-03-14,2022,1.0,Male,Black,1977.0,44.0,0.0,0.0,1.0,0.0,0.0,0.0,2023-09-12,-2,2020,2020-01-01,2021-01-01,0,0,0.0,0.0,0,0,0.0,0.0,1,0
P_1532,1532,,participant,1,2022-03-14,2022,1.0,Male,Black,1977.0,44.0,0.0,0.0,1.0,0.0,0.0,0.0,2023-09-12,-1,2021,2021-01-01,2022-01-01,0,0,0.0,0.0,0,0,0.0,0.0,1,0
P_1532,1532,,participant,1,2022-03-14,2022,1.0,Male,Black,1977.0,44.0,0.0,0.0,1.0,0.0,0.0,0.0,2023-09-12,0,2022,2022-01-01,2023-01-01,1,1,29121.432494249784,1.0,0,0,0.0,0.0,1,0
P_1532,1532,,participant,1,2022-03-14,2022,1.0,Male,Black,1977.0,44.0,0.0,0.0,1.0,0.0,0.0,0.0,2023-09-12,1,2023,2023-01-01,2024-01-01,1,1,17307.98527726106,1.0,0,0,0.0,0.0,1,0
P_1533,1533,,participant,1,2022-03-07,2022,1.0,Male,Black,2003.0,18.0,3.0,1.0,3.0,0.0,0.0,0.0,2023-09-05,-2,2020,2020-01-01,2021-01-01,0,0,0.0,0.0,0,0,0.0,0.0,1,0
P_1533,1533,,participant,1,2022-03-07,2022,1.0,Male,Black,2003.0,18.0,3.0,1.0,3.0,0.0,0.0,0.0,2023-09-05,-1,2021,2021-01-01,2022-01-01,0,0,0.0,0.0,0,0,0.0,0.0,1,0
P_1533,1533,,participant,1,2022-03-07,2022,1.0,Male,Black,2003.0,18.0,3.0,1.0,3.0,0.0,0.0,0.0,2023-09-05,0,2022,2022-01-01,2023-01-01,1,1,851.6330016812838,1.0,0,0,0.0,0.0,1,0
P_1533,1533,,participant,1,2022-03-07,2022,1.0,Male,Black,2003.0,18.0,3.0,1.0,3.0,0.0,0.0,0.0,2023-09-05,1,2023,2023-01-01,2024-01-01,1,1,9881.838442598733,1.0,0,0,0.0,0.0,1,0
P_1534,1534,,participant,1,2022-03-14,2022,1.0,Male,Black,1992.0,23.0,1.0,0.0,1.0,25114.31324347197,1.0,0.0,2023-09-12,-2,2020,2020-01-01,2021-01-01,0,0,0.0,0.0,0,0,0.0,0.0,1,0
P_1534,1534,,participant,1,2022-03-14,2022,1.0,Male,Black,1992.0,23.0,1.0,0.0,1.0,25114.31324347197,1.0,0.0,2023-09-12,-1,2021,2021-01-01,2022-01-01,0,0,0.0,0.0,0,0,0.0,0.0,1,0
P_1534,1534,,participant,1,2022-03-14,2022,1.0,Male,Black,1992.0,23.0,1.0,0.0,1.0,25114.31324347197,1.0,0.0,2023-09-12,0,2022,2022-01-01,2023-01-01,1,1,16819.15341688108,1.0,0,0,0.0,0.0,1,0
P_1534,1534,,participant,1,2022-03-14,2022,1.0,Male,Black,1992.0,23.0,1.0,0.0,1.0,25114.31324347197,1.0,0.0,2023-09-12,1,2023,2023-01-01,2024-01-01,1,1,360.73279529280796,1.0,0,0,0.0,0.0,1,0
P_1537,1537,,participant,1,2022-03-14,2022,1.0,Male,Black,2001.0,18.0,2.0,1.0,3.0,1232.896619240308,1.0,0.0,2023-09-12,-2,2020,2020-01-01,2021-01-01,0,0,0.0,0.0,0,0,0.0,0.0,1,0
P_1537,1537,,participant,1,2022-03-14,2022,1.0,Male,Black,2001.0,18.0,2.0,1.0,3.0,1232.896619240308,1.0,0.0,2023-09-12,-1,2021,2021-01-01,2022-01-01,0,0,0.0,0.0,0,0,0.0,0.0,1,0
P_1537,1537,,participant,1,2022-03-14,2022,1.0,Male,Black,2001.0,18.0,2.0,1.0,3.0,1232.896619240308,1.0,0.0,2023-09-12,0,2022,2022-01-01,2023-01-01,1,1,11477.48880285481,1.0,0,0,0.0,0.0,1,0
P_1537,1537,,participant,1,2022-03-14,2022,1.0,Male,Black,2001.0,18.0,2.0,1.0,3.0,1232.896619240308,1.0,0.0,2023-09-12,1,2023,2023-01-01,2024-01-01,1,1,5343.268147900367,1.0,0,0,0.0,0.0,1,0
P_1539,1539,,participant,1,2022-03-14,2022,1.0,Female,Black,2002.0,19.0,0.0,0.0,4.0,0.0,0.0,0.0,2023-09-12,-2,2020,2020-01-01,2021-01-01,0,0,0.0,0.0,0,0,0.0,0.0,1,0
P_1539,1539,,participant,1,2022-03-14,2022,1.0,Female,Black,2002.0,19.0,0.0,0.0,4.0,0.0,0.0,0.0,2023-09-12,-1,2021,2021-01-01,2022-01-01,0,0,0.0,0.0,0,0,0.0,0.0,1,0
P_1539,1539,,participant,1,2022-03-14,2022,1.0,Female,Black,2002.0,19.0,0.0,0.0,4.0,0.0,0.0,0.0,2023-09-12,0,2022,2022-01-01,2023-01-01,1,1,13314.010199258077,1.0,0,0,0.0,0.0,1,0
P_1539,1539,,participant,1,2022-03-14,2022,1.0,Female,Black,2002.0,19.0,0.0,0.0,4.0,0.0,0.0,0.0,2023-09-12,1,2023,2023-01-01,2024-01-01,1,1,8173.776150608404,1.0,0,0,0.0,0.0,1,0
P_1540,1540,,participant,1,2022-03-21,2022,1.0,Male,Black,1997.0,19.0,4.0,1.0,4.0,8545.204508798945,1.0,0.0,2023-09-19,-2,2020,2020-01-01,2021-01-01,0,0,0.0,0.0,1,1,0.0,0.0,1,0
P_1540,1540,,participant,1,2022-03-21,2022,1.0,Male,Black,1997.0,19.0,4.0,1.0,4.0,8545.204508798945,1.0,0.0,2023-09-19,-1,2021,2021-01-01,2022-01-01,0,0,0.0,0.0,1,1,0.0,0.0,1,0
P_1540,1540,,participant,1,2022-03-21,2022,1.0,Male,Black,1997.0,19.0,4.0,1.0,4.0,8545.204508798945,1.0,0.0,2023-09-19,0,2022,2022-01-01,2023-01-01,1,1,8995.120628139937,1.0,1,1,0.0,0.0,1,0
P_1540,1540,,participant,1,2022-03-21,2022,1.0,Male,Black,1997.0,19.0,4.0,1.0,4.0,8545.204508798945,1.0,0.0,2023-09-19,1,2023,2023-01-01,2024-01-01,1,1,4537.259431875165,1.0,1,1,0.0,0.0,1,0
P_1541,1541,,participant,1,2022-03-14,2022,1.0,Male,Black,1996.0,18.0,5.0,1.0,5.0,1528.9908628116432,1.0,0.0,2023-09-12,-2,2020,2020-01-01,2021-01-01,0,0,0.0,0.0,0,0,0.0,0.0,1,0
P_1541,1541,,participant,1,2022-03-14,2022,1.0,Male,Black,1996.0,18.0,5.0,1.0,5.0,1528.9908628116432,1.0,0.0,2023-09-12,-1,2021,2021-01-01,2022-01-01,0,0,0.0,0.0,0,0,0.0,0.0,1,0
P_1541,1541,,participant,1,2022-03-14,2022,1.0,Male,Black,1996.0,18.0,5.0,1.0,5.0,1528.9908628116432,1.0,0.0,2023-09-12,0,2022,2022-01-01,2023-01-01,1,1,82125.64234719447,1.0,0,0,0.0,0.0,1,0
P_1541,1541,,participant,1,2022-03-14,2022,1.0,Male,Black,1996.0,18.0,5.0,1.0,5.0,1528.9908628116432,1.0,0.0,2023-09-12,1,2023,2023-01-01,2024-01-01,1,1,44788.73415094067,1.0,0,0,0.0,0.0,1,0
P_1542,1542,,participant,1,2022-03-28,2022,1.0,Male,Black,2001.0,18.0,2.0,1.0,3.0,1232.896619240308,1.0,0.0,2023-09-26,-2,2020,2020-01-01,2021-01-01,0,0,0.0,0.0,0,0,0.0,0.0,1,0
P_1542,1542,,participant,1,2022-03-28,2022,1.0,Male,Black,2001.0,18.0,2.0,1.0,3.0,1232.896619240308,1.0,0.0,2023-09-26,-1,2021,2021-01-01,2022-01-01,0,0,0.0,0.0,0,0,0.0,0.0,1,0
P_1542,1542,,participant,1,2022-03-28,2022,1.0,Male,Black,2001.0,18.0,2.0,1.0,3.0,1232.896619240308,1.0,0.0,2023-09-26,0,2022,2022-01-01,2023-01-01,1,1,2158.8674025909095,1.0,0,0,0.0,0.0,1,0
P_1542,1542,,participant,1,2022-03-28,2022,1.0,Male,Black,2001.0,18.0,2.0,1.0,3.0,1232.896619240308,1.0,0.0,2023-09-26,1,2023,2023-01-01,2024-01-01,1,1,5418.095573337831,1.0,0,0,0.0,0.0,1,0
P_1543,1543,,participant,1,2022-04-04,2022,1.0,Male,Black,1992.0,23.0,1.0,0.0,1.0,26860.663924663924,1.0,0.0,2023-10-03,-2,2020,2020-01-01,2021-01-01,0,0,0.0,0.0,1,1,0.0,0.0,1,0
P_1543,1543,,participant,1,2022-04-04,2022,1.0,Male,Black,1992.0,23.0,1.0,0.0,1.0,26860.663924663924,1.0,0.0,2023-10-03,-1,2021,2021-01-01,2022-01-01,0,0,0.0,0.0,1,1,0.0,0.0,1,0
P_1543,1543,,participant,1,2022-04-04,2022,1.0,Male,Black,1992.0,23.0,1.0,0.0,1.0,26860.663924663924,1.0,0.0,2023-10-03,0,2022,2022-01-01,2023-01-01,1,1,0.0,0.0,1,1,1.0,1.0,1,1
P_1543,1543,,participant,1,2022-04-04,2022,1.0,Male,Black,1992.0,23.0,1.0,0.0,1.0,26860.663924663924,1.0,0.0,2023-10-03,1,2023,2023-01-01,2024-01-01,1,1,9739.317648430178,1.0,1,1,0.0,0.0,1,0
P_1546,1546,,participant,1,2022-03-29,2022,1.0,Male,Black,1995.0,32.0,1.0,0.0,2.0,619.5585432711134,1.0,0.0,2023-09-27,-2,2020,2020-01-01,2021-01-01,0,0,0.0,0.0,0,1,0.0,0.0,1,0
P_1546,1546,,participant,1,2022-03-29,2022,1.0,Male,Black,1995.0,32.0,1.0,0.0,2.0,619.5585432711134,1.0,0.0,2023-09-27,-1,2021,2021-01-01,2022-01-01,0,0,0.0,0.0,1,1,0.0,0.0,1,0
P_1546,1546,,participant,1,2022-03-29,2022,1.0,Male,Black,1995.0,32.0,1.0,0.0,2.0,619.5585432711134,1.0,0.0,2023-09-27,0,2022,2022-01-01,2023-01-01,1,1,7659.000080720842,1.0,1,1,0.0,0.0,1,0
P_1546,1546,,participant,1,2022-03-29,2022,1.0,Male,Black,1995.0,32.0,1.0,0.0,2.0,619.5585432711134,1.0,0.0,2023-09-27,1,2023,2023-01-01,2024-01-01,1,1,2575.589214010257,1.0,1,1,1.0,1.0,1,1
P_1548,1548,,participant,1,2022-04-04,2022,1.0,Male,Black,1993.0,26.0,1.0,0.0,1.0,0.0,0.0,0.0,2023-10-03,-2,2020,2020-01-01,2021-01-01,0,0,0.0,0.0,0,0,0.0,0.0,1,0
P_1548,1548,,participant,1,2022-04-04,2022,1.0,Male,Black,1993.0,26.0,1.0,0.0,1.0,0.0,0.0,0.0,2023-10-03,-1,2021,2021-01-01,2022-01-01,0,0,0.0,0.0,0,0,0.0,0.0,1,0
P_1548,1548,,participant,1,2022-04-04,2022,1.0,Male,Black,1993.0,26.0,1.0,0.0,1.0,0.0,0.0,0.0,2023-10-03,0,2022,2022-01-01,2023-01-01,1,1,3226.6669935123928,1.0,0,0,0.0,0.0,1,0
P_1548,1548,,participant,1,2022-04-04,2022,1.0,Male,Black,1993.0,26.0,1.0,0.0,1.0,0.0,0.0,0.0,2023-10-03,1,2023,2023-01-01,2024-01-01,1,1,12403.5549002871,1.0,0,0,0.0,0.0,1,0
P_1556,1556,,participant,1,2022-04-18,2022,1.0,Male,Black,2002.0,19.0,0.0,0.0,1.0,0.0,0.0,0.0,2023-10-17,-2,2020,2020-01-01,2021-01-01,0,0,0.0,0.0,0,0,0.0,0.0,1,0
P_1556,1556,,participant,1,2022-04-18,2022,1.0,Male,Black,2002.0,19.0,0.0,0.0,1.0,0.0,0.0,0.0,2023-10-17,-1,2021,2021-01-01,2022-01-01,0,0,0.0,0.0,0,0,0.0,0.0,1,0
P_1556,1556,,participant,1,2022-04-18,2022,1.0,Male,Black,2002.0,19.0,0.0,0.0,1.0,0.0,0.0,0.0,2023-10-17,0,2022,2022-01-01,2023-01-01,1,1,1593.1597803198772,1.0,0,0,0.0,0.0,1,0
P_1556,1556,,participant,1,2022-04-18,2022,1.0,Male,Black,2002.0,19.0,0.0,0.0,1.0,0.0,0.0,0.0,2023-10-17,1,2023,2023-01-01,2024-01-01,1,1,29403.23636913608,1.0,0,0,0.0,0.0,1,0
P_1560,1560,,participant,1,2022-04-25,2022,1.0,Male,Black,2001.0,18.0,2.0,1.0,3.0,3388.5505567282735,1.0,0.0,2023-10-24,-2,2020,2020-01-01,2021-01-01,0,0,0.0,0.0,1,1,0.0,0.0,1,0
P_1560,1560,,participant,1,2022-04-25,2022,1.0,Male,Black,2001.0,18.0,2.0,1.0,3.0,3388.5505567282735,1.0,0.0,2023-10-24,-1,2021,2021-01-01,2022-01-01,0,0,0.0,0.0,1,1,0.0,0.0,1,0
P_1560,1560,,participant,1,2022-04-25,2022,1.0,Male,Black,2001.0,18.0,2.0,1.0,3.0,3388.5505567282735,1.0,0.0,2023-10-24,0,2022,2022-01-01,2023-01-01,1,1,4824.649692730654,1.0,1,1,2.0,1.0,1,1
P_1560,1560,,participant,1,2022-04-25,2022,1.0,Male,Black,2001.0,18.0,2.0,1.0,3.0,3388.5505567282735,1.0,0.0,2023-10-24,1,2023,2023-01-01,2024-01-01,1,1,1467.8119229521253,1.0,1,1,1.0,1.0,1,1
P_1568,1568,,participant,1,2022-05-02,2022,1.0,Female,Black,1998.0,20.0,1.0,0.0,1.0,0.0,0.0,0.0,2023-10-31,-2,2020,2020-01-01,2021-01-01,0,0,0.0,0.0,0,0,0.0,0.0,1,0
P_1568,1568,,participant,1,2022-05-02,2022,1.0,Female,Black,1998.0,20.0,1.0,0.0,1.0,0.0,0.0,0.0,2023-10-31,-1,2021,2021-01-01,2022-01-01,0,0,0.0,0.0,0,0,0.0,0.0,1,0
P_1568,1568,,participant,1,2022-05-02,2022,1.0,Female,Black,1998.0,20.0,1.0,0.0,1.0,0.0,0.0,0.0,2023-10-31,0,2022,2022-01-01,2023-01-01,1,1,3531.2754373839393,1.0,0,0,0.0,0.0,1,0
P_1568,1568,,participant,1,2022-05-02,2022,1.0,Female,Black,1998.0,20.0,1.0,0.0,1.0,0.0,0.0,0.0,2023-10-31,1,2023,2023-01-01,2024-01-01,1,1,4306.193887007194,1.0,0,0,0.0,0.0,1,0
P_1569,1569,,participant,1,2022-05-02,2022,1.0,Male,Black,2004.0,18.0,0.0,0.0,0.0,0.0,0.0,0.0,2023-10-31,-2,2020,2020-01-01,2021-01-01,0,0,0.0,0.0,0,0,0.0,0.0,0,0
P_1569,1569,,participant,1,2022-05-02,2022,1.0,Male,Black,2004.0,18.0,0.0,0.0,0.0,0.0,0.0,0.0,2023-10-31,-1,2021,2021-01-01,2022-01-01,0,0,0.0,0.0,0,0,0.0,0.0,0,0
P_1569,1569,,participant,1,2022-05-02,2022,1.0,Male,Black,2004.0,18.0,0.0,0.0,0.0,0.0,0.0,0.0,2023-10-31,0,2022,2022-01-01,2023-01-01,1,1,729.3263576176105,1.0,0,0,0.0,0.0,0,0
P_1569,1569,,participant,1,2022-05-02,2022,1.0,Male,Black,2004.0,18.0,0.0,0.0,0.0,0.0,0.0,0.0,2023-10-31,1,2023,2023-01-01,2024-01-01,1,1,292.02178666560644,1.0,0,1,1.0,1.0,0,0
P_1573,1573,,participant,1,2022-05-10,2022,1.0,Male,Black,1999.0,21.0,1.0,0.0,1.0,0.0,0.0,0.0,2023-11-08,-2,2020,2020-01-01,2021-01-01,0,0,0.0,0.0,0,0,0.0,0.0,1,0
P_1573,1573,,participant,1,2022-05-10,2022,1.0,Male,Black,1999.0,21.0,1.0,0.0,1.0,0.0,0.0,0.0,2023-11-08,-1,2021,2021-01-01,2022-01-01,0,0,0.0,0.0,0,0,0.0,0.0,1,0
P_1573,1573,,participant,1,2022-05-10,2022,1.0,Male,Black,1999.0,21.0,1.0,0.0,1.0,0.0,0.0,0.0,2023-11-08,0,2022,2022-01-01,2023-01-01,1,1,1923.7815861592487,1.0,0,1,1.0,1.0,1,1
P_1573,1573,,participant,1,2022-05-10,2022,1.0,Male,Black,1999.0,21.0,1.0,0.0,1.0,0.0,0.0,0.0,2023-11-08,1,2023,2023-01-01,2024-01-01,1,1,15248.54010801913,1.0,1,1,0.0,0.0,1,0
P_1576,1576,,participant,1,2022-05-16,2022,1.0,Male,White,1982.0,26.0,1.0,0.0,1.0,15513.587769458492,1.0,0.0,2023-11-14,-2,2020,2020-01-01,2021-01-01,0,0,0.0,0.0,1,1,0.0,0.0,1,0
P_1576,1576,,participant,1,2022-05-16,2022,1.0,Male,White,1982.0,26.0,1.0,0.0,1.0,15513.587769458492,1.0,0.0,2023-11-14,-1,2021,2021-01-01,2022-01-01,0,0,0.0,0.0,1,1,0.0,0.0,1,0
P_1576,1576,,participant,1,2022-05-16,2022,1.0,Male,White,1982.0,26.0,1.0,0.0,1.0,15513.587769458492,1.0,0.0,2023-11-14,0,2022,2022-01-01,2023-01-01,1,1,206.35722733046492,1.0,1,1,0.0,0.0,1,0
P_1576,1576,,participant,1,2022-05-16,2022,1.0,Male,White,1982.0,26.0,1.0,0.0,1.0,15513.587769458492,1.0,0.0,2023-11-14,1,2023,2023-01-01,2024-01-01,1,1,8934.496433781973,1.0,1,1,0.0,0.0,1,0
P_1577,1577,,participant,1,2023-07-17,2023,1.0,Female,Black,2002.0,19.0,4.0,0.0,4.0,0.0,0.0,0.0,2025-01-14,-2,2021,2021-01-01,2022-01-01,0,0,0.0,0.0,0,0,0.0,0.0,1,0
P_1577,1577,,participant,1,2023-07-17,2023,1.0,Female,Black,2002.0,19.0,4.0,0.0,4.0,0.0,0.0,0.0,2025-01-14,-1,2022,2022-01-01,2023-01-01,0,0,0.0,0.0,0,0,0.0,0.0,1,0
P_1577,1577,,participant,1,2023-07-17,2023,1.0,Female,Black,2002.0,19.0,4.0,0.0,4.0,0.0,0.0,0.0,2025-01-14,0,2023,2023-01-01,2024-01-01,1,1,8508.69949769814,1.0,0,0,0.0,0.0,1,0
P_1577,1577,,participant,1,2023-07-17,2023,1.0,Female,Black,2002.0,19.0,4.0,0.0,4.0,0.0,0.0,0.0,2025-01-14,1,2024,2024-01-01,2025-01-01,1,1,12866.146610353058,1.0,0,1,1.0,1.0,1,1
P_1581,1581,,participant,1,2022-05-16,2022,1.0,Male,Black,2002.0,19.0,0.0,0.0,1.0,0.0,0.0,0.0,2023-11-14,-2,2020,2020-01-01,2021-01-01,0,0,0.0,0.0,0,0,0.0,0.0,1,0
P_1581,1581,,participant,1,2022-05-16,2022,1.0,Male,Black,2002.0,19.0,0.0,0.0,1.0,0.0,0.0,0.0,2023-11-14,-1,2021,2021-01-01,2022-01-01,0,0,0.0,0.0,0,0,0.0,0.0,1,0
P_1581,1581,,participant,1,2022-05-16,2022,1.0,Male,Black,2002.0,19.0,0.0,0.0,1.0,0.0,0.0,0.0,2023-11-14,0,2022,2022-01-01,2023-01-01,1,1,17074.78119130111,1.0,0,0,0.0,0.0,1,0
P_1581,1581,,participant,1,2022-05-16,2022,1.0,Male,Black,2002.0,19.0,0.0,0.0,1.0,0.0,0.0,0.0,2023-11-14,1,2023,2023-01-01,2024-01-01,1,1,32951.94203686732,1.0,0,0,0.0,0.0,1,0
P_1590,1590,,participant,1,2022-05-31,2022,1.0,Female,Black,1995.0,22.0,1.0,0.0,1.0,25293.27058168404,1.0,0.0,2023-11-29,-2,2020,2020-01-01,2021-01-01,0,0,0.0,0.0,0,0,0.0,0.0,1,0
P_1590,1590,,participant,1,2022-05-31,2022,1.0,Female,Black,1995.0,22.0,1.0,0.0,1.0,25293.27058168404,1.0,0.0,2023-11-29,-1,2021,2021-01-01,2022-01-01,0,0,0.0,0.0,0,0,0.0,0.0,1,0
P_1590,1590,,participant,1,2022-05-31,2022,1.0,Female,Black,1995.0,22.0,1.0,0.0,1.0,25293.27058168404,1.0,0.0,2023-11-29,0,2022,2022-01-01,2023-01-01,1,1,11216.181395740978,1.0,0,0,0.0,0.0,1,0
P_1590,1590,,participant,1,2022-05-31,2022,1.0,Female,Black,1995.0,22.0,1.0,0.0,1.0,25293.27058168404,1.0,0.0,2023-11-29,1,2023,2023-01-01,2024-01-01,1,1,591.558839899813,1.0,0,0,0.0,0.0,1,0
P_1591,1591,,participant,1,2022-06-01,2022,1.0,Male,Black,1998.0,20.0,2.0,1.0,2.0,0.0,0.0,0.0,2023-11-30,-2,2020,2020-01-01,2021-01-01,0,0,0.0,0.0,0,0,0.0,0.0,1,0
P_1591,1591,,participant,1,2022-06-01,2022,1.0,Male,Black,1998.0,20.0,2.0,1.0,2.0,0.0,0.0,0.0,2023-11-30,-1,2021,2021-01-01,2022-01-01,0,0,0.0,0.0,0,1,0.0,0.0,1,0
P_1591,1591,,participant,1,2022-06-01,2022,1.0,Male,Black,1998.0,20.0,2.0,1.0,2.0,0.0,0.0,0.0,2023-11-30,0,2022,2022-01-01,2023-01-01,1,1,2626.3382678300327,1.0,1,1,0.0,0.0,1,0
P_1591,1591,,participant,1,2022-06-01,2022,1.0,Male,Black,1998.0,20.0,2.0,1.0,2.0,0.0,0.0,0.0,2023-11-30,1,2023,2023-01-01,2024-01-01,1,1,1046.7692720550233,1.0,1,1,1.0,1.0,1,1
P_1599,1599,,participant,1,2022-06-06,2022,1.0,Female,Black,1999.0,21.0,1.0,0.0,1.0,2084.8731559841212,1.0,0.0,2023-12-05,-2,2020,2020-01-01,2021-01-01,0,0,0.0,0.0,0,0,0.0,0.0,1,0
P_1599,1599,,participant,1,2022-06-06,2022,1.0,Female,Black,1999.0,21.0,1.0,0.0,1.0,2084.8731559841212,1.0,0.0,2023-12-05,-1,2021,2021-01-01,2022-01-01,0,0,0.0,0.0,0,0,0.0,0.0,1,0
P_1599,1599,,participant,1,2022-06-06,2022,1.0,Female,Black,1999.0,21.0,1.0,0.0,1.0,2084.8731559841212,1.0,0.0,2023-12-05,0,2022,2022-01-01,2023-01-01,1,1,12119.923111463995,1.0,0,0,0.0,0.0,1,0
P_1599,1599,,participant,1,2022-06-06,2022,1.0,Female,Black,1999.0,21.0,1.0,0.0,1.0,2084.8731559841212,1.0,0.0,2023-12-05,1,2023,2023-01-01,2024-01-01,1,1,20802.314752564424,1.0,0,0,0.0,0.0,1,0
P_1602,1602,,participant,1,2022-06-06,2022,1.0,Female,Black,1996.0,22.0,4.0,0.0,4.0,9418.157111175171,1.0,0.0,2023-12-05,-2,2020,2020-01-01,2021-01-01,0,0,0.0,0.0,0,0,0.0,0.0,1,0
P_1602,1602,,participant,1,2022-06-06,2022,1.0,Female,Black,1996.0,22.0,4.0,0.0,4.0,9418.157111175171,1.0,0.0,2023-12-05,-1,2021,2021-01-01,2022-01-01,0,0,0.0,0.0,0,0,0.0,0.0,1,0
P_1602,1602,,participant,1,2022-06-06,2022,1.0,Female,Black,1996.0,22.0,4.0,0.0,4.0,9418.157111175171,1.0,0.0,2023-12-05,0,2022,2022-01-01,2023-01-01,1,1,24228.096578760997,1.0,0,0,0.0,0.0,1,0
P_1602,1602,,participant,1,2022-06-06,2022,1.0,Female,Black,1996.0,22.0,4.0,0.0,4.0,9418.157111175171,1.0,0.0,2023-12-05,1,2023,2023-01-01,2024-01-01,1,1,29349.388238543623,1.0,0,0,0.0,0.0,1,0
P_1603,1603,,participant,1,2022-06-13,2022,1.0,Male,Black,2002.0,19.0,0.0,0.0,1.0,0.0,0.0,0.0,2023-12-12,-2,2020,2020-01-01,2021-01-01,0,0,0.0,0.0,0,0,0.0,0.0,1,0
P_1603,1603,,participant,1,2022-06-13,2022,1.0,Male,Black,2002.0,19.0,0.0,0.0,1.0,0.0,0.0,0.0,2023-12-12,-1,2021,2021-01-01,2022-01-01,0,0,0.0,0.0,0,0,0.0,0.0,1,0
P_1603,1603,,participant,1,2022-06-13,2022,1.0,Male,Black,2002.0,19.0,0.0,0.0,1.0,0.0,0.0,0.0,2023-12-12,0,2022,2022-01-01,2023-01-01,1,1,753.5096773322624,1.0,0,1,1.0,1.0,1,1
P_1603,1603,,participant,1,2022-06-13,2022,1.0,Male,Black,2002.0,19.0,0.0,0.0,1.0,0.0,0.0,0.0,2023-12-12,1,2023,2023-01-01,2024-01-01,1,1,2399.7672860647513,1.0,1,1,0.0,0.0,1,0
P_1610,1610,,participant,1,2022-06-27,2022,1.0,Male,Black,2000.0,20.0,3.0,1.0,3.0,0.0,0.0,0.0,2023-12-26,-2,2020,2020-01-01,2021-01-01,0,0,0.0,0.0,0,1,0.0,0.0,1,0
P_1610,1610,,participant,1,2022-06-27,2022,1.0,Male,Black,2000.0,20.0,3.0,1.0,3.0,0.0,0.0,0.0,2023-12-26,-1,2021,2021-01-01,2022-01-01,0,0,0.0,0.0,1,1,0.0,0.0,1,0
P_1610,1610,,participant,1,2022-06-27,2022,1.0,Male,Black,2000.0,20.0,3.0,1.0,3.0,0.0,0.0,0.0,2023-12-26,0,2022,2022-01-01,2023-01-01,1,1,3608.405792468947,1.0,1,1,0.0,0.0,1,0
P_1610,1610,,participant,1,2022-06-27,2022,1.0,Male,Black,2000.0,20.0,3.0,1.0,3.0,0.0,0.0,0.0,2023-12-26,1,2023,2023-01-01,2024-01-01,1,1,6933.103857365522,1.0,1,1,0.0,0.0,1,0
P_1611,1611,,participant,1,2022-06-27,2022,1.0,Male,Black,2003.0,18.0,3.0,1.0,3.0,0.0,0.0,0.0,2023-12-26,-2,2020,2020-01-01,2021-01-01,0,0,0.0,0.0,0,0,0.0,0.0,1,0
P_1611,1611,,participant,1,2022-06-27,2022,1.0,Male,Black,2003.0,18.0,3.0,1.0,3.0,0.0,0.0,0.0,2023-12-26,-1,2021,2021-01-01,2022-01-01,0,0,0.0,0.0,0,0,0.0,0.0,1,0
P_1611,1611,,participant,1,2022-06-27,2022,1.0,Male,Black,2003.0,18.0,3.0,1.0,3.0,0.0,0.0,0.0,2023-12-26,0,2022,2022-01-01,2023-01-01,1,1,17084.647355239962,1.0,0,0,0.0,0.0,1,0
P_1611,1611,,participant,1,2022-06-27,2022,1.0,Male,Black,2003.0,18.0,3.0,1.0,3.0,0.0,0.0,0.0,2023-12-26,1,2023,2023-01-01,2024-01-01,1,1,21106.093837800607,1.0,0,0,0.0,0.0,1,0
P_1613,1613,,participant,1,2022-06-22,2022,1.0,Male,Black,1993.0,26.0,1.0,0.0,1.0,0.0,0.0,0.0,2023-12-21,-2,2020,2020-01-01,2021-01-01,0,0,0.0,0.0,1,1,0.0,0.0,1,0
P_1613,1613,,participant,1,2022-06-22,2022,1.0,Male,Black,1993.0,26.0,1.0,0.0,1.0,0.0,0.0,0.0,2023-12-21,-1,2021,2021-01-01,2022-01-01,0,0,0.0,0.0,1,1,0.0,0.0,1,0
P_1613,1613,,participant,1,2022-06-22,2022,1.0,Male,Black,1993.0,26.0,1.0,0.0,1.0,0.0,0.0,0.0,2023-12-21,0,2022,2022-01-01,2023-01-01,1,1,0.0,0.0,1,1,0.0,0.0,1,0
P_1613,1613,,participant,1,2022-06-22,2022,1.0,Male,Black,1993.0,26.0,1.0,0.0,1.0,0.0,0.0,0.0,2023-12-21,1,2023,2023-01-01,2024-01-01,1,1,21464.58382981634,1.0,1,1,0.0,0.0,1,0
P_1618,1618,,participant,1,2022-07-11,2022,1.0,Male,Black,1997.0,19.0,4.0,1.0,4.0,8545.204508798945,1.0,0.0,2024-01-09,-2,2020,2020-01-01,2021-01-01,0,0,0.0,0.0,1,1,0.0,0.0,1,0
P_1618,1618,,participant,1,2022-07-11,2022,1.0,Male,Black,1997.0,19.0,4.0,1.0,4.0,8545.204508798945,1.0,0.0,2024-01-09,-1,2021,2021-01-01,2022-01-01,0,0,0.0,0.0,1,1,0.0,0.0,1,0
P_1618,1618,,participant,1,2022-07-11,2022,1.0,Male,Black,1997.0,19.0,4.0,1.0,4.0,8545.204508798945,1.0,0.0,2024-01-09,0,2022,2022-01-01,2023-01-01,1,1,0.0,0.0,1,1,0.0,0.0,1,0
P_1618,1618,,participant,1,2022-07-11,2022,1.0,Male,Black,1997.0,19.0,4.0,1.0,4.0,8545.204508798945,1.0,0.0,2024-01-09,1,2023,2023-01-01,2024-01-01,1,1,1976.7123533536142,1.0,1,1,0.0,0.0,1,0
P_1621,1621,,participant,1,2022-07-11,2022,1.0,Male,Black,1989.0,21.0,1.0,0.0,1.0,10411.150294236963,1.0,0.0,2024-01-09,-2,2020,2020-01-01,2021-01-01,0,0,0.0,0.0,1,1,0.0,0.0,1,0
P_1621,1621,,participant,1,2022-07-11,2022,1.0,Male,Black,1989.0,21.0,1.0,0.0,1.0,10411.150294236963,1.0,0.0,2024-01-09,-1,2021,2021-01-01,2022-01-01,0,0,0.0,0.0,1,1,0.0,0.0,1,0
P_1621,1621,,participant,1,2022-07-11,2022,1.0,Male,Black,1989.0,21.0,1.0,0.0,1.0,10411.150294236963,1.0,0.0,2024-01-09,0,2022,2022-01-01,2023-01-01,1,1,0.0,0.0,1,1,0.0,0.0,1,0
P_1621,1621,,participant,1,2022-07-11,2022,1.0,Male,Black,1989.0,21.0,1.0,0.0,1.0,10411.150294236963,1.0,0.0,2024-01-09,1,2023,2023-01-01,2024-01-01,1,1,0.0,0.0,1,1,0.0,0.0,1,0
P_1626,1626,,participant,1,2022-07-25,2022,1.0,Male,Black,2001.0,18.0,2.0,1.0,3.0,4541.899218467865,1.0,0.0,2024-01-23,-2,2020,2020-01-01,2021-01-01,0,0,0.0,0.0,0,0,0.0,0.0,1,0
P_1626,1626,,participant,1,2022-07-25,2022,1.0,Male,Black,2001.0,18.0,2.0,1.0,3.0,4541.899218467865,1.0,0.0,2024-01-23,-1,2021,2021-01-01,2022-01-01,0,0,0.0,0.0,0,0,0.0,0.0,1,0
P_1626,1626,,participant,1,2022-07-25,2022,1.0,Male,Black,2001.0,18.0,2.0,1.0,3.0,4541.899218467865,1.0,0.0,2024-01-23,0,2022,2022-01-01,2023-01-01,1,1,0.0,0.0,0,0,0.0,0.0,1,0
P_1626,1626,,participant,1,2022-07-25,2022,1.0,Male,Black,2001.0,18.0,2.0,1.0,3.0,4541.899218467865,1.0,0.0,2024-01-23,1,2023,2023-01-01,2024-01-01,1,1,15805.805116302914,1.0,0,0,0.0,0.0,1,0
P_1634,1634,,participant,1,2024-07-22,2024,1.0,Male,Black,1992.0,23.0,1.0,0.0,1.0,35449.25022352974,1.0,0.0,2026-01-20,-2,2022,2022-01-01,2023-01-01,0,0,0.0,0.0,0,0,0.0,0.0,1,0
P_1634,1634,,participant,1,2024-07-22,2024,1.0,Male,Black,1992.0,23.0,1.0,0.0,1.0,35449.25022352974,1.0,0.0,2026-01-20,-1,2023,2023-01-01,2024-01-01,0,0,0.0,0.0,0,0,0.0,0.0,1,0
P_1634,1634,,participant,1,2024-07-22,2024,1.0,Male,Black,1992.0,23.0,1.0,0.0,1.0,35449.25022352974,1.0,0.0,2026-01-20,0,2024,2024-01-01,2025-01-01,1,1,0.0,0.0,0,0,0.0,0.0,1,0
P_1634,1634,,participant,1,2024-07-22,2024,1.0,Male,Black,1992.0,23.0,1.0,0.0,1.0,35449.25022352974,1.0,0.0,2026-01-20,1,2025,2025-01-01,2026-01-01,1,1,0.0,0.0,0,0,0.0,0.0,1,0
P_1635,1635,,participant,1,2022-08-02,2022,1.0,Female,Black,1999.0,21.0,1.0,0.0,1.0,3480.3415471271633,1.0,0.0,2024-01-31,-2,2020,2020-01-01,2021-01-01,0,0,0.0,0.0,0,0,0.0,0.0,1,0
P_1635,1635,,participant,1,2022-08-02,2022,1.0,Female,Black,1999.0,21.0,1.0,0.0,1.0,3480.3415471271633,1.0,0.0,2024-01-31,-1,2021,2021-01-01,2022-01-01,0,0,0.0,0.0,0,0,0.0,0.0,1,0
P_1635,1635,,participant,1,2022-08-02,2022,1.0,Female,Black,1999.0,21.0,1.0,0.0,1.0,3480.3415471271633,1.0,0.0,2024-01-31,0,2022,2022-01-01,2023-01-01,1,1,7497.45618795719,1.0,0,0,0.0,0.0,1,0
P_1635,1635,,participant,1,2022-08-02,2022,1.0,Female,Black,1999.0,21.0,1.0,0.0,1.0,3480.3415471271633,1.0,0.0,2024-01-31,1,2023,2023-01-01,2024-01-01,1,1,25391.60048693503,1.0,0,0,0.0,0.0,1,0
P_1637,1637,,participant,1,2022-08-02,2022,1.0,Male,Black,2003.0,18.0,3.0,1.0,3.0,0.0,0.0,0.0,2024-01-31,-2,2020,2020-01-01,2021-01-01,0,0,0.0,0.0,0,0,0.0,0.0,1,0
P_1637,1637,,participant,1,2022-08-02,2022,1.0,Male,Black,2003.0,18.0,3.0,1.0,3.0,0.0,0.0,0.0,2024-01-31,-1,2021,2021-01-01,2022-01-01,0,0,0.0,0.0,0,0,0.0,0.0,1,0
P_1637,1637,,participant,1,2022-08-02,2022,1.0,Male,Black,2003.0,18.0,3.0,1.0,3.0,0.0,0.0,0.0,2024-01-31,0,2022,2022-01-01,2023-01-01,1,1,10198.642356991826,1.0,0,0,0.0,0.0,1,0
P_1637,1637,,participant,1,2022-08-02,2022,1.0,Male,Black,2003.0,18.0,3.0,1.0,3.0,0.0,0.0,0.0,2024-01-31,1,2023,2023-01-01,2024-01-01,1,1,18663.75148511286,1.0,0,0,0.0,0.0,1,0
P_1644,1644,,participant,1,2022-08-15,2022,1.0,Male,Black,2001.0,18.0,3.0,1.0,3.0,4541.899218467865,1.0,0.0,2024-02-13,-2,2020,2020-01-01,2021-01-01,0,0,0.0,0.0,0,0,0.0,0.0,1,0
P_1644,1644,,participant,1,2022-08-15,2022,1.0,Male,Black,2001.0,18.0,3.0,1.0,3.0,4541.899218467865,1.0,0.0,2024-02-13,-1,2021,2021-01-01,2022-01-01,0,0,0.0,0.0,0,0,0.0,0.0,1,0
P_1644,1644,,participant,1,2022-08-15,2022,1.0,Male,Black,2001.0,18.0,3.0,1.0,3.0,4541.899218467865,1.0,0.0,2024-02-13,0,2022,2022-01-01,2023-01-01,1,1,3935.927165035983,1.0,0,0,0.0,0.0,1,0
P_1644,1644,,participant,1,2022-08-15,2022,1.0,Male,Black,2001.0,18.0,3.0,1.0,3.0,4541.899218467865,1.0,0.0,2024-02-13,1,2023,2023-01-01,2024-01-01,1,1,2719.4528883234602,1.0,0,0,0.0,0.0,1,0
P_1647,1647,,participant,1,2022-08-22,2022,1.0,Male,Black,1978.0,26.0,14.0,1.0,14.0,0.0,1.0,0.0,2024-02-20,-2,2020,2020-01-01,2021-01-01,0,0,0.0,0.0,1,1,0.0,0.0,1,0
P_1647,1647,,participant,1,2022-08-22,2022,1.0,Male,Black,1978.0,26.0,14.0,1.0,14.0,0.0,1.0,0.0,2024-02-20,-1,2021,2021-01-01,2022-01-01,0,0,0.0,0.0,1,1,0.0,0.0,1,0
P_1647,1647,,participant,1,2022-08-22,2022,1.0,Male,Black,1978.0,26.0,14.0,1.0,14.0,0.0,1.0,0.0,2024-02-20,0,2022,2022-01-01,2023-01-01,1,1,884.3553408263929,1.0,1,1,0.0,0.0,1,0
P_1647,1647,,participant,1,2022-08-22,2022,1.0,Male,Black,1978.0,26.0,14.0,1.0,14.0,0.0,1.0,0.0,2024-02-20,1,2023,2023-01-01,2024-01-01,1,1,13419.223493022715,1.0,1,1,0.0,0.0,1,0
P_1648,1648,,participant,1,2022-08-29,2022,1.0,Male,Black,1996.0,18.0,5.0,1.0,5.0,1736.9710951458965,1.0,0.0,2024-02-27,-2,2020,2020-01-01,2021-01-01,0,0,0.0,0.0,0,0,0.0,0.0,1,0
P_1648,1648,,participant,1,2022-08-29,2022,1.0,Male,Black,1996.0,18.0,5.0,1.0,5.0,1736.9710951458965,1.0,0.0,2024-02-27,-1,2021,2021-01-01,2022-01-01,0,0,0.0,0.0,0,0,0.0,0.0,1,0
P_1648,1648,,participant,1,2022-08-29,2022,1.0,Male,Black,1996.0,18.0,5.0,1.0,5.0,1736.9710951458965,1.0,0.0,2024-02-27,0,2022,2022-01-01,2023-01-01,1,1,0.0,0.0,0,0,0.0,0.0,1,0
P_1648,1648,,participant,1,2022-08-29,2022,1.0,Male,Black,1996.0,18.0,5.0,1.0,5.0,1736.9710951458965,1.0,0.0,2024-02-27,1,2023,2023-01-01,2024-01-01,1,1,10018.815492244044,1.0,0,0,0.0,0.0,1,0
P_1649,1649,,participant,1,2022-08-29,2022,1.0,Male,Black,1998.0,20.0,2.0,1.0,2.0,0.0,1.0,0.0,2024-02-27,-2,2020,2020-01-01,2021-01-01,0,0,0.0,0.0,0,0,0.0,0.0,1,0
P_1649,1649,,participant,1,2022-08-29,2022,1.0,Male,Black,1998.0,20.0,2.0,1.0,2.0,0.0,1.0,0.0,2024-02-27,-1,2021,2021-01-01,2022-01-01,0,0,0.0,0.0,0,0,0.0,0.0,1,0
P_1649,1649,,participant,1,2022-08-29,2022,1.0,Male,Black,1998.0,20.0,2.0,1.0,2.0,0.0,1.0,0.0,2024-02-27,0,2022,2022-01-01,2023-01-01,1,1,0.0,0.0,0,0,0.0,0.0,1,0
P_1649,1649,,participant,1,2022-08-29,2022,1.0,Male,Black,1998.0,20.0,2.0,1.0,2.0,0.0,1.0,0.0,2024-02-27,1,2023,2023-01-01,2024-01-01,1,1,7799.297715255036,1.0,0,0,0.0,0.0,1,0
P_1656,1656,,participant,1,2022-08-29,2022,1.0,Female,Black,2000.0,19.0,3.0,0.0,3.0,643.6757261410788,1.0,0.0,2024-02-27,-2,2020,2020-01-01,2021-01-01,0,0,0.0,0.0,1,1,0.0,0.0,1,0
P_1656,1656,,participant,1,2022-08-29,2022,1.0,Female,Black,2000.0,19.0,3.0,0.0,3.0,643.6757261410788,1.0,0.0,2024-02-27,-1,2021,2021-01-01,2022-01-01,0,0,0.0,0.0,1,1,0.0,0.0,1,0
P_1656,1656,,participant,1,2022-08-29,2022,1.0,Female,Black,2000.0,19.0,3.0,0.0,3.0,643.6757261410788,1.0,0.0,2024-02-27,0,2022,2022-01-01,2023-01-01,1,1,20017.23554341983,1.0,1,1,0.0,0.0,1,0
P_1656,1656,,participant,1,2022-08-29,2022,1.0,Female,Black,2000.0,19.0,3.0,0.0,3.0,643.6757261410788,1.0,0.0,2024-02-27,1,2023,2023-01-01,2024-01-01,1,1,28104.12680765145,1.0,1,1,2.0,1.0,1,1
P_1659,1659,,participant,1,2022-09-06,2022,1.0,Female,Black,1999.0,21.0,1.0,0.0,1.0,3480.3415471271633,1.0,0.0,2024-03-06,-2,2020,2020-01-01,2021-01-01,0,0,0.0,0.0,0,0,0.0,0.0,1,0
P_1659,1659,,participant,1,2022-09-06,2022,1.0,Female,Black,1999.0,21.0,1.0,0.0,1.0,3480.3415471271633,1.0,0.0,2024-03-06,-1,2021,2021-01-01,2022-01-01,0,0,0.0,0.0,0,0,0.0,0.0,1,0
P_1659,1659,,participant,1,2022-09-06,2022,1.0,Female,Black,1999.0,21.0,1.0,0.0,1.0,3480.3415471271633,1.0,0.0,2024-03-06,0,2022,2022-01-01,2023-01-01,1,1,1954.363709892529,1.0,0,0,0.0,0.0,1,0
P_1659,1659,,participant,1,2022-09-06,2022,1.0,Female,Black,1999.0,21.0,1.0,0.0,1.0,3480.3415471271633,1.0,0.0,2024-03-06,1,2023,2023-01-01,2024-01-01,1,1,8606.648025789089,1.0,0,0,0.0,0.0,1,0
P_1661,1661,,participant,1,2022-09-06,2022,1.0,Male,Black,1996.0,18.0,5.0,1.0,5.0,1736.9710951458965,1.0,0.0,2024-03-06,-2,2020,2020-01-01,2021-01-01,0,0,0.0,0.0,0,0,0.0,0.0,1,0
P_1661,1661,,participant,1,2022-09-06,2022,1.0,Male,Black,1996.0,18.0,5.0,1.0,5.0,1736.9710951458965,1.0,0.0,2024-03-06,-1,2021,2021-01-01,2022-01-01,0,0,0.0,0.0,0,0,0.0,0.0,1,0
P_1661,1661,,participant,1,2022-09-06,2022,1.0,Male,Black,1996.0,18.0,5.0,1.0,5.0,1736.9710951458965,1.0,0.0,2024-03-06,0,2022,2022-01-01,2023-01-01,1,1,15823.703876542375,1.0,0,0,0.0,0.0,1,0
P_1661,1661,,participant,1,2022-09-06,2022,1.0,Male,Black,1996.0,18.0,5.0,1.0,5.0,1736.9710951458965,1.0,0.0,2024-03-06,1,2023,2023-01-01,2024-01-01,1,1,35226.75481265418,1.0,0,0,0.0,0.0,1,0
P_1662,1662,,participant,1,2022-09-12,2022,1.0,Male,Black,2002.0,19.0,1.0,0.0,1.0,0.0,0.0,0.0,2024-03-12,-2,2020,2020-01-01,2021-01-01,0,0,0.0,0.0,0,0,0.0,0.0,1,0
P_1662,1662,,participant,1,2022-09-12,2022,1.0,Male,Black,2002.0,19.0,1.0,0.0,1.0,0.0,0.0,0.0,2024-03-12,-1,2021,2021-01-01,2022-01-01,0,0,0.0,0.0,0,0,0.0,0.0,1,0
P_1662,1662,,participant,1,2022-09-12,2022,1.0,Male,Black,2002.0,19.0,1.0,0.0,1.0,0.0,0.0,0.0,2024-03-12,0,2022,2022-01-01,2023-01-01,1,1,644.1600630710763,1.0,0,0,0.0,0.0,1,0
P_1662,1662,,participant,1,2022-09-12,2022,1.0,Male,Black,2002.0,19.0,1.0,0.0,1.0,0.0,0.0,0.0,2024-03-12,1,2023,2023-01-01,2024-01-01,1,1,193.72341441701946,1.0,0,0,0.0,0.0,1,0
P_1663,1663,,participant,1,2022-09-12,2022,1.0,Male,Black,1987.0,20.0,31.0,1.0,31.0,0.0,0.0,0.0,2024-03-12,-2,2020,2020-01-01,2021-01-01,0,0,0.0,0.0,1,1,0.0,0.0,1,0
P_1663,1663,,participant,1,2022-09-12,2022,1.0,Male,Black,1987.0,20.0,31.0,1.0,31.0,0.0,0.0,0.0,2024-03-12,-1,2021,2021-01-01,2022-01-01,0,0,0.0,0.0,1,1,0.0,0.0,1,0
P_1663,1663,,participant,1,2022-09-12,2022,1.0,Male,Black,1987.0,20.0,31.0,1.0,31.0,0.0,0.0,0.0,2024-03-12,0,2022,2022-01-01,2023-01-01,1,1,0.0,0.0,1,1,0.0,0.0,1,0
P_1663,1663,,participant,1,2022-09-12,2022,1.0,Male,Black,1987.0,20.0,31.0,1.0,31.0,0.0,0.0,0.0,2024-03-12,1,2023,2023-01-01,2024-01-01,1,1,0.0,0.0,1,1,0.0,0.0,1,0
P_1667,1667,,participant,1,2022-09-12,2022,1.0,Male,Black,1995.0,23.0,1.0,1.0,1.0,11774.205427806724,0.0,0.0,2024-03-12,-2,2020,2020-01-01,2021-01-01,0,0,0.0,0.0,0,0,0.0,0.0,1,0
P_1667,1667,,participant,1,2022-09-12,2022,1.0,Male,Black,1995.0,23.0,1.0,1.0,1.0,11774.205427806724,0.0,0.0,2024-03-12,-1,2021,2021-01-01,2022-01-01,0,0,0.0,0.0,0,0,0.0,0.0,1,0
P_1667,1667,,participant,1,2022-09-12,2022,1.0,Male,Black,1995.0,23.0,1.0,1.0,1.0,11774.205427806724,0.0,0.0,2024-03-12,0,2022,2022-01-01,2023-01-01,1,1,11060.029259399267,1.0,0,0,0.0,0.0,1,0
P_1667,1667,,participant,1,2022-09-12,2022,1.0,Male,Black,1995.0,23.0,1.0,1.0,1.0,11774.205427806724,0.0,0.0,2024-03-12,1,2023,2023-01-01,2024-01-01,1,1,10248.91958401729,1.0,0,0,0.0,0.0,1,0
P_1669,1669,,participant,1,2022-09-12,2022,1.0,Male,White,1999.0,21.0,1.0,0.0,1.0,686.9998233319591,1.0,0.0,2024-03-12,-2,2020,2020-01-01,2021-01-01,0,0,0.0,0.0,0,0,0.0,0.0,1,0
P_1669,1669,,participant,1,2022-09-12,2022,1.0,Male,White,1999.0,21.0,1.0,0.0,1.0,686.9998233319591,1.0,0.0,2024-03-12,-1,2021,2021-01-01,2022-01-01,0,0,0.0,0.0,0,0,0.0,0.0,1,0
P_1669,1669,,participant,1,2022-09-12,2022,1.0,Male,White,1999.0,21.0,1.0,0.0,1.0,686.9998233319591,1.0,0.0,2024-03-12,0,2022,2022-01-01,2023-01-01,1,1,16404.481258715354,1.0,0,0,0.0,0.0,1,0
P_1669,1669,,participant,1,2022-09-12,2022,1.0,Male,White,1999.0,21.0,1.0,0.0,1.0,686.9998233319591,1.0,0.0,2024-03-12,1,2023,2023-01-01,2024-01-01,1,1,65306.80447002976,1.0,0,0,0.0,0.0,1,0
P_1671,1671,,participant,1,2022-09-19,2022,1.0,Male,Black,2005.0,16.0,1.0,1.0,1.0,217.07286084447318,0.0,0.0,2024-03-19,-2,2020,2020-01-01,2021-01-01,0,0,0.0,0.0,0,0,0.0,0.0,1,0
P_1671,1671,,participant,1,2022-09-19,2022,1.0,Male,Black,2005.0,16.0,1.0,1.0,1.0,217.07286084447318,0.0,0.0,2024-03-19,-1,2021,2021-01-01,2022-01-01,0,0,0.0,0.0,0,0,0.0,0.0,1,0
P_1671,1671,,participant,1,2022-09-19,2022,1.0,Male,Black,2005.0,16.0,1.0,1.0,1.0,217.07286084447318,0.0,0.0,2024-03-19,0,2022,2022-01-01,2023-01-01,1,1,3134.6539872425437,1.0,0,0,0.0,0.0,1,0
P_1671,1671,,participant,1,2022-09-19,2022,1.0,Male,Black,2005.0,16.0,1.0,1.0,1.0,217.07286084447318,0.0,0.0,2024-03-19,1,2023,2023-01-01,2024-01-01,1,1,13600.210599539292,1.0,0,0,0.0,0.0,1,0
P_1673,1673,,participant,1,2024-02-12,2024,1.0,Female,Black,1991.0,23.0,2.0,1.0,2.0,123.98415326395458,0.0,0.0,2025-08-12,-2,2022,2022-01-01,2023-01-01,0,0,0.0,0.0,0,0,0.0,0.0,1,0
P_1673,1673,,participant,1,2024-02-12,2024,1.0,Female,Black,1991.0,23.0,2.0,1.0,2.0,123.98415326395458,0.0,0.0,2025-08-12,-1,2023,2023-01-01,2024-01-01,0,0,0.0,0.0,0,0,0.0,0.0,1,0
P_1673,1673,,participant,1,2024-02-12,2024,1.0,Female,Black,1991.0,23.0,2.0,1.0,2.0,123.98415326395458,0.0,0.0,2025-08-12,0,2024,2024-01-01,2025-01-01,1,1,4605.045742827629,1.0,0,0,0.0,0.0,1,0
P_1673,1673,,participant,1,2024-02-12,2024,1.0,Female,Black,1991.0,23.0,2.0,1.0,2.0,123.98415326395458,0.0,0.0,2025-08-12,1,2025,2025-01-01,2026-01-01,1,1,0.0,0.0,0,0,0.0,0.0,1,0
P_1675,1675,,participant,1,2022-09-26,2022,1.0,Male,Black,2003.0,18.0,3.0,1.0,3.0,0.0,0.0,0.0,2024-03-26,-2,2020,2020-01-01,2021-01-01,0,0,0.0,0.0,0,0,0.0,0.0,1,0
P_1675,1675,,participant,1,2022-09-26,2022,1.0,Male,Black,2003.0,18.0,3.0,1.0,3.0,0.0,0.0,0.0,2024-03-26,-1,2021,2021-01-01,2022-01-01,0,0,0.0,0.0,0,0,0.0,0.0,1,0
P_1675,1675,,participant,1,2022-09-26,2022,1.0,Male,Black,2003.0,18.0,3.0,1.0,3.0,0.0,0.0,0.0,2024-03-26,0,2022,2022-01-01,2023-01-01,1,1,1800.3727864478046,1.0,0,0,0.0,0.0,1,0
P_1675,1675,,participant,1,2022-09-26,2022,1.0,Male,Black,2003.0,18.0,3.0,1.0,3.0,0.0,0.0,0.0,2024-03-26,1,2023,2023-01-01,2024-01-01,1,1,3362.2727621859185,1.0,0,0,0.0,0.0,1,0
P_1684,1684,,participant,1,2022-10-10,2022,1.0,Male,Black,1993.0,26.0,1.0,0.0,1.0,0.0,0.0,0.0,2024-04-09,-2,2020,2020-01-01,2021-01-01,0,0,0.0,0.0,0,0,0.0,0.0,1,0
P_1684,1684,,participant,1,2022-10-10,2022,1.0,Male,Black,1993.0,26.0,1.0,0.0,1.0,0.0,0.0,0.0,2024-04-09,-1,2021,2021-01-01,2022-01-01,0,0,0.0,0.0,0,0,0.0,0.0,1,0
P_1684,1684,,participant,1,2022-10-10,2022,1.0,Male,Black,1993.0,26.0,1.0,0.0,1.0,0.0,0.0,0.0,2024-04-09,0,2022,2022-01-01,2023-01-01,1,1,0.0,0.0,0,0,0.0,0.0,1,0
P_1684,1684,,participant,1,2022-10-10,2022,1.0,Male,Black,1993.0,26.0,1.0,0.0,1.0,0.0,0.0,0.0,2024-04-09,1,2023,2023-01-01,2024-01-01,1,1,0.0,0.0,0,0,0.0,0.0,1,0
P_1686,1686,,participant,1,2022-10-10,2022,1.0,Male,Black,2004.0,18.0,0.0,0.0,1.0,0.0,0.0,0.0,2024-04-09,-2,2020,2020-01-01,2021-01-01,0,0,0.0,0.0,0,0,0.0,0.0,1,0
P_1686,1686,,participant,1,2022-10-10,2022,1.0,Male,Black,2004.0,18.0,0.0,0.0,1.0,0.0,0.0,0.0,2024-04-09,-1,2021,2021-01-01,2022-01-01,0,0,0.0,0.0,0,0,0.0,0.0,1,0
P_1686,1686,,participant,1,2022-10-10,2022,1.0,Male,Black,2004.0,18.0,0.0,0.0,1.0,0.0,0.0,0.0,2024-04-09,0,2022,2022-01-01,2023-01-01,1,1,6497.523067955538,1.0,0,0,0.0,0.0,1,0
P_1686,1686,,participant,1,2022-10-10,2022,1.0,Male,Black,2004.0,18.0,0.0,0.0,1.0,0.0,0.0,0.0,2024-04-09,1,2023,2023-01-01,2024-01-01,1,1,23530.45421585135,1.0,0,0,0.0,0.0,1,0
P_1688,1688,,participant,1,2022-10-11,2022,1.0,Male,Black,2002.0,19.0,1.0,0.0,1.0,0.0,0.0,0.0,2024-04-10,-2,2020,2020-01-01,2021-01-01,0,0,0.0,0.0,0,0,0.0,0.0,1,0
P_1688,1688,,participant,1,2022-10-11,2022,1.0,Male,Black,2002.0,19.0,1.0,0.0,1.0,0.0,0.0,0.0,2024-04-10,-1,2021,2021-01-01,2022-01-01,0,0,0.0,0.0,0,0,0.0,0.0,1,0
P_1688,1688,,participant,1,2022-10-11,2022,1.0,Male,Black,2002.0,19.0,1.0,0.0,1.0,0.0,0.0,0.0,2024-04-10,0,2022,2022-01-01,2023-01-01,1,1,4124.9608722460125,1.0,0,0,0.0,0.0,1,0
P_1688,1688,,participant,1,2022-10-11,2022,1.0,Male,Black,2002.0,19.0,1.0,0.0,1.0,0.0,0.0,0.0,2024-04-10,1,2023,2023-01-01,2024-01-01,1,1,2000.8022673955957,1.0,0,0,0.0,0.0,1,0
P_1690,1690,,participant,1,2024-03-18,2024,1.0,Male,Black,1997.0,19.0,4.0,1.0,4.0,39834.3462526505,1.0,0.0,2025-09-16,-2,2022,2022-01-01,2023-01-01,0,0,0.0,0.0,0,0,0.0,0.0,1,0
P_1690,1690,,participant,1,2024-03-18,2024,1.0,Male,Black,1997.0,19.0,4.0,1.0,4.0,39834.3462526505,1.0,0.0,2025-09-16,-1,2023,2023-01-01,2024-01-01,0,0,0.0,0.0,0,0,0.0,0.0,1,0
P_1690,1690,,participant,1,2024-03-18,2024,1.0,Male,Black,1997.0,19.0,4.0,1.0,4.0,39834.3462526505,1.0,0.0,2025-09-16,0,2024,2024-01-01,2025-01-01,1,1,0.0,0.0,0,0,0.0,0.0,1,0
P_1690,1690,,participant,1,2024-03-18,2024,1.0,Male,Black,1997.0,19.0,4.0,1.0,4.0,39834.3462526505,1.0,0.0,2025-09-16,1,2025,2025-01-01,2026-01-01,1,1,0.0,0.0,0,0,0.0,0.0,1,0
P_1691,1691,,participant,1,2024-03-04,2024,1.0,Male,Black,2004.0,18.0,1.0,0.0,1.0,0.0,1.0,0.0,2025-09-02,-2,2022,2022-01-01,2023-01-01,0,0,0.0,0.0,0,0,0.0,0.0,1,0
P_1691,1691,,participant,1,2024-03-04,2024,1.0,Male,Black,2004.0,18.0,1.0,0.0,1.0,0.0,1.0,0.0,2025-09-02,-1,2023,2023-01-01,2024-01-01,0,0,0.0,0.0,0,0,0.0,0.0,1,0
P_1691,1691,,participant,1,2024-03-04,2024,1.0,Male,Black,2004.0,18.0,1.0,0.0,1.0,0.0,1.0,0.0,2025-09-02,0,2024,2024-01-01,2025-01-01,1,1,1410.0040533790966,1.0,0,0,0.0,0.0,1,0
P_1691,1691,,participant,1,2024-03-04,2024,1.0,Male,Black,2004.0,18.0,1.0,0.0,1.0,0.0,1.0,0.0,2025-09-02,1,2025,2025-01-01,2026-01-01,1,1,0.0,0.0,0,0,0.0,0.0,1,0
P_1695,1695,,participant,1,2022-11-07,2022,1.0,Male,Black,1990.0,18.0,7.0,1.0,7.0,0.0,0.0,0.0,2024-05-07,-2,2020,2020-01-01,2021-01-01,0,0,0.0,0.0,1,1,0.0,0.0,1,0
P_1695,1695,,participant,1,2022-11-07,2022,1.0,Male,Black,1990.0,18.0,7.0,1.0,7.0,0.0,0.0,0.0,2024-05-07,-1,2021,2021-01-01,2022-01-01,0,0,0.0,0.0,1,1,0.0,0.0,1,0
P_1695,1695,,participant,1,2022-11-07,2022,1.0,Male,Black,1990.0,18.0,7.0,1.0,7.0,0.0,0.0,0.0,2024-05-07,0,2022,2022-01-01,2023-01-01,1,1,0.0,0.0,1,1,0.0,0.0,1,0
P_1695,1695,,participant,1,2022-11-07,2022,1.0,Male,Black,1990.0,18.0,7.0,1.0,7.0,0.0,0.0,0.0,2024-05-07,1,2023,2023-01-01,2024-01-01,1,1,15955.535558423579,1.0,1,1,0.0,0.0,1,0
P_1699,1699,,participant,1,2022-10-31,2022,1.0,Male,White,1981.0,39.0,3.0,0.0,3.0,0.0,0.0,0.0,2024-04-30,-2,2020,2020-01-01,2021-01-01,0,0,0.0,0.0,0,0,0.0,0.0,1,0
P_1699,1699,,participant,1,2022-10-31,2022,1.0,Male,White,1981.0,39.0,3.0,0.0,3.0,0.0,0.0,0.0,2024-04-30,-1,2021,2021-01-01,2022-01-01,0,0,0.0,0.0,0,0,0.0,0.0,1,0
P_1699,1699,,participant,1,2022-10-31,2022,1.0,Male,White,1981.0,39.0,3.0,0.0,3.0,0.0,0.0,0.0,2024-04-30,0,2022,2022-01-01,2023-01-01,1,1,0.0,0.0,0,0,0.0,0.0,1,0
P_1699,1699,,participant,1,2022-10-31,2022,1.0,Male,White,1981.0,39.0,3.0,0.0,3.0,0.0,0.0,0.0,2024-04-30,1,2023,2023-01-01,2024-01-01,1,1,0.0,0.0,0,0,0.0,0.0,1,0
P_1702,1702,,participant,1,2022-11-28,2022,1.0,Male,Black,2002.0,19.0,1.0,0.0,1.0,0.0,0.0,0.0,2024-05-28,-2,2020,2020-01-01,2021-01-01,0,0,0.0,0.0,0,0,0.0,0.0,1,0
P_1702,1702,,participant,1,2022-11-28,2022,1.0,Male,Black,2002.0,19.0,1.0,0.0,1.0,0.0,0.0,0.0,2024-05-28,-1,2021,2021-01-01,2022-01-01,0,0,0.0,0.0,0,1,0.0,0.0,1,0
P_1702,1702,,participant,1,2022-11-28,2022,1.0,Male,Black,2002.0,19.0,1.0,0.0,1.0,0.0,0.0,0.0,2024-05-28,0,2022,2022-01-01,2023-01-01,1,1,0.0,0.0,1,1,0.0,0.0,1,0
P_1702,1702,,participant,1,2022-11-28,2022,1.0,Male,Black,2002.0,19.0,1.0,0.0,1.0,0.0,0.0,0.0,2024-05-28,1,2023,2023-01-01,2024-01-01,1,1,0.0,0.0,1,1,0.0,0.0,1,0
P_1703,1703,,participant,1,2022-10-31,2022,1.0,Male,Black,1990.0,18.0,7.0,1.0,7.0,0.0,0.0,0.0,2024-04-30,-2,2020,2020-01-01,2021-01-01,0,0,0.0,0.0,0,0,0.0,0.0,1,0
P_1703,1703,,participant,1,2022-10-31,2022,1.0,Male,Black,1990.0,18.0,7.0,1.0,7.0,0.0,0.0,0.0,2024-04-30,-1,2021,2021-01-01,2022-01-01,0,0,0.0,0.0,0,0,0.0,0.0,1,0
P_1703,1703,,participant,1,2022-10-31,2022,1.0,Male,Black,1990.0,18.0,7.0,1.0,7.0,0.0,0.0,0.0,2024-04-30,0,2022,2022-01-01,2023-01-01,1,1,2815.8480914564498,1.0,0,0,0.0,0.0,1,0
P_1703,1703,,participant,1,2022-10-31,2022,1.0,Male,Black,1990.0,18.0,7.0,1.0,7.0,0.0,0.0,0.0,2024-04-30,1,2023,2023-01-01,2024-01-01,1,1,25897.649435737316,1.0,0,0,0.0,0.0,1,0
P_1705,1705,,participant,1,2022-11-28,2022,1.0,Male,Black,2000.0,20.0,3.0,1.0,3.0,0.0,0.0,0.0,2024-05-28,-2,2020,2020-01-01,2021-01-01,0,0,0.0,0.0,0,1,0.0,0.0,1,0
P_1705,1705,,participant,1,2022-11-28,2022,1.0,Male,Black,2000.0,20.0,3.0,1.0,3.0,0.0,0.0,0.0,2024-05-28,-1,2021,2021-01-01,2022-01-01,0,0,0.0,0.0,1,1,0.0,0.0,1,0
P_1705,1705,,participant,1,2022-11-28,2022,1.0,Male,Black,2000.0,20.0,3.0,1.0,3.0,0.0,0.0,0.0,2024-05-28,0,2022,2022-01-01,2023-01-01,1,1,0.0,0.0,1,1,0.0,0.0,1,0
P_1705,1705,,participant,1,2022-11-28,2022,1.0,Male,Black,2000.0,20.0,3.0,1.0,3.0,0.0,0.0,0.0,2024-05-28,1,2023,2023-01-01,2024-01-01,1,1,37772.461940804984,1.0,1,1,0.0,0.0,1,0
P_1707,1707,,participant,1,2022-11-14,2022,1.0,Female,Black,1988.0,29.0,4.0,0.0,4.0,15634.388569415038,1.0,0.0,2024-05-14,-2,2020,2020-01-01,2021-01-01,0,0,0.0,0.0,0,0,0.0,0.0,1,0
P_1707,1707,,participant,1,2022-11-14,2022,1.0,Female,Black,1988.0,29.0,4.0,0.0,4.0,15634.388569415038,1.0,0.0,2024-05-14,-1,2021,2021-01-01,2022-01-01,0,0,0.0,0.0,0,0,0.0,0.0,1,0
P_1707,1707,,participant,1,2022-11-14,2022,1.0,Female,Black,1988.0,29.0,4.0,0.0,4.0,15634.388569415038,1.0,0.0,2024-05-14,0,2022,2022-01-01,2023-01-01,1,1,9379.973227492192,1.0,0,0,0.0,0.0,1,0
P_1707,1707,,participant,1,2022-11-14,2022,1.0,Female,Black,1988.0,29.0,4.0,0.0,4.0,15634.388569415038,1.0,0.0,2024-05-14,1,2023,2023-01-01,2024-01-01,1,1,19034.755500624124,1.0,0,0,0.0,0.0,1,0
P_1708,1708,,participant,1,2022-11-08,2022,1.0,Male,Black,2002.0,19.0,1.0,0.0,1.0,0.0,0.0,0.0,2024-05-08,-2,2020,2020-01-01,2021-01-01,0,0,0.0,0.0,0,0,0.0,0.0,1,0
P_1708,1708,,participant,1,2022-11-08,2022,1.0,Male,Black,2002.0,19.0,1.0,0.0,1.0,0.0,0.0,0.0,2024-05-08,-1,2021,2021-01-01,2022-01-01,0,0,0.0,0.0,0,0,0.0,0.0,1,0
P_1708,1708,,participant,1,2022-11-08,2022,1.0,Male,Black,2002.0,19.0,1.0,0.0,1.0,0.0,0.0,0.0,2024-05-08,0,2022,2022-01-01,2023-01-01,1,1,0.0,0.0,0,0,0.0,0.0,1,0
P_1708,1708,,participant,1,2022-11-08,2022,1.0,Male,Black,2002.0,19.0,1.0,0.0,1.0,0.0,0.0,0.0,2024-05-08,1,2023,2023-01-01,2024-01-01,1,1,3033.36490263495,1.0,0,0,0.0,0.0,1,0
P_1710,1710,,participant,1,2022-11-07,2022,1.0,Female,Black,1998.0,20.0,1.0,0.0,2.0,0.0,1.0,0.0,2024-05-07,-2,2020,2020-01-01,2021-01-01,0,0,0.0,0.0,1,1,0.0,0.0,1,0
P_1710,1710,,participant,1,2022-11-07,2022,1.0,Female,Black,1998.0,20.0,1.0,0.0,2.0,0.0,1.0,0.0,2024-05-07,-1,2021,2021-01-01,2022-01-01,0,0,0.0,0.0,1,1,0.0,0.0,1,0
P_1710,1710,,participant,1,2022-11-07,2022,1.0,Female,Black,1998.0,20.0,1.0,0.0,2.0,0.0,1.0,0.0,2024-05-07,0,2022,2022-01-01,2023-01-01,1,1,0.0,0.0,1,1,1.0,1.0,1,1
P_1710,1710,,participant,1,2022-11-07,2022,1.0,Female,Black,1998.0,20.0,1.0,0.0,2.0,0.0,1.0,0.0,2024-05-07,1,2023,2023-01-01,2024-01-01,1,1,7210.3152752204605,1.0,1,1,0.0,0.0,1,0
P_1711,1711,,participant,1,2022-11-14,2022,1.0,Male,Black,1995.0,23.0,1.0,1.0,1.0,11774.205427806724,0.0,0.0,2024-05-14,-2,2020,2020-01-01,2021-01-01,0,0,0.0,0.0,0,0,0.0,0.0,1,0
P_1711,1711,,participant,1,2022-11-14,2022,1.0,Male,Black,1995.0,23.0,1.0,1.0,1.0,11774.205427806724,0.0,0.0,2024-05-14,-1,2021,2021-01-01,2022-01-01,0,0,0.0,0.0,0,0,0.0,0.0,1,0
P_1711,1711,,participant,1,2022-11-14,2022,1.0,Male,Black,1995.0,23.0,1.0,1.0,1.0,11774.205427806724,0.0,0.0,2024-05-14,0,2022,2022-01-01,2023-01-01,1,1,9197.636418157865,1.0,0,0,0.0,0.0,1,0
P_1711,1711,,participant,1,2022-11-14,2022,1.0,Male,Black,1995.0,23.0,1.0,1.0,1.0,11774.205427806724,0.0,0.0,2024-05-14,1,2023,2023-01-01,2024-01-01,1,1,136.348407744603,1.0,0,0,0.0,0.0,1,0
P_1712,1712,,participant,1,2022-11-14,2022,1.0,Male,Black,1995.0,23.0,1.0,1.0,1.0,11774.205427806724,0.0,0.0,2024-05-14,-2,2020,2020-01-01,2021-01-01,0,0,0.0,0.0,0,0,0.0,0.0,1,0
P_1712,1712,,participant,1,2022-11-14,2022,1.0,Male,Black,1995.0,23.0,1.0,1.0,1.0,11774.205427806724,0.0,0.0,2024-05-14,-1,2021,2021-01-01,2022-01-01,0,0,0.0,0.0,0,0,0.0,0.0,1,0
P_1712,1712,,participant,1,2022-11-14,2022,1.0,Male,Black,1995.0,23.0,1.0,1.0,1.0,11774.205427806724,0.0,0.0,2024-05-14,0,2022,2022-01-01,2023-01-01,1,1,13246.16868768889,1.0,0,0,0.0,0.0,1,0
P_1712,1712,,participant,1,2022-11-14,2022,1.0,Male,Black,1995.0,23.0,1.0,1.0,1.0,11774.205427806724,0.0,0.0,2024-05-14,1,2023,2023-01-01,2024-01-01,1,1,43304.55346932764,1.0,0,0,0.0,0.0,1,0
P_1722,1722,,participant,1,2022-12-12,2022,1.0,Male,Black,1999.0,21.0,1.0,0.0,1.0,0.0,0.0,0.0,2024-06-11,-2,2020,2020-01-01,2021-01-01,0,0,0.0,0.0,0,0,0.0,0.0,1,0
P_1722,1722,,participant,1,2022-12-12,2022,1.0,Male,Black,1999.0,21.0,1.0,0.0,1.0,0.0,0.0,0.0,2024-06-11,-1,2021,2021-01-01,2022-01-01,0,0,0.0,0.0,0,0,0.0,0.0,1,0
P_1722,1722,,participant,1,2022-12-12,2022,1.0,Male,Black,1999.0,21.0,1.0,0.0,1.0,0.0,0.0,0.0,2024-06-11,0,2022,2022-01-01,2023-01-01,1,1,4090.0220824334474,1.0,0,0,0.0,0.0,1,0
P_1722,1722,,participant,1,2022-12-12,2022,1.0,Male,Black,1999.0,21.0,1.0,0.0,1.0,0.0,0.0,0.0,2024-06-11,1,2023,2023-01-01,2024-01-01,1,1,17678.223177362437,1.0,0,0,0.0,0.0,1,0
P_1726,1726,,participant,1,2023-01-09,2023,1.0,Male,Black,2001.0,55.0,3.0,0.0,3.0,0.0,0.0,0.0,2024-07-09,-2,2021,2021-01-01,2022-01-01,0,0,0.0,0.0,1,1,0.0,0.0,1,0
P_1726,1726,,participant,1,2023-01-09,2023,1.0,Male,Black,2001.0,55.0,3.0,0.0,3.0,0.0,0.0,0.0,2024-07-09,-1,2022,2022-01-01,2023-01-01,0,0,0.0,0.0,1,1,0.0,0.0,1,0
P_1726,1726,,participant,1,2023-01-09,2023,1.0,Male,Black,2001.0,55.0,3.0,0.0,3.0,0.0,0.0,0.0,2024-07-09,0,2023,2023-01-01,2024-01-01,1,1,2001.2081262672443,1.0,1,1,0.0,0.0,1,0
P_1726,1726,,participant,1,2023-01-09,2023,1.0,Male,Black,2001.0,55.0,3.0,0.0,3.0,0.0,0.0,0.0,2024-07-09,1,2024,2024-01-01,2025-01-01,1,1,0.0,0.0,1,1,0.0,0.0,1,0
P_1727,1727,,participant,1,2022-12-12,2022,1.0,Female,Black,1980.0,22.0,7.0,1.0,7.0,44146.23045983194,1.0,0.0,2024-06-11,-2,2020,2020-01-01,2021-01-01,0,0,0.0,0.0,0,0,0.0,0.0,1,0
P_1727,1727,,participant,1,2022-12-12,2022,1.0,Female,Black,1980.0,22.0,7.0,1.0,7.0,44146.23045983194,1.0,0.0,2024-06-11,-1,2021,2021-01-01,2022-01-01,0,0,0.0,0.0,0,0,0.0,0.0,1,0
P_1727,1727,,participant,1,2022-12-12,2022,1.0,Female,Black,1980.0,22.0,7.0,1.0,7.0,44146.23045983194,1.0,0.0,2024-06-11,0,2022,2022-01-01,2023-01-01,1,1,29535.287600615906,1.0,0,0,0.0,0.0,1,0
P_1727,1727,,participant,1,2022-12-12,2022,1.0,Female,Black,1980.0,22.0,7.0,1.0,7.0,44146.23045983194,1.0,0.0,2024-06-11,1,2023,2023-01-01,2024-01-01,1,1,106499.64952366552,1.0,0,0,0.0,0.0,1,0
P_1734,1734,,participant,1,2022-12-19,2022,1.0,Male,Black,1995.0,23.0,1.0,1.0,1.0,11774.205427806724,0.0,0.0,2024-06-18,-2,2020,2020-01-01,2021-01-01,0,0,0.0,0.0,1,1,0.0,0.0,1,0
P_1734,1734,,participant,1,2022-12-19,2022,1.0,Male,Black,1995.0,23.0,1.0,1.0,1.0,11774.205427806724,0.0,0.0,2024-06-18,-1,2021,2021-01-01,2022-01-01,0,0,0.0,0.0,1,1,0.0,0.0,1,0
P_1734,1734,,participant,1,2022-12-19,2022,1.0,Male,Black,1995.0,23.0,1.0,1.0,1.0,11774.205427806724,0.0,0.0,2024-06-18,0,2022,2022-01-01,2023-01-01,1,1,0.0,0.0,1,1,0.0,0.0,1,0
P_1734,1734,,participant,1,2022-12-19,2022,1.0,Male,Black,1995.0,23.0,1.0,1.0,1.0,11774.205427806724,0.0,0.0,2024-06-18,1,2023,2023-01-01,2024-01-01,1,1,0.0,0.0,1,1,0.0,0.0,1,0
P_1741,1741,,participant,1,2023-01-03,2023,1.0,Female,Black,1993.0,26.0,1.0,0.0,1.0,0.0,1.0,0.0,2024-07-03,-2,2021,2021-01-01,2022-01-01,0,0,0.0,0.0,0,0,0.0,0.0,1,0
P_1741,1741,,participant,1,2023-01-03,2023,1.0,Female,Black,1993.0,26.0,1.0,0.0,1.0,0.0,1.0,0.0,2024-07-03,-1,2022,2022-01-01,2023-01-01,0,0,0.0,0.0,0,0,0.0,0.0,1,0
P_1741,1741,,participant,1,2023-01-03,2023,1.0,Female,Black,1993.0,26.0,1.0,0.0,1.0,0.0,1.0,0.0,2024-07-03,0,2023,2023-01-01,2024-01-01,1,1,13291.405903486419,1.0,0,0,0.0,0.0,1,0
P_1741,1741,,participant,1,2023-01-03,2023,1.0,Female,Black,1993.0,26.0,1.0,0.0,1.0,0.0,1.0,0.0,2024-07-03,1,2024,2024-01-01,2025-01-01,1,1,7516.540115524032,1.0,0,0,0.0,0.0,1,0
P_1742,1742,,participant,1,2023-01-03,2023,1.0,Male,Black,1968.0,32.0,3.0,1.0,3.0,0.0,0.0,0.0,2024-07-03,-2,2021,2021-01-01,2022-01-01,0,0,0.0,0.0,0,0,0.0,0.0,1,0
P_1742,1742,,participant,1,2023-01-03,2023,1.0,Male,Black,1968.0,32.0,3.0,1.0,3.0,0.0,0.0,0.0,2024-07-03,-1,2022,2022-01-01,2023-01-01,0,0,0.0,0.0,0,0,0.0,0.0,1,0
P_1742,1742,,participant,1,2023-01-03,2023,1.0,Male,Black,1968.0,32.0,3.0,1.0,3.0,0.0,0.0,0.0,2024-07-03,0,2023,2023-01-01,2024-01-01,1,1,7505.293333179622,1.0,0,0,0.0,0.0,1,0
P_1742,1742,,participant,1,2023-01-03,2023,1.0,Male,Black,1968.0,32.0,3.0,1.0,3.0,0.0,0.0,0.0,2024-07-03,1,2024,2024-01-01,2025-01-01,1,1,6823.740589391556,1.0,0,0,0.0,0.0,1,0
P_1750,1750,,participant,1,2023-01-17,2023,1.0,Female,Black,1997.0,21.0,1.0,0.0,1.0,47143.19583121028,1.0,0.0,2024-07-17,-2,2021,2021-01-01,2022-01-01,0,0,0.0,0.0,0,0,0.0,0.0,1,0
P_1750,1750,,participant,1,2023-01-17,2023,1.0,Female,Black,1997.0,21.0,1.0,0.0,1.0,47143.19583121028,1.0,0.0,2024-07-17,-1,2022,2022-01-01,2023-01-01,0,0,0.0,0.0,0,0,0.0,0.0,1,0
P_1750,1750,,participant,1,2023-01-17,2023,1.0,Female,Black,1997.0,21.0,1.0,0.0,1.0,47143.19583121028,1.0,0.0,2024-07-17,0,2023,2023-01-01,2024-01-01,1,1,7185.70604681752,1.0,0,0,0.0,0.0,1,0
P_1750,1750,,participant,1,2023-01-17,2023,1.0,Female,Black,1997.0,21.0,1.0,0.0,1.0,47143.19583121028,1.0,0.0,2024-07-17,1,2024,2024-01-01,2025-01-01,1,1,19673.13706703336,1.0,0,0,0.0,0.0,1,0
P_1752,1752,,participant,1,2023-01-17,2023,1.0,Female,Black,1988.0,29.0,4.0,0.0,4.0,12273.423111733828,1.0,0.0,2024-07-17,-2,2021,2021-01-01,2022-01-01,0,0,0.0,0.0,1,1,0.0,0.0,1,0
P_1752,1752,,participant,1,2023-01-17,2023,1.0,Female,Black,1988.0,29.0,4.0,0.0,4.0,12273.423111733828,1.0,0.0,2024-07-17,-1,2022,2022-01-01,2023-01-01,0,0,0.0,0.0,1,1,0.0,0.0,1,0
P_1752,1752,,participant,1,2023-01-17,2023,1.0,Female,Black,1988.0,29.0,4.0,0.0,4.0,12273.423111733828,1.0,0.0,2024-07-17,0,2023,2023-01-01,2024-01-01,1,1,61351.33068207994,1.0,1,1,0.0,0.0,1,0
P_1752,1752,,participant,1,2023-01-17,2023,1.0,Female,Black,1988.0,29.0,4.0,0.0,4.0,12273.423111733828,1.0,0.0,2024-07-17,1,2024,2024-01-01,2025-01-01,1,1,30910.228039537604,1.0,1,1,0.0,0.0,1,0
P_1755,1755,,participant,1,2023-02-06,2023,1.0,Female,Black,2003.0,18.0,2.0,1.0,2.0,7747.691050286529,1.0,0.0,2024-08-06,-2,2021,2021-01-01,2022-01-01,0,0,0.0,0.0,0,0,0.0,0.0,1,0
P_1755,1755,,participant,1,2023-02-06,2023,1.0,Female,Black,2003.0,18.0,2.0,1.0,2.0,7747.691050286529,1.0,0.0,2024-08-06,-1,2022,2022-01-01,2023-01-01,0,0,0.0,0.0,0,0,0.0,0.0,1,0
P_1755,1755,,participant,1,2023-02-06,2023,1.0,Female,Black,2003.0,18.0,2.0,1.0,2.0,7747.691050286529,1.0,0.0,2024-08-06,0,2023,2023-01-01,2024-01-01,1,1,7888.536505447377,1.0,0,0,0.0,0.0,1,0
P_1755,1755,,participant,1,2023-02-06,2023,1.0,Female,Black,2003.0,18.0,2.0,1.0,2.0,7747.691050286529,1.0,0.0,2024-08-06,1,2024,2024-01-01,2025-01-01,1,1,9334.785184490636,1.0,0,0,0.0,0.0,1,0
P_1757,1757,,participant,1,2023-01-23,2023,1.0,Male,Black,2005.0,16.0,1.0,1.0,1.0,217.07286084447318,0.0,0.0,2024-07-23,-2,2021,2021-01-01,2022-01-01,0,0,0.0,0.0,0,0,0.0,0.0,1,0
P_1757,1757,,participant,1,2023-01-23,2023,1.0,Male,Black,2005.0,16.0,1.0,1.0,1.0,217.07286084447318,0.0,0.0,2024-07-23,-1,2022,2022-01-01,2023-01-01,0,0,0.0,0.0,0,0,0.0,0.0,1,0
P_1757,1757,,participant,1,2023-01-23,2023,1.0,Male,Black,2005.0,16.0,1.0,1.0,1.0,217.07286084447318,0.0,0.0,2024-07-23,0,2023,2023-01-01,2024-01-01,1,1,6602.4796515738935,1.0,0,0,0.0,0.0,1,0
P_1757,1757,,participant,1,2023-01-23,2023,1.0,Male,Black,2005.0,16.0,1.0,1.0,1.0,217.07286084447318,0.0,0.0,2024-07-23,1,2024,2024-01-01,2025-01-01,1,1,1064.2321139594962,1.0,0,0,0.0,0.0,1,0
P_1760,1760,,participant,1,2023-01-30,2023,1.0,Male,Unknown,1980.0,39.0,2.0,0.0,2.0,0.0,0.0,0.0,2024-07-30,-2,2021,2021-01-01,2022-01-01,0,0,0.0,0.0,0,0,0.0,0.0,1,0
P_1760,1760,,participant,1,2023-01-30,2023,1.0,Male,Unknown,1980.0,39.0,2.0,0.0,2.0,0.0,0.0,0.0,2024-07-30,-1,2022,2022-01-01,2023-01-01,0,0,0.0,0.0,0,0,0.0,0.0,1,0
P_1760,1760,,participant,1,2023-01-30,2023,1.0,Male,Unknown,1980.0,39.0,2.0,0.0,2.0,0.0,0.0,0.0,2024-07-30,0,2023,2023-01-01,2024-01-01,1,1,0.0,0.0,0,0,0.0,0.0,1,0
P_1760,1760,,participant,1,2023-01-30,2023,1.0,Male,Unknown,1980.0,39.0,2.0,0.0,2.0,0.0,0.0,0.0,2024-07-30,1,2024,2024-01-01,2025-01-01,1,1,0.0,0.0,0,0,0.0,0.0,1,0
P_1761,1761,,participant,1,2023-01-30,2023,1.0,Male,Black,2000.0,20.0,3.0,1.0,3.0,0.0,0.0,0.0,2024-07-30,-2,2021,2021-01-01,2022-01-01,0,0,0.0,0.0,1,1,0.0,0.0,1,0
P_1761,1761,,participant,1,2023-01-30,2023,1.0,Male,Black,2000.0,20.0,3.0,1.0,3.0,0.0,0.0,0.0,2024-07-30,-1,2022,2022-01-01,2023-01-01,0,0,0.0,0.0,1,1,0.0,0.0,1,0
P_1761,1761,,participant,1,2023-01-30,2023,1.0,Male,Black,2000.0,20.0,3.0,1.0,3.0,0.0,0.0,0.0,2024-07-30,0,2023,2023-01-01,2024-01-01,1,1,43093.497900421164,1.0,1,1,0.0,0.0,1,0
P_1761,1761,,participant,1,2023-01-30,2023,1.0,Male,Black,2000.0,20.0,3.0,1.0,3.0,0.0,0.0,0.0,2024-07-30,1,2024,2024-01-01,2025-01-01,1,1,26816.708101689306,1.0,1,1,0.0,0.0,1,0
P_1762,1762,,participant,1,2023-01-30,2023,1.0,Male,Black,2004.0,18.0,1.0,0.0,1.0,0.0,0.0,0.0,2024-07-30,-2,2021,2021-01-01,2022-01-01,0,0,0.0,0.0,0,0,0.0,0.0,1,0
P_1762,1762,,participant,1,2023-01-30,2023,1.0,Male,Black,2004.0,18.0,1.0,0.0,1.0,0.0,0.0,0.0,2024-07-30,-1,2022,2022-01-01,2023-01-01,0,0,0.0,0.0,0,0,0.0,0.0,1,0
P_1762,1762,,participant,1,2023-01-30,2023,1.0,Male,Black,2004.0,18.0,1.0,0.0,1.0,0.0,0.0,0.0,2024-07-30,0,2023,2023-01-01,2024-01-01,1,1,0.0,0.0,0,0,0.0,0.0,1,0
P_1762,1762,,participant,1,2023-01-30,2023,1.0,Male,Black,2004.0,18.0,1.0,0.0,1.0,0.0,0.0,0.0,2024-07-30,1,2024,2024-01-01,2025-01-01,1,1,0.0,0.0,0,0,0.0,0.0,1,0
P_1763,1763,,participant,1,2023-02-06,2023,1.0,Male,Black,2004.0,18.0,1.0,0.0,1.0,0.0,0.0,0.0,2024-08-06,-2,2021,2021-01-01,2022-01-01,0,0,0.0,0.0,0,0,0.0,0.0,1,0
P_1763,1763,,participant,1,2023-02-06,2023,1.0,Male,Black,2004.0,18.0,1.0,0.0,1.0,0.0,0.0,0.0,2024-08-06,-1,2022,2022-01-01,2023-01-01,0,0,0.0,0.0,0,0,0.0,0.0,1,0
P_1763,1763,,participant,1,2023-02-06,2023,1.0,Male,Black,2004.0,18.0,1.0,0.0,1.0,0.0,0.0,0.0,2024-08-06,0,2023,2023-01-01,2024-01-01,1,1,5076.957728479363,1.0,0,0,0.0,0.0,1,0
P_1763,1763,,participant,1,2023-02-06,2023,1.0,Male,Black,2004.0,18.0,1.0,0.0,1.0,0.0,0.0,0.0,2024-08-06,1,2024,2024-01-01,2025-01-01,1,1,6190.747819620982,1.0,0,1,1.0,1.0,1,1
P_1772,1772,,participant,1,2023-02-13,2023,1.0,Male,Black,1987.0,20.0,31.0,1.0,31.0,0.0,0.0,0.0,2024-08-13,-2,2021,2021-01-01,2022-01-01,0,0,0.0,0.0,1,1,0.0,0.0,1,0
P_1772,1772,,participant,1,2023-02-13,2023,1.0,Male,Black,1987.0,20.0,31.0,1.0,31.0,0.0,0.0,0.0,2024-08-13,-1,2022,2022-01-01,2023-01-01,0,0,0.0,0.0,1,1,0.0,0.0,1,0
P_1772,1772,,participant,1,2023-02-13,2023,1.0,Male,Black,1987.0,20.0,31.0,1.0,31.0,0.0,0.0,0.0,2024-08-13,0,2023,2023-01-01,2024-01-01,1,1,852.8412111066315,1.0,1,1,0.0,0.0,1,0
P_1772,1772,,participant,1,2023-02-13,2023,1.0,Male,Black,1987.0,20.0,31.0,1.0,31.0,0.0,0.0,0.0,2024-08-13,1,2024,2024-01-01,2025-01-01,1,1,0.0,0.0,1,1,0.0,0.0,1,0
P_1774,1774,,participant,1,2023-02-13,2023,1.0,Male,Black,1996.0,18.0,5.0,1.0,5.0,4191.212267972448,1.0,0.0,2024-08-13,-2,2021,2021-01-01,2022-01-01,0,0,0.0,0.0,0,0,0.0,0.0,1,0
P_1774,1774,,participant,1,2023-02-13,2023,1.0,Male,Black,1996.0,18.0,5.0,1.0,5.0,4191.212267972448,1.0,0.0,2024-08-13,-1,2022,2022-01-01,2023-01-01,0,0,0.0,0.0,0,0,0.0,0.0,1,0
P_1774,1774,,participant,1,2023-02-13,2023,1.0,Male,Black,1996.0,18.0,5.0,1.0,5.0,4191.212267972448,1.0,0.0,2024-08-13,0,2023,2023-01-01,2024-01-01,1,1,24736.625488701782,1.0,0,0,0.0,0.0,1,0
P_1774,1774,,participant,1,2023-02-13,2023,1.0,Male,Black,1996.0,18.0,5.0,1.0,5.0,4191.212267972448,1.0,0.0,2024-08-13,1,2024,2024-01-01,2025-01-01,1,1,10890.484216845454,1.0,0,0,0.0,0.0,1,0
P_1776,1776,,participant,1,2023-02-13,2023,1.0,Female,Black,1999.0,21.0,1.0,0.0,1.0,4390.24784145688,1.0,0.0,2024-08-13,-2,2021,2021-01-01,2022-01-01,0,0,0.0,0.0,0,0,0.0,0.0,1,0
P_1776,1776,,participant,1,2023-02-13,2023,1.0,Female,Black,1999.0,21.0,1.0,0.0,1.0,4390.24784145688,1.0,0.0,2024-08-13,-1,2022,2022-01-01,2023-01-01,0,0,0.0,0.0,0,0,0.0,0.0,1,0
P_1776,1776,,participant,1,2023-02-13,2023,1.0,Female,Black,1999.0,21.0,1.0,0.0,1.0,4390.24784145688,1.0,0.0,2024-08-13,0,2023,2023-01-01,2024-01-01,1,1,16339.328468134405,1.0,0,0,0.0,0.0,1,0
P_1776,1776,,participant,1,2023-02-13,2023,1.0,Female,Black,1999.0,21.0,1.0,0.0,1.0,4390.24784145688,1.0,0.0,2024-08-13,1,2024,2024-01-01,2025-01-01,1,1,17078.784719216903,1.0,0,0,0.0,0.0,1,0
P_1780,1780,,participant,1,2023-02-27,2023,1.0,Male,Black,1994.0,25.0,2.0,0.0,2.0,2618.681580476467,1.0,0.0,2024-08-27,-2,2021,2021-01-01,2022-01-01,0,0,0.0,0.0,0,0,0.0,0.0,1,0
P_1780,1780,,participant,1,2023-02-27,2023,1.0,Male,Black,1994.0,25.0,2.0,0.0,2.0,2618.681580476467,1.0,0.0,2024-08-27,-1,2022,2022-01-01,2023-01-01,0,0,0.0,0.0,0,0,0.0,0.0,1,0
P_1780,1780,,participant,1,2023-02-27,2023,1.0,Male,Black,1994.0,25.0,2.0,0.0,2.0,2618.681580476467,1.0,0.0,2024-08-27,0,2023,2023-01-01,2024-01-01,1,1,0.0,0.0,0,0,0.0,0.0,1,0
P_1780,1780,,participant,1,2023-02-27,2023,1.0,Male,Black,1994.0,25.0,2.0,0.0,2.0,2618.681580476467,1.0,0.0,2024-08-27,1,2024,2024-01-01,2025-01-01,1,1,0.0,0.0,0,0,0.0,0.0,1,0
P_1781,1781,,participant,1,2023-02-27,2023,1.0,Female,White,2004.0,18.0,1.0,0.0,1.0,0.0,1.0,0.0,2024-08-27,-2,2021,2021-01-01,2022-01-01,0,0,0.0,0.0,0,0,0.0,0.0,1,0
P_1781,1781,,participant,1,2023-02-27,2023,1.0,Female,White,2004.0,18.0,1.0,0.0,1.0,0.0,1.0,0.0,2024-08-27,-1,2022,2022-01-01,2023-01-01,0,0,0.0,0.0,0,0,0.0,0.0,1,0
P_1781,1781,,participant,1,2023-02-27,2023,1.0,Female,White,2004.0,18.0,1.0,0.0,1.0,0.0,1.0,0.0,2024-08-27,0,2023,2023-01-01,2024-01-01,1,1,3218.5940521010543,1.0,0,0,0.0,0.0,1,0
P_1781,1781,,participant,1,2023-02-27,2023,1.0,Female,White,2004.0,18.0,1.0,0.0,1.0,0.0,1.0,0.0,2024-08-27,1,2024,2024-01-01,2025-01-01,1,1,3198.081613499358,1.0,0,0,0.0,0.0,1,0
P_1785,1785,,participant,1,2023-03-06,2023,1.0,Male,Black,2002.0,19.0,1.0,0.0,1.0,0.0,0.0,0.0,2024-09-03,-2,2021,2021-01-01,2022-01-01,0,0,0.0,0.0,0,0,0.0,0.0,1,0
P_1785,1785,,participant,1,2023-03-06,2023,1.0,Male,Black,2002.0,19.0,1.0,0.0,1.0,0.0,0.0,0.0,2024-09-03,-1,2022,2022-01-01,2023-01-01,0,0,0.0,0.0,0,0,0.0,0.0,1,0
P_1785,1785,,participant,1,2023-03-06,2023,1.0,Male,Black,2002.0,19.0,1.0,0.0,1.0,0.0,0.0,0.0,2024-09-03,0,2023,2023-01-01,2024-01-01,1,1,968.3957778396215,1.0,0,0,0.0,0.0,1,0
P_1785,1785,,participant,1,2023-03-06,2023,1.0,Male,Black,2002.0,19.0,1.0,0.0,1.0,0.0,0.0,0.0,2024-09-03,1,2024,2024-01-01,2025-01-01,1,1,1716.5824748552832,1.0,0,0,0.0,0.0,1,0
P_1788,1788,,participant,1,2023-03-13,2023,1.0,Male,Black,2004.0,18.0,1.0,0.0,1.0,0.0,0.0,0.0,2024-09-10,-2,2021,2021-01-01,2022-01-01,0,0,0.0,0.0,0,0,0.0,0.0,1,0
P_1788,1788,,participant,1,2023-03-13,2023,1.0,Male,Black,2004.0,18.0,1.0,0.0,1.0,0.0,0.0,0.0,2024-09-10,-1,2022,2022-01-01,2023-01-01,0,0,0.0,0.0,0,0,0.0,0.0,1,0
P_1788,1788,,participant,1,2023-03-13,2023,1.0,Male,Black,2004.0,18.0,1.0,0.0,1.0,0.0,0.0,0.0,2024-09-10,0,2023,2023-01-01,2024-01-01,1,1,3259.1988384535275,1.0,0,0,0.0,0.0,1,0
P_1788,1788,,participant,1,2023-03-13,2023,1.0,Male,Black,2004.0,18.0,1.0,0.0,1.0,0.0,0.0,0.0,2024-09-10,1,2024,2024-01-01,2025-01-01,1,1,4041.1986058725224,1.0,0,0,0.0,0.0,1,0
P_1792,1792,,participant,1,2023-03-13,2023,1.0,Male,Black,1999.0,21.0,1.0,0.0,1.0,0.0,0.0,0.0,2024-09-10,-2,2021,2021-01-01,2022-01-01,0,0,0.0,0.0,1,1,0.0,0.0,1,0
P_1792,1792,,participant,1,2023-03-13,2023,1.0,Male,Black,1999.0,21.0,1.0,0.0,1.0,0.0,0.0,0.0,2024-09-10,-1,2022,2022-01-01,2023-01-01,0,0,0.0,0.0,1,1,0.0,0.0,1,0
P_1792,1792,,participant,1,2023-03-13,2023,1.0,Male,Black,1999.0,21.0,1.0,0.0,1.0,0.0,0.0,0.0,2024-09-10,0,2023,2023-01-01,2024-01-01,1,1,25076.236900264143,1.0,1,1,0.0,0.0,1,0
P_1792,1792,,participant,1,2023-03-13,2023,1.0,Male,Black,1999.0,21.0,1.0,0.0,1.0,0.0,0.0,0.0,2024-09-10,1,2024,2024-01-01,2025-01-01,1,1,9084.667652927987,1.0,1,1,0.0,0.0,1,0
P_1794,1794,,participant,1,2023-03-21,2023,1.0,Male,Black,2003.0,18.0,3.0,1.0,3.0,0.0,0.0,0.0,2024-09-18,-2,2021,2021-01-01,2022-01-01,0,0,0.0,0.0,0,0,0.0,0.0,1,0
P_1794,1794,,participant,1,2023-03-21,2023,1.0,Male,Black,2003.0,18.0,3.0,1.0,3.0,0.0,0.0,0.0,2024-09-18,-1,2022,2022-01-01,2023-01-01,0,0,0.0,0.0,0,0,0.0,0.0,1,0
P_1794,1794,,participant,1,2023-03-21,2023,1.0,Male,Black,2003.0,18.0,3.0,1.0,3.0,0.0,0.0,0.0,2024-09-18,0,2023,2023-01-01,2024-01-01,1,1,4568.720046057254,1.0,0,0,0.0,0.0,1,0
P_1794,1794,,participant,1,2023-03-21,2023,1.0,Male,Black,2003.0,18.0,3.0,1.0,3.0,0.0,0.0,0.0,2024-09-18,1,2024,2024-01-01,2025-01-01,1,1,3016.9744569109566,1.0,0,0,0.0,0.0,1,0
P_1798,1798,,participant,1,2023-03-27,2023,1.0,Male,Black,2004.0,18.0,1.0,0.0,1.0,0.0,0.0,0.0,2024-09-24,-2,2021,2021-01-01,2022-01-01,0,0,0.0,0.0,0,0,0.0,0.0,1,0
P_1798,1798,,participant,1,2023-03-27,2023,1.0,Male,Black,2004.0,18.0,1.0,0.0,1.0,0.0,0.0,0.0,2024-09-24,-1,2022,2022-01-01,2023-01-01,0,0,0.0,0.0,0,0,0.0,0.0,1,0
P_1798,1798,,participant,1,2023-03-27,2023,1.0,Male,Black,2004.0,18.0,1.0,0.0,1.0,0.0,0.0,0.0,2024-09-24,0,2023,2023-01-01,2024-01-01,1,1,1488.1885654274424,1.0,0,0,0.0,0.0,1,0
P_1798,1798,,participant,1,2023-03-27,2023,1.0,Male,Black,2004.0,18.0,1.0,0.0,1.0,0.0,0.0,0.0,2024-09-24,1,2024,2024-01-01,2025-01-01,1,1,9651.575700666832,1.0,0,0,0.0,0.0,1,0
P_1799,1799,,participant,1,2023-03-28,2023,1.0,Male,Black,2003.0,18.0,3.0,1.0,3.0,0.0,0.0,0.0,2024-09-25,-2,2021,2021-01-01,2022-01-01,0,0,0.0,0.0,0,0,0.0,0.0,1,0
P_1799,1799,,participant,1,2023-03-28,2023,1.0,Male,Black,2003.0,18.0,3.0,1.0,3.0,0.0,0.0,0.0,2024-09-25,-1,2022,2022-01-01,2023-01-01,0,0,0.0,0.0,0,0,0.0,0.0,1,0
P_1799,1799,,participant,1,2023-03-28,2023,1.0,Male,Black,2003.0,18.0,3.0,1.0,3.0,0.0,0.0,0.0,2024-09-25,0,2023,2023-01-01,2024-01-01,1,1,2158.172089318899,1.0,0,0,0.0,0.0,1,0
P_1799,1799,,participant,1,2023-03-28,2023,1.0,Male,Black,2003.0,18.0,3.0,1.0,3.0,0.0,0.0,0.0,2024-09-25,1,2024,2024-01-01,2025-01-01,1,1,0.0,0.0,0,0,0.0,0.0,1,0
P_1806,1806,,participant,1,2023-04-03,2023,1.0,Male,Black,2000.0,20.0,3.0,1.0,3.0,0.0,0.0,0.0,2024-10-01,-2,2021,2021-01-01,2022-01-01,0,0,0.0,0.0,0,0,0.0,0.0,1,0
P_1806,1806,,participant,1,2023-04-03,2023,1.0,Male,Black,2000.0,20.0,3.0,1.0,3.0,0.0,0.0,0.0,2024-10-01,-1,2022,2022-01-01,2023-01-01,0,0,0.0,0.0,0,0,0.0,0.0,1,0
P_1806,1806,,participant,1,2023-04-03,2023,1.0,Male,Black,2000.0,20.0,3.0,1.0,3.0,0.0,0.0,0.0,2024-10-01,0,2023,2023-01-01,2024-01-01,1,1,31238.133487555184,1.0,0,0,0.0,0.0,1,0
P_1806,1806,,participant,1,2023-04-03,2023,1.0,Male,Black,2000.0,20.0,3.0,1.0,3.0,0.0,0.0,0.0,2024-10-01,1,2024,2024-01-01,2025-01-01,1,1,34289.9800785656,1.0,0,1,1.0,1.0,1,1
P_1807,1807,,participant,1,2023-04-03,2023,1.0,Male,Black,1995.0,32.0,2.0,0.0,2.0,3209.7069665706676,1.0,0.0,2024-10-01,-2,2021,2021-01-01,2022-01-01,0,0,0.0,0.0,1,1,0.0,0.0,1,0
P_1807,1807,,participant,1,2023-04-03,2023,1.0,Male,Black,1995.0,32.0,2.0,0.0,2.0,3209.7069665706676,1.0,0.0,2024-10-01,-1,2022,2022-01-01,2023-01-01,0,0,0.0,0.0,1,1,0.0,0.0,1,0
P_1807,1807,,participant,1,2023-04-03,2023,1.0,Male,Black,1995.0,32.0,2.0,0.0,2.0,3209.7069665706676,1.0,0.0,2024-10-01,0,2023,2023-01-01,2024-01-01,1,1,0.0,0.0,1,1,0.0,0.0,1,0
P_1807,1807,,participant,1,2023-04-03,2023,1.0,Male,Black,1995.0,32.0,2.0,0.0,2.0,3209.7069665706676,1.0,0.0,2024-10-01,1,2024,2024-01-01,2025-01-01,1,1,18986.404455261007,1.0,1,1,0.0,0.0,1,0
P_1808,1808,,participant,1,2023-04-03,2023,1.0,Male,Black,1991.0,21.0,4.0,0.0,4.0,60515.76762725698,1.0,0.0,2024-10-01,-2,2021,2021-01-01,2022-01-01,0,0,0.0,0.0,0,0,0.0,0.0,1,0
P_1808,1808,,participant,1,2023-04-03,2023,1.0,Male,Black,1991.0,21.0,4.0,0.0,4.0,60515.76762725698,1.0,0.0,2024-10-01,-1,2022,2022-01-01,2023-01-01,0,0,0.0,0.0,0,0,0.0,0.0,1,0
P_1808,1808,,participant,1,2023-04-03,2023,1.0,Male,Black,1991.0,21.0,4.0,0.0,4.0,60515.76762725698,1.0,0.0,2024-10-01,0,2023,2023-01-01,2024-01-01,1,1,34319.98037525569,1.0,0,0,0.0,0.0,1,0
P_1808,1808,,participant,1,2023-04-03,2023,1.0,Male,Black,1991.0,21.0,4.0,0.0,4.0,60515.76762725698,1.0,0.0,2024-10-01,1,2024,2024-01-01,2025-01-01,1,1,25083.022971821305,1.0,0,0,0.0,0.0,1,0
P_1811,1811,,participant,1,2023-04-10,2023,1.0,Male,White,2004.0,18.0,2.0,1.0,2.0,375.9995342011265,1.0,0.0,2024-10-08,-2,2021,2021-01-01,2022-01-01,0,0,0.0,0.0,0,0,0.0,0.0,1,0
P_1811,1811,,participant,1,2023-04-10,2023,1.0,Male,White,2004.0,18.0,2.0,1.0,2.0,375.9995342011265,1.0,0.0,2024-10-08,-1,2022,2022-01-01,2023-01-01,0,0,0.0,0.0,0,0,0.0,0.0,1,0
P_1811,1811,,participant,1,2023-04-10,2023,1.0,Male,White,2004.0,18.0,2.0,1.0,2.0,375.9995342011265,1.0,0.0,2024-10-08,0,2023,2023-01-01,2024-01-01,1,1,16503.98830010291,1.0,0,0,0.0,0.0,1,0
P_1811,1811,,participant,1,2023-04-10,2023,1.0,Male,White,2004.0,18.0,2.0,1.0,2.0,375.9995342011265,1.0,0.0,2024-10-08,1,2024,2024-01-01,2025-01-01,1,1,15155.736048499683,1.0,0,0,0.0,0.0,1,0
P_1812,1812,,participant,1,2023-04-10,2023,1.0,Male,Black,2003.0,18.0,3.0,1.0,3.0,0.0,0.0,0.0,2024-10-08,-2,2021,2021-01-01,2022-01-01,0,0,0.0,0.0,0,0,0.0,0.0,1,0
P_1812,1812,,participant,1,2023-04-10,2023,1.0,Male,Black,2003.0,18.0,3.0,1.0,3.0,0.0,0.0,0.0,2024-10-08,-1,2022,2022-01-01,2023-01-01,0,0,0.0,0.0,0,1,0.0,0.0,1,0
P_1812,1812,,participant,1,2023-04-10,2023,1.0,Male,Black,2003.0,18.0,3.0,1.0,3.0,0.0,0.0,0.0,2024-10-08,0,2023,2023-01-01,2024-01-01,1,1,6358.285298132368,1.0,1,1,0.0,0.0,1,0
P_1812,1812,,participant,1,2023-04-10,2023,1.0,Male,Black,2003.0,18.0,3.0,1.0,3.0,0.0,0.0,0.0,2024-10-08,1,2024,2024-01-01,2025-01-01,1,1,2983.1033659735654,1.0,1,1,0.0,0.0,1,0
P_1816,1816,,participant,1,2023-04-10,2023,1.0,Male,Black,1999.0,21.0,1.0,0.0,1.0,0.0,0.0,0.0,2024-10-08,-2,2021,2021-01-01,2022-01-01,0,0,0.0,0.0,0,0,0.0,0.0,1,0
P_1816,1816,,participant,1,2023-04-10,2023,1.0,Male,Black,1999.0,21.0,1.0,0.0,1.0,0.0,0.0,0.0,2024-10-08,-1,2022,2022-01-01,2023-01-01,0,0,0.0,0.0,0,0,0.0,0.0,1,0
P_1816,1816,,participant,1,2023-04-10,2023,1.0,Male,Black,1999.0,21.0,1.0,0.0,1.0,0.0,0.0,0.0,2024-10-08,0,2023,2023-01-01,2024-01-01,1,1,7286.713748421962,1.0,0,0,0.0,0.0,1,0
P_1816,1816,,participant,1,2023-04-10,2023,1.0,Male,Black,1999.0,21.0,1.0,0.0,1.0,0.0,0.0,0.0,2024-10-08,1,2024,2024-01-01,2025-01-01,1,1,9300.924773319066,1.0,0,0,0.0,0.0,1,0
P_1817,1817,,participant,1,2023-04-10,2023,1.0,Male,Black,1992.0,23.0,1.0,0.0,1.0,17043.587022281703,1.0,0.0,2024-10-08,-2,2021,2021-01-01,2022-01-01,0,0,0.0,0.0,1,1,0.0,0.0,1,0
P_1817,1817,,participant,1,2023-04-10,2023,1.0,Male,Black,1992.0,23.0,1.0,0.0,1.0,17043.587022281703,1.0,0.0,2024-10-08,-1,2022,2022-01-01,2023-01-01,0,0,0.0,0.0,1,1,0.0,0.0,1,0
P_1817,1817,,participant,1,2023-04-10,2023,1.0,Male,Black,1992.0,23.0,1.0,0.0,1.0,17043.587022281703,1.0,0.0,2024-10-08,0,2023,2023-01-01,2024-01-01,1,1,12929.397183184787,1.0,1,1,0.0,0.0,1,0
P_1817,1817,,participant,1,2023-04-10,2023,1.0,Male,Black,1992.0,23.0,1.0,0.0,1.0,17043.587022281703,1.0,0.0,2024-10-08,1,2024,2024-01-01,2025-01-01,1,1,2259.0631419149977,1.0,1,1,0.0,0.0,1,0
P_1819,1819,,participant,1,2023-04-17,2023,1.0,Male,Black,2001.0,18.0,3.0,1.0,3.0,28269.06717179421,0.0,0.0,2024-10-15,-2,2021,2021-01-01,2022-01-01,0,0,0.0,0.0,0,0,0.0,0.0,1,0
P_1819,1819,,participant,1,2023-04-17,2023,1.0,Male,Black,2001.0,18.0,3.0,1.0,3.0,28269.06717179421,0.0,0.0,2024-10-15,-1,2022,2022-01-01,2023-01-01,0,0,0.0,0.0,0,0,0.0,0.0,1,0
P_1819,1819,,participant,1,2023-04-17,2023,1.0,Male,Black,2001.0,18.0,3.0,1.0,3.0,28269.06717179421,0.0,0.0,2024-10-15,0,2023,2023-01-01,2024-01-01,1,1,0.0,0.0,0,0,0.0,0.0,1,0
P_1819,1819,,participant,1,2023-04-17,2023,1.0,Male,Black,2001.0,18.0,3.0,1.0,3.0,28269.06717179421,0.0,0.0,2024-10-15,1,2024,2024-01-01,2025-01-01,1,1,0.0,0.0,0,0,0.0,0.0,1,0
P_1822,1822,,participant,1,2023-04-17,2023,1.0,Male,Black,2003.0,18.0,3.0,1.0,3.0,0.0,0.0,0.0,2024-10-15,-2,2021,2021-01-01,2022-01-01,0,0,0.0,0.0,0,0,0.0,0.0,1,0
P_1822,1822,,participant,1,2023-04-17,2023,1.0,Male,Black,2003.0,18.0,3.0,1.0,3.0,0.0,0.0,0.0,2024-10-15,-1,2022,2022-01-01,2023-01-01,0,0,0.0,0.0,0,0,0.0,0.0,1,0
P_1822,1822,,participant,1,2023-04-17,2023,1.0,Male,Black,2003.0,18.0,3.0,1.0,3.0,0.0,0.0,0.0,2024-10-15,0,2023,2023-01-01,2024-01-01,1,1,1464.993464028421,1.0,0,0,0.0,0.0,1,0
P_1822,1822,,participant,1,2023-04-17,2023,1.0,Male,Black,2003.0,18.0,3.0,1.0,3.0,0.0,0.0,0.0,2024-10-15,1,2024,2024-01-01,2025-01-01,1,1,9208.775863813233,1.0,0,0,0.0,0.0,1,0
P_1826,1826,,participant,1,2023-04-24,2023,1.0,Female,Black,1969.0,36.0,3.0,0.0,3.0,60453.23985326529,1.0,0.0,2024-10-22,-2,2021,2021-01-01,2022-01-01,0,0,0.0,0.0,1,1,0.0,0.0,1,0
P_1826,1826,,participant,1,2023-04-24,2023,1.0,Female,Black,1969.0,36.0,3.0,0.0,3.0,60453.23985326529,1.0,0.0,2024-10-22,-1,2022,2022-01-01,2023-01-01,0,0,0.0,0.0,1,1,0.0,0.0,1,0
P_1826,1826,,participant,1,2023-04-24,2023,1.0,Female,Black,1969.0,36.0,3.0,0.0,3.0,60453.23985326529,1.0,0.0,2024-10-22,0,2023,2023-01-01,2024-01-01,1,1,5089.5956510554215,1.0,1,1,0.0,0.0,1,0
P_1826,1826,,participant,1,2023-04-24,2023,1.0,Female,Black,1969.0,36.0,3.0,0.0,3.0,60453.23985326529,1.0,0.0,2024-10-22,1,2024,2024-01-01,2025-01-01,1,1,17902.003126186435,1.0,1,1,0.0,0.0,1,0
P_1828,1828,,participant,1,2023-04-24,2023,1.0,Female,Black,1956.0,62.0,3.0,0.0,3.0,0.0,0.0,0.0,2024-10-22,-2,2021,2021-01-01,2022-01-01,0,0,0.0,0.0,0,0,0.0,0.0,1,0
P_1828,1828,,participant,1,2023-04-24,2023,1.0,Female,Black,1956.0,62.0,3.0,0.0,3.0,0.0,0.0,0.0,2024-10-22,-1,2022,2022-01-01,2023-01-01,0,0,0.0,0.0,0,0,0.0,0.0,1,0
P_1828,1828,,participant,1,2023-04-24,2023,1.0,Female,Black,1956.0,62.0,3.0,0.0,3.0,0.0,0.0,0.0,2024-10-22,0,2023,2023-01-01,2024-01-01,1,1,0.0,0.0,0,0,0.0,0.0,1,0
P_1828,1828,,participant,1,2023-04-24,2023,1.0,Female,Black,1956.0,62.0,3.0,0.0,3.0,0.0,0.0,0.0,2024-10-22,1,2024,2024-01-01,2025-01-01,1,1,0.0,0.0,0,0,0.0,0.0,1,0
P_1829,1829,,participant,1,2023-04-24,2023,1.0,Male,Black,1999.0,21.0,1.0,0.0,1.0,0.0,0.0,0.0,2024-10-22,-2,2021,2021-01-01,2022-01-01,0,0,0.0,0.0,0,0,0.0,0.0,1,0
P_1829,1829,,participant,1,2023-04-24,2023,1.0,Male,Black,1999.0,21.0,1.0,0.0,1.0,0.0,0.0,0.0,2024-10-22,-1,2022,2022-01-01,2023-01-01,0,0,0.0,0.0,0,0,0.0,0.0,1,0
P_1829,1829,,participant,1,2023-04-24,2023,1.0,Male,Black,1999.0,21.0,1.0,0.0,1.0,0.0,0.0,0.0,2024-10-22,0,2023,2023-01-01,2024-01-01,1,1,272.95778885578596,1.0,0,0,0.0,0.0,1,0
P_1829,1829,,participant,1,2023-04-24,2023,1.0,Male,Black,1999.0,21.0,1.0,0.0,1.0,0.0,0.0,0.0,2024-10-22,1,2024,2024-01-01,2025-01-01,1,1,0.0,0.0,0,0,0.0,0.0,1,0
P_1831,1831,,participant,1,2023-05-08,2023,1.0,Male,Black,2000.0,20.0,3.0,1.0,3.0,0.0,0.0,0.0,2024-11-05,-2,2021,2021-01-01,2022-01-01,0,0,0.0,0.0,0,1,0.0,0.0,1,0
P_1831,1831,,participant,1,2023-05-08,2023,1.0,Male,Black,2000.0,20.0,3.0,1.0,3.0,0.0,0.0,0.0,2024-11-05,-1,2022,2022-01-01,2023-01-01,0,0,0.0,0.0,1,1,0.0,0.0,1,0
P_1831,1831,,participant,1,2023-05-08,2023,1.0,Male,Black,2000.0,20.0,3.0,1.0,3.0,0.0,0.0,0.0,2024-11-05,0,2023,2023-01-01,2024-01-01,1,1,5377.616361533596,1.0,1,1,0.0,0.0,1,0
P_1831,1831,,participant,1,2023-05-08,2023,1.0,Male,Black,2000.0,20.0,3.0,1.0,3.0,0.0,0.0,0.0,2024-11-05,1,2024,2024-01-01,2025-01-01,1,1,1004.2253842498554,1.0,1,1,0.0,0.0,1,0
P_1833,1833,,participant,1,2023-05-01,2023,1.0,Male,Black,1975.0,43.0,3.0,0.0,3.0,6243.165681173131,1.0,0.0,2024-10-29,-2,2021,2021-01-01,2022-01-01,0,0,0.0,0.0,0,0,0.0,0.0,1,0
P_1833,1833,,participant,1,2023-05-01,2023,1.0,Male,Black,1975.0,43.0,3.0,0.0,3.0,6243.165681173131,1.0,0.0,2024-10-29,-1,2022,2022-01-01,2023-01-01,0,0,0.0,0.0,0,0,0.0,0.0,1,0
P_1833,1833,,participant,1,2023-05-01,2023,1.0,Male,Black,1975.0,43.0,3.0,0.0,3.0,6243.165681173131,1.0,0.0,2024-10-29,0,2023,2023-01-01,2024-01-01,1,1,56718.47275202593,1.0,0,0,0.0,0.0,1,0
P_1833,1833,,participant,1,2023-05-01,2023,1.0,Male,Black,1975.0,43.0,3.0,0.0,3.0,6243.165681173131,1.0,0.0,2024-10-29,1,2024,2024-01-01,2025-01-01,1,1,62562.53883923976,1.0,0,0,0.0,0.0,1,0
P_1838,1838,,participant,1,2023-05-08,2023,1.0,Male,Black,2004.0,18.0,1.0,0.0,1.0,0.0,0.0,0.0,2024-11-05,-2,2021,2021-01-01,2022-01-01,0,0,0.0,0.0,0,0,0.0,0.0,1,0
P_1838,1838,,participant,1,2023-05-08,2023,1.0,Male,Black,2004.0,18.0,1.0,0.0,1.0,0.0,0.0,0.0,2024-11-05,-1,2022,2022-01-01,2023-01-01,0,0,0.0,0.0,0,0,0.0,0.0,1,0
P_1838,1838,,participant,1,2023-05-08,2023,1.0,Male,Black,2004.0,18.0,1.0,0.0,1.0,0.0,0.0,0.0,2024-11-05,0,2023,2023-01-01,2024-01-01,1,1,3932.6806048902445,1.0,0,0,0.0,0.0,1,0
P_1838,1838,,participant,1,2023-05-08,2023,1.0,Male,Black,2004.0,18.0,1.0,0.0,1.0,0.0,0.0,0.0,2024-11-05,1,2024,2024-01-01,2025-01-01,1,1,0.0,0.0,0,0,0.0,0.0,1,0
P_1842,1842,,participant,1,2023-05-15,2023,1.0,Male,Black,1978.0,26.0,14.0,1.0,14.0,0.0,1.0,0.0,2024-11-12,-2,2021,2021-01-01,2022-01-01,0,0,0.0,0.0,1,1,0.0,0.0,1,0
P_1842,1842,,participant,1,2023-05-15,2023,1.0,Male,Black,1978.0,26.0,14.0,1.0,14.0,0.0,1.0,0.0,2024-11-12,-1,2022,2022-01-01,2023-01-01,0,0,0.0,0.0,1,1,0.0,0.0,1,0
P_1842,1842,,participant,1,2023-05-15,2023,1.0,Male,Black,1978.0,26.0,14.0,1.0,14.0,0.0,1.0,0.0,2024-11-12,0,2023,2023-01-01,2024-01-01,1,1,0.0,0.0,1,1,0.0,0.0,1,0
P_1842,1842,,participant,1,2023-05-15,2023,1.0,Male,Black,1978.0,26.0,14.0,1.0,14.0,0.0,1.0,0.0,2024-11-12,1,2024,2024-01-01,2025-01-01,1,1,23535.961040208538,1.0,1,1,0.0,0.0,1,0
P_1846,1846,,participant,1,2023-05-22,2023,1.0,Male,Black,2005.0,16.0,1.0,1.0,1.0,217.07286084447318,0.0,0.0,2024-11-19,-2,2021,2021-01-01,2022-01-01,0,0,0.0,0.0,0,0,0.0,0.0,1,0
P_1846,1846,,participant,1,2023-05-22,2023,1.0,Male,Black,2005.0,16.0,1.0,1.0,1.0,217.07286084447318,0.0,0.0,2024-11-19,-1,2022,2022-01-01,2023-01-01,0,0,0.0,0.0,0,0,0.0,0.0,1,0
P_1846,1846,,participant,1,2023-05-22,2023,1.0,Male,Black,2005.0,16.0,1.0,1.0,1.0,217.07286084447318,0.0,0.0,2024-11-19,0,2023,2023-01-01,2024-01-01,1,1,332.7737281007739,1.0,0,0,0.0,0.0,1,0
P_1846,1846,,participant,1,2023-05-22,2023,1.0,Male,Black,2005.0,16.0,1.0,1.0,1.0,217.07286084447318,0.0,0.0,2024-11-19,1,2024,2024-01-01,2025-01-01,1,1,2524.4009219491445,1.0,0,0,0.0,0.0,1,0
P_1847,1847,,participant,1,2023-05-22,2023,1.0,Male,Black,1968.0,32.0,3.0,1.0,3.0,0.0,0.0,0.0,2024-11-19,-2,2021,2021-01-01,2022-01-01,0,0,0.0,0.0,0,0,0.0,0.0,1,0
P_1847,1847,,participant,1,2023-05-22,2023,1.0,Male,Black,1968.0,32.0,3.0,1.0,3.0,0.0,0.0,0.0,2024-11-19,-1,2022,2022-01-01,2023-01-01,0,0,0.0,0.0,0,0,0.0,0.0,1,0
P_1847,1847,,participant,1,2023-05-22,2023,1.0,Male,Black,1968.0,32.0,3.0,1.0,3.0,0.0,0.0,0.0,2024-11-19,0,2023,2023-01-01,2024-01-01,1,1,0.0,0.0,0,0,0.0,0.0,1,0
P_1847,1847,,participant,1,2023-05-22,2023,1.0,Male,Black,1968.0,32.0,3.0,1.0,3.0,0.0,0.0,0.0,2024-11-19,1,2024,2024-01-01,2025-01-01,1,1,1141.1375624577245,1.0,0,0,0.0,0.0,1,0
P_1851,1851,,participant,1,2023-05-30,2023,1.0,Male,Black,2003.0,18.0,3.0,1.0,3.0,0.0,0.0,0.0,2024-11-27,-2,2021,2021-01-01,2022-01-01,0,0,0.0,0.0,0,0,0.0,0.0,1,0
P_1851,1851,,participant,1,2023-05-30,2023,1.0,Male,Black,2003.0,18.0,3.0,1.0,3.0,0.0,0.0,0.0,2024-11-27,-1,2022,2022-01-01,2023-01-01,0,0,0.0,0.0,0,0,0.0,0.0,1,0
P_1851,1851,,participant,1,2023-05-30,2023,1.0,Male,Black,2003.0,18.0,3.0,1.0,3.0,0.0,0.0,0.0,2024-11-27,0,2023,2023-01-01,2024-01-01,1,1,0.0,0.0,0,0,0.0,0.0,1,0
P_1851,1851,,participant,1,2023-05-30,2023,1.0,Male,Black,2003.0,18.0,3.0,1.0,3.0,0.0,0.0,0.0,2024-11-27,1,2024,2024-01-01,2025-01-01,1,1,23981.474471855436,1.0,0,0,0.0,0.0,1,0
P_1852,1852,,participant,1,2023-05-30,2023,1.0,Male,Black,2004.0,18.0,1.0,0.0,1.0,0.0,0.0,0.0,2024-11-27,-2,2021,2021-01-01,2022-01-01,0,0,0.0,0.0,0,0,0.0,0.0,1,0
P_1852,1852,,participant,1,2023-05-30,2023,1.0,Male,Black,2004.0,18.0,1.0,0.0,1.0,0.0,0.0,0.0,2024-11-27,-1,2022,2022-01-01,2023-01-01,0,0,0.0,0.0,0,1,0.0,0.0,1,0
P_1852,1852,,participant,1,2023-05-30,2023,1.0,Male,Black,2004.0,18.0,1.0,0.0,1.0,0.0,0.0,0.0,2024-11-27,0,2023,2023-01-01,2024-01-01,1,1,3143.4218074306073,1.0,1,1,0.0,0.0,1,0
P_1852,1852,,participant,1,2023-05-30,2023,1.0,Male,Black,2004.0,18.0,1.0,0.0,1.0,0.0,0.0,0.0,2024-11-27,1,2024,2024-01-01,2025-01-01,1,1,8038.506424142958,1.0,1,1,0.0,0.0,1,0
P_1853,1853,,participant,1,2023-06-05,2023,1.0,Female,Black,1997.0,21.0,1.0,0.0,1.0,42271.98720733566,1.0,0.0,2024-12-03,-2,2021,2021-01-01,2022-01-01,0,0,0.0,0.0,0,0,0.0,0.0,1,0
P_1853,1853,,participant,1,2023-06-05,2023,1.0,Female,Black,1997.0,21.0,1.0,0.0,1.0,42271.98720733566,1.0,0.0,2024-12-03,-1,2022,2022-01-01,2023-01-01,0,0,0.0,0.0,0,0,0.0,0.0,1,0
P_1853,1853,,participant,1,2023-06-05,2023,1.0,Female,Black,1997.0,21.0,1.0,0.0,1.0,42271.98720733566,1.0,0.0,2024-12-03,0,2023,2023-01-01,2024-01-01,1,1,24761.112683357635,1.0,0,0,0.0,0.0,1,0
P_1853,1853,,participant,1,2023-06-05,2023,1.0,Female,Black,1997.0,21.0,1.0,0.0,1.0,42271.98720733566,1.0,0.0,2024-12-03,1,2024,2024-01-01,2025-01-01,1,1,5973.345622119816,1.0,0,0,0.0,0.0,1,0
P_1857,1857,,participant,1,2023-09-25,2023,1.0,Female,Black,1996.0,22.0,4.0,0.0,4.0,8519.680929138813,1.0,0.0,2025-03-25,-2,2021,2021-01-01,2022-01-01,0,0,0.0,0.0,0,0,0.0,0.0,1,0
P_1857,1857,,participant,1,2023-09-25,2023,1.0,Female,Black,1996.0,22.0,4.0,0.0,4.0,8519.680929138813,1.0,0.0,2025-03-25,-1,2022,2022-01-01,2023-01-01,0,0,0.0,0.0,0,0,0.0,0.0,1,0
P_1857,1857,,participant,1,2023-09-25,2023,1.0,Female,Black,1996.0,22.0,4.0,0.0,4.0,8519.680929138813,1.0,0.0,2025-03-25,0,2023,2023-01-01,2024-01-01,1,1,20484.11857217621,1.0,0,0,0.0,0.0,1,0
P_1857,1857,,participant,1,2023-09-25,2023,1.0,Female,Black,1996.0,22.0,4.0,0.0,4.0,8519.680929138813,1.0,0.0,2025-03-25,1,2024,2024-01-01,2025-01-01,1,1,29786.80087635824,1.0,0,0,0.0,0.0,1,0
P_1859,1859,,participant,1,2023-06-12,2023,1.0,Male,Black,2004.0,18.0,1.0,0.0,1.0,0.0,0.0,0.0,2024-12-10,-2,2021,2021-01-01,2022-01-01,0,0,0.0,0.0,0,0,0.0,0.0,1,0
P_1859,1859,,participant,1,2023-06-12,2023,1.0,Male,Black,2004.0,18.0,1.0,0.0,1.0,0.0,0.0,0.0,2024-12-10,-1,2022,2022-01-01,2023-01-01,0,0,0.0,0.0,0,0,0.0,0.0,1,0
P_1859,1859,,participant,1,2023-06-12,2023,1.0,Male,Black,2004.0,18.0,1.0,0.0,1.0,0.0,0.0,0.0,2024-12-10,0,2023,2023-01-01,2024-01-01,1,1,6832.267908120218,1.0,0,0,0.0,0.0,1,0
P_1859,1859,,participant,1,2023-06-12,2023,1.0,Male,Black,2004.0,18.0,1.0,0.0,1.0,0.0,0.0,0.0,2024-12-10,1,2024,2024-01-01,2025-01-01,1,1,20067.77765832207,1.0,0,0,0.0,0.0,1,0
P_1861,1861,,participant,1,2023-09-05,2023,1.0,Male,Black,1982.0,34.0,1.0,0.0,1.0,5122.312853673149,1.0,0.0,2025-03-05,-2,2021,2021-01-01,2022-01-01,0,0,0.0,0.0,1,1,0.0,0.0,1,0
P_1861,1861,,participant,1,2023-09-05,2023,1.0,Male,Black,1982.0,34.0,1.0,0.0,1.0,5122.312853673149,1.0,0.0,2025-03-05,-1,2022,2022-01-01,2023-01-01,0,0,0.0,0.0,1,1,0.0,0.0,1,0
P_1861,1861,,participant,1,2023-09-05,2023,1.0,Male,Black,1982.0,34.0,1.0,0.0,1.0,5122.312853673149,1.0,0.0,2025-03-05,0,2023,2023-01-01,2024-01-01,1,1,14.789943471145508,1.0,1,1,0.0,0.0,1,0
P_1861,1861,,participant,1,2023-09-05,2023,1.0,Male,Black,1982.0,34.0,1.0,0.0,1.0,5122.312853673149,1.0,0.0,2025-03-05,1,2024,2024-01-01,2025-01-01,1,1,0.0,0.0,1,1,0.0,0.0,1,0
P_1865,1865,,participant,1,2023-06-27,2023,1.0,Male,Black,2005.0,16.0,1.0,1.0,1.0,217.07286084447318,0.0,0.0,2024-12-25,-2,2021,2021-01-01,2022-01-01,0,0,0.0,0.0,0,0,0.0,0.0,1,0
P_1865,1865,,participant,1,2023-06-27,2023,1.0,Male,Black,2005.0,16.0,1.0,1.0,1.0,217.07286084447318,0.0,0.0,2024-12-25,-1,2022,2022-01-01,2023-01-01,0,0,0.0,0.0,0,0,0.0,0.0,1,0
P_1865,1865,,participant,1,2023-06-27,2023,1.0,Male,Black,2005.0,16.0,1.0,1.0,1.0,217.07286084447318,0.0,0.0,2024-12-25,0,2023,2023-01-01,2024-01-01,1,1,2364.035085927567,1.0,0,0,0.0,0.0,1,0
P_1865,1865,,participant,1,2023-06-27,2023,1.0,Male,Black,2005.0,16.0,1.0,1.0,1.0,217.07286084447318,0.0,0.0,2024-12-25,1,2024,2024-01-01,2025-01-01,1,1,5584.664648200058,1.0,0,0,0.0,0.0,1,0
P_1869,1869,,participant,1,2023-09-05,2023,1.0,Male,Black,2004.0,18.0,1.0,0.0,1.0,0.0,0.0,0.0,2025-03-05,-2,2021,2021-01-01,2022-01-01,0,0,0.0,0.0,0,0,0.0,0.0,1,0
P_1869,1869,,participant,1,2023-09-05,2023,1.0,Male,Black,2004.0,18.0,1.0,0.0,1.0,0.0,0.0,0.0,2025-03-05,-1,2022,2022-01-01,2023-01-01,0,0,0.0,0.0,0,0,0.0,0.0,1,0
P_1869,1869,,participant,1,2023-09-05,2023,1.0,Male,Black,2004.0,18.0,1.0,0.0,1.0,0.0,0.0,0.0,2025-03-05,0,2023,2023-01-01,2024-01-01,1,1,0.0,0.0,0,0,0.0,0.0,1,0
P_1869,1869,,participant,1,2023-09-05,2023,1.0,Male,Black,2004.0,18.0,1.0,0.0,1.0,0.0,0.0,0.0,2025-03-05,1,2024,2024-01-01,2025-01-01,1,1,0.0,0.0,0,0,0.0,0.0,1,0
P_1873,1873,,participant,1,2023-08-07,2023,1.0,Male,Black,2001.0,18.0,3.0,1.0,3.0,27115.71851005462,0.0,0.0,2025-02-04,-2,2021,2021-01-01,2022-01-01,0,0,0.0,0.0,0,0,0.0,0.0,1,0
P_1873,1873,,participant,1,2023-08-07,2023,1.0,Male,Black,2001.0,18.0,3.0,1.0,3.0,27115.71851005462,0.0,0.0,2025-02-04,-1,2022,2022-01-01,2023-01-01,0,0,0.0,0.0,0,1,0.0,0.0,1,0
P_1873,1873,,participant,1,2023-08-07,2023,1.0,Male,Black,2001.0,18.0,3.0,1.0,3.0,27115.71851005462,0.0,0.0,2025-02-04,0,2023,2023-01-01,2024-01-01,1,1,16490.87536581064,1.0,1,1,0.0,0.0,1,0
P_1873,1873,,participant,1,2023-08-07,2023,1.0,Male,Black,2001.0,18.0,3.0,1.0,3.0,27115.71851005462,0.0,0.0,2025-02-04,1,2024,2024-01-01,2025-01-01,1,1,16148.326529312248,1.0,1,1,0.0,0.0,1,0
P_1875,1875,,participant,1,2023-07-05,2023,1.0,Male,Black,1982.0,34.0,1.0,0.0,1.0,5122.312853673149,1.0,0.0,2025-01-02,-2,2021,2021-01-01,2022-01-01,0,0,0.0,0.0,1,1,0.0,0.0,1,0
P_1875,1875,,participant,1,2023-07-05,2023,1.0,Male,Black,1982.0,34.0,1.0,0.0,1.0,5122.312853673149,1.0,0.0,2025-01-02,-1,2022,2022-01-01,2023-01-01,0,0,0.0,0.0,1,1,0.0,0.0,1,0
P_1875,1875,,participant,1,2023-07-05,2023,1.0,Male,Black,1982.0,34.0,1.0,0.0,1.0,5122.312853673149,1.0,0.0,2025-01-02,0,2023,2023-01-01,2024-01-01,1,1,0.0,0.0,1,1,1.0,1.0,1,1
P_1875,1875,,participant,1,2023-07-05,2023,1.0,Male,Black,1982.0,34.0,1.0,0.0,1.0,5122.312853673149,1.0,0.0,2025-01-02,1,2024,2024-01-01,2025-01-01,1,1,963.16279997628,1.0,1,1,0.0,0.0,1,0
P_1877,1877,,participant,1,2023-07-05,2023,1.0,Male,White,1971.0,47.0,1.0,0.0,1.0,3343.1986438700733,0.0,0.0,2025-01-02,-2,2021,2021-01-01,2022-01-01,0,0,0.0,0.0,0,0,0.0,0.0,1,0
P_1877,1877,,participant,1,2023-07-05,2023,1.0,Male,White,1971.0,47.0,1.0,0.0,1.0,3343.1986438700733,0.0,0.0,2025-01-02,-1,2022,2022-01-01,2023-01-01,0,0,0.0,0.0,0,0,0.0,0.0,1,0
P_1877,1877,,participant,1,2023-07-05,2023,1.0,Male,White,1971.0,47.0,1.0,0.0,1.0,3343.1986438700733,0.0,0.0,2025-01-02,0,2023,2023-01-01,2024-01-01,1,1,16522.628949654736,1.0,0,0,0.0,0.0,1,0
P_1877,1877,,participant,1,2023-07-05,2023,1.0,Male,White,1971.0,47.0,1.0,0.0,1.0,3343.1986438700733,0.0,0.0,2025-01-02,1,2024,2024-01-01,2025-01-01,1,1,30793.029757399556,1.0,0,0,0.0,0.0,1,0
P_1878,1878,,participant,1,2023-07-10,2023,1.0,Male,Black,2005.0,16.0,1.0,1.0,1.0,0.0,0.0,0.0,2025-01-07,-2,2021,2021-01-01,2022-01-01,0,0,0.0,0.0,0,0,0.0,0.0,1,0
P_1878,1878,,participant,1,2023-07-10,2023,1.0,Male,Black,2005.0,16.0,1.0,1.0,1.0,0.0,0.0,0.0,2025-01-07,-1,2022,2022-01-01,2023-01-01,0,0,0.0,0.0,0,0,0.0,0.0,1,0
P_1878,1878,,participant,1,2023-07-10,2023,1.0,Male,Black,2005.0,16.0,1.0,1.0,1.0,0.0,0.0,0.0,2025-01-07,0,2023,2023-01-01,2024-01-01,1,1,2907.8223078534734,1.0,0,0,0.0,0.0,1,0
P_1878,1878,,participant,1,2023-07-10,2023,1.0,Male,Black,2005.0,16.0,1.0,1.0,1.0,0.0,0.0,0.0,2025-01-07,1,2024,2024-01-01,2025-01-01,1,1,7769.867953880517,1.0,0,0,0.0,0.0,1,0
P_1879,1879,,participant,1,2023-07-05,2023,1.0,Male,Black,1980.0,22.0,4.0,1.0,4.0,0.0,1.0,0.0,2025-01-02,-2,2021,2021-01-01,2022-01-01,0,0,0.0,0.0,1,1,0.0,0.0,1,0
P_1879,1879,,participant,1,2023-07-05,2023,1.0,Male,Black,1980.0,22.0,4.0,1.0,4.0,0.0,1.0,0.0,2025-01-02,-1,2022,2022-01-01,2023-01-01,0,0,0.0,0.0,1,1,0.0,0.0,1,0
P_1879,1879,,participant,1,2023-07-05,2023,1.0,Male,Black,1980.0,22.0,4.0,1.0,4.0,0.0,1.0,0.0,2025-01-02,0,2023,2023-01-01,2024-01-01,1,1,0.0,0.0,1,1,0.0,0.0,1,0
P_1879,1879,,participant,1,2023-07-05,2023,1.0,Male,Black,1980.0,22.0,4.0,1.0,4.0,0.0,1.0,0.0,2025-01-02,1,2024,2024-01-01,2025-01-01,1,1,31846.213616382323,1.0,1,1,0.0,0.0,1,0
P_1880,1880,,participant,1,2023-07-10,2023,1.0,Male,Black,2003.0,18.0,3.0,1.0,3.0,0.0,0.0,0.0,2025-01-07,-2,2021,2021-01-01,2022-01-01,0,0,0.0,0.0,0,0,0.0,0.0,1,0
P_1880,1880,,participant,1,2023-07-10,2023,1.0,Male,Black,2003.0,18.0,3.0,1.0,3.0,0.0,0.0,0.0,2025-01-07,-1,2022,2022-01-01,2023-01-01,0,0,0.0,0.0,0,0,0.0,0.0,1,0
P_1880,1880,,participant,1,2023-07-10,2023,1.0,Male,Black,2003.0,18.0,3.0,1.0,3.0,0.0,0.0,0.0,2025-01-07,0,2023,2023-01-01,2024-01-01,1,1,0.0,0.0,0,0,0.0,0.0,1,0
P_1880,1880,,participant,1,2023-07-10,2023,1.0,Male,Black,2003.0,18.0,3.0,1.0,3.0,0.0,0.0,0.0,2025-01-07,1,2024,2024-01-01,2025-01-01,1,1,353.785380759131,1.0,0,0,0.0,0.0,1,0
P_1884,1884,,participant,1,2023-07-17,2023,1.0,Male,Black,1992.0,23.0,1.0,0.0,1.0,17229.084237150855,1.0,0.0,2025-01-14,-2,2021,2021-01-01,2022-01-01,0,0,0.0,0.0,0,0,0.0,0.0,1,0
P_1884,1884,,participant,1,2023-07-17,2023,1.0,Male,Black,1992.0,23.0,1.0,0.0,1.0,17229.084237150855,1.0,0.0,2025-01-14,-1,2022,2022-01-01,2023-01-01,0,0,0.0,0.0,0,0,0.0,0.0,1,0
P_1884,1884,,participant,1,2023-07-17,2023,1.0,Male,Black,1992.0,23.0,1.0,0.0,1.0,17229.084237150855,1.0,0.0,2025-01-14,0,2023,2023-01-01,2024-01-01,1,1,0.0,0.0,0,0,0.0,0.0,1,0
P_1884,1884,,participant,1,2023-07-17,2023,1.0,Male,Black,1992.0,23.0,1.0,0.0,1.0,17229.084237150855,1.0,0.0,2025-01-14,1,2024,2024-01-01,2025-01-01,1,1,0.0,0.0,0,0,0.0,0.0,1,0
P_1888,1888,,participant,1,2023-07-17,2023,1.0,Male,Black,1981.0,39.0,1.0,1.0,1.0,0.0,0.0,0.0,2025-01-14,-2,2021,2021-01-01,2022-01-01,0,0,0.0,0.0,1,1,0.0,0.0,1,0
P_1888,1888,,participant,1,2023-07-17,2023,1.0,Male,Black,1981.0,39.0,1.0,1.0,1.0,0.0,0.0,0.0,2025-01-14,-1,2022,2022-01-01,2023-01-01,0,0,0.0,0.0,1,1,0.0,0.0,1,0
P_1888,1888,,participant,1,2023-07-17,2023,1.0,Male,Black,1981.0,39.0,1.0,1.0,1.0,0.0,0.0,0.0,2025-01-14,0,2023,2023-01-01,2024-01-01,1,1,0.0,0.0,1,1,0.0,0.0,1,0
P_1888,1888,,participant,1,2023-07-17,2023,1.0,Male,Black,1981.0,39.0,1.0,1.0,1.0,0.0,0.0,0.0,2025-01-14,1,2024,2024-01-01,2025-01-01,1,1,0.0,0.0,1,1,0.0,0.0,1,0
P_1889,1889,,participant,1,2024-05-06,2024,1.0,Male,Black,1995.0,23.0,1.0,1.0,1.0,5774.333104887342,1.0,0.0,2025-11-04,-2,2022,2022-01-01,2023-01-01,0,0,0.0,0.0,1,1,0.0,0.0,1,0
P_1889,1889,,participant,1,2024-05-06,2024,1.0,Male,Black,1995.0,23.0,1.0,1.0,1.0,5774.333104887342,1.0,0.0,2025-11-04,-1,2023,2023-01-01,2024-01-01,0,0,0.0,0.0,1,1,0.0,0.0,1,0
P_1889,1889,,participant,1,2024-05-06,2024,1.0,Male,Black,1995.0,23.0,1.0,1.0,1.0,5774.333104887342,1.0,0.0,2025-11-04,0,2024,2024-01-01,2025-01-01,1,1,0.0,0.0,1,1,0.0,0.0,1,0
P_1889,1889,,participant,1,2024-05-06,2024,1.0,Male,Black,1995.0,23.0,1.0,1.0,1.0,5774.333104887342,1.0,0.0,2025-11-04,1,2025,2025-01-01,2026-01-01,1,1,0.0,0.0,1,1,0.0,0.0,1,0
P_1894,1894,,participant,1,2023-07-24,2023,1.0,Male,Black,2001.0,18.0,3.0,1.0,3.0,27115.71851005462,0.0,0.0,2025-01-21,-2,2021,2021-01-01,2022-01-01,0,0,0.0,0.0,0,0,0.0,0.0,1,0
P_1894,1894,,participant,1,2023-07-24,2023,1.0,Male,Black,2001.0,18.0,3.0,1.0,3.0,27115.71851005462,0.0,0.0,2025-01-21,-1,2022,2022-01-01,2023-01-01,0,0,0.0,0.0,0,0,0.0,0.0,1,0
P_1894,1894,,participant,1,2023-07-24,2023,1.0,Male,Black,2001.0,18.0,3.0,1.0,3.0,27115.71851005462,0.0,0.0,2025-01-21,0,2023,2023-01-01,2024-01-01,1,1,2449.9694855891535,1.0,0,0,0.0,0.0,1,0
P_1894,1894,,participant,1,2023-07-24,2023,1.0,Male,Black,2001.0,18.0,3.0,1.0,3.0,27115.71851005462,0.0,0.0,2025-01-21,1,2024,2024-01-01,2025-01-01,1,1,3519.5095117158007,1.0,0,0,0.0,0.0,1,0
P_1898,1898,,participant,1,2023-07-31,2023,1.0,Male,White,1999.0,21.0,1.0,0.0,1.0,31243.193247159397,1.0,0.0,2025-01-28,-2,2021,2021-01-01,2022-01-01,0,0,0.0,0.0,0,0,0.0,0.0,1,0
P_1898,1898,,participant,1,2023-07-31,2023,1.0,Male,White,1999.0,21.0,1.0,0.0,1.0,31243.193247159397,1.0,0.0,2025-01-28,-1,2022,2022-01-01,2023-01-01,0,0,0.0,0.0,0,0,0.0,0.0,1,0
P_1898,1898,,participant,1,2023-07-31,2023,1.0,Male,White,1999.0,21.0,1.0,0.0,1.0,31243.193247159397,1.0,0.0,2025-01-28,0,2023,2023-01-01,2024-01-01,1,1,6608.905240957216,1.0,0,0,0.0,0.0,1,0
P_1898,1898,,participant,1,2023-07-31,2023,1.0,Male,White,1999.0,21.0,1.0,0.0,1.0,31243.193247159397,1.0,0.0,2025-01-28,1,2024,2024-01-01,2025-01-01,1,1,16777.6067346023,1.0,0,0,0.0,0.0,1,0
P_1903,1903,,participant,1,2023-07-31,2023,1.0,Male,Black,2000.0,20.0,3.0,1.0,3.0,0.0,0.0,0.0,2025-01-28,-2,2021,2021-01-01,2022-01-01,0,0,0.0,0.0,0,0,0.0,0.0,1,0
P_1903,1903,,participant,1,2023-07-31,2023,1.0,Male,Black,2000.0,20.0,3.0,1.0,3.0,0.0,0.0,0.0,2025-01-28,-1,2022,2022-01-01,2023-01-01,0,0,0.0,0.0,0,0,0.0,0.0,1,0
P_1903,1903,,participant,1,2023-07-31,2023,1.0,Male,Black,2000.0,20.0,3.0,1.0,3.0,0.0,0.0,0.0,2025-01-28,0,2023,2023-01-01,2024-01-01,1,1,9753.321533615217,1.0,0,0,0.0,0.0,1,0
P_1903,1903,,participant,1,2023-07-31,2023,1.0,Male,Black,2000.0,20.0,3.0,1.0,3.0,0.0,0.0,0.0,2025-01-28,1,2024,2024-01-01,2025-01-01,1,1,20337.49162997737,1.0,0,0,0.0,0.0,1,0
P_1905,1905,,participant,1,2024-01-22,2024,1.0,Male,Black,2003.0,18.0,3.0,1.0,3.0,0.0,0.0,0.0,2025-07-22,-2,2022,2022-01-01,2023-01-01,0,0,0.0,0.0,0,0,0.0,0.0,1,0
P_1905,1905,,participant,1,2024-01-22,2024,1.0,Male,Black,2003.0,18.0,3.0,1.0,3.0,0.0,0.0,0.0,2025-07-22,-1,2023,2023-01-01,2024-01-01,0,0,0.0,0.0,0,0,0.0,0.0,1,0
P_1905,1905,,participant,1,2024-01-22,2024,1.0,Male,Black,2003.0,18.0,3.0,1.0,3.0,0.0,0.0,0.0,2025-07-22,0,2024,2024-01-01,2025-01-01,1,1,41196.484495227094,1.0,0,0,0.0,0.0,1,0
P_1905,1905,,participant,1,2024-01-22,2024,1.0,Male,Black,2003.0,18.0,3.0,1.0,3.0,0.0,0.0,0.0,2025-07-22,1,2025,2025-01-01,2026-01-01,1,1,0.0,0.0,0,0,0.0,0.0,1,0
P_1910,1910,,participant,1,2023-08-14,2023,1.0,Male,Black,1993.0,26.0,1.0,0.0,1.0,0.0,0.0,0.0,2025-02-11,-2,2021,2021-01-01,2022-01-01,0,0,0.0,0.0,1,1,0.0,0.0,1,0
P_1910,1910,,participant,1,2023-08-14,2023,1.0,Male,Black,1993.0,26.0,1.0,0.0,1.0,0.0,0.0,0.0,2025-02-11,-1,2022,2022-01-01,2023-01-01,0,0,0.0,0.0,1,1,0.0,0.0,1,0
P_1910,1910,,participant,1,2023-08-14,2023,1.0,Male,Black,1993.0,26.0,1.0,0.0,1.0,0.0,0.0,0.0,2025-02-11,0,2023,2023-01-01,2024-01-01,1,1,160.57652911529408,1.0,1,1,0.0,0.0,1,0
P_1910,1910,,participant,1,2023-08-14,2023,1.0,Male,Black,1993.0,26.0,1.0,0.0,1.0,0.0,0.0,0.0,2025-02-11,1,2024,2024-01-01,2025-01-01,1,1,5202.451821383656,1.0,1,1,0.0,0.0,1,0
P_1917,1917,,participant,1,2023-08-21,2023,1.0,Male,White,1970.0,32.0,3.0,1.0,3.0,0.0,0.0,0.0,2025-02-18,-2,2021,2021-01-01,2022-01-01,0,0,0.0,0.0,0,0,0.0,0.0,1,0
P_1917,1917,,participant,1,2023-08-21,2023,1.0,Male,White,1970.0,32.0,3.0,1.0,3.0,0.0,0.0,0.0,2025-02-18,-1,2022,2022-01-01,2023-01-01,0,0,0.0,0.0,0,0,0.0,0.0,1,0
P_1917,1917,,participant,1,2023-08-21,2023,1.0,Male,White,1970.0,32.0,3.0,1.0,3.0,0.0,0.0,0.0,2025-02-18,0,2023,2023-01-01,2024-01-01,1,1,0.0,0.0,0,0,0.0,0.0,1,0
P_1917,1917,,participant,1,2023-08-21,2023,1.0,Male,White,1970.0,32.0,3.0,1.0,3.0,0.0,0.0,0.0,2025-02-18,1,2024,2024-01-01,2025-01-01,1,1,0.0,0.0,0,0,0.0,0.0,1,0
P_1919,1919,,participant,1,2023-08-21,2023,1.0,Male,Black,1999.0,21.0,1.0,0.0,1.0,0.0,0.0,0.0,2025-02-18,-2,2021,2021-01-01,2022-01-01,0,0,0.0,0.0,0,0,0.0,0.0,1,0
P_1919,1919,,participant,1,2023-08-21,2023,1.0,Male,Black,1999.0,21.0,1.0,0.0,1.0,0.0,0.0,0.0,2025-02-18,-1,2022,2022-01-01,2023-01-01,0,0,0.0,0.0,0,0,0.0,0.0,1,0
P_1919,1919,,participant,1,2023-08-21,2023,1.0,Male,Black,1999.0,21.0,1.0,0.0,1.0,0.0,0.0,0.0,2025-02-18,0,2023,2023-01-01,2024-01-01,1,1,24522.710703744324,1.0,0,0,0.0,0.0,1,0
P_1919,1919,,participant,1,2023-08-21,2023,1.0,Male,Black,1999.0,21.0,1.0,0.0,1.0,0.0,0.0,0.0,2025-02-18,1,2024,2024-01-01,2025-01-01,1,1,34406.16220526802,1.0,0,0,0.0,0.0,1,0
P_1920,1920,,participant,1,2023-08-21,2023,1.0,Female,Black,1994.0,20.0,2.0,0.0,2.0,0.0,0.0,0.0,2025-02-18,-2,2021,2021-01-01,2022-01-01,0,0,0.0,0.0,0,0,0.0,0.0,1,0
P_1920,1920,,participant,1,2023-08-21,2023,1.0,Female,Black,1994.0,20.0,2.0,0.0,2.0,0.0,0.0,0.0,2025-02-18,-1,2022,2022-01-01,2023-01-01,0,0,0.0,0.0,0,1,0.0,0.0,1,0
P_1920,1920,,participant,1,2023-08-21,2023,1.0,Female,Black,1994.0,20.0,2.0,0.0,2.0,0.0,0.0,0.0,2025-02-18,0,2023,2023-01-01,2024-01-01,1,1,4249.843024194531,1.0,1,1,0.0,0.0,1,0
P_1920,1920,,participant,1,2023-08-21,2023,1.0,Female,Black,1994.0,20.0,2.0,0.0,2.0,0.0,0.0,0.0,2025-02-18,1,2024,2024-01-01,2025-01-01,1,1,17156.43092558808,1.0,1,1,0.0,0.0,1,0
P_1922,1922,,participant,1,2023-08-28,2023,1.0,Male,Black,2001.0,18.0,3.0,1.0,3.0,27115.71851005462,0.0,0.0,2025-02-25,-2,2021,2021-01-01,2022-01-01,0,0,0.0,0.0,0,0,0.0,0.0,1,0
P_1922,1922,,participant,1,2023-08-28,2023,1.0,Male,Black,2001.0,18.0,3.0,1.0,3.0,27115.71851005462,0.0,0.0,2025-02-25,-1,2022,2022-01-01,2023-01-01,0,0,0.0,0.0,0,0,0.0,0.0,1,0
P_1922,1922,,participant,1,2023-08-28,2023,1.0,Male,Black,2001.0,18.0,3.0,1.0,3.0,27115.71851005462,0.0,0.0,2025-02-25,0,2023,2023-01-01,2024-01-01,1,1,17454.28727771579,1.0,0,0,0.0,0.0,1,0
P_1922,1922,,participant,1,2023-08-28,2023,1.0,Male,Black,2001.0,18.0,3.0,1.0,3.0,27115.71851005462,0.0,0.0,2025-02-25,1,2024,2024-01-01,2025-01-01,1,1,0.0,0.0,0,0,0.0,0.0,1,0
P_1923,1923,,participant,1,2023-08-28,2023,1.0,Male,Black,2002.0,19.0,1.0,0.0,1.0,0.0,1.0,0.0,2025-02-25,-2,2021,2021-01-01,2022-01-01,0,0,0.0,0.0,0,0,0.0,0.0,1,0
P_1923,1923,,participant,1,2023-08-28,2023,1.0,Male,Black,2002.0,19.0,1.0,0.0,1.0,0.0,1.0,0.0,2025-02-25,-1,2022,2022-01-01,2023-01-01,0,0,0.0,0.0,0,0,0.0,0.0,1,0
P_1923,1923,,participant,1,2023-08-28,2023,1.0,Male,Black,2002.0,19.0,1.0,0.0,1.0,0.0,1.0,0.0,2025-02-25,0,2023,2023-01-01,2024-01-01,1,1,7801.458184068271,1.0,0,0,0.0,0.0,1,0
P_1923,1923,,participant,1,2023-08-28,2023,1.0,Male,Black,2002.0,19.0,1.0,0.0,1.0,0.0,1.0,0.0,2025-02-25,1,2024,2024-01-01,2025-01-01,1,1,0.0,0.0,0,1,1.0,1.0,1,1
P_1924,1924,,participant,1,2023-09-05,2023,1.0,Male,Black,2004.0,18.0,1.0,0.0,1.0,0.0,0.0,0.0,2025-03-05,-2,2021,2021-01-01,2022-01-01,0,0,0.0,0.0,0,0,0.0,0.0,1,0
P_1924,1924,,participant,1,2023-09-05,2023,1.0,Male,Black,2004.0,18.0,1.0,0.0,1.0,0.0,0.0,0.0,2025-03-05,-1,2022,2022-01-01,2023-01-01,0,0,0.0,0.0,0,0,0.0,0.0,1,0
P_1924,1924,,participant,1,2023-09-05,2023,1.0,Male,Black,2004.0,18.0,1.0,0.0,1.0,0.0,0.0,0.0,2025-03-05,0,2023,2023-01-01,2024-01-01,1,1,0.0,0.0,0,0,0.0,0.0,1,0
P_1924,1924,,participant,1,2023-09-05,2023,1.0,Male,Black,2004.0,18.0,1.0,0.0,1.0,0.0,0.0,0.0,2025-03-05,1,2024,2024-01-01,2025-01-01,1,1,6128.110008835074,1.0,0,0,0.0,0.0,1,0
P_1926,1926,,participant,1,2023-08-28,2023,1.0,Male,Black,2002.0,19.0,1.0,0.0,1.0,0.0,1.0,0.0,2025-02-25,-2,2021,2021-01-01,2022-01-01,0,0,0.0,0.0,0,0,0.0,0.0,1,0
P_1926,1926,,participant,1,2023-08-28,2023,1.0,Male,Black,2002.0,19.0,1.0,0.0,1.0,0.0,1.0,0.0,2025-02-25,-1,2022,2022-01-01,2023-01-01,0,0,0.0,0.0,0,0,0.0,0.0,1,0
P_1926,1926,,participant,1,2023-08-28,2023,1.0,Male,Black,2002.0,19.0,1.0,0.0,1.0,0.0,1.0,0.0,2025-02-25,0,2023,2023-01-01,2024-01-01,1,1,166.9150763172136,1.0,0,1,0.0,0.0,1,0
P_1926,1926,,participant,1,2023-08-28,2023,1.0,Male,Black,2002.0,19.0,1.0,0.0,1.0,0.0,1.0,0.0,2025-02-25,1,2024,2024-01-01,2025-01-01,1,1,14.525428070130502,1.0,1,1,0.0,0.0,1,0
P_1927,1927,,participant,1,2023-08-28,2023,1.0,Male,Black,1995.0,23.0,1.0,1.0,1.0,0.0,1.0,0.0,2025-02-25,-2,2021,2021-01-01,2022-01-01,0,0,0.0,0.0,0,0,0.0,0.0,1,0
P_1927,1927,,participant,1,2023-08-28,2023,1.0,Male,Black,1995.0,23.0,1.0,1.0,1.0,0.0,1.0,0.0,2025-02-25,-1,2022,2022-01-01,2023-01-01,0,0,0.0,0.0,0,0,0.0,0.0,1,0
P_1927,1927,,participant,1,2023-08-28,2023,1.0,Male,Black,1995.0,23.0,1.0,1.0,1.0,0.0,1.0,0.0,2025-02-25,0,2023,2023-01-01,2024-01-01,1,1,0.0,0.0,0,0,0.0,0.0,1,0
P_1927,1927,,participant,1,2023-08-28,2023,1.0,Male,Black,1995.0,23.0,1.0,1.0,1.0,0.0,1.0,0.0,2025-02-25,1,2024,2024-01-01,2025-01-01,1,1,0.0,0.0,0,0,0.0,0.0,1,0
P_1929,1929,,participant,1,2023-09-05,2023,1.0,Male,Black,1994.0,25.0,2.0,0.0,2.0,12535.70318778343,0.0,0.0,2025-03-05,-2,2021,2021-01-01,2022-01-01,0,0,0.0,0.0,1,1,0.0,0.0,1,0
P_1929,1929,,participant,1,2023-09-05,2023,1.0,Male,Black,1994.0,25.0,2.0,0.0,2.0,12535.70318778343,0.0,0.0,2025-03-05,-1,2022,2022-01-01,2023-01-01,0,0,0.0,0.0,1,1,0.0,0.0,1,0
P_1929,1929,,participant,1,2023-09-05,2023,1.0,Male,Black,1994.0,25.0,2.0,0.0,2.0,12535.70318778343,0.0,0.0,2025-03-05,0,2023,2023-01-01,2024-01-01,1,1,0.0,0.0,1,1,0.0,0.0,1,0
P_1929,1929,,participant,1,2023-09-05,2023,1.0,Male,Black,1994.0,25.0,2.0,0.0,2.0,12535.70318778343,0.0,0.0,2025-03-05,1,2024,2024-01-01,2025-01-01,1,1,8234.419326294557,1.0,1,1,0.0,0.0,1,0
P_1930,1930,,participant,1,2023-09-11,2023,1.0,Male,Black,2003.0,18.0,3.0,1.0,3.0,0.0,0.0,0.0,2025-03-11,-2,2021,2021-01-01,2022-01-01,0,0,0.0,0.0,0,0,0.0,0.0,1,0
P_1930,1930,,participant,1,2023-09-11,2023,1.0,Male,Black,2003.0,18.0,3.0,1.0,3.0,0.0,0.0,0.0,2025-03-11,-1,2022,2022-01-01,2023-01-01,0,0,0.0,0.0,0,0,0.0,0.0,1,0
P_1930,1930,,participant,1,2023-09-11,2023,1.0,Male,Black,2003.0,18.0,3.0,1.0,3.0,0.0,0.0,0.0,2025-03-11,0,2023,2023-01-01,2024-01-01,1,1,11382.576247802175,1.0,0,0,0.0,0.0,1,0
P_1930,1930,,participant,1,2023-09-11,2023,1.0,Male,Black,2003.0,18.0,3.0,1.0,3.0,0.0,0.0,0.0,2025-03-11,1,2024,2024-01-01,2025-01-01,1,1,20632.746268622785,1.0,0,0,0.0,0.0,1,0
P_1940,1940,,participant,1,2023-09-25,2023,1.0,Male,Black,1995.0,23.0,1.0,1.0,1.0,0.0,1.0,0.0,2025-03-25,-2,2021,2021-01-01,2022-01-01,0,0,0.0,0.0,0,0,0.0,0.0,1,0
P_1940,1940,,participant,1,2023-09-25,2023,1.0,Male,Black,1995.0,23.0,1.0,1.0,1.0,0.0,1.0,0.0,2025-03-25,-1,2022,2022-01-01,2023-01-01,0,0,0.0,0.0,0,0,0.0,0.0,1,0
P_1940,1940,,participant,1,2023-09-25,2023,1.0,Male,Black,1995.0,23.0,1.0,1.0,1.0,0.0,1.0,0.0,2025-03-25,0,2023,2023-01-01,2024-01-01,1,1,2954.819420628142,1.0,0,0,0.0,0.0,1,0
P_1940,1940,,participant,1,2023-09-25,2023,1.0,Male,Black,1995.0,23.0,1.0,1.0,1.0,0.0,1.0,0.0,2025-03-25,1,2024,2024-01-01,2025-01-01,1,1,8992.84319697491,1.0,0,0,0.0,0.0,1,0
P_1943,1943,,participant,1,2023-09-25,2023,1.0,Male,Black,1994.0,25.0,2.0,0.0,2.0,12535.70318778343,0.0,0.0,2025-03-25,-2,2021,2021-01-01,2022-01-01,0,0,0.0,0.0,1,1,0.0,0.0,1,0
P_1943,1943,,participant,1,2023-09-25,2023,1.0,Male,Black,1994.0,25.0,2.0,0.0,2.0,12535.70318778343,0.0,0.0,2025-03-25,-1,2022,2022-01-01,2023-01-01,0,0,0.0,0.0,1,1,0.0,0.0,1,0
P_1943,1943,,participant,1,2023-09-25,2023,1.0,Male,Black,1994.0,25.0,2.0,0.0,2.0,12535.70318778343,0.0,0.0,2025-03-25,0,2023,2023-01-01,2024-01-01,1,1,8656.790461677461,1.0,1,1,0.0,0.0,1,0
P_1943,1943,,participant,1,2023-09-25,2023,1.0,Male,Black,1994.0,25.0,2.0,0.0,2.0,12535.70318778343,0.0,0.0,2025-03-25,1,2024,2024-01-01,2025-01-01,1,1,16507.783496609743,1.0,1,1,1.0,1.0,1,1
P_1945,1945,,participant,1,2023-10-03,2023,1.0,Male,Black,2000.0,20.0,3.0,1.0,3.0,0.0,0.0,0.0,2025-04-02,-2,2021,2021-01-01,2022-01-01,0,0,0.0,0.0,0,0,0.0,0.0,1,0
P_1945,1945,,participant,1,2023-10-03,2023,1.0,Male,Black,2000.0,20.0,3.0,1.0,3.0,0.0,0.0,0.0,2025-04-02,-1,2022,2022-01-01,2023-01-01,0,0,0.0,0.0,0,0,0.0,0.0,1,0
P_1945,1945,,participant,1,2023-10-03,2023,1.0,Male,Black,2000.0,20.0,3.0,1.0,3.0,0.0,0.0,0.0,2025-04-02,0,2023,2023-01-01,2024-01-01,1,1,5657.153377713156,1.0,0,0,0.0,0.0,1,0
P_1945,1945,,participant,1,2023-10-03,2023,1.0,Male,Black,2000.0,20.0,3.0,1.0,3.0,0.0,0.0,0.0,2025-04-02,1,2024,2024-01-01,2025-01-01,1,1,8951.886663975964,1.0,0,0,0.0,0.0,1,0
P_1946,1946,,participant,1,2023-11-27,2023,1.0,Male,Black,1999.0,21.0,1.0,0.0,1.0,0.0,1.0,0.0,2025-05-27,-2,2021,2021-01-01,2022-01-01,0,0,0.0,0.0,0,0,0.0,0.0,1,0
P_1946,1946,,participant,1,2023-11-27,2023,1.0,Male,Black,1999.0,21.0,1.0,0.0,1.0,0.0,1.0,0.0,2025-05-27,-1,2022,2022-01-01,2023-01-01,0,0,0.0,0.0,0,0,0.0,0.0,1,0
P_1946,1946,,participant,1,2023-11-27,2023,1.0,Male,Black,1999.0,21.0,1.0,0.0,1.0,0.0,1.0,0.0,2025-05-27,0,2023,2023-01-01,2024-01-01,1,1,7281.9343104718555,1.0,0,0,0.0,0.0,1,0
P_1946,1946,,participant,1,2023-11-27,2023,1.0,Male,Black,1999.0,21.0,1.0,0.0,1.0,0.0,1.0,0.0,2025-05-27,1,2024,2024-01-01,2025-01-01,1,1,19741.949866850104,1.0,0,0,0.0,0.0,1,0
P_1947,1947,,participant,1,2023-10-03,2023,1.0,Female,Black,1998.0,20.0,2.0,0.0,2.0,744.6068275246473,1.0,0.0,2025-04-02,-2,2021,2021-01-01,2022-01-01,0,0,0.0,0.0,1,1,0.0,0.0,1,0
P_1947,1947,,participant,1,2023-10-03,2023,1.0,Female,Black,1998.0,20.0,2.0,0.0,2.0,744.6068275246473,1.0,0.0,2025-04-02,-1,2022,2022-01-01,2023-01-01,0,0,0.0,0.0,1,1,0.0,0.0,1,0
P_1947,1947,,participant,1,2023-10-03,2023,1.0,Female,Black,1998.0,20.0,2.0,0.0,2.0,744.6068275246473,1.0,0.0,2025-04-02,0,2023,2023-01-01,2024-01-01,1,1,94.02178349513929,1.0,1,1,0.0,0.0,1,0
P_1947,1947,,participant,1,2023-10-03,2023,1.0,Female,Black,1998.0,20.0,2.0,0.0,2.0,744.6068275246473,1.0,0.0,2025-04-02,1,2024,2024-01-01,2025-01-01,1,1,378.21596506195664,1.0,1,1,0.0,0.0,1,0
P_1948,1948,,participant,1,2023-10-02,2023,1.0,Male,Black,2003.0,18.0,3.0,1.0,3.0,0.0,0.0,0.0,2025-04-01,-2,2021,2021-01-01,2022-01-01,0,0,0.0,0.0,0,0,0.0,0.0,1,0
P_1948,1948,,participant,1,2023-10-02,2023,1.0,Male,Black,2003.0,18.0,3.0,1.0,3.0,0.0,0.0,0.0,2025-04-01,-1,2022,2022-01-01,2023-01-01,0,0,0.0,0.0,0,0,0.0,0.0,1,0
P_1948,1948,,participant,1,2023-10-02,2023,1.0,Male,Black,2003.0,18.0,3.0,1.0,3.0,0.0,0.0,0.0,2025-04-01,0,2023,2023-01-01,2024-01-01,1,1,0.0,0.0,0,0,0.0,0.0,1,0
P_1948,1948,,participant,1,2023-10-02,2023,1.0,Male,Black,2003.0,18.0,3.0,1.0,3.0,0.0,0.0,0.0,2025-04-01,1,2024,2024-01-01,2025-01-01,1,1,0.0,0.0,0,0,0.0,0.0,1,0
P_1949,1949,,participant,1,2023-10-03,2023,1.0,Male,Black,1998.0,20.0,2.0,1.0,2.0,14654.61671651945,1.0,0.0,2025-04-02,-2,2021,2021-01-01,2022-01-01,0,0,0.0,0.0,0,0,0.0,0.0,1,0
P_1949,1949,,participant,1,2023-10-03,2023,1.0,Male,Black,1998.0,20.0,2.0,1.0,2.0,14654.61671651945,1.0,0.0,2025-04-02,-1,2022,2022-01-01,2023-01-01,0,0,0.0,0.0,0,0,0.0,0.0,1,0
P_1949,1949,,participant,1,2023-10-03,2023,1.0,Male,Black,1998.0,20.0,2.0,1.0,2.0,14654.61671651945,1.0,0.0,2025-04-02,0,2023,2023-01-01,2024-01-01,1,1,1766.3418202682349,1.0,0,1,1.0,1.0,1,1
P_1949,1949,,participant,1,2023-10-03,2023,1.0,Male,Black,1998.0,20.0,2.0,1.0,2.0,14654.61671651945,1.0,0.0,2025-04-02,1,2024,2024-01-01,2025-01-01,1,1,5323.80081255689,1.0,1,1,0.0,0.0,1,0
P_1956,1956,,participant,1,2023-09-01,2023,1.0,Male,Black,2001.0,18.0,3.0,1.0,3.0,27115.71851005462,0.0,0.0,2025-03-01,-2,2021,2021-01-01,2022-01-01,0,0,0.0,0.0,0,0,0.0,0.0,1,0
P_1956,1956,,participant,1,2023-09-01,2023,1.0,Male,Black,2001.0,18.0,3.0,1.0,3.0,27115.71851005462,0.0,0.0,2025-03-01,-1,2022,2022-01-01,2023-01-01,0,0,0.0,0.0,0,0,0.0,0.0,1,0
P_1956,1956,,participant,1,2023-09-01,2023,1.0,Male,Black,2001.0,18.0,3.0,1.0,3.0,27115.71851005462,0.0,0.0,2025-03-01,0,2023,2023-01-01,2024-01-01,1,1,13431.202862728813,1.0,0,0,0.0,0.0,1,0
P_1956,1956,,participant,1,2023-09-01,2023,1.0,Male,Black,2001.0,18.0,3.0,1.0,3.0,27115.71851005462,0.0,0.0,2025-03-01,1,2024,2024-01-01,2025-01-01,1,1,14373.478497055024,1.0,0,0,0.0,0.0,1,0
P_1959,1959,,participant,1,2023-10-16,2023,1.0,Female,Black,1998.0,20.0,2.0,0.0,2.0,744.6068275246473,1.0,0.0,2025-04-15,-2,2021,2021-01-01,2022-01-01,0,0,0.0,0.0,0,0,0.0,0.0,1,0
P_1959,1959,,participant,1,2023-10-16,2023,1.0,Female,Black,1998.0,20.0,2.0,0.0,2.0,744.6068275246473,1.0,0.0,2025-04-15,-1,2022,2022-01-01,2023-01-01,0,0,0.0,0.0,0,0,0.0,0.0,1,0
P_1959,1959,,participant,1,2023-10-16,2023,1.0,Female,Black,1998.0,20.0,2.0,0.0,2.0,744.6068275246473,1.0,0.0,2025-04-15,0,2023,2023-01-01,2024-01-01,1,1,4303.8735501033425,1.0,0,0,0.0,0.0,1,0
P_1959,1959,,participant,1,2023-10-16,2023,1.0,Female,Black,1998.0,20.0,2.0,0.0,2.0,744.6068275246473,1.0,0.0,2025-04-15,1,2024,2024-01-01,2025-01-01,1,1,726.2714035065251,1.0,0,0,0.0,0.0,1,0
P_1960,1960,,participant,1,2023-10-16,2023,1.0,Male,Black,1972.0,36.0,2.0,0.0,2.0,0.0,0.0,0.0,2025-04-15,-2,2021,2021-01-01,2022-01-01,0,0,0.0,0.0,0,0,0.0,0.0,1,0
P_1960,1960,,participant,1,2023-10-16,2023,1.0,Male,Black,1972.0,36.0,2.0,0.0,2.0,0.0,0.0,0.0,2025-04-15,-1,2022,2022-01-01,2023-01-01,0,0,0.0,0.0,0,0,0.0,0.0,1,0
P_1960,1960,,participant,1,2023-10-16,2023,1.0,Male,Black,1972.0,36.0,2.0,0.0,2.0,0.0,0.0,0.0,2025-04-15,0,2023,2023-01-01,2024-01-01,1,1,0.0,0.0,0,0,0.0,0.0,1,0
P_1960,1960,,participant,1,2023-10-16,2023,1.0,Male,Black,1972.0,36.0,2.0,0.0,2.0,0.0,0.0,0.0,2025-04-15,1,2024,2024-01-01,2025-01-01,1,1,21687.821775703178,1.0,0,0,0.0,0.0,1,0
P_1966,1966,,participant,1,2023-10-30,2023,1.0,Male,Black,1981.0,39.0,1.0,1.0,1.0,0.0,1.0,0.0,2025-04-29,-2,2021,2021-01-01,2022-01-01,0,0,0.0,0.0,1,1,0.0,0.0,1,0
P_1966,1966,,participant,1,2023-10-30,2023,1.0,Male,Black,1981.0,39.0,1.0,1.0,1.0,0.0,1.0,0.0,2025-04-29,-1,2022,2022-01-01,2023-01-01,0,0,0.0,0.0,1,1,0.0,0.0,1,0
P_1966,1966,,participant,1,2023-10-30,2023,1.0,Male,Black,1981.0,39.0,1.0,1.0,1.0,0.0,1.0,0.0,2025-04-29,0,2023,2023-01-01,2024-01-01,1,1,638.0804183265633,1.0,1,1,0.0,0.0,1,0
P_1966,1966,,participant,1,2023-10-30,2023,1.0,Male,Black,1981.0,39.0,1.0,1.0,1.0,0.0,1.0,0.0,2025-04-29,1,2024,2024-01-01,2025-01-01,1,1,2171.55149648451,1.0,1,1,0.0,0.0,1,0
P_1969,1969,,participant,1,2024-03-25,2024,1.0,Male,Black,2003.0,18.0,3.0,1.0,3.0,0.0,0.0,0.0,2025-09-23,-2,2022,2022-01-01,2023-01-01,0,0,0.0,0.0,1,1,0.0,0.0,1,0
P_1969,1969,,participant,1,2024-03-25,2024,1.0,Male,Black,2003.0,18.0,3.0,1.0,3.0,0.0,0.0,0.0,2025-09-23,-1,2023,2023-01-01,2024-01-01,0,0,0.0,0.0,1,1,0.0,0.0,1,0
P_1969,1969,,participant,1,2024-03-25,2024,1.0,Male,Black,2003.0,18.0,3.0,1.0,3.0,0.0,0.0,0.0,2025-09-23,0,2024,2024-01-01,2025-01-01,1,1,242.051796766677,1.0,1,1,1.0,1.0,1,1
P_1969,1969,,participant,1,2024-03-25,2024,1.0,Male,Black,2003.0,18.0,3.0,1.0,3.0,0.0,0.0,0.0,2025-09-23,1,2025,2025-01-01,2026-01-01,1,1,0.0,0.0,1,1,0.0,0.0,1,0
P_1973,1973,,participant,1,2023-11-06,2023,1.0,Female,Black,1998.0,20.0,2.0,0.0,2.0,744.6068275246473,1.0,0.0,2025-05-06,-2,2021,2021-01-01,2022-01-01,0,0,0.0,0.0,0,0,0.0,0.0,1,0
P_1973,1973,,participant,1,2023-11-06,2023,1.0,Female,Black,1998.0,20.0,2.0,0.0,2.0,744.6068275246473,1.0,0.0,2025-05-06,-1,2022,2022-01-01,2023-01-01,0,0,0.0,0.0,0,0,0.0,0.0,1,0
P_1973,1973,,participant,1,2023-11-06,2023,1.0,Female,Black,1998.0,20.0,2.0,0.0,2.0,744.6068275246473,1.0,0.0,2025-05-06,0,2023,2023-01-01,2024-01-01,1,1,302.13741662482965,1.0,0,0,0.0,0.0,1,0
P_1973,1973,,participant,1,2023-11-06,2023,1.0,Female,Black,1998.0,20.0,2.0,0.0,2.0,744.6068275246473,1.0,0.0,2025-05-06,1,2024,2024-01-01,2025-01-01,1,1,2261.4100762464586,1.0,0,0,0.0,0.0,1,0
P_1977,1977,,participant,1,2023-11-13,2023,1.0,Male,Black,2000.0,20.0,3.0,1.0,3.0,0.0,0.0,0.0,2025-05-13,-2,2021,2021-01-01,2022-01-01,0,0,0.0,0.0,0,0,0.0,0.0,1,0
P_1977,1977,,participant,1,2023-11-13,2023,1.0,Male,Black,2000.0,20.0,3.0,1.0,3.0,0.0,0.0,0.0,2025-05-13,-1,2022,2022-01-01,2023-01-01,0,0,0.0,0.0,0,0,0.0,0.0,1,0
P_1977,1977,,participant,1,2023-11-13,2023,1.0,Male,Black,2000.0,20.0,3.0,1.0,3.0,0.0,0.0,0.0,2025-05-13,0,2023,2023-01-01,2024-01-01,1,1,5061.329940732723,1.0,0,1,0.0,0.0,1,0
P_1977,1977,,participant,1,2023-11-13,2023,1.0,Male,Black,2000.0,20.0,3.0,1.0,3.0,0.0,0.0,0.0,2025-05-13,1,2024,2024-01-01,2025-01-01,1,1,16724.59719659135,1.0,1,1,0.0,0.0,1,0
P_1978,1978,,participant,1,2023-11-13,2023,1.0,Male,Black,1987.0,20.0,31.0,1.0,31.0,0.0,0.0,0.0,2025-05-13,-2,2021,2021-01-01,2022-01-01,0,0,0.0,0.0,1,1,0.0,0.0,1,0
P_1978,1978,,participant,1,2023-11-13,2023,1.0,Male,Black,1987.0,20.0,31.0,1.0,31.0,0.0,0.0,0.0,2025-05-13,-1,2022,2022-01-01,2023-01-01,0,0,0.0,0.0,1,1,0.0,0.0,1,0
P_1978,1978,,participant,1,2023-11-13,2023,1.0,Male,Black,1987.0,20.0,31.0,1.0,31.0,0.0,0.0,0.0,2025-05-13,0,2023,2023-01-01,2024-01-01,1,1,8474.637608966375,1.0,1,1,0.0,0.0,1,0
P_1978,1978,,participant,1,2023-11-13,2023,1.0,Male,Black,1987.0,20.0,31.0,1.0,31.0,0.0,0.0,0.0,2025-05-13,1,2024,2024-01-01,2025-01-01,1,1,1538.6578448573953,1.0,1,1,0.0,0.0,1,0
P_1979,1979,,participant,1,2023-11-20,2023,1.0,Male,Black,1995.0,23.0,1.0,1.0,1.0,0.0,1.0,0.0,2025-05-20,-2,2021,2021-01-01,2022-01-01,0,0,0.0,0.0,1,1,0.0,0.0,1,0
P_1979,1979,,participant,1,2023-11-20,2023,1.0,Male,Black,1995.0,23.0,1.0,1.0,1.0,0.0,1.0,0.0,2025-05-20,-1,2022,2022-01-01,2023-01-01,0,0,0.0,0.0,1,1,0.0,0.0,1,0
P_1979,1979,,participant,1,2023-11-20,2023,1.0,Male,Black,1995.0,23.0,1.0,1.0,1.0,0.0,1.0,0.0,2025-05-20,0,2023,2023-01-01,2024-01-01,1,1,4792.998109184798,1.0,1,1,0.0,0.0,1,0
P_1979,1979,,participant,1,2023-11-20,2023,1.0,Male,Black,1995.0,23.0,1.0,1.0,1.0,0.0,1.0,0.0,2025-05-20,1,2024,2024-01-01,2025-01-01,1,1,8452.847212888664,1.0,1,1,0.0,0.0,1,0
P_1982,1982,,participant,1,2023-11-13,2023,1.0,Female,Black,1981.0,20.0,1.0,0.0,1.0,15746.939805699147,1.0,0.0,2025-05-13,-2,2021,2021-01-01,2022-01-01,0,0,0.0,0.0,0,0,0.0,0.0,1,0
P_1982,1982,,participant,1,2023-11-13,2023,1.0,Female,Black,1981.0,20.0,1.0,0.0,1.0,15746.939805699147,1.0,0.0,2025-05-13,-1,2022,2022-01-01,2023-01-01,0,0,0.0,0.0,0,0,0.0,0.0,1,0
P_1982,1982,,participant,1,2023-11-13,2023,1.0,Female,Black,1981.0,20.0,1.0,0.0,1.0,15746.939805699147,1.0,0.0,2025-05-13,0,2023,2023-01-01,2024-01-01,1,1,0.0,0.0,0,0,0.0,0.0,1,0
P_1982,1982,,participant,1,2023-11-13,2023,1.0,Female,Black,1981.0,20.0,1.0,0.0,1.0,15746.939805699147,1.0,0.0,2025-05-13,1,2024,2024-01-01,2025-01-01,1,1,0.0,0.0,0,0,0.0,0.0,1,0
P_1987,1987,,participant,1,2023-11-20,2023,1.0,Male,Black,2005.0,16.0,1.0,1.0,1.0,0.0,0.0,0.0,2025-05-20,-2,2021,2021-01-01,2022-01-01,0,0,0.0,0.0,0,0,0.0,0.0,1,0
P_1987,1987,,participant,1,2023-11-20,2023,1.0,Male,Black,2005.0,16.0,1.0,1.0,1.0,0.0,0.0,0.0,2025-05-20,-1,2022,2022-01-01,2023-01-01,0,0,0.0,0.0,0,0,0.0,0.0,1,0
P_1987,1987,,participant,1,2023-11-20,2023,1.0,Male,Black,2005.0,16.0,1.0,1.0,1.0,0.0,0.0,0.0,2025-05-20,0,2023,2023-01-01,2024-01-01,1,1,0.0,0.0,0,0,0.0,0.0,1,0
P_1987,1987,,participant,1,2023-11-20,2023,1.0,Male,Black,2005.0,16.0,1.0,1.0,1.0,0.0,0.0,0.0,2025-05-20,1,2024,2024-01-01,2025-01-01,1,1,6548.050928458999,1.0,0,0,0.0,0.0,1,0
P_1988,1988,,participant,1,2023-11-20,2023,1.0,Male,Black,1993.0,26.0,1.0,0.0,1.0,0.0,0.0,0.0,2025-05-20,-2,2021,2021-01-01,2022-01-01,0,0,0.0,0.0,1,1,0.0,0.0,1,0
P_1988,1988,,participant,1,2023-11-20,2023,1.0,Male,Black,1993.0,26.0,1.0,0.0,1.0,0.0,0.0,0.0,2025-05-20,-1,2022,2022-01-01,2023-01-01,0,0,0.0,0.0,1,1,0.0,0.0,1,0
P_1988,1988,,participant,1,2023-11-20,2023,1.0,Male,Black,1993.0,26.0,1.0,0.0,1.0,0.0,0.0,0.0,2025-05-20,0,2023,2023-01-01,2024-01-01,1,1,0.0,0.0,1,1,0.0,0.0,1,0
P_1988,1988,,participant,1,2023-11-20,2023,1.0,Male,Black,1993.0,26.0,1.0,0.0,1.0,0.0,0.0,0.0,2025-05-20,1,2024,2024-01-01,2025-01-01,1,1,0.0,0.0,1,1,0.0,0.0,1,0
P_1990,1990,,participant,1,2023-12-04,2023,1.0,Male,Black,1994.0,25.0,2.0,0.0,2.0,12535.70318778343,0.0,0.0,2025-06-03,-2,2021,2021-01-01,2022-01-01,0,0,0.0,0.0,1,1,0.0,0.0,1,0
P_1990,1990,,participant,1,2023-12-04,2023,1.0,Male,Black,1994.0,25.0,2.0,0.0,2.0,12535.70318778343,0.0,0.0,2025-06-03,-1,2022,2022-01-01,2023-01-01,0,0,0.0,0.0,1,1,0.0,0.0,1,0
P_1990,1990,,participant,1,2023-12-04,2023,1.0,Male,Black,1994.0,25.0,2.0,0.0,2.0,12535.70318778343,0.0,0.0,2025-06-03,0,2023,2023-01-01,2024-01-01,1,1,2082.2127558305565,1.0,1,1,0.0,0.0,1,0
P_1990,1990,,participant,1,2023-12-04,2023,1.0,Male,Black,1994.0,25.0,2.0,0.0,2.0,12535.70318778343,0.0,0.0,2025-06-03,1,2024,2024-01-01,2025-01-01,1,1,16455.928916778546,1.0,1,1,0.0,0.0,1,0
P_1991,1991,,participant,1,2023-12-04,2023,1.0,Male,Black,2004.0,18.0,1.0,0.0,1.0,0.0,1.0,0.0,2025-06-03,-2,2021,2021-01-01,2022-01-01,0,0,0.0,0.0,0,0,0.0,0.0,1,0
P_1991,1991,,participant,1,2023-12-04,2023,1.0,Male,Black,2004.0,18.0,1.0,0.0,1.0,0.0,1.0,0.0,2025-06-03,-1,2022,2022-01-01,2023-01-01,0,0,0.0,0.0,0,0,0.0,0.0,1,0
P_1991,1991,,participant,1,2023-12-04,2023,1.0,Male,Black,2004.0,18.0,1.0,0.0,1.0,0.0,1.0,0.0,2025-06-03,0,2023,2023-01-01,2024-01-01,1,1,0.0,0.0,0,0,0.0,0.0,1,0
P_1991,1991,,participant,1,2023-12-04,2023,1.0,Male,Black,2004.0,18.0,1.0,0.0,1.0,0.0,1.0,0.0,2025-06-03,1,2024,2024-01-01,2025-01-01,1,1,6736.466423410959,1.0,0,0,0.0,0.0,1,0
P_1992,1992,,participant,1,2023-12-04,2023,1.0,Female,Black,1978.0,21.0,3.0,1.0,3.0,34049.22613586724,1.0,0.0,2025-06-03,-2,2021,2021-01-01,2022-01-01,0,0,0.0,0.0,1,1,0.0,0.0,1,0
P_1992,1992,,participant,1,2023-12-04,2023,1.0,Female,Black,1978.0,21.0,3.0,1.0,3.0,34049.22613586724,1.0,0.0,2025-06-03,-1,2022,2022-01-01,2023-01-01,0,0,0.0,0.0,1,1,0.0,0.0,1,0
P_1992,1992,,participant,1,2023-12-04,2023,1.0,Female,Black,1978.0,21.0,3.0,1.0,3.0,34049.22613586724,1.0,0.0,2025-06-03,0,2023,2023-01-01,2024-01-01,1,1,6120.923747986933,1.0,1,1,0.0,0.0,1,0
P_1992,1992,,participant,1,2023-12-04,2023,1.0,Female,Black,1978.0,21.0,3.0,1.0,3.0,34049.22613586724,1.0,0.0,2025-06-03,1,2024,2024-01-01,2025-01-01,1,1,9245.409373061339,1.0,1,1,0.0,0.0,1,0
P_1997,1997,,participant,1,2024-04-15,2024,1.0,Female,Black,2002.0,19.0,4.0,0.0,4.0,0.0,0.0,0.0,2025-10-14,-2,2022,2022-01-01,2023-01-01,0,0,0.0,0.0,0,0,0.0,0.0,1,0
P_1997,1997,,participant,1,2024-04-15,2024,1.0,Female,Black,2002.0,19.0,4.0,0.0,4.0,0.0,0.0,0.0,2025-10-14,-1,2023,2023-01-01,2024-01-01,0,0,0.0,0.0,0,0,0.0,0.0,1,0
P_1997,1997,,participant,1,2024-04-15,2024,1.0,Female,Black,2002.0,19.0,4.0,0.0,4.0,0.0,0.0,0.0,2025-10-14,0,2024,2024-01-01,2025-01-01,1,1,16880.766139363655,1.0,0,0,0.0,0.0,1,0
P_1997,1997,,participant,1,2024-04-15,2024,1.0,Female,Black,2002.0,19.0,4.0,0.0,4.0,0.0,0.0,0.0,2025-10-14,1,2025,2025-01-01,2026-01-01,1,1,0.0,0.0,0,0,0.0,0.0,1,0
P_1998,1998,,participant,1,2023-12-11,2023,1.0,Male,Black,2000.0,20.0,3.0,1.0,3.0,0.0,0.0,0.0,2025-06-10,-2,2021,2021-01-01,2022-01-01,0,0,0.0,0.0,0,0,0.0,0.0,1,0
P_1998,1998,,participant,1,2023-12-11,2023,1.0,Male,Black,2000.0,20.0,3.0,1.0,3.0,0.0,0.0,0.0,2025-06-10,-1,2022,2022-01-01,2023-01-01,0,0,0.0,0.0,0,0,0.0,0.0,1,0
P_1998,1998,,participant,1,2023-12-11,2023,1.0,Male,Black,2000.0,20.0,3.0,1.0,3.0,0.0,0.0,0.0,2025-06-10,0,2023,2023-01-01,2024-01-01,1,1,4088.3629452380796,1.0,0,0,0.0,0.0,1,0
P_1998,1998,,participant,1,2023-12-11,2023,1.0,Male,Black,2000.0,20.0,3.0,1.0,3.0,0.0,0.0,0.0,2025-06-10,1,2024,2024-01-01,2025-01-01,1,1,5184.208903139552,1.0,0,0,0.0,0.0,1,0
P_1999,1999,,participant,1,2023-12-11,2023,1.0,Male,Black,2000.0,20.0,3.0,1.0,3.0,0.0,0.0,0.0,2025-06-10,-2,2021,2021-01-01,2022-01-01,0,0,0.0,0.0,0,0,0.0,0.0,1,0
P_1999,1999,,participant,1,2023-12-11,2023,1.0,Male,Black,2000.0,20.0,3.0,1.0,3.0,0.0,0.0,0.0,2025-06-10,-1,2022,2022-01-01,2023-01-01,0,0,0.0,0.0,0,0,0.0,0.0,1,0
P_1999,1999,,participant,1,2023-12-11,2023,1.0,Male,Black,2000.0,20.0,3.0,1.0,3.0,0.0,0.0,0.0,2025-06-10,0,2023,2023-01-01,2024-01-01,1,1,6061.763974102351,1.0,0,0,0.0,0.0,1,0
P_1999,1999,,participant,1,2023-12-11,2023,1.0,Male,Black,2000.0,20.0,3.0,1.0,3.0,0.0,0.0,0.0,2025-06-10,1,2024,2024-01-01,2025-01-01,1,1,10931.800706149477,1.0,0,0,0.0,0.0,1,0
P_2002,2002,,participant,1,2023-12-11,2023,1.0,Male,Black,2001.0,18.0,3.0,1.0,3.0,22792.005776286256,1.0,0.0,2025-06-10,-2,2021,2021-01-01,2022-01-01,0,0,0.0,0.0,0,0,0.0,0.0,1,0
P_2002,2002,,participant,1,2023-12-11,2023,1.0,Male,Black,2001.0,18.0,3.0,1.0,3.0,22792.005776286256,1.0,0.0,2025-06-10,-1,2022,2022-01-01,2023-01-01,0,0,0.0,0.0,0,0,0.0,0.0,1,0
P_2002,2002,,participant,1,2023-12-11,2023,1.0,Male,Black,2001.0,18.0,3.0,1.0,3.0,22792.005776286256,1.0,0.0,2025-06-10,0,2023,2023-01-01,2024-01-01,1,1,3415.420517300959,1.0,0,0,0.0,0.0,1,0
P_2002,2002,,participant,1,2023-12-11,2023,1.0,Male,Black,2001.0,18.0,3.0,1.0,3.0,22792.005776286256,1.0,0.0,2025-06-10,1,2024,2024-01-01,2025-01-01,1,1,8104.909866884078,1.0,0,0,0.0,0.0,1,0
P_2012,2012,,participant,1,2024-01-03,2024,1.0,Male,Black,1993.0,26.0,1.0,0.0,1.0,0.0,0.0,0.0,2025-07-03,-2,2022,2022-01-01,2023-01-01,0,0,0.0,0.0,0,1,0.0,0.0,1,0
P_2012,2012,,participant,1,2024-01-03,2024,1.0,Male,Black,1993.0,26.0,1.0,0.0,1.0,0.0,0.0,0.0,2025-07-03,-1,2023,2023-01-01,2024-01-01,0,0,0.0,0.0,1,1,0.0,0.0,1,0
P_2012,2012,,participant,1,2024-01-03,2024,1.0,Male,Black,1993.0,26.0,1.0,0.0,1.0,0.0,0.0,0.0,2025-07-03,0,2024,2024-01-01,2025-01-01,1,1,3242.2735542819337,1.0,1,1,0.0,0.0,1,0
P_2012,2012,,participant,1,2024-01-03,2024,1.0,Male,Black,1993.0,26.0,1.0,0.0,1.0,0.0,0.0,0.0,2025-07-03,1,2025,2025-01-01,2026-01-01,1,1,0.0,0.0,1,1,0.0,0.0,1,0
P_2019,2019,,participant,1,2024-01-08,2024,1.0,Male,White,1991.0,27.0,2.0,0.0,2.0,0.0,0.0,0.0,2025-07-08,-2,2022,2022-01-01,2023-01-01,0,0,0.0,0.0,0,0,0.0,0.0,1,0
P_2019,2019,,participant,1,2024-01-08,2024,1.0,Male,White,1991.0,27.0,2.0,0.0,2.0,0.0,0.0,0.0,2025-07-08,-1,2023,2023-01-01,2024-01-01,0,0,0.0,0.0,0,0,0.0,0.0,1,0
P_2019,2019,,participant,1,2024-01-08,2024,1.0,Male,White,1991.0,27.0,2.0,0.0,2.0,0.0,0.0,0.0,2025-07-08,0,2024,2024-01-01,2025-01-01,1,1,0.0,0.0,0,0,0.0,0.0,1,0
P_2019,2019,,participant,1,2024-01-08,2024,1.0,Male,White,1991.0,27.0,2.0,0.0,2.0,0.0,0.0,0.0,2025-07-08,1,2025,2025-01-01,2026-01-01,1,1,0.0,0.0,0,0,0.0,0.0,1,0
P_2024,2024,,participant,1,2024-01-16,2024,1.0,Male,Black,1975.0,43.0,3.0,0.0,3.0,41752.71576318319,1.0,0.0,2025-07-16,-2,2022,2022-01-01,2023-01-01,0,0,0.0,0.0,1,1,0.0,0.0,1,0
P_2024,2024,,participant,1,2024-01-16,2024,1.0,Male,Black,1975.0,43.0,3.0,0.0,3.0,41752.71576318319,1.0,0.0,2025-07-16,-1,2023,2023-01-01,2024-01-01,0,0,0.0,0.0,1,1,0.0,0.0,1,0
P_2024,2024,,participant,1,2024-01-16,2024,1.0,Male,Black,1975.0,43.0,3.0,0.0,3.0,41752.71576318319,1.0,0.0,2025-07-16,0,2024,2024-01-01,2025-01-01,1,1,8971.44139840411,1.0,1,1,0.0,0.0,1,0
P_2024,2024,,participant,1,2024-01-16,2024,1.0,Male,Black,1975.0,43.0,3.0,0.0,3.0,41752.71576318319,1.0,0.0,2025-07-16,1,2025,2025-01-01,2026-01-01,1,1,0.0,0.0,1,1,0.0,0.0,1,0
P_2025,2025,,participant,1,2024-01-16,2024,1.0,Male,Black,2004.0,18.0,1.0,0.0,1.0,0.0,1.0,0.0,2025-07-16,-2,2022,2022-01-01,2023-01-01,0,0,0.0,0.0,0,0,0.0,0.0,1,0
P_2025,2025,,participant,1,2024-01-16,2024,1.0,Male,Black,2004.0,18.0,1.0,0.0,1.0,0.0,1.0,0.0,2025-07-16,-1,2023,2023-01-01,2024-01-01,0,0,0.0,0.0,0,1,0.0,0.0,1,0
P_2025,2025,,participant,1,2024-01-16,2024,1.0,Male,Black,2004.0,18.0,1.0,0.0,1.0,0.0,1.0,0.0,2025-07-16,0,2024,2024-01-01,2025-01-01,1,1,6752.310354632011,1.0,1,1,0.0,0.0,1,0
P_2025,2025,,participant,1,2024-01-16,2024,1.0,Male,Black,2004.0,18.0,1.0,0.0,1.0,0.0,1.0,0.0,2025-07-16,1,2025,2025-01-01,2026-01-01,1,1,0.0,0.0,1,1,0.0,0.0,1,0
P_2028,2028,,participant,1,2024-01-16,2024,1.0,Male,Black,1994.0,25.0,2.0,0.0,2.0,9917.021607306964,0.0,0.0,2025-07-16,-2,2022,2022-01-01,2023-01-01,0,0,0.0,0.0,0,1,0.0,0.0,1,0
P_2028,2028,,participant,1,2024-01-16,2024,1.0,Male,Black,1994.0,25.0,2.0,0.0,2.0,9917.021607306964,0.0,0.0,2025-07-16,-1,2023,2023-01-01,2024-01-01,0,0,0.0,0.0,1,1,0.0,0.0,1,0
P_2028,2028,,participant,1,2024-01-16,2024,1.0,Male,Black,1994.0,25.0,2.0,0.0,2.0,9917.021607306964,0.0,0.0,2025-07-16,0,2024,2024-01-01,2025-01-01,1,1,21514.122288244827,1.0,1,1,0.0,0.0,1,0
P_2028,2028,,participant,1,2024-01-16,2024,1.0,Male,Black,1994.0,25.0,2.0,0.0,2.0,9917.021607306964,0.0,0.0,2025-07-16,1,2025,2025-01-01,2026-01-01,1,1,0.0,0.0,1,1,0.0,0.0,1,0
P_2030,2030,,participant,1,2024-01-22,2024,1.0,Male,Black,2005.0,16.0,1.0,1.0,1.0,0.0,0.0,0.0,2025-07-22,-2,2022,2022-01-01,2023-01-01,0,0,0.0,0.0,0,0,0.0,0.0,1,0
P_2030,2030,,participant,1,2024-01-22,2024,1.0,Male,Black,2005.0,16.0,1.0,1.0,1.0,0.0,0.0,0.0,2025-07-22,-1,2023,2023-01-01,2024-01-01,0,0,0.0,0.0,0,0,0.0,0.0,1,0
P_2030,2030,,participant,1,2024-01-22,2024,1.0,Male,Black,2005.0,16.0,1.0,1.0,1.0,0.0,0.0,0.0,2025-07-22,0,2024,2024-01-01,2025-01-01,1,1,5499.092274458877,1.0,0,0,0.0,0.0,1,0
P_2030,2030,,participant,1,2024-01-22,2024,1.0,Male,Black,2005.0,16.0,1.0,1.0,1.0,0.0,0.0,0.0,2025-07-22,1,2025,2025-01-01,2026-01-01,1,1,0.0,0.0,0,0,0.0,0.0,1,0
P_2033,2033,,participant,1,2024-01-29,2024,1.0,Male,Black,2004.0,18.0,1.0,0.0,1.0,0.0,1.0,0.0,2025-07-29,-2,2022,2022-01-01,2023-01-01,0,0,0.0,0.0,0,0,0.0,0.0,1,0
P_2033,2033,,participant,1,2024-01-29,2024,1.0,Male,Black,2004.0,18.0,1.0,0.0,1.0,0.0,1.0,0.0,2025-07-29,-1,2023,2023-01-01,2024-01-01,0,0,0.0,0.0,0,0,0.0,0.0,1,0
P_2033,2033,,participant,1,2024-01-29,2024,1.0,Male,Black,2004.0,18.0,1.0,0.0,1.0,0.0,1.0,0.0,2025-07-29,0,2024,2024-01-01,2025-01-01,1,1,10334.13458885319,1.0,0,0,0.0,0.0,1,0
P_2033,2033,,participant,1,2024-01-29,2024,1.0,Male,Black,2004.0,18.0,1.0,0.0,1.0,0.0,1.0,0.0,2025-07-29,1,2025,2025-01-01,2026-01-01,1,1,0.0,0.0,0,0,0.0,0.0,1,0
P_2041,2041,,participant,1,2024-02-12,2024,1.0,Male,Black,1997.0,19.0,4.0,1.0,4.0,39834.3462526505,1.0,0.0,2025-08-12,-2,2022,2022-01-01,2023-01-01,0,0,0.0,0.0,0,0,0.0,0.0,1,0
P_2041,2041,,participant,1,2024-02-12,2024,1.0,Male,Black,1997.0,19.0,4.0,1.0,4.0,39834.3462526505,1.0,0.0,2025-08-12,-1,2023,2023-01-01,2024-01-01,0,0,0.0,0.0,0,0,0.0,0.0,1,0
P_2041,2041,,participant,1,2024-02-12,2024,1.0,Male,Black,1997.0,19.0,4.0,1.0,4.0,39834.3462526505,1.0,0.0,2025-08-12,0,2024,2024-01-01,2025-01-01,1,1,7769.820198433277,1.0,0,0,0.0,0.0,1,0
P_2041,2041,,participant,1,2024-02-12,2024,1.0,Male,Black,1997.0,19.0,4.0,1.0,4.0,39834.3462526505,1.0,0.0,2025-08-12,1,2025,2025-01-01,2026-01-01,1,1,0.0,0.0,0,0,0.0,0.0,1,0
P_2043,2043,,participant,1,2024-02-05,2024,1.0,Male,White,1991.0,27.0,2.0,0.0,2.0,0.0,0.0,0.0,2025-08-05,-2,2022,2022-01-01,2023-01-01,0,0,0.0,0.0,1,1,0.0,0.0,1,0
P_2043,2043,,participant,1,2024-02-05,2024,1.0,Male,White,1991.0,27.0,2.0,0.0,2.0,0.0,0.0,0.0,2025-08-05,-1,2023,2023-01-01,2024-01-01,0,0,0.0,0.0,1,1,0.0,0.0,1,0
P_2043,2043,,participant,1,2024-02-05,2024,1.0,Male,White,1991.0,27.0,2.0,0.0,2.0,0.0,0.0,0.0,2025-08-05,0,2024,2024-01-01,2025-01-01,1,1,6014.057672106123,1.0,1,1,0.0,0.0,1,0
P_2043,2043,,participant,1,2024-02-05,2024,1.0,Male,White,1991.0,27.0,2.0,0.0,2.0,0.0,0.0,0.0,2025-08-05,1,2025,2025-01-01,2026-01-01,1,1,0.0,0.0,1,1,0.0,0.0,1,0
P_2044,2044,,participant,1,2024-02-19,2024,1.0,Male,Black,2004.0,18.0,1.0,0.0,1.0,0.0,1.0,0.0,2025-08-19,-2,2022,2022-01-01,2023-01-01,0,0,0.0,0.0,0,0,0.0,0.0,1,0
P_2044,2044,,participant,1,2024-02-19,2024,1.0,Male,Black,2004.0,18.0,1.0,0.0,1.0,0.0,1.0,0.0,2025-08-19,-1,2023,2023-01-01,2024-01-01,0,0,0.0,0.0,0,0,0.0,0.0,1,0
P_2044,2044,,participant,1,2024-02-19,2024,1.0,Male,Black,2004.0,18.0,1.0,0.0,1.0,0.0,1.0,0.0,2025-08-19,0,2024,2024-01-01,2025-01-01,1,1,1304.1508254606777,1.0,0,0,0.0,0.0,1,0
P_2044,2044,,participant,1,2024-02-19,2024,1.0,Male,Black,2004.0,18.0,1.0,0.0,1.0,0.0,1.0,0.0,2025-08-19,1,2025,2025-01-01,2026-01-01,1,1,0.0,0.0,0,0,0.0,0.0,1,0
P_2045,2045,,participant,1,2024-02-05,2024,1.0,Female,Black,1996.0,22.0,4.0,0.0,4.0,7627.428883099271,1.0,0.0,2025-08-05,-2,2022,2022-01-01,2023-01-01,0,0,0.0,0.0,0,0,0.0,0.0,1,0
P_2045,2045,,participant,1,2024-02-05,2024,1.0,Female,Black,1996.0,22.0,4.0,0.0,4.0,7627.428883099271,1.0,0.0,2025-08-05,-1,2023,2023-01-01,2024-01-01,0,0,0.0,0.0,0,0,0.0,0.0,1,0
P_2045,2045,,participant,1,2024-02-05,2024,1.0,Female,Black,1996.0,22.0,4.0,0.0,4.0,7627.428883099271,1.0,0.0,2025-08-05,0,2024,2024-01-01,2025-01-01,1,1,37876.82852111076,1.0,0,0,0.0,0.0,1,0
P_2045,2045,,participant,1,2024-02-05,2024,1.0,Female,Black,1996.0,22.0,4.0,0.0,4.0,7627.428883099271,1.0,0.0,2025-08-05,1,2025,2025-01-01,2026-01-01,1,1,0.0,0.0,0,0,0.0,0.0,1,0
P_2048,2048,,participant,1,2024-08-19,2024,1.0,Male,Black,1988.0,22.0,4.0,1.0,4.0,11694.286714438223,0.0,0.0,2026-02-17,-2,2022,2022-01-01,2023-01-01,0,0,0.0,0.0,1,1,0.0,0.0,1,0
P_2048,2048,,participant,1,2024-08-19,2024,1.0,Male,Black,1988.0,22.0,4.0,1.0,4.0,11694.286714438223,0.0,0.0,2026-02-17,-1,2023,2023-01-01,2024-01-01,0,0,0.0,0.0,1,1,0.0,0.0,1,0
P_2048,2048,,participant,1,2024-08-19,2024,1.0,Male,Black,1988.0,22.0,4.0,1.0,4.0,11694.286714438223,0.0,0.0,2026-02-17,0,2024,2024-01-01,2025-01-01,1,1,4199.430525117269,1.0,1,1,0.0,0.0,1,0
P_2048,2048,,participant,1,2024-08-19,2024,1.0,Male,Black,1988.0,22.0,4.0,1.0,4.0,11694.286714438223,0.0,0.0,2026-02-17,1,2025,2025-01-01,2026-01-01,1,1,0.0,0.0,1,1,0.0,0.0,1,0
P_2049,2049,,participant,1,2024-02-19,2024,1.0,Male,Black,1993.0,26.0,1.0,0.0,1.0,0.0,0.0,0.0,2025-08-19,-2,2022,2022-01-01,2023-01-01,0,0,0.0,0.0,1,1,0.0,0.0,1,0
P_2049,2049,,participant,1,2024-02-19,2024,1.0,Male,Black,1993.0,26.0,1.0,0.0,1.0,0.0,0.0,0.0,2025-08-19,-1,2023,2023-01-01,2024-01-01,0,0,0.0,0.0,1,1,0.0,0.0,1,0
P_2049,2049,,participant,1,2024-02-19,2024,1.0,Male,Black,1993.0,26.0,1.0,0.0,1.0,0.0,0.0,0.0,2025-08-19,0,2024,2024-01-01,2025-01-01,1,1,5938.457961404399,1.0,1,1,0.0,0.0,1,0
P_2049,2049,,participant,1,2024-02-19,2024,1.0,Male,Black,1993.0,26.0,1.0,0.0,1.0,0.0,0.0,0.0,2025-08-19,1,2025,2025-01-01,2026-01-01,1,1,0.0,0.0,1,1,0.0,0.0,1,0
P_2053,2053,,participant,1,2024-02-19,2024,1.0,Female,Black,1985.0,32.0,3.0,0.0,3.0,0.0,0.0,0.0,2025-08-19,-2,2022,2022-01-01,2023-01-01,0,0,0.0,0.0,0,0,0.0,0.0,1,0
P_2053,2053,,participant,1,2024-02-19,2024,1.0,Female,Black,1985.0,32.0,3.0,0.0,3.0,0.0,0.0,0.0,2025-08-19,-1,2023,2023-01-01,2024-01-01,0,0,0.0,0.0,0,0,0.0,0.0,1,0
P_2053,2053,,participant,1,2024-02-19,2024,1.0,Female,Black,1985.0,32.0,3.0,0.0,3.0,0.0,0.0,0.0,2025-08-19,0,2024,2024-01-01,2025-01-01,1,1,2807.5912723800425,1.0,0,0,0.0,0.0,1,0
P_2053,2053,,participant,1,2024-02-19,2024,1.0,Female,Black,1985.0,32.0,3.0,0.0,3.0,0.0,0.0,0.0,2025-08-19,1,2025,2025-01-01,2026-01-01,1,1,0.0,0.0,0,0,0.0,0.0,1,0
P_2056,2056,,participant,1,2024-02-19,2024,1.0,Male,Black,1998.0,20.0,2.0,1.0,2.0,22314.946382924434,1.0,0.0,2025-08-19,-2,2022,2022-01-01,2023-01-01,0,0,0.0,0.0,1,1,0.0,0.0,1,0
P_2056,2056,,participant,1,2024-02-19,2024,1.0,Male,Black,1998.0,20.0,2.0,1.0,2.0,22314.946382924434,1.0,0.0,2025-08-19,-1,2023,2023-01-01,2024-01-01,0,0,0.0,0.0,1,1,0.0,0.0,1,0
P_2056,2056,,participant,1,2024-02-19,2024,1.0,Male,Black,1998.0,20.0,2.0,1.0,2.0,22314.946382924434,1.0,0.0,2025-08-19,0,2024,2024-01-01,2025-01-01,1,1,0.0,0.0,1,1,2.0,1.0,1,1
P_2056,2056,,participant,1,2024-02-19,2024,1.0,Male,Black,1998.0,20.0,2.0,1.0,2.0,22314.946382924434,1.0,0.0,2025-08-19,1,2025,2025-01-01,2026-01-01,1,1,0.0,0.0,1,1,0.0,0.0,1,0
P_2063,2063,,participant,1,2024-03-04,2024,1.0,Female,Black,2000.0,19.0,3.0,0.0,3.0,946.6228364841962,0.0,0.0,2025-09-02,-2,2022,2022-01-01,2023-01-01,0,0,0.0,0.0,0,0,0.0,0.0,1,0
P_2063,2063,,participant,1,2024-03-04,2024,1.0,Female,Black,2000.0,19.0,3.0,0.0,3.0,946.6228364841962,0.0,0.0,2025-09-02,-1,2023,2023-01-01,2024-01-01,0,0,0.0,0.0,0,0,0.0,0.0,1,0
P_2063,2063,,participant,1,2024-03-04,2024,1.0,Female,Black,2000.0,19.0,3.0,0.0,3.0,946.6228364841962,0.0,0.0,2025-09-02,0,2024,2024-01-01,2025-01-01,1,1,1540.732906010271,1.0,0,0,0.0,0.0,1,0
P_2063,2063,,participant,1,2024-03-04,2024,1.0,Female,Black,2000.0,19.0,3.0,0.0,3.0,946.6228364841962,0.0,0.0,2025-09-02,1,2025,2025-01-01,2026-01-01,1,1,0.0,0.0,0,0,0.0,0.0,1,0
P_2066,2066,,participant,1,2024-03-11,2024,1.0,Male,Black,2003.0,18.0,3.0,1.0,3.0,0.0,0.0,0.0,2025-09-09,-2,2022,2022-01-01,2023-01-01,0,0,0.0,0.0,0,0,0.0,0.0,1,0
P_2066,2066,,participant,1,2024-03-11,2024,1.0,Male,Black,2003.0,18.0,3.0,1.0,3.0,0.0,0.0,0.0,2025-09-09,-1,2023,2023-01-01,2024-01-01,0,0,0.0,0.0,0,0,0.0,0.0,1,0
P_2066,2066,,participant,1,2024-03-11,2024,1.0,Male,Black,2003.0,18.0,3.0,1.0,3.0,0.0,0.0,0.0,2025-09-09,0,2024,2024-01-01,2025-01-01,1,1,16262.43547061871,1.0,0,0,0.0,0.0,1,0
P_2066,2066,,participant,1,2024-03-11,2024,1.0,Male,Black,2003.0,18.0,3.0,1.0,3.0,0.0,0.0,0.0,2025-09-09,1,2025,2025-01-01,2026-01-01,1,1,0.0,0.0,0,0,0.0,0.0,1,0
P_2069,2069,,participant,1,2024-03-18,2024,1.0,Male,Black,2004.0,18.0,1.0,0.0,1.0,0.0,1.0,0.0,2025-09-16,-2,2022,2022-01-01,2023-01-01,0,0,0.0,0.0,0,0,0.0,0.0,1,0
P_2069,2069,,participant,1,2024-03-18,2024,1.0,Male,Black,2004.0,18.0,1.0,0.0,1.0,0.0,1.0,0.0,2025-09-16,-1,2023,2023-01-01,2024-01-01,0,0,0.0,0.0,0,1,0.0,0.0,1,0
P_2069,2069,,participant,1,2024-03-18,2024,1.0,Male,Black,2004.0,18.0,1.0,0.0,1.0,0.0,1.0,0.0,2025-09-16,0,2024,2024-01-01,2025-01-01,1,1,40718.30459646143,1.0,1,1,0.0,0.0,1,0
P_2069,2069,,participant,1,2024-03-18,2024,1.0,Male,Black,2004.0,18.0,1.0,0.0,1.0,0.0,1.0,0.0,2025-09-16,1,2025,2025-01-01,2026-01-01,1,1,0.0,0.0,1,1,0.0,0.0,1,0
P_2070,2070,,participant,1,2024-03-11,2024,1.0,Male,White,2005.0,16.0,2.0,1.0,2.0,0.0,1.0,0.0,2025-09-09,-2,2022,2022-01-01,2023-01-01,0,0,0.0,0.0,0,0,0.0,0.0,1,0
P_2070,2070,,participant,1,2024-03-11,2024,1.0,Male,White,2005.0,16.0,2.0,1.0,2.0,0.0,1.0,0.0,2025-09-09,-1,2023,2023-01-01,2024-01-01,0,0,0.0,0.0,0,0,0.0,0.0,1,0
P_2070,2070,,participant,1,2024-03-11,2024,1.0,Male,White,2005.0,16.0,2.0,1.0,2.0,0.0,1.0,0.0,2025-09-09,0,2024,2024-01-01,2025-01-01,1,1,286.74525612034216,1.0,0,0,0.0,0.0,1,0
P_2070,2070,,participant,1,2024-03-11,2024,1.0,Male,White,2005.0,16.0,2.0,1.0,2.0,0.0,1.0,0.0,2025-09-09,1,2025,2025-01-01,2026-01-01,1,1,0.0,0.0,0,0,0.0,0.0,1,0
P_2074,2074,,participant,1,2024-05-20,2024,1.0,Male,Black,2005.0,16.0,1.0,1.0,1.0,0.0,0.0,0.0,2025-11-18,-2,2022,2022-01-01,2023-01-01,0,0,0.0,0.0,0,0,0.0,0.0,1,0
P_2074,2074,,participant,1,2024-05-20,2024,1.0,Male,Black,2005.0,16.0,1.0,1.0,1.0,0.0,0.0,0.0,2025-11-18,-1,2023,2023-01-01,2024-01-01,0,0,0.0,0.0,0,0,0.0,0.0,1,0
P_2074,2074,,participant,1,2024-05-20,2024,1.0,Male,Black,2005.0,16.0,1.0,1.0,1.0,0.0,0.0,0.0,2025-11-18,0,2024,2024-01-01,2025-01-01,1,1,0.0,0.0,0,0,0.0,0.0,1,0
P_2074,2074,,participant,1,2024-05-20,2024,1.0,Male,Black,2005.0,16.0,1.0,1.0,1.0,0.0,0.0,0.0,2025-11-18,1,2025,2025-01-01,2026-01-01,1,1,0.0,0.0,0,0,0.0,0.0,1,0
P_2075,2075,,participant,1,2024-04-22,2024,1.0,Male,Black,1985.0,36.0,2.0,1.0,2.0,0.0,0.0,0.0,2025-10-21,-2,2022,2022-01-01,2023-01-01,0,0,0.0,0.0,0,0,0.0,0.0,1,0
P_2075,2075,,participant,1,2024-04-22,2024,1.0,Male,Black,1985.0,36.0,2.0,1.0,2.0,0.0,0.0,0.0,2025-10-21,-1,2023,2023-01-01,2024-01-01,0,0,0.0,0.0,0,0,0.0,0.0,1,0
P_2075,2075,,participant,1,2024-04-22,2024,1.0,Male,Black,1985.0,36.0,2.0,1.0,2.0,0.0,0.0,0.0,2025-10-21,0,2024,2024-01-01,2025-01-01,1,1,0.0,0.0,0,0,0.0,0.0,1,0
P_2075,2075,,participant,1,2024-04-22,2024,1.0,Male,Black,1985.0,36.0,2.0,1.0,2.0,0.0,0.0,0.0,2025-10-21,1,2025,2025-01-01,2026-01-01,1,1,0.0,0.0,0,0,0.0,0.0,1,0
P_2076,2076,,participant,1,2024-03-18,2024,1.0,Unknown,Unknown,1988.0,31.0,1.0,0.0,1.0,0.0,0.0,0.0,2025-09-16,-2,2022,2022-01-01,2023-01-01,0,0,0.0,0.0,0,0,0.0,0.0,1,0
P_2076,2076,,participant,1,2024-03-18,2024,1.0,Unknown,Unknown,1988.0,31.0,1.0,0.0,1.0,0.0,0.0,0.0,2025-09-16,-1,2023,2023-01-01,2024-01-01,0,0,0.0,0.0,0,0,0.0,0.0,1,0
P_2076,2076,,participant,1,2024-03-18,2024,1.0,Unknown,Unknown,1988.0,31.0,1.0,0.0,1.0,0.0,0.0,0.0,2025-09-16,0,2024,2024-01-01,2025-01-01,1,1,0.0,0.0,0,0,0.0,0.0,1,0
P_2076,2076,,participant,1,2024-03-18,2024,1.0,Unknown,Unknown,1988.0,31.0,1.0,0.0,1.0,0.0,0.0,0.0,2025-09-16,1,2025,2025-01-01,2026-01-01,1,1,0.0,0.0,0,0,0.0,0.0,1,0
P_2079,2079,,participant,1,2024-03-18,2024,1.0,Male,Black,2001.0,18.0,3.0,1.0,3.0,7996.977885525071,1.0,0.0,2025-09-16,-2,2022,2022-01-01,2023-01-01,0,0,0.0,0.0,0,0,0.0,0.0,1,0
P_2079,2079,,participant,1,2024-03-18,2024,1.0,Male,Black,2001.0,18.0,3.0,1.0,3.0,7996.977885525071,1.0,0.0,2025-09-16,-1,2023,2023-01-01,2024-01-01,0,0,0.0,0.0,0,0,0.0,0.0,1,0
P_2079,2079,,participant,1,2024-03-18,2024,1.0,Male,Black,2001.0,18.0,3.0,1.0,3.0,7996.977885525071,1.0,0.0,2025-09-16,0,2024,2024-01-01,2025-01-01,1,1,22742.431720498986,1.0,0,0,0.0,0.0,1,0
P_2079,2079,,participant,1,2024-03-18,2024,1.0,Male,Black,2001.0,18.0,3.0,1.0,3.0,7996.977885525071,1.0,0.0,2025-09-16,1,2025,2025-01-01,2026-01-01,1,1,0.0,0.0,0,0,0.0,0.0,1,0
P_2091,2091,,participant,1,2024-04-01,2024,1.0,Male,Black,2005.0,16.0,1.0,1.0,1.0,0.0,0.0,0.0,2025-09-30,-2,2022,2022-01-01,2023-01-01,0,0,0.0,0.0,0,0,0.0,0.0,1,0
P_2091,2091,,participant,1,2024-04-01,2024,1.0,Male,Black,2005.0,16.0,1.0,1.0,1.0,0.0,0.0,0.0,2025-09-30,-1,2023,2023-01-01,2024-01-01,0,0,0.0,0.0,0,0,0.0,0.0,1,0
P_2091,2091,,participant,1,2024-04-01,2024,1.0,Male,Black,2005.0,16.0,1.0,1.0,1.0,0.0,0.0,0.0,2025-09-30,0,2024,2024-01-01,2025-01-01,1,1,4104.069782126041,1.0,0,1,1.0,1.0,1,1
P_2091,2091,,participant,1,2024-04-01,2024,1.0,Male,Black,2005.0,16.0,1.0,1.0,1.0,0.0,0.0,0.0,2025-09-30,1,2025,2025-01-01,2026-01-01,1,1,0.0,0.0,1,1,0.0,0.0,1,0
P_2093,2093,,participant,1,2024-04-08,2024,1.0,Male,Black,2001.0,18.0,3.0,1.0,3.0,0.0,1.0,0.0,2025-10-07,-2,2022,2022-01-01,2023-01-01,0,0,0.0,0.0,1,1,0.0,0.0,1,0
P_2093,2093,,participant,1,2024-04-08,2024,1.0,Male,Black,2001.0,18.0,3.0,1.0,3.0,0.0,1.0,0.0,2025-10-07,-1,2023,2023-01-01,2024-01-01,0,0,0.0,0.0,1,1,0.0,0.0,1,0
P_2093,2093,,participant,1,2024-04-08,2024,1.0,Male,Black,2001.0,18.0,3.0,1.0,3.0,0.0,1.0,0.0,2025-10-07,0,2024,2024-01-01,2025-01-01,1,1,0.0,0.0,1,1,1.0,1.0,1,1
P_2093,2093,,participant,1,2024-04-08,2024,1.0,Male,Black,2001.0,18.0,3.0,1.0,3.0,0.0,1.0,0.0,2025-10-07,1,2025,2025-01-01,2026-01-01,1,1,0.0,0.0,1,1,0.0,0.0,1,0
P_2094,2094,,participant,1,2024-04-15,2024,1.0,Male,Black,2005.0,16.0,1.0,1.0,1.0,0.0,0.0,0.0,2025-10-14,-2,2022,2022-01-01,2023-01-01,0,0,0.0,0.0,0,0,0.0,0.0,1,0
P_2094,2094,,participant,1,2024-04-15,2024,1.0,Male,Black,2005.0,16.0,1.0,1.0,1.0,0.0,0.0,0.0,2025-10-14,-1,2023,2023-01-01,2024-01-01,0,0,0.0,0.0,0,0,0.0,0.0,1,0
P_2094,2094,,participant,1,2024-04-15,2024,1.0,Male,Black,2005.0,16.0,1.0,1.0,1.0,0.0,0.0,0.0,2025-10-14,0,2024,2024-01-01,2025-01-01,1,1,8659.944201795073,1.0,0,0,0.0,0.0,1,0
P_2094,2094,,participant,1,2024-04-15,2024,1.0,Male,Black,2005.0,16.0,1.0,1.0,1.0,0.0,0.0,0.0,2025-10-14,1,2025,2025-01-01,2026-01-01,1,1,0.0,0.0,0,0,0.0,0.0,1,0
P_2098,2098,,participant,1,2024-04-08,2024,1.0,Female,White,1995.0,23.0,1.0,0.0,1.0,0.0,0.0,0.0,2025-10-07,-2,2022,2022-01-01,2023-01-01,0,0,0.0,0.0,0,1,0.0,0.0,1,0
P_2098,2098,,participant,1,2024-04-08,2024,1.0,Female,White,1995.0,23.0,1.0,0.0,1.0,0.0,0.0,0.0,2025-10-07,-1,2023,2023-01-01,2024-01-01,0,0,0.0,0.0,1,1,0.0,0.0,1,0
P_2098,2098,,participant,1,2024-04-08,2024,1.0,Female,White,1995.0,23.0,1.0,0.0,1.0,0.0,0.0,0.0,2025-10-07,0,2024,2024-01-01,2025-01-01,1,1,0.0,0.0,1,1,0.0,0.0,1,0
P_2098,2098,,participant,1,2024-04-08,2024,1.0,Female,White,1995.0,23.0,1.0,0.0,1.0,0.0,0.0,0.0,2025-10-07,1,2025,2025-01-01,2026-01-01,1,1,0.0,0.0,1,1,0.0,0.0,1,0
P_210,210,,participant,1,2020-07-27,2020,0.0,Male,Black,1984.0,22.0,4.0,1.0,4.0,0.0,1.0,0.0,2022-01-25,-2,2018,2018-01-01,2019-01-01,0,0,0.0,0.0,1,1,0.0,0.0,1,0
P_210,210,,participant,1,2020-07-27,2020,0.0,Male,Black,1984.0,22.0,4.0,1.0,4.0,0.0,1.0,0.0,2022-01-25,-1,2019,2019-01-01,2020-01-01,0,0,0.0,0.0,1,1,0.0,0.0,1,0
P_210,210,,participant,1,2020-07-27,2020,0.0,Male,Black,1984.0,22.0,4.0,1.0,4.0,0.0,1.0,0.0,2022-01-25,0,2020,2020-01-01,2021-01-01,1,1,0.0,0.0,1,1,0.0,0.0,1,0
P_210,210,,participant,1,2020-07-27,2020,0.0,Male,Black,1984.0,22.0,4.0,1.0,4.0,0.0,1.0,0.0,2022-01-25,1,2021,2021-01-01,2022-01-01,1,1,0.0,0.0,1,1,0.0,0.0,1,0
P_2100,2100,,participant,1,2024-09-09,2024,1.0,Male,Black,2003.0,18.0,3.0,1.0,3.0,0.0,0.0,0.0,2026-03-10,-2,2022,2022-01-01,2023-01-01,0,0,0.0,0.0,0,0,0.0,0.0,1,0
P_2100,2100,,participant,1,2024-09-09,2024,1.0,Male,Black,2003.0,18.0,3.0,1.0,3.0,0.0,0.0,0.0,2026-03-10,-1,2023,2023-01-01,2024-01-01,0,0,0.0,0.0,0,0,0.0,0.0,1,0
P_2100,2100,,participant,1,2024-09-09,2024,1.0,Male,Black,2003.0,18.0,3.0,1.0,3.0,0.0,0.0,0.0,2026-03-10,0,2024,2024-01-01,2025-01-01,1,1,7717.455656658241,1.0,0,0,0.0,0.0,1,0
P_2100,2100,,participant,1,2024-09-09,2024,1.0,Male,Black,2003.0,18.0,3.0,1.0,3.0,0.0,0.0,0.0,2026-03-10,1,2025,2025-01-01,2026-01-01,1,1,0.0,0.0,0,0,0.0,0.0,1,0
P_2101,2101,,participant,1,2024-04-15,2024,1.0,Female,Black,1999.0,21.0,1.0,0.0,1.0,222.00647967844594,1.0,0.0,2025-10-14,-2,2022,2022-01-01,2023-01-01,0,0,0.0,0.0,0,0,0.0,0.0,1,0
P_2101,2101,,participant,1,2024-04-15,2024,1.0,Female,Black,1999.0,21.0,1.0,0.0,1.0,222.00647967844594,1.0,0.0,2025-10-14,-1,2023,2023-01-01,2024-01-01,0,0,0.0,0.0,0,0,0.0,0.0,1,0
P_2101,2101,,participant,1,2024-04-15,2024,1.0,Female,Black,1999.0,21.0,1.0,0.0,1.0,222.00647967844594,1.0,0.0,2025-10-14,0,2024,2024-01-01,2025-01-01,1,1,0.0,0.0,0,0,0.0,0.0,1,0
P_2101,2101,,participant,1,2024-04-15,2024,1.0,Female,Black,1999.0,21.0,1.0,0.0,1.0,222.00647967844594,1.0,0.0,2025-10-14,1,2025,2025-01-01,2026-01-01,1,1,0.0,0.0,0,0,0.0,0.0,1,0
P_2103,2103,,participant,1,2024-04-15,2024,1.0,Male,Black,2000.0,20.0,3.0,1.0,3.0,0.0,0.0,0.0,2025-10-14,-2,2022,2022-01-01,2023-01-01,0,0,0.0,0.0,0,0,0.0,0.0,1,0
P_2103,2103,,participant,1,2024-04-15,2024,1.0,Male,Black,2000.0,20.0,3.0,1.0,3.0,0.0,0.0,0.0,2025-10-14,-1,2023,2023-01-01,2024-01-01,0,0,0.0,0.0,0,0,0.0,0.0,1,0
P_2103,2103,,participant,1,2024-04-15,2024,1.0,Male,Black,2000.0,20.0,3.0,1.0,3.0,0.0,0.0,0.0,2025-10-14,0,2024,2024-01-01,2025-01-01,1,1,0.0,0.0,0,0,0.0,0.0,1,0
P_2103,2103,,participant,1,2024-04-15,2024,1.0,Male,Black,2000.0,20.0,3.0,1.0,3.0,0.0,0.0,0.0,2025-10-14,1,2025,2025-01-01,2026-01-01,1,1,0.0,0.0,0,0,0.0,0.0,1,0
P_2106,2106,,participant,1,2024-08-05,2024,1.0,Female,Black,1978.0,21.0,3.0,1.0,3.0,28818.867426607845,1.0,0.0,2026-02-03,-2,2022,2022-01-01,2023-01-01,0,0,0.0,0.0,0,0,0.0,0.0,1,0
P_2106,2106,,participant,1,2024-08-05,2024,1.0,Female,Black,1978.0,21.0,3.0,1.0,3.0,28818.867426607845,1.0,0.0,2026-02-03,-1,2023,2023-01-01,2024-01-01,0,0,0.0,0.0,0,0,0.0,0.0,1,0
P_2106,2106,,participant,1,2024-08-05,2024,1.0,Female,Black,1978.0,21.0,3.0,1.0,3.0,28818.867426607845,1.0,0.0,2026-02-03,0,2024,2024-01-01,2025-01-01,1,1,1021.594209977133,1.0,0,0,0.0,0.0,1,0
P_2106,2106,,participant,1,2024-08-05,2024,1.0,Female,Black,1978.0,21.0,3.0,1.0,3.0,28818.867426607845,1.0,0.0,2026-02-03,1,2025,2025-01-01,2026-01-01,1,1,0.0,0.0,0,0,0.0,0.0,1,0
P_2110,2110,,participant,1,2024-04-22,2024,1.0,Male,White,1997.0,18.0,2.0,1.0,2.0,25941.067416091995,1.0,0.0,2025-10-21,-2,2022,2022-01-01,2023-01-01,0,0,0.0,0.0,1,1,0.0,0.0,1,0
P_2110,2110,,participant,1,2024-04-22,2024,1.0,Male,White,1997.0,18.0,2.0,1.0,2.0,25941.067416091995,1.0,0.0,2025-10-21,-1,2023,2023-01-01,2024-01-01,0,0,0.0,0.0,1,1,0.0,0.0,1,0
P_2110,2110,,participant,1,2024-04-22,2024,1.0,Male,White,1997.0,18.0,2.0,1.0,2.0,25941.067416091995,1.0,0.0,2025-10-21,0,2024,2024-01-01,2025-01-01,1,1,657.7668957599246,1.0,1,1,0.0,0.0,1,0
P_2110,2110,,participant,1,2024-04-22,2024,1.0,Male,White,1997.0,18.0,2.0,1.0,2.0,25941.067416091995,1.0,0.0,2025-10-21,1,2025,2025-01-01,2026-01-01,1,1,0.0,0.0,1,1,0.0,0.0,1,0
P_2111,2111,,participant,1,2024-05-01,2024,1.0,Male,White,1990.0,22.0,1.0,0.0,1.0,0.0,0.0,0.0,2025-10-30,-2,2022,2022-01-01,2023-01-01,0,0,0.0,0.0,1,1,0.0,0.0,1,0
P_2111,2111,,participant,1,2024-05-01,2024,1.0,Male,White,1990.0,22.0,1.0,0.0,1.0,0.0,0.0,0.0,2025-10-30,-1,2023,2023-01-01,2024-01-01,0,0,0.0,0.0,1,1,0.0,0.0,1,0
P_2111,2111,,participant,1,2024-05-01,2024,1.0,Male,White,1990.0,22.0,1.0,0.0,1.0,0.0,0.0,0.0,2025-10-30,0,2024,2024-01-01,2025-01-01,1,1,637.211680267427,1.0,1,1,0.0,0.0,1,0
P_2111,2111,,participant,1,2024-05-01,2024,1.0,Male,White,1990.0,22.0,1.0,0.0,1.0,0.0,0.0,0.0,2025-10-30,1,2025,2025-01-01,2026-01-01,1,1,0.0,0.0,1,1,0.0,0.0,1,0
P_2113,2113,,participant,1,2024-05-01,2024,1.0,Male,Black,2004.0,18.0,1.0,0.0,1.0,0.0,1.0,0.0,2025-10-30,-2,2022,2022-01-01,2023-01-01,0,0,0.0,0.0,0,0,0.0,0.0,1,0
P_2113,2113,,participant,1,2024-05-01,2024,1.0,Male,Black,2004.0,18.0,1.0,0.0,1.0,0.0,1.0,0.0,2025-10-30,-1,2023,2023-01-01,2024-01-01,0,0,0.0,0.0,0,0,0.0,0.0,1,0
P_2113,2113,,participant,1,2024-05-01,2024,1.0,Male,Black,2004.0,18.0,1.0,0.0,1.0,0.0,1.0,0.0,2025-10-30,0,2024,2024-01-01,2025-01-01,1,1,15628.640763204494,1.0,0,0,0.0,0.0,1,0
P_2113,2113,,participant,1,2024-05-01,2024,1.0,Male,Black,2004.0,18.0,1.0,0.0,1.0,0.0,1.0,0.0,2025-10-30,1,2025,2025-01-01,2026-01-01,1,1,0.0,0.0,0,0,0.0,0.0,1,0
P_2114,2114,,participant,1,2024-05-01,2024,1.0,Male,Black,1988.0,22.0,4.0,1.0,4.0,12495.916022833795,0.0,0.0,2025-10-30,-2,2022,2022-01-01,2023-01-01,0,0,0.0,0.0,0,0,0.0,0.0,1,0
P_2114,2114,,participant,1,2024-05-01,2024,1.0,Male,Black,1988.0,22.0,4.0,1.0,4.0,12495.916022833795,0.0,0.0,2025-10-30,-1,2023,2023-01-01,2024-01-01,0,0,0.0,0.0,0,0,0.0,0.0,1,0
P_2114,2114,,participant,1,2024-05-01,2024,1.0,Male,Black,1988.0,22.0,4.0,1.0,4.0,12495.916022833795,0.0,0.0,2025-10-30,0,2024,2024-01-01,2025-01-01,1,1,0.0,0.0,0,0,0.0,0.0,1,0
P_2114,2114,,participant,1,2024-05-01,2024,1.0,Male,Black,1988.0,22.0,4.0,1.0,4.0,12495.916022833795,0.0,0.0,2025-10-30,1,2025,2025-01-01,2026-01-01,1,1,0.0,0.0,0,0,0.0,0.0,1,0
P_2115,2115,,participant,1,2024-05-06,2024,1.0,Male,Black,1976.0,31.0,4.0,0.0,4.0,0.0,1.0,0.0,2025-11-04,-2,2022,2022-01-01,2023-01-01,0,0,0.0,0.0,0,0,0.0,0.0,1,0
P_2115,2115,,participant,1,2024-05-06,2024,1.0,Male,Black,1976.0,31.0,4.0,0.0,4.0,0.0,1.0,0.0,2025-11-04,-1,2023,2023-01-01,2024-01-01,0,0,0.0,0.0,0,0,0.0,0.0,1,0
P_2115,2115,,participant,1,2024-05-06,2024,1.0,Male,Black,1976.0,31.0,4.0,0.0,4.0,0.0,1.0,0.0,2025-11-04,0,2024,2024-01-01,2025-01-01,1,1,1587.6139980897228,1.0,0,0,0.0,0.0,1,0
P_2115,2115,,participant,1,2024-05-06,2024,1.0,Male,Black,1976.0,31.0,4.0,0.0,4.0,0.0,1.0,0.0,2025-11-04,1,2025,2025-01-01,2026-01-01,1,1,0.0,0.0,0,0,0.0,0.0,1,0
P_2130,2130,,participant,1,2024-05-28,2024,1.0,Male,Black,1992.0,23.0,1.0,0.0,1.0,28063.68029467084,1.0,0.0,2025-11-26,-2,2022,2022-01-01,2023-01-01,0,0,0.0,0.0,0,0,0.0,0.0,1,0
P_2130,2130,,participant,1,2024-05-28,2024,1.0,Male,Black,1992.0,23.0,1.0,0.0,1.0,28063.68029467084,1.0,0.0,2025-11-26,-1,2023,2023-01-01,2024-01-01,0,0,0.0,0.0,0,0,0.0,0.0,1,0
P_2130,2130,,participant,1,2024-05-28,2024,1.0,Male,Black,1992.0,23.0,1.0,0.0,1.0,28063.68029467084,1.0,0.0,2025-11-26,0,2024,2024-01-01,2025-01-01,1,1,331.96673020383696,1.0,0,0,0.0,0.0,1,0
P_2130,2130,,participant,1,2024-05-28,2024,1.0,Male,Black,1992.0,23.0,1.0,0.0,1.0,28063.68029467084,1.0,0.0,2025-11-26,1,2025,2025-01-01,2026-01-01,1,1,0.0,0.0,0,0,0.0,0.0,1,0
P_2131,2131,,participant,1,2024-06-24,2024,1.0,Male,Black,2001.0,18.0,3.0,1.0,3.0,0.0,1.0,0.0,2025-12-23,-2,2022,2022-01-01,2023-01-01,0,0,0.0,0.0,0,0,0.0,0.0,1,0
P_2131,2131,,participant,1,2024-06-24,2024,1.0,Male,Black,2001.0,18.0,3.0,1.0,3.0,0.0,1.0,0.0,2025-12-23,-1,2023,2023-01-01,2024-01-01,0,0,0.0,0.0,0,0,0.0,0.0,1,0
P_2131,2131,,participant,1,2024-06-24,2024,1.0,Male,Black,2001.0,18.0,3.0,1.0,3.0,0.0,1.0,0.0,2025-12-23,0,2024,2024-01-01,2025-01-01,1,1,7488.065408799829,1.0,0,0,0.0,0.0,1,0
P_2131,2131,,participant,1,2024-06-24,2024,1.0,Male,Black,2001.0,18.0,3.0,1.0,3.0,0.0,1.0,0.0,2025-12-23,1,2025,2025-01-01,2026-01-01,1,1,0.0,0.0,0,0,0.0,0.0,1,0
P_2132,2132,,participant,1,2024-05-20,2024,1.0,Female,Black,1989.0,24.0,1.0,0.0,1.0,0.0,0.0,0.0,2025-11-18,-2,2022,2022-01-01,2023-01-01,0,0,0.0,0.0,1,1,0.0,0.0,1,0
P_2132,2132,,participant,1,2024-05-20,2024,1.0,Female,Black,1989.0,24.0,1.0,0.0,1.0,0.0,0.0,0.0,2025-11-18,-1,2023,2023-01-01,2024-01-01,0,0,0.0,0.0,1,1,0.0,0.0,1,0
P_2132,2132,,participant,1,2024-05-20,2024,1.0,Female,Black,1989.0,24.0,1.0,0.0,1.0,0.0,0.0,0.0,2025-11-18,0,2024,2024-01-01,2025-01-01,1,1,0.0,0.0,1,1,0.0,0.0,1,0
P_2132,2132,,participant,1,2024-05-20,2024,1.0,Female,Black,1989.0,24.0,1.0,0.0,1.0,0.0,0.0,0.0,2025-11-18,1,2025,2025-01-01,2026-01-01,1,1,0.0,0.0,1,1,0.0,0.0,1,0
P_2136,2136,,participant,1,2024-06-10,2024,1.0,Male,Black,2003.0,18.0,3.0,1.0,3.0,0.0,0.0,0.0,2025-12-09,-2,2022,2022-01-01,2023-01-01,0,0,0.0,0.0,0,0,0.0,0.0,1,0
P_2136,2136,,participant,1,2024-06-10,2024,1.0,Male,Black,2003.0,18.0,3.0,1.0,3.0,0.0,0.0,0.0,2025-12-09,-1,2023,2023-01-01,2024-01-01,0,0,0.0,0.0,0,0,0.0,0.0,1,0
P_2136,2136,,participant,1,2024-06-10,2024,1.0,Male,Black,2003.0,18.0,3.0,1.0,3.0,0.0,0.0,0.0,2025-12-09,0,2024,2024-01-01,2025-01-01,1,1,3528.570809262353,1.0,0,0,0.0,0.0,1,0
P_2136,2136,,participant,1,2024-06-10,2024,1.0,Male,Black,2003.0,18.0,3.0,1.0,3.0,0.0,0.0,0.0,2025-12-09,1,2025,2025-01-01,2026-01-01,1,1,0.0,0.0,0,0,0.0,0.0,1,0
P_2137,2137,,participant,1,2024-05-28,2024,1.0,Male,Black,2005.0,16.0,1.0,1.0,1.0,0.0,0.0,0.0,2025-11-26,-2,2022,2022-01-01,2023-01-01,0,0,0.0,0.0,0,0,0.0,0.0,1,0
P_2137,2137,,participant,1,2024-05-28,2024,1.0,Male,Black,2005.0,16.0,1.0,1.0,1.0,0.0,0.0,0.0,2025-11-26,-1,2023,2023-01-01,2024-01-01,0,0,0.0,0.0,0,0,0.0,0.0,1,0
P_2137,2137,,participant,1,2024-05-28,2024,1.0,Male,Black,2005.0,16.0,1.0,1.0,1.0,0.0,0.0,0.0,2025-11-26,0,2024,2024-01-01,2025-01-01,1,1,5468.530220598528,1.0,0,0,0.0,0.0,1,0
P_2137,2137,,participant,1,2024-05-28,2024,1.0,Male,Black,2005.0,16.0,1.0,1.0,1.0,0.0,0.0,0.0,2025-11-26,1,2025,2025-01-01,2026-01-01,1,1,0.0,0.0,0,0,0.0,0.0,1,0
P_2138,2138,,participant,1,2024-06-10,2024,1.0,Male,Black,2005.0,16.0,1.0,1.0,1.0,0.0,0.0,0.0,2025-12-09,-2,2022,2022-01-01,2023-01-01,0,0,0.0,0.0,0,0,0.0,0.0,1,0
P_2138,2138,,participant,1,2024-06-10,2024,1.0,Male,Black,2005.0,16.0,1.0,1.0,1.0,0.0,0.0,0.0,2025-12-09,-1,2023,2023-01-01,2024-01-01,0,0,0.0,0.0,0,0,0.0,0.0,1,0
P_2138,2138,,participant,1,2024-06-10,2024,1.0,Male,Black,2005.0,16.0,1.0,1.0,1.0,0.0,0.0,0.0,2025-12-09,0,2024,2024-01-01,2025-01-01,1,1,0.0,0.0,0,0,0.0,0.0,1,0
P_2138,2138,,participant,1,2024-06-10,2024,1.0,Male,Black,2005.0,16.0,1.0,1.0,1.0,0.0,0.0,0.0,2025-12-09,1,2025,2025-01-01,2026-01-01,1,1,0.0,0.0,0,0,0.0,0.0,1,0
P_2139,2139,,participant,1,2024-05-28,2024,1.0,Male,Black,1999.0,21.0,1.0,0.0,1.0,0.0,1.0,0.0,2025-11-26,-2,2022,2022-01-01,2023-01-01,0,0,0.0,0.0,0,0,0.0,0.0,1,0
P_2139,2139,,participant,1,2024-05-28,2024,1.0,Male,Black,1999.0,21.0,1.0,0.0,1.0,0.0,1.0,0.0,2025-11-26,-1,2023,2023-01-01,2024-01-01,0,0,0.0,0.0,0,0,0.0,0.0,1,0
P_2139,2139,,participant,1,2024-05-28,2024,1.0,Male,Black,1999.0,21.0,1.0,0.0,1.0,0.0,1.0,0.0,2025-11-26,0,2024,2024-01-01,2025-01-01,1,1,3973.385773930312,1.0,0,0,0.0,0.0,1,0
P_2139,2139,,participant,1,2024-05-28,2024,1.0,Male,Black,1999.0,21.0,1.0,0.0,1.0,0.0,1.0,0.0,2025-11-26,1,2025,2025-01-01,2026-01-01,1,1,0.0,0.0,0,0,0.0,0.0,1,0
P_2140,2140,,participant,1,2024-06-03,2024,1.0,Male,Black,2004.0,18.0,1.0,0.0,1.0,0.0,1.0,0.0,2025-12-02,-2,2022,2022-01-01,2023-01-01,0,0,0.0,0.0,0,0,0.0,0.0,1,0
P_2140,2140,,participant,1,2024-06-03,2024,1.0,Male,Black,2004.0,18.0,1.0,0.0,1.0,0.0,1.0,0.0,2025-12-02,-1,2023,2023-01-01,2024-01-01,0,0,0.0,0.0,0,0,0.0,0.0,1,0
P_2140,2140,,participant,1,2024-06-03,2024,1.0,Male,Black,2004.0,18.0,1.0,0.0,1.0,0.0,1.0,0.0,2025-12-02,0,2024,2024-01-01,2025-01-01,1,1,0.0,0.0,0,1,1.0,1.0,1,1
P_2140,2140,,participant,1,2024-06-03,2024,1.0,Male,Black,2004.0,18.0,1.0,0.0,1.0,0.0,1.0,0.0,2025-12-02,1,2025,2025-01-01,2026-01-01,1,1,0.0,0.0,1,1,0.0,0.0,1,0
P_2142,2142,,participant,1,2024-06-10,2024,1.0,Male,Black,2001.0,18.0,3.0,1.0,3.0,0.0,1.0,0.0,2025-12-09,-2,2022,2022-01-01,2023-01-01,0,0,0.0,0.0,0,0,0.0,0.0,1,0
P_2142,2142,,participant,1,2024-06-10,2024,1.0,Male,Black,2001.0,18.0,3.0,1.0,3.0,0.0,1.0,0.0,2025-12-09,-1,2023,2023-01-01,2024-01-01,0,0,0.0,0.0,0,0,0.0,0.0,1,0
P_2142,2142,,participant,1,2024-06-10,2024,1.0,Male,Black,2001.0,18.0,3.0,1.0,3.0,0.0,1.0,0.0,2025-12-09,0,2024,2024-01-01,2025-01-01,1,1,0.0,0.0,0,0,0.0,0.0,1,0
P_2142,2142,,participant,1,2024-06-10,2024,1.0,Male,Black,2001.0,18.0,3.0,1.0,3.0,0.0,1.0,0.0,2025-12-09,1,2025,2025-01-01,2026-01-01,1,1,0.0,0.0,0,0,0.0,0.0,1,0
P_2144,2144,,participant,1,2024-06-03,2024,1.0,Male,Black,1998.0,20.0,2.0,1.0,2.0,27180.544681338142,1.0,0.0,2025-12-02,-2,2022,2022-01-01,2023-01-01,0,0,0.0,0.0,1,1,0.0,0.0,1,0
P_2144,2144,,participant,1,2024-06-03,2024,1.0,Male,Black,1998.0,20.0,2.0,1.0,2.0,27180.544681338142,1.0,0.0,2025-12-02,-1,2023,2023-01-01,2024-01-01,0,0,0.0,0.0,1,1,0.0,0.0,1,0
P_2144,2144,,participant,1,2024-06-03,2024,1.0,Male,Black,1998.0,20.0,2.0,1.0,2.0,27180.544681338142,1.0,0.0,2025-12-02,0,2024,2024-01-01,2025-01-01,1,1,0.0,0.0,1,1,0.0,0.0,1,0
P_2144,2144,,participant,1,2024-06-03,2024,1.0,Male,Black,1998.0,20.0,2.0,1.0,2.0,27180.544681338142,1.0,0.0,2025-12-02,1,2025,2025-01-01,2026-01-01,1,1,0.0,0.0,1,1,0.0,0.0,1,0
P_2145,2145,,participant,1,2024-06-03,2024,1.0,Male,Black,2005.0,16.0,1.0,1.0,1.0,0.0,0.0,0.0,2025-12-02,-2,2022,2022-01-01,2023-01-01,0,0,0.0,0.0,0,0,0.0,0.0,1,0
P_2145,2145,,participant,1,2024-06-03,2024,1.0,Male,Black,2005.0,16.0,1.0,1.0,1.0,0.0,0.0,0.0,2025-12-02,-1,2023,2023-01-01,2024-01-01,0,0,0.0,0.0,0,0,0.0,0.0,1,0
P_2145,2145,,participant,1,2024-06-03,2024,1.0,Male,Black,2005.0,16.0,1.0,1.0,1.0,0.0,0.0,0.0,2025-12-02,0,2024,2024-01-01,2025-01-01,1,1,1877.2285509668175,1.0,0,0,0.0,0.0,1,0
P_2145,2145,,participant,1,2024-06-03,2024,1.0,Male,Black,2005.0,16.0,1.0,1.0,1.0,0.0,0.0,0.0,2025-12-02,1,2025,2025-01-01,2026-01-01,1,1,0.0,0.0,0,0,0.0,0.0,1,0
P_2149,2149,,participant,1,2024-06-10,2024,1.0,Male,Black,2001.0,18.0,3.0,1.0,3.0,0.0,1.0,0.0,2025-12-09,-2,2022,2022-01-01,2023-01-01,0,0,0.0,0.0,0,0,0.0,0.0,1,0
P_2149,2149,,participant,1,2024-06-10,2024,1.0,Male,Black,2001.0,18.0,3.0,1.0,3.0,0.0,1.0,0.0,2025-12-09,-1,2023,2023-01-01,2024-01-01,0,0,0.0,0.0,0,0,0.0,0.0,1,0
P_2149,2149,,participant,1,2024-06-10,2024,1.0,Male,Black,2001.0,18.0,3.0,1.0,3.0,0.0,1.0,0.0,2025-12-09,0,2024,2024-01-01,2025-01-01,1,1,2770.4592790642155,1.0,0,0,0.0,0.0,1,0
P_2149,2149,,participant,1,2024-06-10,2024,1.0,Male,Black,2001.0,18.0,3.0,1.0,3.0,0.0,1.0,0.0,2025-12-09,1,2025,2025-01-01,2026-01-01,1,1,0.0,0.0,0,0,0.0,0.0,1,0
P_2151,2151,,participant,1,2024-06-17,2024,1.0,Male,Black,2005.0,16.0,1.0,1.0,1.0,0.0,0.0,0.0,2025-12-16,-2,2022,2022-01-01,2023-01-01,0,0,0.0,0.0,0,0,0.0,0.0,1,0
P_2151,2151,,participant,1,2024-06-17,2024,1.0,Male,Black,2005.0,16.0,1.0,1.0,1.0,0.0,0.0,0.0,2025-12-16,-1,2023,2023-01-01,2024-01-01,0,0,0.0,0.0,0,0,0.0,0.0,1,0
P_2151,2151,,participant,1,2024-06-17,2024,1.0,Male,Black,2005.0,16.0,1.0,1.0,1.0,0.0,0.0,0.0,2025-12-16,0,2024,2024-01-01,2025-01-01,1,1,0.0,0.0,0,0,0.0,0.0,1,0
P_2151,2151,,participant,1,2024-06-17,2024,1.0,Male,Black,2005.0,16.0,1.0,1.0,1.0,0.0,0.0,0.0,2025-12-16,1,2025,2025-01-01,2026-01-01,1,1,0.0,0.0,0,0,0.0,0.0,1,0
P_2153,2153,,participant,1,2024-06-17,2024,1.0,Male,Black,1998.0,20.0,2.0,1.0,2.0,27180.544681338142,1.0,0.0,2025-12-16,-2,2022,2022-01-01,2023-01-01,0,0,0.0,0.0,0,0,0.0,0.0,1,0
P_2153,2153,,participant,1,2024-06-17,2024,1.0,Male,Black,1998.0,20.0,2.0,1.0,2.0,27180.544681338142,1.0,0.0,2025-12-16,-1,2023,2023-01-01,2024-01-01,0,0,0.0,0.0,0,1,0.0,0.0,1,0
P_2153,2153,,participant,1,2024-06-17,2024,1.0,Male,Black,1998.0,20.0,2.0,1.0,2.0,27180.544681338142,1.0,0.0,2025-12-16,0,2024,2024-01-01,2025-01-01,1,1,4301.564714575697,1.0,1,1,1.0,1.0,1,1
P_2153,2153,,participant,1,2024-06-17,2024,1.0,Male,Black,1998.0,20.0,2.0,1.0,2.0,27180.544681338142,1.0,0.0,2025-12-16,1,2025,2025-01-01,2026-01-01,1,1,0.0,0.0,1,1,0.0,0.0,1,0
P_2156,2156,,participant,1,2024-06-17,2024,1.0,Male,Black,1991.0,21.0,4.0,0.0,4.0,62102.29610994293,1.0,0.0,2025-12-16,-2,2022,2022-01-01,2023-01-01,0,0,0.0,0.0,0,0,0.0,0.0,1,0
P_2156,2156,,participant,1,2024-06-17,2024,1.0,Male,Black,1991.0,21.0,4.0,0.0,4.0,62102.29610994293,1.0,0.0,2025-12-16,-1,2023,2023-01-01,2024-01-01,0,0,0.0,0.0,0,0,0.0,0.0,1,0
P_2156,2156,,participant,1,2024-06-17,2024,1.0,Male,Black,1991.0,21.0,4.0,0.0,4.0,62102.29610994293,1.0,0.0,2025-12-16,0,2024,2024-01-01,2025-01-01,1,1,16054.030380251128,1.0,0,0,0.0,0.0,1,0
P_2156,2156,,participant,1,2024-06-17,2024,1.0,Male,Black,1991.0,21.0,4.0,0.0,4.0,62102.29610994293,1.0,0.0,2025-12-16,1,2025,2025-01-01,2026-01-01,1,1,0.0,0.0,0,0,0.0,0.0,1,0
P_216,216,,participant,1,2020-10-05,2020,0.0,Male,Black,1987.0,20.0,31.0,1.0,31.0,844.854656832502,1.0,0.0,2022-04-05,-2,2018,2018-01-01,2019-01-01,0,0,0.0,0.0,0,0,0.0,0.0,1,0
P_216,216,,participant,1,2020-10-05,2020,0.0,Male,Black,1987.0,20.0,31.0,1.0,31.0,844.854656832502,1.0,0.0,2022-04-05,-1,2019,2019-01-01,2020-01-01,0,0,0.0,0.0,0,0,0.0,0.0,1,0
P_216,216,,participant,1,2020-10-05,2020,0.0,Male,Black,1987.0,20.0,31.0,1.0,31.0,844.854656832502,1.0,0.0,2022-04-05,0,2020,2020-01-01,2021-01-01,1,1,12428.493669233781,1.0,0,0,0.0,0.0,1,0
P_216,216,,participant,1,2020-10-05,2020,0.0,Male,Black,1987.0,20.0,31.0,1.0,31.0,844.854656832502,1.0,0.0,2022-04-05,1,2021,2021-01-01,2022-01-01,1,1,5975.149733649957,1.0,0,0,0.0,0.0,1,0
P_2163,2163,,participant,1,2024-07-03,2024,1.0,Female,White,1998.0,22.0,1.0,0.0,1.0,24752.705985492645,1.0,0.0,2026-01-01,-2,2022,2022-01-01,2023-01-01,0,0,0.0,0.0,1,1,0.0,0.0,1,0
P_2163,2163,,participant,1,2024-07-03,2024,1.0,Female,White,1998.0,22.0,1.0,0.0,1.0,24752.705985492645,1.0,0.0,2026-01-01,-1,2023,2023-01-01,2024-01-01,0,0,0.0,0.0,1,1,0.0,0.0,1,0
P_2163,2163,,participant,1,2024-07-03,2024,1.0,Female,White,1998.0,22.0,1.0,0.0,1.0,24752.705985492645,1.0,0.0,2026-01-01,0,2024,2024-01-01,2025-01-01,1,1,7156.298273713055,1.0,1,1,0.0,0.0,1,0
P_2163,2163,,participant,1,2024-07-03,2024,1.0,Female,White,1998.0,22.0,1.0,0.0,1.0,24752.705985492645,1.0,0.0,2026-01-01,1,2025,2025-01-01,2026-01-01,1,1,0.0,0.0,1,1,0.0,0.0,1,0
P_2168,2168,,participant,1,2024-06-24,2024,1.0,Male,Black,1992.0,23.0,1.0,0.0,1.0,28063.68029467084,1.0,0.0,2025-12-23,-2,2022,2022-01-01,2023-01-01,0,0,0.0,0.0,0,0,0.0,0.0,1,0
P_2168,2168,,participant,1,2024-06-24,2024,1.0,Male,Black,1992.0,23.0,1.0,0.0,1.0,28063.68029467084,1.0,0.0,2025-12-23,-1,2023,2023-01-01,2024-01-01,0,0,0.0,0.0,0,0,0.0,0.0,1,0
P_2168,2168,,participant,1,2024-06-24,2024,1.0,Male,Black,1992.0,23.0,1.0,0.0,1.0,28063.68029467084,1.0,0.0,2025-12-23,0,2024,2024-01-01,2025-01-01,1,1,0.0,0.0,0,0,0.0,0.0,1,0
P_2168,2168,,participant,1,2024-06-24,2024,1.0,Male,Black,1992.0,23.0,1.0,0.0,1.0,28063.68029467084,1.0,0.0,2025-12-23,1,2025,2025-01-01,2026-01-01,1,1,0.0,0.0,0,0,0.0,0.0,1,0
P_2172,2172,,participant,1,2024-07-01,2024,1.0,Male,Black,2004.0,18.0,1.0,0.0,1.0,0.0,1.0,0.0,2025-12-30,-2,2022,2022-01-01,2023-01-01,0,0,0.0,0.0,0,0,0.0,0.0,1,0
P_2172,2172,,participant,1,2024-07-01,2024,1.0,Male,Black,2004.0,18.0,1.0,0.0,1.0,0.0,1.0,0.0,2025-12-30,-1,2023,2023-01-01,2024-01-01,0,0,0.0,0.0,0,0,0.0,0.0,1,0
P_2172,2172,,participant,1,2024-07-01,2024,1.0,Male,Black,2004.0,18.0,1.0,0.0,1.0,0.0,1.0,0.0,2025-12-30,0,2024,2024-01-01,2025-01-01,1,1,16415.39509230862,1.0,0,0,0.0,0.0,1,0
P_2172,2172,,participant,1,2024-07-01,2024,1.0,Male,Black,2004.0,18.0,1.0,0.0,1.0,0.0,1.0,0.0,2025-12-30,1,2025,2025-01-01,2026-01-01,1,1,0.0,0.0,0,0,0.0,0.0,1,0
P_2173,2173,,participant,1,2024-08-26,2024,1.0,Male,Black,1977.0,44.0,1.0,0.0,1.0,0.0,0.0,0.0,2026-02-24,-2,2022,2022-01-01,2023-01-01,0,0,0.0,0.0,0,0,0.0,0.0,1,0
P_2173,2173,,participant,1,2024-08-26,2024,1.0,Male,Black,1977.0,44.0,1.0,0.0,1.0,0.0,0.0,0.0,2026-02-24,-1,2023,2023-01-01,2024-01-01,0,0,0.0,0.0,0,0,0.0,0.0,1,0
P_2173,2173,,participant,1,2024-08-26,2024,1.0,Male,Black,1977.0,44.0,1.0,0.0,1.0,0.0,0.0,0.0,2026-02-24,0,2024,2024-01-01,2025-01-01,1,1,0.0,0.0,0,0,0.0,0.0,1,0
P_2173,2173,,participant,1,2024-08-26,2024,1.0,Male,Black,1977.0,44.0,1.0,0.0,1.0,0.0,0.0,0.0,2026-02-24,1,2025,2025-01-01,2026-01-01,1,1,0.0,0.0,0,0,0.0,0.0,1,0
P_2179,2179,,participant,1,2024-07-29,2024,1.0,Female,Black,1989.0,24.0,1.0,0.0,1.0,0.0,0.0,0.0,2026-01-27,-2,2022,2022-01-01,2023-01-01,0,0,0.0,0.0,1,1,0.0,0.0,1,0
P_2179,2179,,participant,1,2024-07-29,2024,1.0,Female,Black,1989.0,24.0,1.0,0.0,1.0,0.0,0.0,0.0,2026-01-27,-1,2023,2023-01-01,2024-01-01,0,0,0.0,0.0,1,1,0.0,0.0,1,0
P_2179,2179,,participant,1,2024-07-29,2024,1.0,Female,Black,1989.0,24.0,1.0,0.0,1.0,0.0,0.0,0.0,2026-01-27,0,2024,2024-01-01,2025-01-01,1,1,6511.892268023254,1.0,1,1,0.0,0.0,1,0
P_2179,2179,,participant,1,2024-07-29,2024,1.0,Female,Black,1989.0,24.0,1.0,0.0,1.0,0.0,0.0,0.0,2026-01-27,1,2025,2025-01-01,2026-01-01,1,1,0.0,0.0,1,1,0.0,0.0,1,0
P_2181,2181,,participant,1,2024-08-19,2024,1.0,Male,Black,2005.0,16.0,1.0,1.0,1.0,0.0,0.0,0.0,2026-02-17,-2,2022,2022-01-01,2023-01-01,0,0,0.0,0.0,0,0,0.0,0.0,1,0
P_2181,2181,,participant,1,2024-08-19,2024,1.0,Male,Black,2005.0,16.0,1.0,1.0,1.0,0.0,0.0,0.0,2026-02-17,-1,2023,2023-01-01,2024-01-01,0,0,0.0,0.0,0,0,0.0,0.0,1,0
P_2181,2181,,participant,1,2024-08-19,2024,1.0,Male,Black,2005.0,16.0,1.0,1.0,1.0,0.0,0.0,0.0,2026-02-17,0,2024,2024-01-01,2025-01-01,1,1,0.0,0.0,0,0,0.0,0.0,1,0
P_2181,2181,,participant,1,2024-08-19,2024,1.0,Male,Black,2005.0,16.0,1.0,1.0,1.0,0.0,0.0,0.0,2026-02-17,1,2025,2025-01-01,2026-01-01,1,1,0.0,0.0,0,0,0.0,0.0,1,0
P_2182,2182,,participant,1,2024-07-01,2024,1.0,Male,Black,1990.0,18.0,7.0,1.0,7.0,5754.424683847509,1.0,0.0,2025-12-30,-2,2022,2022-01-01,2023-01-01,0,0,0.0,0.0,0,0,0.0,0.0,1,0
P_2182,2182,,participant,1,2024-07-01,2024,1.0,Male,Black,1990.0,18.0,7.0,1.0,7.0,5754.424683847509,1.0,0.0,2025-12-30,-1,2023,2023-01-01,2024-01-01,0,0,0.0,0.0,0,0,0.0,0.0,1,0
P_2182,2182,,participant,1,2024-07-01,2024,1.0,Male,Black,1990.0,18.0,7.0,1.0,7.0,5754.424683847509,1.0,0.0,2025-12-30,0,2024,2024-01-01,2025-01-01,1,1,0.0,0.0,0,1,0.0,0.0,1,0
P_2182,2182,,participant,1,2024-07-01,2024,1.0,Male,Black,1990.0,18.0,7.0,1.0,7.0,5754.424683847509,1.0,0.0,2025-12-30,1,2025,2025-01-01,2026-01-01,1,1,0.0,0.0,1,1,0.0,0.0,1,0
P_2194,2194,,participant,1,2024-07-15,2024,1.0,Male,Black,1999.0,21.0,1.0,0.0,1.0,0.0,1.0,0.0,2026-01-13,-2,2022,2022-01-01,2023-01-01,0,0,0.0,0.0,0,0,0.0,0.0,1,0
P_2194,2194,,participant,1,2024-07-15,2024,1.0,Male,Black,1999.0,21.0,1.0,0.0,1.0,0.0,1.0,0.0,2026-01-13,-1,2023,2023-01-01,2024-01-01,0,0,0.0,0.0,0,0,0.0,0.0,1,0
P_2194,2194,,participant,1,2024-07-15,2024,1.0,Male,Black,1999.0,21.0,1.0,0.0,1.0,0.0,1.0,0.0,2026-01-13,0,2024,2024-01-01,2025-01-01,1,1,0.0,0.0,0,0,0.0,0.0,1,0
P_2194,2194,,participant,1,2024-07-15,2024,1.0,Male,Black,1999.0,21.0,1.0,0.0,1.0,0.0,1.0,0.0,2026-01-13,1,2025,2025-01-01,2026-01-01,1,1,0.0,0.0,0,0,0.0,0.0,1,0
P_2195,2195,,participant,1,2024-08-05,2024,1.0,Female,Black,1996.0,22.0,4.0,0.0,4.0,5877.01722913386,1.0,0.0,2026-02-03,-2,2022,2022-01-01,2023-01-01,0,0,0.0,0.0,0,0,0.0,0.0,1,0
P_2195,2195,,participant,1,2024-08-05,2024,1.0,Female,Black,1996.0,22.0,4.0,0.0,4.0,5877.01722913386,1.0,0.0,2026-02-03,-1,2023,2023-01-01,2024-01-01,0,0,0.0,0.0,0,0,0.0,0.0,1,0
P_2195,2195,,participant,1,2024-08-05,2024,1.0,Female,Black,1996.0,22.0,4.0,0.0,4.0,5877.01722913386,1.0,0.0,2026-02-03,0,2024,2024-01-01,2025-01-01,1,1,0.0,0.0,0,0,0.0,0.0,1,0
P_2195,2195,,participant,1,2024-08-05,2024,1.0,Female,Black,1996.0,22.0,4.0,0.0,4.0,5877.01722913386,1.0,0.0,2026-02-03,1,2025,2025-01-01,2026-01-01,1,1,0.0,0.0,0,0,0.0,0.0,1,0
P_2199,2199,,participant,1,2024-07-15,2024,1.0,Male,Black,2005.0,16.0,1.0,1.0,1.0,0.0,0.0,0.0,2026-01-13,-2,2022,2022-01-01,2023-01-01,0,0,0.0,0.0,0,0,0.0,0.0,1,0
P_2199,2199,,participant,1,2024-07-15,2024,1.0,Male,Black,2005.0,16.0,1.0,1.0,1.0,0.0,0.0,0.0,2026-01-13,-1,2023,2023-01-01,2024-01-01,0,0,0.0,0.0,0,0,0.0,0.0,1,0
P_2199,2199,,participant,1,2024-07-15,2024,1.0,Male,Black,2005.0,16.0,1.0,1.0,1.0,0.0,0.0,0.0,2026-01-13,0,2024,2024-01-01,2025-01-01,1,1,7467.709788424394,1.0,0,0,0.0,0.0,1,0
P_2199,2199,,participant,1,2024-07-15,2024,1.0,Male,Black,2005.0,16.0,1.0,1.0,1.0,0.0,0.0,0.0,2026-01-13,1,2025,2025-01-01,2026-01-01,1,1,0.0,0.0,0,0,0.0,0.0,1,0
P_2204,2204,,participant,1,2024-08-05,2024,1.0,Male,Black,1992.0,23.0,1.0,0.0,1.0,35449.25022352974,1.0,0.0,2026-02-03,-2,2022,2022-01-01,2023-01-01,0,0,0.0,0.0,1,1,0.0,0.0,1,0
P_2204,2204,,participant,1,2024-08-05,2024,1.0,Male,Black,1992.0,23.0,1.0,0.0,1.0,35449.25022352974,1.0,0.0,2026-02-03,-1,2023,2023-01-01,2024-01-01,0,0,0.0,0.0,1,1,0.0,0.0,1,0
P_2204,2204,,participant,1,2024-08-05,2024,1.0,Male,Black,1992.0,23.0,1.0,0.0,1.0,35449.25022352974,1.0,0.0,2026-02-03,0,2024,2024-01-01,2025-01-01,1,1,2662.92816705307,1.0,1,1,0.0,0.0,1,0
P_2204,2204,,participant,1,2024-08-05,2024,1.0,Male,Black,1992.0,23.0,1.0,0.0,1.0,35449.25022352974,1.0,0.0,2026-02-03,1,2025,2025-01-01,2026-01-01,1,1,0.0,0.0,1,1,0.0,0.0,1,0
P_2205,2205,,participant,1,2024-07-22,2024,1.0,Male,Black,2003.0,18.0,3.0,1.0,3.0,0.0,0.0,0.0,2026-01-20,-2,2022,2022-01-01,2023-01-01,0,0,0.0,0.0,0,0,0.0,0.0,1,0
P_2205,2205,,participant,1,2024-07-22,2024,1.0,Male,Black,2003.0,18.0,3.0,1.0,3.0,0.0,0.0,0.0,2026-01-20,-1,2023,2023-01-01,2024-01-01,0,0,0.0,0.0,0,0,0.0,0.0,1,0
P_2205,2205,,participant,1,2024-07-22,2024,1.0,Male,Black,2003.0,18.0,3.0,1.0,3.0,0.0,0.0,0.0,2026-01-20,0,2024,2024-01-01,2025-01-01,1,1,10035.05620343735,1.0,0,0,0.0,0.0,1,0
P_2205,2205,,participant,1,2024-07-22,2024,1.0,Male,Black,2003.0,18.0,3.0,1.0,3.0,0.0,0.0,0.0,2026-01-20,1,2025,2025-01-01,2026-01-01,1,1,0.0,0.0,0,0,0.0,0.0,1,0
P_2207,2207,,participant,1,2024-07-22,2024,1.0,Male,Black,2000.0,20.0,3.0,1.0,3.0,0.0,0.0,0.0,2026-01-20,-2,2022,2022-01-01,2023-01-01,0,0,0.0,0.0,0,0,0.0,0.0,1,0
P_2207,2207,,participant,1,2024-07-22,2024,1.0,Male,Black,2000.0,20.0,3.0,1.0,3.0,0.0,0.0,0.0,2026-01-20,-1,2023,2023-01-01,2024-01-01,0,0,0.0,0.0,0,0,0.0,0.0,1,0
P_2207,2207,,participant,1,2024-07-22,2024,1.0,Male,Black,2000.0,20.0,3.0,1.0,3.0,0.0,0.0,0.0,2026-01-20,0,2024,2024-01-01,2025-01-01,1,1,7920.952290033967,1.0,0,0,0.0,0.0,1,0
P_2207,2207,,participant,1,2024-07-22,2024,1.0,Male,Black,2000.0,20.0,3.0,1.0,3.0,0.0,0.0,0.0,2026-01-20,1,2025,2025-01-01,2026-01-01,1,1,0.0,0.0,0,0,0.0,0.0,1,0
P_2208,2208,,participant,1,2024-07-29,2024,1.0,Male,Black,2005.0,16.0,1.0,1.0,1.0,0.0,0.0,0.0,2026-01-27,-2,2022,2022-01-01,2023-01-01,0,0,0.0,0.0,0,0,0.0,0.0,1,0
P_2208,2208,,participant,1,2024-07-29,2024,1.0,Male,Black,2005.0,16.0,1.0,1.0,1.0,0.0,0.0,0.0,2026-01-27,-1,2023,2023-01-01,2024-01-01,0,0,0.0,0.0,0,0,0.0,0.0,1,0
P_2208,2208,,participant,1,2024-07-29,2024,1.0,Male,Black,2005.0,16.0,1.0,1.0,1.0,0.0,0.0,0.0,2026-01-27,0,2024,2024-01-01,2025-01-01,1,1,412.1320706245778,1.0,0,0,0.0,0.0,1,0
P_2208,2208,,participant,1,2024-07-29,2024,1.0,Male,Black,2005.0,16.0,1.0,1.0,1.0,0.0,0.0,0.0,2026-01-27,1,2025,2025-01-01,2026-01-01,1,1,0.0,0.0,0,0,0.0,0.0,1,0
P_2209,2209,,participant,1,2024-07-22,2024,1.0,Male,Black,2002.0,19.0,1.0,0.0,1.0,1094.0080904862243,1.0,0.0,2026-01-20,-2,2022,2022-01-01,2023-01-01,0,0,0.0,0.0,0,0,0.0,0.0,1,0
P_2209,2209,,participant,1,2024-07-22,2024,1.0,Male,Black,2002.0,19.0,1.0,0.0,1.0,1094.0080904862243,1.0,0.0,2026-01-20,-1,2023,2023-01-01,2024-01-01,0,0,0.0,0.0,0,0,0.0,0.0,1,0
P_2209,2209,,participant,1,2024-07-22,2024,1.0,Male,Black,2002.0,19.0,1.0,0.0,1.0,1094.0080904862243,1.0,0.0,2026-01-20,0,2024,2024-01-01,2025-01-01,1,1,5381.355415935884,1.0,0,0,0.0,0.0,1,0
P_2209,2209,,participant,1,2024-07-22,2024,1.0,Male,Black,2002.0,19.0,1.0,0.0,1.0,1094.0080904862243,1.0,0.0,2026-01-20,1,2025,2025-01-01,2026-01-01,1,1,0.0,0.0,0,0,0.0,0.0,1,0
P_2212,2212,,participant,1,2024-08-26,2024,1.0,Male,Black,1996.0,18.0,5.0,1.0,5.0,23255.05025210554,1.0,0.0,2026-02-24,-2,2022,2022-01-01,2023-01-01,0,0,0.0,0.0,0,0,0.0,0.0,1,0
P_2212,2212,,participant,1,2024-08-26,2024,1.0,Male,Black,1996.0,18.0,5.0,1.0,5.0,23255.05025210554,1.0,0.0,2026-02-24,-1,2023,2023-01-01,2024-01-01,0,0,0.0,0.0,0,0,0.0,0.0,1,0
P_2212,2212,,participant,1,2024-08-26,2024,1.0,Male,Black,1996.0,18.0,5.0,1.0,5.0,23255.05025210554,1.0,0.0,2026-02-24,0,2024,2024-01-01,2025-01-01,1,1,0.0,0.0,0,0,0.0,0.0,1,0
P_2212,2212,,participant,1,2024-08-26,2024,1.0,Male,Black,1996.0,18.0,5.0,1.0,5.0,23255.05025210554,1.0,0.0,2026-02-24,1,2025,2025-01-01,2026-01-01,1,1,0.0,0.0,0,0,0.0,0.0,1,0
P_2214,2214,,participant,1,2024-07-29,2024,1.0,Male,Black,1998.0,20.0,2.0,1.0,2.0,32019.592666028686,1.0,0.0,2026-01-27,-2,2022,2022-01-01,2023-01-01,0,0,0.0,0.0,0,0,0.0,0.0,1,0
P_2214,2214,,participant,1,2024-07-29,2024,1.0,Male,Black,1998.0,20.0,2.0,1.0,2.0,32019.592666028686,1.0,0.0,2026-01-27,-1,2023,2023-01-01,2024-01-01,0,0,0.0,0.0,0,0,0.0,0.0,1,0
P_2214,2214,,participant,1,2024-07-29,2024,1.0,Male,Black,1998.0,20.0,2.0,1.0,2.0,32019.592666028686,1.0,0.0,2026-01-27,0,2024,2024-01-01,2025-01-01,1,1,8571.524860371517,1.0,0,0,0.0,0.0,1,0
P_2214,2214,,participant,1,2024-07-29,2024,1.0,Male,Black,1998.0,20.0,2.0,1.0,2.0,32019.592666028686,1.0,0.0,2026-01-27,1,2025,2025-01-01,2026-01-01,1,1,0.0,0.0,0,0,0.0,0.0,1,0
P_2225,2225,,participant,1,2024-08-12,2024,1.0,Female,Black,2002.0,19.0,4.0,0.0,4.0,0.0,0.0,0.0,2026-02-10,-2,2022,2022-01-01,2023-01-01,0,0,0.0,0.0,0,0,0.0,0.0,1,0
P_2225,2225,,participant,1,2024-08-12,2024,1.0,Female,Black,2002.0,19.0,4.0,0.0,4.0,0.0,0.0,0.0,2026-02-10,-1,2023,2023-01-01,2024-01-01,0,0,0.0,0.0,0,0,0.0,0.0,1,0
P_2225,2225,,participant,1,2024-08-12,2024,1.0,Female,Black,2002.0,19.0,4.0,0.0,4.0,0.0,0.0,0.0,2026-02-10,0,2024,2024-01-01,2025-01-01,1,1,9025.795122755715,1.0,0,0,0.0,0.0,1,0
P_2225,2225,,participant,1,2024-08-12,2024,1.0,Female,Black,2002.0,19.0,4.0,0.0,4.0,0.0,0.0,0.0,2026-02-10,1,2025,2025-01-01,2026-01-01,1,1,0.0,0.0,0,0,0.0,0.0,1,0
P_2227,2227,,participant,1,2024-08-05,2024,1.0,Female,White,1978.0,41.0,7.0,0.0,7.0,0.0,0.0,0.0,2026-02-03,-2,2022,2022-01-01,2023-01-01,0,0,0.0,0.0,0,0,0.0,0.0,1,0
P_2227,2227,,participant,1,2024-08-05,2024,1.0,Female,White,1978.0,41.0,7.0,0.0,7.0,0.0,0.0,0.0,2026-02-03,-1,2023,2023-01-01,2024-01-01,0,0,0.0,0.0,0,0,0.0,0.0,1,0
P_2227,2227,,participant,1,2024-08-05,2024,1.0,Female,White,1978.0,41.0,7.0,0.0,7.0,0.0,0.0,0.0,2026-02-03,0,2024,2024-01-01,2025-01-01,1,1,8241.61365171693,1.0,0,0,0.0,0.0,1,0
P_2227,2227,,participant,1,2024-08-05,2024,1.0,Female,White,1978.0,41.0,7.0,0.0,7.0,0.0,0.0,0.0,2026-02-03,1,2025,2025-01-01,2026-01-01,1,1,0.0,0.0,0,0,0.0,0.0,1,0
P_2228,2228,,participant,1,2024-08-05,2024,1.0,Male,White,2000.0,18.0,6.0,1.0,6.0,0.0,1.0,0.0,2026-02-03,-2,2022,2022-01-01,2023-01-01,0,0,0.0,0.0,0,0,0.0,0.0,1,0
P_2228,2228,,participant,1,2024-08-05,2024,1.0,Male,White,2000.0,18.0,6.0,1.0,6.0,0.0,1.0,0.0,2026-02-03,-1,2023,2023-01-01,2024-01-01,0,0,0.0,0.0,0,0,0.0,0.0,1,0
P_2228,2228,,participant,1,2024-08-05,2024,1.0,Male,White,2000.0,18.0,6.0,1.0,6.0,0.0,1.0,0.0,2026-02-03,0,2024,2024-01-01,2025-01-01,1,1,0.0,0.0,0,0,0.0,0.0,1,0
P_2228,2228,,participant,1,2024-08-05,2024,1.0,Male,White,2000.0,18.0,6.0,1.0,6.0,0.0,1.0,0.0,2026-02-03,1,2025,2025-01-01,2026-01-01,1,1,0.0,0.0,0,0,0.0,0.0,1,0
P_2232,2232,,participant,1,2024-08-19,2024,1.0,Male,Black,2002.0,19.0,1.0,0.0,1.0,1094.0080904862243,1.0,0.0,2026-02-17,-2,2022,2022-01-01,2023-01-01,0,0,0.0,0.0,1,1,0.0,0.0,1,0
P_2232,2232,,participant,1,2024-08-19,2024,1.0,Male,Black,2002.0,19.0,1.0,0.0,1.0,1094.0080904862243,1.0,0.0,2026-02-17,-1,2023,2023-01-01,2024-01-01,0,0,0.0,0.0,1,1,0.0,0.0,1,0
P_2232,2232,,participant,1,2024-08-19,2024,1.0,Male,Black,2002.0,19.0,1.0,0.0,1.0,1094.0080904862243,1.0,0.0,2026-02-17,0,2024,2024-01-01,2025-01-01,1,1,0.0,0.0,1,1,0.0,0.0,1,0
P_2232,2232,,participant,1,2024-08-19,2024,1.0,Male,Black,2002.0,19.0,1.0,0.0,1.0,1094.0080904862243,1.0,0.0,2026-02-17,1,2025,2025-01-01,2026-01-01,1,1,0.0,0.0,1,1,0.0,0.0,1,0
P_2234,2234,,participant,1,2024-08-05,2024,1.0,Male,Black,1974.0,26.0,6.0,1.0,6.0,0.0,0.0,0.0,2026-02-03,-2,2022,2022-01-01,2023-01-01,0,0,0.0,0.0,1,1,0.0,0.0,1,0
P_2234,2234,,participant,1,2024-08-05,2024,1.0,Male,Black,1974.0,26.0,6.0,1.0,6.0,0.0,0.0,0.0,2026-02-03,-1,2023,2023-01-01,2024-01-01,0,0,0.0,0.0,1,1,0.0,0.0,1,0
P_2234,2234,,participant,1,2024-08-05,2024,1.0,Male,Black,1974.0,26.0,6.0,1.0,6.0,0.0,0.0,0.0,2026-02-03,0,2024,2024-01-01,2025-01-01,1,1,2801.675871627429,1.0,1,1,0.0,0.0,1,0
P_2234,2234,,participant,1,2024-08-05,2024,1.0,Male,Black,1974.0,26.0,6.0,1.0,6.0,0.0,0.0,0.0,2026-02-03,1,2025,2025-01-01,2026-01-01,1,1,0.0,0.0,1,1,0.0,0.0,1,0
P_2238,2238,,participant,1,2024-08-19,2024,1.0,Male,Black,1993.0,26.0,1.0,0.0,1.0,0.0,0.0,0.0,2026-02-17,-2,2022,2022-01-01,2023-01-01,0,0,0.0,0.0,0,1,0.0,0.0,1,0
P_2238,2238,,participant,1,2024-08-19,2024,1.0,Male,Black,1993.0,26.0,1.0,0.0,1.0,0.0,0.0,0.0,2026-02-17,-1,2023,2023-01-01,2024-01-01,0,0,0.0,0.0,1,1,0.0,0.0,1,0
P_2238,2238,,participant,1,2024-08-19,2024,1.0,Male,Black,1993.0,26.0,1.0,0.0,1.0,0.0,0.0,0.0,2026-02-17,0,2024,2024-01-01,2025-01-01,1,1,0.0,0.0,1,1,0.0,0.0,1,0
P_2238,2238,,participant,1,2024-08-19,2024,1.0,Male,Black,1993.0,26.0,1.0,0.0,1.0,0.0,0.0,0.0,2026-02-17,1,2025,2025-01-01,2026-01-01,1,1,0.0,0.0,1,1,0.0,0.0,1,0
P_2246,2246,,participant,1,2024-08-26,2024,1.0,Female,Black,1991.0,23.0,2.0,1.0,2.0,0.0,0.0,0.0,2026-02-24,-2,2022,2022-01-01,2023-01-01,0,0,0.0,0.0,0,0,0.0,0.0,1,0
P_2246,2246,,participant,1,2024-08-26,2024,1.0,Female,Black,1991.0,23.0,2.0,1.0,2.0,0.0,0.0,0.0,2026-02-24,-1,2023,2023-01-01,2024-01-01,0,0,0.0,0.0,0,0,0.0,0.0,1,0
P_2246,2246,,participant,1,2024-08-26,2024,1.0,Female,Black,1991.0,23.0,2.0,1.0,2.0,0.0,0.0,0.0,2026-02-24,0,2024,2024-01-01,2025-01-01,1,1,7597.207646027129,1.0,0,0,0.0,0.0,1,0
P_2246,2246,,participant,1,2024-08-26,2024,1.0,Female,Black,1991.0,23.0,2.0,1.0,2.0,0.0,0.0,0.0,2026-02-24,1,2025,2025-01-01,2026-01-01,1,1,0.0,0.0,0,0,0.0,0.0,1,0
P_2251,2251,,participant,1,2024-08-26,2024,1.0,Female,Black,1986.0,18.0,2.0,0.0,2.0,1457.9617143084322,0.0,0.0,2026-02-24,-2,2022,2022-01-01,2023-01-01,0,0,0.0,0.0,1,1,0.0,0.0,1,0
P_2251,2251,,participant,1,2024-08-26,2024,1.0,Female,Black,1986.0,18.0,2.0,0.0,2.0,1457.9617143084322,0.0,0.0,2026-02-24,-1,2023,2023-01-01,2024-01-01,0,0,0.0,0.0,1,1,0.0,0.0,1,0
P_2251,2251,,participant,1,2024-08-26,2024,1.0,Female,Black,1986.0,18.0,2.0,0.0,2.0,1457.9617143084322,0.0,0.0,2026-02-24,0,2024,2024-01-01,2025-01-01,1,1,0.0,0.0,1,1,0.0,0.0,1,0
P_2251,2251,,participant,1,2024-08-26,2024,1.0,Female,Black,1986.0,18.0,2.0,0.0,2.0,1457.9617143084322,0.0,0.0,2026-02-24,1,2025,2025-01-01,2026-01-01,1,1,0.0,0.0,1,1,0.0,0.0,1,0
P_2254,2254,,participant,1,2024-09-03,2024,1.0,Male,Black,1996.0,18.0,5.0,1.0,5.0,23255.05025210554,1.0,0.0,2026-03-04,-2,2022,2022-01-01,2023-01-01,0,0,0.0,0.0,1,1,0.0,0.0,1,0
P_2254,2254,,participant,1,2024-09-03,2024,1.0,Male,Black,1996.0,18.0,5.0,1.0,5.0,23255.05025210554,1.0,0.0,2026-03-04,-1,2023,2023-01-01,2024-01-01,0,0,0.0,0.0,1,1,0.0,0.0,1,0
P_2254,2254,,participant,1,2024-09-03,2024,1.0,Male,Black,1996.0,18.0,5.0,1.0,5.0,23255.05025210554,1.0,0.0,2026-03-04,0,2024,2024-01-01,2025-01-01,1,1,6261.118639014782,1.0,1,1,0.0,0.0,1,0
P_2254,2254,,participant,1,2024-09-03,2024,1.0,Male,Black,1996.0,18.0,5.0,1.0,5.0,23255.05025210554,1.0,0.0,2026-03-04,1,2025,2025-01-01,2026-01-01,1,1,0.0,0.0,1,1,0.0,0.0,1,0
P_2255,2255,,participant,1,2024-09-16,2024,1.0,Male,Black,2005.0,16.0,1.0,1.0,1.0,0.0,0.0,0.0,2026-03-17,-2,2022,2022-01-01,2023-01-01,0,0,0.0,0.0,0,0,0.0,0.0,1,0
P_2255,2255,,participant,1,2024-09-16,2024,1.0,Male,Black,2005.0,16.0,1.0,1.0,1.0,0.0,0.0,0.0,2026-03-17,-1,2023,2023-01-01,2024-01-01,0,0,0.0,0.0,0,0,0.0,0.0,1,0
P_2255,2255,,participant,1,2024-09-16,2024,1.0,Male,Black,2005.0,16.0,1.0,1.0,1.0,0.0,0.0,0.0,2026-03-17,0,2024,2024-01-01,2025-01-01,1,1,0.0,0.0,0,0,0.0,0.0,1,0
P_2255,2255,,participant,1,2024-09-16,2024,1.0,Male,Black,2005.0,16.0,1.0,1.0,1.0,0.0,0.0,0.0,2026-03-17,1,2025,2025-01-01,2026-01-01,1,1,0.0,0.0,0,0,0.0,0.0,1,0
P_2258,2258,,participant,1,2024-09-09,2024,1.0,Male,Black,1996.0,18.0,5.0,1.0,5.0,23255.05025210554,1.0,0.0,2026-03-10,-2,2022,2022-01-01,2023-01-01,0,0,0.0,0.0,1,1,0.0,0.0,1,0
P_2258,2258,,participant,1,2024-09-09,2024,1.0,Male,Black,1996.0,18.0,5.0,1.0,5.0,23255.05025210554,1.0,0.0,2026-03-10,-1,2023,2023-01-01,2024-01-01,0,0,0.0,0.0,1,1,0.0,0.0,1,0
P_2258,2258,,participant,1,2024-09-09,2024,1.0,Male,Black,1996.0,18.0,5.0,1.0,5.0,23255.05025210554,1.0,0.0,2026-03-10,0,2024,2024-01-01,2025-01-01,1,1,0.0,0.0,1,1,0.0,0.0,1,0
P_2258,2258,,participant,1,2024-09-09,2024,1.0,Male,Black,1996.0,18.0,5.0,1.0,5.0,23255.05025210554,1.0,0.0,2026-03-10,1,2025,2025-01-01,2026-01-01,1,1,0.0,0.0,1,1,0.0,0.0,1,0
P_2259,2259,,participant,1,2024-09-23,2024,1.0,Male,Black,1998.0,20.0,2.0,1.0,2.0,32019.592666028686,1.0,0.0,2026-03-24,-2,2022,2022-01-01,2023-01-01,0,0,0.0,0.0,1,1,0.0,0.0,1,0
P_2259,2259,,participant,1,2024-09-23,2024,1.0,Male,Black,1998.0,20.0,2.0,1.0,2.0,32019.592666028686,1.0,0.0,2026-03-24,-1,2023,2023-01-01,2024-01-01,0,0,0.0,0.0,1,1,0.0,0.0,1,0
P_2259,2259,,participant,1,2024-09-23,2024,1.0,Male,Black,1998.0,20.0,2.0,1.0,2.0,32019.592666028686,1.0,0.0,2026-03-24,0,2024,2024-01-01,2025-01-01,1,1,9281.707555637311,1.0,1,1,0.0,0.0,1,0
P_2259,2259,,participant,1,2024-09-23,2024,1.0,Male,Black,1998.0,20.0,2.0,1.0,2.0,32019.592666028686,1.0,0.0,2026-03-24,1,2025,2025-01-01,2026-01-01,1,1,0.0,0.0,1,1,0.0,0.0,1,0
P_2260,2260,,participant,1,2024-09-09,2024,1.0,Male,Black,2004.0,18.0,1.0,0.0,1.0,0.0,1.0,0.0,2026-03-10,-2,2022,2022-01-01,2023-01-01,0,0,0.0,0.0,0,0,0.0,0.0,1,0
P_2260,2260,,participant,1,2024-09-09,2024,1.0,Male,Black,2004.0,18.0,1.0,0.0,1.0,0.0,1.0,0.0,2026-03-10,-1,2023,2023-01-01,2024-01-01,0,0,0.0,0.0,0,0,0.0,0.0,1,0
P_2260,2260,,participant,1,2024-09-09,2024,1.0,Male,Black,2004.0,18.0,1.0,0.0,1.0,0.0,1.0,0.0,2026-03-10,0,2024,2024-01-01,2025-01-01,1,1,0.0,0.0,0,0,0.0,0.0,1,0
P_2260,2260,,participant,1,2024-09-09,2024,1.0,Male,Black,2004.0,18.0,1.0,0.0,1.0,0.0,1.0,0.0,2026-03-10,1,2025,2025-01-01,2026-01-01,1,1,0.0,0.0,0,0,0.0,0.0,1,0
P_2264,2264,,participant,1,2024-09-30,2024,1.0,Male,Black,1998.0,20.0,2.0,1.0,2.0,26779.73759363838,1.0,0.0,2026-03-31,-2,2022,2022-01-01,2023-01-01,0,0,0.0,0.0,0,0,0.0,0.0,1,0
P_2264,2264,,participant,1,2024-09-30,2024,1.0,Male,Black,1998.0,20.0,2.0,1.0,2.0,26779.73759363838,1.0,0.0,2026-03-31,-1,2023,2023-01-01,2024-01-01,0,0,0.0,0.0,0,0,0.0,0.0,1,0
P_2264,2264,,participant,1,2024-09-30,2024,1.0,Male,Black,1998.0,20.0,2.0,1.0,2.0,26779.73759363838,1.0,0.0,2026-03-31,0,2024,2024-01-01,2025-01-01,1,1,0.0,0.0,0,0,0.0,0.0,1,0
P_2264,2264,,participant,1,2024-09-30,2024,1.0,Male,Black,1998.0,20.0,2.0,1.0,2.0,26779.73759363838,1.0,0.0,2026-03-31,1,2025,2025-01-01,2026-01-01,1,1,0.0,0.0,0,0,0.0,0.0,1,0
P_2271,2271,,participant,1,2024-09-30,2024,1.0,Male,Black,1996.0,18.0,5.0,1.0,5.0,25057.583096152164,1.0,0.0,2026-03-31,-2,2022,2022-01-01,2023-01-01,0,0,0.0,0.0,0,0,0.0,0.0,1,0
P_2271,2271,,participant,1,2024-09-30,2024,1.0,Male,Black,1996.0,18.0,5.0,1.0,5.0,25057.583096152164,1.0,0.0,2026-03-31,-1,2023,2023-01-01,2024-01-01,0,0,0.0,0.0,0,0,0.0,0.0,1,0
P_2271,2271,,participant,1,2024-09-30,2024,1.0,Male,Black,1996.0,18.0,5.0,1.0,5.0,25057.583096152164,1.0,0.0,2026-03-31,0,2024,2024-01-01,2025-01-01,1,1,0.0,0.0,0,0,0.0,0.0,1,0
P_2271,2271,,participant,1,2024-09-30,2024,1.0,Male,Black,1996.0,18.0,5.0,1.0,5.0,25057.583096152164,1.0,0.0,2026-03-31,1,2025,2025-01-01,2026-01-01,1,1,0.0,0.0,0,0,0.0,0.0,1,0
P_3,3,,participant,1,2018-07-23,2018,0.0,Male,Black,1999.0,21.0,0.0,0.0,0.0,0.0,1.0,0.0,2020-01-21,-2,2016,2016-01-01,2017-01-01,0,0,0.0,0.0,0,0,0.0,0.0,0,0
P_3,3,,participant,1,2018-07-23,2018,0.0,Male,Black,1999.0,21.0,0.0,0.0,0.0,0.0,1.0,0.0,2020-01-21,-1,2017,2017-01-01,2018-01-01,0,0,0.0,0.0,0,0,0.0,0.0,0,0
P_3,3,,participant,1,2018-07-23,2018,0.0,Male,Black,1999.0,21.0,0.0,0.0,0.0,0.0,1.0,0.0,2020-01-21,0,2018,2018-01-01,2019-01-01,1,1,0.0,0.0,0,1,1.0,1.0,0,0
P_3,3,,participant,1,2018-07-23,2018,0.0,Male,Black,1999.0,21.0,0.0,0.0,0.0,0.0,1.0,0.0,2020-01-21,1,2019,2019-01-01,2020-01-01,1,1,0.0,0.0,1,1,0.0,0.0,0,0
P_503,503,,participant,1,2024-02-05,2024,1.0,Male,White,1989.0,18.0,4.0,1.0,4.0,0.0,1.0,0.0,2025-08-05,-2,2022,2022-01-01,2023-01-01,0,0,0.0,0.0,0,0,0.0,0.0,1,0
P_503,503,,participant,1,2024-02-05,2024,1.0,Male,White,1989.0,18.0,4.0,1.0,4.0,0.0,1.0,0.0,2025-08-05,-1,2023,2023-01-01,2024-01-01,0,0,0.0,0.0,0,0,0.0,0.0,1,0
P_503,503,,participant,1,2024-02-05,2024,1.0,Male,White,1989.0,18.0,4.0,1.0,4.0,0.0,1.0,0.0,2025-08-05,0,2024,2024-01-01,2025-01-01,1,1,8257.70585786919,1.0,0,0,0.0,0.0,1,0
P_503,503,,participant,1,2024-02-05,2024,1.0,Male,White,1989.0,18.0,4.0,1.0,4.0,0.0,1.0,0.0,2025-08-05,1,2025,2025-01-01,2026-01-01,1,1,0.0,0.0,0,0,0.0,0.0,1,0
P_655,655,,participant,1,2021-06-03,2021,0.0,Male,White,1992.0,18.0,1.0,1.0,1.0,0.0,0.0,0.0,2022-12-02,-2,2019,2019-01-01,2020-01-01,0,0,0.0,0.0,1,1,0.0,0.0,1,0
P_655,655,,participant,1,2021-06-03,2021,0.0,Male,White,1992.0,18.0,1.0,1.0,1.0,0.0,0.0,0.0,2022-12-02,-1,2020,2020-01-01,2021-01-01,0,0,0.0,0.0,1,1,0.0,0.0,1,0
P_655,655,,participant,1,2021-06-03,2021,0.0,Male,White,1992.0,18.0,1.0,1.0,1.0,0.0,0.0,0.0,2022-12-02,0,2021,2021-01-01,2022-01-01,1,1,0.0,0.0,1,1,0.0,0.0,1,0
P_655,655,,participant,1,2021-06-03,2021,0.0,Male,White,1992.0,18.0,1.0,1.0,1.0,0.0,0.0,0.0,2022-12-02,1,2022,2022-01-01,2023-01-01,1,1,0.0,0.0,1,1,0.0,0.0,1,0
P_701,701,,participant,1,2018-01-08,2018,0.0,Male,Black,1995.0,23.0,0.0,0.0,0.0,0.0,0.0,0.0,2019-07-09,-2,2016,2016-01-01,2017-01-01,0,0,0.0,0.0,1,1,0.0,0.0,0,0
P_701,701,,participant,1,2018-01-08,2018,0.0,Male,Black,1995.0,23.0,0.0,0.0,0.0,0.0,0.0,0.0,2019-07-09,-1,2017,2017-01-01,2018-01-01,0,0,0.0,0.0,1,1,0.0,0.0,0,0
P_701,701,,participant,1,2018-01-08,2018,0.0,Male,Black,1995.0,23.0,0.0,0.0,0.0,0.0,0.0,0.0,2019-07-09,0,2018,2018-01-01,2019-01-01,1,1,6087.8538764788755,1.0,1,1,0.0,0.0,0,0
P_701,701,,participant,1,2018-01-08,2018,0.0,Male,Black,1995.0,23.0,0.0,0.0,0.0,0.0,0.0,0.0,2019-07-09,1,2019,2019-01-01,2020-01-01,1,1,5396.526578666322,1.0,1,1,0.0,0.0,0,0
P_702,702,,participant,1,2018-01-15,2018,0.0,Male,Black,1969.0,36.0,3.0,0.0,3.0,0.0,0.0,0.0,2019-07-16,-2,2016,2016-01-01,2017-01-01,0,0,0.0,0.0,0,0,0.0,0.0,1,0
P_702,702,,participant,1,2018-01-15,2018,0.0,Male,Black,1969.0,36.0,3.0,0.0,3.0,0.0,0.0,0.0,2019-07-16,-1,2017,2017-01-01,2018-01-01,0,0,0.0,0.0,0,0,0.0,0.0,1,0
P_702,702,,participant,1,2018-01-15,2018,0.0,Male,Black,1969.0,36.0,3.0,0.0,3.0,0.0,0.0,0.0,2019-07-16,0,2018,2018-01-01,2019-01-01,1,1,4070.1536499288923,1.0,0,0,0.0,0.0,1,0
P_702,702,,participant,1,2018-01-15,2018,0.0,Male,Black,1969.0,36.0,3.0,0.0,3.0,0.0,0.0,0.0,2019-07-16,1,2019,2019-01-01,2020-01-01,1,1,1353.3036044627647,1.0,0,0,0.0,0.0,1,0
P_709,709,,participant,1,2018-01-16,2018,0.0,Male,Black,1977.0,44.0,0.0,0.0,0.0,0.0,0.0,0.0,2019-07-17,-2,2016,2016-01-01,2017-01-01,0,0,0.0,0.0,0,0,0.0,0.0,0,0
P_709,709,,participant,1,2018-01-16,2018,0.0,Male,Black,1977.0,44.0,0.0,0.0,0.0,0.0,0.0,0.0,2019-07-17,-1,2017,2017-01-01,2018-01-01,0,0,0.0,0.0,0,0,0.0,0.0,0,0
P_709,709,,participant,1,2018-01-16,2018,0.0,Male,Black,1977.0,44.0,0.0,0.0,0.0,0.0,0.0,0.0,2019-07-17,0,2018,2018-01-01,2019-01-01,1,1,26276.713357841196,1.0,0,0,0.0,0.0,0,0
P_709,709,,participant,1,2018-01-16,2018,0.0,Male,Black,1977.0,44.0,0.0,0.0,0.0,0.0,0.0,0.0,2019-07-17,1,2019,2019-01-01,2020-01-01,1,1,22649.000183447668,1.0,0,0,0.0,0.0,0,0
P_714,714,,participant,1,2018-02-19,2018,0.0,Male,Black,1993.0,26.0,0.0,0.0,0.0,0.0,0.0,0.0,2019-08-20,-2,2016,2016-01-01,2017-01-01,0,0,0.0,0.0,1,1,0.0,0.0,0,0
P_714,714,,participant,1,2018-02-19,2018,0.0,Male,Black,1993.0,26.0,0.0,0.0,0.0,0.0,0.0,0.0,2019-08-20,-1,2017,2017-01-01,2018-01-01,0,0,0.0,0.0,1,1,0.0,0.0,0,0
P_714,714,,participant,1,2018-02-19,2018,0.0,Male,Black,1993.0,26.0,0.0,0.0,0.0,0.0,0.0,0.0,2019-08-20,0,2018,2018-01-01,2019-01-01,1,1,15099.68403253919,1.0,1,1,1.0,1.0,0,0
P_714,714,,participant,1,2018-02-19,2018,0.0,Male,Black,1993.0,26.0,0.0,0.0,0.0,0.0,0.0,0.0,2019-08-20,1,2019,2019-01-01,2020-01-01,1,1,0.0,0.0,1,1,0.0,0.0,0,0
P_717,717,,participant,1,2018-02-05,2018,0.0,Male,Black,1995.0,23.0,0.0,0.0,0.0,0.0,0.0,0.0,2019-08-06,-2,2016,2016-01-01,2017-01-01,0,0,0.0,0.0,1,1,0.0,0.0,0,0
P_717,717,,participant,1,2018-02-05,2018,0.0,Male,Black,1995.0,23.0,0.0,0.0,0.0,0.0,0.0,0.0,2019-08-06,-1,2017,2017-01-01,2018-01-01,0,0,0.0,0.0,1,1,0.0,0.0,0,0
P_717,717,,participant,1,2018-02-05,2018,0.0,Male,Black,1995.0,23.0,0.0,0.0,0.0,0.0,0.0,0.0,2019-08-06,0,2018,2018-01-01,2019-01-01,1,1,18102.54594737867,1.0,1,1,0.0,0.0,0,0
P_717,717,,participant,1,2018-02-05,2018,0.0,Male,Black,1995.0,23.0,0.0,0.0,0.0,0.0,0.0,0.0,2019-08-06,1,2019,2019-01-01,2020-01-01,1,1,7376.705008367196,1.0,1,1,0.0,0.0,0,0
P_721,721,,participant,1,2018-02-12,2018,0.0,Male,Black,1994.0,25.0,0.0,0.0,0.0,0.0,0.0,0.0,2019-08-13,-2,2016,2016-01-01,2017-01-01,0,0,0.0,0.0,1,1,0.0,0.0,0,0
P_721,721,,participant,1,2018-02-12,2018,0.0,Male,Black,1994.0,25.0,0.0,0.0,0.0,0.0,0.0,0.0,2019-08-13,-1,2017,2017-01-01,2018-01-01,0,0,0.0,0.0,1,1,0.0,0.0,0,0
P_721,721,,participant,1,2018-02-12,2018,0.0,Male,Black,1994.0,25.0,0.0,0.0,0.0,0.0,0.0,0.0,2019-08-13,0,2018,2018-01-01,2019-01-01,1,1,1079.5065130265707,1.0,1,1,0.0,0.0,0,0
P_721,721,,participant,1,2018-02-12,2018,0.0,Male,Black,1994.0,25.0,0.0,0.0,0.0,0.0,0.0,0.0,2019-08-13,1,2019,2019-01-01,2020-01-01,1,1,0.0,0.0,1,1,0.0,0.0,0,0
P_723,723,,participant,1,2018-02-05,2018,0.0,Male,White,1997.0,18.0,2.0,1.0,2.0,0.0,1.0,0.0,2019-08-06,-2,2016,2016-01-01,2017-01-01,0,0,0.0,0.0,0,0,0.0,0.0,1,0
P_723,723,,participant,1,2018-02-05,2018,0.0,Male,White,1997.0,18.0,2.0,1.0,2.0,0.0,1.0,0.0,2019-08-06,-1,2017,2017-01-01,2018-01-01,0,0,0.0,0.0,0,0,0.0,0.0,1,0
P_723,723,,participant,1,2018-02-05,2018,0.0,Male,White,1997.0,18.0,2.0,1.0,2.0,0.0,1.0,0.0,2019-08-06,0,2018,2018-01-01,2019-01-01,1,1,11853.803855865017,1.0,0,0,0.0,0.0,1,0
P_723,723,,participant,1,2018-02-05,2018,0.0,Male,White,1997.0,18.0,2.0,1.0,2.0,0.0,1.0,0.0,2019-08-06,1,2019,2019-01-01,2020-01-01,1,1,14683.031659540839,1.0,0,0,0.0,0.0,1,0
P_724,724,,participant,1,2018-02-05,2018,0.0,Male,White,1988.0,30.0,0.0,0.0,0.0,0.0,1.0,0.0,2019-08-06,-2,2016,2016-01-01,2017-01-01,0,0,0.0,0.0,0,0,0.0,0.0,0,0
P_724,724,,participant,1,2018-02-05,2018,0.0,Male,White,1988.0,30.0,0.0,0.0,0.0,0.0,1.0,0.0,2019-08-06,-1,2017,2017-01-01,2018-01-01,0,0,0.0,0.0,0,0,0.0,0.0,0,0
P_724,724,,participant,1,2018-02-05,2018,0.0,Male,White,1988.0,30.0,0.0,0.0,0.0,0.0,1.0,0.0,2019-08-06,0,2018,2018-01-01,2019-01-01,1,1,0.0,0.0,0,0,0.0,0.0,0,0
P_724,724,,participant,1,2018-02-05,2018,0.0,Male,White,1988.0,30.0,0.0,0.0,0.0,0.0,1.0,0.0,2019-08-06,1,2019,2019-01-01,2020-01-01,1,1,0.0,0.0,0,0,0.0,0.0,0,0
P_726,726,,participant,1,2018-02-12,2018,0.0,Male,Black,1992.0,23.0,1.0,0.0,1.0,0.0,1.0,0.0,2019-08-13,-2,2016,2016-01-01,2017-01-01,0,0,0.0,0.0,1,1,0.0,0.0,1,0
P_726,726,,participant,1,2018-02-12,2018,0.0,Male,Black,1992.0,23.0,1.0,0.0,1.0,0.0,1.0,0.0,2019-08-13,-1,2017,2017-01-01,2018-01-01,0,0,0.0,0.0,1,1,0.0,0.0,1,0
P_726,726,,participant,1,2018-02-12,2018,0.0,Male,Black,1992.0,23.0,1.0,0.0,1.0,0.0,1.0,0.0,2019-08-13,0,2018,2018-01-01,2019-01-01,1,1,5587.90896182832,1.0,1,1,0.0,0.0,1,0
P_726,726,,participant,1,2018-02-12,2018,0.0,Male,Black,1992.0,23.0,1.0,0.0,1.0,0.0,1.0,0.0,2019-08-13,1,2019,2019-01-01,2020-01-01,1,1,0.0,0.0,1,1,1.0,1.0,1,1
P_728,728,,participant,1,2018-02-26,2018,0.0,Male,Black,1981.0,39.0,0.0,0.0,0.0,0.0,0.0,0.0,2019-08-27,-2,2016,2016-01-01,2017-01-01,0,0,0.0,0.0,0,0,0.0,0.0,0,0
P_728,728,,participant,1,2018-02-26,2018,0.0,Male,Black,1981.0,39.0,0.0,0.0,0.0,0.0,0.0,0.0,2019-08-27,-1,2017,2017-01-01,2018-01-01,0,0,0.0,0.0,0,0,0.0,0.0,0,0
P_728,728,,participant,1,2018-02-26,2018,0.0,Male,Black,1981.0,39.0,0.0,0.0,0.0,0.0,0.0,0.0,2019-08-27,0,2018,2018-01-01,2019-01-01,1,1,2875.085542106331,1.0,0,0,0.0,0.0,0,0
P_728,728,,participant,1,2018-02-26,2018,0.0,Male,Black,1981.0,39.0,0.0,0.0,0.0,0.0,0.0,0.0,2019-08-27,1,2019,2019-01-01,2020-01-01,1,1,0.0,0.0,0,0,0.0,0.0,0,0
P_733,733,,participant,1,2018-03-05,2018,0.0,Male,Black,1975.0,43.0,0.0,0.0,0.0,0.0,1.0,0.0,2019-09-03,-2,2016,2016-01-01,2017-01-01,0,0,0.0,0.0,1,1,0.0,0.0,0,0
P_733,733,,participant,1,2018-03-05,2018,0.0,Male,Black,1975.0,43.0,0.0,0.0,0.0,0.0,1.0,0.0,2019-09-03,-1,2017,2017-01-01,2018-01-01,0,0,0.0,0.0,1,1,0.0,0.0,0,0
P_733,733,,participant,1,2018-03-05,2018,0.0,Male,Black,1975.0,43.0,0.0,0.0,0.0,0.0,1.0,0.0,2019-09-03,0,2018,2018-01-01,2019-01-01,1,1,7471.55119144817,1.0,1,1,0.0,0.0,0,0
P_733,733,,participant,1,2018-03-05,2018,0.0,Male,Black,1975.0,43.0,0.0,0.0,0.0,0.0,1.0,0.0,2019-09-03,1,2019,2019-01-01,2020-01-01,1,1,10944.161762571192,1.0,1,1,0.0,0.0,0,0
P_736,736,,participant,1,2018-03-05,2018,0.0,Male,Black,1989.0,21.0,1.0,0.0,1.0,0.0,0.0,0.0,2019-09-03,-2,2016,2016-01-01,2017-01-01,0,0,0.0,0.0,0,0,0.0,0.0,1,0
P_736,736,,participant,1,2018-03-05,2018,0.0,Male,Black,1989.0,21.0,1.0,0.0,1.0,0.0,0.0,0.0,2019-09-03,-1,2017,2017-01-01,2018-01-01,0,0,0.0,0.0,0,0,0.0,0.0,1,0
P_736,736,,participant,1,2018-03-05,2018,0.0,Male,Black,1989.0,21.0,1.0,0.0,1.0,0.0,0.0,0.0,2019-09-03,0,2018,2018-01-01,2019-01-01,1,1,9519.727296217234,1.0,0,0,0.0,0.0,1,0
P_736,736,,participant,1,2018-03-05,2018,0.0,Male,Black,1989.0,21.0,1.0,0.0,1.0,0.0,0.0,0.0,2019-09-03,1,2019,2019-01-01,2020-01-01,1,1,4528.051738381288,1.0,0,0,0.0,0.0,1,0
P_737,737,,participant,1,2018-03-12,2018,0.0,Male,Black,1990.0,18.0,7.0,1.0,7.0,0.0,0.0,0.0,2019-09-10,-2,2016,2016-01-01,2017-01-01,0,0,0.0,0.0,1,1,0.0,0.0,1,0
P_737,737,,participant,1,2018-03-12,2018,0.0,Male,Black,1990.0,18.0,7.0,1.0,7.0,0.0,0.0,0.0,2019-09-10,-1,2017,2017-01-01,2018-01-01,0,0,0.0,0.0,1,1,0.0,0.0,1,0
P_737,737,,participant,1,2018-03-12,2018,0.0,Male,Black,1990.0,18.0,7.0,1.0,7.0,0.0,0.0,0.0,2019-09-10,0,2018,2018-01-01,2019-01-01,1,1,26459.73697562871,1.0,1,1,0.0,0.0,1,0
P_737,737,,participant,1,2018-03-12,2018,0.0,Male,Black,1990.0,18.0,7.0,1.0,7.0,0.0,0.0,0.0,2019-09-10,1,2019,2019-01-01,2020-01-01,1,1,8199.357800290629,1.0,1,1,0.0,0.0,1,0
P_738,738,,participant,1,2018-03-12,2018,0.0,Male,White,1998.0,18.0,1.0,0.0,1.0,0.0,0.0,0.0,2019-09-10,-2,2016,2016-01-01,2017-01-01,0,0,0.0,0.0,0,0,0.0,0.0,1,0
P_738,738,,participant,1,2018-03-12,2018,0.0,Male,White,1998.0,18.0,1.0,0.0,1.0,0.0,0.0,0.0,2019-09-10,-1,2017,2017-01-01,2018-01-01,0,0,0.0,0.0,0,0,0.0,0.0,1,0
P_738,738,,participant,1,2018-03-12,2018,0.0,Male,White,1998.0,18.0,1.0,0.0,1.0,0.0,0.0,0.0,2019-09-10,0,2018,2018-01-01,2019-01-01,1,1,2212.1003610194516,1.0,0,0,0.0,0.0,1,0
P_738,738,,participant,1,2018-03-12,2018,0.0,Male,White,1998.0,18.0,1.0,0.0,1.0,0.0,0.0,0.0,2019-09-10,1,2019,2019-01-01,2020-01-01,1,1,5627.971040218257,1.0,0,0,0.0,0.0,1,0
P_739,739,,participant,1,2018-03-12,2018,0.0,Male,Black,1995.0,32.0,0.0,0.0,0.0,0.0,0.0,0.0,2019-09-10,-2,2016,2016-01-01,2017-01-01,0,0,0.0,0.0,1,1,0.0,0.0,0,0
P_739,739,,participant,1,2018-03-12,2018,0.0,Male,Black,1995.0,32.0,0.0,0.0,0.0,0.0,0.0,0.0,2019-09-10,-1,2017,2017-01-01,2018-01-01,0,0,0.0,0.0,1,1,0.0,0.0,0,0
P_739,739,,participant,1,2018-03-12,2018,0.0,Male,Black,1995.0,32.0,0.0,0.0,0.0,0.0,0.0,0.0,2019-09-10,0,2018,2018-01-01,2019-01-01,1,1,5718.3954480340635,1.0,1,1,0.0,0.0,0,0
P_739,739,,participant,1,2018-03-12,2018,0.0,Male,Black,1995.0,32.0,0.0,0.0,0.0,0.0,0.0,0.0,2019-09-10,1,2019,2019-01-01,2020-01-01,1,1,0.0,0.0,1,1,0.0,0.0,0,0
P_740,740,,participant,1,2018-03-12,2018,0.0,Male,Black,1993.0,26.0,0.0,0.0,0.0,0.0,0.0,0.0,2019-09-10,-2,2016,2016-01-01,2017-01-01,0,0,0.0,0.0,0,0,0.0,0.0,0,0
P_740,740,,participant,1,2018-03-12,2018,0.0,Male,Black,1993.0,26.0,0.0,0.0,0.0,0.0,0.0,0.0,2019-09-10,-1,2017,2017-01-01,2018-01-01,0,0,0.0,0.0,0,0,0.0,0.0,0,0
P_740,740,,participant,1,2018-03-12,2018,0.0,Male,Black,1993.0,26.0,0.0,0.0,0.0,0.0,0.0,0.0,2019-09-10,0,2018,2018-01-01,2019-01-01,1,1,29269.366644153073,1.0,0,1,1.0,1.0,0,0
P_740,740,,participant,1,2018-03-12,2018,0.0,Male,Black,1993.0,26.0,0.0,0.0,0.0,0.0,0.0,0.0,2019-09-10,1,2019,2019-01-01,2020-01-01,1,1,24333.65275894641,1.0,1,1,0.0,0.0,0,0
P_741,741,,participant,1,2018-03-12,2018,0.0,Male,Black,1995.0,32.0,0.0,0.0,0.0,0.0,0.0,0.0,2019-09-10,-2,2016,2016-01-01,2017-01-01,0,0,0.0,0.0,0,0,0.0,0.0,0,0
P_741,741,,participant,1,2018-03-12,2018,0.0,Male,Black,1995.0,32.0,0.0,0.0,0.0,0.0,0.0,0.0,2019-09-10,-1,2017,2017-01-01,2018-01-01,0,0,0.0,0.0,0,0,0.0,0.0,0,0
P_741,741,,participant,1,2018-03-12,2018,0.0,Male,Black,1995.0,32.0,0.0,0.0,0.0,0.0,0.0,0.0,2019-09-10,0,2018,2018-01-01,2019-01-01,1,1,8819.671319761326,1.0,0,0,0.0,0.0,0,0
P_741,741,,participant,1,2018-03-12,2018,0.0,Male,Black,1995.0,32.0,0.0,0.0,0.0,0.0,0.0,0.0,2019-09-10,1,2019,2019-01-01,2020-01-01,1,1,577.4795713645054,1.0,0,0,0.0,0.0,0,0
P_742,742,,participant,1,2018-03-12,2018,0.0,Male,Black,1984.0,22.0,4.0,1.0,4.0,0.0,0.0,0.0,2019-09-10,-2,2016,2016-01-01,2017-01-01,0,0,0.0,0.0,1,1,0.0,0.0,1,0
P_742,742,,participant,1,2018-03-12,2018,0.0,Male,Black,1984.0,22.0,4.0,1.0,4.0,0.0,0.0,0.0,2019-09-10,-1,2017,2017-01-01,2018-01-01,0,0,0.0,0.0,1,1,0.0,0.0,1,0
P_742,742,,participant,1,2018-03-12,2018,0.0,Male,Black,1984.0,22.0,4.0,1.0,4.0,0.0,0.0,0.0,2019-09-10,0,2018,2018-01-01,2019-01-01,1,1,1881.998613001222,1.0,1,1,0.0,0.0,1,0
P_742,742,,participant,1,2018-03-12,2018,0.0,Male,Black,1984.0,22.0,4.0,1.0,4.0,0.0,0.0,0.0,2019-09-10,1,2019,2019-01-01,2020-01-01,1,1,0.0,0.0,1,1,0.0,0.0,1,0
P_743,743,,participant,1,2018-03-19,2018,0.0,Male,Black,2001.0,18.0,0.0,0.0,0.0,0.0,0.0,0.0,2019-09-17,-2,2016,2016-01-01,2017-01-01,0,0,0.0,0.0,0,0,0.0,0.0,0,0
P_743,743,,participant,1,2018-03-19,2018,0.0,Male,Black,2001.0,18.0,0.0,0.0,0.0,0.0,0.0,0.0,2019-09-17,-1,2017,2017-01-01,2018-01-01,0,0,0.0,0.0,0,0,0.0,0.0,0,0
P_743,743,,participant,1,2018-03-19,2018,0.0,Male,Black,2001.0,18.0,0.0,0.0,0.0,0.0,0.0,0.0,2019-09-17,0,2018,2018-01-01,2019-01-01,1,1,0.0,0.0,0,0,0.0,0.0,0,0
P_743,743,,participant,1,2018-03-19,2018,0.0,Male,Black,2001.0,18.0,0.0,0.0,0.0,0.0,0.0,0.0,2019-09-17,1,2019,2019-01-01,2020-01-01,1,1,0.0,0.0,0,0,0.0,0.0,0,0
P_744,744,,participant,1,2018-03-19,2018,0.0,Female,Black,1986.0,18.0,2.0,0.0,2.0,0.0,0.0,0.0,2019-09-17,-2,2016,2016-01-01,2017-01-01,0,0,0.0,0.0,0,0,0.0,0.0,1,0
P_744,744,,participant,1,2018-03-19,2018,0.0,Female,Black,1986.0,18.0,2.0,0.0,2.0,0.0,0.0,0.0,2019-09-17,-1,2017,2017-01-01,2018-01-01,0,0,0.0,0.0,0,0,0.0,0.0,1,0
P_744,744,,participant,1,2018-03-19,2018,0.0,Female,Black,1986.0,18.0,2.0,0.0,2.0,0.0,0.0,0.0,2019-09-17,0,2018,2018-01-01,2019-01-01,1,1,0.0,0.0,0,0,0.0,0.0,1,0
P_744,744,,participant,1,2018-03-19,2018,0.0,Female,Black,1986.0,18.0,2.0,0.0,2.0,0.0,0.0,0.0,2019-09-17,1,2019,2019-01-01,2020-01-01,1,1,1028.5500755437392,1.0,0,0,0.0,0.0,1,0
P_752,752,,participant,1,2018-03-26,2018,0.0,Male,Black,1993.0,26.0,0.0,0.0,0.0,0.0,0.0,0.0,2019-09-24,-2,2016,2016-01-01,2017-01-01,0,0,0.0,0.0,1,1,0.0,0.0,0,0
P_752,752,,participant,1,2018-03-26,2018,0.0,Male,Black,1993.0,26.0,0.0,0.0,0.0,0.0,0.0,0.0,2019-09-24,-1,2017,2017-01-01,2018-01-01,0,0,0.0,0.0,1,1,0.0,0.0,0,0
P_752,752,,participant,1,2018-03-26,2018,0.0,Male,Black,1993.0,26.0,0.0,0.0,0.0,0.0,0.0,0.0,2019-09-24,0,2018,2018-01-01,2019-01-01,1,1,13770.136470742233,1.0,1,1,0.0,0.0,0,0
P_752,752,,participant,1,2018-03-26,2018,0.0,Male,Black,1993.0,26.0,0.0,0.0,0.0,0.0,0.0,0.0,2019-09-24,1,2019,2019-01-01,2020-01-01,1,1,13257.195451562246,1.0,1,1,0.0,0.0,0,0
P_756,756,,participant,1,2018-04-02,2018,0.0,Male,Black,1993.0,26.0,0.0,0.0,0.0,0.0,0.0,0.0,2019-10-01,-2,2016,2016-01-01,2017-01-01,0,0,0.0,0.0,1,1,0.0,0.0,0,0
P_756,756,,participant,1,2018-04-02,2018,0.0,Male,Black,1993.0,26.0,0.0,0.0,0.0,0.0,0.0,0.0,2019-10-01,-1,2017,2017-01-01,2018-01-01,0,0,0.0,0.0,1,1,0.0,0.0,0,0
P_756,756,,participant,1,2018-04-02,2018,0.0,Male,Black,1993.0,26.0,0.0,0.0,0.0,0.0,0.0,0.0,2019-10-01,0,2018,2018-01-01,2019-01-01,1,1,2096.7832079277014,1.0,1,1,0.0,0.0,0,0
P_756,756,,participant,1,2018-04-02,2018,0.0,Male,Black,1993.0,26.0,0.0,0.0,0.0,0.0,0.0,0.0,2019-10-01,1,2019,2019-01-01,2020-01-01,1,1,212.03179635377919,1.0,1,1,0.0,0.0,0,0
P_758,758,,participant,1,2018-04-16,2018,0.0,Male,Black,1979.0,24.0,1.0,0.0,1.0,0.0,0.0,0.0,2019-10-15,-2,2016,2016-01-01,2017-01-01,0,0,0.0,0.0,1,1,0.0,0.0,1,0
P_758,758,,participant,1,2018-04-16,2018,0.0,Male,Black,1979.0,24.0,1.0,0.0,1.0,0.0,0.0,0.0,2019-10-15,-1,2017,2017-01-01,2018-01-01,0,0,0.0,0.0,1,1,0.0,0.0,1,0
P_758,758,,participant,1,2018-04-16,2018,0.0,Male,Black,1979.0,24.0,1.0,0.0,1.0,0.0,0.0,0.0,2019-10-15,0,2018,2018-01-01,2019-01-01,1,1,7366.312928093407,1.0,1,1,0.0,0.0,1,0
P_758,758,,participant,1,2018-04-16,2018,0.0,Male,Black,1979.0,24.0,1.0,0.0,1.0,0.0,0.0,0.0,2019-10-15,1,2019,2019-01-01,2020-01-01,1,1,24200.73520682008,1.0,1,1,0.0,0.0,1,0
P_759,759,,participant,1,2018-04-23,2018,0.0,Male,Black,1996.0,18.0,5.0,1.0,5.0,0.0,0.0,0.0,2019-10-22,-2,2016,2016-01-01,2017-01-01,0,0,0.0,0.0,0,1,0.0,0.0,1,0
P_759,759,,participant,1,2018-04-23,2018,0.0,Male,Black,1996.0,18.0,5.0,1.0,5.0,0.0,0.0,0.0,2019-10-22,-1,2017,2017-01-01,2018-01-01,0,0,0.0,0.0,1,1,0.0,0.0,1,0
P_759,759,,participant,1,2018-04-23,2018,0.0,Male,Black,1996.0,18.0,5.0,1.0,5.0,0.0,0.0,0.0,2019-10-22,0,2018,2018-01-01,2019-01-01,1,1,17105.158834051213,1.0,1,1,0.0,0.0,1,0
P_759,759,,participant,1,2018-04-23,2018,0.0,Male,Black,1996.0,18.0,5.0,1.0,5.0,0.0,0.0,0.0,2019-10-22,1,2019,2019-01-01,2020-01-01,1,1,8353.871122790259,1.0,1,1,0.0,0.0,1,0
P_760,760,,participant,1,2018-04-16,2018,0.0,Male,Black,1994.0,25.0,0.0,0.0,0.0,0.0,0.0,0.0,2019-10-15,-2,2016,2016-01-01,2017-01-01,0,0,0.0,0.0,0,0,0.0,0.0,0,0
P_760,760,,participant,1,2018-04-16,2018,0.0,Male,Black,1994.0,25.0,0.0,0.0,0.0,0.0,0.0,0.0,2019-10-15,-1,2017,2017-01-01,2018-01-01,0,0,0.0,0.0,0,0,0.0,0.0,0,0
P_760,760,,participant,1,2018-04-16,2018,0.0,Male,Black,1994.0,25.0,0.0,0.0,0.0,0.0,0.0,0.0,2019-10-15,0,2018,2018-01-01,2019-01-01,1,1,6130.312753022421,1.0,0,0,0.0,0.0,0,0
P_760,760,,participant,1,2018-04-16,2018,0.0,Male,Black,1994.0,25.0,0.0,0.0,0.0,0.0,0.0,0.0,2019-10-15,1,2019,2019-01-01,2020-01-01,1,1,7133.667559373201,1.0,0,0,0.0,0.0,0,0
P_762,762,,participant,1,2018-04-23,2018,0.0,Male,Black,1987.0,20.0,21.0,1.0,31.0,3894.4804164051825,0.0,0.0,2019-10-22,-2,2016,2016-01-01,2017-01-01,0,0,0.0,0.0,0,0,0.0,0.0,1,0
P_762,762,,participant,1,2018-04-23,2018,0.0,Male,Black,1987.0,20.0,21.0,1.0,31.0,3894.4804164051825,0.0,0.0,2019-10-22,-1,2017,2017-01-01,2018-01-01,0,0,0.0,0.0,0,0,0.0,0.0,1,0
P_762,762,,participant,1,2018-04-23,2018,0.0,Male,Black,1987.0,20.0,21.0,1.0,31.0,3894.4804164051825,0.0,0.0,2019-10-22,0,2018,2018-01-01,2019-01-01,1,1,6285.416135592423,1.0,0,0,0.0,0.0,1,0
P_762,762,,participant,1,2018-04-23,2018,0.0,Male,Black,1987.0,20.0,21.0,1.0,31.0,3894.4804164051825,0.0,0.0,2019-10-22,1,2019,2019-01-01,2020-01-01,1,1,10184.821479707114,1.0,0,0,0.0,0.0,1,0
P_763,763,,participant,1,2018-05-21,2018,0.0,Male,White,1991.0,27.0,0.0,0.0,0.0,0.0,0.0,0.0,2019-11-19,-2,2016,2016-01-01,2017-01-01,0,0,0.0,0.0,1,1,0.0,0.0,0,0
P_763,763,,participant,1,2018-05-21,2018,0.0,Male,White,1991.0,27.0,0.0,0.0,0.0,0.0,0.0,0.0,2019-11-19,-1,2017,2017-01-01,2018-01-01,0,0,0.0,0.0,1,1,0.0,0.0,0,0
P_763,763,,participant,1,2018-05-21,2018,0.0,Male,White,1991.0,27.0,0.0,0.0,0.0,0.0,0.0,0.0,2019-11-19,0,2018,2018-01-01,2019-01-01,1,1,0.0,0.0,1,1,1.0,1.0,0,0
P_763,763,,participant,1,2018-05-21,2018,0.0,Male,White,1991.0,27.0,0.0,0.0,0.0,0.0,0.0,0.0,2019-11-19,1,2019,2019-01-01,2020-01-01,1,1,0.0,0.0,1,1,1.0,1.0,0,0
P_764,764,,participant,1,2018-04-23,2018,0.0,Female,Black,1993.0,26.0,0.0,0.0,0.0,0.0,0.0,0.0,2019-10-22,-2,2016,2016-01-01,2017-01-01,0,0,0.0,0.0,0,0,0.0,0.0,0,0
P_764,764,,participant,1,2018-04-23,2018,0.0,Female,Black,1993.0,26.0,0.0,0.0,0.0,0.0,0.0,0.0,2019-10-22,-1,2017,2017-01-01,2018-01-01,0,0,0.0,0.0,0,0,0.0,0.0,0,0
P_764,764,,participant,1,2018-04-23,2018,0.0,Female,Black,1993.0,26.0,0.0,0.0,0.0,0.0,0.0,0.0,2019-10-22,0,2018,2018-01-01,2019-01-01,1,1,8537.484835071913,1.0,0,0,0.0,0.0,0,0
P_764,764,,participant,1,2018-04-23,2018,0.0,Female,Black,1993.0,26.0,0.0,0.0,0.0,0.0,0.0,0.0,2019-10-22,1,2019,2019-01-01,2020-01-01,1,1,0.0,0.0,0,0,0.0,0.0,0,0
P_765,765,,participant,1,2018-05-14,2018,0.0,Male,Black,1979.0,24.0,1.0,0.0,1.0,0.0,0.0,0.0,2019-11-12,-2,2016,2016-01-01,2017-01-01,0,0,0.0,0.0,1,1,0.0,0.0,1,0
P_765,765,,participant,1,2018-05-14,2018,0.0,Male,Black,1979.0,24.0,1.0,0.0,1.0,0.0,0.0,0.0,2019-11-12,-1,2017,2017-01-01,2018-01-01,0,0,0.0,0.0,1,1,0.0,0.0,1,0
P_765,765,,participant,1,2018-05-14,2018,0.0,Male,Black,1979.0,24.0,1.0,0.0,1.0,0.0,0.0,0.0,2019-11-12,0,2018,2018-01-01,2019-01-01,1,1,14140.582194255909,1.0,1,1,0.0,0.0,1,0
P_765,765,,participant,1,2018-05-14,2018,0.0,Male,Black,1979.0,24.0,1.0,0.0,1.0,0.0,0.0,0.0,2019-11-12,1,2019,2019-01-01,2020-01-01,1,1,0.0,0.0,1,1,1.0,1.0,1,1
P_767,767,,participant,1,2018-05-07,2018,0.0,Male,Black,1994.0,25.0,0.0,0.0,0.0,0.0,0.0,0.0,2019-11-05,-2,2016,2016-01-01,2017-01-01,0,0,0.0,0.0,1,1,0.0,0.0,0,0
P_767,767,,participant,1,2018-05-07,2018,0.0,Male,Black,1994.0,25.0,0.0,0.0,0.0,0.0,0.0,0.0,2019-11-05,-1,2017,2017-01-01,2018-01-01,0,0,0.0,0.0,1,1,0.0,0.0,0,0
P_767,767,,participant,1,2018-05-07,2018,0.0,Male,Black,1994.0,25.0,0.0,0.0,0.0,0.0,0.0,0.0,2019-11-05,0,2018,2018-01-01,2019-01-01,1,1,0.0,0.0,1,1,0.0,0.0,0,0
P_767,767,,participant,1,2018-05-07,2018,0.0,Male,Black,1994.0,25.0,0.0,0.0,0.0,0.0,0.0,0.0,2019-11-05,1,2019,2019-01-01,2020-01-01,1,1,0.0,0.0,1,1,0.0,0.0,0,0
P_768,768,,participant,1,2018-05-07,2018,0.0,Male,Unknown,1985.0,32.0,0.0,0.0,1.0,0.0,0.0,0.0,2019-11-05,-2,2016,2016-01-01,2017-01-01,0,0,0.0,0.0,0,0,0.0,0.0,1,0
P_768,768,,participant,1,2018-05-07,2018,0.0,Male,Unknown,1985.0,32.0,0.0,0.0,1.0,0.0,0.0,0.0,2019-11-05,-1,2017,2017-01-01,2018-01-01,0,0,0.0,0.0,0,0,0.0,0.0,1,0
P_768,768,,participant,1,2018-05-07,2018,0.0,Male,Unknown,1985.0,32.0,0.0,0.0,1.0,0.0,0.0,0.0,2019-11-05,0,2018,2018-01-01,2019-01-01,1,1,0.0,0.0,0,0,0.0,0.0,1,0
P_768,768,,participant,1,2018-05-07,2018,0.0,Male,Unknown,1985.0,32.0,0.0,0.0,1.0,0.0,0.0,0.0,2019-11-05,1,2019,2019-01-01,2020-01-01,1,1,0.0,0.0,0,0,0.0,0.0,1,0
P_769,769,,participant,1,2018-05-14,2018,0.0,Male,Black,1994.0,25.0,0.0,0.0,0.0,0.0,0.0,0.0,2019-11-12,-2,2016,2016-01-01,2017-01-01,0,0,0.0,0.0,0,0,0.0,0.0,0,0
P_769,769,,participant,1,2018-05-14,2018,0.0,Male,Black,1994.0,25.0,0.0,0.0,0.0,0.0,0.0,0.0,2019-11-12,-1,2017,2017-01-01,2018-01-01,0,0,0.0,0.0,0,0,0.0,0.0,0,0
P_769,769,,participant,1,2018-05-14,2018,0.0,Male,Black,1994.0,25.0,0.0,0.0,0.0,0.0,0.0,0.0,2019-11-12,0,2018,2018-01-01,2019-01-01,1,1,5496.507129114248,1.0,0,0,0.0,0.0,0,0
P_769,769,,participant,1,2018-05-14,2018,0.0,Male,Black,1994.0,25.0,0.0,0.0,0.0,0.0,0.0,0.0,2019-11-12,1,2019,2019-01-01,2020-01-01,1,1,9755.47176768182,1.0,0,0,0.0,0.0,0,0
P_771,771,,participant,1,2018-05-14,2018,0.0,Male,Black,1992.0,23.0,1.0,0.0,1.0,156.84255601904832,1.0,0.0,2019-11-12,-2,2016,2016-01-01,2017-01-01,0,0,0.0,0.0,1,1,0.0,0.0,1,0
P_771,771,,participant,1,2018-05-14,2018,0.0,Male,Black,1992.0,23.0,1.0,0.0,1.0,156.84255601904832,1.0,0.0,2019-11-12,-1,2017,2017-01-01,2018-01-01,0,0,0.0,0.0,1,1,0.0,0.0,1,0
P_771,771,,participant,1,2018-05-14,2018,0.0,Male,Black,1992.0,23.0,1.0,0.0,1.0,156.84255601904832,1.0,0.0,2019-11-12,0,2018,2018-01-01,2019-01-01,1,1,5837.317788599681,1.0,1,1,0.0,0.0,1,0
P_771,771,,participant,1,2018-05-14,2018,0.0,Male,Black,1992.0,23.0,1.0,0.0,1.0,156.84255601904832,1.0,0.0,2019-11-12,1,2019,2019-01-01,2020-01-01,1,1,17381.35743765661,1.0,1,1,0.0,0.0,1,0
P_772,772,,participant,1,2018-05-21,2018,0.0,Female,Black,1980.0,22.0,7.0,1.0,7.0,8411.014360072353,1.0,0.0,2019-11-19,-2,2016,2016-01-01,2017-01-01,0,0,0.0,0.0,1,1,0.0,0.0,1,0
P_772,772,,participant,1,2018-05-21,2018,0.0,Female,Black,1980.0,22.0,7.0,1.0,7.0,8411.014360072353,1.0,0.0,2019-11-19,-1,2017,2017-01-01,2018-01-01,0,0,0.0,0.0,1,1,0.0,0.0,1,0
P_772,772,,participant,1,2018-05-21,2018,0.0,Female,Black,1980.0,22.0,7.0,1.0,7.0,8411.014360072353,1.0,0.0,2019-11-19,0,2018,2018-01-01,2019-01-01,1,1,1087.2873763562682,1.0,1,1,0.0,0.0,1,0
P_772,772,,participant,1,2018-05-21,2018,0.0,Female,Black,1980.0,22.0,7.0,1.0,7.0,8411.014360072353,1.0,0.0,2019-11-19,1,2019,2019-01-01,2020-01-01,1,1,0.0,0.0,1,1,0.0,0.0,1,0
P_775,775,,participant,1,2018-06-04,2018,0.0,Male,Black,1998.0,20.0,0.0,0.0,0.0,0.0,1.0,0.0,2019-12-03,-2,2016,2016-01-01,2017-01-01,0,0,0.0,0.0,0,0,0.0,0.0,0,0
P_775,775,,participant,1,2018-06-04,2018,0.0,Male,Black,1998.0,20.0,0.0,0.0,0.0,0.0,1.0,0.0,2019-12-03,-1,2017,2017-01-01,2018-01-01,0,0,0.0,0.0,0,0,0.0,0.0,0,0
P_775,775,,participant,1,2018-06-04,2018,0.0,Male,Black,1998.0,20.0,0.0,0.0,0.0,0.0,1.0,0.0,2019-12-03,0,2018,2018-01-01,2019-01-01,1,1,11773.467956962757,1.0,0,0,0.0,0.0,0,0
P_775,775,,participant,1,2018-06-04,2018,0.0,Male,Black,1998.0,20.0,0.0,0.0,0.0,0.0,1.0,0.0,2019-12-03,1,2019,2019-01-01,2020-01-01,1,1,15483.729019443781,1.0,0,0,0.0,0.0,0,0
P_776,776,,participant,1,2018-05-29,2018,0.0,Male,Black,1987.0,20.0,31.0,1.0,31.0,3894.4804164051825,0.0,0.0,2019-11-27,-2,2016,2016-01-01,2017-01-01,0,0,0.0,0.0,0,0,0.0,0.0,1,0
P_776,776,,participant,1,2018-05-29,2018,0.0,Male,Black,1987.0,20.0,31.0,1.0,31.0,3894.4804164051825,0.0,0.0,2019-11-27,-1,2017,2017-01-01,2018-01-01,0,0,0.0,0.0,0,0,0.0,0.0,1,0
P_776,776,,participant,1,2018-05-29,2018,0.0,Male,Black,1987.0,20.0,31.0,1.0,31.0,3894.4804164051825,0.0,0.0,2019-11-27,0,2018,2018-01-01,2019-01-01,1,1,0.0,0.0,0,0,0.0,0.0,1,0
P_776,776,,participant,1,2018-05-29,2018,0.0,Male,Black,1987.0,20.0,31.0,1.0,31.0,3894.4804164051825,0.0,0.0,2019-11-27,1,2019,2019-01-01,2020-01-01,1,1,0.0,0.0,0,0,0.0,0.0,1,0
P_780,780,,participant,1,2018-05-29,2018,0.0,Male,Black,1981.0,39.0,0.0,0.0,0.0,0.0,0.0,0.0,2019-11-27,-2,2016,2016-01-01,2017-01-01,0,0,0.0,0.0,1,1,0.0,0.0,0,0
P_780,780,,participant,1,2018-05-29,2018,0.0,Male,Black,1981.0,39.0,0.0,0.0,0.0,0.0,0.0,0.0,2019-11-27,-1,2017,2017-01-01,2018-01-01,0,0,0.0,0.0,1,1,0.0,0.0,0,0
P_780,780,,participant,1,2018-05-29,2018,0.0,Male,Black,1981.0,39.0,0.0,0.0,0.0,0.0,0.0,0.0,2019-11-27,0,2018,2018-01-01,2019-01-01,1,1,12243.957375478816,1.0,1,1,0.0,0.0,0,0
P_780,780,,participant,1,2018-05-29,2018,0.0,Male,Black,1981.0,39.0,0.0,0.0,0.0,0.0,0.0,0.0,2019-11-27,1,2019,2019-01-01,2020-01-01,1,1,10653.11763752295,1.0,1,1,0.0,0.0,0,0
P_783,783,,participant,1,2018-06-11,2018,0.0,Male,Black,1987.0,20.0,31.0,1.0,31.0,3894.4804164051825,0.0,0.0,2019-12-10,-2,2016,2016-01-01,2017-01-01,0,0,0.0,0.0,1,1,0.0,0.0,1,0
P_783,783,,participant,1,2018-06-11,2018,0.0,Male,Black,1987.0,20.0,31.0,1.0,31.0,3894.4804164051825,0.0,0.0,2019-12-10,-1,2017,2017-01-01,2018-01-01,0,0,0.0,0.0,1,1,0.0,0.0,1,0
P_783,783,,participant,1,2018-06-11,2018,0.0,Male,Black,1987.0,20.0,31.0,1.0,31.0,3894.4804164051825,0.0,0.0,2019-12-10,0,2018,2018-01-01,2019-01-01,1,1,0.0,0.0,1,1,0.0,0.0,1,0
P_783,783,,participant,1,2018-06-11,2018,0.0,Male,Black,1987.0,20.0,31.0,1.0,31.0,3894.4804164051825,0.0,0.0,2019-12-10,1,2019,2019-01-01,2020-01-01,1,1,1663.4399261564345,1.0,1,1,0.0,0.0,1,0
P_784,784,,participant,1,2018-06-04,2018,0.0,Male,Black,1998.0,20.0,0.0,0.0,0.0,0.0,1.0,0.0,2019-12-03,-2,2016,2016-01-01,2017-01-01,0,0,0.0,0.0,0,0,0.0,0.0,0,0
P_784,784,,participant,1,2018-06-04,2018,0.0,Male,Black,1998.0,20.0,0.0,0.0,0.0,0.0,1.0,0.0,2019-12-03,-1,2017,2017-01-01,2018-01-01,0,0,0.0,0.0,0,1,0.0,0.0,0,0
P_784,784,,participant,1,2018-06-04,2018,0.0,Male,Black,1998.0,20.0,0.0,0.0,0.0,0.0,1.0,0.0,2019-12-03,0,2018,2018-01-01,2019-01-01,1,1,2460.7299655819797,1.0,1,1,0.0,0.0,0,0
P_784,784,,participant,1,2018-06-04,2018,0.0,Male,Black,1998.0,20.0,0.0,0.0,0.0,0.0,1.0,0.0,2019-12-03,1,2019,2019-01-01,2020-01-01,1,1,4391.182224381222,1.0,1,1,2.0,1.0,0,0
P_785,785,,participant,1,2018-06-04,2018,0.0,Male,Black,1990.0,18.0,7.0,1.0,7.0,0.0,0.0,0.0,2019-12-03,-2,2016,2016-01-01,2017-01-01,0,0,0.0,0.0,1,1,0.0,0.0,1,0
P_785,785,,participant,1,2018-06-04,2018,0.0,Male,Black,1990.0,18.0,7.0,1.0,7.0,0.0,0.0,0.0,2019-12-03,-1,2017,2017-01-01,2018-01-01,0,0,0.0,0.0,1,1,0.0,0.0,1,0
P_785,785,,participant,1,2018-06-04,2018,0.0,Male,Black,1990.0,18.0,7.0,1.0,7.0,0.0,0.0,0.0,2019-12-03,0,2018,2018-01-01,2019-01-01,1,1,590.7533325637953,1.0,1,1,0.0,0.0,1,0
P_785,785,,participant,1,2018-06-04,2018,0.0,Male,Black,1990.0,18.0,7.0,1.0,7.0,0.0,0.0,0.0,2019-12-03,1,2019,2019-01-01,2020-01-01,1,1,1387.717481868258,1.0,1,1,0.0,0.0,1,0
P_787,787,,participant,1,2018-06-18,2018,0.0,Male,Black,1990.0,18.0,7.0,1.0,7.0,0.0,0.0,0.0,2019-12-17,-2,2016,2016-01-01,2017-01-01,0,0,0.0,0.0,0,0,0.0,0.0,1,0
P_787,787,,participant,1,2018-06-18,2018,0.0,Male,Black,1990.0,18.0,7.0,1.0,7.0,0.0,0.0,0.0,2019-12-17,-1,2017,2017-01-01,2018-01-01,0,0,0.0,0.0,0,0,0.0,0.0,1,0
P_787,787,,participant,1,2018-06-18,2018,0.0,Male,Black,1990.0,18.0,7.0,1.0,7.0,0.0,0.0,0.0,2019-12-17,0,2018,2018-01-01,2019-01-01,1,1,33390.62177176145,1.0,0,0,0.0,0.0,1,0
P_787,787,,participant,1,2018-06-18,2018,0.0,Male,Black,1990.0,18.0,7.0,1.0,7.0,0.0,0.0,0.0,2019-12-17,1,2019,2019-01-01,2020-01-01,1,1,69654.75019614692,1.0,0,0,0.0,0.0,1,0
P_789,789,,participant,1,2018-06-25,2018,0.0,Male,Black,1989.0,21.0,1.0,0.0,1.0,0.0,0.0,0.0,2019-12-24,-2,2016,2016-01-01,2017-01-01,0,0,0.0,0.0,0,0,0.0,0.0,1,0
P_789,789,,participant,1,2018-06-25,2018,0.0,Male,Black,1989.0,21.0,1.0,0.0,1.0,0.0,0.0,0.0,2019-12-24,-1,2017,2017-01-01,2018-01-01,0,0,0.0,0.0,0,0,0.0,0.0,1,0
P_789,789,,participant,1,2018-06-25,2018,0.0,Male,Black,1989.0,21.0,1.0,0.0,1.0,0.0,0.0,0.0,2019-12-24,0,2018,2018-01-01,2019-01-01,1,1,5880.134948918675,1.0,0,0,0.0,0.0,1,0
P_789,789,,participant,1,2018-06-25,2018,0.0,Male,Black,1989.0,21.0,1.0,0.0,1.0,0.0,0.0,0.0,2019-12-24,1,2019,2019-01-01,2020-01-01,1,1,15362.419476138093,1.0,0,0,0.0,0.0,1,0
P_790,790,,participant,1,2018-06-25,2018,0.0,Male,Black,1981.0,39.0,0.0,0.0,0.0,0.0,0.0,0.0,2019-12-24,-2,2016,2016-01-01,2017-01-01,0,0,0.0,0.0,0,0,0.0,0.0,0,0
P_790,790,,participant,1,2018-06-25,2018,0.0,Male,Black,1981.0,39.0,0.0,0.0,0.0,0.0,0.0,0.0,2019-12-24,-1,2017,2017-01-01,2018-01-01,0,0,0.0,0.0,0,0,0.0,0.0,0,0
P_790,790,,participant,1,2018-06-25,2018,0.0,Male,Black,1981.0,39.0,0.0,0.0,0.0,0.0,0.0,0.0,2019-12-24,0,2018,2018-01-01,2019-01-01,1,1,18213.569087136562,1.0,0,0,0.0,0.0,0,0
P_790,790,,participant,1,2018-06-25,2018,0.0,Male,Black,1981.0,39.0,0.0,0.0,0.0,0.0,0.0,0.0,2019-12-24,1,2019,2019-01-01,2020-01-01,1,1,26145.957075256072,1.0,0,0,0.0,0.0,0,0
P_792,792,,participant,1,2018-06-25,2018,0.0,Male,Black,1990.0,18.0,7.0,1.0,7.0,0.0,0.0,0.0,2019-12-24,-2,2016,2016-01-01,2017-01-01,0,0,0.0,0.0,0,1,0.0,0.0,1,0
P_792,792,,participant,1,2018-06-25,2018,0.0,Male,Black,1990.0,18.0,7.0,1.0,7.0,0.0,0.0,0.0,2019-12-24,-1,2017,2017-01-01,2018-01-01,0,0,0.0,0.0,1,1,0.0,0.0,1,0
P_792,792,,participant,1,2018-06-25,2018,0.0,Male,Black,1990.0,18.0,7.0,1.0,7.0,0.0,0.0,0.0,2019-12-24,0,2018,2018-01-01,2019-01-01,1,1,0.0,0.0,1,1,0.0,0.0,1,0
P_792,792,,participant,1,2018-06-25,2018,0.0,Male,Black,1990.0,18.0,7.0,1.0,7.0,0.0,0.0,0.0,2019-12-24,1,2019,2019-01-01,2020-01-01,1,1,2173.325912626237,1.0,1,1,0.0,0.0,1,0
P_796,796,,participant,1,2018-07-09,2018,0.0,Male,Black,1993.0,26.0,0.0,0.0,0.0,0.0,0.0,0.0,2020-01-07,-2,2016,2016-01-01,2017-01-01,0,0,0.0,0.0,1,1,0.0,0.0,0,0
P_796,796,,participant,1,2018-07-09,2018,0.0,Male,Black,1993.0,26.0,0.0,0.0,0.0,0.0,0.0,0.0,2020-01-07,-1,2017,2017-01-01,2018-01-01,0,0,0.0,0.0,1,1,0.0,0.0,0,0
P_796,796,,participant,1,2018-07-09,2018,0.0,Male,Black,1993.0,26.0,0.0,0.0,0.0,0.0,0.0,0.0,2020-01-07,0,2018,2018-01-01,2019-01-01,1,1,0.0,0.0,1,1,0.0,0.0,0,0
P_796,796,,participant,1,2018-07-09,2018,0.0,Male,Black,1993.0,26.0,0.0,0.0,0.0,0.0,0.0,0.0,2020-01-07,1,2019,2019-01-01,2020-01-01,1,1,0.0,0.0,1,1,0.0,0.0,0,0
P_797,797,,participant,1,2018-07-09,2018,0.0,Male,Black,1999.0,21.0,0.0,0.0,0.0,0.0,1.0,0.0,2020-01-07,-2,2016,2016-01-01,2017-01-01,0,0,0.0,0.0,0,0,0.0,0.0,0,0
P_797,797,,participant,1,2018-07-09,2018,0.0,Male,Black,1999.0,21.0,0.0,0.0,0.0,0.0,1.0,0.0,2020-01-07,-1,2017,2017-01-01,2018-01-01,0,0,0.0,0.0,0,0,0.0,0.0,0,0
P_797,797,,participant,1,2018-07-09,2018,0.0,Male,Black,1999.0,21.0,0.0,0.0,0.0,0.0,1.0,0.0,2020-01-07,0,2018,2018-01-01,2019-01-01,1,1,0.0,0.0,0,0,0.0,0.0,0,0
P_797,797,,participant,1,2018-07-09,2018,0.0,Male,Black,1999.0,21.0,0.0,0.0,0.0,0.0,1.0,0.0,2020-01-07,1,2019,2019-01-01,2020-01-01,1,1,0.0,0.0,0,0,0.0,0.0,0,0
P_801,801,,participant,1,2018-07-10,2018,0.0,Male,White,1989.0,18.0,4.0,1.0,4.0,0.0,0.0,0.0,2020-01-08,-2,2016,2016-01-01,2017-01-01,0,0,0.0,0.0,0,0,0.0,0.0,1,0
P_801,801,,participant,1,2018-07-10,2018,0.0,Male,White,1989.0,18.0,4.0,1.0,4.0,0.0,0.0,0.0,2020-01-08,-1,2017,2017-01-01,2018-01-01,0,0,0.0,0.0,0,0,0.0,0.0,1,0
P_801,801,,participant,1,2018-07-10,2018,0.0,Male,White,1989.0,18.0,4.0,1.0,4.0,0.0,0.0,0.0,2020-01-08,0,2018,2018-01-01,2019-01-01,1,1,0.0,0.0,0,0,0.0,0.0,1,0
P_801,801,,participant,1,2018-07-10,2018,0.0,Male,White,1989.0,18.0,4.0,1.0,4.0,0.0,0.0,0.0,2020-01-08,1,2019,2019-01-01,2020-01-01,1,1,0.0,0.0,0,0,0.0,0.0,1,0
P_806,806,,participant,1,2018-07-23,2018,0.0,Male,Black,1990.0,18.0,7.0,1.0,7.0,0.0,0.0,0.0,2020-01-21,-2,2016,2016-01-01,2017-01-01,0,0,0.0,0.0,1,1,0.0,0.0,1,0
P_806,806,,participant,1,2018-07-23,2018,0.0,Male,Black,1990.0,18.0,7.0,1.0,7.0,0.0,0.0,0.0,2020-01-21,-1,2017,2017-01-01,2018-01-01,0,0,0.0,0.0,1,1,0.0,0.0,1,0
P_806,806,,participant,1,2018-07-23,2018,0.0,Male,Black,1990.0,18.0,7.0,1.0,7.0,0.0,0.0,0.0,2020-01-21,0,2018,2018-01-01,2019-01-01,1,1,7756.532848775123,1.0,1,1,0.0,0.0,1,0
P_806,806,,participant,1,2018-07-23,2018,0.0,Male,Black,1990.0,18.0,7.0,1.0,7.0,0.0,0.0,0.0,2020-01-21,1,2019,2019-01-01,2020-01-01,1,1,29112.119886530872,1.0,1,1,0.0,0.0,1,0
P_811,811,,participant,1,2018-07-30,2018,0.0,Male,Black,1995.0,23.0,0.0,0.0,0.0,0.0,0.0,0.0,2020-01-28,-2,2016,2016-01-01,2017-01-01,0,0,0.0,0.0,1,1,0.0,0.0,0,0
P_811,811,,participant,1,2018-07-30,2018,0.0,Male,Black,1995.0,23.0,0.0,0.0,0.0,0.0,0.0,0.0,2020-01-28,-1,2017,2017-01-01,2018-01-01,0,0,0.0,0.0,1,1,0.0,0.0,0,0
P_811,811,,participant,1,2018-07-30,2018,0.0,Male,Black,1995.0,23.0,0.0,0.0,0.0,0.0,0.0,0.0,2020-01-28,0,2018,2018-01-01,2019-01-01,1,1,0.0,0.0,1,1,1.0,1.0,0,0
P_811,811,,participant,1,2018-07-30,2018,0.0,Male,Black,1995.0,23.0,0.0,0.0,0.0,0.0,0.0,0.0,2020-01-28,1,2019,2019-01-01,2020-01-01,1,1,0.0,0.0,1,1,0.0,0.0,0,0
P_812,812,,participant,1,2018-07-30,2018,0.0,Male,Black,1996.0,18.0,5.0,1.0,5.0,0.0,0.0,0.0,2020-01-28,-2,2016,2016-01-01,2017-01-01,0,0,0.0,0.0,0,1,0.0,0.0,1,0
P_812,812,,participant,1,2018-07-30,2018,0.0,Male,Black,1996.0,18.0,5.0,1.0,5.0,0.0,0.0,0.0,2020-01-28,-1,2017,2017-01-01,2018-01-01,0,0,0.0,0.0,1,1,0.0,0.0,1,0
P_812,812,,participant,1,2018-07-30,2018,0.0,Male,Black,1996.0,18.0,5.0,1.0,5.0,0.0,0.0,0.0,2020-01-28,0,2018,2018-01-01,2019-01-01,1,1,2622.898415596588,1.0,1,1,0.0,0.0,1,0
P_812,812,,participant,1,2018-07-30,2018,0.0,Male,Black,1996.0,18.0,5.0,1.0,5.0,0.0,0.0,0.0,2020-01-28,1,2019,2019-01-01,2020-01-01,1,1,16750.45188259677,1.0,1,1,0.0,0.0,1,0
P_814,814,,participant,1,2018-08-06,2018,0.0,Male,Black,1989.0,21.0,1.0,0.0,1.0,0.0,1.0,0.0,2020-02-04,-2,2016,2016-01-01,2017-01-01,0,0,0.0,0.0,0,0,0.0,0.0,1,0
P_814,814,,participant,1,2018-08-06,2018,0.0,Male,Black,1989.0,21.0,1.0,0.0,1.0,0.0,1.0,0.0,2020-02-04,-1,2017,2017-01-01,2018-01-01,0,0,0.0,0.0,0,0,0.0,0.0,1,0
P_814,814,,participant,1,2018-08-06,2018,0.0,Male,Black,1989.0,21.0,1.0,0.0,1.0,0.0,1.0,0.0,2020-02-04,0,2018,2018-01-01,2019-01-01,1,1,992.2941463086131,1.0,0,0,0.0,0.0,1,0
P_814,814,,participant,1,2018-08-06,2018,0.0,Male,Black,1989.0,21.0,1.0,0.0,1.0,0.0,1.0,0.0,2020-02-04,1,2019,2019-01-01,2020-01-01,1,1,8297.377278151716,1.0,0,0,0.0,0.0,1,0
P_815,815,,participant,1,2018-08-06,2018,0.0,Male,Black,1993.0,26.0,0.0,0.0,0.0,0.0,0.0,0.0,2020-02-04,-2,2016,2016-01-01,2017-01-01,0,0,0.0,0.0,1,1,0.0,0.0,0,0
P_815,815,,participant,1,2018-08-06,2018,0.0,Male,Black,1993.0,26.0,0.0,0.0,0.0,0.0,0.0,0.0,2020-02-04,-1,2017,2017-01-01,2018-01-01,0,0,0.0,0.0,1,1,0.0,0.0,0,0
P_815,815,,participant,1,2018-08-06,2018,0.0,Male,Black,1993.0,26.0,0.0,0.0,0.0,0.0,0.0,0.0,2020-02-04,0,2018,2018-01-01,2019-01-01,1,1,3951.495295405934,1.0,1,1,1.0,1.0,0,0
P_815,815,,participant,1,2018-08-06,2018,0.0,Male,Black,1993.0,26.0,0.0,0.0,0.0,0.0,0.0,0.0,2020-02-04,1,2019,2019-01-01,2020-01-01,1,1,2099.824811615558,1.0,1,1,0.0,0.0,0,0
P_819,819,,participant,1,2018-08-08,2018,0.0,Male,Black,1977.0,44.0,0.0,0.0,0.0,0.0,0.0,0.0,2020-02-06,-2,2016,2016-01-01,2017-01-01,0,0,0.0,0.0,1,1,0.0,0.0,0,0
P_819,819,,participant,1,2018-08-08,2018,0.0,Male,Black,1977.0,44.0,0.0,0.0,0.0,0.0,0.0,0.0,2020-02-06,-1,2017,2017-01-01,2018-01-01,0,0,0.0,0.0,1,1,0.0,0.0,0,0
P_819,819,,participant,1,2018-08-08,2018,0.0,Male,Black,1977.0,44.0,0.0,0.0,0.0,0.0,0.0,0.0,2020-02-06,0,2018,2018-01-01,2019-01-01,1,1,0.0,0.0,1,1,0.0,0.0,0,0
P_819,819,,participant,1,2018-08-08,2018,0.0,Male,Black,1977.0,44.0,0.0,0.0,0.0,0.0,0.0,0.0,2020-02-06,1,2019,2019-01-01,2020-01-01,1,1,13184.793751340789,1.0,1,1,0.0,0.0,0,0
P_820,820,,participant,1,2018-08-13,2018,0.0,Male,Black,1998.0,20.0,0.0,0.0,0.0,0.0,1.0,0.0,2020-02-11,-2,2016,2016-01-01,2017-01-01,0,0,0.0,0.0,0,0,0.0,0.0,0,0
P_820,820,,participant,1,2018-08-13,2018,0.0,Male,Black,1998.0,20.0,0.0,0.0,0.0,0.0,1.0,0.0,2020-02-11,-1,2017,2017-01-01,2018-01-01,0,0,0.0,0.0,0,0,0.0,0.0,0,0
P_820,820,,participant,1,2018-08-13,2018,0.0,Male,Black,1998.0,20.0,0.0,0.0,0.0,0.0,1.0,0.0,2020-02-11,0,2018,2018-01-01,2019-01-01,1,1,8041.048554304208,1.0,0,0,0.0,0.0,0,0
P_820,820,,participant,1,2018-08-13,2018,0.0,Male,Black,1998.0,20.0,0.0,0.0,0.0,0.0,1.0,0.0,2020-02-11,1,2019,2019-01-01,2020-01-01,1,1,9446.725927939184,1.0,0,0,0.0,0.0,0,0
P_821,821,,participant,1,2018-08-13,2018,0.0,Male,White,1986.0,22.0,9.0,0.0,9.0,0.0,0.0,0.0,2020-02-11,-2,2016,2016-01-01,2017-01-01,0,0,0.0,0.0,1,1,0.0,0.0,1,0
P_821,821,,participant,1,2018-08-13,2018,0.0,Male,White,1986.0,22.0,9.0,0.0,9.0,0.0,0.0,0.0,2020-02-11,-1,2017,2017-01-01,2018-01-01,0,0,0.0,0.0,1,1,0.0,0.0,1,0
P_821,821,,participant,1,2018-08-13,2018,0.0,Male,White,1986.0,22.0,9.0,0.0,9.0,0.0,0.0,0.0,2020-02-11,0,2018,2018-01-01,2019-01-01,1,1,0.0,0.0,1,1,0.0,0.0,1,0
P_821,821,,participant,1,2018-08-13,2018,0.0,Male,White,1986.0,22.0,9.0,0.0,9.0,0.0,0.0,0.0,2020-02-11,1,2019,2019-01-01,2020-01-01,1,1,29496.37888857126,1.0,1,1,0.0,0.0,1,0
P_824,824,,participant,1,2018-09-04,2018,0.0,Male,Black,1992.0,23.0,1.0,0.0,1.0,156.84255601904832,1.0,0.0,2020-03-04,-2,2016,2016-01-01,2017-01-01,0,0,0.0,0.0,1,1,0.0,0.0,1,0
P_824,824,,participant,1,2018-09-04,2018,0.0,Male,Black,1992.0,23.0,1.0,0.0,1.0,156.84255601904832,1.0,0.0,2020-03-04,-1,2017,2017-01-01,2018-01-01,0,0,0.0,0.0,1,1,0.0,0.0,1,0
P_824,824,,participant,1,2018-09-04,2018,0.0,Male,Black,1992.0,23.0,1.0,0.0,1.0,156.84255601904832,1.0,0.0,2020-03-04,0,2018,2018-01-01,2019-01-01,1,1,0.0,0.0,1,1,0.0,0.0,1,0
P_824,824,,participant,1,2018-09-04,2018,0.0,Male,Black,1992.0,23.0,1.0,0.0,1.0,156.84255601904832,1.0,0.0,2020-03-04,1,2019,2019-01-01,2020-01-01,1,1,0.0,0.0,1,1,0.0,0.0,1,0
P_825,825,,participant,1,2018-08-13,2018,0.0,Male,Black,1987.0,20.0,31.0,1.0,31.0,3894.4804164051825,0.0,0.0,2020-02-11,-2,2016,2016-01-01,2017-01-01,0,0,0.0,0.0,1,1,0.0,0.0,1,0
P_825,825,,participant,1,2018-08-13,2018,0.0,Male,Black,1987.0,20.0,31.0,1.0,31.0,3894.4804164051825,0.0,0.0,2020-02-11,-1,2017,2017-01-01,2018-01-01,0,0,0.0,0.0,1,1,0.0,0.0,1,0
P_825,825,,participant,1,2018-08-13,2018,0.0,Male,Black,1987.0,20.0,31.0,1.0,31.0,3894.4804164051825,0.0,0.0,2020-02-11,0,2018,2018-01-01,2019-01-01,1,1,0.0,0.0,1,1,0.0,0.0,1,0
P_825,825,,participant,1,2018-08-13,2018,0.0,Male,Black,1987.0,20.0,31.0,1.0,31.0,3894.4804164051825,0.0,0.0,2020-02-11,1,2019,2019-01-01,2020-01-01,1,1,0.0,0.0,1,1,0.0,0.0,1,0
P_827,827,,participant,1,2018-08-20,2018,0.0,Male,Black,1997.0,19.0,0.0,0.0,4.0,1750.213067706313,1.0,0.0,2020-02-18,-2,2016,2016-01-01,2017-01-01,0,0,0.0,0.0,0,0,0.0,0.0,1,0
P_827,827,,participant,1,2018-08-20,2018,0.0,Male,Black,1997.0,19.0,0.0,0.0,4.0,1750.213067706313,1.0,0.0,2020-02-18,-1,2017,2017-01-01,2018-01-01,0,0,0.0,0.0,0,0,0.0,0.0,1,0
P_827,827,,participant,1,2018-08-20,2018,0.0,Male,Black,1997.0,19.0,0.0,0.0,4.0,1750.213067706313,1.0,0.0,2020-02-18,0,2018,2018-01-01,2019-01-01,1,1,0.0,0.0,0,0,0.0,0.0,1,0
P_827,827,,participant,1,2018-08-20,2018,0.0,Male,Black,1997.0,19.0,0.0,0.0,4.0,1750.213067706313,1.0,0.0,2020-02-18,1,2019,2019-01-01,2020-01-01,1,1,0.0,0.0,0,0,0.0,0.0,1,0
P_828,828,,participant,1,2018-08-20,2018,0.0,Male,White,1991.0,27.0,0.0,0.0,1.0,0.0,0.0,0.0,2020-02-18,-2,2016,2016-01-01,2017-01-01,0,0,0.0,0.0,0,0,0.0,0.0,1,0
P_828,828,,participant,1,2018-08-20,2018,0.0,Male,White,1991.0,27.0,0.0,0.0,1.0,0.0,0.0,0.0,2020-02-18,-1,2017,2017-01-01,2018-01-01,0,0,0.0,0.0,0,0,0.0,0.0,1,0
P_828,828,,participant,1,2018-08-20,2018,0.0,Male,White,1991.0,27.0,0.0,0.0,1.0,0.0,0.0,0.0,2020-02-18,0,2018,2018-01-01,2019-01-01,1,1,0.0,0.0,0,0,0.0,0.0,1,0
P_828,828,,participant,1,2018-08-20,2018,0.0,Male,White,1991.0,27.0,0.0,0.0,1.0,0.0,0.0,0.0,2020-02-18,1,2019,2019-01-01,2020-01-01,1,1,13476.377894264828,1.0,0,0,0.0,0.0,1,0
P_830,830,,participant,1,2018-08-27,2018,0.0,Male,Black,1992.0,23.0,1.0,0.0,1.0,156.84255601904832,1.0,0.0,2020-02-25,-2,2016,2016-01-01,2017-01-01,0,0,0.0,0.0,0,0,0.0,0.0,1,0
P_830,830,,participant,1,2018-08-27,2018,0.0,Male,Black,1992.0,23.0,1.0,0.0,1.0,156.84255601904832,1.0,0.0,2020-02-25,-1,2017,2017-01-01,2018-01-01,0,0,0.0,0.0,0,0,0.0,0.0,1,0
P_830,830,,participant,1,2018-08-27,2018,0.0,Male,Black,1992.0,23.0,1.0,0.0,1.0,156.84255601904832,1.0,0.0,2020-02-25,0,2018,2018-01-01,2019-01-01,1,1,17460.863643701086,1.0,0,0,0.0,0.0,1,0
P_830,830,,participant,1,2018-08-27,2018,0.0,Male,Black,1992.0,23.0,1.0,0.0,1.0,156.84255601904832,1.0,0.0,2020-02-25,1,2019,2019-01-01,2020-01-01,1,1,9670.285278538702,1.0,0,0,0.0,0.0,1,0
P_832,832,,participant,1,2018-08-27,2018,0.0,Male,Black,1989.0,21.0,1.0,0.0,1.0,0.0,1.0,0.0,2020-02-25,-2,2016,2016-01-01,2017-01-01,0,0,0.0,0.0,0,0,0.0,0.0,1,0
P_832,832,,participant,1,2018-08-27,2018,0.0,Male,Black,1989.0,21.0,1.0,0.0,1.0,0.0,1.0,0.0,2020-02-25,-1,2017,2017-01-01,2018-01-01,0,0,0.0,0.0,0,0,0.0,0.0,1,0
P_832,832,,participant,1,2018-08-27,2018,0.0,Male,Black,1989.0,21.0,1.0,0.0,1.0,0.0,1.0,0.0,2020-02-25,0,2018,2018-01-01,2019-01-01,1,1,383.82399708444416,1.0,0,0,0.0,0.0,1,0
P_832,832,,participant,1,2018-08-27,2018,0.0,Male,Black,1989.0,21.0,1.0,0.0,1.0,0.0,1.0,0.0,2020-02-25,1,2019,2019-01-01,2020-01-01,1,1,13264.402958591005,1.0,0,0,0.0,0.0,1,0
P_833,833,,participant,1,2018-09-04,2018,0.0,Male,Black,1990.0,18.0,7.0,1.0,7.0,0.0,0.0,0.0,2020-03-04,-2,2016,2016-01-01,2017-01-01,0,0,0.0,0.0,1,1,0.0,0.0,1,0
P_833,833,,participant,1,2018-09-04,2018,0.0,Male,Black,1990.0,18.0,7.0,1.0,7.0,0.0,0.0,0.0,2020-03-04,-1,2017,2017-01-01,2018-01-01,0,0,0.0,0.0,1,1,0.0,0.0,1,0
P_833,833,,participant,1,2018-09-04,2018,0.0,Male,Black,1990.0,18.0,7.0,1.0,7.0,0.0,0.0,0.0,2020-03-04,0,2018,2018-01-01,2019-01-01,1,1,0.0,0.0,1,1,0.0,0.0,1,0
P_833,833,,participant,1,2018-09-04,2018,0.0,Male,Black,1990.0,18.0,7.0,1.0,7.0,0.0,0.0,0.0,2020-03-04,1,2019,2019-01-01,2020-01-01,1,1,0.0,0.0,1,1,0.0,0.0,1,0
P_838,838,,participant,1,2018-09-10,2018,0.0,Male,Black,1988.0,22.0,4.0,1.0,4.0,0.0,1.0,0.0,2020-03-10,-2,2016,2016-01-01,2017-01-01,0,0,0.0,0.0,1,1,0.0,0.0,1,0
P_838,838,,participant,1,2018-09-10,2018,0.0,Male,Black,1988.0,22.0,4.0,1.0,4.0,0.0,1.0,0.0,2020-03-10,-1,2017,2017-01-01,2018-01-01,0,0,0.0,0.0,1,1,0.0,0.0,1,0
P_838,838,,participant,1,2018-09-10,2018,0.0,Male,Black,1988.0,22.0,4.0,1.0,4.0,0.0,1.0,0.0,2020-03-10,0,2018,2018-01-01,2019-01-01,1,1,0.0,0.0,1,1,1.0,1.0,1,1
P_838,838,,participant,1,2018-09-10,2018,0.0,Male,Black,1988.0,22.0,4.0,1.0,4.0,0.0,1.0,0.0,2020-03-10,1,2019,2019-01-01,2020-01-01,1,1,0.0,0.0,1,1,3.0,1.0,1,1
P_843,843,,participant,1,2018-10-01,2018,0.0,Male,Black,1997.0,19.0,0.0,0.0,4.0,2944.971737014592,1.0,0.0,2020-03-31,-2,2016,2016-01-01,2017-01-01,0,0,0.0,0.0,0,0,0.0,0.0,1,0
P_843,843,,participant,1,2018-10-01,2018,0.0,Male,Black,1997.0,19.0,0.0,0.0,4.0,2944.971737014592,1.0,0.0,2020-03-31,-1,2017,2017-01-01,2018-01-01,0,0,0.0,0.0,0,0,0.0,0.0,1,0
P_843,843,,participant,1,2018-10-01,2018,0.0,Male,Black,1997.0,19.0,0.0,0.0,4.0,2944.971737014592,1.0,0.0,2020-03-31,0,2018,2018-01-01,2019-01-01,1,1,0.0,0.0,0,1,0.0,0.0,1,0
P_843,843,,participant,1,2018-10-01,2018,0.0,Male,Black,1997.0,19.0,0.0,0.0,4.0,2944.971737014592,1.0,0.0,2020-03-31,1,2019,2019-01-01,2020-01-01,1,1,1096.318833054028,1.0,1,1,0.0,0.0,1,0
P_847,847,,participant,1,2018-10-01,2018,0.0,Male,Black,1982.0,34.0,0.0,0.0,1.0,0.0,1.0,0.0,2020-03-31,-2,2016,2016-01-01,2017-01-01,0,0,0.0,0.0,1,1,0.0,0.0,1,0
P_847,847,,participant,1,2018-10-01,2018,0.0,Male,Black,1982.0,34.0,0.0,0.0,1.0,0.0,1.0,0.0,2020-03-31,-1,2017,2017-01-01,2018-01-01,0,0,0.0,0.0,1,1,0.0,0.0,1,0
P_847,847,,participant,1,2018-10-01,2018,0.0,Male,Black,1982.0,34.0,0.0,0.0,1.0,0.0,1.0,0.0,2020-03-31,0,2018,2018-01-01,2019-01-01,1,1,0.0,0.0,1,1,0.0,0.0,1,0
P_847,847,,participant,1,2018-10-01,2018,0.0,Male,Black,1982.0,34.0,0.0,0.0,1.0,0.0,1.0,0.0,2020-03-31,1,2019,2019-01-01,2020-01-01,1,1,7396.731733762024,1.0,1,1,0.0,0.0,1,0
P_850,850,,participant,1,2018-10-08,2018,0.0,Male,Black,1996.0,18.0,5.0,1.0,5.0,0.0,0.0,0.0,2020-04-07,-2,2016,2016-01-01,2017-01-01,0,0,0.0,0.0,0,0,0.0,0.0,1,0
P_850,850,,participant,1,2018-10-08,2018,0.0,Male,Black,1996.0,18.0,5.0,1.0,5.0,0.0,0.0,0.0,2020-04-07,-1,2017,2017-01-01,2018-01-01,0,0,0.0,0.0,0,0,0.0,0.0,1,0
P_850,850,,participant,1,2018-10-08,2018,0.0,Male,Black,1996.0,18.0,5.0,1.0,5.0,0.0,0.0,0.0,2020-04-07,0,2018,2018-01-01,2019-01-01,1,1,0.0,0.0,0,0,0.0,0.0,1,0
P_850,850,,participant,1,2018-10-08,2018,0.0,Male,Black,1996.0,18.0,5.0,1.0,5.0,0.0,0.0,0.0,2020-04-07,1,2019,2019-01-01,2020-01-01,1,1,8459.355835015249,1.0,0,0,0.0,0.0,1,0
P_851,851,,participant,1,2018-10-08,2018,0.0,Male,Black,1995.0,32.0,0.0,0.0,1.0,0.0,0.0,0.0,2020-04-07,-2,2016,2016-01-01,2017-01-01,0,0,0.0,0.0,0,0,0.0,0.0,1,0
P_851,851,,participant,1,2018-10-08,2018,0.0,Male,Black,1995.0,32.0,0.0,0.0,1.0,0.0,0.0,0.0,2020-04-07,-1,2017,2017-01-01,2018-01-01,0,0,0.0,0.0,0,0,0.0,0.0,1,0
P_851,851,,participant,1,2018-10-08,2018,0.0,Male,Black,1995.0,32.0,0.0,0.0,1.0,0.0,0.0,0.0,2020-04-07,0,2018,2018-01-01,2019-01-01,1,1,9068.966552960796,1.0,0,0,0.0,0.0,1,0
P_851,851,,participant,1,2018-10-08,2018,0.0,Male,Black,1995.0,32.0,0.0,0.0,1.0,0.0,0.0,0.0,2020-04-07,1,2019,2019-01-01,2020-01-01,1,1,39593.48458214409,1.0,0,0,0.0,0.0,1,0
P_852,852,,participant,1,2018-10-22,2018,0.0,Male,White,1998.0,18.0,1.0,0.0,1.0,0.0,1.0,0.0,2020-04-21,-2,2016,2016-01-01,2017-01-01,0,0,0.0,0.0,0,0,0.0,0.0,1,0
P_852,852,,participant,1,2018-10-22,2018,0.0,Male,White,1998.0,18.0,1.0,0.0,1.0,0.0,1.0,0.0,2020-04-21,-1,2017,2017-01-01,2018-01-01,0,0,0.0,0.0,0,0,0.0,0.0,1,0
P_852,852,,participant,1,2018-10-22,2018,0.0,Male,White,1998.0,18.0,1.0,0.0,1.0,0.0,1.0,0.0,2020-04-21,0,2018,2018-01-01,2019-01-01,1,1,0.0,0.0,0,0,0.0,0.0,1,0
P_852,852,,participant,1,2018-10-22,2018,0.0,Male,White,1998.0,18.0,1.0,0.0,1.0,0.0,1.0,0.0,2020-04-21,1,2019,2019-01-01,2020-01-01,1,1,6213.448238271039,1.0,0,0,0.0,0.0,1,0
P_854,854,,participant,1,2018-10-22,2018,0.0,Male,Black,1992.0,23.0,1.0,0.0,1.0,808.0516768727913,1.0,0.0,2020-04-21,-2,2016,2016-01-01,2017-01-01,0,0,0.0,0.0,1,1,0.0,0.0,1,0
P_854,854,,participant,1,2018-10-22,2018,0.0,Male,Black,1992.0,23.0,1.0,0.0,1.0,808.0516768727913,1.0,0.0,2020-04-21,-1,2017,2017-01-01,2018-01-01,0,0,0.0,0.0,1,1,0.0,0.0,1,0
P_854,854,,participant,1,2018-10-22,2018,0.0,Male,Black,1992.0,23.0,1.0,0.0,1.0,808.0516768727913,1.0,0.0,2020-04-21,0,2018,2018-01-01,2019-01-01,1,1,0.0,0.0,1,1,0.0,0.0,1,0
P_854,854,,participant,1,2018-10-22,2018,0.0,Male,Black,1992.0,23.0,1.0,0.0,1.0,808.0516768727913,1.0,0.0,2020-04-21,1,2019,2019-01-01,2020-01-01,1,1,11205.542729864974,1.0,1,1,0.0,0.0,1,0
P_858,858,,participant,1,2018-10-22,2018,0.0,Male,Black,1989.0,21.0,1.0,0.0,1.0,0.0,1.0,0.0,2020-04-21,-2,2016,2016-01-01,2017-01-01,0,0,0.0,0.0,1,1,0.0,0.0,1,0
P_858,858,,participant,1,2018-10-22,2018,0.0,Male,Black,1989.0,21.0,1.0,0.0,1.0,0.0,1.0,0.0,2020-04-21,-1,2017,2017-01-01,2018-01-01,0,0,0.0,0.0,1,1,0.0,0.0,1,0
P_858,858,,participant,1,2018-10-22,2018,0.0,Male,Black,1989.0,21.0,1.0,0.0,1.0,0.0,1.0,0.0,2020-04-21,0,2018,2018-01-01,2019-01-01,1,1,0.0,0.0,1,1,0.0,0.0,1,0
P_858,858,,participant,1,2018-10-22,2018,0.0,Male,Black,1989.0,21.0,1.0,0.0,1.0,0.0,1.0,0.0,2020-04-21,1,2019,2019-01-01,2020-01-01,1,1,1668.3533820542157,1.0,1,1,0.0,0.0,1,0
P_860,860,,participant,1,2018-10-15,2018,0.0,Male,Black,1992.0,23.0,1.0,0.0,1.0,808.0516768727913,1.0,0.0,2020-04-14,-2,2016,2016-01-01,2017-01-01,0,0,0.0,0.0,1,1,0.0,0.0,1,0
P_860,860,,participant,1,2018-10-15,2018,0.0,Male,Black,1992.0,23.0,1.0,0.0,1.0,808.0516768727913,1.0,0.0,2020-04-14,-1,2017,2017-01-01,2018-01-01,0,0,0.0,0.0,1,1,0.0,0.0,1,0
P_860,860,,participant,1,2018-10-15,2018,0.0,Male,Black,1992.0,23.0,1.0,0.0,1.0,808.0516768727913,1.0,0.0,2020-04-14,0,2018,2018-01-01,2019-01-01,1,1,0.0,0.0,1,1,0.0,0.0,1,0
P_860,860,,participant,1,2018-10-15,2018,0.0,Male,Black,1992.0,23.0,1.0,0.0,1.0,808.0516768727913,1.0,0.0,2020-04-14,1,2019,2019-01-01,2020-01-01,1,1,3589.175099864705,1.0,1,1,0.0,0.0,1,0
P_861,861,,participant,1,2018-10-22,2018,0.0,Male,Black,1987.0,20.0,31.0,1.0,31.0,3894.4804164051825,1.0,0.0,2020-04-21,-2,2016,2016-01-01,2017-01-01,0,0,0.0,0.0,1,1,0.0,0.0,1,0
P_861,861,,participant,1,2018-10-22,2018,0.0,Male,Black,1987.0,20.0,31.0,1.0,31.0,3894.4804164051825,1.0,0.0,2020-04-21,-1,2017,2017-01-01,2018-01-01,0,0,0.0,0.0,1,1,0.0,0.0,1,0
P_861,861,,participant,1,2018-10-22,2018,0.0,Male,Black,1987.0,20.0,31.0,1.0,31.0,3894.4804164051825,1.0,0.0,2020-04-21,0,2018,2018-01-01,2019-01-01,1,1,632.0286745769862,1.0,1,1,0.0,0.0,1,0
P_861,861,,participant,1,2018-10-22,2018,0.0,Male,Black,1987.0,20.0,31.0,1.0,31.0,3894.4804164051825,1.0,0.0,2020-04-21,1,2019,2019-01-01,2020-01-01,1,1,14193.054668673401,1.0,1,1,1.0,1.0,1,1
P_864,864,,participant,1,2018-10-22,2018,0.0,Male,Black,1989.0,21.0,1.0,0.0,1.0,0.0,1.0,0.0,2020-04-21,-2,2016,2016-01-01,2017-01-01,0,0,0.0,0.0,0,0,0.0,0.0,1,0
P_864,864,,participant,1,2018-10-22,2018,0.0,Male,Black,1989.0,21.0,1.0,0.0,1.0,0.0,1.0,0.0,2020-04-21,-1,2017,2017-01-01,2018-01-01,0,0,0.0,0.0,0,0,0.0,0.0,1,0
P_864,864,,participant,1,2018-10-22,2018,0.0,Male,Black,1989.0,21.0,1.0,0.0,1.0,0.0,1.0,0.0,2020-04-21,0,2018,2018-01-01,2019-01-01,1,1,4384.215234463625,1.0,0,0,0.0,0.0,1,0
P_864,864,,participant,1,2018-10-22,2018,0.0,Male,Black,1989.0,21.0,1.0,0.0,1.0,0.0,1.0,0.0,2020-04-21,1,2019,2019-01-01,2020-01-01,1,1,11832.653171917942,1.0,0,1,1.0,1.0,1,1
P_869,869,,participant,1,2018-10-30,2018,0.0,Male,Black,1987.0,20.0,31.0,1.0,31.0,3894.4804164051825,1.0,0.0,2020-04-29,-2,2016,2016-01-01,2017-01-01,0,0,0.0,0.0,0,0,0.0,0.0,1,0
P_869,869,,participant,1,2018-10-30,2018,0.0,Male,Black,1987.0,20.0,31.0,1.0,31.0,3894.4804164051825,1.0,0.0,2020-04-29,-1,2017,2017-01-01,2018-01-01,0,0,0.0,0.0,0,0,0.0,0.0,1,0
P_869,869,,participant,1,2018-10-30,2018,0.0,Male,Black,1987.0,20.0,31.0,1.0,31.0,3894.4804164051825,1.0,0.0,2020-04-29,0,2018,2018-01-01,2019-01-01,1,1,5278.084359936791,1.0,0,0,0.0,0.0,1,0
P_869,869,,participant,1,2018-10-30,2018,0.0,Male,Black,1987.0,20.0,31.0,1.0,31.0,3894.4804164051825,1.0,0.0,2020-04-29,1,2019,2019-01-01,2020-01-01,1,1,21981.866422185478,1.0,0,0,0.0,0.0,1,0
P_871,871,,participant,1,2018-11-06,2018,0.0,Male,Black,1995.0,23.0,0.0,0.0,0.0,0.0,1.0,0.0,2020-05-06,-2,2016,2016-01-01,2017-01-01,0,0,0.0,0.0,0,0,0.0,0.0,0,0
P_871,871,,participant,1,2018-11-06,2018,0.0,Male,Black,1995.0,23.0,0.0,0.0,0.0,0.0,1.0,0.0,2020-05-06,-1,2017,2017-01-01,2018-01-01,0,0,0.0,0.0,0,0,0.0,0.0,0,0
P_871,871,,participant,1,2018-11-06,2018,0.0,Male,Black,1995.0,23.0,0.0,0.0,0.0,0.0,1.0,0.0,2020-05-06,0,2018,2018-01-01,2019-01-01,1,1,0.0,0.0,0,0,0.0,0.0,0,0
P_871,871,,participant,1,2018-11-06,2018,0.0,Male,Black,1995.0,23.0,0.0,0.0,0.0,0.0,1.0,0.0,2020-05-06,1,2019,2019-01-01,2020-01-01,1,1,0.0,0.0,0,0,0.0,0.0,0,0
P_872,872,,participant,1,2018-11-06,2018,0.0,Male,Black,1989.0,21.0,1.0,0.0,1.0,0.0,1.0,0.0,2020-05-06,-2,2016,2016-01-01,2017-01-01,0,0,0.0,0.0,1,1,0.0,0.0,1,0
P_872,872,,participant,1,2018-11-06,2018,0.0,Male,Black,1989.0,21.0,1.0,0.0,1.0,0.0,1.0,0.0,2020-05-06,-1,2017,2017-01-01,2018-01-01,0,0,0.0,0.0,1,1,0.0,0.0,1,0
P_872,872,,participant,1,2018-11-06,2018,0.0,Male,Black,1989.0,21.0,1.0,0.0,1.0,0.0,1.0,0.0,2020-05-06,0,2018,2018-01-01,2019-01-01,1,1,1394.3326473831064,1.0,1,1,0.0,0.0,1,0
P_872,872,,participant,1,2018-11-06,2018,0.0,Male,Black,1989.0,21.0,1.0,0.0,1.0,0.0,1.0,0.0,2020-05-06,1,2019,2019-01-01,2020-01-01,1,1,33159.68737465846,1.0,1,1,0.0,0.0,1,0
P_874,874,,participant,1,2018-11-06,2018,0.0,Male,Black,1987.0,20.0,31.0,1.0,31.0,3894.4804164051825,1.0,0.0,2020-05-06,-2,2016,2016-01-01,2017-01-01,0,0,0.0,0.0,1,1,0.0,0.0,1,0
P_874,874,,participant,1,2018-11-06,2018,0.0,Male,Black,1987.0,20.0,31.0,1.0,31.0,3894.4804164051825,1.0,0.0,2020-05-06,-1,2017,2017-01-01,2018-01-01,0,0,0.0,0.0,1,1,0.0,0.0,1,0
P_874,874,,participant,1,2018-11-06,2018,0.0,Male,Black,1987.0,20.0,31.0,1.0,31.0,3894.4804164051825,1.0,0.0,2020-05-06,0,2018,2018-01-01,2019-01-01,1,1,0.0,0.0,1,1,0.0,0.0,1,0
P_874,874,,participant,1,2018-11-06,2018,0.0,Male,Black,1987.0,20.0,31.0,1.0,31.0,3894.4804164051825,1.0,0.0,2020-05-06,1,2019,2019-01-01,2020-01-01,1,1,31308.756444308703,1.0,1,1,0.0,0.0,1,0
P_878,878,,participant,1,2018-11-12,2018,0.0,Male,Black,1997.0,19.0,4.0,1.0,4.0,2944.971737014592,1.0,0.0,2020-05-12,-2,2016,2016-01-01,2017-01-01,0,0,0.0,0.0,0,1,0.0,0.0,1,0
P_878,878,,participant,1,2018-11-12,2018,0.0,Male,Black,1997.0,19.0,4.0,1.0,4.0,2944.971737014592,1.0,0.0,2020-05-12,-1,2017,2017-01-01,2018-01-01,0,0,0.0,0.0,1,1,0.0,0.0,1,0
P_878,878,,participant,1,2018-11-12,2018,0.0,Male,Black,1997.0,19.0,4.0,1.0,4.0,2944.971737014592,1.0,0.0,2020-05-12,0,2018,2018-01-01,2019-01-01,1,1,0.0,0.0,1,1,0.0,0.0,1,0
P_878,878,,participant,1,2018-11-12,2018,0.0,Male,Black,1997.0,19.0,4.0,1.0,4.0,2944.971737014592,1.0,0.0,2020-05-12,1,2019,2019-01-01,2020-01-01,1,1,0.0,0.0,1,1,2.0,1.0,1,1
P_880,880,,participant,1,2018-11-26,2018,0.0,Male,White,1981.0,39.0,0.0,0.0,0.0,0.0,1.0,0.0,2020-05-26,-2,2016,2016-01-01,2017-01-01,0,0,0.0,0.0,0,0,0.0,0.0,0,0
P_880,880,,participant,1,2018-11-26,2018,0.0,Male,White,1981.0,39.0,0.0,0.0,0.0,0.0,1.0,0.0,2020-05-26,-1,2017,2017-01-01,2018-01-01,0,0,0.0,0.0,0,0,0.0,0.0,0,0
P_880,880,,participant,1,2018-11-26,2018,0.0,Male,White,1981.0,39.0,0.0,0.0,0.0,0.0,1.0,0.0,2020-05-26,0,2018,2018-01-01,2019-01-01,1,1,0.0,0.0,0,1,0.0,0.0,0,0
P_880,880,,participant,1,2018-11-26,2018,0.0,Male,White,1981.0,39.0,0.0,0.0,0.0,0.0,1.0,0.0,2020-05-26,1,2019,2019-01-01,2020-01-01,1,1,0.0,0.0,1,1,0.0,0.0,0,0
P_882,882,,participant,1,2018-11-26,2018,0.0,Male,Black,1994.0,25.0,0.0,0.0,0.0,0.0,0.0,0.0,2020-05-26,-2,2016,2016-01-01,2017-01-01,0,0,0.0,0.0,0,0,0.0,0.0,0,0
P_882,882,,participant,1,2018-11-26,2018,0.0,Male,Black,1994.0,25.0,0.0,0.0,0.0,0.0,0.0,0.0,2020-05-26,-1,2017,2017-01-01,2018-01-01,0,0,0.0,0.0,0,0,0.0,0.0,0,0
P_882,882,,participant,1,2018-11-26,2018,0.0,Male,Black,1994.0,25.0,0.0,0.0,0.0,0.0,0.0,0.0,2020-05-26,0,2018,2018-01-01,2019-01-01,1,1,544.3185727989555,1.0,0,0,0.0,0.0,0,0
P_882,882,,participant,1,2018-11-26,2018,0.0,Male,Black,1994.0,25.0,0.0,0.0,0.0,0.0,0.0,0.0,2020-05-26,1,2019,2019-01-01,2020-01-01,1,1,14409.24805908211,1.0,0,0,0.0,0.0,0,0
P_885,885,,participant,1,2018-12-03,2018,0.0,Male,Black,1992.0,23.0,1.0,0.0,1.0,808.0516768727913,1.0,0.0,2020-06-02,-2,2016,2016-01-01,2017-01-01,0,0,0.0,0.0,0,0,0.0,0.0,1,0
P_885,885,,participant,1,2018-12-03,2018,0.0,Male,Black,1992.0,23.0,1.0,0.0,1.0,808.0516768727913,1.0,0.0,2020-06-02,-1,2017,2017-01-01,2018-01-01,0,0,0.0,0.0,0,0,0.0,0.0,1,0
P_885,885,,participant,1,2018-12-03,2018,0.0,Male,Black,1992.0,23.0,1.0,0.0,1.0,808.0516768727913,1.0,0.0,2020-06-02,0,2018,2018-01-01,2019-01-01,1,1,5946.228958775319,1.0,0,0,0.0,0.0,1,0
P_885,885,,participant,1,2018-12-03,2018,0.0,Male,Black,1992.0,23.0,1.0,0.0,1.0,808.0516768727913,1.0,0.0,2020-06-02,1,2019,2019-01-01,2020-01-01,1,1,25201.491830535106,1.0,0,0,0.0,0.0,1,0
P_886,886,,participant,1,2018-12-03,2018,0.0,Male,Black,1994.0,25.0,0.0,0.0,0.0,0.0,0.0,0.0,2020-06-02,-2,2016,2016-01-01,2017-01-01,0,0,0.0,0.0,0,0,0.0,0.0,0,0
P_886,886,,participant,1,2018-12-03,2018,0.0,Male,Black,1994.0,25.0,0.0,0.0,0.0,0.0,0.0,0.0,2020-06-02,-1,2017,2017-01-01,2018-01-01,0,0,0.0,0.0,0,0,0.0,0.0,0,0
P_886,886,,participant,1,2018-12-03,2018,0.0,Male,Black,1994.0,25.0,0.0,0.0,0.0,0.0,0.0,0.0,2020-06-02,0,2018,2018-01-01,2019-01-01,1,1,319.88390060222974,1.0,0,0,0.0,0.0,0,0
P_886,886,,participant,1,2018-12-03,2018,0.0,Male,Black,1994.0,25.0,0.0,0.0,0.0,0.0,0.0,0.0,2020-06-02,1,2019,2019-01-01,2020-01-01,1,1,388.4143415696909,1.0,0,0,0.0,0.0,0,0
P_893,893,,participant,1,2018-12-17,2018,0.0,Male,Black,1984.0,22.0,4.0,1.0,4.0,0.0,0.0,0.0,2020-06-16,-2,2016,2016-01-01,2017-01-01,0,0,0.0,0.0,0,0,0.0,0.0,1,0
P_893,893,,participant,1,2018-12-17,2018,0.0,Male,Black,1984.0,22.0,4.0,1.0,4.0,0.0,0.0,0.0,2020-06-16,-1,2017,2017-01-01,2018-01-01,0,0,0.0,0.0,0,0,0.0,0.0,1,0
P_893,893,,participant,1,2018-12-17,2018,0.0,Male,Black,1984.0,22.0,4.0,1.0,4.0,0.0,0.0,0.0,2020-06-16,0,2018,2018-01-01,2019-01-01,1,1,3176.91148057779,1.0,0,0,0.0,0.0,1,0
P_893,893,,participant,1,2018-12-17,2018,0.0,Male,Black,1984.0,22.0,4.0,1.0,4.0,0.0,0.0,0.0,2020-06-16,1,2019,2019-01-01,2020-01-01,1,1,36110.097988593385,1.0,0,0,0.0,0.0,1,0
P_894,894,,participant,1,2018-12-17,2018,0.0,Male,White,1997.0,18.0,2.0,1.0,2.0,0.0,1.0,0.0,2020-06-16,-2,2016,2016-01-01,2017-01-01,0,0,0.0,0.0,0,1,0.0,0.0,1,0
P_894,894,,participant,1,2018-12-17,2018,0.0,Male,White,1997.0,18.0,2.0,1.0,2.0,0.0,1.0,0.0,2020-06-16,-1,2017,2017-01-01,2018-01-01,0,0,0.0,0.0,1,1,0.0,0.0,1,0
P_894,894,,participant,1,2018-12-17,2018,0.0,Male,White,1997.0,18.0,2.0,1.0,2.0,0.0,1.0,0.0,2020-06-16,0,2018,2018-01-01,2019-01-01,1,1,3899.2299658086313,1.0,1,1,0.0,0.0,1,0
P_894,894,,participant,1,2018-12-17,2018,0.0,Male,White,1997.0,18.0,2.0,1.0,2.0,0.0,1.0,0.0,2020-06-16,1,2019,2019-01-01,2020-01-01,1,1,7846.460941843158,1.0,1,1,1.0,1.0,1,1
P_896,896,,participant,1,2019-01-07,2019,0.0,Male,Black,1991.0,21.0,4.0,0.0,4.0,4156.298408101283,1.0,0.0,2020-07-07,-2,2017,2017-01-01,2018-01-01,0,0,0.0,0.0,1,1,0.0,0.0,1,0
P_896,896,,participant,1,2019-01-07,2019,0.0,Male,Black,1991.0,21.0,4.0,0.0,4.0,4156.298408101283,1.0,0.0,2020-07-07,-1,2018,2018-01-01,2019-01-01,0,0,0.0,0.0,1,1,0.0,0.0,1,0
P_896,896,,participant,1,2019-01-07,2019,0.0,Male,Black,1991.0,21.0,4.0,0.0,4.0,4156.298408101283,1.0,0.0,2020-07-07,0,2019,2019-01-01,2020-01-01,1,1,0.0,0.0,1,1,1.0,1.0,1,1
P_896,896,,participant,1,2019-01-07,2019,0.0,Male,Black,1991.0,21.0,4.0,0.0,4.0,4156.298408101283,1.0,0.0,2020-07-07,1,2020,2020-01-01,2021-01-01,1,1,3387.1237219261443,1.0,1,1,0.0,0.0,1,0
P_898,898,,participant,1,2019-01-02,2019,0.0,Male,Black,1991.0,21.0,4.0,0.0,4.0,4156.298408101283,1.0,0.0,2020-07-02,-2,2017,2017-01-01,2018-01-01,0,0,0.0,0.0,1,1,0.0,0.0,1,0
P_898,898,,participant,1,2019-01-02,2019,0.0,Male,Black,1991.0,21.0,4.0,0.0,4.0,4156.298408101283,1.0,0.0,2020-07-02,-1,2018,2018-01-01,2019-01-01,0,0,0.0,0.0,1,1,0.0,0.0,1,0
P_898,898,,participant,1,2019-01-02,2019,0.0,Male,Black,1991.0,21.0,4.0,0.0,4.0,4156.298408101283,1.0,0.0,2020-07-02,0,2019,2019-01-01,2020-01-01,1,1,18834.35975313226,1.0,1,1,0.0,0.0,1,0
P_898,898,,participant,1,2019-01-02,2019,0.0,Male,Black,1991.0,21.0,4.0,0.0,4.0,4156.298408101283,1.0,0.0,2020-07-02,1,2020,2020-01-01,2021-01-01,1,1,0.0,0.0,1,1,0.0,0.0,1,0
P_899,899,,participant,1,2019-01-02,2019,0.0,Male,Black,1995.0,23.0,0.0,0.0,0.0,0.0,1.0,0.0,2020-07-02,-2,2017,2017-01-01,2018-01-01,0,0,0.0,0.0,0,0,0.0,0.0,0,0
P_899,899,,participant,1,2019-01-02,2019,0.0,Male,Black,1995.0,23.0,0.0,0.0,0.0,0.0,1.0,0.0,2020-07-02,-1,2018,2018-01-01,2019-01-01,0,0,0.0,0.0,0,0,0.0,0.0,0,0
P_899,899,,participant,1,2019-01-02,2019,0.0,Male,Black,1995.0,23.0,0.0,0.0,0.0,0.0,1.0,0.0,2020-07-02,0,2019,2019-01-01,2020-01-01,1,1,10642.209297272962,1.0,0,0,0.0,0.0,0,0
P_899,899,,participant,1,2019-01-02,2019,0.0,Male,Black,1995.0,23.0,0.0,0.0,0.0,0.0,1.0,0.0,2020-07-02,1,2020,2020-01-01,2021-01-01,1,1,4460.662348178137,1.0,0,0,0.0,0.0,0,0
P_900,900,,participant,1,2019-01-16,2019,0.0,Male,Black,1997.0,19.0,4.0,1.0,4.0,5769.816563481791,1.0,0.0,2020-07-16,-2,2017,2017-01-01,2018-01-01,0,0,0.0,0.0,0,0,0.0,0.0,1,0
P_900,900,,participant,1,2019-01-16,2019,0.0,Male,Black,1997.0,19.0,4.0,1.0,4.0,5769.816563481791,1.0,0.0,2020-07-16,-1,2018,2018-01-01,2019-01-01,0,0,0.0,0.0,0,0,0.0,0.0,1,0
P_900,900,,participant,1,2019-01-16,2019,0.0,Male,Black,1997.0,19.0,4.0,1.0,4.0,5769.816563481791,1.0,0.0,2020-07-16,0,2019,2019-01-01,2020-01-01,1,1,33194.998234011015,1.0,0,0,0.0,0.0,1,0
P_900,900,,participant,1,2019-01-16,2019,0.0,Male,Black,1997.0,19.0,4.0,1.0,4.0,5769.816563481791,1.0,0.0,2020-07-16,1,2020,2020-01-01,2021-01-01,1,1,25174.243988676106,1.0,0,0,0.0,0.0,1,0
P_902,902,,participant,1,2019-01-07,2019,0.0,Male,Black,1990.0,18.0,7.0,1.0,7.0,0.0,0.0,0.0,2020-07-07,-2,2017,2017-01-01,2018-01-01,0,0,0.0,0.0,1,1,0.0,0.0,1,0
P_902,902,,participant,1,2019-01-07,2019,0.0,Male,Black,1990.0,18.0,7.0,1.0,7.0,0.0,0.0,0.0,2020-07-07,-1,2018,2018-01-01,2019-01-01,0,0,0.0,0.0,1,1,0.0,0.0,1,0
P_902,902,,participant,1,2019-01-07,2019,0.0,Male,Black,1990.0,18.0,7.0,1.0,7.0,0.0,0.0,0.0,2020-07-07,0,2019,2019-01-01,2020-01-01,1,1,6068.796242508472,1.0,1,1,0.0,0.0,1,0
P_902,902,,participant,1,2019-01-07,2019,0.0,Male,Black,1990.0,18.0,7.0,1.0,7.0,0.0,0.0,0.0,2020-07-07,1,2020,2020-01-01,2021-01-01,1,1,0.0,0.0,1,1,0.0,0.0,1,0
P_903,903,,participant,1,2019-01-21,2019,0.0,Male,White,1994.0,18.0,2.0,0.0,2.0,39370.73685363622,1.0,0.0,2020-07-21,-2,2017,2017-01-01,2018-01-01,0,0,0.0,0.0,1,1,0.0,0.0,1,0
P_903,903,,participant,1,2019-01-21,2019,0.0,Male,White,1994.0,18.0,2.0,0.0,2.0,39370.73685363622,1.0,0.0,2020-07-21,-1,2018,2018-01-01,2019-01-01,0,0,0.0,0.0,1,1,0.0,0.0,1,0
P_903,903,,participant,1,2019-01-21,2019,0.0,Male,White,1994.0,18.0,2.0,0.0,2.0,39370.73685363622,1.0,0.0,2020-07-21,0,2019,2019-01-01,2020-01-01,1,1,908.5872613611882,1.0,1,1,0.0,0.0,1,0
P_903,903,,participant,1,2019-01-21,2019,0.0,Male,White,1994.0,18.0,2.0,0.0,2.0,39370.73685363622,1.0,0.0,2020-07-21,1,2020,2020-01-01,2021-01-01,1,1,0.0,0.0,1,1,0.0,0.0,1,0
P_904,904,,participant,1,2019-01-07,2019,0.0,Male,Black,1994.0,25.0,0.0,0.0,0.0,0.0,0.0,0.0,2020-07-07,-2,2017,2017-01-01,2018-01-01,0,0,0.0,0.0,1,1,0.0,0.0,0,0
P_904,904,,participant,1,2019-01-07,2019,0.0,Male,Black,1994.0,25.0,0.0,0.0,0.0,0.0,0.0,0.0,2020-07-07,-1,2018,2018-01-01,2019-01-01,0,0,0.0,0.0,1,1,0.0,0.0,0,0
P_904,904,,participant,1,2019-01-07,2019,0.0,Male,Black,1994.0,25.0,0.0,0.0,0.0,0.0,0.0,0.0,2020-07-07,0,2019,2019-01-01,2020-01-01,1,1,2146.406345077484,1.0,1,1,0.0,0.0,0,0
P_904,904,,participant,1,2019-01-07,2019,0.0,Male,Black,1994.0,25.0,0.0,0.0,0.0,0.0,0.0,0.0,2020-07-07,1,2020,2020-01-01,2021-01-01,1,1,3876.8913185030806,1.0,1,1,0.0,0.0,0,0
P_905,905,,participant,1,2019-01-14,2019,0.0,Male,Black,1996.0,18.0,5.0,1.0,5.0,0.0,0.0,0.0,2020-07-14,-2,2017,2017-01-01,2018-01-01,0,0,0.0,0.0,1,1,0.0,0.0,1,0
P_905,905,,participant,1,2019-01-14,2019,0.0,Male,Black,1996.0,18.0,5.0,1.0,5.0,0.0,0.0,0.0,2020-07-14,-1,2018,2018-01-01,2019-01-01,0,0,0.0,0.0,1,1,0.0,0.0,1,0
P_905,905,,participant,1,2019-01-14,2019,0.0,Male,Black,1996.0,18.0,5.0,1.0,5.0,0.0,0.0,0.0,2020-07-14,0,2019,2019-01-01,2020-01-01,1,1,17085.815108605424,1.0,1,1,0.0,0.0,1,0
P_905,905,,participant,1,2019-01-14,2019,0.0,Male,Black,1996.0,18.0,5.0,1.0,5.0,0.0,0.0,0.0,2020-07-14,1,2020,2020-01-01,2021-01-01,1,1,15618.25782150015,1.0,1,1,0.0,0.0,1,0
P_906,906,,participant,1,2019-01-14,2019,0.0,Male,White,1994.0,18.0,2.0,0.0,2.0,39370.73685363622,1.0,0.0,2020-07-14,-2,2017,2017-01-01,2018-01-01,0,0,0.0,0.0,0,1,0.0,0.0,1,0
P_906,906,,participant,1,2019-01-14,2019,0.0,Male,White,1994.0,18.0,2.0,0.0,2.0,39370.73685363622,1.0,0.0,2020-07-14,-1,2018,2018-01-01,2019-01-01,0,0,0.0,0.0,1,1,0.0,0.0,1,0
P_906,906,,participant,1,2019-01-14,2019,0.0,Male,White,1994.0,18.0,2.0,0.0,2.0,39370.73685363622,1.0,0.0,2020-07-14,0,2019,2019-01-01,2020-01-01,1,1,3029.7214943812487,1.0,1,1,0.0,0.0,1,0
P_906,906,,participant,1,2019-01-14,2019,0.0,Male,White,1994.0,18.0,2.0,0.0,2.0,39370.73685363622,1.0,0.0,2020-07-14,1,2020,2020-01-01,2021-01-01,1,1,0.0,0.0,1,1,0.0,0.0,1,0
P_907,907,,participant,1,2019-01-14,2019,0.0,Male,Black,1988.0,22.0,4.0,1.0,4.0,6254.356297966931,1.0,0.0,2020-07-14,-2,2017,2017-01-01,2018-01-01,0,0,0.0,0.0,0,0,0.0,0.0,1,0
P_907,907,,participant,1,2019-01-14,2019,0.0,Male,Black,1988.0,22.0,4.0,1.0,4.0,6254.356297966931,1.0,0.0,2020-07-14,-1,2018,2018-01-01,2019-01-01,0,0,0.0,0.0,0,0,0.0,0.0,1,0
P_907,907,,participant,1,2019-01-14,2019,0.0,Male,Black,1988.0,22.0,4.0,1.0,4.0,6254.356297966931,1.0,0.0,2020-07-14,0,2019,2019-01-01,2020-01-01,1,1,0.0,0.0,0,0,0.0,0.0,1,0
P_907,907,,participant,1,2019-01-14,2019,0.0,Male,Black,1988.0,22.0,4.0,1.0,4.0,6254.356297966931,1.0,0.0,2020-07-14,1,2020,2020-01-01,2021-01-01,1,1,0.0,0.0,0,0,0.0,0.0,1,0
P_909,909,,participant,1,2019-01-28,2019,0.0,Male,Black,1995.0,23.0,0.0,0.0,0.0,0.0,1.0,0.0,2020-07-28,-2,2017,2017-01-01,2018-01-01,0,0,0.0,0.0,0,0,0.0,0.0,0,0
P_909,909,,participant,1,2019-01-28,2019,0.0,Male,Black,1995.0,23.0,0.0,0.0,0.0,0.0,1.0,0.0,2020-07-28,-1,2018,2018-01-01,2019-01-01,0,0,0.0,0.0,0,1,0.0,0.0,0,0
P_909,909,,participant,1,2019-01-28,2019,0.0,Male,Black,1995.0,23.0,0.0,0.0,0.0,0.0,1.0,0.0,2020-07-28,0,2019,2019-01-01,2020-01-01,1,1,2605.2843594138258,1.0,1,1,0.0,0.0,0,0
P_909,909,,participant,1,2019-01-28,2019,0.0,Male,Black,1995.0,23.0,0.0,0.0,0.0,0.0,1.0,0.0,2020-07-28,1,2020,2020-01-01,2021-01-01,1,1,0.0,0.0,1,1,0.0,0.0,0,0
P_910,910,,participant,1,2019-01-30,2019,0.0,Male,Black,1991.0,21.0,4.0,0.0,4.0,4156.298408101283,1.0,0.0,2020-07-30,-2,2017,2017-01-01,2018-01-01,0,0,0.0,0.0,1,1,0.0,0.0,1,0
P_910,910,,participant,1,2019-01-30,2019,0.0,Male,Black,1991.0,21.0,4.0,0.0,4.0,4156.298408101283,1.0,0.0,2020-07-30,-1,2018,2018-01-01,2019-01-01,0,0,0.0,0.0,1,1,0.0,0.0,1,0
P_910,910,,participant,1,2019-01-30,2019,0.0,Male,Black,1991.0,21.0,4.0,0.0,4.0,4156.298408101283,1.0,0.0,2020-07-30,0,2019,2019-01-01,2020-01-01,1,1,7826.964273119756,1.0,1,1,0.0,0.0,1,0
P_910,910,,participant,1,2019-01-30,2019,0.0,Male,Black,1991.0,21.0,4.0,0.0,4.0,4156.298408101283,1.0,0.0,2020-07-30,1,2020,2020-01-01,2021-01-01,1,1,0.0,0.0,1,1,0.0,0.0,1,0
P_915,915,,participant,1,2019-05-20,2019,0.0,Female,White,1995.0,23.0,0.0,0.0,1.0,0.0,0.0,0.0,2020-11-17,-2,2017,2017-01-01,2018-01-01,0,0,0.0,0.0,0,0,0.0,0.0,1,0
P_915,915,,participant,1,2019-05-20,2019,0.0,Female,White,1995.0,23.0,0.0,0.0,1.0,0.0,0.0,0.0,2020-11-17,-1,2018,2018-01-01,2019-01-01,0,0,0.0,0.0,0,0,0.0,0.0,1,0
P_915,915,,participant,1,2019-05-20,2019,0.0,Female,White,1995.0,23.0,0.0,0.0,1.0,0.0,0.0,0.0,2020-11-17,0,2019,2019-01-01,2020-01-01,1,1,21740.915545558524,1.0,0,0,0.0,0.0,1,0
P_915,915,,participant,1,2019-05-20,2019,0.0,Female,White,1995.0,23.0,0.0,0.0,1.0,0.0,0.0,0.0,2020-11-17,1,2020,2020-01-01,2021-01-01,1,1,7134.523679994674,1.0,0,0,0.0,0.0,1,0
P_916,916,,participant,1,2019-02-04,2019,0.0,Male,Black,1995.0,23.0,0.0,0.0,0.0,0.0,1.0,0.0,2020-08-04,-2,2017,2017-01-01,2018-01-01,0,0,0.0,0.0,1,1,0.0,0.0,0,0
P_916,916,,participant,1,2019-02-04,2019,0.0,Male,Black,1995.0,23.0,0.0,0.0,0.0,0.0,1.0,0.0,2020-08-04,-1,2018,2018-01-01,2019-01-01,0,0,0.0,0.0,1,1,0.0,0.0,0,0
P_916,916,,participant,1,2019-02-04,2019,0.0,Male,Black,1995.0,23.0,0.0,0.0,0.0,0.0,1.0,0.0,2020-08-04,0,2019,2019-01-01,2020-01-01,1,1,1893.6142260754657,1.0,1,1,4.0,1.0,0,0
P_916,916,,participant,1,2019-02-04,2019,0.0,Male,Black,1995.0,23.0,0.0,0.0,0.0,0.0,1.0,0.0,2020-08-04,1,2020,2020-01-01,2021-01-01,1,1,0.0,0.0,1,1,0.0,0.0,0,0
P_919,919,,participant,1,2019-02-18,2019,0.0,Male,Black,1990.0,18.0,7.0,1.0,7.0,0.0,0.0,0.0,2020-08-18,-2,2017,2017-01-01,2018-01-01,0,0,0.0,0.0,1,1,0.0,0.0,1,0
P_919,919,,participant,1,2019-02-18,2019,0.0,Male,Black,1990.0,18.0,7.0,1.0,7.0,0.0,0.0,0.0,2020-08-18,-1,2018,2018-01-01,2019-01-01,0,0,0.0,0.0,1,1,0.0,0.0,1,0
P_919,919,,participant,1,2019-02-18,2019,0.0,Male,Black,1990.0,18.0,7.0,1.0,7.0,0.0,0.0,0.0,2020-08-18,0,2019,2019-01-01,2020-01-01,1,1,0.0,0.0,1,1,0.0,0.0,1,0
P_919,919,,participant,1,2019-02-18,2019,0.0,Male,Black,1990.0,18.0,7.0,1.0,7.0,0.0,0.0,0.0,2020-08-18,1,2020,2020-01-01,2021-01-01,1,1,0.0,0.0,1,1,0.0,0.0,1,0
P_920,920,,participant,1,2019-02-11,2019,0.0,Male,Black,1996.0,18.0,5.0,1.0,5.0,0.0,0.0,0.0,2020-08-11,-2,2017,2017-01-01,2018-01-01,0,0,0.0,0.0,0,0,0.0,0.0,1,0
P_920,920,,participant,1,2019-02-11,2019,0.0,Male,Black,1996.0,18.0,5.0,1.0,5.0,0.0,0.0,0.0,2020-08-11,-1,2018,2018-01-01,2019-01-01,0,0,0.0,0.0,0,1,0.0,0.0,1,0
P_920,920,,participant,1,2019-02-11,2019,0.0,Male,Black,1996.0,18.0,5.0,1.0,5.0,0.0,0.0,0.0,2020-08-11,0,2019,2019-01-01,2020-01-01,1,1,12214.72311646858,1.0,1,1,1.0,1.0,1,1
P_920,920,,participant,1,2019-02-11,2019,0.0,Male,Black,1996.0,18.0,5.0,1.0,5.0,0.0,0.0,0.0,2020-08-11,1,2020,2020-01-01,2021-01-01,1,1,1608.9757444811223,1.0,1,1,0.0,0.0,1,0
P_924,924,,participant,1,2019-02-18,2019,0.0,Male,Black,1999.0,21.0,0.0,0.0,0.0,0.0,1.0,0.0,2020-08-18,-2,2017,2017-01-01,2018-01-01,0,0,0.0,0.0,1,1,0.0,0.0,0,0
P_924,924,,participant,1,2019-02-18,2019,0.0,Male,Black,1999.0,21.0,0.0,0.0,0.0,0.0,1.0,0.0,2020-08-18,-1,2018,2018-01-01,2019-01-01,0,0,0.0,0.0,1,1,0.0,0.0,0,0
P_924,924,,participant,1,2019-02-18,2019,0.0,Male,Black,1999.0,21.0,0.0,0.0,0.0,0.0,1.0,0.0,2020-08-18,0,2019,2019-01-01,2020-01-01,1,1,24106.828924719797,1.0,1,1,0.0,0.0,0,0
P_924,924,,participant,1,2019-02-18,2019,0.0,Male,Black,1999.0,21.0,0.0,0.0,0.0,0.0,1.0,0.0,2020-08-18,1,2020,2020-01-01,2021-01-01,1,1,10226.796621583038,1.0,1,1,0.0,0.0,0,0
P_925,925,,participant,1,2019-02-18,2019,0.0,Male,White,1995.0,22.0,2.0,0.0,2.0,0.0,0.0,0.0,2020-08-18,-2,2017,2017-01-01,2018-01-01,0,0,0.0,0.0,1,1,0.0,0.0,1,0
P_925,925,,participant,1,2019-02-18,2019,0.0,Male,White,1995.0,22.0,2.0,0.0,2.0,0.0,0.0,0.0,2020-08-18,-1,2018,2018-01-01,2019-01-01,0,0,0.0,0.0,1,1,0.0,0.0,1,0
P_925,925,,participant,1,2019-02-18,2019,0.0,Male,White,1995.0,22.0,2.0,0.0,2.0,0.0,0.0,0.0,2020-08-18,0,2019,2019-01-01,2020-01-01,1,1,2225.732214153961,1.0,1,1,0.0,0.0,1,0
P_925,925,,participant,1,2019-02-18,2019,0.0,Male,White,1995.0,22.0,2.0,0.0,2.0,0.0,0.0,0.0,2020-08-18,1,2020,2020-01-01,2021-01-01,1,1,0.0,0.0,1,1,0.0,0.0,1,0
P_929,929,,participant,1,2019-02-25,2019,0.0,Male,Black,1977.0,44.0,0.0,0.0,0.0,0.0,0.0,0.0,2020-08-25,-2,2017,2017-01-01,2018-01-01,0,0,0.0,0.0,0,0,0.0,0.0,0,0
P_929,929,,participant,1,2019-02-25,2019,0.0,Male,Black,1977.0,44.0,0.0,0.0,0.0,0.0,0.0,0.0,2020-08-25,-1,2018,2018-01-01,2019-01-01,0,0,0.0,0.0,0,1,0.0,0.0,0,0
P_929,929,,participant,1,2019-02-25,2019,0.0,Male,Black,1977.0,44.0,0.0,0.0,0.0,0.0,0.0,0.0,2020-08-25,0,2019,2019-01-01,2020-01-01,1,1,1959.3512167488848,1.0,1,1,1.0,1.0,0,0
P_929,929,,participant,1,2019-02-25,2019,0.0,Male,Black,1977.0,44.0,0.0,0.0,0.0,0.0,0.0,0.0,2020-08-25,1,2020,2020-01-01,2021-01-01,1,1,0.0,0.0,1,1,0.0,0.0,0,0
P_930,930,,participant,1,2019-02-18,2019,0.0,Male,Black,1999.0,21.0,0.0,0.0,0.0,0.0,1.0,0.0,2020-08-18,-2,2017,2017-01-01,2018-01-01,0,0,0.0,0.0,1,1,0.0,0.0,0,0
P_930,930,,participant,1,2019-02-18,2019,0.0,Male,Black,1999.0,21.0,0.0,0.0,0.0,0.0,1.0,0.0,2020-08-18,-1,2018,2018-01-01,2019-01-01,0,0,0.0,0.0,1,1,0.0,0.0,0,0
P_930,930,,participant,1,2019-02-18,2019,0.0,Male,Black,1999.0,21.0,0.0,0.0,0.0,0.0,1.0,0.0,2020-08-18,0,2019,2019-01-01,2020-01-01,1,1,14927.7496943045,1.0,1,1,0.0,0.0,0,0
P_930,930,,participant,1,2019-02-18,2019,0.0,Male,Black,1999.0,21.0,0.0,0.0,0.0,0.0,1.0,0.0,2020-08-18,1,2020,2020-01-01,2021-01-01,1,1,3717.4278674234347,1.0,1,1,0.0,0.0,0,0
P_937,937,,participant,1,2019-02-25,2019,0.0,Male,Black,2000.0,20.0,0.0,0.0,0.0,0.0,0.0,0.0,2020-08-25,-2,2017,2017-01-01,2018-01-01,0,0,0.0,0.0,0,0,0.0,0.0,0,0
P_937,937,,participant,1,2019-02-25,2019,0.0,Male,Black,2000.0,20.0,0.0,0.0,0.0,0.0,0.0,0.0,2020-08-25,-1,2018,2018-01-01,2019-01-01,0,0,0.0,0.0,0,1,0.0,0.0,0,0
P_937,937,,participant,1,2019-02-25,2019,0.0,Male,Black,2000.0,20.0,0.0,0.0,0.0,0.0,0.0,0.0,2020-08-25,0,2019,2019-01-01,2020-01-01,1,1,333.28941531150224,1.0,1,1,0.0,0.0,0,0
P_937,937,,participant,1,2019-02-25,2019,0.0,Male,Black,2000.0,20.0,0.0,0.0,0.0,0.0,0.0,0.0,2020-08-25,1,2020,2020-01-01,2021-01-01,1,1,99.1816283439552,1.0,1,1,0.0,0.0,0,0
P_938,938,,participant,1,2019-03-04,2019,0.0,Male,Black,1999.0,21.0,0.0,0.0,0.0,0.0,1.0,0.0,2020-09-01,-2,2017,2017-01-01,2018-01-01,0,0,0.0,0.0,1,1,0.0,0.0,0,0
P_938,938,,participant,1,2019-03-04,2019,0.0,Male,Black,1999.0,21.0,0.0,0.0,0.0,0.0,1.0,0.0,2020-09-01,-1,2018,2018-01-01,2019-01-01,0,0,0.0,0.0,1,1,0.0,0.0,0,0
P_938,938,,participant,1,2019-03-04,2019,0.0,Male,Black,1999.0,21.0,0.0,0.0,0.0,0.0,1.0,0.0,2020-09-01,0,2019,2019-01-01,2020-01-01,1,1,2795.587387680414,1.0,1,1,0.0,0.0,0,0
P_938,938,,participant,1,2019-03-04,2019,0.0,Male,Black,1999.0,21.0,0.0,0.0,0.0,0.0,1.0,0.0,2020-09-01,1,2020,2020-01-01,2021-01-01,1,1,0.0,0.0,1,1,0.0,0.0,0,0
P_939,939,,participant,1,2019-03-04,2019,0.0,Male,Black,1967.0,35.0,1.0,1.0,1.0,47081.35140134438,1.0,0.0,2020-09-01,-2,2017,2017-01-01,2018-01-01,0,0,0.0,0.0,0,0,0.0,0.0,1,0
P_939,939,,participant,1,2019-03-04,2019,0.0,Male,Black,1967.0,35.0,1.0,1.0,1.0,47081.35140134438,1.0,0.0,2020-09-01,-1,2018,2018-01-01,2019-01-01,0,0,0.0,0.0,0,0,0.0,0.0,1,0
P_939,939,,participant,1,2019-03-04,2019,0.0,Male,Black,1967.0,35.0,1.0,1.0,1.0,47081.35140134438,1.0,0.0,2020-09-01,0,2019,2019-01-01,2020-01-01,1,1,0.0,0.0,0,0,0.0,0.0,1,0
P_939,939,,participant,1,2019-03-04,2019,0.0,Male,Black,1967.0,35.0,1.0,1.0,1.0,47081.35140134438,1.0,0.0,2020-09-01,1,2020,2020-01-01,2021-01-01,1,1,0.0,0.0,0,0,0.0,0.0,1,0
P_941,941,,participant,1,2019-03-11,2019,0.0,Male,Black,1969.0,36.0,3.0,0.0,3.0,0.0,0.0,0.0,2020-09-08,-2,2017,2017-01-01,2018-01-01,0,0,0.0,0.0,0,0,0.0,0.0,1,0
P_941,941,,participant,1,2019-03-11,2019,0.0,Male,Black,1969.0,36.0,3.0,0.0,3.0,0.0,0.0,0.0,2020-09-08,-1,2018,2018-01-01,2019-01-01,0,0,0.0,0.0,0,0,0.0,0.0,1,0
P_941,941,,participant,1,2019-03-11,2019,0.0,Male,Black,1969.0,36.0,3.0,0.0,3.0,0.0,0.0,0.0,2020-09-08,0,2019,2019-01-01,2020-01-01,1,1,0.0,0.0,0,0,0.0,0.0,1,0
P_941,941,,participant,1,2019-03-11,2019,0.0,Male,Black,1969.0,36.0,3.0,0.0,3.0,0.0,0.0,0.0,2020-09-08,1,2020,2020-01-01,2021-01-01,1,1,0.0,0.0,0,1,1.0,1.0,1,1
P_943,943,,participant,1,2019-03-18,2019,0.0,Female,Black,1997.0,21.0,0.0,0.0,1.0,22190.66366127374,1.0,0.0,2020-09-15,-2,2017,2017-01-01,2018-01-01,0,0,0.0,0.0,1,1,0.0,0.0,1,0
P_943,943,,participant,1,2019-03-18,2019,0.0,Female,Black,1997.0,21.0,0.0,0.0,1.0,22190.66366127374,1.0,0.0,2020-09-15,-1,2018,2018-01-01,2019-01-01,0,0,0.0,0.0,1,1,0.0,0.0,1,0
P_943,943,,participant,1,2019-03-18,2019,0.0,Female,Black,1997.0,21.0,0.0,0.0,1.0,22190.66366127374,1.0,0.0,2020-09-15,0,2019,2019-01-01,2020-01-01,1,1,3904.686805908729,1.0,1,1,1.0,1.0,1,1
P_943,943,,participant,1,2019-03-18,2019,0.0,Female,Black,1997.0,21.0,0.0,0.0,1.0,22190.66366127374,1.0,0.0,2020-09-15,1,2020,2020-01-01,2021-01-01,1,1,125.70123003758769,1.0,1,1,0.0,0.0,1,0
P_946,946,,participant,1,2019-03-18,2019,0.0,Male,Black,1999.0,21.0,0.0,0.0,0.0,0.0,1.0,0.0,2020-09-15,-2,2017,2017-01-01,2018-01-01,0,0,0.0,0.0,0,0,0.0,0.0,0,0
P_946,946,,participant,1,2019-03-18,2019,0.0,Male,Black,1999.0,21.0,0.0,0.0,0.0,0.0,1.0,0.0,2020-09-15,-1,2018,2018-01-01,2019-01-01,0,0,0.0,0.0,0,0,0.0,0.0,0,0
P_946,946,,participant,1,2019-03-18,2019,0.0,Male,Black,1999.0,21.0,0.0,0.0,0.0,0.0,1.0,0.0,2020-09-15,0,2019,2019-01-01,2020-01-01,1,1,5672.3697430574575,1.0,0,0,0.0,0.0,0,0
P_946,946,,participant,1,2019-03-18,2019,0.0,Male,Black,1999.0,21.0,0.0,0.0,0.0,0.0,1.0,0.0,2020-09-15,1,2020,2020-01-01,2021-01-01,1,1,2085.325122522906,1.0,0,0,0.0,0.0,0,0
P_949,949,,participant,1,2019-03-25,2019,0.0,Male,Black,1998.0,20.0,0.0,0.0,2.0,4472.568248459403,1.0,0.0,2020-09-22,-2,2017,2017-01-01,2018-01-01,0,0,0.0,0.0,0,0,0.0,0.0,1,0
P_949,949,,participant,1,2019-03-25,2019,0.0,Male,Black,1998.0,20.0,0.0,0.0,2.0,4472.568248459403,1.0,0.0,2020-09-22,-1,2018,2018-01-01,2019-01-01,0,0,0.0,0.0,0,0,0.0,0.0,1,0
P_949,949,,participant,1,2019-03-25,2019,0.0,Male,Black,1998.0,20.0,0.0,0.0,2.0,4472.568248459403,1.0,0.0,2020-09-22,0,2019,2019-01-01,2020-01-01,1,1,0.0,0.0,0,0,0.0,0.0,1,0
P_949,949,,participant,1,2019-03-25,2019,0.0,Male,Black,1998.0,20.0,0.0,0.0,2.0,4472.568248459403,1.0,0.0,2020-09-22,1,2020,2020-01-01,2021-01-01,1,1,0.0,0.0,0,1,1.0,1.0,1,1
P_950,950,,participant,1,2019-03-25,2019,0.0,Male,Black,1998.0,20.0,0.0,0.0,2.0,4472.568248459403,1.0,0.0,2020-09-22,-2,2017,2017-01-01,2018-01-01,0,0,0.0,0.0,0,0,0.0,0.0,1,0
P_950,950,,participant,1,2019-03-25,2019,0.0,Male,Black,1998.0,20.0,0.0,0.0,2.0,4472.568248459403,1.0,0.0,2020-09-22,-1,2018,2018-01-01,2019-01-01,0,0,0.0,0.0,0,0,0.0,0.0,1,0
P_950,950,,participant,1,2019-03-25,2019,0.0,Male,Black,1998.0,20.0,0.0,0.0,2.0,4472.568248459403,1.0,0.0,2020-09-22,0,2019,2019-01-01,2020-01-01,1,1,431.63615686305053,1.0,0,0,0.0,0.0,1,0
P_950,950,,participant,1,2019-03-25,2019,0.0,Male,Black,1998.0,20.0,0.0,0.0,2.0,4472.568248459403,1.0,0.0,2020-09-22,1,2020,2020-01-01,2021-01-01,1,1,5535.306072887071,1.0,0,0,0.0,0.0,1,0
P_951,951,,participant,1,2019-04-01,2019,0.0,Male,Black,1990.0,18.0,7.0,1.0,7.0,0.0,0.0,0.0,2020-09-29,-2,2017,2017-01-01,2018-01-01,0,0,0.0,0.0,1,1,0.0,0.0,1,0
P_951,951,,participant,1,2019-04-01,2019,0.0,Male,Black,1990.0,18.0,7.0,1.0,7.0,0.0,0.0,0.0,2020-09-29,-1,2018,2018-01-01,2019-01-01,0,0,0.0,0.0,1,1,0.0,0.0,1,0
P_951,951,,participant,1,2019-04-01,2019,0.0,Male,Black,1990.0,18.0,7.0,1.0,7.0,0.0,0.0,0.0,2020-09-29,0,2019,2019-01-01,2020-01-01,1,1,2546.905744297181,1.0,1,1,0.0,0.0,1,0
P_951,951,,participant,1,2019-04-01,2019,0.0,Male,Black,1990.0,18.0,7.0,1.0,7.0,0.0,0.0,0.0,2020-09-29,1,2020,2020-01-01,2021-01-01,1,1,0.0,0.0,1,1,0.0,0.0,1,0
P_953,953,,participant,1,2019-04-01,2019,0.0,Female,Black,1996.0,22.0,0.0,0.0,4.0,4724.120079198219,0.0,0.0,2020-09-29,-2,2017,2017-01-01,2018-01-01,0,0,0.0,0.0,0,0,0.0,0.0,1,0
P_953,953,,participant,1,2019-04-01,2019,0.0,Female,Black,1996.0,22.0,0.0,0.0,4.0,4724.120079198219,0.0,0.0,2020-09-29,-1,2018,2018-01-01,2019-01-01,0,0,0.0,0.0,0,0,0.0,0.0,1,0
P_953,953,,participant,1,2019-04-01,2019,0.0,Female,Black,1996.0,22.0,0.0,0.0,4.0,4724.120079198219,0.0,0.0,2020-09-29,0,2019,2019-01-01,2020-01-01,1,1,10174.348328336922,1.0,0,0,0.0,0.0,1,0
P_953,953,,participant,1,2019-04-01,2019,0.0,Female,Black,1996.0,22.0,0.0,0.0,4.0,4724.120079198219,0.0,0.0,2020-09-29,1,2020,2020-01-01,2021-01-01,1,1,3555.575267513163,1.0,0,0,0.0,0.0,1,0
P_956,956,,participant,1,2019-04-08,2019,0.0,Male,Black,2001.0,18.0,0.0,0.0,0.0,0.0,1.0,0.0,2020-10-06,-2,2017,2017-01-01,2018-01-01,0,0,0.0,0.0,0,0,0.0,0.0,0,0
P_956,956,,participant,1,2019-04-08,2019,0.0,Male,Black,2001.0,18.0,0.0,0.0,0.0,0.0,1.0,0.0,2020-10-06,-1,2018,2018-01-01,2019-01-01,0,0,0.0,0.0,0,0,0.0,0.0,0,0
P_956,956,,participant,1,2019-04-08,2019,0.0,Male,Black,2001.0,18.0,0.0,0.0,0.0,0.0,1.0,0.0,2020-10-06,0,2019,2019-01-01,2020-01-01,1,1,0.0,0.0,0,0,0.0,0.0,0,0
P_956,956,,participant,1,2019-04-08,2019,0.0,Male,Black,2001.0,18.0,0.0,0.0,0.0,0.0,1.0,0.0,2020-10-06,1,2020,2020-01-01,2021-01-01,1,1,0.0,0.0,0,0,0.0,0.0,0,0
P_958,958,,participant,1,2019-04-15,2019,0.0,Male,Black,2001.0,18.0,0.0,0.0,0.0,0.0,1.0,0.0,2020-10-13,-2,2017,2017-01-01,2018-01-01,0,0,0.0,0.0,0,0,0.0,0.0,0,0
P_958,958,,participant,1,2019-04-15,2019,0.0,Male,Black,2001.0,18.0,0.0,0.0,0.0,0.0,1.0,0.0,2020-10-13,-1,2018,2018-01-01,2019-01-01,0,0,0.0,0.0,0,0,0.0,0.0,0,0
P_958,958,,participant,1,2019-04-15,2019,0.0,Male,Black,2001.0,18.0,0.0,0.0,0.0,0.0,1.0,0.0,2020-10-13,0,2019,2019-01-01,2020-01-01,1,1,8209.68260497909,1.0,0,0,0.0,0.0,0,0
P_958,958,,participant,1,2019-04-15,2019,0.0,Male,Black,2001.0,18.0,0.0,0.0,0.0,0.0,1.0,0.0,2020-10-13,1,2020,2020-01-01,2021-01-01,1,1,1040.8373443983403,1.0,0,0,0.0,0.0,0,0
P_963,963,,participant,1,2019-04-15,2019,0.0,Female,Black,1999.0,21.0,0.0,0.0,0.0,1716.9264258740936,1.0,0.0,2020-10-13,-2,2017,2017-01-01,2018-01-01,0,0,0.0,0.0,0,0,0.0,0.0,0,0
P_963,963,,participant,1,2019-04-15,2019,0.0,Female,Black,1999.0,21.0,0.0,0.0,0.0,1716.9264258740936,1.0,0.0,2020-10-13,-1,2018,2018-01-01,2019-01-01,0,0,0.0,0.0,0,0,0.0,0.0,0,0
P_963,963,,participant,1,2019-04-15,2019,0.0,Female,Black,1999.0,21.0,0.0,0.0,0.0,1716.9264258740936,1.0,0.0,2020-10-13,0,2019,2019-01-01,2020-01-01,1,1,6937.2939402093,1.0,0,0,0.0,0.0,0,0
P_963,963,,participant,1,2019-04-15,2019,0.0,Female,Black,1999.0,21.0,0.0,0.0,0.0,1716.9264258740936,1.0,0.0,2020-10-13,1,2020,2020-01-01,2021-01-01,1,1,8324.023898861113,1.0,0,0,0.0,0.0,0,0
P_967,967,,participant,1,2019-04-22,2019,0.0,Male,Black,1997.0,19.0,4.0,1.0,4.0,9442.066705735571,1.0,0.0,2020-10-20,-2,2017,2017-01-01,2018-01-01,0,0,0.0,0.0,0,0,0.0,0.0,1,0
P_967,967,,participant,1,2019-04-22,2019,0.0,Male,Black,1997.0,19.0,4.0,1.0,4.0,9442.066705735571,1.0,0.0,2020-10-20,-1,2018,2018-01-01,2019-01-01,0,0,0.0,0.0,0,0,0.0,0.0,1,0
P_967,967,,participant,1,2019-04-22,2019,0.0,Male,Black,1997.0,19.0,4.0,1.0,4.0,9442.066705735571,1.0,0.0,2020-10-20,0,2019,2019-01-01,2020-01-01,1,1,4399.997917155329,1.0,0,0,0.0,0.0,1,0
P_967,967,,participant,1,2019-04-22,2019,0.0,Male,Black,1997.0,19.0,4.0,1.0,4.0,9442.066705735571,1.0,0.0,2020-10-20,1,2020,2020-01-01,2021-01-01,1,1,0.0,0.0,0,1,0.0,0.0,1,0
P_968,968,,participant,1,2019-04-22,2019,0.0,Male,Black,1995.0,23.0,0.0,0.0,1.0,0.0,1.0,0.0,2020-10-20,-2,2017,2017-01-01,2018-01-01,0,0,0.0,0.0,1,1,0.0,0.0,1,0
P_968,968,,participant,1,2019-04-22,2019,0.0,Male,Black,1995.0,23.0,0.0,0.0,1.0,0.0,1.0,0.0,2020-10-20,-1,2018,2018-01-01,2019-01-01,0,0,0.0,0.0,1,1,0.0,0.0,1,0
P_968,968,,participant,1,2019-04-22,2019,0.0,Male,Black,1995.0,23.0,0.0,0.0,1.0,0.0,1.0,0.0,2020-10-20,0,2019,2019-01-01,2020-01-01,1,1,7776.5455255700435,1.0,1,1,0.0,0.0,1,0
P_968,968,,participant,1,2019-04-22,2019,0.0,Male,Black,1995.0,23.0,0.0,0.0,1.0,0.0,1.0,0.0,2020-10-20,1,2020,2020-01-01,2021-01-01,1,1,6808.664897854202,1.0,1,1,0.0,0.0,1,0
P_970,970,,participant,1,2019-04-22,2019,0.0,Male,Black,1993.0,26.0,0.0,0.0,0.0,0.0,0.0,0.0,2020-10-20,-2,2017,2017-01-01,2018-01-01,0,0,0.0,0.0,1,1,0.0,0.0,0,0
P_970,970,,participant,1,2019-04-22,2019,0.0,Male,Black,1993.0,26.0,0.0,0.0,0.0,0.0,0.0,0.0,2020-10-20,-1,2018,2018-01-01,2019-01-01,0,0,0.0,0.0,1,1,0.0,0.0,0,0
P_970,970,,participant,1,2019-04-22,2019,0.0,Male,Black,1993.0,26.0,0.0,0.0,0.0,0.0,0.0,0.0,2020-10-20,0,2019,2019-01-01,2020-01-01,1,1,0.0,0.0,1,1,1.0,1.0,0,0
P_970,970,,participant,1,2019-04-22,2019,0.0,Male,Black,1993.0,26.0,0.0,0.0,0.0,0.0,0.0,0.0,2020-10-20,1,2020,2020-01-01,2021-01-01,1,1,0.0,0.0,1,1,1.0,1.0,0,0
P_971,971,,participant,1,2019-05-20,2019,0.0,Male,Black,1984.0,22.0,4.0,1.0,4.0,0.0,0.0,0.0,2020-11-17,-2,2017,2017-01-01,2018-01-01,0,0,0.0,0.0,1,1,0.0,0.0,1,0
P_971,971,,participant,1,2019-05-20,2019,0.0,Male,Black,1984.0,22.0,4.0,1.0,4.0,0.0,0.0,0.0,2020-11-17,-1,2018,2018-01-01,2019-01-01,0,0,0.0,0.0,1,1,0.0,0.0,1,0
P_971,971,,participant,1,2019-05-20,2019,0.0,Male,Black,1984.0,22.0,4.0,1.0,4.0,0.0,0.0,0.0,2020-11-17,0,2019,2019-01-01,2020-01-01,1,1,9975.814771962414,1.0,1,1,0.0,0.0,1,0
P_971,971,,participant,1,2019-05-20,2019,0.0,Male,Black,1984.0,22.0,4.0,1.0,4.0,0.0,0.0,0.0,2020-11-17,1,2020,2020-01-01,2021-01-01,1,1,18694.28398243632,1.0,1,1,0.0,0.0,1,0
P_972,972,,participant,1,2019-04-29,2019,0.0,Male,Black,1972.0,36.0,2.0,0.0,2.0,0.0,0.0,0.0,2020-10-27,-2,2017,2017-01-01,2018-01-01,0,0,0.0,0.0,1,1,0.0,0.0,1,0
P_972,972,,participant,1,2019-04-29,2019,0.0,Male,Black,1972.0,36.0,2.0,0.0,2.0,0.0,0.0,0.0,2020-10-27,-1,2018,2018-01-01,2019-01-01,0,0,0.0,0.0,1,1,0.0,0.0,1,0
P_972,972,,participant,1,2019-04-29,2019,0.0,Male,Black,1972.0,36.0,2.0,0.0,2.0,0.0,0.0,0.0,2020-10-27,0,2019,2019-01-01,2020-01-01,1,1,0.0,0.0,1,1,0.0,0.0,1,0
P_972,972,,participant,1,2019-04-29,2019,0.0,Male,Black,1972.0,36.0,2.0,0.0,2.0,0.0,0.0,0.0,2020-10-27,1,2020,2020-01-01,2021-01-01,1,1,1460.409336099585,1.0,1,1,0.0,0.0,1,0
P_974,974,,participant,1,2019-05-06,2019,0.0,Male,Black,1999.0,21.0,0.0,0.0,0.0,0.0,1.0,0.0,2020-11-03,-2,2017,2017-01-01,2018-01-01,0,0,0.0,0.0,0,0,0.0,0.0,0,0
P_974,974,,participant,1,2019-05-06,2019,0.0,Male,Black,1999.0,21.0,0.0,0.0,0.0,0.0,1.0,0.0,2020-11-03,-1,2018,2018-01-01,2019-01-01,0,0,0.0,0.0,0,0,0.0,0.0,0,0
P_974,974,,participant,1,2019-05-06,2019,0.0,Male,Black,1999.0,21.0,0.0,0.0,0.0,0.0,1.0,0.0,2020-11-03,0,2019,2019-01-01,2020-01-01,1,1,4841.137011176952,1.0,0,0,0.0,0.0,0,0
P_974,974,,participant,1,2019-05-06,2019,0.0,Male,Black,1999.0,21.0,0.0,0.0,0.0,0.0,1.0,0.0,2020-11-03,1,2020,2020-01-01,2021-01-01,1,1,2225.2483937299885,1.0,0,0,0.0,0.0,0,0
P_975,975,,participant,1,2019-04-29,2019,0.0,Male,Black,1993.0,26.0,0.0,0.0,0.0,0.0,0.0,0.0,2020-10-27,-2,2017,2017-01-01,2018-01-01,0,0,0.0,0.0,0,1,0.0,0.0,0,0
P_975,975,,participant,1,2019-04-29,2019,0.0,Male,Black,1993.0,26.0,0.0,0.0,0.0,0.0,0.0,0.0,2020-10-27,-1,2018,2018-01-01,2019-01-01,0,0,0.0,0.0,1,1,0.0,0.0,0,0
P_975,975,,participant,1,2019-04-29,2019,0.0,Male,Black,1993.0,26.0,0.0,0.0,0.0,0.0,0.0,0.0,2020-10-27,0,2019,2019-01-01,2020-01-01,1,1,11206.380209500356,1.0,1,1,0.0,0.0,0,0
P_975,975,,participant,1,2019-04-29,2019,0.0,Male,Black,1993.0,26.0,0.0,0.0,0.0,0.0,0.0,0.0,2020-10-27,1,2020,2020-01-01,2021-01-01,1,1,7726.618652172874,1.0,1,1,0.0,0.0,0,0
P_977,977,,participant,1,2019-05-06,2019,0.0,Male,Black,1988.0,22.0,4.0,1.0,4.0,15532.371597260872,1.0,0.0,2020-11-03,-2,2017,2017-01-01,2018-01-01,0,0,0.0,0.0,1,1,0.0,0.0,1,0
P_977,977,,participant,1,2019-05-06,2019,0.0,Male,Black,1988.0,22.0,4.0,1.0,4.0,15532.371597260872,1.0,0.0,2020-11-03,-1,2018,2018-01-01,2019-01-01,0,0,0.0,0.0,1,1,0.0,0.0,1,0
P_977,977,,participant,1,2019-05-06,2019,0.0,Male,Black,1988.0,22.0,4.0,1.0,4.0,15532.371597260872,1.0,0.0,2020-11-03,0,2019,2019-01-01,2020-01-01,1,1,387.13869107380515,1.0,1,1,1.0,1.0,1,1
P_977,977,,participant,1,2019-05-06,2019,0.0,Male,Black,1988.0,22.0,4.0,1.0,4.0,15532.371597260872,1.0,0.0,2020-11-03,1,2020,2020-01-01,2021-01-01,1,1,0.0,0.0,1,1,1.0,1.0,1,1
P_979,979,,participant,1,2019-05-06,2019,0.0,Male,Black,1995.0,23.0,0.0,0.0,1.0,0.0,1.0,0.0,2020-11-03,-2,2017,2017-01-01,2018-01-01,0,0,0.0,0.0,0,0,0.0,0.0,1,0
P_979,979,,participant,1,2019-05-06,2019,0.0,Male,Black,1995.0,23.0,0.0,0.0,1.0,0.0,1.0,0.0,2020-11-03,-1,2018,2018-01-01,2019-01-01,0,0,0.0,0.0,0,0,0.0,0.0,1,0
P_979,979,,participant,1,2019-05-06,2019,0.0,Male,Black,1995.0,23.0,0.0,0.0,1.0,0.0,1.0,0.0,2020-11-03,0,2019,2019-01-01,2020-01-01,1,1,12307.938031146496,1.0,0,0,0.0,0.0,1,0
P_979,979,,participant,1,2019-05-06,2019,0.0,Male,Black,1995.0,23.0,0.0,0.0,1.0,0.0,1.0,0.0,2020-11-03,1,2020,2020-01-01,2021-01-01,1,1,14984.803901319756,1.0,0,0,0.0,0.0,1,0
P_980,980,,participant,1,2019-05-13,2019,0.0,Male,Black,1990.0,18.0,7.0,1.0,7.0,0.0,0.0,0.0,2020-11-10,-2,2017,2017-01-01,2018-01-01,0,0,0.0,0.0,1,1,0.0,0.0,1,0
P_980,980,,participant,1,2019-05-13,2019,0.0,Male,Black,1990.0,18.0,7.0,1.0,7.0,0.0,0.0,0.0,2020-11-10,-1,2018,2018-01-01,2019-01-01,0,0,0.0,0.0,1,1,0.0,0.0,1,0
P_980,980,,participant,1,2019-05-13,2019,0.0,Male,Black,1990.0,18.0,7.0,1.0,7.0,0.0,0.0,0.0,2020-11-10,0,2019,2019-01-01,2020-01-01,1,1,19107.436838041333,1.0,1,1,0.0,0.0,1,0
P_980,980,,participant,1,2019-05-13,2019,0.0,Male,Black,1990.0,18.0,7.0,1.0,7.0,0.0,0.0,0.0,2020-11-10,1,2020,2020-01-01,2021-01-01,1,1,1325.8249125063628,1.0,1,1,0.0,0.0,1,0
P_982,982,,participant,1,2019-06-03,2019,0.0,Male,Unknown,1964.0,51.0,0.0,0.0,3.0,0.0,0.0,0.0,2020-12-01,-2,2017,2017-01-01,2018-01-01,0,0,0.0,0.0,0,0,0.0,0.0,1,0
P_982,982,,participant,1,2019-06-03,2019,0.0,Male,Unknown,1964.0,51.0,0.0,0.0,3.0,0.0,0.0,0.0,2020-12-01,-1,2018,2018-01-01,2019-01-01,0,0,0.0,0.0,0,0,0.0,0.0,1,0
P_982,982,,participant,1,2019-06-03,2019,0.0,Male,Unknown,1964.0,51.0,0.0,0.0,3.0,0.0,0.0,0.0,2020-12-01,0,2019,2019-01-01,2020-01-01,1,1,0.0,0.0,0,0,0.0,0.0,1,0
P_982,982,,participant,1,2019-06-03,2019,0.0,Male,Unknown,1964.0,51.0,0.0,0.0,3.0,0.0,0.0,0.0,2020-12-01,1,2020,2020-01-01,2021-01-01,1,1,0.0,0.0,0,0,0.0,0.0,1,0
P_983,983,,participant,1,2023-02-06,2023,1.0,Female,Black,1999.0,21.0,1.0,0.0,1.0,4390.24784145688,1.0,0.0,2024-08-06,-2,2021,2021-01-01,2022-01-01,0,0,0.0,0.0,0,0,0.0,0.0,1,0
P_983,983,,participant,1,2023-02-06,2023,1.0,Female,Black,1999.0,21.0,1.0,0.0,1.0,4390.24784145688,1.0,0.0,2024-08-06,-1,2022,2022-01-01,2023-01-01,0,0,0.0,0.0,0,0,0.0,0.0,1,0
P_983,983,,participant,1,2023-02-06,2023,1.0,Female,Black,1999.0,21.0,1.0,0.0,1.0,4390.24784145688,1.0,0.0,2024-08-06,0,2023,2023-01-01,2024-01-01,1,1,57253.14459669017,1.0,0,1,1.0,1.0,1,1
P_983,983,,participant,1,2023-02-06,2023,1.0,Female,Black,1999.0,21.0,1.0,0.0,1.0,4390.24784145688,1.0,0.0,2024-08-06,1,2024,2024-01-01,2025-01-01,1,1,28480.944783714258,1.0,1,1,0.0,0.0,1,0
P_984,984,,participant,1,2019-05-13,2019,0.0,Male,Black,1981.0,39.0,0.0,0.0,0.0,0.0,0.0,0.0,2020-11-10,-2,2017,2017-01-01,2018-01-01,0,0,0.0,0.0,1,1,0.0,0.0,0,0
P_984,984,,participant,1,2019-05-13,2019,0.0,Male,Black,1981.0,39.0,0.0,0.0,0.0,0.0,0.0,0.0,2020-11-10,-1,2018,2018-01-01,2019-01-01,0,0,0.0,0.0,1,1,0.0,0.0,0,0
P_984,984,,participant,1,2019-05-13,2019,0.0,Male,Black,1981.0,39.0,0.0,0.0,0.0,0.0,0.0,0.0,2020-11-10,0,2019,2019-01-01,2020-01-01,1,1,1903.2443674028618,1.0,1,1,0.0,0.0,0,0
P_984,984,,participant,1,2019-05-13,2019,0.0,Male,Black,1981.0,39.0,0.0,0.0,0.0,0.0,0.0,0.0,2020-11-10,1,2020,2020-01-01,2021-01-01,1,1,0.0,0.0,1,1,0.0,0.0,0,0
P_988,988,,participant,1,2019-05-28,2019,0.0,Male,Black,1995.0,23.0,0.0,0.0,1.0,0.0,1.0,0.0,2020-11-25,-2,2017,2017-01-01,2018-01-01,0,0,0.0,0.0,1,1,0.0,0.0,1,0
P_988,988,,participant,1,2019-05-28,2019,0.0,Male,Black,1995.0,23.0,0.0,0.0,1.0,0.0,1.0,0.0,2020-11-25,-1,2018,2018-01-01,2019-01-01,0,0,0.0,0.0,1,1,0.0,0.0,1,0
P_988,988,,participant,1,2019-05-28,2019,0.0,Male,Black,1995.0,23.0,0.0,0.0,1.0,0.0,1.0,0.0,2020-11-25,0,2019,2019-01-01,2020-01-01,1,1,2164.636136845434,1.0,1,1,0.0,0.0,1,0
P_988,988,,participant,1,2019-05-28,2019,0.0,Male,Black,1995.0,23.0,0.0,0.0,1.0,0.0,1.0,0.0,2020-11-25,1,2020,2020-01-01,2021-01-01,1,1,7811.184750368194,1.0,1,1,1.0,1.0,1,1
P_991,991,,participant,1,2019-05-28,2019,0.0,Male,White,1977.0,39.0,1.0,0.0,1.0,0.0,0.0,0.0,2020-11-25,-2,2017,2017-01-01,2018-01-01,0,0,0.0,0.0,0,0,0.0,0.0,1,0
P_991,991,,participant,1,2019-05-28,2019,0.0,Male,White,1977.0,39.0,1.0,0.0,1.0,0.0,0.0,0.0,2020-11-25,-1,2018,2018-01-01,2019-01-01,0,0,0.0,0.0,0,0,0.0,0.0,1,0
P_991,991,,participant,1,2019-05-28,2019,0.0,Male,White,1977.0,39.0,1.0,0.0,1.0,0.0,0.0,0.0,2020-11-25,0,2019,2019-01-01,2020-01-01,1,1,20054.97060549487,1.0,0,0,0.0,0.0,1,0
P_991,991,,participant,1,2019-05-28,2019,0.0,Male,White,1977.0,39.0,1.0,0.0,1.0,0.0,0.0,0.0,2020-11-25,1,2020,2020-01-01,2021-01-01,1,1,26308.705606109477,1.0,0,0,0.0,0.0,1,0
P_993,993,,participant,1,2019-07-01,2019,0.0,Male,Black,1996.0,18.0,5.0,1.0,5.0,0.0,0.0,0.0,2020-12-29,-2,2017,2017-01-01,2018-01-01,0,0,0.0,0.0,0,0,0.0,0.0,1,0
P_993,993,,participant,1,2019-07-01,2019,0.0,Male,Black,1996.0,18.0,5.0,1.0,5.0,0.0,0.0,0.0,2020-12-29,-1,2018,2018-01-01,2019-01-01,0,0,0.0,0.0,0,0,0.0,0.0,1,0
P_993,993,,participant,1,2019-07-01,2019,0.0,Male,Black,1996.0,18.0,5.0,1.0,5.0,0.0,0.0,0.0,2020-12-29,0,2019,2019-01-01,2020-01-01,1,1,6505.096261655094,1.0,0,0,0.0,0.0,1,0
P_993,993,,participant,1,2019-07-01,2019,0.0,Male,Black,1996.0,18.0,5.0,1.0,5.0,0.0,0.0,0.0,2020-12-29,1,2020,2020-01-01,2021-01-01,1,1,13893.791092744523,1.0,0,0,0.0,0.0,1,0
P_996,996,,participant,1,2019-07-15,2019,0.0,Female,Black,1994.0,20.0,2.0,0.0,2.0,0.0,1.0,0.0,2021-01-12,-2,2017,2017-01-01,2018-01-01,0,0,0.0,0.0,0,0,0.0,0.0,1,0
P_996,996,,participant,1,2019-07-15,2019,0.0,Female,Black,1994.0,20.0,2.0,0.0,2.0,0.0,1.0,0.0,2021-01-12,-1,2018,2018-01-01,2019-01-01,0,0,0.0,0.0,0,0,0.0,0.0,1,0
P_996,996,,participant,1,2019-07-15,2019,0.0,Female,Black,1994.0,20.0,2.0,0.0,2.0,0.0,1.0,0.0,2021-01-12,0,2019,2019-01-01,2020-01-01,1,1,21580.62134982295,1.0,0,0,0.0,0.0,1,0
P_996,996,,participant,1,2019-07-15,2019,0.0,Female,Black,1994.0,20.0,2.0,0.0,2.0,0.0,1.0,0.0,2021-01-12,1,2020,2020-01-01,2021-01-01,1,1,38887.97488048936,1.0,0,0,0.0,0.0,1,0
P_997,997,,participant,1,2019-07-15,2019,0.0,Male,Black,1978.0,26.0,14.0,1.0,14.0,7295.546384252828,0.0,0.0,2021-01-12,-2,2017,2017-01-01,2018-01-01,0,0,0.0,0.0,0,0,0.0,0.0,1,0
P_997,997,,participant,1,2019-07-15,2019,0.0,Male,Black,1978.0,26.0,14.0,1.0,14.0,7295.546384252828,0.0,0.0,2021-01-12,-1,2018,2018-01-01,2019-01-01,0,0,0.0,0.0,0,0,0.0,0.0,1,0
P_997,997,,participant,1,2019-07-15,2019,0.0,Male,Black,1978.0,26.0,14.0,1.0,14.0,7295.546384252828,0.0,0.0,2021-01-12,0,2019,2019-01-01,2020-01-01,1,1,0.0,0.0,0,0,0.0,0.0,1,0
P_997,997,,participant,1,2019-07-15,2019,0.0,Male,Black,1978.0,26.0,14.0,1.0,14.0,7295.546384252828,0.0,0.0,2021-01-12,1,2020,2020-01-01,2021-01-01,1,1,418.32697095435685,1.0,0,0,0.0,0.0,1,0
P_998,998,,participant,1,2019-07-08,2019,0.0,Male,Black,1989.0,21.0,1.0,0.0,1.0,4951.041116874149,1.0,0.0,2021-01-05,-2,2017,2017-01-01,2018-01-01,0,0,0.0,0.0,1,1,0.0,0.0,1,0
P_998,998,,participant,1,2019-07-08,2019,0.0,Male,Black,1989.0,21.0,1.0,0.0,1.0,4951.041116874149,1.0,0.0,2021-01-05,-1,2018,2018-01-01,2019-01-01,0,0,0.0,0.0,1,1,0.0,0.0,1,0
P_998,998,,participant,1,2019-07-08,2019,0.0,Male,Black,1989.0,21.0,1.0,0.0,1.0,4951.041116874149,1.0,0.0,2021-01-05,0,2019,2019-01-01,2020-01-01,1,1,6295.150436492832,1.0,1,1,0.0,0.0,1,0
P_998,998,,participant,1,2019-07-08,2019,0.0,Male,Black,1989.0,21.0,1.0,0.0,1.0,4951.041116874149,1.0,0.0,2021-01-05,1,2020,2020-01-01,2021-01-01,1,1,5545.382941712027,1.0,1,1,0.0,0.0,1,0
P_999,999,,participant,1,2019-06-04,2019,0.0,Male,Black,2000.0,20.0,0.0,0.0,0.0,0.0,0.0,0.0,2020-12-02,-2,2017,2017-01-01,2018-01-01,0,0,0.0,0.0,0,0,0.0,0.0,0,0
P_999,999,,participant,1,2019-06-04,2019,0.0,Male,Black,2000.0,20.0,0.0,0.0,0.0,0.0,0.0,0.0,2020-12-02,-1,2018,2018-01-01,2019-01-01,0,0,0.0,0.0,0,0,0.0,0.0,0,0
P_999,999,,participant,1,2019-06-04,2019,0.0,Male,Black,2000.0,20.0,0.0,0.0,0.0,0.0,0.0,0.0,2020-12-02,0,2019,2019-01-01,2020-01-01,1,1,0.0,0.0,0,0,0.0,0.0,0,0
P_999,999,,participant,1,2019-06-04,2019,0.0,Male,Black,2000.0,20.0,0.0,0.0,0.0,0.0,0.0,0.0,2020-12-02,1,2020,2020-01-01,2021-01-01,1,1,0.0,0.0,0,0,0.0,0.0,0,0
