tip_id,year,treatment,end_year,StartDate,EndDate,Status,age_band,cohort_2022,race,gender,census_tract,participated_tip,graduated_tip,employed_full_year,employed_partial_year,earnings_full_year,offense_count_year,offended_year,has_offense_by_year,has_offense_prior_to_year
1416,2017,0,2022,2021-08-23,2022-03-11 00:00:00+00:00,Non Graduated,25-34,0.0,Unknown,Unknown,Unknown,0,0,0,0,0.0,0,0,0,0
1416,2018,0,2022,2021-08-23,2022-03-11 00:00:00+00:00,Non Graduated,25-34,0.0,Unknown,Unknown,Unknown,0,0,0,1,1163.025221934804,0,0,0,0
1416,2019,0,2022,2021-08-23,2022-03-11 00:00:00+00:00,Non Graduated,25-34,0.0,Unknown,Unknown,Unknown,0,0,0,1,893.5013255820497,0,0,0,0
1416,2020,0,2022,2021-08-23,2022-03-11 00:00:00+00:00,Non Graduated,25-34,0.0,Unknown,Unknown,Unknown,0,0,0,0,0.0,0,0,0,0
1416,2021,0,2022,2021-08-23,2022-03-11 00:00:00+00:00,Non Graduated,25-34,0.0,Unknown,Unknown,Unknown,0,0,0,0,0.0,0,0,0,0
1416,2022,0,2022,2021-08-23,2022-03-11 00:00:00+00:00,Non Graduated,25-34,0.0,Unknown,Unknown,Unknown,1,0,1,1,23295.06768875508,0,0,0,0
1416,2023,0,2022,2021-08-23,2022-03-11 00:00:00+00:00,Non Graduated,25-34,0.0,Unknown,Unknown,Unknown,1,0,0,1,19831.00811186321,0,0,0,0
1416,2024,0,2022,2021-08-23,2022-03-11 00:00:00+00:00,Non Graduated,25-34,0.0,Unknown,Unknown,Unknown,1,0,0,0,0.0,0,0,0,0
963,2017,1,2019,2019-04-15,2019-06-28 00:00:00+00:00,Graduated,25-34,0.0,Unknown,Unknown,Unknown,0,0,0,1,1495.8927001022212,0,0,0,0
963,2018,1,2019,2019-04-15,2019-06-28 00:00:00+00:00,Graduated,25-34,0.0,Unknown,Unknown,Unknown,0,0,0,1,1475.1330132957196,0,0,0,0
963,2019,1,2019,2019-04-15,2019-06-28 00:00:00+00:00,Graduated,25-34,0.0,Unknown,Unknown,Unknown,1,1,0,1,6937.2939402093,0,0,0,0
963,2020,1,2019,2019-04-15,2019-06-28 00:00:00+00:00,Graduated,25-34,0.0,Unknown,Unknown,Unknown,1,1,1,1,9095.361844299046,0,0,0,0
963,2021,1,2019,2019-04-15,2019-06-28 00:00:00+00:00,Graduated,25-34,0.0,Unknown,Unknown,Unknown,1,1,0,0,0.0,0,0,0,0
963,2022,1,2019,2019-04-15,2019-06-28 00:00:00+00:00,Graduated,25-34,0.0,Unknown,Unknown,Unknown,1,1,0,1,2591.534228711028,0,0,0,0
963,2023,1,2019,2019-04-15,2019-06-28 00:00:00+00:00,Graduated,25-34,0.0,Unknown,Unknown,Unknown,1,1,1,1,21126.107300353484,0,0,0,0
963,2024,1,2019,2019-04-15,2019-06-28 00:00:00+00:00,Graduated,25-34,0.0,Unknown,Unknown,Unknown,1,1,0,1,13683.063319958554,0,0,0,0
1427,2017,0,2021,2021-09-20,2021-10-01 00:00:00+00:00,Non Graduated,25-34,0.0,Unknown,Unknown,Unknown,0,0,0,0,0.0,0,0,0,0
1427,2018,0,2021,2021-09-20,2021-10-01 00:00:00+00:00,Non Graduated,25-34,0.0,Unknown,Unknown,Unknown,0,0,0,1,1396.657220160118,0,0,0,0
1427,2019,0,2021,2021-09-20,2021-10-01 00:00:00+00:00,Non Graduated,25-34,0.0,Unknown,Unknown,Unknown,0,0,1,1,4931.72692893046,0,0,0,0
1427,2020,0,2021,2021-09-20,2021-10-01 00:00:00+00:00,Non Graduated,25-34,0.0,Unknown,Unknown,Unknown,0,0,1,1,9292.17347551961,0,0,0,0
1427,2021,0,2021,2021-09-20,2021-10-01 00:00:00+00:00,Non Graduated,25-34,0.0,Unknown,Unknown,Unknown,1,0,1,1,9390.109737244195,0,0,0,0
1427,2022,0,2021,2021-09-20,2021-10-01 00:00:00+00:00,Non Graduated,25-34,0.0,Unknown,Unknown,Unknown,1,0,1,1,21236.18282717522,0,0,0,0
1427,2023,0,2021,2021-09-20,2021-10-01 00:00:00+00:00,Non Graduated,25-34,0.0,Unknown,Unknown,Unknown,1,0,1,1,31974.691831357726,0,0,0,0
1427,2024,0,2021,2021-09-20,2021-10-01 00:00:00+00:00,Non Graduated,25-34,0.0,Unknown,Unknown,Unknown,1,0,0,1,22449.219814043812,0,0,0,0
1032,2017,1,2019,2019-07-22,2019-10-04 00:00:00+00:00,Graduated,25-34,0.0,Unknown,Unknown,Unknown,0,0,1,1,14551.479423598945,0,0,0,0
1032,2018,1,2019,2019-07-22,2019-10-04 00:00:00+00:00,Graduated,25-34,0.0,Unknown,Unknown,Unknown,0,0,0,1,7707.99877895833,0,0,0,0
1032,2019,1,2019,2019-07-22,2019-10-04 00:00:00+00:00,Graduated,25-34,0.0,Unknown,Unknown,Unknown,1,1,0,1,2214.309084900984,0,0,0,0
1032,2020,1,2019,2019-07-22,2019-10-04 00:00:00+00:00,Graduated,25-34,0.0,Unknown,Unknown,Unknown,1,1,0,0,0.0,0,0,0,0
1032,2021,1,2019,2019-07-22,2019-10-04 00:00:00+00:00,Graduated,25-34,0.0,Unknown,Unknown,Unknown,1,1,0,0,0.0,0,0,0,0
1032,2022,1,2019,2019-07-22,2019-10-04 00:00:00+00:00,Graduated,25-34,0.0,Unknown,Unknown,Unknown,1,1,0,0,0.0,0,0,0,0
1032,2023,1,2019,2019-07-22,2019-10-04 00:00:00+00:00,Graduated,25-34,0.0,Unknown,Unknown,Unknown,1,1,0,1,122.54524590377706,0,0,0,0
1032,2024,1,2019,2019-07-22,2019-10-04 00:00:00+00:00,Graduated,25-34,0.0,Unknown,Unknown,Unknown,1,1,0,0,0.0,0,0,0,0
1434,2017,0,2021,2021-10-18,2021-12-02 00:00:00+00:00,Non Graduated,<=24,0.0,Unknown,Unknown,Unknown,0,0,1,1,55711.13667677916,0,0,0,0
1434,2018,0,2021,2021-10-18,2021-12-02 00:00:00+00:00,Non Graduated,<=24,0.0,Unknown,Unknown,Unknown,0,0,1,1,41670.03389653124,0,0,0,0
1434,2019,0,2021,2021-10-18,2021-12-02 00:00:00+00:00,Non Graduated,<=24,0.0,Unknown,Unknown,Unknown,0,0,1,1,43601.69534994656,0,0,0,0
1434,2020,0,2021,2021-10-18,2021-12-02 00:00:00+00:00,Non Graduated,<=24,0.0,Unknown,Unknown,Unknown,0,0,1,1,33256.8579223072,0,0,0,0
1434,2021,0,2021,2021-10-18,2021-12-02 00:00:00+00:00,Non Graduated,<=24,0.0,Unknown,Unknown,Unknown,1,0,1,1,31355.344738261236,0,0,0,0
1434,2022,0,2021,2021-10-18,2021-12-02 00:00:00+00:00,Non Graduated,<=24,0.0,Unknown,Unknown,Unknown,1,0,1,1,30612.64474944104,0,0,0,0
1434,2023,0,2021,2021-10-18,2021-12-02 00:00:00+00:00,Non Graduated,<=24,0.0,Unknown,Unknown,Unknown,1,0,1,1,40268.35664501552,0,0,0,0
1434,2024,0,2021,2021-10-18,2021-12-02 00:00:00+00:00,Non Graduated,<=24,0.0,Unknown,Unknown,Unknown,1,0,0,1,8136.314780425957,0,0,0,0
996,2017,1,2019,2019-07-15,2019-09-27 00:00:00+00:00,Graduated,<=24,0.0,Unknown,Unknown,Unknown,0,0,1,1,27325.761951472818,0,0,0,0
996,2018,1,2019,2019-07-15,2019-09-27 00:00:00+00:00,Graduated,<=24,0.0,Unknown,Unknown,Unknown,0,0,1,1,28592.59263851664,0,0,0,0
996,2019,1,2019,2019-07-15,2019-09-27 00:00:00+00:00,Graduated,<=24,0.0,Unknown,Unknown,Unknown,1,1,1,1,42720.18882059363,0,0,0,0
996,2020,1,2019,2019-07-15,2019-09-27 00:00:00+00:00,Graduated,<=24,0.0,Unknown,Unknown,Unknown,1,1,1,1,38887.97488048935,0,0,0,0
996,2021,1,2019,2019-07-15,2019-09-27 00:00:00+00:00,Graduated,<=24,0.0,Unknown,Unknown,Unknown,1,1,0,1,16242.733009847181,0,0,0,0
996,2022,1,2019,2019-07-15,2019-09-27 00:00:00+00:00,Graduated,<=24,0.0,Unknown,Unknown,Unknown,1,1,1,1,45277.649312701404,0,0,0,0
996,2023,1,2019,2019-07-15,2019-09-27 00:00:00+00:00,Graduated,<=24,0.0,Unknown,Unknown,Unknown,1,1,1,1,24788.41755826309,0,0,0,0
996,2024,1,2019,2019-07-15,2019-09-27 00:00:00+00:00,Graduated,<=24,0.0,Unknown,Unknown,Unknown,1,1,0,1,4590.597694788952,0,0,0,0
861,2017,0,2018,2018-10-22,2018-11-16 00:00:00+00:00,Non Graduated,25-34,0.0,Unknown,Unknown,Unknown,0,0,1,1,11397.589601340584,0,0,0,0
861,2018,0,2018,2018-10-22,2018-11-16 00:00:00+00:00,Non Graduated,25-34,0.0,Unknown,Unknown,Unknown,1,0,0,1,632.0286745769862,0,0,0,0
861,2019,0,2018,2018-10-22,2018-11-16 00:00:00+00:00,Non Graduated,25-34,0.0,Unknown,Unknown,Unknown,1,0,0,1,14193.054668673401,0,0,0,0
861,2020,0,2018,2018-10-22,2018-11-16 00:00:00+00:00,Non Graduated,25-34,0.0,Unknown,Unknown,Unknown,1,0,0,1,8565.691369496273,2,1,1,0
861,2021,0,2018,2018-10-22,2018-11-16 00:00:00+00:00,Non Graduated,25-34,0.0,Unknown,Unknown,Unknown,1,0,0,1,20432.42632547511,0,0,1,1
861,2022,0,2018,2018-10-22,2018-11-16 00:00:00+00:00,Non Graduated,25-34,0.0,Unknown,Unknown,Unknown,1,0,0,1,20642.879784424968,0,0,1,1
861,2023,0,2018,2018-10-22,2018-11-16 00:00:00+00:00,Non Graduated,25-34,0.0,Unknown,Unknown,Unknown,1,0,0,1,15579.936798290626,0,0,1,1
861,2024,0,2018,2018-10-22,2018-11-16 00:00:00+00:00,Non Graduated,25-34,0.0,Unknown,Unknown,Unknown,1,0,0,1,14677.112602897114,0,0,1,1
938,2017,1,2019,2019-03-04,2019-04-05 00:00:00+00:00,Graduated,25-34,0.0,Unknown,Unknown,Unknown,0,0,1,1,22824.798063023925,0,0,0,0
938,2018,1,2019,2019-03-04,2019-04-05 00:00:00+00:00,Graduated,25-34,0.0,Unknown,Unknown,Unknown,0,0,0,1,6100.16751005729,2,1,1,0
938,2019,1,2019,2019-03-04,2019-04-05 00:00:00+00:00,Graduated,25-34,0.0,Unknown,Unknown,Unknown,1,1,0,1,2795.5873876804144,1,1,1,1
938,2020,1,2019,2019-03-04,2019-04-05 00:00:00+00:00,Graduated,25-34,0.0,Unknown,Unknown,Unknown,1,1,0,1,2039.8332656484506,0,0,1,1
938,2021,1,2019,2019-03-04,2019-04-05 00:00:00+00:00,Graduated,25-34,0.0,Unknown,Unknown,Unknown,1,1,1,1,7277.904736103523,0,0,1,1
938,2022,1,2019,2019-03-04,2019-04-05 00:00:00+00:00,Graduated,25-34,0.0,Unknown,Unknown,Unknown,1,1,0,1,2497.784605810588,1,1,1,1
938,2023,1,2019,2019-03-04,2019-04-05 00:00:00+00:00,Graduated,25-34,0.0,Unknown,Unknown,Unknown,1,1,1,1,13792.0570776832,0,0,1,1
938,2024,1,2019,2019-03-04,2019-04-05 00:00:00+00:00,Graduated,25-34,0.0,Unknown,Unknown,Unknown,1,1,0,1,5170.984497240057,1,1,1,1
910,2017,0,2019,2019-01-30,2019-02-13 00:00:00+00:00,Non Graduated,25-34,0.0,Unknown,Unknown,Unknown,0,0,1,1,75959.96540198881,0,0,0,0
910,2018,0,2019,2019-01-30,2019-02-13 00:00:00+00:00,Non Graduated,25-34,0.0,Unknown,Unknown,Unknown,0,0,1,1,51839.5827847553,0,0,0,0
910,2019,0,2019,2019-01-30,2019-02-13 00:00:00+00:00,Non Graduated,25-34,0.0,Unknown,Unknown,Unknown,1,0,1,1,7826.964273119756,0,0,0,0
910,2020,0,2019,2019-01-30,2019-02-13 00:00:00+00:00,Non Graduated,25-34,0.0,Unknown,Unknown,Unknown,1,0,0,0,0.0,0,0,0,0
910,2021,0,2019,2019-01-30,2019-02-13 00:00:00+00:00,Non Graduated,25-34,0.0,Unknown,Unknown,Unknown,1,0,0,0,0.0,0,0,0,0
910,2022,0,2019,2019-01-30,2019-02-13 00:00:00+00:00,Non Graduated,25-34,0.0,Unknown,Unknown,Unknown,1,0,0,0,0.0,0,0,0,0
910,2023,0,2019,2019-01-30,2019-02-13 00:00:00+00:00,Non Graduated,25-34,0.0,Unknown,Unknown,Unknown,1,0,0,0,0.0,0,0,0,0
910,2024,0,2019,2019-01-30,2019-02-13 00:00:00+00:00,Non Graduated,25-34,0.0,Unknown,Unknown,Unknown,1,0,0,0,0.0,0,0,0,0
1140,2017,1,2020,2020-01-20,2020-04-03 00:00:00+00:00,Graduated,25-34,0.0,Unknown,Unknown,Unknown,0,0,1,1,18794.07662960673,0,0,1,1
1140,2018,1,2020,2020-01-20,2020-04-03 00:00:00+00:00,Graduated,25-34,0.0,Unknown,Unknown,Unknown,0,0,0,1,9665.976559461287,2,1,1,1
1140,2019,1,2020,2020-01-20,2020-04-03 00:00:00+00:00,Graduated,25-34,0.0,Unknown,Unknown,Unknown,0,0,0,1,9534.846136773835,0,0,1,1
1140,2020,1,2020,2020-01-20,2020-04-03 00:00:00+00:00,Graduated,25-34,0.0,Unknown,Unknown,Unknown,1,1,0,1,6196.7542605690505,0,0,1,1
1140,2021,1,2020,2020-01-20,2020-04-03 00:00:00+00:00,Graduated,25-34,0.0,Unknown,Unknown,Unknown,1,1,1,1,13536.717139156008,0,0,1,1
1140,2022,1,2020,2020-01-20,2020-04-03 00:00:00+00:00,Graduated,25-34,0.0,Unknown,Unknown,Unknown,1,1,0,1,1547.031070032845,1,1,1,1
1140,2023,1,2020,2020-01-20,2020-04-03 00:00:00+00:00,Graduated,25-34,0.0,Unknown,Unknown,Unknown,1,1,0,1,1143.873691041562,0,0,1,1
1140,2024,1,2020,2020-01-20,2020-04-03 00:00:00+00:00,Graduated,25-34,0.0,Unknown,Unknown,Unknown,1,1,0,1,12291.72549495252,0,0,1,1
1125,2017,0,2020,2019-12-16,2020-01-08 00:00:00+00:00,Non Graduated,25-34,0.0,Unknown,Unknown,Unknown,0,0,0,1,22013.14343799042,0,0,0,0
1125,2018,0,2020,2019-12-16,2020-01-08 00:00:00+00:00,Non Graduated,25-34,0.0,Unknown,Unknown,Unknown,0,0,1,1,34513.376546919826,0,0,0,0
1125,2019,0,2020,2019-12-16,2020-01-08 00:00:00+00:00,Non Graduated,25-34,0.0,Unknown,Unknown,Unknown,0,0,1,1,20974.6187162039,0,0,0,0
1125,2020,0,2020,2019-12-16,2020-01-08 00:00:00+00:00,Non Graduated,25-34,0.0,Unknown,Unknown,Unknown,1,0,1,1,22329.303202886847,0,0,0,0
1125,2021,0,2020,2019-12-16,2020-01-08 00:00:00+00:00,Non Graduated,25-34,0.0,Unknown,Unknown,Unknown,1,0,0,1,6096.309316288979,2,1,1,0
1125,2022,0,2020,2019-12-16,2020-01-08 00:00:00+00:00,Non Graduated,25-34,0.0,Unknown,Unknown,Unknown,1,0,1,1,33986.22008430136,0,0,1,1
1125,2023,0,2020,2019-12-16,2020-01-08 00:00:00+00:00,Non Graduated,25-34,0.0,Unknown,Unknown,Unknown,1,0,1,1,31384.91330791768,1,1,1,1
1125,2024,0,2020,2019-12-16,2020-01-08 00:00:00+00:00,Non Graduated,25-34,0.0,Unknown,Unknown,Unknown,1,0,0,1,18385.531708150244,0,0,1,1
1136,2017,1,2020,2020-01-20,2020-03-06 00:00:00+00:00,Graduated,25-34,0.0,Unknown,Unknown,Unknown,0,0,0,1,20248.445652350274,0,0,0,0
1136,2018,1,2020,2020-01-20,2020-03-06 00:00:00+00:00,Graduated,25-34,0.0,Unknown,Unknown,Unknown,0,0,1,1,73655.09042106633,0,0,0,0
1136,2019,1,2020,2020-01-20,2020-03-06 00:00:00+00:00,Graduated,25-34,0.0,Unknown,Unknown,Unknown,0,0,1,1,77598.38016666728,0,0,0,0
1136,2020,1,2020,2020-01-20,2020-03-06 00:00:00+00:00,Graduated,25-34,0.0,Unknown,Unknown,Unknown,1,1,1,1,76702.87920238929,0,0,0,0
1136,2021,1,2020,2020-01-20,2020-03-06 00:00:00+00:00,Graduated,25-34,0.0,Unknown,Unknown,Unknown,1,1,1,1,74027.57209106289,0,0,0,0
1136,2022,1,2020,2020-01-20,2020-03-06 00:00:00+00:00,Graduated,25-34,0.0,Unknown,Unknown,Unknown,1,1,1,1,72372.94511432329,4,1,1,0
1136,2023,1,2020,2020-01-20,2020-03-06 00:00:00+00:00,Graduated,25-34,0.0,Unknown,Unknown,Unknown,1,1,1,1,62987.882479753964,0,0,1,1
1136,2024,1,2020,2020-01-20,2020-03-06 00:00:00+00:00,Graduated,25-34,0.0,Unknown,Unknown,Unknown,1,1,0,1,44804.71529701895,0,0,1,1
1260,2017,0,2020,2020-10-12,2020-12-01 00:00:00+00:00,Non Graduated,25-34,0.0,Unknown,Unknown,Unknown,0,0,1,1,32630.985811865503,1,1,1,0
1260,2018,0,2020,2020-10-12,2020-12-01 00:00:00+00:00,Non Graduated,25-34,0.0,Unknown,Unknown,Unknown,0,0,1,1,25926.548344032606,0,0,1,1
1260,2019,0,2020,2020-10-12,2020-12-01 00:00:00+00:00,Non Graduated,25-34,0.0,Unknown,Unknown,Unknown,0,0,1,1,22817.348955123252,0,0,1,1
1260,2020,0,2020,2020-10-12,2020-12-01 00:00:00+00:00,Non Graduated,25-34,0.0,Unknown,Unknown,Unknown,1,0,0,1,3836.6969141661657,0,0,1,1
1260,2021,0,2020,2020-10-12,2020-12-01 00:00:00+00:00,Non Graduated,25-34,0.0,Unknown,Unknown,Unknown,1,0,0,1,7638.693007941119,0,0,1,1
1260,2022,0,2020,2020-10-12,2020-12-01 00:00:00+00:00,Non Graduated,25-34,0.0,Unknown,Unknown,Unknown,1,0,1,1,31727.5139298011,0,0,1,1
1260,2023,0,2020,2020-10-12,2020-12-01 00:00:00+00:00,Non Graduated,25-34,0.0,Unknown,Unknown,Unknown,1,0,1,1,42691.35605728092,0,0,1,1
1260,2024,0,2020,2020-10-12,2020-12-01 00:00:00+00:00,Non Graduated,25-34,0.0,Unknown,Unknown,Unknown,1,0,0,1,32933.47254206453,0,0,1,1
1298,2017,1,2021,2021-02-16,2021-03-16 00:00:00+00:00,Graduated,25-34,0.0,Unknown,Unknown,Unknown,0,0,1,1,8809.457964426727,0,0,0,0
1298,2018,1,2021,2021-02-16,2021-03-16 00:00:00+00:00,Graduated,25-34,0.0,Unknown,Unknown,Unknown,0,0,0,1,2464.3856531031925,0,0,0,0
1298,2019,1,2021,2021-02-16,2021-03-16 00:00:00+00:00,Graduated,25-34,0.0,Unknown,Unknown,Unknown,0,0,1,1,9999.54382671748,0,0,0,0
1298,2020,1,2021,2021-02-16,2021-03-16 00:00:00+00:00,Graduated,25-34,0.0,Unknown,Unknown,Unknown,0,0,0,1,2984.730412934828,0,0,0,0
1298,2021,1,2021,2021-02-16,2021-03-16 00:00:00+00:00,Graduated,25-34,0.0,Unknown,Unknown,Unknown,1,1,0,1,2060.3263904983273,0,0,0,0
1298,2022,1,2021,2021-02-16,2021-03-16 00:00:00+00:00,Graduated,25-34,0.0,Unknown,Unknown,Unknown,1,1,0,0,0.0,0,0,0,0
1298,2023,1,2021,2021-02-16,2021-03-16 00:00:00+00:00,Graduated,25-34,0.0,Unknown,Unknown,Unknown,1,1,0,0,0.0,0,0,0,0
1298,2024,1,2021,2021-02-16,2021-03-16 00:00:00+00:00,Graduated,25-34,0.0,Unknown,Unknown,Unknown,1,1,0,0,0.0,0,0,0,0
1243,2017,0,2020,2020-08-17,2020-11-09 00:00:00+00:00,Non Graduated,25-34,0.0,Unknown,Unknown,Unknown,0,0,0,1,4205.341337169631,1,1,1,0
1243,2018,0,2020,2020-08-17,2020-11-09 00:00:00+00:00,Non Graduated,25-34,0.0,Unknown,Unknown,Unknown,0,0,0,1,216.85494121512778,3,1,1,1
1243,2019,0,2020,2020-08-17,2020-11-09 00:00:00+00:00,Non Graduated,25-34,0.0,Unknown,Unknown,Unknown,0,0,0,1,5663.216120601426,0,0,1,1
1243,2020,0,2020,2020-08-17,2020-11-09 00:00:00+00:00,Non Graduated,25-34,0.0,Unknown,Unknown,Unknown,1,0,0,1,154.2675890875865,1,1,1,1
1243,2021,0,2020,2020-08-17,2020-11-09 00:00:00+00:00,Non Graduated,25-34,0.0,Unknown,Unknown,Unknown,1,0,0,0,0.0,0,0,1,1
1243,2022,0,2020,2020-08-17,2020-11-09 00:00:00+00:00,Non Graduated,25-34,0.0,Unknown,Unknown,Unknown,1,0,0,0,0.0,0,0,1,1
1243,2023,0,2020,2020-08-17,2020-11-09 00:00:00+00:00,Non Graduated,25-34,0.0,Unknown,Unknown,Unknown,1,0,0,1,3677.054723145376,0,0,1,1
1243,2024,0,2020,2020-08-17,2020-11-09 00:00:00+00:00,Non Graduated,25-34,0.0,Unknown,Unknown,Unknown,1,0,0,1,2611.759039010749,0,0,1,1
1318,2017,1,2021,2021-03-01,2021-05-10 00:00:00+00:00,Graduated,25-34,0.0,Unknown,Unknown,Unknown,0,0,0,1,10591.49365472977,0,0,0,0
1318,2018,1,2021,2021-03-01,2021-05-10 00:00:00+00:00,Graduated,25-34,0.0,Unknown,Unknown,Unknown,0,0,1,1,30183.221597792526,0,0,0,0
1318,2019,1,2021,2021-03-01,2021-05-10 00:00:00+00:00,Graduated,25-34,0.0,Unknown,Unknown,Unknown,0,0,1,1,35389.44602396561,0,0,0,0
1318,2020,1,2021,2021-03-01,2021-05-10 00:00:00+00:00,Graduated,25-34,0.0,Unknown,Unknown,Unknown,0,0,1,1,34688.85983538478,0,0,0,0
1318,2021,1,2021,2021-03-01,2021-05-10 00:00:00+00:00,Graduated,25-34,0.0,Unknown,Unknown,Unknown,1,1,1,1,28898.573740618973,0,0,0,0
1318,2022,1,2021,2021-03-01,2021-05-10 00:00:00+00:00,Graduated,25-34,0.0,Unknown,Unknown,Unknown,1,1,1,1,43344.630846363005,0,0,0,0
1318,2023,1,2021,2021-03-01,2021-05-10 00:00:00+00:00,Graduated,25-34,0.0,Unknown,Unknown,Unknown,1,1,1,1,47521.8892599135,0,0,0,0
1318,2024,1,2021,2021-03-01,2021-05-10 00:00:00+00:00,Graduated,25-34,0.0,Unknown,Unknown,Unknown,1,1,0,1,34037.66698498149,1,1,1,0
1189,2017,0,2020,2020-05-26,2020-07-02 00:00:00+00:00,Non Graduated,25-34,0.0,Unknown,Unknown,Unknown,0,0,1,1,26678.768313066346,0,0,0,0
1189,2018,0,2020,2020-05-26,2020-07-02 00:00:00+00:00,Non Graduated,25-34,0.0,Unknown,Unknown,Unknown,0,0,1,1,29299.136007641628,0,0,0,0
1189,2019,0,2020,2020-05-26,2020-07-02 00:00:00+00:00,Non Graduated,25-34,0.0,Unknown,Unknown,Unknown,0,0,0,1,24930.25729021479,0,0,0,0
1189,2020,0,2020,2020-05-26,2020-07-02 00:00:00+00:00,Non Graduated,25-34,0.0,Unknown,Unknown,Unknown,1,0,0,1,11650.675664071026,0,0,0,0
1189,2021,0,2020,2020-05-26,2020-07-02 00:00:00+00:00,Non Graduated,25-34,0.0,Unknown,Unknown,Unknown,1,0,1,1,38598.70100517643,0,0,0,0
1189,2022,0,2020,2020-05-26,2020-07-02 00:00:00+00:00,Non Graduated,25-34,0.0,Unknown,Unknown,Unknown,1,0,1,1,35182.80371251515,0,0,0,0
1189,2023,0,2020,2020-05-26,2020-07-02 00:00:00+00:00,Non Graduated,25-34,0.0,Unknown,Unknown,Unknown,1,0,1,1,34527.963796522235,0,0,0,0
1189,2024,0,2020,2020-05-26,2020-07-02 00:00:00+00:00,Non Graduated,25-34,0.0,Unknown,Unknown,Unknown,1,0,0,1,2250.40382029379,0,0,0,0
1256,2017,1,2020,2020-09-28,2020-12-04 00:00:00+00:00,Graduated,25-34,0.0,Unknown,Unknown,Unknown,0,0,1,1,40187.58131272472,0,0,0,0
1256,2018,1,2020,2020-09-28,2020-12-04 00:00:00+00:00,Graduated,25-34,0.0,Unknown,Unknown,Unknown,0,0,0,1,13771.302806360487,0,0,0,0
1256,2019,1,2020,2020-09-28,2020-12-04 00:00:00+00:00,Graduated,25-34,0.0,Unknown,Unknown,Unknown,0,0,0,1,5053.963205500638,0,0,0,0
1256,2020,1,2020,2020-09-28,2020-12-04 00:00:00+00:00,Graduated,25-34,0.0,Unknown,Unknown,Unknown,1,1,0,1,3821.8004343531175,0,0,0,0
1256,2021,1,2020,2020-09-28,2020-12-04 00:00:00+00:00,Graduated,25-34,0.0,Unknown,Unknown,Unknown,1,1,0,1,3169.2854846795813,0,0,0,0
1256,2022,1,2020,2020-09-28,2020-12-04 00:00:00+00:00,Graduated,25-34,0.0,Unknown,Unknown,Unknown,1,1,0,1,2671.542430619301,0,0,0,0
1256,2023,1,2020,2020-09-28,2020-12-04 00:00:00+00:00,Graduated,25-34,0.0,Unknown,Unknown,Unknown,1,1,0,1,14594.966282147976,0,0,0,0
1256,2024,1,2020,2020-09-28,2020-12-04 00:00:00+00:00,Graduated,25-34,0.0,Unknown,Unknown,Unknown,1,1,0,1,8096.075364103708,0,0,0,0
1268,2017,0,2021,2020-10-12,2021-01-07 00:00:00+00:00,Non Graduated,25-34,0.0,Unknown,Unknown,Unknown,0,0,0,1,132.60508307707266,0,0,0,0
1268,2018,0,2021,2020-10-12,2021-01-07 00:00:00+00:00,Non Graduated,25-34,0.0,Unknown,Unknown,Unknown,0,0,1,1,31232.753378504185,0,0,0,0
1268,2019,0,2021,2020-10-12,2021-01-07 00:00:00+00:00,Non Graduated,25-34,0.0,Unknown,Unknown,Unknown,0,0,1,1,36099.87288204806,0,0,0,0
1268,2020,0,2021,2020-10-12,2021-01-07 00:00:00+00:00,Non Graduated,25-34,0.0,Unknown,Unknown,Unknown,0,0,0,1,14957.642844036793,0,0,0,0
1268,2021,0,2021,2020-10-12,2021-01-07 00:00:00+00:00,Non Graduated,25-34,0.0,Unknown,Unknown,Unknown,1,0,0,1,8635.913310309777,0,0,0,0
1268,2022,0,2021,2020-10-12,2021-01-07 00:00:00+00:00,Non Graduated,25-34,0.0,Unknown,Unknown,Unknown,1,0,1,1,34397.920739353736,0,0,0,0
1268,2023,0,2021,2020-10-12,2021-01-07 00:00:00+00:00,Non Graduated,25-34,0.0,Unknown,Unknown,Unknown,1,0,1,1,52702.159033740754,0,0,0,0
1268,2024,0,2021,2020-10-12,2021-01-07 00:00:00+00:00,Non Graduated,25-34,0.0,Unknown,Unknown,Unknown,1,0,0,1,29172.10614590712,0,0,0,0
1431,2017,1,2021,2021-09-20,2021-10-14 00:00:00+00:00,Graduated,25-34,0.0,Unknown,Unknown,Unknown,0,0,0,1,7499.732591231981,0,0,0,0
1431,2018,1,2021,2021-09-20,2021-10-14 00:00:00+00:00,Graduated,25-34,0.0,Unknown,Unknown,Unknown,0,0,0,1,16341.249248447468,0,0,0,0
1431,2019,1,2021,2021-09-20,2021-10-14 00:00:00+00:00,Graduated,25-34,0.0,Unknown,Unknown,Unknown,0,0,0,1,20042.98423274947,0,0,0,0
1431,2020,1,2021,2021-09-20,2021-10-14 00:00:00+00:00,Graduated,25-34,0.0,Unknown,Unknown,Unknown,0,0,1,1,54880.48606198984,0,0,0,0
1431,2021,1,2021,2021-09-20,2021-10-14 00:00:00+00:00,Graduated,25-34,0.0,Unknown,Unknown,Unknown,1,1,1,1,47576.022971184844,0,0,0,0
1431,2022,1,2021,2021-09-20,2021-10-14 00:00:00+00:00,Graduated,25-34,0.0,Unknown,Unknown,Unknown,1,1,1,1,53775.99473844879,0,0,0,0
1431,2023,1,2021,2021-09-20,2021-10-14 00:00:00+00:00,Graduated,25-34,0.0,Unknown,Unknown,Unknown,1,1,1,1,39302.071162251406,0,0,0,0
1431,2024,1,2021,2021-09-20,2021-10-14 00:00:00+00:00,Graduated,25-34,0.0,Unknown,Unknown,Unknown,1,1,0,1,19164.0284809309,0,0,0,0
924,2017,0,2019,2019-02-18,2019-05-22 00:00:00+00:00,Non Graduated,25-34,0.0,Unknown,Unknown,Unknown,0,0,0,1,637.5289626973438,0,0,0,0
924,2018,0,2019,2019-02-18,2019-05-22 00:00:00+00:00,Non Graduated,25-34,0.0,Unknown,Unknown,Unknown,0,0,0,1,1853.5208272798554,22,1,1,0
924,2019,0,2019,2019-02-18,2019-05-22 00:00:00+00:00,Non Graduated,25-34,0.0,Unknown,Unknown,Unknown,1,0,1,1,24106.828924719797,0,0,1,1
924,2020,0,2019,2019-02-18,2019-05-22 00:00:00+00:00,Non Graduated,25-34,0.0,Unknown,Unknown,Unknown,1,0,1,1,32320.22996251715,0,0,1,1
924,2021,0,2019,2019-02-18,2019-05-22 00:00:00+00:00,Non Graduated,25-34,0.0,Unknown,Unknown,Unknown,1,0,1,1,40491.132896027055,0,0,1,1
924,2022,0,2019,2019-02-18,2019-05-22 00:00:00+00:00,Non Graduated,25-34,0.0,Unknown,Unknown,Unknown,1,0,1,1,27892.669951340133,0,0,1,1
924,2023,0,2019,2019-02-18,2019-05-22 00:00:00+00:00,Non Graduated,25-34,0.0,Unknown,Unknown,Unknown,1,0,0,1,20143.02198388287,0,0,1,1
924,2024,0,2019,2019-02-18,2019-05-22 00:00:00+00:00,Non Graduated,25-34,0.0,Unknown,Unknown,Unknown,1,0,0,0,0.0,0,0,1,1
1034,2017,1,2019,2019-08-12,2019-10-11 00:00:00+00:00,Graduated,25-34,0.0,Unknown,Unknown,Unknown,0,0,0,1,8304.3556943689,0,0,1,1
1034,2018,1,2019,2019-08-12,2019-10-11 00:00:00+00:00,Graduated,25-34,0.0,Unknown,Unknown,Unknown,0,0,0,1,5254.206143758514,0,0,1,1
1034,2019,1,2019,2019-08-12,2019-10-11 00:00:00+00:00,Graduated,25-34,0.0,Unknown,Unknown,Unknown,1,1,0,1,9135.95359172611,0,0,1,1
1034,2020,1,2019,2019-08-12,2019-10-11 00:00:00+00:00,Graduated,25-34,0.0,Unknown,Unknown,Unknown,1,1,0,1,1171.4714774148015,0,0,1,1
1034,2021,1,2019,2019-08-12,2019-10-11 00:00:00+00:00,Graduated,25-34,0.0,Unknown,Unknown,Unknown,1,1,0,1,8907.146288691263,0,0,1,1
1034,2022,1,2019,2019-08-12,2019-10-11 00:00:00+00:00,Graduated,25-34,0.0,Unknown,Unknown,Unknown,1,1,0,1,12033.24248594217,0,0,1,1
1034,2023,1,2019,2019-08-12,2019-10-11 00:00:00+00:00,Graduated,25-34,0.0,Unknown,Unknown,Unknown,1,1,0,0,0.0,0,0,1,1
1034,2024,1,2019,2019-08-12,2019-10-11 00:00:00+00:00,Graduated,25-34,0.0,Unknown,Unknown,Unknown,1,1,0,1,5515.048118347002,0,0,1,1
1430,2017,0,2021,2021-09-20,2021-12-14 00:00:00+00:00,Non Graduated,25-34,0.0,Unknown,Unknown,Unknown,0,0,0,1,8792.641714396974,0,0,0,0
1430,2018,0,2021,2021-09-20,2021-12-14 00:00:00+00:00,Non Graduated,25-34,0.0,Unknown,Unknown,Unknown,0,0,1,1,23884.248067701472,0,0,0,0
1430,2019,0,2021,2021-09-20,2021-12-14 00:00:00+00:00,Non Graduated,25-34,0.0,Unknown,Unknown,Unknown,0,0,0,1,7450.101137917063,0,0,0,0
1430,2020,0,2021,2021-09-20,2021-12-14 00:00:00+00:00,Non Graduated,25-34,0.0,Unknown,Unknown,Unknown,0,0,1,1,27249.937034631977,0,0,0,0
1430,2021,0,2021,2021-09-20,2021-12-14 00:00:00+00:00,Non Graduated,25-34,0.0,Unknown,Unknown,Unknown,1,0,0,0,0.0,0,0,0,0
1430,2022,0,2021,2021-09-20,2021-12-14 00:00:00+00:00,Non Graduated,25-34,0.0,Unknown,Unknown,Unknown,1,0,0,1,15204.183109273836,0,0,0,0
1430,2023,0,2021,2021-09-20,2021-12-14 00:00:00+00:00,Non Graduated,25-34,0.0,Unknown,Unknown,Unknown,1,0,0,1,12225.452069731176,0,0,0,0
1430,2024,0,2021,2021-09-20,2021-12-14 00:00:00+00:00,Non Graduated,25-34,0.0,Unknown,Unknown,Unknown,1,0,0,1,31382.429022796747,0,0,0,0
864,2017,1,2019,2018-10-22,2019-01-04 00:00:00+00:00,Graduated,25-34,0.0,Unknown,Unknown,Unknown,0,0,1,1,32181.358165984675,0,0,0,0
864,2018,1,2019,2018-10-22,2019-01-04 00:00:00+00:00,Graduated,25-34,0.0,Unknown,Unknown,Unknown,0,0,1,1,17374.81308644295,0,0,0,0
864,2019,1,2019,2018-10-22,2019-01-04 00:00:00+00:00,Graduated,25-34,0.0,Unknown,Unknown,Unknown,1,1,1,1,11832.653171917942,0,0,0,0
864,2020,1,2019,2018-10-22,2019-01-04 00:00:00+00:00,Graduated,25-34,0.0,Unknown,Unknown,Unknown,1,1,1,1,23437.6773013585,0,0,0,0
864,2021,1,2019,2018-10-22,2019-01-04 00:00:00+00:00,Graduated,25-34,0.0,Unknown,Unknown,Unknown,1,1,1,1,2869.9907541402017,0,0,0,0
864,2022,1,2019,2018-10-22,2019-01-04 00:00:00+00:00,Graduated,25-34,0.0,Unknown,Unknown,Unknown,1,1,0,0,0.0,0,0,0,0
864,2023,1,2019,2018-10-22,2019-01-04 00:00:00+00:00,Graduated,25-34,0.0,Unknown,Unknown,Unknown,1,1,0,0,0.0,0,0,0,0
864,2024,1,2019,2018-10-22,2019-01-04 00:00:00+00:00,Graduated,25-34,0.0,Unknown,Unknown,Unknown,1,1,0,0,0.0,0,0,0,0
950,2017,0,2019,2019-03-25,2019-05-13 00:00:00+00:00,Non Graduated,25-34,0.0,Unknown,Unknown,Unknown,0,0,1,1,8999.077536145316,0,0,0,0
950,2018,0,2019,2019-03-25,2019-05-13 00:00:00+00:00,Non Graduated,25-34,0.0,Unknown,Unknown,Unknown,0,0,0,1,1423.1917100106589,0,0,0,0
950,2019,0,2019,2019-03-25,2019-05-13 00:00:00+00:00,Non Graduated,25-34,0.0,Unknown,Unknown,Unknown,1,0,0,1,431.63615686305053,0,0,0,0
950,2020,0,2019,2019-03-25,2019-05-13 00:00:00+00:00,Non Graduated,25-34,0.0,Unknown,Unknown,Unknown,1,0,1,1,14908.277505334978,0,0,0,0
950,2021,0,2019,2019-03-25,2019-05-13 00:00:00+00:00,Non Graduated,25-34,0.0,Unknown,Unknown,Unknown,1,0,0,1,10890.894512338433,0,0,0,0
950,2022,0,2019,2019-03-25,2019-05-13 00:00:00+00:00,Non Graduated,25-34,0.0,Unknown,Unknown,Unknown,1,0,1,1,42638.89130561138,0,0,0,0
950,2023,0,2019,2019-03-25,2019-05-13 00:00:00+00:00,Non Graduated,25-34,0.0,Unknown,Unknown,Unknown,1,0,1,1,44468.77351912447,0,0,0,0
950,2024,0,2019,2019-03-25,2019-05-13 00:00:00+00:00,Non Graduated,25-34,0.0,Unknown,Unknown,Unknown,1,0,0,1,17283.340273048027,0,0,0,0
1028,2017,1,2019,2019-07-10,2019-09-09 00:00:00+00:00,Graduated,25-34,0.0,Unknown,Unknown,Unknown,0,0,0,1,6884.368080562043,0,0,0,0
1028,2018,1,2019,2019-07-10,2019-09-09 00:00:00+00:00,Graduated,25-34,0.0,Unknown,Unknown,Unknown,0,0,0,1,7805.961223040941,0,0,0,0
1028,2019,1,2019,2019-07-10,2019-09-09 00:00:00+00:00,Graduated,25-34,0.0,Unknown,Unknown,Unknown,1,1,0,0,0.0,0,0,0,0
1028,2020,1,2019,2019-07-10,2019-09-09 00:00:00+00:00,Graduated,25-34,0.0,Unknown,Unknown,Unknown,1,1,0,1,1961.9353870251925,0,0,0,0
1028,2021,1,2019,2019-07-10,2019-09-09 00:00:00+00:00,Graduated,25-34,0.0,Unknown,Unknown,Unknown,1,1,0,1,631.2811757910274,0,0,0,0
1028,2022,1,2019,2019-07-10,2019-09-09 00:00:00+00:00,Graduated,25-34,0.0,Unknown,Unknown,Unknown,1,1,0,0,0.0,1,1,1,0
1028,2023,1,2019,2019-07-10,2019-09-09 00:00:00+00:00,Graduated,25-34,0.0,Unknown,Unknown,Unknown,1,1,0,0,0.0,0,0,1,1
1028,2024,1,2019,2019-07-10,2019-09-09 00:00:00+00:00,Graduated,25-34,0.0,Unknown,Unknown,Unknown,1,1,0,0,0.0,0,0,1,1
1455,2017,0,2021,2021-10-11,2021-11-01 00:00:00+00:00,Non Graduated,25-34,0.0,Unknown,Unknown,Unknown,0,0,1,1,15918.787734434278,0,0,0,0
1455,2018,0,2021,2021-10-11,2021-11-01 00:00:00+00:00,Non Graduated,25-34,0.0,Unknown,Unknown,Unknown,0,0,1,1,22921.895287780328,0,0,0,0
1455,2019,0,2021,2021-10-11,2021-11-01 00:00:00+00:00,Non Graduated,25-34,0.0,Unknown,Unknown,Unknown,0,0,0,1,4262.5467618161065,0,0,0,0
1455,2020,0,2021,2021-10-11,2021-11-01 00:00:00+00:00,Non Graduated,25-34,0.0,Unknown,Unknown,Unknown,0,0,0,1,20839.410718378775,0,0,0,0
1455,2021,0,2021,2021-10-11,2021-11-01 00:00:00+00:00,Non Graduated,25-34,0.0,Unknown,Unknown,Unknown,1,0,1,1,32692.129282476577,0,0,0,0
1455,2022,0,2021,2021-10-11,2021-11-01 00:00:00+00:00,Non Graduated,25-34,0.0,Unknown,Unknown,Unknown,1,0,1,1,27494.11779729504,0,0,0,0
1455,2023,0,2021,2021-10-11,2021-11-01 00:00:00+00:00,Non Graduated,25-34,0.0,Unknown,Unknown,Unknown,1,0,1,1,25344.99213798524,0,0,0,0
1455,2024,0,2021,2021-10-11,2021-11-01 00:00:00+00:00,Non Graduated,25-34,0.0,Unknown,Unknown,Unknown,1,0,0,1,30824.29755123008,0,0,0,0
832,2017,1,2018,2018-08-27,2018-11-09 00:00:00+00:00,Graduated,25-34,0.0,Unknown,Unknown,Unknown,0,0,1,1,49113.689652678804,0,0,0,0
832,2018,1,2018,2018-08-27,2018-11-09 00:00:00+00:00,Graduated,25-34,0.0,Unknown,Unknown,Unknown,1,1,0,1,16562.797579264618,0,0,0,0
832,2019,1,2018,2018-08-27,2018-11-09 00:00:00+00:00,Graduated,25-34,0.0,Unknown,Unknown,Unknown,1,1,0,1,13264.402958591005,0,0,0,0
832,2020,1,2018,2018-08-27,2018-11-09 00:00:00+00:00,Graduated,25-34,0.0,Unknown,Unknown,Unknown,1,1,0,1,4908.937188627423,0,0,0,0
832,2021,1,2018,2018-08-27,2018-11-09 00:00:00+00:00,Graduated,25-34,0.0,Unknown,Unknown,Unknown,1,1,1,1,56269.31625711477,0,0,0,0
832,2022,1,2018,2018-08-27,2018-11-09 00:00:00+00:00,Graduated,25-34,0.0,Unknown,Unknown,Unknown,1,1,1,1,82944.31145954404,0,0,0,0
832,2023,1,2018,2018-08-27,2018-11-09 00:00:00+00:00,Graduated,25-34,0.0,Unknown,Unknown,Unknown,1,1,1,1,48040.561009771205,0,0,0,0
832,2024,1,2018,2018-08-27,2018-11-09 00:00:00+00:00,Graduated,25-34,0.0,Unknown,Unknown,Unknown,1,1,0,1,26290.535266857154,0,0,0,0
787,2017,0,2018,2018-06-18,2018-06-29 00:00:00+00:00,Non Graduated,25-34,0.0,Unknown,Unknown,Unknown,0,0,1,1,50601.2148758424,0,0,0,0
787,2018,0,2018,2018-06-18,2018-06-29 00:00:00+00:00,Non Graduated,25-34,0.0,Unknown,Unknown,Unknown,1,0,1,1,46555.14508936004,0,0,0,0
787,2019,0,2018,2018-06-18,2018-06-29 00:00:00+00:00,Non Graduated,25-34,0.0,Unknown,Unknown,Unknown,1,0,1,1,93391.27000748971,0,0,0,0
787,2020,0,2018,2018-06-18,2018-06-29 00:00:00+00:00,Non Graduated,25-34,0.0,Unknown,Unknown,Unknown,1,0,1,1,78807.18372764527,0,0,0,0
787,2021,0,2018,2018-06-18,2018-06-29 00:00:00+00:00,Non Graduated,25-34,0.0,Unknown,Unknown,Unknown,1,0,1,1,101633.8823227402,0,0,0,0
787,2022,0,2018,2018-06-18,2018-06-29 00:00:00+00:00,Non Graduated,25-34,0.0,Unknown,Unknown,Unknown,1,0,1,1,110207.38387261852,0,0,0,0
787,2023,0,2018,2018-06-18,2018-06-29 00:00:00+00:00,Non Graduated,25-34,0.0,Unknown,Unknown,Unknown,1,0,1,1,84448.88181776233,0,0,0,0
787,2024,0,2018,2018-06-18,2018-06-29 00:00:00+00:00,Non Graduated,25-34,0.0,Unknown,Unknown,Unknown,1,0,0,1,48221.265413037196,0,0,0,0
984,2017,1,2019,2019-05-13,2019-07-03 00:00:00+00:00,Graduated,25-34,0.0,Unknown,Unknown,Unknown,0,0,0,0,0.0,0,0,1,1
984,2018,1,2019,2019-05-13,2019-07-03 00:00:00+00:00,Graduated,25-34,0.0,Unknown,Unknown,Unknown,0,0,1,1,34651.05966835924,0,0,1,1
984,2019,1,2019,2019-05-13,2019-07-03 00:00:00+00:00,Graduated,25-34,0.0,Unknown,Unknown,Unknown,1,1,0,1,1903.2443674028618,0,0,1,1
984,2020,1,2019,2019-05-13,2019-07-03 00:00:00+00:00,Graduated,25-34,0.0,Unknown,Unknown,Unknown,1,1,0,0,0.0,0,0,1,1
984,2021,1,2019,2019-05-13,2019-07-03 00:00:00+00:00,Graduated,25-34,0.0,Unknown,Unknown,Unknown,1,1,0,0,0.0,0,0,1,1
984,2022,1,2019,2019-05-13,2019-07-03 00:00:00+00:00,Graduated,25-34,0.0,Unknown,Unknown,Unknown,1,1,0,1,3132.388857693707,0,0,1,1
984,2023,1,2019,2019-05-13,2019-07-03 00:00:00+00:00,Graduated,25-34,0.0,Unknown,Unknown,Unknown,1,1,0,1,719.6023788249136,0,0,1,1
984,2024,1,2019,2019-05-13,2019-07-03 00:00:00+00:00,Graduated,25-34,0.0,Unknown,Unknown,Unknown,1,1,0,0,0.0,0,0,1,1
1023,2017,0,2019,2019-07-08,2019-07-16 00:00:00+00:00,Non Graduated,25-34,0.0,Unknown,Unknown,Unknown,0,0,0,1,2258.8263422531377,0,0,0,0
1023,2018,0,2019,2019-07-08,2019-07-16 00:00:00+00:00,Non Graduated,25-34,0.0,Unknown,Unknown,Unknown,0,0,0,1,4749.404992422213,0,0,0,0
1023,2019,0,2019,2019-07-08,2019-07-16 00:00:00+00:00,Non Graduated,25-34,0.0,Unknown,Unknown,Unknown,1,0,0,1,6185.170252467645,0,0,0,0
1023,2020,0,2019,2019-07-08,2019-07-16 00:00:00+00:00,Non Graduated,25-34,0.0,Unknown,Unknown,Unknown,1,0,0,1,2062.726776824283,0,0,0,0
1023,2021,0,2019,2019-07-08,2019-07-16 00:00:00+00:00,Non Graduated,25-34,0.0,Unknown,Unknown,Unknown,1,0,0,0,0.0,0,0,0,0
1023,2022,0,2019,2019-07-08,2019-07-16 00:00:00+00:00,Non Graduated,25-34,0.0,Unknown,Unknown,Unknown,1,0,0,0,0.0,0,0,0,0
1023,2023,0,2019,2019-07-08,2019-07-16 00:00:00+00:00,Non Graduated,25-34,0.0,Unknown,Unknown,Unknown,1,0,0,0,0.0,0,0,0,0
1023,2024,0,2019,2019-07-08,2019-07-16 00:00:00+00:00,Non Graduated,25-34,0.0,Unknown,Unknown,Unknown,1,0,0,0,0.0,0,0,0,0
1390,2017,1,2021,2021-07-12,2021-09-10 00:00:00+00:00,Graduated,25-34,0.0,Unknown,Unknown,Unknown,0,0,0,0,0.0,0,0,0,0
1390,2018,1,2021,2021-07-12,2021-09-10 00:00:00+00:00,Graduated,25-34,0.0,Unknown,Unknown,Unknown,0,0,0,1,2320.915674677843,0,0,0,0
1390,2019,1,2021,2021-07-12,2021-09-10 00:00:00+00:00,Graduated,25-34,0.0,Unknown,Unknown,Unknown,0,0,0,1,2694.8383805365524,0,0,0,0
1390,2020,1,2021,2021-07-12,2021-09-10 00:00:00+00:00,Graduated,25-34,0.0,Unknown,Unknown,Unknown,0,0,1,1,20568.96260168718,0,0,0,0
1390,2021,1,2021,2021-07-12,2021-09-10 00:00:00+00:00,Graduated,25-34,0.0,Unknown,Unknown,Unknown,1,1,1,1,17644.481141770244,0,0,0,0
1390,2022,1,2021,2021-07-12,2021-09-10 00:00:00+00:00,Graduated,25-34,0.0,Unknown,Unknown,Unknown,1,1,1,1,30959.161141423858,0,0,0,0
1390,2023,1,2021,2021-07-12,2021-09-10 00:00:00+00:00,Graduated,25-34,0.0,Unknown,Unknown,Unknown,1,1,1,1,42809.393482421045,0,0,0,0
1390,2024,1,2021,2021-07-12,2021-09-10 00:00:00+00:00,Graduated,25-34,0.0,Unknown,Unknown,Unknown,1,1,0,1,36858.65579454767,0,0,0,0
820,2017,0,2018,2018-08-13,2018-08-23 00:00:00+00:00,Non Graduated,25-34,0.0,Unknown,Unknown,Unknown,0,0,1,1,6096.163666675226,0,0,0,0
820,2018,0,2018,2018-08-13,2018-08-23 00:00:00+00:00,Non Graduated,25-34,0.0,Unknown,Unknown,Unknown,1,0,0,1,8953.916959539147,0,0,0,0
820,2019,0,2018,2018-08-13,2018-08-23 00:00:00+00:00,Non Graduated,25-34,0.0,Unknown,Unknown,Unknown,1,0,1,1,9446.725927939184,0,0,0,0
820,2020,0,2018,2018-08-13,2018-08-23 00:00:00+00:00,Non Graduated,25-34,0.0,Unknown,Unknown,Unknown,1,0,0,1,3598.158820680704,0,0,0,0
820,2021,0,2018,2018-08-13,2018-08-23 00:00:00+00:00,Non Graduated,25-34,0.0,Unknown,Unknown,Unknown,1,0,0,1,11901.82771727238,0,0,0,0
820,2022,0,2018,2018-08-13,2018-08-23 00:00:00+00:00,Non Graduated,25-34,0.0,Unknown,Unknown,Unknown,1,0,1,1,23082.18119898544,0,0,0,0
820,2023,0,2018,2018-08-13,2018-08-23 00:00:00+00:00,Non Graduated,25-34,0.0,Unknown,Unknown,Unknown,1,0,1,1,32970.42725471467,0,0,0,0
820,2024,0,2018,2018-08-13,2018-08-23 00:00:00+00:00,Non Graduated,25-34,0.0,Unknown,Unknown,Unknown,1,0,0,1,21375.516252945563,0,0,0,0
1075,2017,1,2019,2019-10-07,2019-12-20 00:00:00+00:00,Graduated,25-34,0.0,Unknown,Unknown,Unknown,0,0,0,1,5780.320039216562,0,0,0,0
1075,2018,1,2019,2019-10-07,2019-12-20 00:00:00+00:00,Graduated,25-34,0.0,Unknown,Unknown,Unknown,0,0,1,1,11052.19399492291,0,0,0,0
1075,2019,1,2019,2019-10-07,2019-12-20 00:00:00+00:00,Graduated,25-34,0.0,Unknown,Unknown,Unknown,1,1,1,1,19104.402685413108,0,0,0,0
1075,2020,1,2019,2019-10-07,2019-12-20 00:00:00+00:00,Graduated,25-34,0.0,Unknown,Unknown,Unknown,1,1,0,1,4087.1123265555434,0,0,0,0
1075,2021,1,2019,2019-10-07,2019-12-20 00:00:00+00:00,Graduated,25-34,0.0,Unknown,Unknown,Unknown,1,1,0,1,949.3685899492971,0,0,0,0
1075,2022,1,2019,2019-10-07,2019-12-20 00:00:00+00:00,Graduated,25-34,0.0,Unknown,Unknown,Unknown,1,1,1,1,20944.312383220764,0,0,0,0
1075,2023,1,2019,2019-10-07,2019-12-20 00:00:00+00:00,Graduated,25-34,0.0,Unknown,Unknown,Unknown,1,1,1,1,27058.674944337978,0,0,0,0
1075,2024,1,2019,2019-10-07,2019-12-20 00:00:00+00:00,Graduated,25-34,0.0,Unknown,Unknown,Unknown,1,1,0,1,26325.855790198817,0,0,0,0
1111,2017,0,2020,2019-12-02,2020-01-21 00:00:00+00:00,Non Graduated,25-34,0.0,Unknown,Unknown,Unknown,0,0,0,0,0.0,0,0,1,1
1111,2018,0,2020,2019-12-02,2020-01-21 00:00:00+00:00,Non Graduated,25-34,0.0,Unknown,Unknown,Unknown,0,0,0,1,5090.538126842919,0,0,1,1
1111,2019,0,2020,2019-12-02,2020-01-21 00:00:00+00:00,Non Graduated,25-34,0.0,Unknown,Unknown,Unknown,0,0,0,1,63.73946703802488,1,1,1,1
1111,2020,0,2020,2019-12-02,2020-01-21 00:00:00+00:00,Non Graduated,25-34,0.0,Unknown,Unknown,Unknown,1,0,0,0,0.0,0,0,1,1
1111,2021,0,2020,2019-12-02,2020-01-21 00:00:00+00:00,Non Graduated,25-34,0.0,Unknown,Unknown,Unknown,1,0,0,0,0.0,1,1,1,1
1111,2022,0,2020,2019-12-02,2020-01-21 00:00:00+00:00,Non Graduated,25-34,0.0,Unknown,Unknown,Unknown,1,0,0,0,0.0,0,0,1,1
1111,2023,0,2020,2019-12-02,2020-01-21 00:00:00+00:00,Non Graduated,25-34,0.0,Unknown,Unknown,Unknown,1,0,0,1,4074.629426300587,0,0,1,1
1111,2024,0,2020,2019-12-02,2020-01-21 00:00:00+00:00,Non Graduated,25-34,0.0,Unknown,Unknown,Unknown,1,0,0,1,16606.114792161105,0,0,1,1
806,2017,1,2018,2018-07-23,2018-10-05 00:00:00+00:00,Graduated,25-34,0.0,Unknown,Unknown,Unknown,0,0,0,1,2905.741534116587,5,1,1,1
806,2018,1,2018,2018-07-23,2018-10-05 00:00:00+00:00,Graduated,25-34,0.0,Unknown,Unknown,Unknown,1,1,0,1,7756.532848775123,0,0,1,1
806,2019,1,2018,2018-07-23,2018-10-05 00:00:00+00:00,Graduated,25-34,0.0,Unknown,Unknown,Unknown,1,1,1,1,29112.11988653087,0,0,1,1
806,2020,1,2018,2018-07-23,2018-10-05 00:00:00+00:00,Graduated,25-34,0.0,Unknown,Unknown,Unknown,1,1,0,0,0.0,0,0,1,1
806,2021,1,2018,2018-07-23,2018-10-05 00:00:00+00:00,Graduated,25-34,0.0,Unknown,Unknown,Unknown,1,1,0,1,5083.938407902382,0,0,1,1
806,2022,1,2018,2018-07-23,2018-10-05 00:00:00+00:00,Graduated,25-34,0.0,Unknown,Unknown,Unknown,1,1,0,1,1000.8902554399242,0,0,1,1
806,2023,1,2018,2018-07-23,2018-10-05 00:00:00+00:00,Graduated,25-34,0.0,Unknown,Unknown,Unknown,1,1,0,1,28076.879291887755,0,0,1,1
806,2024,1,2018,2018-07-23,2018-10-05 00:00:00+00:00,Graduated,25-34,0.0,Unknown,Unknown,Unknown,1,1,0,1,31365.762770417736,0,0,1,1
1418,2017,0,2021,2021-08-23,2021-09-01 00:00:00+00:00,Non Graduated,25-34,0.0,Unknown,Unknown,Unknown,0,0,0,1,1291.6509766646054,0,0,0,0
1418,2018,0,2021,2021-08-23,2021-09-01 00:00:00+00:00,Non Graduated,25-34,0.0,Unknown,Unknown,Unknown,0,0,0,0,0.0,0,0,0,0
1418,2019,0,2021,2021-08-23,2021-09-01 00:00:00+00:00,Non Graduated,25-34,0.0,Unknown,Unknown,Unknown,0,0,0,0,0.0,0,0,0,0
1418,2020,0,2021,2021-08-23,2021-09-01 00:00:00+00:00,Non Graduated,25-34,0.0,Unknown,Unknown,Unknown,0,0,0,1,17424.07060576274,0,0,0,0
1418,2021,0,2021,2021-08-23,2021-09-01 00:00:00+00:00,Non Graduated,25-34,0.0,Unknown,Unknown,Unknown,1,0,0,1,11763.04988537403,0,0,0,0
1418,2022,0,2021,2021-08-23,2021-09-01 00:00:00+00:00,Non Graduated,25-34,0.0,Unknown,Unknown,Unknown,1,0,0,1,5026.731951954823,0,0,0,0
1418,2023,0,2021,2021-08-23,2021-09-01 00:00:00+00:00,Non Graduated,25-34,0.0,Unknown,Unknown,Unknown,1,0,0,1,654.9748076385519,0,0,0,0
1418,2024,0,2021,2021-08-23,2021-09-01 00:00:00+00:00,Non Graduated,25-34,0.0,Unknown,Unknown,Unknown,1,0,0,1,47.446435903556925,0,0,0,0
899,2017,1,2019,2019-01-02,2019-02-08 00:00:00+00:00,Graduated,25-34,0.0,Unknown,Unknown,Unknown,0,0,1,1,7051.838593469432,0,0,0,0
899,2018,1,2019,2019-01-02,2019-02-08 00:00:00+00:00,Graduated,25-34,0.0,Unknown,Unknown,Unknown,0,0,1,1,17064.08136956341,0,0,0,0
899,2019,1,2019,2019-01-02,2019-02-08 00:00:00+00:00,Graduated,25-34,0.0,Unknown,Unknown,Unknown,1,1,0,1,10642.209297272962,0,0,0,0
899,2020,1,2019,2019-01-02,2019-02-08 00:00:00+00:00,Graduated,25-34,0.0,Unknown,Unknown,Unknown,1,1,0,1,5081.6337510533995,0,0,0,0
899,2021,1,2019,2019-01-02,2019-02-08 00:00:00+00:00,Graduated,25-34,0.0,Unknown,Unknown,Unknown,1,1,0,1,901.6341296828455,0,0,0,0
899,2022,1,2019,2019-01-02,2019-02-08 00:00:00+00:00,Graduated,25-34,0.0,Unknown,Unknown,Unknown,1,1,1,1,3956.7288298505896,0,0,0,0
899,2023,1,2019,2019-01-02,2019-02-08 00:00:00+00:00,Graduated,25-34,0.0,Unknown,Unknown,Unknown,1,1,1,1,10715.134289303072,0,0,0,0
899,2024,1,2019,2019-01-02,2019-02-08 00:00:00+00:00,Graduated,25-34,0.0,Unknown,Unknown,Unknown,1,1,0,1,13880.009579146204,0,0,0,0
785,2017,0,2018,2018-06-04,2018-06-29 00:00:00+00:00,Non Graduated,25-34,0.0,Unknown,Unknown,Unknown,0,0,0,1,7124.555663941951,0,0,1,1
785,2018,0,2018,2018-06-04,2018-06-29 00:00:00+00:00,Non Graduated,25-34,0.0,Unknown,Unknown,Unknown,1,0,0,1,590.7533325637953,4,1,1,1
785,2019,0,2018,2018-06-04,2018-06-29 00:00:00+00:00,Non Graduated,25-34,0.0,Unknown,Unknown,Unknown,1,0,1,1,1545.347242077462,0,0,1,1
785,2020,0,2018,2018-06-04,2018-06-29 00:00:00+00:00,Non Graduated,25-34,0.0,Unknown,Unknown,Unknown,1,0,0,1,2689.244813278008,0,0,1,1
785,2021,0,2018,2018-06-04,2018-06-29 00:00:00+00:00,Non Graduated,25-34,0.0,Unknown,Unknown,Unknown,1,0,0,1,12853.945874779807,0,0,1,1
785,2022,0,2018,2018-06-04,2018-06-29 00:00:00+00:00,Non Graduated,25-34,0.0,Unknown,Unknown,Unknown,1,0,0,1,13271.068132016815,0,0,1,1
785,2023,0,2018,2018-06-04,2018-06-29 00:00:00+00:00,Non Graduated,25-34,0.0,Unknown,Unknown,Unknown,1,0,0,1,4285.286507820771,0,0,1,1
785,2024,0,2018,2018-06-04,2018-06-29 00:00:00+00:00,Non Graduated,25-34,0.0,Unknown,Unknown,Unknown,1,0,0,1,26682.315775241106,0,0,1,1
1202,2017,1,2020,2020-07-06,2020-09-25 00:00:00+00:00,Graduated,25-34,0.0,Unknown,Unknown,Unknown,0,0,0,0,0.0,0,0,0,0
1202,2018,1,2020,2020-07-06,2020-09-25 00:00:00+00:00,Graduated,25-34,0.0,Unknown,Unknown,Unknown,0,0,0,1,6378.591289763536,0,0,0,0
1202,2019,1,2020,2020-07-06,2020-09-25 00:00:00+00:00,Graduated,25-34,0.0,Unknown,Unknown,Unknown,0,0,0,1,4671.15219545294,0,0,0,0
1202,2020,1,2020,2020-07-06,2020-09-25 00:00:00+00:00,Graduated,25-34,0.0,Unknown,Unknown,Unknown,1,1,0,1,1560.4494443738317,0,0,0,0
1202,2021,1,2020,2020-07-06,2020-09-25 00:00:00+00:00,Graduated,25-34,0.0,Unknown,Unknown,Unknown,1,1,1,1,39836.756743122605,0,0,0,0
1202,2022,1,2020,2020-07-06,2020-09-25 00:00:00+00:00,Graduated,25-34,0.0,Unknown,Unknown,Unknown,1,1,1,1,42018.97139099086,0,0,0,0
1202,2023,1,2020,2020-07-06,2020-09-25 00:00:00+00:00,Graduated,25-34,0.0,Unknown,Unknown,Unknown,1,1,0,1,8787.429951190818,0,0,0,0
1202,2024,1,2020,2020-07-06,2020-09-25 00:00:00+00:00,Graduated,25-34,0.0,Unknown,Unknown,Unknown,1,1,0,1,18271.791100439656,0,0,0,0
884,2017,0,2019,2018-12-03,2019-01-09 00:00:00+00:00,Non Graduated,25-34,0.0,Unknown,Unknown,Unknown,0,0,0,1,519.0199779231403,0,0,0,0
884,2018,0,2019,2018-12-03,2019-01-09 00:00:00+00:00,Non Graduated,25-34,0.0,Unknown,Unknown,Unknown,0,0,0,1,1443.9682313246833,4,1,1,0
884,2019,0,2019,2018-12-03,2019-01-09 00:00:00+00:00,Non Graduated,25-34,0.0,Unknown,Unknown,Unknown,1,0,0,0,0.0,0,0,1,1
884,2020,0,2019,2018-12-03,2019-01-09 00:00:00+00:00,Non Graduated,25-34,0.0,Unknown,Unknown,Unknown,1,0,0,0,0.0,2,1,1,1
884,2021,0,2019,2018-12-03,2019-01-09 00:00:00+00:00,Non Graduated,25-34,0.0,Unknown,Unknown,Unknown,1,0,0,0,0.0,0,0,1,1
884,2022,0,2019,2018-12-03,2019-01-09 00:00:00+00:00,Non Graduated,25-34,0.0,Unknown,Unknown,Unknown,1,0,0,0,0.0,0,0,1,1
884,2023,0,2019,2018-12-03,2019-01-09 00:00:00+00:00,Non Graduated,25-34,0.0,Unknown,Unknown,Unknown,1,0,0,1,483.25211645674165,0,0,1,1
884,2024,0,2019,2018-12-03,2019-01-09 00:00:00+00:00,Non Graduated,25-34,0.0,Unknown,Unknown,Unknown,1,0,0,0,0.0,0,0,1,1
815,2017,1,2018,2018-08-06,2018-10-19 00:00:00+00:00,Graduated,25-34,0.0,Unknown,Unknown,Unknown,0,0,1,1,7939.23708780922,0,0,0,0
815,2018,1,2018,2018-08-06,2018-10-19 00:00:00+00:00,Graduated,25-34,0.0,Unknown,Unknown,Unknown,1,1,1,1,5227.274547788583,1,1,1,0
815,2019,1,2018,2018-08-06,2018-10-19 00:00:00+00:00,Graduated,25-34,0.0,Unknown,Unknown,Unknown,1,1,0,1,2099.824811615558,0,0,1,1
815,2020,1,2018,2018-08-06,2018-10-19 00:00:00+00:00,Graduated,25-34,0.0,Unknown,Unknown,Unknown,1,1,0,1,5779.163768680166,0,0,1,1
815,2021,1,2018,2018-08-06,2018-10-19 00:00:00+00:00,Graduated,25-34,0.0,Unknown,Unknown,Unknown,1,1,0,1,2530.8854624276473,0,0,1,1
815,2022,1,2018,2018-08-06,2018-10-19 00:00:00+00:00,Graduated,25-34,0.0,Unknown,Unknown,Unknown,1,1,0,1,12335.667815827182,0,0,1,1
815,2023,1,2018,2018-08-06,2018-10-19 00:00:00+00:00,Graduated,25-34,0.0,Unknown,Unknown,Unknown,1,1,0,0,0.0,0,0,1,1
815,2024,1,2018,2018-08-06,2018-10-19 00:00:00+00:00,Graduated,25-34,0.0,Unknown,Unknown,Unknown,1,1,0,0,0.0,0,0,1,1
1388,2017,0,2021,2021-07-19,2021-08-13 00:00:00+00:00,Non Graduated,25-34,0.0,Unknown,Unknown,Unknown,0,0,0,0,0.0,0,0,0,0
1388,2018,0,2021,2021-07-19,2021-08-13 00:00:00+00:00,Non Graduated,25-34,0.0,Unknown,Unknown,Unknown,0,0,0,0,0.0,0,0,0,0
1388,2019,0,2021,2021-07-19,2021-08-13 00:00:00+00:00,Non Graduated,25-34,0.0,Unknown,Unknown,Unknown,0,0,0,1,848.6786289663546,0,0,0,0
1388,2020,0,2021,2021-07-19,2021-08-13 00:00:00+00:00,Non Graduated,25-34,0.0,Unknown,Unknown,Unknown,0,0,0,0,0.0,0,0,0,0
1388,2021,0,2021,2021-07-19,2021-08-13 00:00:00+00:00,Non Graduated,25-34,0.0,Unknown,Unknown,Unknown,1,0,0,1,381.6665685177551,0,0,0,0
1388,2022,0,2021,2021-07-19,2021-08-13 00:00:00+00:00,Non Graduated,25-34,0.0,Unknown,Unknown,Unknown,1,0,1,1,37920.66606675973,0,0,0,0
1388,2023,0,2021,2021-07-19,2021-08-13 00:00:00+00:00,Non Graduated,25-34,0.0,Unknown,Unknown,Unknown,1,0,1,1,54730.95643895448,0,0,0,0
1388,2024,0,2021,2021-07-19,2021-08-13 00:00:00+00:00,Non Graduated,25-34,0.0,Unknown,Unknown,Unknown,1,0,0,1,23203.71327574326,0,0,0,0
935,2017,1,2019,2019-02-25,2019-05-10 00:00:00+00:00,Graduated,25-34,0.0,Unknown,Unknown,Unknown,0,0,0,1,669.5900234584857,0,0,1,1
935,2018,1,2019,2019-02-25,2019-05-10 00:00:00+00:00,Graduated,25-34,0.0,Unknown,Unknown,Unknown,0,0,0,1,7433.8184297435055,0,0,1,1
935,2019,1,2019,2019-02-25,2019-05-10 00:00:00+00:00,Graduated,25-34,0.0,Unknown,Unknown,Unknown,1,1,0,1,7993.661058816811,1,1,1,1
935,2020,1,2019,2019-02-25,2019-05-10 00:00:00+00:00,Graduated,25-34,0.0,Unknown,Unknown,Unknown,1,1,0,1,12149.817709192597,0,0,1,1
935,2021,1,2019,2019-02-25,2019-05-10 00:00:00+00:00,Graduated,25-34,0.0,Unknown,Unknown,Unknown,1,1,0,1,3065.141110040998,0,0,1,1
935,2022,1,2019,2019-02-25,2019-05-10 00:00:00+00:00,Graduated,25-34,0.0,Unknown,Unknown,Unknown,1,1,1,1,8889.262988727067,0,0,1,1
935,2023,1,2019,2019-02-25,2019-05-10 00:00:00+00:00,Graduated,25-34,0.0,Unknown,Unknown,Unknown,1,1,0,0,0.0,0,0,1,1
935,2024,1,2019,2019-02-25,2019-05-10 00:00:00+00:00,Graduated,25-34,0.0,Unknown,Unknown,Unknown,1,1,0,1,4454.443226104438,0,0,1,1
216,2017,0,2020,2020-10-05,2020-10-05 00:00:00+00:00,Non Graduated,25-34,0.0,Unknown,Unknown,Unknown,0,0,0,0,0.0,0,0,0,0
216,2018,0,2020,2020-10-05,2020-10-05 00:00:00+00:00,Non Graduated,25-34,0.0,Unknown,Unknown,Unknown,0,0,0,0,0.0,0,0,0,0
216,2019,0,2020,2020-10-05,2020-10-05 00:00:00+00:00,Non Graduated,25-34,0.0,Unknown,Unknown,Unknown,0,0,0,1,1467.86007658584,0,0,0,0
216,2020,0,2020,2020-10-05,2020-10-05 00:00:00+00:00,Non Graduated,25-34,0.0,Unknown,Unknown,Unknown,1,0,1,1,36418.60475461222,0,0,0,0
216,2021,0,2020,2020-10-05,2020-10-05 00:00:00+00:00,Non Graduated,25-34,0.0,Unknown,Unknown,Unknown,1,0,0,1,5975.149733649957,0,0,0,0
216,2022,0,2020,2020-10-05,2020-10-05 00:00:00+00:00,Non Graduated,25-34,0.0,Unknown,Unknown,Unknown,1,0,0,1,11374.742142231205,0,0,0,0
216,2023,0,2020,2020-10-05,2020-10-05 00:00:00+00:00,Non Graduated,25-34,0.0,Unknown,Unknown,Unknown,1,0,0,1,3185.787460038054,0,0,0,0
216,2024,0,2020,2020-10-05,2020-10-05 00:00:00+00:00,Non Graduated,25-34,0.0,Unknown,Unknown,Unknown,1,0,0,1,13898.621096129575,0,0,0,0
1319,2017,1,2021,2021-03-01,2021-05-06 00:00:00+00:00,Graduated,25-34,0.0,Unknown,Unknown,Unknown,0,0,0,0,0.0,0,0,0,0
1319,2018,1,2021,2021-03-01,2021-05-06 00:00:00+00:00,Graduated,25-34,0.0,Unknown,Unknown,Unknown,0,0,0,0,0.0,0,0,0,0
1319,2019,1,2021,2021-03-01,2021-05-06 00:00:00+00:00,Graduated,25-34,0.0,Unknown,Unknown,Unknown,0,0,0,1,5711.91597961328,0,0,0,0
1319,2020,1,2021,2021-03-01,2021-05-06 00:00:00+00:00,Graduated,25-34,0.0,Unknown,Unknown,Unknown,0,0,1,1,73802.08984059634,0,0,0,0
1319,2021,1,2021,2021-03-01,2021-05-06 00:00:00+00:00,Graduated,25-34,0.0,Unknown,Unknown,Unknown,1,1,1,1,87823.89390566909,0,0,0,0
1319,2022,1,2021,2021-03-01,2021-05-06 00:00:00+00:00,Graduated,25-34,0.0,Unknown,Unknown,Unknown,1,1,1,1,82656.58259939485,0,0,0,0
1319,2023,1,2021,2021-03-01,2021-05-06 00:00:00+00:00,Graduated,25-34,0.0,Unknown,Unknown,Unknown,1,1,1,1,34310.05599275788,0,0,0,0
1319,2024,1,2021,2021-03-01,2021-05-06 00:00:00+00:00,Graduated,25-34,0.0,Unknown,Unknown,Unknown,1,1,0,1,30446.860598917032,0,0,0,0
1027,2017,0,2019,2019-07-10,2019-07-16 00:00:00+00:00,Non Graduated,25-34,0.0,Unknown,Unknown,Unknown,0,0,1,1,21817.566920271973,0,0,0,0
1027,2018,0,2019,2019-07-10,2019-07-16 00:00:00+00:00,Non Graduated,25-34,0.0,Unknown,Unknown,Unknown,0,0,1,1,29265.776544151886,0,0,0,0
1027,2019,0,2019,2019-07-10,2019-07-16 00:00:00+00:00,Non Graduated,25-34,0.0,Unknown,Unknown,Unknown,1,0,1,1,20122.386409413644,0,0,0,0
1027,2020,0,2019,2019-07-10,2019-07-16 00:00:00+00:00,Non Graduated,25-34,0.0,Unknown,Unknown,Unknown,1,0,1,1,32043.05134044101,0,0,0,0
1027,2021,0,2019,2019-07-10,2019-07-16 00:00:00+00:00,Non Graduated,25-34,0.0,Unknown,Unknown,Unknown,1,0,1,1,47408.50653642251,0,0,0,0
1027,2022,0,2019,2019-07-10,2019-07-16 00:00:00+00:00,Non Graduated,25-34,0.0,Unknown,Unknown,Unknown,1,0,1,1,53952.260975997284,0,0,0,0
1027,2023,0,2019,2019-07-10,2019-07-16 00:00:00+00:00,Non Graduated,25-34,0.0,Unknown,Unknown,Unknown,1,0,1,1,50140.194197482815,0,0,0,0
1027,2024,0,2019,2019-07-10,2019-07-16 00:00:00+00:00,Non Graduated,25-34,0.0,Unknown,Unknown,Unknown,1,0,0,1,39169.11613429189,0,0,0,0
755,2017,1,2019,2019-09-09,2019-11-22 00:00:00+00:00,Graduated,25-34,0.0,Unknown,Unknown,Unknown,0,0,0,0,0.0,0,0,1,1
755,2018,1,2019,2019-09-09,2019-11-22 00:00:00+00:00,Graduated,25-34,0.0,Unknown,Unknown,Unknown,0,0,0,1,12739.007099180619,3,1,1,1
755,2019,1,2019,2019-09-09,2019-11-22 00:00:00+00:00,Graduated,25-34,0.0,Unknown,Unknown,Unknown,1,1,1,1,32080.74265485356,0,0,1,1
755,2020,1,2019,2019-09-09,2019-11-22 00:00:00+00:00,Graduated,25-34,0.0,Unknown,Unknown,Unknown,1,1,0,1,4606.900589949813,0,0,1,1
755,2021,1,2019,2019-09-09,2019-11-22 00:00:00+00:00,Graduated,25-34,0.0,Unknown,Unknown,Unknown,1,1,1,1,33050.02974547853,0,0,1,1
755,2022,1,2019,2019-09-09,2019-11-22 00:00:00+00:00,Graduated,25-34,0.0,Unknown,Unknown,Unknown,1,1,0,1,14470.864099041912,0,0,1,1
755,2023,1,2019,2019-09-09,2019-11-22 00:00:00+00:00,Graduated,25-34,0.0,Unknown,Unknown,Unknown,1,1,1,1,37373.611318184216,0,0,1,1
755,2024,1,2019,2019-09-09,2019-11-22 00:00:00+00:00,Graduated,25-34,0.0,Unknown,Unknown,Unknown,1,1,0,1,25217.330168616194,0,0,1,1
1077,2017,0,2019,2019-10-07,2019-12-11 00:00:00+00:00,Non Graduated,25-34,0.0,Unknown,Unknown,Unknown,0,0,1,1,18133.268607543287,0,0,0,0
1077,2018,0,2019,2019-10-07,2019-12-11 00:00:00+00:00,Non Graduated,25-34,0.0,Unknown,Unknown,Unknown,0,0,1,1,39590.694685905284,0,0,0,0
1077,2019,0,2019,2019-10-07,2019-12-11 00:00:00+00:00,Non Graduated,25-34,0.0,Unknown,Unknown,Unknown,1,0,0,1,31341.246662595444,0,0,0,0
1077,2020,0,2019,2019-10-07,2019-12-11 00:00:00+00:00,Non Graduated,25-34,0.0,Unknown,Unknown,Unknown,1,0,0,1,841.1606454487339,0,0,0,0
1077,2021,0,2019,2019-10-07,2019-12-11 00:00:00+00:00,Non Graduated,25-34,0.0,Unknown,Unknown,Unknown,1,0,0,1,45.330040674026726,0,0,0,0
1077,2022,0,2019,2019-10-07,2019-12-11 00:00:00+00:00,Non Graduated,25-34,0.0,Unknown,Unknown,Unknown,1,0,0,0,0.0,0,0,0,0
1077,2023,0,2019,2019-10-07,2019-12-11 00:00:00+00:00,Non Graduated,25-34,0.0,Unknown,Unknown,Unknown,1,0,1,1,26392.095213476023,0,0,0,0
1077,2024,0,2019,2019-10-07,2019-12-11 00:00:00+00:00,Non Graduated,25-34,0.0,Unknown,Unknown,Unknown,1,0,0,1,24148.7677055984,1,1,1,0
1277,2017,1,2021,2020-12-01,2021-02-16 00:00:00+00:00,Graduated,25-34,0.0,Unknown,Unknown,Unknown,0,0,0,1,4489.643345309121,0,0,0,0
1277,2018,1,2021,2020-12-01,2021-02-16 00:00:00+00:00,Graduated,25-34,0.0,Unknown,Unknown,Unknown,0,0,0,1,8163.448964859925,0,0,0,0
1277,2019,1,2021,2020-12-01,2021-02-16 00:00:00+00:00,Graduated,25-34,0.0,Unknown,Unknown,Unknown,0,0,0,1,151.3245698008359,0,0,0,0
1277,2020,1,2021,2020-12-01,2021-02-16 00:00:00+00:00,Graduated,25-34,0.0,Unknown,Unknown,Unknown,0,0,0,1,4824.303359963196,0,0,0,0
1277,2021,1,2021,2020-12-01,2021-02-16 00:00:00+00:00,Graduated,25-34,0.0,Unknown,Unknown,Unknown,1,1,1,1,5580.538413397911,0,0,0,0
1277,2022,1,2021,2020-12-01,2021-02-16 00:00:00+00:00,Graduated,25-34,0.0,Unknown,Unknown,Unknown,1,1,1,1,5400.499634975857,0,0,0,0
1277,2023,1,2021,2020-12-01,2021-02-16 00:00:00+00:00,Graduated,25-34,0.0,Unknown,Unknown,Unknown,1,1,0,0,0.0,0,0,0,0
1277,2024,1,2021,2020-12-01,2021-02-16 00:00:00+00:00,Graduated,25-34,0.0,Unknown,Unknown,Unknown,1,1,0,0,0.0,0,0,0,0
1209,2017,0,2020,2020-07-06,2020-08-10 00:00:00+00:00,Non Graduated,25-34,0.0,Unknown,Unknown,Unknown,0,0,0,0,0.0,0,0,1,1
1209,2018,0,2020,2020-07-06,2020-08-10 00:00:00+00:00,Non Graduated,25-34,0.0,Unknown,Unknown,Unknown,0,0,0,1,6934.1879682416475,0,0,1,1
1209,2019,0,2020,2020-07-06,2020-08-10 00:00:00+00:00,Non Graduated,25-34,0.0,Unknown,Unknown,Unknown,0,0,0,0,0.0,0,0,1,1
1209,2020,0,2020,2020-07-06,2020-08-10 00:00:00+00:00,Non Graduated,25-34,0.0,Unknown,Unknown,Unknown,1,0,0,0,0.0,0,0,1,1
1209,2021,0,2020,2020-07-06,2020-08-10 00:00:00+00:00,Non Graduated,25-34,0.0,Unknown,Unknown,Unknown,1,0,0,0,0.0,0,0,1,1
1209,2022,0,2020,2020-07-06,2020-08-10 00:00:00+00:00,Non Graduated,25-34,0.0,Unknown,Unknown,Unknown,1,0,0,0,0.0,1,1,1,1
1209,2023,0,2020,2020-07-06,2020-08-10 00:00:00+00:00,Non Graduated,25-34,0.0,Unknown,Unknown,Unknown,1,0,0,1,2125.52616171034,0,0,1,1
1209,2024,0,2020,2020-07-06,2020-08-10 00:00:00+00:00,Non Graduated,25-34,0.0,Unknown,Unknown,Unknown,1,0,0,1,33473.25758000104,0,0,1,1
1469,2017,1,2022,2021-11-22,2022-01-28 00:00:00+00:00,Graduated,25-34,0.0,Unknown,Unknown,Unknown,0,0,0,1,2319.838738793987,0,0,0,0
1469,2018,1,2022,2021-11-22,2022-01-28 00:00:00+00:00,Graduated,25-34,0.0,Unknown,Unknown,Unknown,0,0,0,1,1611.5972760956183,0,0,0,0
1469,2019,1,2022,2021-11-22,2022-01-28 00:00:00+00:00,Graduated,25-34,0.0,Unknown,Unknown,Unknown,0,0,0,1,4682.719910128499,0,0,0,0
1469,2020,1,2022,2021-11-22,2022-01-28 00:00:00+00:00,Graduated,25-34,0.0,Unknown,Unknown,Unknown,0,0,0,1,3068.2890915612015,0,0,0,0
1469,2021,1,2022,2021-11-22,2022-01-28 00:00:00+00:00,Graduated,25-34,0.0,Unknown,Unknown,Unknown,0,0,1,1,10353.105086797745,0,0,0,0
1469,2022,1,2022,2021-11-22,2022-01-28 00:00:00+00:00,Graduated,25-34,0.0,Unknown,Unknown,Unknown,1,1,1,1,8592.587720879426,0,0,0,0
1469,2023,1,2022,2021-11-22,2022-01-28 00:00:00+00:00,Graduated,25-34,0.0,Unknown,Unknown,Unknown,1,1,1,1,3987.9702266480776,0,0,0,0
1469,2024,1,2022,2021-11-22,2022-01-28 00:00:00+00:00,Graduated,25-34,0.0,Unknown,Unknown,Unknown,1,1,0,1,1074.8809308479358,0,0,0,0
1362,2017,0,2021,2021-05-10,2021-05-21 00:00:00+00:00,Non Graduated,25-34,0.0,Unknown,Unknown,Unknown,0,0,0,0,0.0,0,0,1,1
1362,2018,0,2021,2021-05-10,2021-05-21 00:00:00+00:00,Non Graduated,25-34,0.0,Unknown,Unknown,Unknown,0,0,0,0,0.0,0,0,1,1
1362,2019,0,2021,2021-05-10,2021-05-21 00:00:00+00:00,Non Graduated,25-34,0.0,Unknown,Unknown,Unknown,0,0,0,0,0.0,1,1,1,1
1362,2020,0,2021,2021-05-10,2021-05-21 00:00:00+00:00,Non Graduated,25-34,0.0,Unknown,Unknown,Unknown,0,0,0,0,0.0,1,1,1,1
1362,2021,0,2021,2021-05-10,2021-05-21 00:00:00+00:00,Non Graduated,25-34,0.0,Unknown,Unknown,Unknown,1,0,0,0,0.0,0,0,1,1
1362,2022,0,2021,2021-05-10,2021-05-21 00:00:00+00:00,Non Graduated,25-34,0.0,Unknown,Unknown,Unknown,1,0,0,1,2328.647824030274,0,0,1,1
1362,2023,0,2021,2021-05-10,2021-05-21 00:00:00+00:00,Non Graduated,25-34,0.0,Unknown,Unknown,Unknown,1,0,0,1,3539.022187738389,0,0,1,1
1362,2024,0,2021,2021-05-10,2021-05-21 00:00:00+00:00,Non Graduated,25-34,0.0,Unknown,Unknown,Unknown,1,0,0,1,23400.080520734402,0,0,1,1
1385,2017,1,2021,2021-07-21,2021-12-16 00:00:00+00:00,Graduated,25-34,0.0,Unknown,Unknown,Unknown,0,0,0,0,0.0,0,0,0,0
1385,2018,1,2021,2021-07-21,2021-12-16 00:00:00+00:00,Graduated,25-34,0.0,Unknown,Unknown,Unknown,0,0,0,0,0.0,0,0,0,0
1385,2019,1,2021,2021-07-21,2021-12-16 00:00:00+00:00,Graduated,25-34,0.0,Unknown,Unknown,Unknown,0,0,0,1,297.60498727497725,0,0,0,0
1385,2020,1,2021,2021-07-21,2021-12-16 00:00:00+00:00,Graduated,25-34,0.0,Unknown,Unknown,Unknown,0,0,0,0,0.0,0,0,0,0
1385,2021,1,2021,2021-07-21,2021-12-16 00:00:00+00:00,Graduated,25-34,0.0,Unknown,Unknown,Unknown,1,1,0,1,8907.79402276174,0,0,0,0
1385,2022,1,2021,2021-07-21,2021-12-16 00:00:00+00:00,Graduated,25-34,0.0,Unknown,Unknown,Unknown,1,1,1,1,10390.888313979478,0,0,0,0
1385,2023,1,2021,2021-07-21,2021-12-16 00:00:00+00:00,Graduated,25-34,0.0,Unknown,Unknown,Unknown,1,1,1,1,4846.220088821703,0,0,0,0
1385,2024,1,2021,2021-07-21,2021-12-16 00:00:00+00:00,Graduated,25-34,0.0,Unknown,Unknown,Unknown,1,1,0,1,1470.1808268124946,0,0,0,0
1309,2017,0,2021,2021-02-01,2021-03-31 00:00:00+00:00,Non Graduated,25-34,0.0,Unknown,Unknown,Unknown,0,0,0,0,0.0,0,0,0,0
1309,2018,0,2021,2021-02-01,2021-03-31 00:00:00+00:00,Non Graduated,25-34,0.0,Unknown,Unknown,Unknown,0,0,0,0,0.0,0,0,0,0
1309,2019,0,2021,2021-02-01,2021-03-31 00:00:00+00:00,Non Graduated,25-34,0.0,Unknown,Unknown,Unknown,0,0,0,0,0.0,0,0,0,0
1309,2020,0,2021,2021-02-01,2021-03-31 00:00:00+00:00,Non Graduated,25-34,0.0,Unknown,Unknown,Unknown,0,0,0,0,0.0,0,0,0,0
1309,2021,0,2021,2021-02-01,2021-03-31 00:00:00+00:00,Non Graduated,25-34,0.0,Unknown,Unknown,Unknown,1,0,0,0,0.0,0,0,0,0
1309,2022,0,2021,2021-02-01,2021-03-31 00:00:00+00:00,Non Graduated,25-34,0.0,Unknown,Unknown,Unknown,1,0,0,1,2752.521534921175,0,0,0,0
1309,2023,0,2021,2021-02-01,2021-03-31 00:00:00+00:00,Non Graduated,25-34,0.0,Unknown,Unknown,Unknown,1,0,0,1,284.50652009700633,0,0,0,0
1309,2024,0,2021,2021-02-01,2021-03-31 00:00:00+00:00,Non Graduated,25-34,0.0,Unknown,Unknown,Unknown,1,0,0,0,0.0,1,1,1,0
1203,2017,1,2020,2020-06-29,2020-07-20 00:00:00+00:00,Graduated,25-34,0.0,Unknown,Unknown,Unknown,0,0,1,1,64340.690003101234,0,0,0,0
1203,2018,1,2020,2020-06-29,2020-07-20 00:00:00+00:00,Graduated,25-34,0.0,Unknown,Unknown,Unknown,0,0,0,1,24348.25145385731,0,0,0,0
1203,2019,1,2020,2020-06-29,2020-07-20 00:00:00+00:00,Graduated,25-34,0.0,Unknown,Unknown,Unknown,0,0,0,0,0.0,0,0,0,0
1203,2020,1,2020,2020-06-29,2020-07-20 00:00:00+00:00,Graduated,25-34,0.0,Unknown,Unknown,Unknown,1,1,0,1,2641.2104163947265,0,0,0,0
1203,2021,1,2020,2020-06-29,2020-07-20 00:00:00+00:00,Graduated,25-34,0.0,Unknown,Unknown,Unknown,1,1,0,1,31492.180644020555,0,0,0,0
1203,2022,1,2020,2020-06-29,2020-07-20 00:00:00+00:00,Graduated,25-34,0.0,Unknown,Unknown,Unknown,1,1,0,1,32054.177006662074,0,0,0,0
1203,2023,1,2020,2020-06-29,2020-07-20 00:00:00+00:00,Graduated,25-34,0.0,Unknown,Unknown,Unknown,1,1,0,1,23133.148396163968,0,0,0,0
1203,2024,1,2020,2020-06-29,2020-07-20 00:00:00+00:00,Graduated,25-34,0.0,Unknown,Unknown,Unknown,1,1,0,1,313.5590546669849,1,1,1,0
872,2017,0,2018,2018-11-06,2018-12-03 00:00:00+00:00,Non Graduated,25-34,0.0,Unknown,Unknown,Unknown,0,0,0,1,2157.8867339838557,0,0,1,1
872,2018,0,2018,2018-11-06,2018-12-03 00:00:00+00:00,Non Graduated,25-34,0.0,Unknown,Unknown,Unknown,1,0,0,1,1394.3326473831064,0,0,1,1
872,2019,0,2018,2018-11-06,2018-12-03 00:00:00+00:00,Non Graduated,25-34,0.0,Unknown,Unknown,Unknown,1,0,1,1,33159.68737465846,0,0,1,1
872,2020,0,2018,2018-11-06,2018-12-03 00:00:00+00:00,Non Graduated,25-34,0.0,Unknown,Unknown,Unknown,1,0,0,1,20973.043561559032,0,0,1,1
872,2021,0,2018,2018-11-06,2018-12-03 00:00:00+00:00,Non Graduated,25-34,0.0,Unknown,Unknown,Unknown,1,0,0,1,12471.381769222899,0,0,1,1
872,2022,0,2018,2018-11-06,2018-12-03 00:00:00+00:00,Non Graduated,25-34,0.0,Unknown,Unknown,Unknown,1,0,1,1,23048.97577267643,0,0,1,1
872,2023,0,2018,2018-11-06,2018-12-03 00:00:00+00:00,Non Graduated,25-34,0.0,Unknown,Unknown,Unknown,1,0,1,1,35824.209836231836,0,0,1,1
872,2024,0,2018,2018-11-06,2018-12-03 00:00:00+00:00,Non Graduated,25-34,0.0,Unknown,Unknown,Unknown,1,0,0,1,35148.85640243147,0,0,1,1
1463,2017,1,2022,2021-11-08,2022-01-21 00:00:00+00:00,Graduated,25-34,0.0,Unknown,Unknown,Unknown,0,0,0,1,14854.711801522662,0,0,1,1
1463,2018,1,2022,2021-11-08,2022-01-21 00:00:00+00:00,Graduated,25-34,0.0,Unknown,Unknown,Unknown,0,0,0,1,2658.389996537079,0,0,1,1
1463,2019,1,2022,2021-11-08,2022-01-21 00:00:00+00:00,Graduated,25-34,0.0,Unknown,Unknown,Unknown,0,0,0,1,8874.12446777852,5,1,1,1
1463,2020,1,2022,2021-11-08,2022-01-21 00:00:00+00:00,Graduated,25-34,0.0,Unknown,Unknown,Unknown,0,0,0,0,0.0,0,0,1,1
1463,2021,1,2022,2021-11-08,2022-01-21 00:00:00+00:00,Graduated,25-34,0.0,Unknown,Unknown,Unknown,0,0,0,1,10407.187688785354,1,1,1,1
1463,2022,1,2022,2021-11-08,2022-01-21 00:00:00+00:00,Graduated,25-34,0.0,Unknown,Unknown,Unknown,1,1,0,1,4760.772177601048,3,1,1,1
1463,2023,1,2022,2021-11-08,2022-01-21 00:00:00+00:00,Graduated,25-34,0.0,Unknown,Unknown,Unknown,1,1,0,1,5587.681262074549,0,0,1,1
1463,2024,1,2022,2021-11-08,2022-01-21 00:00:00+00:00,Graduated,25-34,0.0,Unknown,Unknown,Unknown,1,1,0,1,6920.347191008435,2,1,1,1
843,2017,0,2018,2018-10-01,2018-10-17 00:00:00+00:00,Non Graduated,25-34,0.0,Unknown,Unknown,Unknown,0,0,0,0,0.0,0,0,0,0
843,2018,0,2018,2018-10-01,2018-10-17 00:00:00+00:00,Non Graduated,25-34,0.0,Unknown,Unknown,Unknown,1,0,0,1,713.2355212123402,0,0,0,0
843,2019,0,2018,2018-10-01,2018-10-17 00:00:00+00:00,Non Graduated,25-34,0.0,Unknown,Unknown,Unknown,1,0,0,1,1096.318833054028,0,0,0,0
843,2020,0,2018,2018-10-01,2018-10-17 00:00:00+00:00,Non Graduated,25-34,0.0,Unknown,Unknown,Unknown,1,0,0,1,4364.096997848767,0,0,0,0
843,2021,0,2018,2018-10-01,2018-10-17 00:00:00+00:00,Non Graduated,25-34,0.0,Unknown,Unknown,Unknown,1,0,0,0,0.0,0,0,0,0
843,2022,0,2018,2018-10-01,2018-10-17 00:00:00+00:00,Non Graduated,25-34,0.0,Unknown,Unknown,Unknown,1,0,0,0,0.0,0,0,0,0
843,2023,0,2018,2018-10-01,2018-10-17 00:00:00+00:00,Non Graduated,25-34,0.0,Unknown,Unknown,Unknown,1,0,0,0,0.0,0,0,0,0
843,2024,0,2018,2018-10-01,2018-10-17 00:00:00+00:00,Non Graduated,25-34,0.0,Unknown,Unknown,Unknown,1,0,0,0,0.0,0,0,0,0
1213,2017,1,2020,2020-07-06,2020-08-17 00:00:00+00:00,Graduated,25-34,0.0,Unknown,Unknown,Unknown,0,0,0,0,0.0,0,0,0,0
1213,2018,1,2020,2020-07-06,2020-08-17 00:00:00+00:00,Graduated,25-34,0.0,Unknown,Unknown,Unknown,0,0,0,1,15541.4561224043,0,0,0,0
1213,2019,1,2020,2020-07-06,2020-08-17 00:00:00+00:00,Graduated,25-34,0.0,Unknown,Unknown,Unknown,0,0,0,1,21313.973481656096,0,0,0,0
1213,2020,1,2020,2020-07-06,2020-08-17 00:00:00+00:00,Graduated,25-34,0.0,Unknown,Unknown,Unknown,1,1,0,0,0.0,0,0,0,0
1213,2021,1,2020,2020-07-06,2020-08-17 00:00:00+00:00,Graduated,25-34,0.0,Unknown,Unknown,Unknown,1,1,0,1,9708.352644567742,0,0,0,0
1213,2022,1,2020,2020-07-06,2020-08-17 00:00:00+00:00,Graduated,25-34,0.0,Unknown,Unknown,Unknown,1,1,0,1,5371.838933681944,0,0,0,0
1213,2023,1,2020,2020-07-06,2020-08-17 00:00:00+00:00,Graduated,25-34,0.0,Unknown,Unknown,Unknown,1,1,1,1,24137.90914989089,0,0,0,0
1213,2024,1,2020,2020-07-06,2020-08-17 00:00:00+00:00,Graduated,25-34,0.0,Unknown,Unknown,Unknown,1,1,0,0,0.0,0,0,0,0
909,2017,0,2019,2019-01-28,2019-02-21 00:00:00+00:00,Non Graduated,25-34,0.0,Unknown,Unknown,Unknown,0,0,0,1,243.23887924988,0,0,0,0
909,2018,0,2019,2019-01-28,2019-02-21 00:00:00+00:00,Non Graduated,25-34,0.0,Unknown,Unknown,Unknown,0,0,0,0,0.0,0,0,0,0
909,2019,0,2019,2019-01-28,2019-02-21 00:00:00+00:00,Non Graduated,25-34,0.0,Unknown,Unknown,Unknown,1,0,0,1,2605.2843594138258,4,1,1,0
909,2020,0,2019,2019-01-28,2019-02-21 00:00:00+00:00,Non Graduated,25-34,0.0,Unknown,Unknown,Unknown,1,0,0,0,0.0,0,0,1,1
909,2021,0,2019,2019-01-28,2019-02-21 00:00:00+00:00,Non Graduated,25-34,0.0,Unknown,Unknown,Unknown,1,0,0,0,0.0,0,0,1,1
909,2022,0,2019,2019-01-28,2019-02-21 00:00:00+00:00,Non Graduated,25-34,0.0,Unknown,Unknown,Unknown,1,0,0,1,4575.889628264436,0,0,1,1
909,2023,0,2019,2019-01-28,2019-02-21 00:00:00+00:00,Non Graduated,25-34,0.0,Unknown,Unknown,Unknown,1,0,0,1,1792.7099777889446,0,0,1,1
909,2024,0,2019,2019-01-28,2019-02-21 00:00:00+00:00,Non Graduated,25-34,0.0,Unknown,Unknown,Unknown,1,0,0,0,0.0,0,0,1,1
854,2017,1,2019,2018-10-22,2019-01-04 00:00:00+00:00,Graduated,25-34,0.0,Unknown,Unknown,Unknown,0,0,0,1,10728.848635629805,1,1,1,1
854,2018,1,2019,2018-10-22,2019-01-04 00:00:00+00:00,Graduated,25-34,0.0,Unknown,Unknown,Unknown,0,0,0,0,0.0,0,0,1,1
854,2019,1,2019,2018-10-22,2019-01-04 00:00:00+00:00,Graduated,25-34,0.0,Unknown,Unknown,Unknown,1,1,1,1,11205.542729864974,0,0,1,1
854,2020,1,2019,2018-10-22,2019-01-04 00:00:00+00:00,Graduated,25-34,0.0,Unknown,Unknown,Unknown,1,1,1,1,27397.167331066077,0,0,1,1
854,2021,1,2019,2018-10-22,2019-01-04 00:00:00+00:00,Graduated,25-34,0.0,Unknown,Unknown,Unknown,1,1,1,1,34283.97916925146,0,0,1,1
854,2022,1,2019,2018-10-22,2019-01-04 00:00:00+00:00,Graduated,25-34,0.0,Unknown,Unknown,Unknown,1,1,1,1,36262.433605893166,0,0,1,1
854,2023,1,2019,2018-10-22,2019-01-04 00:00:00+00:00,Graduated,25-34,0.0,Unknown,Unknown,Unknown,1,1,1,1,23926.145645661185,0,0,1,1
854,2024,1,2019,2018-10-22,2019-01-04 00:00:00+00:00,Graduated,25-34,0.0,Unknown,Unknown,Unknown,1,1,0,1,30820.947022747234,0,0,1,1
1484,2017,0,2022,2021-12-13,2022-01-28 00:00:00+00:00,Non Graduated,25-34,0.0,Unknown,Unknown,Unknown,0,0,0,0,0.0,0,0,0,0
1484,2018,0,2022,2021-12-13,2022-01-28 00:00:00+00:00,Non Graduated,25-34,0.0,Unknown,Unknown,Unknown,0,0,0,1,481.11570534125684,1,1,1,0
1484,2019,0,2022,2021-12-13,2022-01-28 00:00:00+00:00,Non Graduated,25-34,0.0,Unknown,Unknown,Unknown,0,0,0,0,0.0,0,0,1,1
1484,2020,0,2022,2021-12-13,2022-01-28 00:00:00+00:00,Non Graduated,25-34,0.0,Unknown,Unknown,Unknown,0,0,0,0,0.0,0,0,1,1
1484,2021,0,2022,2021-12-13,2022-01-28 00:00:00+00:00,Non Graduated,25-34,0.0,Unknown,Unknown,Unknown,0,0,0,1,5403.93661867383,0,0,1,1
1484,2022,0,2022,2021-12-13,2022-01-28 00:00:00+00:00,Non Graduated,25-34,0.0,Unknown,Unknown,Unknown,1,0,0,1,3657.53252128666,0,0,1,1
1484,2023,0,2022,2021-12-13,2022-01-28 00:00:00+00:00,Non Graduated,25-34,0.0,Unknown,Unknown,Unknown,1,0,0,0,0.0,0,0,1,1
1484,2024,0,2022,2021-12-13,2022-01-28 00:00:00+00:00,Non Graduated,25-34,0.0,Unknown,Unknown,Unknown,1,0,0,0,0.0,0,0,1,1
874,2017,1,2019,2018-11-06,2019-01-25 00:00:00+00:00,Graduated,25-34,0.0,Unknown,Unknown,Unknown,0,0,0,1,1174.989995939311,1,1,1,1
874,2018,1,2019,2018-11-06,2019-01-25 00:00:00+00:00,Graduated,25-34,0.0,Unknown,Unknown,Unknown,0,0,0,0,0.0,0,0,1,1
874,2019,1,2019,2018-11-06,2019-01-25 00:00:00+00:00,Graduated,25-34,0.0,Unknown,Unknown,Unknown,1,1,1,1,31308.756444308703,0,0,1,1
874,2020,1,2019,2018-11-06,2019-01-25 00:00:00+00:00,Graduated,25-34,0.0,Unknown,Unknown,Unknown,1,1,1,1,29551.965129105072,0,0,1,1
874,2021,1,2019,2018-11-06,2019-01-25 00:00:00+00:00,Graduated,25-34,0.0,Unknown,Unknown,Unknown,1,1,1,1,35746.345423841485,0,0,1,1
874,2022,1,2019,2018-11-06,2019-01-25 00:00:00+00:00,Graduated,25-34,0.0,Unknown,Unknown,Unknown,1,1,1,1,39773.125484409844,0,0,1,1
874,2023,1,2019,2018-11-06,2019-01-25 00:00:00+00:00,Graduated,25-34,0.0,Unknown,Unknown,Unknown,1,1,1,1,62109.93027231649,0,0,1,1
874,2024,1,2019,2018-11-06,2019-01-25 00:00:00+00:00,Graduated,25-34,0.0,Unknown,Unknown,Unknown,1,1,0,1,55143.03357566115,0,0,1,1
833,2017,0,2018,2018-09-04,2018-09-26 00:00:00+00:00,Non Graduated,25-34,0.0,Unknown,Unknown,Unknown,0,0,0,0,0.0,0,0,1,1
833,2018,0,2018,2018-09-04,2018-09-26 00:00:00+00:00,Non Graduated,25-34,0.0,Unknown,Unknown,Unknown,1,0,0,1,77.15908234089584,0,0,1,1
833,2019,0,2018,2018-09-04,2018-09-26 00:00:00+00:00,Non Graduated,25-34,0.0,Unknown,Unknown,Unknown,1,0,0,0,0.0,0,0,1,1
833,2020,0,2018,2018-09-04,2018-09-26 00:00:00+00:00,Non Graduated,25-34,0.0,Unknown,Unknown,Unknown,1,0,0,0,0.0,0,0,1,1
833,2021,0,2018,2018-09-04,2018-09-26 00:00:00+00:00,Non Graduated,25-34,0.0,Unknown,Unknown,Unknown,1,0,0,1,355.66647298082506,0,0,1,1
833,2022,0,2018,2018-09-04,2018-09-26 00:00:00+00:00,Non Graduated,25-34,0.0,Unknown,Unknown,Unknown,1,0,1,1,19200.67969674513,0,0,1,1
833,2023,0,2018,2018-09-04,2018-09-26 00:00:00+00:00,Non Graduated,25-34,0.0,Unknown,Unknown,Unknown,1,0,1,1,28370.165036172235,0,0,1,1
833,2024,0,2018,2018-09-04,2018-09-26 00:00:00+00:00,Non Graduated,25-34,0.0,Unknown,Unknown,Unknown,1,0,0,1,27324.894502328018,0,0,1,1
1367,2017,1,2021,2021-06-08,2021-08-13 00:00:00+00:00,Graduated,25-34,0.0,Unknown,Unknown,Unknown,0,0,0,1,4049.637592646651,0,0,0,0
1367,2018,1,2021,2021-06-08,2021-08-13 00:00:00+00:00,Graduated,25-34,0.0,Unknown,Unknown,Unknown,0,0,0,0,0.0,0,0,0,0
1367,2019,1,2021,2021-06-08,2021-08-13 00:00:00+00:00,Graduated,25-34,0.0,Unknown,Unknown,Unknown,0,0,0,1,9672.392152551254,0,0,0,0
1367,2020,1,2021,2021-06-08,2021-08-13 00:00:00+00:00,Graduated,25-34,0.0,Unknown,Unknown,Unknown,0,0,0,0,0.0,0,0,0,0
1367,2021,1,2021,2021-06-08,2021-08-13 00:00:00+00:00,Graduated,25-34,0.0,Unknown,Unknown,Unknown,1,1,0,0,0.0,0,0,0,0
1367,2022,1,2021,2021-06-08,2021-08-13 00:00:00+00:00,Graduated,25-34,0.0,Unknown,Unknown,Unknown,1,1,0,1,4579.230205027896,0,0,0,0
1367,2023,1,2021,2021-06-08,2021-08-13 00:00:00+00:00,Graduated,25-34,0.0,Unknown,Unknown,Unknown,1,1,0,1,3390.6854698801612,0,0,0,0
1367,2024,1,2021,2021-06-08,2021-08-13 00:00:00+00:00,Graduated,25-34,0.0,Unknown,Unknown,Unknown,1,1,0,1,22626.35437497842,0,0,0,0
949,2017,0,2019,2019-03-25,2019-04-24 00:00:00+00:00,Non Graduated,25-34,0.0,Unknown,Unknown,Unknown,0,0,0,1,2147.939761525652,0,0,0,0
949,2018,0,2019,2019-03-25,2019-04-24 00:00:00+00:00,Non Graduated,25-34,0.0,Unknown,Unknown,Unknown,0,0,0,0,0.0,0,0,0,0
949,2019,0,2019,2019-03-25,2019-04-24 00:00:00+00:00,Non Graduated,25-34,0.0,Unknown,Unknown,Unknown,1,0,0,0,0.0,0,0,0,0
949,2020,0,2019,2019-03-25,2019-04-24 00:00:00+00:00,Non Graduated,25-34,0.0,Unknown,Unknown,Unknown,1,0,0,0,0.0,0,0,0,0
949,2021,0,2019,2019-03-25,2019-04-24 00:00:00+00:00,Non Graduated,25-34,0.0,Unknown,Unknown,Unknown,1,0,0,1,7089.905410661175,0,0,0,0
949,2022,0,2019,2019-03-25,2019-04-24 00:00:00+00:00,Non Graduated,25-34,0.0,Unknown,Unknown,Unknown,1,0,1,1,13758.586789084256,2,1,1,0
949,2023,0,2019,2019-03-25,2019-04-24 00:00:00+00:00,Non Graduated,25-34,0.0,Unknown,Unknown,Unknown,1,0,1,1,22169.73540938286,0,0,1,1
949,2024,0,2019,2019-03-25,2019-04-24 00:00:00+00:00,Non Graduated,25-34,0.0,Unknown,Unknown,Unknown,1,0,0,1,908.7023919789924,0,0,1,1
1485,2017,1,2022,2021-12-20,2022-03-25 00:00:00+00:00,Graduated,25-34,0.0,Unknown,Unknown,Unknown,0,0,0,0,0.0,0,0,1,1
1485,2018,1,2022,2021-12-20,2022-03-25 00:00:00+00:00,Graduated,25-34,0.0,Unknown,Unknown,Unknown,0,0,0,1,1695.0377655866127,0,0,1,1
1485,2019,1,2022,2021-12-20,2022-03-25 00:00:00+00:00,Graduated,25-34,0.0,Unknown,Unknown,Unknown,0,0,0,0,0.0,1,1,1,1
1485,2020,1,2022,2021-12-20,2022-03-25 00:00:00+00:00,Graduated,25-34,0.0,Unknown,Unknown,Unknown,0,0,0,0,0.0,0,0,1,1
1485,2021,1,2022,2021-12-20,2022-03-25 00:00:00+00:00,Graduated,25-34,0.0,Unknown,Unknown,Unknown,0,0,0,1,47.25369107943567,0,0,1,1
1485,2022,1,2022,2021-12-20,2022-03-25 00:00:00+00:00,Graduated,25-34,0.0,Unknown,Unknown,Unknown,1,1,0,1,268.2998344852181,0,0,1,1
1485,2023,1,2022,2021-12-20,2022-03-25 00:00:00+00:00,Graduated,25-34,0.0,Unknown,Unknown,Unknown,1,1,0,0,0.0,0,0,1,1
1485,2024,1,2022,2021-12-20,2022-03-25 00:00:00+00:00,Graduated,25-34,0.0,Unknown,Unknown,Unknown,1,1,0,0,0.0,0,0,1,1
739,2017,0,2018,2018-03-12,2018-03-29 00:00:00+00:00,Non Graduated,25-34,0.0,Unknown,Unknown,Unknown,0,0,0,1,2526.4549820707107,0,0,1,1
739,2018,0,2018,2018-03-12,2018-03-29 00:00:00+00:00,Non Graduated,25-34,0.0,Unknown,Unknown,Unknown,1,0,0,1,5718.3954480340635,0,0,1,1
739,2019,0,2018,2018-03-12,2018-03-29 00:00:00+00:00,Non Graduated,25-34,0.0,Unknown,Unknown,Unknown,1,0,0,0,0.0,0,0,1,1
739,2020,0,2018,2018-03-12,2018-03-29 00:00:00+00:00,Non Graduated,25-34,0.0,Unknown,Unknown,Unknown,1,0,0,0,0.0,0,0,1,1
739,2021,0,2018,2018-03-12,2018-03-29 00:00:00+00:00,Non Graduated,25-34,0.0,Unknown,Unknown,Unknown,1,0,0,1,1206.4764671702499,0,0,1,1
739,2022,0,2018,2018-03-12,2018-03-29 00:00:00+00:00,Non Graduated,25-34,0.0,Unknown,Unknown,Unknown,1,0,1,1,6538.465040741719,0,0,1,1
739,2023,0,2018,2018-03-12,2018-03-29 00:00:00+00:00,Non Graduated,25-34,0.0,Unknown,Unknown,Unknown,1,0,0,1,6503.140430459506,0,0,1,1
739,2024,0,2018,2018-03-12,2018-03-29 00:00:00+00:00,Non Graduated,25-34,0.0,Unknown,Unknown,Unknown,1,0,0,0,0.0,0,0,1,1
757,2017,1,2018,2018-04-09,2018-06-22 00:00:00+00:00,Graduated,25-34,0.0,Unknown,Unknown,Unknown,0,0,0,0,0.0,0,0,1,1
757,2018,1,2018,2018-04-09,2018-06-22 00:00:00+00:00,Graduated,25-34,0.0,Unknown,Unknown,Unknown,1,1,0,1,1671.211433196823,1,1,1,1
757,2019,1,2018,2018-04-09,2018-06-22 00:00:00+00:00,Graduated,25-34,0.0,Unknown,Unknown,Unknown,1,1,0,1,11673.408743287888,0,0,1,1
757,2020,1,2018,2018-04-09,2018-06-22 00:00:00+00:00,Graduated,25-34,0.0,Unknown,Unknown,Unknown,1,1,0,0,0.0,1,1,1,1
757,2021,1,2018,2018-04-09,2018-06-22 00:00:00+00:00,Graduated,25-34,0.0,Unknown,Unknown,Unknown,1,1,0,1,17130.401134315114,0,0,1,1
757,2022,1,2018,2018-04-09,2018-06-22 00:00:00+00:00,Graduated,25-34,0.0,Unknown,Unknown,Unknown,1,1,0,1,4784.661187322611,0,0,1,1
757,2023,1,2018,2018-04-09,2018-06-22 00:00:00+00:00,Graduated,25-34,0.0,Unknown,Unknown,Unknown,1,1,0,0,0.0,0,0,1,1
757,2024,1,2018,2018-04-09,2018-06-22 00:00:00+00:00,Graduated,25-34,0.0,Unknown,Unknown,Unknown,1,1,0,0,0.0,0,0,1,1
1,2017,0,2018,2018-07-12,2018-08-01 00:00:00+00:00,Non Graduated,25-34,0.0,Unknown,Unknown,Unknown,0,0,0,1,410.10283521463117,0,0,1,1
1,2018,0,2018,2018-07-12,2018-08-01 00:00:00+00:00,Non Graduated,25-34,0.0,Unknown,Unknown,Unknown,1,0,0,1,5953.968085402793,0,0,1,1
1,2019,0,2018,2018-07-12,2018-08-01 00:00:00+00:00,Non Graduated,25-34,0.0,Unknown,Unknown,Unknown,1,0,1,1,23186.21670945909,0,0,1,1
1,2020,0,2018,2018-07-12,2018-08-01 00:00:00+00:00,Non Graduated,25-34,0.0,Unknown,Unknown,Unknown,1,0,1,1,28437.798259750376,0,0,1,1
1,2021,0,2018,2018-07-12,2018-08-01 00:00:00+00:00,Non Graduated,25-34,0.0,Unknown,Unknown,Unknown,1,0,1,1,46254.079667900995,0,0,1,1
1,2022,0,2018,2018-07-12,2018-08-01 00:00:00+00:00,Non Graduated,25-34,0.0,Unknown,Unknown,Unknown,1,0,1,1,70816.13639133176,0,0,1,1
1,2023,0,2018,2018-07-12,2018-08-01 00:00:00+00:00,Non Graduated,25-34,0.0,Unknown,Unknown,Unknown,1,0,1,1,47692.22827723769,0,0,1,1
1,2024,0,2018,2018-07-12,2018-08-01 00:00:00+00:00,Non Graduated,25-34,0.0,Unknown,Unknown,Unknown,1,0,0,1,6457.590307749446,0,0,1,1
767,2017,1,2018,2018-05-07,2018-07-06 00:00:00+00:00,Graduated,25-34,0.0,Unknown,Unknown,Unknown,0,0,0,1,1214.5912608914343,0,0,1,1
767,2018,1,2018,2018-05-07,2018-07-06 00:00:00+00:00,Graduated,25-34,0.0,Unknown,Unknown,Unknown,1,1,0,0,0.0,0,0,1,1
767,2019,1,2018,2018-05-07,2018-07-06 00:00:00+00:00,Graduated,25-34,0.0,Unknown,Unknown,Unknown,1,1,0,1,2886.5161689509446,0,0,1,1
767,2020,1,2018,2018-05-07,2018-07-06 00:00:00+00:00,Graduated,25-34,0.0,Unknown,Unknown,Unknown,1,1,1,1,11423.714895234942,0,0,1,1
767,2021,1,2018,2018-05-07,2018-07-06 00:00:00+00:00,Graduated,25-34,0.0,Unknown,Unknown,Unknown,1,1,0,1,3257.748494144253,0,0,1,1
767,2022,1,2018,2018-05-07,2018-07-06 00:00:00+00:00,Graduated,25-34,0.0,Unknown,Unknown,Unknown,1,1,0,1,2671.7515346774753,0,0,1,1
767,2023,1,2018,2018-05-07,2018-07-06 00:00:00+00:00,Graduated,25-34,0.0,Unknown,Unknown,Unknown,1,1,0,1,223.31077803840495,0,0,1,1
767,2024,1,2018,2018-05-07,2018-07-06 00:00:00+00:00,Graduated,25-34,0.0,Unknown,Unknown,Unknown,1,1,0,0,0.0,0,0,1,1
858,2017,0,2018,2018-10-22,2018-11-02 00:00:00+00:00,Non Graduated,25-34,0.0,Unknown,Unknown,Unknown,0,0,0,1,555.3658429861558,0,0,1,1
858,2018,0,2018,2018-10-22,2018-11-02 00:00:00+00:00,Non Graduated,25-34,0.0,Unknown,Unknown,Unknown,1,0,0,0,0.0,0,0,1,1
858,2019,0,2018,2018-10-22,2018-11-02 00:00:00+00:00,Non Graduated,25-34,0.0,Unknown,Unknown,Unknown,1,0,0,1,1668.3533820542157,1,1,1,1
858,2020,0,2018,2018-10-22,2018-11-02 00:00:00+00:00,Non Graduated,25-34,0.0,Unknown,Unknown,Unknown,1,0,0,1,11379.008269263788,0,0,1,1
858,2021,0,2018,2018-10-22,2018-11-02 00:00:00+00:00,Non Graduated,25-34,0.0,Unknown,Unknown,Unknown,1,0,0,1,24191.76057771987,0,0,1,1
858,2022,0,2018,2018-10-22,2018-11-02 00:00:00+00:00,Non Graduated,25-34,0.0,Unknown,Unknown,Unknown,1,0,0,1,4513.023178807946,0,0,1,1
858,2023,0,2018,2018-10-22,2018-11-02 00:00:00+00:00,Non Graduated,25-34,0.0,Unknown,Unknown,Unknown,1,0,0,0,0.0,0,0,1,1
858,2024,0,2018,2018-10-22,2018-11-02 00:00:00+00:00,Non Graduated,25-34,0.0,Unknown,Unknown,Unknown,1,0,0,0,0.0,0,0,1,1
904,2017,1,2019,2019-01-07,2019-03-13 00:00:00+00:00,Graduated,25-34,0.0,Unknown,Unknown,Unknown,0,0,0,0,0.0,0,0,1,1
904,2018,1,2019,2019-01-07,2019-03-13 00:00:00+00:00,Graduated,25-34,0.0,Unknown,Unknown,Unknown,0,0,0,1,749.4054284269979,0,0,1,1
904,2019,1,2019,2019-01-07,2019-03-13 00:00:00+00:00,Graduated,25-34,0.0,Unknown,Unknown,Unknown,1,1,0,1,2146.406345077484,0,0,1,1
904,2020,1,2019,2019-01-07,2019-03-13 00:00:00+00:00,Graduated,25-34,0.0,Unknown,Unknown,Unknown,1,1,0,1,3876.8913185030806,0,0,1,1
904,2021,1,2019,2019-01-07,2019-03-13 00:00:00+00:00,Graduated,25-34,0.0,Unknown,Unknown,Unknown,1,1,0,1,2758.1586287042414,0,0,1,1
904,2022,1,2019,2019-01-07,2019-03-13 00:00:00+00:00,Graduated,25-34,0.0,Unknown,Unknown,Unknown,1,1,0,1,1954.5100634704145,0,0,1,1
904,2023,1,2019,2019-01-07,2019-03-13 00:00:00+00:00,Graduated,25-34,0.0,Unknown,Unknown,Unknown,1,1,0,1,6050.735403636145,0,0,1,1
904,2024,1,2019,2019-01-07,2019-03-13 00:00:00+00:00,Graduated,25-34,0.0,Unknown,Unknown,Unknown,1,1,0,1,608.5521126760563,0,0,1,1
1275,2017,0,2021,2020-12-01,2021-01-04 00:00:00+00:00,Non Graduated,25-34,0.0,Unknown,Unknown,Unknown,0,0,0,0,0.0,0,0,1,1
1275,2018,0,2021,2020-12-01,2021-01-04 00:00:00+00:00,Non Graduated,25-34,0.0,Unknown,Unknown,Unknown,0,0,0,0,0.0,0,0,1,1
1275,2019,0,2021,2020-12-01,2021-01-04 00:00:00+00:00,Non Graduated,25-34,0.0,Unknown,Unknown,Unknown,0,0,0,0,0.0,0,0,1,1
1275,2020,0,2021,2020-12-01,2021-01-04 00:00:00+00:00,Non Graduated,25-34,0.0,Unknown,Unknown,Unknown,0,0,0,1,1326.314739278441,0,0,1,1
1275,2021,0,2021,2020-12-01,2021-01-04 00:00:00+00:00,Non Graduated,25-34,0.0,Unknown,Unknown,Unknown,1,0,0,1,1569.6390475579228,0,0,1,1
1275,2022,0,2021,2020-12-01,2021-01-04 00:00:00+00:00,Non Graduated,25-34,0.0,Unknown,Unknown,Unknown,1,0,0,0,0.0,0,0,1,1
1275,2023,0,2021,2020-12-01,2021-01-04 00:00:00+00:00,Non Graduated,25-34,0.0,Unknown,Unknown,Unknown,1,0,0,0,0.0,0,0,1,1
1275,2024,0,2021,2020-12-01,2021-01-04 00:00:00+00:00,Non Graduated,25-34,0.0,Unknown,Unknown,Unknown,1,0,0,1,8166.962761855113,0,0,1,1
812,2017,1,2018,2018-07-30,2018-09-19 00:00:00+00:00,Graduated,25-34,0.0,Unknown,Unknown,Unknown,0,0,0,1,5330.313524179651,1,1,1,0
812,2018,1,2018,2018-07-30,2018-09-19 00:00:00+00:00,Graduated,25-34,0.0,Unknown,Unknown,Unknown,1,1,1,1,4395.771135972937,0,0,1,1
812,2019,1,2018,2018-07-30,2018-09-19 00:00:00+00:00,Graduated,25-34,0.0,Unknown,Unknown,Unknown,1,1,1,1,16750.45188259677,0,0,1,1
812,2020,1,2018,2018-07-30,2018-09-19 00:00:00+00:00,Graduated,25-34,0.0,Unknown,Unknown,Unknown,1,1,1,1,15333.527823698918,0,0,1,1
812,2021,1,2018,2018-07-30,2018-09-19 00:00:00+00:00,Graduated,25-34,0.0,Unknown,Unknown,Unknown,1,1,1,1,13830.363784456225,0,0,1,1
812,2022,1,2018,2018-07-30,2018-09-19 00:00:00+00:00,Graduated,25-34,0.0,Unknown,Unknown,Unknown,1,1,1,1,26557.420763532333,0,0,1,1
812,2023,1,2018,2018-07-30,2018-09-19 00:00:00+00:00,Graduated,25-34,0.0,Unknown,Unknown,Unknown,1,1,1,1,28665.352768902307,0,0,1,1
812,2024,1,2018,2018-07-30,2018-09-19 00:00:00+00:00,Graduated,25-34,0.0,Unknown,Unknown,Unknown,1,1,0,1,11672.147184210793,0,0,1,1
707,2017,0,2018,2018-01-15,2018-03-19 00:00:00+00:00,Non Graduated,25-34,0.0,Unknown,Unknown,Unknown,0,0,0,1,10252.992699703474,0,0,1,1
707,2018,0,2018,2018-01-15,2018-03-19 00:00:00+00:00,Non Graduated,25-34,0.0,Unknown,Unknown,Unknown,1,0,1,1,7035.244453956731,2,1,1,1
707,2019,0,2018,2018-01-15,2018-03-19 00:00:00+00:00,Non Graduated,25-34,0.0,Unknown,Unknown,Unknown,1,0,1,1,25654.446983207417,1,1,1,1
707,2020,0,2018,2018-01-15,2018-03-19 00:00:00+00:00,Non Graduated,25-34,0.0,Unknown,Unknown,Unknown,1,0,1,1,21641.988200736847,0,0,1,1
707,2021,0,2018,2018-01-15,2018-03-19 00:00:00+00:00,Non Graduated,25-34,0.0,Unknown,Unknown,Unknown,1,0,1,1,19152.138975493566,0,0,1,1
707,2022,0,2018,2018-01-15,2018-03-19 00:00:00+00:00,Non Graduated,25-34,0.0,Unknown,Unknown,Unknown,1,0,0,0,0.0,0,0,1,1
707,2023,0,2018,2018-01-15,2018-03-19 00:00:00+00:00,Non Graduated,25-34,0.0,Unknown,Unknown,Unknown,1,0,0,0,0.0,0,0,1,1
707,2024,0,2018,2018-01-15,2018-03-19 00:00:00+00:00,Non Graduated,25-34,0.0,Unknown,Unknown,Unknown,1,0,0,0,0.0,0,0,1,1
699,2017,1,2018,2018-01-08,2018-03-16 00:00:00+00:00,Graduated,25-34,0.0,Unknown,Unknown,Unknown,0,0,1,1,19806.91067031945,0,0,1,1
699,2018,1,2018,2018-01-08,2018-03-16 00:00:00+00:00,Graduated,25-34,0.0,Unknown,Unknown,Unknown,1,1,0,1,7579.38896150044,1,1,1,1
699,2019,1,2018,2018-01-08,2018-03-16 00:00:00+00:00,Graduated,25-34,0.0,Unknown,Unknown,Unknown,1,1,1,1,27649.675377059473,0,0,1,1
699,2020,1,2018,2018-01-08,2018-03-16 00:00:00+00:00,Graduated,25-34,0.0,Unknown,Unknown,Unknown,1,1,1,1,18655.43702198458,0,0,1,1
699,2021,1,2018,2018-01-08,2018-03-16 00:00:00+00:00,Graduated,25-34,0.0,Unknown,Unknown,Unknown,1,1,1,1,34061.36618113499,0,0,1,1
699,2022,1,2018,2018-01-08,2018-03-16 00:00:00+00:00,Graduated,25-34,0.0,Unknown,Unknown,Unknown,1,1,1,1,42845.482759475424,0,0,1,1
699,2023,1,2018,2018-01-08,2018-03-16 00:00:00+00:00,Graduated,25-34,0.0,Unknown,Unknown,Unknown,1,1,1,1,24896.28545311138,0,0,1,1
699,2024,1,2018,2018-01-08,2018-03-16 00:00:00+00:00,Graduated,25-34,0.0,Unknown,Unknown,Unknown,1,1,0,1,28457.040806865767,0,0,1,1
742,2017,0,2018,2018-03-12,2018-05-10 00:00:00+00:00,Non Graduated,25-34,0.0,Unknown,Unknown,Unknown,0,0,0,1,2567.222250917179,0,0,1,1
742,2018,0,2018,2018-03-12,2018-05-10 00:00:00+00:00,Non Graduated,25-34,0.0,Unknown,Unknown,Unknown,1,0,0,1,1881.998613001222,0,0,1,1
742,2019,0,2018,2018-03-12,2018-05-10 00:00:00+00:00,Non Graduated,25-34,0.0,Unknown,Unknown,Unknown,1,0,0,0,0.0,0,0,1,1
742,2020,0,2018,2018-03-12,2018-05-10 00:00:00+00:00,Non Graduated,25-34,0.0,Unknown,Unknown,Unknown,1,0,0,0,0.0,0,0,1,1
742,2021,0,2018,2018-03-12,2018-05-10 00:00:00+00:00,Non Graduated,25-34,0.0,Unknown,Unknown,Unknown,1,0,0,0,0.0,0,0,1,1
742,2022,0,2018,2018-03-12,2018-05-10 00:00:00+00:00,Non Graduated,25-34,0.0,Unknown,Unknown,Unknown,1,0,0,0,0.0,0,0,1,1
742,2023,0,2018,2018-03-12,2018-05-10 00:00:00+00:00,Non Graduated,25-34,0.0,Unknown,Unknown,Unknown,1,0,0,0,0.0,0,0,1,1
742,2024,0,2018,2018-03-12,2018-05-10 00:00:00+00:00,Non Graduated,25-34,0.0,Unknown,Unknown,Unknown,1,0,0,0,0.0,0,0,1,1
714,2017,1,2018,2018-02-19,2018-03-05 00:00:00+00:00,Graduated,25-34,0.0,Unknown,Unknown,Unknown,0,0,0,1,9452.51705310639,0,0,1,1
714,2018,1,2018,2018-02-19,2018-03-05 00:00:00+00:00,Graduated,25-34,0.0,Unknown,Unknown,Unknown,1,1,0,1,15099.68403253919,0,0,1,1
714,2019,1,2018,2018-02-19,2018-03-05 00:00:00+00:00,Graduated,25-34,0.0,Unknown,Unknown,Unknown,1,1,0,0,0.0,5,1,1,1
714,2020,1,2018,2018-02-19,2018-03-05 00:00:00+00:00,Graduated,25-34,0.0,Unknown,Unknown,Unknown,1,1,0,0,0.0,0,0,1,1
714,2021,1,2018,2018-02-19,2018-03-05 00:00:00+00:00,Graduated,25-34,0.0,Unknown,Unknown,Unknown,1,1,0,0,0.0,0,0,1,1
714,2022,1,2018,2018-02-19,2018-03-05 00:00:00+00:00,Graduated,25-34,0.0,Unknown,Unknown,Unknown,1,1,0,0,0.0,0,0,1,1
714,2023,1,2018,2018-02-19,2018-03-05 00:00:00+00:00,Graduated,25-34,0.0,Unknown,Unknown,Unknown,1,1,0,0,0.0,0,0,1,1
714,2024,1,2018,2018-02-19,2018-03-05 00:00:00+00:00,Graduated,25-34,0.0,Unknown,Unknown,Unknown,1,1,0,0,0.0,0,0,1,1
702,2017,0,2018,2018-01-15,2018-03-26 00:00:00+00:00,Non Graduated,25-34,0.0,Unknown,Unknown,Unknown,0,0,0,1,859.6782301114697,0,0,0,0
702,2018,0,2018,2018-01-15,2018-03-26 00:00:00+00:00,Non Graduated,25-34,0.0,Unknown,Unknown,Unknown,1,0,0,1,4070.1536499288923,0,0,0,0
702,2019,0,2018,2018-01-15,2018-03-26 00:00:00+00:00,Non Graduated,25-34,0.0,Unknown,Unknown,Unknown,1,0,1,1,1950.260351445584,0,0,0,0
702,2020,0,2018,2018-01-15,2018-03-26 00:00:00+00:00,Non Graduated,25-34,0.0,Unknown,Unknown,Unknown,1,0,0,1,265.19182767290215,0,0,0,0
702,2021,0,2018,2018-01-15,2018-03-26 00:00:00+00:00,Non Graduated,25-34,0.0,Unknown,Unknown,Unknown,1,0,0,0,0.0,0,0,0,0
702,2022,0,2018,2018-01-15,2018-03-26 00:00:00+00:00,Non Graduated,25-34,0.0,Unknown,Unknown,Unknown,1,0,0,0,0.0,0,0,0,0
702,2023,0,2018,2018-01-15,2018-03-26 00:00:00+00:00,Non Graduated,25-34,0.0,Unknown,Unknown,Unknown,1,0,0,0,0.0,0,0,0,0
702,2024,0,2018,2018-01-15,2018-03-26 00:00:00+00:00,Non Graduated,25-34,0.0,Unknown,Unknown,Unknown,1,0,0,0,0.0,0,0,0,0
717,2017,1,2018,2018-02-05,2018-04-27 00:00:00+00:00,Graduated,25-34,0.0,Unknown,Unknown,Unknown,0,0,1,1,18512.468180545493,0,0,0,0
717,2018,1,2018,2018-02-05,2018-04-27 00:00:00+00:00,Graduated,25-34,0.0,Unknown,Unknown,Unknown,1,1,1,1,18102.54594737867,0,0,0,0
717,2019,1,2018,2018-02-05,2018-04-27 00:00:00+00:00,Graduated,25-34,0.0,Unknown,Unknown,Unknown,1,1,1,1,11498.625382502727,0,0,0,0
717,2020,1,2018,2018-02-05,2018-04-27 00:00:00+00:00,Graduated,25-34,0.0,Unknown,Unknown,Unknown,1,1,0,1,630.2427522615887,0,0,0,0
717,2021,1,2018,2018-02-05,2018-04-27 00:00:00+00:00,Graduated,25-34,0.0,Unknown,Unknown,Unknown,1,1,0,1,12101.300419490726,0,0,0,0
717,2022,1,2018,2018-02-05,2018-04-27 00:00:00+00:00,Graduated,25-34,0.0,Unknown,Unknown,Unknown,1,1,1,1,45877.20489746766,0,0,0,0
717,2023,1,2018,2018-02-05,2018-04-27 00:00:00+00:00,Graduated,25-34,0.0,Unknown,Unknown,Unknown,1,1,1,1,26632.204627687126,0,0,0,0
717,2024,1,2018,2018-02-05,2018-04-27 00:00:00+00:00,Graduated,25-34,0.0,Unknown,Unknown,Unknown,1,1,0,1,3738.2162857525864,0,0,0,0
1230,2017,0,2020,2020-07-27,2020-09-10 00:00:00+00:00,Non Graduated,25-34,0.0,Unknown,Unknown,Unknown,0,0,0,1,729.5434521588161,0,0,0,0
1230,2018,0,2020,2020-07-27,2020-09-10 00:00:00+00:00,Non Graduated,25-34,0.0,Unknown,Unknown,Unknown,0,0,0,0,0.0,0,0,0,0
1230,2019,0,2020,2020-07-27,2020-09-10 00:00:00+00:00,Non Graduated,25-34,0.0,Unknown,Unknown,Unknown,0,0,0,0,0.0,0,0,0,0
1230,2020,0,2020,2020-07-27,2020-09-10 00:00:00+00:00,Non Graduated,25-34,0.0,Unknown,Unknown,Unknown,1,0,0,1,2048.916676675125,0,0,0,0
1230,2021,0,2020,2020-07-27,2020-09-10 00:00:00+00:00,Non Graduated,25-34,0.0,Unknown,Unknown,Unknown,1,0,0,1,3444.4140277079523,0,0,0,0
1230,2022,0,2020,2020-07-27,2020-09-10 00:00:00+00:00,Non Graduated,25-34,0.0,Unknown,Unknown,Unknown,1,0,0,1,13977.667389589333,0,0,0,0
1230,2023,0,2020,2020-07-27,2020-09-10 00:00:00+00:00,Non Graduated,25-34,0.0,Unknown,Unknown,Unknown,1,0,1,1,40964.65734692356,0,0,0,0
1230,2024,0,2020,2020-07-27,2020-09-10 00:00:00+00:00,Non Graduated,25-34,0.0,Unknown,Unknown,Unknown,1,0,0,1,34856.88515905341,0,0,0,0
836,2017,1,2018,2018-09-04,2018-11-16 00:00:00+00:00,Graduated,25-34,0.0,Unknown,Unknown,Unknown,0,0,0,0,0.0,3,1,1,0
836,2018,1,2018,2018-09-04,2018-11-16 00:00:00+00:00,Graduated,25-34,0.0,Unknown,Unknown,Unknown,1,1,0,1,15787.77333534593,0,0,1,1
836,2019,1,2018,2018-09-04,2018-11-16 00:00:00+00:00,Graduated,25-34,0.0,Unknown,Unknown,Unknown,1,1,0,0,0.0,0,0,1,1
836,2020,1,2018,2018-09-04,2018-11-16 00:00:00+00:00,Graduated,25-34,0.0,Unknown,Unknown,Unknown,1,1,0,0,0.0,0,0,1,1
836,2021,1,2018,2018-09-04,2018-11-16 00:00:00+00:00,Graduated,25-34,0.0,Unknown,Unknown,Unknown,1,1,0,0,0.0,0,0,1,1
836,2022,1,2018,2018-09-04,2018-11-16 00:00:00+00:00,Graduated,25-34,0.0,Unknown,Unknown,Unknown,1,1,0,0,0.0,0,0,1,1
836,2023,1,2018,2018-09-04,2018-11-16 00:00:00+00:00,Graduated,25-34,0.0,Unknown,Unknown,Unknown,1,1,0,0,0.0,0,0,1,1
836,2024,1,2018,2018-09-04,2018-11-16 00:00:00+00:00,Graduated,25-34,0.0,Unknown,Unknown,Unknown,1,1,0,0,0.0,0,0,1,1
736,2017,0,2018,2018-03-05,2018-03-21 00:00:00+00:00,Non Graduated,25-34,0.0,Unknown,Unknown,Unknown,0,0,0,1,8785.541711856495,0,0,0,0
736,2018,0,2018,2018-03-05,2018-03-21 00:00:00+00:00,Non Graduated,25-34,0.0,Unknown,Unknown,Unknown,1,0,0,1,9519.727296217234,0,0,0,0
736,2019,0,2018,2018-03-05,2018-03-21 00:00:00+00:00,Non Graduated,25-34,0.0,Unknown,Unknown,Unknown,1,0,0,1,4528.051738381288,0,0,0,0
736,2020,0,2018,2018-03-05,2018-03-21 00:00:00+00:00,Non Graduated,25-34,0.0,Unknown,Unknown,Unknown,1,0,0,1,2654.384232365145,0,0,0,0
736,2021,0,2018,2018-03-05,2018-03-21 00:00:00+00:00,Non Graduated,25-34,0.0,Unknown,Unknown,Unknown,1,0,0,1,9887.325723088412,0,0,0,0
736,2022,0,2018,2018-03-05,2018-03-21 00:00:00+00:00,Non Graduated,25-34,0.0,Unknown,Unknown,Unknown,1,0,1,1,47328.90725693788,0,0,0,0
736,2023,0,2018,2018-03-05,2018-03-21 00:00:00+00:00,Non Graduated,25-34,0.0,Unknown,Unknown,Unknown,1,0,0,1,143.86367431320318,0,0,0,0
736,2024,0,2018,2018-03-05,2018-03-21 00:00:00+00:00,Non Graduated,25-34,0.0,Unknown,Unknown,Unknown,1,0,0,1,32711.829262236868,0,0,0,0
999,2017,1,2019,2019-06-04,2019-08-16 00:00:00+00:00,Graduated,25-34,0.0,Unknown,Unknown,Unknown,0,0,0,0,0.0,0,0,0,0
999,2018,1,2019,2019-06-04,2019-08-16 00:00:00+00:00,Graduated,25-34,0.0,Unknown,Unknown,Unknown,0,0,0,1,136.65491523854382,0,0,0,0
999,2019,1,2019,2019-06-04,2019-08-16 00:00:00+00:00,Graduated,25-34,0.0,Unknown,Unknown,Unknown,1,1,0,0,0.0,0,0,0,0
999,2020,1,2019,2019-06-04,2019-08-16 00:00:00+00:00,Graduated,25-34,0.0,Unknown,Unknown,Unknown,1,1,0,0,0.0,0,0,0,0
999,2021,1,2019,2019-06-04,2019-08-16 00:00:00+00:00,Graduated,25-34,0.0,Unknown,Unknown,Unknown,1,1,0,0,0.0,0,0,0,0
999,2022,1,2019,2019-06-04,2019-08-16 00:00:00+00:00,Graduated,25-34,0.0,Unknown,Unknown,Unknown,1,1,0,0,0.0,0,0,0,0
999,2023,1,2019,2019-06-04,2019-08-16 00:00:00+00:00,Graduated,25-34,0.0,Unknown,Unknown,Unknown,1,1,0,0,0.0,0,0,0,0
999,2024,1,2019,2019-06-04,2019-08-16 00:00:00+00:00,Graduated,25-34,0.0,Unknown,Unknown,Unknown,1,1,0,0,0.0,0,0,0,0
1466,2017,0,2021,2021-11-15,2021-12-06 00:00:00+00:00,Non Graduated,25-34,0.0,Unknown,Unknown,Unknown,0,0,0,0,0.0,0,0,0,0
1466,2018,0,2021,2021-11-15,2021-12-06 00:00:00+00:00,Non Graduated,25-34,0.0,Unknown,Unknown,Unknown,0,0,0,0,0.0,0,0,0,0
1466,2019,0,2021,2021-11-15,2021-12-06 00:00:00+00:00,Non Graduated,25-34,0.0,Unknown,Unknown,Unknown,0,0,0,0,0.0,0,0,0,0
1466,2020,0,2021,2021-11-15,2021-12-06 00:00:00+00:00,Non Graduated,25-34,0.0,Unknown,Unknown,Unknown,0,0,0,1,3424.9892964364967,0,0,0,0
1466,2021,0,2021,2021-11-15,2021-12-06 00:00:00+00:00,Non Graduated,25-34,0.0,Unknown,Unknown,Unknown,1,0,0,1,5913.355854059136,0,0,0,0
1466,2022,0,2021,2021-11-15,2021-12-06 00:00:00+00:00,Non Graduated,25-34,0.0,Unknown,Unknown,Unknown,1,0,0,1,3042.811083253094,0,0,0,0
1466,2023,0,2021,2021-11-15,2021-12-06 00:00:00+00:00,Non Graduated,25-34,0.0,Unknown,Unknown,Unknown,1,0,0,1,1833.1717648446947,0,0,0,0
1466,2024,0,2021,2021-11-15,2021-12-06 00:00:00+00:00,Non Graduated,25-34,0.0,Unknown,Unknown,Unknown,1,0,0,0,0.0,0,0,0,0
1343,2017,1,2021,2021-04-19,2021-09-23 00:00:00+00:00,Graduated,25-34,0.0,Unknown,Unknown,Unknown,0,0,0,0,0.0,0,0,0,0
1343,2018,1,2021,2021-04-19,2021-09-23 00:00:00+00:00,Graduated,25-34,0.0,Unknown,Unknown,Unknown,0,0,0,0,0.0,0,0,0,0
1343,2019,1,2021,2021-04-19,2021-09-23 00:00:00+00:00,Graduated,25-34,0.0,Unknown,Unknown,Unknown,0,0,0,0,0.0,0,0,0,0
1343,2020,1,2021,2021-04-19,2021-09-23 00:00:00+00:00,Graduated,25-34,0.0,Unknown,Unknown,Unknown,0,0,0,0,0.0,0,0,0,0
1343,2021,1,2021,2021-04-19,2021-09-23 00:00:00+00:00,Graduated,25-34,0.0,Unknown,Unknown,Unknown,1,1,1,1,8213.599624969676,0,0,0,0
1343,2022,1,2021,2021-04-19,2021-09-23 00:00:00+00:00,Graduated,25-34,0.0,Unknown,Unknown,Unknown,1,1,0,0,0.0,0,0,0,0
1343,2023,1,2021,2021-04-19,2021-09-23 00:00:00+00:00,Graduated,25-34,0.0,Unknown,Unknown,Unknown,1,1,0,0,0.0,0,0,0,0
1343,2024,1,2021,2021-04-19,2021-09-23 00:00:00+00:00,Graduated,25-34,0.0,Unknown,Unknown,Unknown,1,1,0,0,0.0,0,0,0,0
1055,2017,0,2019,2019-09-16,2019-09-30 00:00:00+00:00,Non Graduated,25-34,0.0,Unknown,Unknown,Unknown,0,0,0,0,0.0,0,0,0,0
1055,2018,0,2019,2019-09-16,2019-09-30 00:00:00+00:00,Non Graduated,25-34,0.0,Unknown,Unknown,Unknown,0,0,0,0,0.0,0,0,0,0
1055,2019,0,2019,2019-09-16,2019-09-30 00:00:00+00:00,Non Graduated,25-34,0.0,Unknown,Unknown,Unknown,1,0,0,1,29141.360839637135,0,0,0,0
1055,2020,0,2019,2019-09-16,2019-09-30 00:00:00+00:00,Non Graduated,25-34,0.0,Unknown,Unknown,Unknown,1,0,0,1,1066.3560404687814,0,0,0,0
1055,2021,0,2019,2019-09-16,2019-09-30 00:00:00+00:00,Non Graduated,25-34,0.0,Unknown,Unknown,Unknown,1,0,0,1,9523.41754780299,0,0,0,0
1055,2022,0,2019,2019-09-16,2019-09-30 00:00:00+00:00,Non Graduated,25-34,0.0,Unknown,Unknown,Unknown,1,0,0,1,25378.429044465465,0,0,0,0
1055,2023,0,2019,2019-09-16,2019-09-30 00:00:00+00:00,Non Graduated,25-34,0.0,Unknown,Unknown,Unknown,1,0,0,1,26704.96294676579,0,0,0,0
1055,2024,0,2019,2019-09-16,2019-09-30 00:00:00+00:00,Non Graduated,25-34,0.0,Unknown,Unknown,Unknown,1,0,0,0,0.0,0,0,0,0
889,2017,1,2019,2018-12-11,2019-02-08 00:00:00+00:00,Graduated,25-34,0.0,Unknown,Unknown,Unknown,0,0,0,0,0.0,0,0,1,1
889,2018,1,2019,2018-12-11,2019-02-08 00:00:00+00:00,Graduated,25-34,0.0,Unknown,Unknown,Unknown,0,0,0,0,0.0,0,0,1,1
889,2019,1,2019,2018-12-11,2019-02-08 00:00:00+00:00,Graduated,25-34,0.0,Unknown,Unknown,Unknown,1,1,0,0,0.0,6,1,1,1
889,2020,1,2019,2018-12-11,2019-02-08 00:00:00+00:00,Graduated,25-34,0.0,Unknown,Unknown,Unknown,1,1,0,1,112.99172849311351,0,0,1,1
889,2021,1,2019,2018-12-11,2019-02-08 00:00:00+00:00,Graduated,25-34,0.0,Unknown,Unknown,Unknown,1,1,0,1,1703.9446058493122,2,1,1,1
889,2022,1,2019,2018-12-11,2019-02-08 00:00:00+00:00,Graduated,25-34,0.0,Unknown,Unknown,Unknown,1,1,0,0,0.0,0,0,1,1
889,2023,1,2019,2018-12-11,2019-02-08 00:00:00+00:00,Graduated,25-34,0.0,Unknown,Unknown,Unknown,1,1,0,1,1855.0814810951078,22,1,1,1
889,2024,1,2019,2018-12-11,2019-02-08 00:00:00+00:00,Graduated,25-34,0.0,Unknown,Unknown,Unknown,1,1,0,1,12176.025468214839,0,0,1,1
775,2017,0,2018,2018-06-04,2018-06-14 00:00:00+00:00,Non Graduated,25-34,0.0,Unknown,Unknown,Unknown,0,0,0,1,8602.696913559921,0,0,0,0
775,2018,0,2018,2018-06-04,2018-06-14 00:00:00+00:00,Non Graduated,25-34,0.0,Unknown,Unknown,Unknown,1,0,1,1,17346.769799449754,0,0,0,0
775,2019,0,2018,2018-06-04,2018-06-14 00:00:00+00:00,Non Graduated,25-34,0.0,Unknown,Unknown,Unknown,1,0,1,1,22401.78393550533,0,0,0,0
775,2020,0,2018,2018-06-04,2018-06-14 00:00:00+00:00,Non Graduated,25-34,0.0,Unknown,Unknown,Unknown,1,0,1,1,28281.822621120686,0,0,0,0
775,2021,0,2018,2018-06-04,2018-06-14 00:00:00+00:00,Non Graduated,25-34,0.0,Unknown,Unknown,Unknown,1,0,1,1,39035.415677291836,0,0,0,0
775,2022,0,2018,2018-06-04,2018-06-14 00:00:00+00:00,Non Graduated,25-34,0.0,Unknown,Unknown,Unknown,1,0,1,1,30637.82837321754,0,0,0,0
775,2023,0,2018,2018-06-04,2018-06-14 00:00:00+00:00,Non Graduated,25-34,0.0,Unknown,Unknown,Unknown,1,0,1,1,39685.26798019021,0,0,0,0
775,2024,0,2018,2018-06-04,2018-06-14 00:00:00+00:00,Non Graduated,25-34,0.0,Unknown,Unknown,Unknown,1,0,0,1,29363.66428816574,0,0,0,0
743,2017,1,2018,2018-03-19,2018-05-15 00:00:00+00:00,Graduated,25-34,0.0,Unknown,Unknown,Unknown,0,0,0,1,538.4253352656609,0,0,0,0
743,2018,1,2018,2018-03-19,2018-05-15 00:00:00+00:00,Graduated,25-34,0.0,Unknown,Unknown,Unknown,1,1,0,0,0.0,0,0,0,0
743,2019,1,2018,2018-03-19,2018-05-15 00:00:00+00:00,Graduated,25-34,0.0,Unknown,Unknown,Unknown,1,1,0,0,0.0,0,0,0,0
743,2020,1,2018,2018-03-19,2018-05-15 00:00:00+00:00,Graduated,25-34,0.0,Unknown,Unknown,Unknown,1,1,0,0,0.0,0,0,0,0
743,2021,1,2018,2018-03-19,2018-05-15 00:00:00+00:00,Graduated,25-34,0.0,Unknown,Unknown,Unknown,1,1,0,0,0.0,0,0,0,0
743,2022,1,2018,2018-03-19,2018-05-15 00:00:00+00:00,Graduated,25-34,0.0,Unknown,Unknown,Unknown,1,1,0,1,2757.05699095368,0,0,0,0
743,2023,1,2018,2018-03-19,2018-05-15 00:00:00+00:00,Graduated,25-34,0.0,Unknown,Unknown,Unknown,1,1,0,0,0.0,0,0,0,0
743,2024,1,2018,2018-03-19,2018-05-15 00:00:00+00:00,Graduated,25-34,0.0,Unknown,Unknown,Unknown,1,1,0,0,0.0,0,0,0,0
1354,2017,0,2021,2021-05-03,2021-05-19 00:00:00+00:00,Non Graduated,25-34,0.0,Unknown,Unknown,Unknown,0,0,0,0,0.0,0,0,0,0
1354,2018,0,2021,2021-05-03,2021-05-19 00:00:00+00:00,Non Graduated,25-34,0.0,Unknown,Unknown,Unknown,0,0,0,0,0.0,0,0,0,0
1354,2019,0,2021,2021-05-03,2021-05-19 00:00:00+00:00,Non Graduated,25-34,0.0,Unknown,Unknown,Unknown,0,0,0,0,0.0,0,0,0,0
1354,2020,0,2021,2021-05-03,2021-05-19 00:00:00+00:00,Non Graduated,25-34,0.0,Unknown,Unknown,Unknown,0,0,0,1,15843.801358472967,0,0,0,0
1354,2021,0,2021,2021-05-03,2021-05-19 00:00:00+00:00,Non Graduated,25-34,0.0,Unknown,Unknown,Unknown,1,0,1,1,25778.401294266383,0,0,0,0
1354,2022,0,2021,2021-05-03,2021-05-19 00:00:00+00:00,Non Graduated,25-34,0.0,Unknown,Unknown,Unknown,1,0,1,1,32686.24368157705,0,0,0,0
1354,2023,0,2021,2021-05-03,2021-05-19 00:00:00+00:00,Non Graduated,25-34,0.0,Unknown,Unknown,Unknown,1,0,1,1,54316.494342732425,0,0,0,0
1354,2024,0,2021,2021-05-03,2021-05-19 00:00:00+00:00,Non Graduated,25-34,0.0,Unknown,Unknown,Unknown,1,0,0,1,50775.50884879705,0,0,0,0
752,2017,1,2018,2018-03-26,2018-07-06 00:00:00+00:00,Graduated,25-34,0.0,Unknown,Unknown,Unknown,0,0,0,1,13546.618262741682,0,0,1,1
752,2018,1,2018,2018-03-26,2018-07-06 00:00:00+00:00,Graduated,25-34,0.0,Unknown,Unknown,Unknown,1,1,0,1,13770.136470742233,0,0,1,1
752,2019,1,2018,2018-03-26,2018-07-06 00:00:00+00:00,Graduated,25-34,0.0,Unknown,Unknown,Unknown,1,1,0,1,31534.841134868373,0,0,1,1
752,2020,1,2018,2018-03-26,2018-07-06 00:00:00+00:00,Graduated,25-34,0.0,Unknown,Unknown,Unknown,1,1,0,1,33953.75254766151,0,0,1,1
752,2021,1,2018,2018-03-26,2018-07-06 00:00:00+00:00,Graduated,25-34,0.0,Unknown,Unknown,Unknown,1,1,0,1,3869.721485529527,0,0,1,1
752,2022,1,2018,2018-03-26,2018-07-06 00:00:00+00:00,Graduated,25-34,0.0,Unknown,Unknown,Unknown,1,1,0,0,0.0,0,0,1,1
752,2023,1,2018,2018-03-26,2018-07-06 00:00:00+00:00,Graduated,25-34,0.0,Unknown,Unknown,Unknown,1,1,0,1,19657.75774671735,0,0,1,1
752,2024,1,2018,2018-03-26,2018-07-06 00:00:00+00:00,Graduated,25-34,0.0,Unknown,Unknown,Unknown,1,1,0,1,19657.415307655872,0,0,1,1
1422,2017,0,2021,2021-08-30,2021-10-27 00:00:00+00:00,Non Graduated,25-34,0.0,Unknown,Unknown,Unknown,0,0,0,0,0.0,0,0,0,0
1422,2018,0,2021,2021-08-30,2021-10-27 00:00:00+00:00,Non Graduated,25-34,0.0,Unknown,Unknown,Unknown,0,0,0,1,1091.1384532500922,0,0,0,0
1422,2019,0,2021,2021-08-30,2021-10-27 00:00:00+00:00,Non Graduated,25-34,0.0,Unknown,Unknown,Unknown,0,0,0,0,0.0,0,0,0,0
1422,2020,0,2021,2021-08-30,2021-10-27 00:00:00+00:00,Non Graduated,25-34,0.0,Unknown,Unknown,Unknown,0,0,0,0,0.0,0,0,0,0
1422,2021,0,2021,2021-08-30,2021-10-27 00:00:00+00:00,Non Graduated,25-34,0.0,Unknown,Unknown,Unknown,1,0,0,0,0.0,0,0,0,0
1422,2022,0,2021,2021-08-30,2021-10-27 00:00:00+00:00,Non Graduated,25-34,0.0,Unknown,Unknown,Unknown,1,0,0,1,4839.932285951035,0,0,0,0
1422,2023,0,2021,2021-08-30,2021-10-27 00:00:00+00:00,Non Graduated,25-34,0.0,Unknown,Unknown,Unknown,1,0,0,1,7254.622992667008,0,0,0,0
1422,2024,0,2021,2021-08-30,2021-10-27 00:00:00+00:00,Non Graduated,25-34,0.0,Unknown,Unknown,Unknown,1,0,0,1,5583.9895623887405,0,0,0,0
1176,2017,1,2020,2020-03-16,2020-06-11 00:00:00+00:00,Graduated,25-34,0.0,Unknown,Unknown,Unknown,0,0,0,0,0.0,0,0,1,1
1176,2018,1,2020,2020-03-16,2020-06-11 00:00:00+00:00,Graduated,25-34,0.0,Unknown,Unknown,Unknown,0,0,0,0,0.0,0,0,1,1
1176,2019,1,2020,2020-03-16,2020-06-11 00:00:00+00:00,Graduated,25-34,0.0,Unknown,Unknown,Unknown,0,0,0,0,0.0,1,1,1,1
1176,2020,1,2020,2020-03-16,2020-06-11 00:00:00+00:00,Graduated,25-34,0.0,Unknown,Unknown,Unknown,1,1,0,1,2425.982247748336,0,0,1,1
1176,2021,1,2020,2020-03-16,2020-06-11 00:00:00+00:00,Graduated,25-34,0.0,Unknown,Unknown,Unknown,1,1,0,1,344.9519448798804,0,0,1,1
1176,2022,1,2020,2020-03-16,2020-06-11 00:00:00+00:00,Graduated,25-34,0.0,Unknown,Unknown,Unknown,1,1,0,0,0.0,0,0,1,1
1176,2023,1,2020,2020-03-16,2020-06-11 00:00:00+00:00,Graduated,25-34,0.0,Unknown,Unknown,Unknown,1,1,0,0,0.0,0,0,1,1
1176,2024,1,2020,2020-03-16,2020-06-11 00:00:00+00:00,Graduated,25-34,0.0,Unknown,Unknown,Unknown,1,1,0,0,0.0,0,0,1,1
1487,2017,0,2022,2021-12-20,2022-02-03 00:00:00+00:00,Non Graduated,25-34,0.0,Unknown,Unknown,Unknown,0,0,0,0,0.0,0,0,0,0
1487,2018,0,2022,2021-12-20,2022-02-03 00:00:00+00:00,Non Graduated,25-34,0.0,Unknown,Unknown,Unknown,0,0,0,0,0.0,0,0,0,0
1487,2019,0,2022,2021-12-20,2022-02-03 00:00:00+00:00,Non Graduated,25-34,0.0,Unknown,Unknown,Unknown,0,0,0,0,0.0,0,0,0,0
1487,2020,0,2022,2021-12-20,2022-02-03 00:00:00+00:00,Non Graduated,25-34,0.0,Unknown,Unknown,Unknown,0,0,0,0,0.0,0,0,0,0
1487,2021,0,2022,2021-12-20,2022-02-03 00:00:00+00:00,Non Graduated,25-34,0.0,Unknown,Unknown,Unknown,0,0,0,0,0.0,0,0,0,0
1487,2022,0,2022,2021-12-20,2022-02-03 00:00:00+00:00,Non Graduated,25-34,0.0,Unknown,Unknown,Unknown,1,0,0,0,0.0,1,1,1,0
1487,2023,0,2022,2021-12-20,2022-02-03 00:00:00+00:00,Non Graduated,25-34,0.0,Unknown,Unknown,Unknown,1,0,0,0,0.0,0,0,1,1
1487,2024,0,2022,2021-12-20,2022-02-03 00:00:00+00:00,Non Graduated,25-34,0.0,Unknown,Unknown,Unknown,1,0,0,0,0.0,0,0,1,1
1247,2017,1,2020,2020-09-07,2020-12-04 00:00:00+00:00,Graduated,25-34,0.0,Unknown,Unknown,Unknown,0,0,0,0,0.0,0,0,0,0
1247,2018,1,2020,2020-09-07,2020-12-04 00:00:00+00:00,Graduated,25-34,0.0,Unknown,Unknown,Unknown,0,0,0,0,0.0,0,0,0,0
1247,2019,1,2020,2020-09-07,2020-12-04 00:00:00+00:00,Graduated,25-34,0.0,Unknown,Unknown,Unknown,0,0,0,0,0.0,0,0,0,0
1247,2020,1,2020,2020-09-07,2020-12-04 00:00:00+00:00,Graduated,25-34,0.0,Unknown,Unknown,Unknown,1,1,0,0,0.0,0,0,0,0
1247,2021,1,2020,2020-09-07,2020-12-04 00:00:00+00:00,Graduated,25-34,0.0,Unknown,Unknown,Unknown,1,1,1,1,7896.851880257203,0,0,0,0
1247,2022,1,2020,2020-09-07,2020-12-04 00:00:00+00:00,Graduated,25-34,0.0,Unknown,Unknown,Unknown,1,1,1,1,22982.746061717186,0,0,0,0
1247,2023,1,2020,2020-09-07,2020-12-04 00:00:00+00:00,Graduated,25-34,0.0,Unknown,Unknown,Unknown,1,1,0,1,18717.771298326992,1,1,1,0
1247,2024,1,2020,2020-09-07,2020-12-04 00:00:00+00:00,Graduated,25-34,0.0,Unknown,Unknown,Unknown,1,1,0,1,22215.817697465733,0,0,1,1
896,2017,0,2019,2019-01-07,2019-02-25 00:00:00+00:00,Non Graduated,25-34,0.0,Unknown,Unknown,Unknown,0,0,0,0,0.0,1,1,1,1
896,2018,0,2019,2019-01-07,2019-02-25 00:00:00+00:00,Non Graduated,25-34,0.0,Unknown,Unknown,Unknown,0,0,0,0,0.0,0,0,1,1
896,2019,0,2019,2019-01-07,2019-02-25 00:00:00+00:00,Non Graduated,25-34,0.0,Unknown,Unknown,Unknown,1,0,0,0,0.0,0,0,1,1
896,2020,0,2019,2019-01-07,2019-02-25 00:00:00+00:00,Non Graduated,25-34,0.0,Unknown,Unknown,Unknown,1,0,0,1,3387.1237219261443,0,0,1,1
896,2021,0,2019,2019-01-07,2019-02-25 00:00:00+00:00,Non Graduated,25-34,0.0,Unknown,Unknown,Unknown,1,0,0,1,1372.6866163083478,0,0,1,1
896,2022,0,2019,2019-01-07,2019-02-25 00:00:00+00:00,Non Graduated,25-34,0.0,Unknown,Unknown,Unknown,1,0,0,0,0.0,0,0,1,1
896,2023,0,2019,2019-01-07,2019-02-25 00:00:00+00:00,Non Graduated,25-34,0.0,Unknown,Unknown,Unknown,1,0,0,1,8449.030341811313,0,0,1,1
896,2024,0,2019,2019-01-07,2019-02-25 00:00:00+00:00,Non Graduated,25-34,0.0,Unknown,Unknown,Unknown,1,0,0,1,6997.348725556396,3,1,1,1
796,2017,1,2018,2018-07-09,2018-08-24 00:00:00+00:00,Graduated,25-34,0.0,Unknown,Unknown,Unknown,0,0,0,0,0.0,0,0,1,1
796,2018,1,2018,2018-07-09,2018-08-24 00:00:00+00:00,Graduated,25-34,0.0,Unknown,Unknown,Unknown,1,1,0,0,0.0,0,0,1,1
796,2019,1,2018,2018-07-09,2018-08-24 00:00:00+00:00,Graduated,25-34,0.0,Unknown,Unknown,Unknown,1,1,0,0,0.0,0,0,1,1
796,2020,1,2018,2018-07-09,2018-08-24 00:00:00+00:00,Graduated,25-34,0.0,Unknown,Unknown,Unknown,1,1,0,0,0.0,0,0,1,1
796,2021,1,2018,2018-07-09,2018-08-24 00:00:00+00:00,Graduated,25-34,0.0,Unknown,Unknown,Unknown,1,1,0,0,0.0,0,0,1,1
796,2022,1,2018,2018-07-09,2018-08-24 00:00:00+00:00,Graduated,25-34,0.0,Unknown,Unknown,Unknown,1,1,0,0,0.0,0,0,1,1
796,2023,1,2018,2018-07-09,2018-08-24 00:00:00+00:00,Graduated,25-34,0.0,Unknown,Unknown,Unknown,1,1,0,1,1781.1317637393804,0,0,1,1
796,2024,1,2018,2018-07-09,2018-08-24 00:00:00+00:00,Graduated,25-34,0.0,Unknown,Unknown,Unknown,1,1,0,1,10222.029588201782,0,0,1,1
871,2017,0,2018,2018-11-06,2018-11-19 00:00:00+00:00,Non Graduated,25-34,0.0,Unknown,Unknown,Unknown,0,0,0,0,0.0,0,0,0,0
871,2018,0,2018,2018-11-06,2018-11-19 00:00:00+00:00,Non Graduated,25-34,0.0,Unknown,Unknown,Unknown,1,0,0,0,0.0,0,0,0,0
871,2019,0,2018,2018-11-06,2018-11-19 00:00:00+00:00,Non Graduated,25-34,0.0,Unknown,Unknown,Unknown,1,0,0,0,0.0,0,0,0,0
871,2020,0,2018,2018-11-06,2018-11-19 00:00:00+00:00,Non Graduated,25-34,0.0,Unknown,Unknown,Unknown,1,0,0,0,0.0,0,0,0,0
871,2021,0,2018,2018-11-06,2018-11-19 00:00:00+00:00,Non Graduated,25-34,0.0,Unknown,Unknown,Unknown,1,0,0,0,0.0,0,0,0,0
871,2022,0,2018,2018-11-06,2018-11-19 00:00:00+00:00,Non Graduated,25-34,0.0,Unknown,Unknown,Unknown,1,0,0,0,0.0,0,0,0,0
871,2023,0,2018,2018-11-06,2018-11-19 00:00:00+00:00,Non Graduated,25-34,0.0,Unknown,Unknown,Unknown,1,0,0,0,0.0,0,0,0,0
871,2024,0,2018,2018-11-06,2018-11-19 00:00:00+00:00,Non Graduated,25-34,0.0,Unknown,Unknown,Unknown,1,0,0,0,0.0,0,0,0,0
951,2017,1,2019,2019-04-01,2019-07-12 00:00:00+00:00,Graduated,25-34,0.0,Unknown,Unknown,Unknown,0,0,0,0,0.0,0,0,1,1
951,2018,1,2019,2019-04-01,2019-07-12 00:00:00+00:00,Graduated,25-34,0.0,Unknown,Unknown,Unknown,0,0,0,0,0.0,0,0,1,1
951,2019,1,2019,2019-04-01,2019-07-12 00:00:00+00:00,Graduated,25-34,0.0,Unknown,Unknown,Unknown,1,1,0,1,2546.905744297181,0,0,1,1
951,2020,1,2019,2019-04-01,2019-07-12 00:00:00+00:00,Graduated,25-34,0.0,Unknown,Unknown,Unknown,1,1,0,1,7034.818158388041,0,0,1,1
951,2021,1,2019,2019-04-01,2019-07-12 00:00:00+00:00,Graduated,25-34,0.0,Unknown,Unknown,Unknown,1,1,1,1,11500.746506265808,0,0,1,1
951,2022,1,2019,2019-04-01,2019-07-12 00:00:00+00:00,Graduated,25-34,0.0,Unknown,Unknown,Unknown,1,1,0,1,4195.172894985809,0,0,1,1
951,2023,1,2019,2019-04-01,2019-07-12 00:00:00+00:00,Graduated,25-34,0.0,Unknown,Unknown,Unknown,1,1,0,1,3239.878211072676,0,0,1,1
951,2024,1,2019,2019-04-01,2019-07-12 00:00:00+00:00,Graduated,25-34,0.0,Unknown,Unknown,Unknown,1,1,0,1,218.66618285987104,0,0,1,1
1446,2017,0,2021,2021-10-04,2021-10-25 00:00:00+00:00,Non Graduated,25-34,0.0,Unknown,Unknown,Unknown,0,0,0,0,0.0,0,0,0,0
1446,2018,0,2021,2021-10-04,2021-10-25 00:00:00+00:00,Non Graduated,25-34,0.0,Unknown,Unknown,Unknown,0,0,0,0,0.0,0,0,0,0
1446,2019,0,2021,2021-10-04,2021-10-25 00:00:00+00:00,Non Graduated,25-34,0.0,Unknown,Unknown,Unknown,0,0,0,0,0.0,0,0,0,0
1446,2020,0,2021,2021-10-04,2021-10-25 00:00:00+00:00,Non Graduated,25-34,0.0,Unknown,Unknown,Unknown,0,0,0,0,0.0,0,0,0,0
1446,2021,0,2021,2021-10-04,2021-10-25 00:00:00+00:00,Non Graduated,25-34,0.0,Unknown,Unknown,Unknown,1,0,0,0,0.0,0,0,0,0
1446,2022,0,2021,2021-10-04,2021-10-25 00:00:00+00:00,Non Graduated,25-34,0.0,Unknown,Unknown,Unknown,1,0,0,1,19224.69969327678,0,0,0,0
1446,2023,0,2021,2021-10-04,2021-10-25 00:00:00+00:00,Non Graduated,25-34,0.0,Unknown,Unknown,Unknown,1,0,1,1,39166.03957122296,0,0,0,0
1446,2024,0,2021,2021-10-04,2021-10-25 00:00:00+00:00,Non Graduated,25-34,0.0,Unknown,Unknown,Unknown,1,0,0,1,32356.458015387252,0,0,0,0
825,2017,1,2018,2018-08-13,2018-10-16 00:00:00+00:00,Graduated,25-34,0.0,Unknown,Unknown,Unknown,0,0,0,0,0.0,0,0,1,1
825,2018,1,2018,2018-08-13,2018-10-16 00:00:00+00:00,Graduated,25-34,0.0,Unknown,Unknown,Unknown,1,1,0,0,0.0,0,0,1,1
825,2019,1,2018,2018-08-13,2018-10-16 00:00:00+00:00,Graduated,25-34,0.0,Unknown,Unknown,Unknown,1,1,0,0,0.0,0,0,1,1
825,2020,1,2018,2018-08-13,2018-10-16 00:00:00+00:00,Graduated,25-34,0.0,Unknown,Unknown,Unknown,1,1,0,0,0.0,0,0,1,1
825,2021,1,2018,2018-08-13,2018-10-16 00:00:00+00:00,Graduated,25-34,0.0,Unknown,Unknown,Unknown,1,1,0,0,0.0,0,0,1,1
825,2022,1,2018,2018-08-13,2018-10-16 00:00:00+00:00,Graduated,25-34,0.0,Unknown,Unknown,Unknown,1,1,0,0,0.0,0,0,1,1
825,2023,1,2018,2018-08-13,2018-10-16 00:00:00+00:00,Graduated,25-34,0.0,Unknown,Unknown,Unknown,1,1,0,0,0.0,3,1,1,1
825,2024,1,2018,2018-08-13,2018-10-16 00:00:00+00:00,Graduated,25-34,0.0,Unknown,Unknown,Unknown,1,1,0,0,0.0,0,0,1,1
956,2017,0,2019,2019-04-08,2019-05-14 00:00:00+00:00,Non Graduated,25-34,0.0,Unknown,Unknown,Unknown,0,0,0,0,0.0,0,0,0,0
956,2018,0,2019,2019-04-08,2019-05-14 00:00:00+00:00,Non Graduated,25-34,0.0,Unknown,Unknown,Unknown,0,0,0,0,0.0,0,0,0,0
956,2019,0,2019,2019-04-08,2019-05-14 00:00:00+00:00,Non Graduated,25-34,0.0,Unknown,Unknown,Unknown,1,0,0,0,0.0,0,0,0,0
956,2020,0,2019,2019-04-08,2019-05-14 00:00:00+00:00,Non Graduated,25-34,0.0,Unknown,Unknown,Unknown,1,0,0,0,0.0,0,0,0,0
956,2021,0,2019,2019-04-08,2019-05-14 00:00:00+00:00,Non Graduated,25-34,0.0,Unknown,Unknown,Unknown,1,0,0,0,0.0,0,0,0,0
956,2022,0,2019,2019-04-08,2019-05-14 00:00:00+00:00,Non Graduated,25-34,0.0,Unknown,Unknown,Unknown,1,0,0,1,2463.184681785867,0,0,0,0
956,2023,0,2019,2019-04-08,2019-05-14 00:00:00+00:00,Non Graduated,25-34,0.0,Unknown,Unknown,Unknown,1,0,0,1,5130.46504593832,0,0,0,0
956,2024,0,2019,2019-04-08,2019-05-14 00:00:00+00:00,Non Graduated,25-34,0.0,Unknown,Unknown,Unknown,1,0,0,1,11384.077120162732,0,0,0,0
1166,2017,1,2020,2020-03-09,2020-08-07 00:00:00+00:00,Graduated,25-34,0.0,Unknown,Unknown,Unknown,0,0,0,0,0.0,0,0,0,0
1166,2018,1,2020,2020-03-09,2020-08-07 00:00:00+00:00,Graduated,25-34,0.0,Unknown,Unknown,Unknown,0,0,0,0,0.0,0,0,0,0
1166,2019,1,2020,2020-03-09,2020-08-07 00:00:00+00:00,Graduated,25-34,0.0,Unknown,Unknown,Unknown,0,0,0,0,0.0,0,0,0,0
1166,2020,1,2020,2020-03-09,2020-08-07 00:00:00+00:00,Graduated,25-34,0.0,Unknown,Unknown,Unknown,1,1,0,0,0.0,0,0,0,0
1166,2021,1,2020,2020-03-09,2020-08-07 00:00:00+00:00,Graduated,25-34,0.0,Unknown,Unknown,Unknown,1,1,0,0,0.0,0,0,0,0
1166,2022,1,2020,2020-03-09,2020-08-07 00:00:00+00:00,Graduated,25-34,0.0,Unknown,Unknown,Unknown,1,1,0,0,0.0,0,0,0,0
1166,2023,1,2020,2020-03-09,2020-08-07 00:00:00+00:00,Graduated,25-34,0.0,Unknown,Unknown,Unknown,1,1,0,0,0.0,0,0,0,0
1166,2024,1,2020,2020-03-09,2020-08-07 00:00:00+00:00,Graduated,25-34,0.0,Unknown,Unknown,Unknown,1,1,0,0,0.0,0,0,0,0
1076,2017,0,2019,2019-10-07,2019-10-23 00:00:00+00:00,Non Graduated,35+,0.0,Unknown,Unknown,Unknown,0,0,0,1,3272.4194380054405,0,0,1,1
1076,2018,0,2019,2019-10-07,2019-10-23 00:00:00+00:00,Non Graduated,35+,0.0,Unknown,Unknown,Unknown,0,0,0,0,0.0,0,0,1,1
1076,2019,0,2019,2019-10-07,2019-10-23 00:00:00+00:00,Non Graduated,35+,0.0,Unknown,Unknown,Unknown,1,0,0,1,388.7249599819285,0,0,1,1
1076,2020,0,2019,2019-10-07,2019-10-23 00:00:00+00:00,Non Graduated,35+,0.0,Unknown,Unknown,Unknown,1,0,0,1,3956.7160635750033,0,0,1,1
1076,2021,0,2019,2019-10-07,2019-10-23 00:00:00+00:00,Non Graduated,35+,0.0,Unknown,Unknown,Unknown,1,0,0,1,354.50416424559364,0,0,1,1
1076,2022,0,2019,2019-10-07,2019-10-23 00:00:00+00:00,Non Graduated,35+,0.0,Unknown,Unknown,Unknown,1,0,0,1,10222.232040858442,0,0,1,1
1076,2023,0,2019,2019-10-07,2019-10-23 00:00:00+00:00,Non Graduated,35+,0.0,Unknown,Unknown,Unknown,1,0,0,1,13335.641989354637,0,0,1,1
1076,2024,0,2019,2019-10-07,2019-10-23 00:00:00+00:00,Non Graduated,35+,0.0,Unknown,Unknown,Unknown,1,0,0,1,13649.664445128265,0,0,1,1
737,2017,1,2018,2018-03-12,2018-04-17 00:00:00+00:00,Graduated,35+,0.0,Unknown,Unknown,Unknown,0,0,1,1,37295.56548058239,0,0,1,1
737,2018,1,2018,2018-03-12,2018-04-17 00:00:00+00:00,Graduated,35+,0.0,Unknown,Unknown,Unknown,1,1,1,1,26459.73697562871,0,0,1,1
737,2019,1,2018,2018-03-12,2018-04-17 00:00:00+00:00,Graduated,35+,0.0,Unknown,Unknown,Unknown,1,1,1,1,23239.7920686566,0,0,1,1
737,2020,1,2018,2018-03-12,2018-04-17 00:00:00+00:00,Graduated,35+,0.0,Unknown,Unknown,Unknown,1,1,0,1,24851.490436854998,0,0,1,1
737,2021,1,2018,2018-03-12,2018-04-17 00:00:00+00:00,Graduated,35+,0.0,Unknown,Unknown,Unknown,1,1,0,0,0.0,0,0,1,1
737,2022,1,2018,2018-03-12,2018-04-17 00:00:00+00:00,Graduated,35+,0.0,Unknown,Unknown,Unknown,1,1,0,0,0.0,0,0,1,1
737,2023,1,2018,2018-03-12,2018-04-17 00:00:00+00:00,Graduated,35+,0.0,Unknown,Unknown,Unknown,1,1,0,0,0.0,0,0,1,1
737,2024,1,2018,2018-03-12,2018-04-17 00:00:00+00:00,Graduated,35+,0.0,Unknown,Unknown,Unknown,1,1,0,0,0.0,0,0,1,1
1145,2017,0,2020,2020-02-03,2020-06-11 00:00:00+00:00,Non Graduated,35+,0.0,Unknown,Unknown,Unknown,0,0,0,0,0.0,0,0,1,1
1145,2018,0,2020,2020-02-03,2020-06-11 00:00:00+00:00,Non Graduated,35+,0.0,Unknown,Unknown,Unknown,0,0,0,0,0.0,0,0,1,1
1145,2019,0,2020,2020-02-03,2020-06-11 00:00:00+00:00,Non Graduated,35+,0.0,Unknown,Unknown,Unknown,0,0,0,1,382.0945387471106,0,0,1,1
1145,2020,0,2020,2020-02-03,2020-06-11 00:00:00+00:00,Non Graduated,35+,0.0,Unknown,Unknown,Unknown,1,0,0,1,16608.709547089016,0,0,1,1
1145,2021,0,2020,2020-02-03,2020-06-11 00:00:00+00:00,Non Graduated,35+,0.0,Unknown,Unknown,Unknown,1,0,1,1,47393.003873000445,0,0,1,1
1145,2022,0,2020,2020-02-03,2020-06-11 00:00:00+00:00,Non Graduated,35+,0.0,Unknown,Unknown,Unknown,1,0,1,1,45666.67376806788,0,0,1,1
1145,2023,0,2020,2020-02-03,2020-06-11 00:00:00+00:00,Non Graduated,35+,0.0,Unknown,Unknown,Unknown,1,0,1,1,44329.3320161828,0,0,1,1
1145,2024,0,2020,2020-02-03,2020-06-11 00:00:00+00:00,Non Graduated,35+,0.0,Unknown,Unknown,Unknown,1,0,0,1,28270.88342878839,0,0,1,1
916,2017,1,2019,2019-02-04,2019-03-29 00:00:00+00:00,Graduated,35+,0.0,Unknown,Unknown,Unknown,0,0,0,0,0.0,2,1,1,1
916,2018,1,2019,2019-02-04,2019-03-29 00:00:00+00:00,Graduated,35+,0.0,Unknown,Unknown,Unknown,0,0,0,1,4175.592339348146,0,0,1,1
916,2019,1,2019,2019-02-04,2019-03-29 00:00:00+00:00,Graduated,35+,0.0,Unknown,Unknown,Unknown,1,1,0,1,1893.6142260754657,1,1,1,1
916,2020,1,2019,2019-02-04,2019-03-29 00:00:00+00:00,Graduated,35+,0.0,Unknown,Unknown,Unknown,1,1,0,0,0.0,1,1,1,1
916,2021,1,2019,2019-02-04,2019-03-29 00:00:00+00:00,Graduated,35+,0.0,Unknown,Unknown,Unknown,1,1,0,1,2963.887274840209,0,0,1,1
916,2022,1,2019,2019-02-04,2019-03-29 00:00:00+00:00,Graduated,35+,0.0,Unknown,Unknown,Unknown,1,1,0,1,3865.0479842271125,0,0,1,1
916,2023,1,2019,2019-02-04,2019-03-29 00:00:00+00:00,Graduated,35+,0.0,Unknown,Unknown,Unknown,1,1,1,1,8601.897553058468,3,1,1,1
916,2024,1,2019,2019-02-04,2019-03-29 00:00:00+00:00,Graduated,35+,0.0,Unknown,Unknown,Unknown,1,1,0,1,295.6962142847995,0,0,1,1
851,2017,0,2018,2018-10-08,2018-10-19 00:00:00+00:00,Non Graduated,35+,0.0,Unknown,Unknown,Unknown,0,0,0,0,0.0,0,0,0,0
851,2018,0,2018,2018-10-08,2018-10-19 00:00:00+00:00,Non Graduated,35+,0.0,Unknown,Unknown,Unknown,1,0,0,1,10404.006542819732,0,0,0,0
851,2019,0,2018,2018-10-08,2018-10-19 00:00:00+00:00,Non Graduated,35+,0.0,Unknown,Unknown,Unknown,1,0,1,1,39593.48458214409,0,0,0,0
851,2020,0,2018,2018-10-08,2018-10-19 00:00:00+00:00,Non Graduated,35+,0.0,Unknown,Unknown,Unknown,1,0,0,1,19965.452401788032,0,0,0,0
851,2021,0,2018,2018-10-08,2018-10-19 00:00:00+00:00,Non Graduated,35+,0.0,Unknown,Unknown,Unknown,1,0,0,1,2066.9935676544374,0,0,0,0
851,2022,0,2018,2018-10-08,2018-10-19 00:00:00+00:00,Non Graduated,35+,0.0,Unknown,Unknown,Unknown,1,0,0,1,338.1385998107852,0,0,0,0
851,2023,0,2018,2018-10-08,2018-10-19 00:00:00+00:00,Non Graduated,35+,0.0,Unknown,Unknown,Unknown,1,0,0,0,0.0,0,0,0,0
851,2024,0,2018,2018-10-08,2018-10-19 00:00:00+00:00,Non Graduated,35+,0.0,Unknown,Unknown,Unknown,1,0,0,0,0.0,0,0,0,0
780,2017,1,2018,2018-05-29,2018-07-06 00:00:00+00:00,Graduated,35+,0.0,Unknown,Unknown,Unknown,0,0,0,1,2687.1573176950087,0,0,1,1
780,2018,1,2018,2018-05-29,2018-07-06 00:00:00+00:00,Graduated,35+,0.0,Unknown,Unknown,Unknown,1,1,0,1,12243.957375478816,0,0,1,1
780,2019,1,2018,2018-05-29,2018-07-06 00:00:00+00:00,Graduated,35+,0.0,Unknown,Unknown,Unknown,1,1,1,1,12564.851369340176,0,0,1,1
780,2020,1,2018,2018-05-29,2018-07-06 00:00:00+00:00,Graduated,35+,0.0,Unknown,Unknown,Unknown,1,1,1,1,6676.568380619407,0,0,1,1
780,2021,1,2018,2018-05-29,2018-07-06 00:00:00+00:00,Graduated,35+,0.0,Unknown,Unknown,Unknown,1,1,0,1,3238.6066150433794,0,0,1,1
780,2022,1,2018,2018-05-29,2018-07-06 00:00:00+00:00,Graduated,35+,0.0,Unknown,Unknown,Unknown,1,1,1,1,12931.666961746183,0,0,1,1
780,2023,1,2018,2018-05-29,2018-07-06 00:00:00+00:00,Graduated,35+,0.0,Unknown,Unknown,Unknown,1,1,1,1,14276.120476661865,0,0,1,1
780,2024,1,2018,2018-05-29,2018-07-06 00:00:00+00:00,Graduated,35+,0.0,Unknown,Unknown,Unknown,1,1,0,1,5554.361377914797,0,0,1,1
882,2017,0,2019,2018-11-26,2019-02-08 00:00:00+00:00,Non Graduated,35+,0.0,Unknown,Unknown,Unknown,0,0,0,1,56.52318638347584,0,0,0,0
882,2018,0,2019,2018-11-26,2019-02-08 00:00:00+00:00,Non Graduated,35+,0.0,Unknown,Unknown,Unknown,0,0,0,1,8091.925291210643,0,0,0,0
882,2019,0,2019,2018-11-26,2019-02-08 00:00:00+00:00,Non Graduated,35+,0.0,Unknown,Unknown,Unknown,1,0,1,1,14409.24805908211,0,0,0,0
882,2020,0,2019,2018-11-26,2019-02-08 00:00:00+00:00,Non Graduated,35+,0.0,Unknown,Unknown,Unknown,1,0,1,1,11999.497095426514,0,0,0,0
882,2021,0,2019,2018-11-26,2019-02-08 00:00:00+00:00,Non Graduated,35+,0.0,Unknown,Unknown,Unknown,1,0,1,1,25575.601680630323,0,0,0,0
882,2022,0,2019,2018-11-26,2019-02-08 00:00:00+00:00,Non Graduated,35+,0.0,Unknown,Unknown,Unknown,1,0,0,1,5447.41284295175,0,0,0,0
882,2023,0,2019,2018-11-26,2019-02-08 00:00:00+00:00,Non Graduated,35+,0.0,Unknown,Unknown,Unknown,1,0,0,1,13007.505362069227,0,0,0,0
882,2024,0,2019,2018-11-26,2019-02-08 00:00:00+00:00,Non Graduated,35+,0.0,Unknown,Unknown,Unknown,1,0,0,1,12625.005738100697,0,0,0,0
1094,2017,1,2020,2019-10-28,2020-01-17 00:00:00+00:00,Graduated,35+,0.0,Unknown,Unknown,Unknown,0,0,1,1,38284.78511083111,0,0,1,1
1094,2018,1,2020,2019-10-28,2020-01-17 00:00:00+00:00,Graduated,35+,0.0,Unknown,Unknown,Unknown,0,0,1,1,41131.25175226693,0,0,1,1
1094,2019,1,2020,2019-10-28,2020-01-17 00:00:00+00:00,Graduated,35+,0.0,Unknown,Unknown,Unknown,0,0,0,1,10614.008828993514,0,0,1,1
1094,2020,1,2020,2019-10-28,2020-01-17 00:00:00+00:00,Graduated,35+,0.0,Unknown,Unknown,Unknown,1,1,1,1,10377.221623872645,0,0,1,1
1094,2021,1,2020,2019-10-28,2020-01-17 00:00:00+00:00,Graduated,35+,0.0,Unknown,Unknown,Unknown,1,1,0,1,3961.129355656015,0,0,1,1
1094,2022,1,2020,2019-10-28,2020-01-17 00:00:00+00:00,Graduated,35+,0.0,Unknown,Unknown,Unknown,1,1,0,1,6442.789004053463,0,0,1,1
1094,2023,1,2020,2019-10-28,2020-01-17 00:00:00+00:00,Graduated,35+,0.0,Unknown,Unknown,Unknown,1,1,0,0,0.0,0,0,1,1
1094,2024,1,2020,2019-10-28,2020-01-17 00:00:00+00:00,Graduated,35+,0.0,Unknown,Unknown,Unknown,1,1,0,0,0.0,0,0,1,1
900,2017,0,2019,2019-01-16,2019-02-08 00:00:00+00:00,Non Graduated,35+,0.0,Unknown,Unknown,Unknown,0,0,0,0,0.0,0,0,0,0
900,2018,0,2019,2019-01-16,2019-02-08 00:00:00+00:00,Non Graduated,35+,0.0,Unknown,Unknown,Unknown,0,0,0,1,10738.67585265608,0,0,0,0
900,2019,0,2019,2019-01-16,2019-02-08 00:00:00+00:00,Non Graduated,35+,0.0,Unknown,Unknown,Unknown,1,0,1,1,33194.998234011015,0,0,0,0
900,2020,0,2019,2019-01-16,2019-02-08 00:00:00+00:00,Non Graduated,35+,0.0,Unknown,Unknown,Unknown,1,0,1,1,52070.38841929711,0,0,0,0
900,2021,0,2019,2019-01-16,2019-02-08 00:00:00+00:00,Non Graduated,35+,0.0,Unknown,Unknown,Unknown,1,0,1,1,51541.153117918046,0,0,0,0
900,2022,0,2019,2019-01-16,2019-02-08 00:00:00+00:00,Non Graduated,35+,0.0,Unknown,Unknown,Unknown,1,0,0,1,9194.358991605246,0,0,0,0
900,2023,0,2019,2019-01-16,2019-02-08 00:00:00+00:00,Non Graduated,35+,0.0,Unknown,Unknown,Unknown,1,0,0,1,19832.577073814642,0,0,0,0
900,2024,0,2019,2019-01-16,2019-02-08 00:00:00+00:00,Non Graduated,35+,0.0,Unknown,Unknown,Unknown,1,0,0,1,40037.39080270757,0,0,0,0
1458,2017,1,2021,2021-10-25,2021-11-08 00:00:00+00:00,Graduated,35+,0.0,Unknown,Unknown,Unknown,0,0,0,1,5339.206249815248,0,0,0,0
1458,2018,1,2021,2021-10-25,2021-11-08 00:00:00+00:00,Graduated,35+,0.0,Unknown,Unknown,Unknown,0,0,0,1,3236.532079314695,0,0,0,0
1458,2019,1,2021,2021-10-25,2021-11-08 00:00:00+00:00,Graduated,35+,0.0,Unknown,Unknown,Unknown,0,0,0,1,8568.422946683786,0,0,0,0
1458,2020,1,2021,2021-10-25,2021-11-08 00:00:00+00:00,Graduated,35+,0.0,Unknown,Unknown,Unknown,0,0,0,1,5297.349954314058,0,0,0,0
1458,2021,1,2021,2021-10-25,2021-11-08 00:00:00+00:00,Graduated,35+,0.0,Unknown,Unknown,Unknown,1,1,0,1,6300.560109271582,0,0,0,0
1458,2022,1,2021,2021-10-25,2021-11-08 00:00:00+00:00,Graduated,35+,0.0,Unknown,Unknown,Unknown,1,1,1,1,9460.099378315099,0,0,0,0
1458,2023,1,2021,2021-10-25,2021-11-08 00:00:00+00:00,Graduated,35+,0.0,Unknown,Unknown,Unknown,1,1,0,1,12129.496434910638,0,0,0,0
1458,2024,1,2021,2021-10-25,2021-11-08 00:00:00+00:00,Graduated,35+,0.0,Unknown,Unknown,Unknown,1,1,0,1,19797.51160394593,0,0,0,0
759,2017,0,2018,2018-04-23,2018-06-14 00:00:00+00:00,Non Graduated,35+,0.0,Unknown,Unknown,Unknown,0,0,1,1,21721.98698320258,6,1,1,0
759,2018,0,2018,2018-04-23,2018-06-14 00:00:00+00:00,Non Graduated,35+,0.0,Unknown,Unknown,Unknown,1,0,0,1,17105.158834051213,0,0,1,1
759,2019,0,2018,2018-04-23,2018-06-14 00:00:00+00:00,Non Graduated,35+,0.0,Unknown,Unknown,Unknown,1,0,1,1,13350.104002381191,0,0,1,1
759,2020,0,2018,2018-04-23,2018-06-14 00:00:00+00:00,Non Graduated,35+,0.0,Unknown,Unknown,Unknown,1,0,0,1,2134.288204869922,2,1,1,1
759,2021,0,2018,2018-04-23,2018-06-14 00:00:00+00:00,Non Graduated,35+,0.0,Unknown,Unknown,Unknown,1,0,1,1,16271.91401914844,0,0,1,1
759,2022,0,2018,2018-04-23,2018-06-14 00:00:00+00:00,Non Graduated,35+,0.0,Unknown,Unknown,Unknown,1,0,0,1,3328.4109508041624,0,0,1,1
759,2023,0,2018,2018-04-23,2018-06-14 00:00:00+00:00,Non Graduated,35+,0.0,Unknown,Unknown,Unknown,1,0,0,0,0.0,3,1,1,1
759,2024,0,2018,2018-04-23,2018-06-14 00:00:00+00:00,Non Graduated,35+,0.0,Unknown,Unknown,Unknown,1,0,0,1,6021.959035525253,0,0,1,1
1020,2017,1,2019,2019-07-01,2019-09-13 00:00:00+00:00,Graduated,35+,0.0,Unknown,Unknown,Unknown,0,0,0,1,3576.7346546380872,0,0,1,1
1020,2018,1,2019,2019-07-01,2019-09-13 00:00:00+00:00,Graduated,35+,0.0,Unknown,Unknown,Unknown,0,0,1,1,17557.19034607616,0,0,1,1
1020,2019,1,2019,2019-07-01,2019-09-13 00:00:00+00:00,Graduated,35+,0.0,Unknown,Unknown,Unknown,1,1,0,1,7364.33634994101,0,0,1,1
1020,2020,1,2019,2019-07-01,2019-09-13 00:00:00+00:00,Graduated,35+,0.0,Unknown,Unknown,Unknown,1,1,0,1,2644.9426967758777,0,0,1,1
1020,2021,1,2019,2019-07-01,2019-09-13 00:00:00+00:00,Graduated,35+,0.0,Unknown,Unknown,Unknown,1,1,0,1,4949.9059975303735,0,0,1,1
1020,2022,1,2019,2019-07-01,2019-09-13 00:00:00+00:00,Graduated,35+,0.0,Unknown,Unknown,Unknown,1,1,0,0,0.0,0,0,1,1
1020,2023,1,2019,2019-07-01,2019-09-13 00:00:00+00:00,Graduated,35+,0.0,Unknown,Unknown,Unknown,1,1,0,1,16814.69794389334,0,0,1,1
1020,2024,1,2019,2019-07-01,2019-09-13 00:00:00+00:00,Graduated,35+,0.0,Unknown,Unknown,Unknown,1,1,0,1,22576.395061545125,0,0,1,1
760,2017,0,2018,2018-04-16,2018-06-12 00:00:00+00:00,Non Graduated,35+,0.0,Unknown,Unknown,Unknown,0,0,1,1,12052.268081873515,0,0,0,0
760,2018,0,2018,2018-04-16,2018-06-12 00:00:00+00:00,Non Graduated,35+,0.0,Unknown,Unknown,Unknown,1,0,0,1,8689.72047239378,0,0,0,0
760,2019,0,2018,2018-04-16,2018-06-12 00:00:00+00:00,Non Graduated,35+,0.0,Unknown,Unknown,Unknown,1,0,0,1,7133.667559373201,0,0,0,0
760,2020,0,2018,2018-04-16,2018-06-12 00:00:00+00:00,Non Graduated,35+,0.0,Unknown,Unknown,Unknown,1,0,0,1,7493.432420309581,0,0,0,0
760,2021,0,2018,2018-04-16,2018-06-12 00:00:00+00:00,Non Graduated,35+,0.0,Unknown,Unknown,Unknown,1,0,0,1,12525.949112056283,0,0,0,0
760,2022,0,2018,2018-04-16,2018-06-12 00:00:00+00:00,Non Graduated,35+,0.0,Unknown,Unknown,Unknown,1,0,0,1,19456.3907140994,0,0,0,0
760,2023,0,2018,2018-04-16,2018-06-12 00:00:00+00:00,Non Graduated,35+,0.0,Unknown,Unknown,Unknown,1,0,1,1,19813.616665853784,0,0,0,0
760,2024,0,2018,2018-04-16,2018-06-12 00:00:00+00:00,Non Graduated,35+,0.0,Unknown,Unknown,Unknown,1,0,0,1,21179.344314363727,0,0,0,0
1433,2017,1,2022,2021-09-27,2022-01-21 00:00:00+00:00,Graduated,35+,0.0,Unknown,Unknown,Unknown,0,0,0,1,9773.956575917306,1,1,1,0
1433,2018,1,2022,2021-09-27,2022-01-21 00:00:00+00:00,Graduated,35+,0.0,Unknown,Unknown,Unknown,0,0,0,1,13051.664633435983,0,0,1,1
1433,2019,1,2022,2021-09-27,2022-01-21 00:00:00+00:00,Graduated,35+,0.0,Unknown,Unknown,Unknown,0,0,0,1,3628.0065609750404,0,0,1,1
1433,2020,1,2022,2021-09-27,2022-01-21 00:00:00+00:00,Graduated,35+,0.0,Unknown,Unknown,Unknown,0,0,1,1,27013.88399168693,0,0,1,1
1433,2021,1,2022,2021-09-27,2022-01-21 00:00:00+00:00,Graduated,35+,0.0,Unknown,Unknown,Unknown,0,0,1,1,13659.982388185144,0,0,1,1
1433,2022,1,2022,2021-09-27,2022-01-21 00:00:00+00:00,Graduated,35+,0.0,Unknown,Unknown,Unknown,1,1,0,0,0.0,0,0,1,1
1433,2023,1,2022,2021-09-27,2022-01-21 00:00:00+00:00,Graduated,35+,0.0,Unknown,Unknown,Unknown,1,1,0,1,3756.645641670959,0,0,1,1
1433,2024,1,2022,2021-09-27,2022-01-21 00:00:00+00:00,Graduated,35+,0.0,Unknown,Unknown,Unknown,1,1,0,1,17726.728433117198,0,0,1,1
1026,2017,0,2019,2019-07-10,2019-07-17 00:00:00+00:00,Non Graduated,35+,0.0,Unknown,Unknown,Unknown,0,0,0,0,0.0,0,0,1,1
1026,2018,0,2019,2019-07-10,2019-07-17 00:00:00+00:00,Non Graduated,35+,0.0,Unknown,Unknown,Unknown,0,0,0,0,0.0,0,0,1,1
1026,2019,0,2019,2019-07-10,2019-07-17 00:00:00+00:00,Non Graduated,35+,0.0,Unknown,Unknown,Unknown,1,0,0,0,0.0,0,0,1,1
1026,2020,0,2019,2019-07-10,2019-07-17 00:00:00+00:00,Non Graduated,35+,0.0,Unknown,Unknown,Unknown,1,0,0,0,0.0,1,1,1,1
1026,2021,0,2019,2019-07-10,2019-07-17 00:00:00+00:00,Non Graduated,35+,0.0,Unknown,Unknown,Unknown,1,0,0,0,0.0,0,0,1,1
1026,2022,0,2019,2019-07-10,2019-07-17 00:00:00+00:00,Non Graduated,35+,0.0,Unknown,Unknown,Unknown,1,0,0,1,25259.648445276038,0,0,1,1
1026,2023,0,2019,2019-07-10,2019-07-17 00:00:00+00:00,Non Graduated,35+,0.0,Unknown,Unknown,Unknown,1,0,0,1,1053.595823132061,0,0,1,1
1026,2024,0,2019,2019-07-10,2019-07-17 00:00:00+00:00,Non Graduated,35+,0.0,Unknown,Unknown,Unknown,1,0,0,0,0.0,0,0,1,1
1438,2017,1,2021,2021-09-27,2021-12-02 00:00:00+00:00,Graduated,35+,0.0,Unknown,Unknown,Unknown,0,0,1,1,12671.077000339115,0,0,0,0
1438,2018,1,2021,2021-09-27,2021-12-02 00:00:00+00:00,Graduated,35+,0.0,Unknown,Unknown,Unknown,0,0,0,1,14215.376814024217,0,0,0,0
1438,2019,1,2021,2021-09-27,2021-12-02 00:00:00+00:00,Graduated,35+,0.0,Unknown,Unknown,Unknown,0,0,0,0,0.0,0,0,0,0
1438,2020,1,2021,2021-09-27,2021-12-02 00:00:00+00:00,Graduated,35+,0.0,Unknown,Unknown,Unknown,0,0,0,1,8454.859156768047,0,0,0,0
1438,2021,1,2021,2021-09-27,2021-12-02 00:00:00+00:00,Graduated,35+,0.0,Unknown,Unknown,Unknown,1,1,1,1,17162.120355180938,0,0,0,0
1438,2022,1,2021,2021-09-27,2021-12-02 00:00:00+00:00,Graduated,35+,0.0,Unknown,Unknown,Unknown,1,1,0,1,274.0511325923105,1,1,1,0
1438,2023,1,2021,2021-09-27,2021-12-02 00:00:00+00:00,Graduated,35+,0.0,Unknown,Unknown,Unknown,1,1,0,1,553.5664556343032,0,0,1,1
1438,2024,1,2021,2021-09-27,2021-12-02 00:00:00+00:00,Graduated,35+,0.0,Unknown,Unknown,Unknown,1,1,0,1,9761.758393167314,0,0,1,1
1346,2017,0,2021,2021-04-26,2021-05-11 00:00:00+00:00,Non Graduated,35+,0.0,Unknown,Unknown,Unknown,0,0,0,1,157.73912479109538,0,0,0,0
1346,2018,0,2021,2021-04-26,2021-05-11 00:00:00+00:00,Non Graduated,35+,0.0,Unknown,Unknown,Unknown,0,0,0,1,3717.283379394795,0,0,0,0
1346,2019,0,2021,2021-04-26,2021-05-11 00:00:00+00:00,Non Graduated,35+,0.0,Unknown,Unknown,Unknown,0,0,1,1,7689.705876056103,0,0,0,0
1346,2020,0,2021,2021-04-26,2021-05-11 00:00:00+00:00,Non Graduated,35+,0.0,Unknown,Unknown,Unknown,0,0,1,1,13714.261802120564,0,0,0,0
1346,2021,0,2021,2021-04-26,2021-05-11 00:00:00+00:00,Non Graduated,35+,0.0,Unknown,Unknown,Unknown,1,0,0,0,0.0,0,0,0,0
1346,2022,0,2021,2021-04-26,2021-05-11 00:00:00+00:00,Non Graduated,35+,0.0,Unknown,Unknown,Unknown,1,0,0,1,12577.146277631091,0,0,0,0
1346,2023,0,2021,2021-04-26,2021-05-11 00:00:00+00:00,Non Graduated,35+,0.0,Unknown,Unknown,Unknown,1,0,0,1,11405.078222155273,0,0,0,0
1346,2024,0,2021,2021-04-26,2021-05-11 00:00:00+00:00,Non Graduated,35+,0.0,Unknown,Unknown,Unknown,1,0,0,1,10337.816333618288,0,0,0,0
1265,2017,1,2021,2020-10-26,2021-01-15 00:00:00+00:00,Graduated,35+,0.0,Unknown,Unknown,Unknown,0,0,1,1,20409.875188227925,0,0,1,1
1265,2018,1,2021,2020-10-26,2021-01-15 00:00:00+00:00,Graduated,35+,0.0,Unknown,Unknown,Unknown,0,0,0,1,10231.179344000633,0,0,1,1
1265,2019,1,2021,2020-10-26,2021-01-15 00:00:00+00:00,Graduated,35+,0.0,Unknown,Unknown,Unknown,0,0,0,1,8918.091272477006,0,0,1,1
1265,2020,1,2021,2020-10-26,2021-01-15 00:00:00+00:00,Graduated,35+,0.0,Unknown,Unknown,Unknown,0,0,0,1,8549.47588381562,0,0,1,1
1265,2021,1,2021,2020-10-26,2021-01-15 00:00:00+00:00,Graduated,35+,0.0,Unknown,Unknown,Unknown,1,1,0,1,58.72383030614209,0,0,1,1
1265,2022,1,2021,2020-10-26,2021-01-15 00:00:00+00:00,Graduated,35+,0.0,Unknown,Unknown,Unknown,1,1,0,1,6153.3707386138185,0,0,1,1
1265,2023,1,2021,2020-10-26,2021-01-15 00:00:00+00:00,Graduated,35+,0.0,Unknown,Unknown,Unknown,1,1,0,0,0.0,0,0,1,1
1265,2024,1,2021,2020-10-26,2021-01-15 00:00:00+00:00,Graduated,35+,0.0,Unknown,Unknown,Unknown,1,1,0,0,0.0,0,0,1,1
1018,2017,0,2019,2019-06-19,2019-08-21 00:00:00+00:00,Non Graduated,35+,0.0,Unknown,Unknown,Unknown,0,0,1,1,4081.286601645461,0,0,0,0
1018,2018,0,2019,2019-06-19,2019-08-21 00:00:00+00:00,Non Graduated,35+,0.0,Unknown,Unknown,Unknown,0,0,0,1,2179.854000071646,2,1,1,0
1018,2019,0,2019,2019-06-19,2019-08-21 00:00:00+00:00,Non Graduated,35+,0.0,Unknown,Unknown,Unknown,1,0,0,1,1098.3641691377338,0,0,1,1
1018,2020,0,2019,2019-06-19,2019-08-21 00:00:00+00:00,Non Graduated,35+,0.0,Unknown,Unknown,Unknown,1,0,0,1,7023.736156518933,0,0,1,1
1018,2021,0,2019,2019-06-19,2019-08-21 00:00:00+00:00,Non Graduated,35+,0.0,Unknown,Unknown,Unknown,1,0,0,1,3190.4979264592866,0,0,1,1
1018,2022,0,2019,2019-06-19,2019-08-21 00:00:00+00:00,Non Graduated,35+,0.0,Unknown,Unknown,Unknown,1,0,0,1,890.9061211288106,0,0,1,1
1018,2023,0,2019,2019-06-19,2019-08-21 00:00:00+00:00,Non Graduated,35+,0.0,Unknown,Unknown,Unknown,1,0,0,1,29340.342935572742,0,0,1,1
1018,2024,0,2019,2019-06-19,2019-08-21 00:00:00+00:00,Non Graduated,35+,0.0,Unknown,Unknown,Unknown,1,0,0,1,29865.98808578367,0,0,1,1
811,2017,1,2018,2018-07-30,2018-10-12 00:00:00+00:00,Graduated,35+,0.0,Unknown,Unknown,Unknown,0,0,1,1,6613.6382958578,0,0,0,0
811,2018,1,2018,2018-07-30,2018-10-12 00:00:00+00:00,Graduated,35+,0.0,Unknown,Unknown,Unknown,1,1,0,0,0.0,2,1,1,0
811,2019,1,2018,2018-07-30,2018-10-12 00:00:00+00:00,Graduated,35+,0.0,Unknown,Unknown,Unknown,1,1,0,0,0.0,0,0,1,1
811,2020,1,2018,2018-07-30,2018-10-12 00:00:00+00:00,Graduated,35+,0.0,Unknown,Unknown,Unknown,1,1,0,0,0.0,1,1,1,1
811,2021,1,2018,2018-07-30,2018-10-12 00:00:00+00:00,Graduated,35+,0.0,Unknown,Unknown,Unknown,1,1,0,1,1513.306095144636,0,0,1,1
811,2022,1,2018,2018-07-30,2018-10-12 00:00:00+00:00,Graduated,35+,0.0,Unknown,Unknown,Unknown,1,1,0,1,7645.363568621282,0,0,1,1
811,2023,1,2018,2018-07-30,2018-10-12 00:00:00+00:00,Graduated,35+,0.0,Unknown,Unknown,Unknown,1,1,0,0,0.0,0,0,1,1
811,2024,1,2018,2018-07-30,2018-10-12 00:00:00+00:00,Graduated,35+,0.0,Unknown,Unknown,Unknown,1,1,0,1,1811.5283864605613,0,0,1,1
824,2017,0,2018,2018-09-04,2018-10-25 00:00:00+00:00,Non Graduated,35+,0.0,Unknown,Unknown,Unknown,0,0,0,0,0.0,0,0,1,1
824,2018,0,2018,2018-09-04,2018-10-25 00:00:00+00:00,Non Graduated,35+,0.0,Unknown,Unknown,Unknown,1,0,0,0,0.0,0,0,1,1
824,2019,0,2018,2018-09-04,2018-10-25 00:00:00+00:00,Non Graduated,35+,0.0,Unknown,Unknown,Unknown,1,0,0,0,0.0,0,0,1,1
824,2020,0,2018,2018-09-04,2018-10-25 00:00:00+00:00,Non Graduated,35+,0.0,Unknown,Unknown,Unknown,1,0,0,1,15171.719749379976,0,0,1,1
824,2021,0,2018,2018-09-04,2018-10-25 00:00:00+00:00,Non Graduated,35+,0.0,Unknown,Unknown,Unknown,1,0,0,1,10428.813867969116,0,0,1,1
824,2022,0,2018,2018-09-04,2018-10-25 00:00:00+00:00,Non Graduated,35+,0.0,Unknown,Unknown,Unknown,1,0,0,1,7637.073322002538,0,0,1,1
824,2023,0,2018,2018-09-04,2018-10-25 00:00:00+00:00,Non Graduated,35+,0.0,Unknown,Unknown,Unknown,1,0,0,1,23945.817341593232,0,0,1,1
824,2024,0,2018,2018-09-04,2018-10-25 00:00:00+00:00,Non Graduated,35+,0.0,Unknown,Unknown,Unknown,1,0,0,0,0.0,0,0,1,1
1304,2017,1,2021,2021-01-25,2021-03-26 00:00:00+00:00,Graduated,35+,0.0,Unknown,Unknown,Unknown,0,0,0,1,1428.4587167114362,0,0,0,0
1304,2018,1,2021,2021-01-25,2021-03-26 00:00:00+00:00,Graduated,35+,0.0,Unknown,Unknown,Unknown,0,0,0,0,0.0,0,0,0,0
1304,2019,1,2021,2021-01-25,2021-03-26 00:00:00+00:00,Graduated,35+,0.0,Unknown,Unknown,Unknown,0,0,0,1,422.55316756655463,0,0,0,0
1304,2020,1,2021,2021-01-25,2021-03-26 00:00:00+00:00,Graduated,35+,0.0,Unknown,Unknown,Unknown,0,0,0,1,2615.7885892116183,0,0,0,0
1304,2021,1,2021,2021-01-25,2021-03-26 00:00:00+00:00,Graduated,35+,0.0,Unknown,Unknown,Unknown,1,1,0,1,3789.6073151042756,0,0,0,0
1304,2022,1,2021,2021-01-25,2021-03-26 00:00:00+00:00,Graduated,35+,0.0,Unknown,Unknown,Unknown,1,1,0,1,46993.702059238596,0,0,0,0
1304,2023,1,2021,2021-01-25,2021-03-26 00:00:00+00:00,Graduated,35+,0.0,Unknown,Unknown,Unknown,1,1,1,1,58859.28981769823,0,0,0,0
1304,2024,1,2021,2021-01-25,2021-03-26 00:00:00+00:00,Graduated,35+,0.0,Unknown,Unknown,Unknown,1,1,0,1,36447.58693060819,0,0,0,0
920,2017,0,2019,2019-02-11,2019-03-29 00:00:00+00:00,Non Graduated,35+,0.0,Unknown,Unknown,Unknown,0,0,1,1,46768.606889779636,0,0,0,0
920,2018,0,2019,2019-02-11,2019-03-29 00:00:00+00:00,Non Graduated,35+,0.0,Unknown,Unknown,Unknown,0,0,0,1,9212.655005790588,0,0,0,0
920,2019,0,2019,2019-02-11,2019-03-29 00:00:00+00:00,Non Graduated,35+,0.0,Unknown,Unknown,Unknown,1,0,0,1,12214.72311646858,0,0,0,0
920,2020,0,2019,2019-02-11,2019-03-29 00:00:00+00:00,Non Graduated,35+,0.0,Unknown,Unknown,Unknown,1,0,0,1,3650.71982258648,0,0,0,0
920,2021,0,2019,2019-02-11,2019-03-29 00:00:00+00:00,Non Graduated,35+,0.0,Unknown,Unknown,Unknown,1,0,0,0,0.0,0,0,0,0
920,2022,0,2019,2019-02-11,2019-03-29 00:00:00+00:00,Non Graduated,35+,0.0,Unknown,Unknown,Unknown,1,0,1,1,11547.061712649236,3,1,1,0
920,2023,0,2019,2019-02-11,2019-03-29 00:00:00+00:00,Non Graduated,35+,0.0,Unknown,Unknown,Unknown,1,0,1,1,25843.763590852912,0,0,1,1
920,2024,0,2019,2019-02-11,2019-03-29 00:00:00+00:00,Non Graduated,35+,0.0,Unknown,Unknown,Unknown,1,0,0,1,26507.892535310853,0,0,1,1
797,2017,1,2018,2018-07-09,2018-08-17 00:00:00+00:00,Graduated,35+,0.0,Unknown,Unknown,Unknown,0,0,0,1,2879.3607409368615,0,0,0,0
797,2018,1,2018,2018-07-09,2018-08-17 00:00:00+00:00,Graduated,35+,0.0,Unknown,Unknown,Unknown,1,1,0,1,715.0770275691821,0,0,0,0
797,2019,1,2018,2018-07-09,2018-08-17 00:00:00+00:00,Graduated,35+,0.0,Unknown,Unknown,Unknown,1,1,0,0,0.0,0,0,0,0
797,2020,1,2018,2018-07-09,2018-08-17 00:00:00+00:00,Graduated,35+,0.0,Unknown,Unknown,Unknown,1,1,0,0,0.0,0,0,0,0
797,2021,1,2018,2018-07-09,2018-08-17 00:00:00+00:00,Graduated,35+,0.0,Unknown,Unknown,Unknown,1,1,0,1,3411.376137904319,0,0,0,0
797,2022,1,2018,2018-07-09,2018-08-17 00:00:00+00:00,Graduated,35+,0.0,Unknown,Unknown,Unknown,1,1,1,1,26958.429392727565,3,1,1,0
797,2023,1,2018,2018-07-09,2018-08-17 00:00:00+00:00,Graduated,35+,0.0,Unknown,Unknown,Unknown,1,1,1,1,7575.815599661773,0,0,1,1
797,2024,1,2018,2018-07-09,2018-08-17 00:00:00+00:00,Graduated,35+,0.0,Unknown,Unknown,Unknown,1,1,0,1,7253.114847777262,0,0,1,1
1097,2017,0,2019,2019-11-04,2019-12-17 00:00:00+00:00,Non Graduated,35+,0.0,Unknown,Unknown,Unknown,0,0,0,0,0.0,3,1,1,0
1097,2018,0,2019,2019-11-04,2019-12-17 00:00:00+00:00,Non Graduated,35+,0.0,Unknown,Unknown,Unknown,0,0,0,1,9786.145997877858,2,1,1,1
1097,2019,0,2019,2019-11-04,2019-12-17 00:00:00+00:00,Non Graduated,35+,0.0,Unknown,Unknown,Unknown,1,0,1,1,10623.588175991586,1,1,1,1
1097,2020,0,2019,2019-11-04,2019-12-17 00:00:00+00:00,Non Graduated,35+,0.0,Unknown,Unknown,Unknown,1,0,1,1,16618.286718541403,0,0,1,1
1097,2021,0,2019,2019-11-04,2019-12-17 00:00:00+00:00,Non Graduated,35+,0.0,Unknown,Unknown,Unknown,1,0,0,1,12203.28701376123,0,0,1,1
1097,2022,0,2019,2019-11-04,2019-12-17 00:00:00+00:00,Non Graduated,35+,0.0,Unknown,Unknown,Unknown,1,0,1,1,19400.610628157243,0,0,1,1
1097,2023,0,2019,2019-11-04,2019-12-17 00:00:00+00:00,Non Graduated,35+,0.0,Unknown,Unknown,Unknown,1,0,0,1,11434.521650178933,0,0,1,1
1097,2024,0,2019,2019-11-04,2019-12-17 00:00:00+00:00,Non Graduated,35+,0.0,Unknown,Unknown,Unknown,1,0,0,1,22469.752412513444,0,0,1,1
1195,2017,1,2020,2020-06-08,2020-08-21 00:00:00+00:00,Graduated,35+,0.0,Unknown,Unknown,Unknown,0,0,0,1,1238.0850825908863,0,0,0,0
1195,2018,1,2020,2020-06-08,2020-08-21 00:00:00+00:00,Graduated,35+,0.0,Unknown,Unknown,Unknown,0,0,0,1,3786.2703709945185,0,0,0,0
1195,2019,1,2020,2020-06-08,2020-08-21 00:00:00+00:00,Graduated,35+,0.0,Unknown,Unknown,Unknown,0,0,0,1,7741.154725365517,0,0,0,0
1195,2020,1,2020,2020-06-08,2020-08-21 00:00:00+00:00,Graduated,35+,0.0,Unknown,Unknown,Unknown,1,1,0,1,10660.422104386013,0,0,0,0
1195,2021,1,2020,2020-06-08,2020-08-21 00:00:00+00:00,Graduated,35+,0.0,Unknown,Unknown,Unknown,1,1,1,1,33991.32074080912,0,0,0,0
1195,2022,1,2020,2020-06-08,2020-08-21 00:00:00+00:00,Graduated,35+,0.0,Unknown,Unknown,Unknown,1,1,1,1,36409.734038739894,0,0,0,0
1195,2023,1,2020,2020-06-08,2020-08-21 00:00:00+00:00,Graduated,35+,0.0,Unknown,Unknown,Unknown,1,1,0,1,26763.93472384678,0,0,0,0
1195,2024,1,2020,2020-06-08,2020-08-21 00:00:00+00:00,Graduated,35+,0.0,Unknown,Unknown,Unknown,1,1,0,1,9513.264833858608,0,0,0,0
210,2017,0,2020,2020-07-27,2020-10-30 00:00:00+00:00,Non Graduated,35+,0.0,Unknown,Unknown,Unknown,0,0,0,1,1989.3711557234792,1,1,1,1
210,2018,0,2020,2020-07-27,2020-10-30 00:00:00+00:00,Non Graduated,35+,0.0,Unknown,Unknown,Unknown,0,0,0,1,746.8257195511735,1,1,1,1
210,2019,0,2020,2020-07-27,2020-10-30 00:00:00+00:00,Non Graduated,35+,0.0,Unknown,Unknown,Unknown,0,0,0,1,5095.866168837941,0,0,1,1
210,2020,0,2020,2020-07-27,2020-10-30 00:00:00+00:00,Non Graduated,35+,0.0,Unknown,Unknown,Unknown,1,0,0,1,5809.2904814719595,0,0,1,1
210,2021,0,2020,2020-07-27,2020-10-30 00:00:00+00:00,Non Graduated,35+,0.0,Unknown,Unknown,Unknown,1,0,0,0,0.0,0,0,1,1
210,2022,0,2020,2020-07-27,2020-10-30 00:00:00+00:00,Non Graduated,35+,0.0,Unknown,Unknown,Unknown,1,0,0,0,0.0,0,0,1,1
210,2023,0,2020,2020-07-27,2020-10-30 00:00:00+00:00,Non Graduated,35+,0.0,Unknown,Unknown,Unknown,1,0,1,1,36415.8168096258,0,0,1,1
210,2024,0,2020,2020-07-27,2020-10-30 00:00:00+00:00,Non Graduated,35+,0.0,Unknown,Unknown,Unknown,1,0,0,0,0.0,0,0,1,1
1456,2017,1,2021,2021-10-18,2021-11-01 00:00:00+00:00,Graduated,35+,0.0,Unknown,Unknown,Unknown,0,0,0,1,1408.7648924920688,0,0,0,0
1456,2018,1,2021,2021-10-18,2021-11-01 00:00:00+00:00,Graduated,35+,0.0,Unknown,Unknown,Unknown,0,0,0,1,5772.968917401042,0,0,0,0
1456,2019,1,2021,2021-10-18,2021-11-01 00:00:00+00:00,Graduated,35+,0.0,Unknown,Unknown,Unknown,0,0,1,1,11661.511107648766,0,0,0,0
1456,2020,1,2021,2021-10-18,2021-11-01 00:00:00+00:00,Graduated,35+,0.0,Unknown,Unknown,Unknown,0,0,0,1,13318.962083363336,0,0,0,0
1456,2021,1,2021,2021-10-18,2021-11-01 00:00:00+00:00,Graduated,35+,0.0,Unknown,Unknown,Unknown,1,1,1,1,28331.181318383788,0,0,0,0
1456,2022,1,2021,2021-10-18,2021-11-01 00:00:00+00:00,Graduated,35+,0.0,Unknown,Unknown,Unknown,1,1,1,1,24968.886594824726,0,0,0,0
1456,2023,1,2021,2021-10-18,2021-11-01 00:00:00+00:00,Graduated,35+,0.0,Unknown,Unknown,Unknown,1,1,1,1,22836.171967152888,0,0,0,0
1456,2024,1,2021,2021-10-18,2021-11-01 00:00:00+00:00,Graduated,35+,0.0,Unknown,Unknown,Unknown,1,1,0,0,0.0,0,0,0,0
776,2017,0,2018,2018-05-29,2018-07-16 00:00:00+00:00,Non Graduated,35+,0.0,Unknown,Unknown,Unknown,0,0,0,0,0.0,0,0,0,0
776,2018,0,2018,2018-05-29,2018-07-16 00:00:00+00:00,Non Graduated,35+,0.0,Unknown,Unknown,Unknown,1,0,0,0,0.0,0,0,0,0
776,2019,0,2018,2018-05-29,2018-07-16 00:00:00+00:00,Non Graduated,35+,0.0,Unknown,Unknown,Unknown,1,0,0,0,0.0,0,0,0,0
776,2020,0,2018,2018-05-29,2018-07-16 00:00:00+00:00,Non Graduated,35+,0.0,Unknown,Unknown,Unknown,1,0,0,0,0.0,0,0,0,0
776,2021,0,2018,2018-05-29,2018-07-16 00:00:00+00:00,Non Graduated,35+,0.0,Unknown,Unknown,Unknown,1,0,0,0,0.0,0,0,0,0
776,2022,0,2018,2018-05-29,2018-07-16 00:00:00+00:00,Non Graduated,35+,0.0,Unknown,Unknown,Unknown,1,0,0,0,0.0,0,0,0,0
776,2023,0,2018,2018-05-29,2018-07-16 00:00:00+00:00,Non Graduated,35+,0.0,Unknown,Unknown,Unknown,1,0,0,0,0.0,0,0,0,0
776,2024,0,2018,2018-05-29,2018-07-16 00:00:00+00:00,Non Graduated,35+,0.0,Unknown,Unknown,Unknown,1,0,0,0,0.0,0,0,0,0
1250,2017,1,2020,2020-09-07,2020-11-20 00:00:00+00:00,Graduated,35+,0.0,Unknown,Unknown,Unknown,0,0,1,1,70218.03083669256,0,0,0,0
1250,2018,1,2020,2020-09-07,2020-11-20 00:00:00+00:00,Graduated,35+,0.0,Unknown,Unknown,Unknown,0,0,1,1,63279.21700458382,0,0,0,0
1250,2019,1,2020,2020-09-07,2020-11-20 00:00:00+00:00,Graduated,35+,0.0,Unknown,Unknown,Unknown,0,0,1,1,54738.6079437069,0,0,0,0
1250,2020,1,2020,2020-09-07,2020-11-20 00:00:00+00:00,Graduated,35+,0.0,Unknown,Unknown,Unknown,1,1,0,0,0.0,0,0,0,0
1250,2021,1,2020,2020-09-07,2020-11-20 00:00:00+00:00,Graduated,35+,0.0,Unknown,Unknown,Unknown,1,1,0,1,34567.00198457708,0,0,0,0
1250,2022,1,2020,2020-09-07,2020-11-20 00:00:00+00:00,Graduated,35+,0.0,Unknown,Unknown,Unknown,1,1,1,1,74431.98344960866,0,0,0,0
1250,2023,1,2020,2020-09-07,2020-11-20 00:00:00+00:00,Graduated,35+,0.0,Unknown,Unknown,Unknown,1,1,1,1,115314.56636327402,0,0,0,0
1250,2024,1,2020,2020-09-07,2020-11-20 00:00:00+00:00,Graduated,35+,0.0,Unknown,Unknown,Unknown,1,1,0,1,59099.121471544495,0,0,0,0
1080,2017,0,2019,2019-10-14,2019-10-21 00:00:00+00:00,Non Graduated,35+,0.0,Unknown,Unknown,Unknown,0,0,0,0,0.0,0,0,0,0
1080,2018,0,2019,2019-10-14,2019-10-21 00:00:00+00:00,Non Graduated,35+,0.0,Unknown,Unknown,Unknown,0,0,0,0,0.0,0,0,0,0
1080,2019,0,2019,2019-10-14,2019-10-21 00:00:00+00:00,Non Graduated,35+,0.0,Unknown,Unknown,Unknown,1,0,0,0,0.0,0,0,0,0
1080,2020,0,2019,2019-10-14,2019-10-21 00:00:00+00:00,Non Graduated,35+,0.0,Unknown,Unknown,Unknown,1,0,0,1,7377.513491137144,0,0,0,0
1080,2021,0,2019,2019-10-14,2019-10-21 00:00:00+00:00,Non Graduated,35+,0.0,Unknown,Unknown,Unknown,1,0,0,1,1062.7028517166243,0,0,0,0
1080,2022,0,2019,2019-10-14,2019-10-21 00:00:00+00:00,Non Graduated,35+,0.0,Unknown,Unknown,Unknown,1,0,0,1,24726.354945287545,0,0,0,0
1080,2023,0,2019,2019-10-14,2019-10-21 00:00:00+00:00,Non Graduated,35+,0.0,Unknown,Unknown,Unknown,1,0,1,1,38723.6144061654,0,0,0,0
1080,2024,0,2019,2019-10-14,2019-10-21 00:00:00+00:00,Non Graduated,35+,0.0,Unknown,Unknown,Unknown,1,0,0,1,15447.397720391868,0,0,0,0
1478,2017,1,2022,2021-12-06,2022-03-11 00:00:00+00:00,Graduated,35+,0.0,Unknown,Unknown,Unknown,0,0,0,0,0.0,0,0,0,0
1478,2018,1,2022,2021-12-06,2022-03-11 00:00:00+00:00,Graduated,35+,0.0,Unknown,Unknown,Unknown,0,0,0,1,34602.75144914766,0,0,0,0
1478,2019,1,2022,2021-12-06,2022-03-11 00:00:00+00:00,Graduated,35+,0.0,Unknown,Unknown,Unknown,0,0,1,1,71436.3402911673,0,0,0,0
1478,2020,1,2022,2021-12-06,2022-03-11 00:00:00+00:00,Graduated,35+,0.0,Unknown,Unknown,Unknown,0,0,1,1,58911.147016264506,0,0,0,0
1478,2021,1,2022,2021-12-06,2022-03-11 00:00:00+00:00,Graduated,35+,0.0,Unknown,Unknown,Unknown,0,0,1,1,37744.453783323836,0,0,0,0
1478,2022,1,2022,2021-12-06,2022-03-11 00:00:00+00:00,Graduated,35+,0.0,Unknown,Unknown,Unknown,1,1,0,1,29921.402138463833,0,0,0,0
1478,2023,1,2022,2021-12-06,2022-03-11 00:00:00+00:00,Graduated,35+,0.0,Unknown,Unknown,Unknown,1,1,1,1,91745.11962944116,0,0,0,0
1478,2024,1,2022,2021-12-06,2022-03-11 00:00:00+00:00,Graduated,35+,0.0,Unknown,Unknown,Unknown,1,1,0,1,110691.24751810367,0,0,0,0
1004,2017,0,2019,2019-06-10,2019-06-27 00:00:00+00:00,Non Graduated,<=24,0.0,Unknown,Unknown,Unknown,0,0,1,1,15100.391852158382,0,0,1,1
1004,2018,0,2019,2019-06-10,2019-06-27 00:00:00+00:00,Non Graduated,<=24,0.0,Unknown,Unknown,Unknown,0,0,1,1,25173.687158112072,1,1,1,1
1004,2019,0,2019,2019-06-10,2019-06-27 00:00:00+00:00,Non Graduated,<=24,0.0,Unknown,Unknown,Unknown,1,0,1,1,14935.460921849042,1,1,1,1
1004,2020,0,2019,2019-06-10,2019-06-27 00:00:00+00:00,Non Graduated,<=24,0.0,Unknown,Unknown,Unknown,1,0,0,1,1092.714813843122,0,0,1,1
1004,2021,0,2019,2019-06-10,2019-06-27 00:00:00+00:00,Non Graduated,<=24,0.0,Unknown,Unknown,Unknown,1,0,0,1,21066.935611843488,0,0,1,1
1004,2022,0,2019,2019-06-10,2019-06-27 00:00:00+00:00,Non Graduated,<=24,0.0,Unknown,Unknown,Unknown,1,0,0,1,11760.851136094265,0,0,1,1
1004,2023,0,2019,2019-06-10,2019-06-27 00:00:00+00:00,Non Graduated,<=24,0.0,Unknown,Unknown,Unknown,1,0,0,1,14545.50680012475,1,1,1,1
1004,2024,0,2019,2019-06-10,2019-06-27 00:00:00+00:00,Non Graduated,<=24,0.0,Unknown,Unknown,Unknown,1,0,0,1,7610.310377100884,0,0,1,1
1109,2017,1,2020,2019-12-02,2020-02-28 00:00:00+00:00,Graduated,<=24,0.0,Unknown,Unknown,Unknown,0,0,1,1,24407.232359420654,0,0,1,1
1109,2018,1,2020,2019-12-02,2020-02-28 00:00:00+00:00,Graduated,<=24,0.0,Unknown,Unknown,Unknown,0,0,1,1,40382.091258505956,0,0,1,1
1109,2019,1,2020,2019-12-02,2020-02-28 00:00:00+00:00,Graduated,<=24,0.0,Unknown,Unknown,Unknown,0,0,1,1,37181.72751187117,1,1,1,1
1109,2020,1,2020,2019-12-02,2020-02-28 00:00:00+00:00,Graduated,<=24,0.0,Unknown,Unknown,Unknown,1,1,1,1,22665.265377401367,0,0,1,1
1109,2021,1,2020,2019-12-02,2020-02-28 00:00:00+00:00,Graduated,<=24,0.0,Unknown,Unknown,Unknown,1,1,0,1,667.1652140228549,0,0,1,1
1109,2022,1,2020,2019-12-02,2020-02-28 00:00:00+00:00,Graduated,<=24,0.0,Unknown,Unknown,Unknown,1,1,0,1,29366.851722905732,0,0,1,1
1109,2023,1,2020,2019-12-02,2020-02-28 00:00:00+00:00,Graduated,<=24,0.0,Unknown,Unknown,Unknown,1,1,0,1,11081.14710134151,0,0,1,1
1109,2024,1,2020,2019-12-02,2020-02-28 00:00:00+00:00,Graduated,<=24,0.0,Unknown,Unknown,Unknown,1,1,0,1,20107.389953426482,0,0,1,1
1161,2017,0,2020,2020-03-02,2020-03-11 00:00:00+00:00,Non Graduated,<=24,0.0,Unknown,Unknown,Unknown,0,0,1,1,15556.935116126413,0,0,0,0
1161,2018,0,2020,2020-03-02,2020-03-11 00:00:00+00:00,Non Graduated,<=24,0.0,Unknown,Unknown,Unknown,0,0,1,1,10400.538927011528,2,1,1,0
1161,2019,0,2020,2020-03-02,2020-03-11 00:00:00+00:00,Non Graduated,<=24,0.0,Unknown,Unknown,Unknown,0,0,1,1,21128.05137942155,2,1,1,1
1161,2020,0,2020,2020-03-02,2020-03-11 00:00:00+00:00,Non Graduated,<=24,0.0,Unknown,Unknown,Unknown,1,0,1,1,28272.49477174297,0,0,1,1
1161,2021,0,2020,2020-03-02,2020-03-11 00:00:00+00:00,Non Graduated,<=24,0.0,Unknown,Unknown,Unknown,1,0,1,1,25330.838133372483,0,0,1,1
1161,2022,0,2020,2020-03-02,2020-03-11 00:00:00+00:00,Non Graduated,<=24,0.0,Unknown,Unknown,Unknown,1,0,1,1,19374.562700882827,0,0,1,1
1161,2023,0,2020,2020-03-02,2020-03-11 00:00:00+00:00,Non Graduated,<=24,0.0,Unknown,Unknown,Unknown,1,0,1,1,14494.244719357388,0,0,1,1
1161,2024,0,2020,2020-03-02,2020-03-11 00:00:00+00:00,Non Graduated,<=24,0.0,Unknown,Unknown,Unknown,1,0,0,1,8014.671640192692,0,0,1,1
1170,2017,1,2020,2020-03-16,2020-05-13 00:00:00+00:00,Graduated,<=24,0.0,Unknown,Unknown,Unknown,0,0,0,1,893.8550404828737,1,1,1,1
1170,2018,1,2020,2020-03-16,2020-05-13 00:00:00+00:00,Graduated,<=24,0.0,Unknown,Unknown,Unknown,0,0,0,1,7549.749840047295,2,1,1,1
1170,2019,1,2020,2020-03-16,2020-05-13 00:00:00+00:00,Graduated,<=24,0.0,Unknown,Unknown,Unknown,0,0,1,1,26325.434479130545,0,0,1,1
1170,2020,1,2020,2020-03-16,2020-05-13 00:00:00+00:00,Graduated,<=24,0.0,Unknown,Unknown,Unknown,1,1,0,1,254.85912093446714,0,0,1,1
1170,2021,1,2020,2020-03-16,2020-05-13 00:00:00+00:00,Graduated,<=24,0.0,Unknown,Unknown,Unknown,1,1,0,0,0.0,0,0,1,1
1170,2022,1,2020,2020-03-16,2020-05-13 00:00:00+00:00,Graduated,<=24,0.0,Unknown,Unknown,Unknown,1,1,0,1,4467.747571211229,0,0,1,1
1170,2023,1,2020,2020-03-16,2020-05-13 00:00:00+00:00,Graduated,<=24,0.0,Unknown,Unknown,Unknown,1,1,1,1,15657.304888941457,0,0,1,1
1170,2024,1,2020,2020-03-16,2020-05-13 00:00:00+00:00,Graduated,<=24,0.0,Unknown,Unknown,Unknown,1,1,0,1,13543.479131840882,3,1,1,1
1220,2017,0,2020,2020-08-17,2020-09-22 00:00:00+00:00,Non Graduated,<=24,0.0,Unknown,Unknown,Unknown,0,0,0,1,1047.7114484703363,0,0,1,1
1220,2018,0,2020,2020-08-17,2020-09-22 00:00:00+00:00,Non Graduated,<=24,0.0,Unknown,Unknown,Unknown,0,0,0,1,8573.993198445232,0,0,1,1
1220,2019,0,2020,2020-08-17,2020-09-22 00:00:00+00:00,Non Graduated,<=24,0.0,Unknown,Unknown,Unknown,0,0,0,1,3044.1459291601486,0,0,1,1
1220,2020,0,2020,2020-08-17,2020-09-22 00:00:00+00:00,Non Graduated,<=24,0.0,Unknown,Unknown,Unknown,1,0,0,0,0.0,1,1,1,1
1220,2021,0,2020,2020-08-17,2020-09-22 00:00:00+00:00,Non Graduated,<=24,0.0,Unknown,Unknown,Unknown,1,0,0,1,2444.1971710838097,0,0,1,1
1220,2022,0,2020,2020-08-17,2020-09-22 00:00:00+00:00,Non Graduated,<=24,0.0,Unknown,Unknown,Unknown,1,0,0,1,9994.524523395778,1,1,1,1
1220,2023,0,2020,2020-08-17,2020-09-22 00:00:00+00:00,Non Graduated,<=24,0.0,Unknown,Unknown,Unknown,1,0,0,0,0.0,2,1,1,1
1220,2024,0,2020,2020-08-17,2020-09-22 00:00:00+00:00,Non Graduated,<=24,0.0,Unknown,Unknown,Unknown,1,0,0,1,1722.511912150871,0,0,1,1
1317,2017,1,2021,2021-03-01,2021-04-19 00:00:00+00:00,Graduated,<=24,0.0,Unknown,Unknown,Unknown,0,0,1,1,16761.752350461185,0,0,1,1
1317,2018,1,2021,2021-03-01,2021-04-19 00:00:00+00:00,Graduated,<=24,0.0,Unknown,Unknown,Unknown,0,0,1,1,15164.462978994592,0,0,1,1
1317,2019,1,2021,2021-03-01,2021-04-19 00:00:00+00:00,Graduated,<=24,0.0,Unknown,Unknown,Unknown,0,0,1,1,23494.70635597723,0,0,1,1
1317,2020,1,2021,2021-03-01,2021-04-19 00:00:00+00:00,Graduated,<=24,0.0,Unknown,Unknown,Unknown,0,0,1,1,6442.172275081367,0,0,1,1
1317,2021,1,2021,2021-03-01,2021-04-19 00:00:00+00:00,Graduated,<=24,0.0,Unknown,Unknown,Unknown,1,1,0,1,4932.4665384540585,0,0,1,1
1317,2022,1,2021,2021-03-01,2021-04-19 00:00:00+00:00,Graduated,<=24,0.0,Unknown,Unknown,Unknown,1,1,1,1,19502.081917437794,0,0,1,1
1317,2023,1,2021,2021-03-01,2021-04-19 00:00:00+00:00,Graduated,<=24,0.0,Unknown,Unknown,Unknown,1,1,1,1,29207.18091539288,0,0,1,1
1317,2024,1,2021,2021-03-01,2021-04-19 00:00:00+00:00,Graduated,<=24,0.0,Unknown,Unknown,Unknown,1,1,0,1,17376.509671931908,0,0,1,1
998,2017,0,2019,2019-07-08,2019-09-19 00:00:00+00:00,Non Graduated,<=24,0.0,Unknown,Unknown,Unknown,0,0,1,1,2536.717013261015,0,0,1,1
998,2018,0,2019,2019-07-08,2019-09-19 00:00:00+00:00,Non Graduated,<=24,0.0,Unknown,Unknown,Unknown,0,0,1,1,15977.642788964858,0,0,1,1
998,2019,0,2019,2019-07-08,2019-09-19 00:00:00+00:00,Non Graduated,<=24,0.0,Unknown,Unknown,Unknown,1,0,1,1,11964.805226308457,0,0,1,1
998,2020,0,2019,2019-07-08,2019-09-19 00:00:00+00:00,Non Graduated,<=24,0.0,Unknown,Unknown,Unknown,1,0,0,1,5545.382941712027,0,0,1,1
998,2021,0,2019,2019-07-08,2019-09-19 00:00:00+00:00,Non Graduated,<=24,0.0,Unknown,Unknown,Unknown,1,0,0,1,12730.210739963584,0,0,1,1
998,2022,0,2019,2019-07-08,2019-09-19 00:00:00+00:00,Non Graduated,<=24,0.0,Unknown,Unknown,Unknown,1,0,1,1,12414.832964283247,0,0,1,1
998,2023,0,2019,2019-07-08,2019-09-19 00:00:00+00:00,Non Graduated,<=24,0.0,Unknown,Unknown,Unknown,1,0,1,1,19816.990025715757,0,0,1,1
998,2024,0,2019,2019-07-08,2019-09-19 00:00:00+00:00,Non Graduated,<=24,0.0,Unknown,Unknown,Unknown,1,0,0,1,15662.521599177257,0,0,1,1
1221,2017,1,2020,2020-07-20,2020-10-02 00:00:00+00:00,Graduated,<=24,0.0,Unknown,Unknown,Unknown,0,0,0,0,0.0,17,1,1,1
1221,2018,1,2020,2020-07-20,2020-10-02 00:00:00+00:00,Graduated,<=24,0.0,Unknown,Unknown,Unknown,0,0,0,0,0.0,0,0,1,1
1221,2019,1,2020,2020-07-20,2020-10-02 00:00:00+00:00,Graduated,<=24,0.0,Unknown,Unknown,Unknown,0,0,1,1,10663.399625672717,0,0,1,1
1221,2020,1,2020,2020-07-20,2020-10-02 00:00:00+00:00,Graduated,<=24,0.0,Unknown,Unknown,Unknown,1,1,0,1,877.5690912965149,0,0,1,1
1221,2021,1,2020,2020-07-20,2020-10-02 00:00:00+00:00,Graduated,<=24,0.0,Unknown,Unknown,Unknown,1,1,0,1,6404.360554115627,0,0,1,1
1221,2022,1,2020,2020-07-20,2020-10-02 00:00:00+00:00,Graduated,<=24,0.0,Unknown,Unknown,Unknown,1,1,0,1,5439.9751838020775,0,0,1,1
1221,2023,1,2020,2020-07-20,2020-10-02 00:00:00+00:00,Graduated,<=24,0.0,Unknown,Unknown,Unknown,1,1,0,1,153.5261599014034,0,0,1,1
1221,2024,1,2020,2020-07-20,2020-10-02 00:00:00+00:00,Graduated,<=24,0.0,Unknown,Unknown,Unknown,1,1,0,0,0.0,0,0,1,1
972,2017,0,2019,2019-04-29,2019-06-13 00:00:00+00:00,Non Graduated,<=24,0.0,Unknown,Unknown,Unknown,0,0,0,1,1494.5782073956286,0,0,1,1
972,2018,0,2019,2019-04-29,2019-06-13 00:00:00+00:00,Non Graduated,<=24,0.0,Unknown,Unknown,Unknown,0,0,1,1,21673.088469262766,0,0,1,1
972,2019,0,2019,2019-04-29,2019-06-13 00:00:00+00:00,Non Graduated,<=24,0.0,Unknown,Unknown,Unknown,1,0,0,0,0.0,0,0,1,1
972,2020,0,2019,2019-04-29,2019-06-13 00:00:00+00:00,Non Graduated,<=24,0.0,Unknown,Unknown,Unknown,1,0,0,1,6481.5705422084475,0,0,1,1
972,2021,0,2019,2019-04-29,2019-06-13 00:00:00+00:00,Non Graduated,<=24,0.0,Unknown,Unknown,Unknown,1,0,0,0,0.0,0,0,1,1
972,2022,0,2019,2019-04-29,2019-06-13 00:00:00+00:00,Non Graduated,<=24,0.0,Unknown,Unknown,Unknown,1,0,0,0,0.0,0,0,1,1
972,2023,0,2019,2019-04-29,2019-06-13 00:00:00+00:00,Non Graduated,<=24,0.0,Unknown,Unknown,Unknown,1,0,0,0,0.0,0,0,1,1
972,2024,0,2019,2019-04-29,2019-06-13 00:00:00+00:00,Non Graduated,<=24,0.0,Unknown,Unknown,Unknown,1,0,0,0,0.0,1,1,1,1
618,2017,1,2019,2019-02-18,2019-05-03 00:00:00+00:00,Graduated,<=24,0.0,Unknown,Unknown,Unknown,0,0,0,1,891.2260550696889,1,1,1,1
618,2018,1,2019,2019-02-18,2019-05-03 00:00:00+00:00,Graduated,<=24,0.0,Unknown,Unknown,Unknown,0,0,1,1,27242.749928945897,0,0,1,1
618,2019,1,2019,2019-02-18,2019-05-03 00:00:00+00:00,Graduated,<=24,0.0,Unknown,Unknown,Unknown,1,1,1,1,53224.98179592525,0,0,1,1
618,2020,1,2019,2019-02-18,2019-05-03 00:00:00+00:00,Graduated,<=24,0.0,Unknown,Unknown,Unknown,1,1,1,1,42873.87481107997,0,0,1,1
618,2021,1,2019,2019-02-18,2019-05-03 00:00:00+00:00,Graduated,<=24,0.0,Unknown,Unknown,Unknown,1,1,1,1,18985.57142802877,0,0,1,1
618,2022,1,2019,2019-02-18,2019-05-03 00:00:00+00:00,Graduated,<=24,0.0,Unknown,Unknown,Unknown,1,1,1,1,40328.91469884085,0,0,1,1
618,2023,1,2019,2019-02-18,2019-05-03 00:00:00+00:00,Graduated,<=24,0.0,Unknown,Unknown,Unknown,1,1,1,1,31664.72967838328,3,1,1,1
618,2024,1,2019,2019-02-18,2019-05-03 00:00:00+00:00,Graduated,<=24,0.0,Unknown,Unknown,Unknown,1,1,0,0,0.0,0,0,1,1
1035,2017,0,2019,2019-07-22,2019-09-05 00:00:00+00:00,Non Graduated,<=24,0.0,Unknown,Unknown,Unknown,0,0,0,1,18599.099846741003,0,0,0,0
1035,2018,0,2019,2019-07-22,2019-09-05 00:00:00+00:00,Non Graduated,<=24,0.0,Unknown,Unknown,Unknown,0,0,0,1,17105.23166917641,1,1,1,0
1035,2019,0,2019,2019-07-22,2019-09-05 00:00:00+00:00,Non Graduated,<=24,0.0,Unknown,Unknown,Unknown,1,0,0,1,16336.023350516183,2,1,1,1
1035,2020,0,2019,2019-07-22,2019-09-05 00:00:00+00:00,Non Graduated,<=24,0.0,Unknown,Unknown,Unknown,1,0,1,1,32001.189966319354,0,0,1,1
1035,2021,0,2019,2019-07-22,2019-09-05 00:00:00+00:00,Non Graduated,<=24,0.0,Unknown,Unknown,Unknown,1,0,1,1,39368.997446878035,0,0,1,1
1035,2022,0,2019,2019-07-22,2019-09-05 00:00:00+00:00,Non Graduated,<=24,0.0,Unknown,Unknown,Unknown,1,0,1,1,45864.28422220172,0,0,1,1
1035,2023,0,2019,2019-07-22,2019-09-05 00:00:00+00:00,Non Graduated,<=24,0.0,Unknown,Unknown,Unknown,1,0,1,1,111583.01553690061,0,0,1,1
1035,2024,0,2019,2019-07-22,2019-09-05 00:00:00+00:00,Non Graduated,<=24,0.0,Unknown,Unknown,Unknown,1,0,0,1,22644.104830757016,0,0,1,1
1282,2017,1,2021,2020-11-16,2021-01-27 00:00:00+00:00,Graduated,<=24,0.0,Unknown,Unknown,Unknown,0,0,0,1,10622.250343343327,0,0,1,1
1282,2018,1,2021,2020-11-16,2021-01-27 00:00:00+00:00,Graduated,<=24,0.0,Unknown,Unknown,Unknown,0,0,1,1,13801.793778114936,0,0,1,1
1282,2019,1,2021,2020-11-16,2021-01-27 00:00:00+00:00,Graduated,<=24,0.0,Unknown,Unknown,Unknown,0,0,1,1,12237.788333775432,0,0,1,1
1282,2020,1,2021,2020-11-16,2021-01-27 00:00:00+00:00,Graduated,<=24,0.0,Unknown,Unknown,Unknown,0,0,0,1,12982.212750223962,0,0,1,1
1282,2021,1,2021,2020-11-16,2021-01-27 00:00:00+00:00,Graduated,<=24,0.0,Unknown,Unknown,Unknown,1,1,1,1,33578.430755595786,0,0,1,1
1282,2022,1,2021,2020-11-16,2021-01-27 00:00:00+00:00,Graduated,<=24,0.0,Unknown,Unknown,Unknown,1,1,1,1,30236.74123139338,0,0,1,1
1282,2023,1,2021,2020-11-16,2021-01-27 00:00:00+00:00,Graduated,<=24,0.0,Unknown,Unknown,Unknown,1,1,0,1,19790.751337418907,0,0,1,1
1282,2024,1,2021,2020-11-16,2021-01-27 00:00:00+00:00,Graduated,<=24,0.0,Unknown,Unknown,Unknown,1,1,0,1,27814.52111124662,0,0,1,1
1037,2017,0,2019,2019-07-22,2019-09-05 00:00:00+00:00,Non Graduated,<=24,0.0,Unknown,Unknown,Unknown,0,0,0,1,9908.887275243396,0,0,1,1
1037,2018,0,2019,2019-07-22,2019-09-05 00:00:00+00:00,Non Graduated,<=24,0.0,Unknown,Unknown,Unknown,0,0,0,1,5968.055747453457,0,0,1,1
1037,2019,0,2019,2019-07-22,2019-09-05 00:00:00+00:00,Non Graduated,<=24,0.0,Unknown,Unknown,Unknown,1,0,0,0,0.0,0,0,1,1
1037,2020,0,2019,2019-07-22,2019-09-05 00:00:00+00:00,Non Graduated,<=24,0.0,Unknown,Unknown,Unknown,1,0,0,1,96.67070104410823,0,0,1,1
1037,2021,0,2019,2019-07-22,2019-09-05 00:00:00+00:00,Non Graduated,<=24,0.0,Unknown,Unknown,Unknown,1,0,0,1,15015.920422327346,0,0,1,1
1037,2022,0,2019,2019-07-22,2019-09-05 00:00:00+00:00,Non Graduated,<=24,0.0,Unknown,Unknown,Unknown,1,0,0,1,501.8105014385551,0,0,1,1
1037,2023,0,2019,2019-07-22,2019-09-05 00:00:00+00:00,Non Graduated,<=24,0.0,Unknown,Unknown,Unknown,1,0,0,1,21011.947790764007,0,0,1,1
1037,2024,0,2019,2019-07-22,2019-09-05 00:00:00+00:00,Non Graduated,<=24,0.0,Unknown,Unknown,Unknown,1,0,0,1,8916.272908595076,0,0,1,1
1464,2017,1,2022,2021-11-08,2022-01-21 00:00:00+00:00,Graduated,<=24,0.0,Unknown,Unknown,Unknown,0,0,0,0,0.0,1,1,1,1
1464,2018,1,2022,2021-11-08,2022-01-21 00:00:00+00:00,Graduated,<=24,0.0,Unknown,Unknown,Unknown,0,0,0,0,0.0,0,0,1,1
1464,2019,1,2022,2021-11-08,2022-01-21 00:00:00+00:00,Graduated,<=24,0.0,Unknown,Unknown,Unknown,0,0,0,1,6217.1458266072195,0,0,1,1
1464,2020,1,2022,2021-11-08,2022-01-21 00:00:00+00:00,Graduated,<=24,0.0,Unknown,Unknown,Unknown,0,0,0,1,4980.0829875518675,0,0,1,1
1464,2021,1,2022,2021-11-08,2022-01-21 00:00:00+00:00,Graduated,<=24,0.0,Unknown,Unknown,Unknown,0,0,0,0,0.0,0,0,1,1
1464,2022,1,2022,2021-11-08,2022-01-21 00:00:00+00:00,Graduated,<=24,0.0,Unknown,Unknown,Unknown,1,1,1,1,17153.083803369045,0,0,1,1
1464,2023,1,2022,2021-11-08,2022-01-21 00:00:00+00:00,Graduated,<=24,0.0,Unknown,Unknown,Unknown,1,1,0,1,1045.695662545223,1,1,1,1
1464,2024,1,2022,2021-11-08,2022-01-21 00:00:00+00:00,Graduated,<=24,0.0,Unknown,Unknown,Unknown,1,1,0,0,0.0,0,0,1,1
1460,2017,0,2021,2021-11-01,2021-11-24 00:00:00+00:00,Non Graduated,<=24,0.0,Unknown,Unknown,Unknown,0,0,0,0,0.0,1,1,1,1
1460,2018,0,2021,2021-11-01,2021-11-24 00:00:00+00:00,Non Graduated,<=24,0.0,Unknown,Unknown,Unknown,0,0,0,0,0.0,0,0,1,1
1460,2019,0,2021,2021-11-01,2021-11-24 00:00:00+00:00,Non Graduated,<=24,0.0,Unknown,Unknown,Unknown,0,0,0,0,0.0,1,1,1,1
1460,2020,0,2021,2021-11-01,2021-11-24 00:00:00+00:00,Non Graduated,<=24,0.0,Unknown,Unknown,Unknown,0,0,0,0,0.0,2,1,1,1
1460,2021,0,2021,2021-11-01,2021-11-24 00:00:00+00:00,Non Graduated,<=24,0.0,Unknown,Unknown,Unknown,1,0,0,1,1424.9436034927787,0,0,1,1
1460,2022,0,2021,2021-11-01,2021-11-24 00:00:00+00:00,Non Graduated,<=24,0.0,Unknown,Unknown,Unknown,1,0,0,1,18879.3489505296,0,0,1,1
1460,2023,0,2021,2021-11-01,2021-11-24 00:00:00+00:00,Non Graduated,<=24,0.0,Unknown,Unknown,Unknown,1,0,0,1,19638.839283468275,0,0,1,1
1460,2024,0,2021,2021-11-01,2021-11-24 00:00:00+00:00,Non Graduated,<=24,0.0,Unknown,Unknown,Unknown,1,0,0,1,11601.981899724098,0,0,1,1
1441,2017,1,2022,2021-09-27,2022-01-18 00:00:00+00:00,Graduated,<=24,0.0,Unknown,Unknown,Unknown,0,0,0,1,872.1774383785547,0,0,0,0
1441,2018,1,2022,2021-09-27,2022-01-18 00:00:00+00:00,Graduated,<=24,0.0,Unknown,Unknown,Unknown,0,0,0,1,466.1731969834184,0,0,0,0
1441,2019,1,2022,2021-09-27,2022-01-18 00:00:00+00:00,Graduated,<=24,0.0,Unknown,Unknown,Unknown,0,0,0,1,1950.7555019897288,0,0,0,0
1441,2020,1,2022,2021-09-27,2022-01-18 00:00:00+00:00,Graduated,<=24,0.0,Unknown,Unknown,Unknown,0,0,0,1,3974.931026547105,1,1,1,0
1441,2021,1,2022,2021-09-27,2022-01-18 00:00:00+00:00,Graduated,<=24,0.0,Unknown,Unknown,Unknown,0,0,0,1,1048.402479178772,1,1,1,1
1441,2022,1,2022,2021-09-27,2022-01-18 00:00:00+00:00,Graduated,<=24,0.0,Unknown,Unknown,Unknown,1,1,0,0,0.0,0,0,1,1
1441,2023,1,2022,2021-09-27,2022-01-18 00:00:00+00:00,Graduated,<=24,0.0,Unknown,Unknown,Unknown,1,1,0,0,0.0,0,0,1,1
1441,2024,1,2022,2021-09-27,2022-01-18 00:00:00+00:00,Graduated,<=24,0.0,Unknown,Unknown,Unknown,1,1,0,0,0.0,0,0,1,1
817,2017,0,2018,2018-08-06,2018-09-26 00:00:00+00:00,Non Graduated,<=24,0.0,Unknown,Unknown,Unknown,0,0,1,1,7880.5628456037275,0,0,1,1
817,2018,0,2018,2018-08-06,2018-09-26 00:00:00+00:00,Non Graduated,<=24,0.0,Unknown,Unknown,Unknown,1,0,0,1,8717.336121385706,0,0,1,1
817,2019,0,2018,2018-08-06,2018-09-26 00:00:00+00:00,Non Graduated,<=24,0.0,Unknown,Unknown,Unknown,1,0,0,1,8320.546911318093,0,0,1,1
817,2020,0,2018,2018-08-06,2018-09-26 00:00:00+00:00,Non Graduated,<=24,0.0,Unknown,Unknown,Unknown,1,0,0,1,2974.5506680039684,0,0,1,1
817,2021,0,2018,2018-08-06,2018-09-26 00:00:00+00:00,Non Graduated,<=24,0.0,Unknown,Unknown,Unknown,1,0,0,1,6226.540019511107,0,0,1,1
817,2022,0,2018,2018-08-06,2018-09-26 00:00:00+00:00,Non Graduated,<=24,0.0,Unknown,Unknown,Unknown,1,0,0,1,5605.834834240948,0,0,1,1
817,2023,0,2018,2018-08-06,2018-09-26 00:00:00+00:00,Non Graduated,<=24,0.0,Unknown,Unknown,Unknown,1,0,1,1,8684.443229253193,0,0,1,1
817,2024,0,2018,2018-08-06,2018-09-26 00:00:00+00:00,Non Graduated,<=24,0.0,Unknown,Unknown,Unknown,1,0,0,1,2650.5950377575714,0,0,1,1
1143,2017,1,2020,2020-01-27,2020-06-12 00:00:00+00:00,Graduated,<=24,0.0,Unknown,Unknown,Unknown,0,0,0,1,2672.2702289548506,0,0,1,1
1143,2018,1,2020,2020-01-27,2020-06-12 00:00:00+00:00,Graduated,<=24,0.0,Unknown,Unknown,Unknown,0,0,0,0,0.0,0,0,1,1
1143,2019,1,2020,2020-01-27,2020-06-12 00:00:00+00:00,Graduated,<=24,0.0,Unknown,Unknown,Unknown,0,0,0,1,2574.6718128673187,0,0,1,1
1143,2020,1,2020,2020-01-27,2020-06-12 00:00:00+00:00,Graduated,<=24,0.0,Unknown,Unknown,Unknown,1,1,0,0,0.0,0,0,1,1
1143,2021,1,2020,2020-01-27,2020-06-12 00:00:00+00:00,Graduated,<=24,0.0,Unknown,Unknown,Unknown,1,1,0,0,0.0,0,0,1,1
1143,2022,1,2020,2020-01-27,2020-06-12 00:00:00+00:00,Graduated,<=24,0.0,Unknown,Unknown,Unknown,1,1,0,0,0.0,0,0,1,1
1143,2023,1,2020,2020-01-27,2020-06-12 00:00:00+00:00,Graduated,<=24,0.0,Unknown,Unknown,Unknown,1,1,0,0,0.0,0,0,1,1
1143,2024,1,2020,2020-01-27,2020-06-12 00:00:00+00:00,Graduated,<=24,0.0,Unknown,Unknown,Unknown,1,1,0,1,2106.2091764144184,0,0,1,1
980,2017,0,2019,2019-05-13,2019-07-19 00:00:00+00:00,Non Graduated,<=24,0.0,Unknown,Unknown,Unknown,0,0,1,1,23349.840416454732,0,0,0,0
980,2018,0,2019,2019-05-13,2019-07-19 00:00:00+00:00,Non Graduated,<=24,0.0,Unknown,Unknown,Unknown,0,0,1,1,24111.468562188835,0,0,0,0
980,2019,0,2019,2019-05-13,2019-07-19 00:00:00+00:00,Non Graduated,<=24,0.0,Unknown,Unknown,Unknown,1,0,1,1,26375.01086971693,0,0,0,0
980,2020,0,2019,2019-05-13,2019-07-19 00:00:00+00:00,Non Graduated,<=24,0.0,Unknown,Unknown,Unknown,1,0,1,1,7170.5759893892755,0,0,0,0
980,2021,0,2019,2019-05-13,2019-07-19 00:00:00+00:00,Non Graduated,<=24,0.0,Unknown,Unknown,Unknown,1,0,1,1,25383.397651637435,0,0,0,0
980,2022,0,2019,2019-05-13,2019-07-19 00:00:00+00:00,Non Graduated,<=24,0.0,Unknown,Unknown,Unknown,1,0,1,1,31523.65290116804,0,0,0,0
980,2023,0,2019,2019-05-13,2019-07-19 00:00:00+00:00,Non Graduated,<=24,0.0,Unknown,Unknown,Unknown,1,0,1,1,38075.02272143365,0,0,0,0
980,2024,0,2019,2019-05-13,2019-07-19 00:00:00+00:00,Non Graduated,<=24,0.0,Unknown,Unknown,Unknown,1,0,0,1,31036.17525635638,0,0,0,0
1467,2017,1,2022,2021-11-15,2022-09-30 00:00:00+00:00,Graduated,<=24,0.0,Unknown,Unknown,Unknown,0,0,0,0,0.0,0,0,0,0
1467,2018,1,2022,2021-11-15,2022-09-30 00:00:00+00:00,Graduated,<=24,0.0,Unknown,Unknown,Unknown,0,0,0,0,0.0,0,0,0,0
1467,2019,1,2022,2021-11-15,2022-09-30 00:00:00+00:00,Graduated,<=24,0.0,Unknown,Unknown,Unknown,0,0,0,0,0.0,0,0,0,0
1467,2020,1,2022,2021-11-15,2022-09-30 00:00:00+00:00,Graduated,<=24,0.0,Unknown,Unknown,Unknown,0,0,0,1,20847.820382998223,0,0,0,0
1467,2021,1,2022,2021-11-15,2022-09-30 00:00:00+00:00,Graduated,<=24,0.0,Unknown,Unknown,Unknown,0,0,1,1,32982.388156659195,0,0,0,0
1467,2022,1,2022,2021-11-15,2022-09-30 00:00:00+00:00,Graduated,<=24,0.0,Unknown,Unknown,Unknown,1,1,1,1,62476.09384775515,0,0,0,0
1467,2023,1,2022,2021-11-15,2022-09-30 00:00:00+00:00,Graduated,<=24,0.0,Unknown,Unknown,Unknown,1,1,1,1,83590.87826183313,0,0,0,0
1467,2024,1,2022,2021-11-15,2022-09-30 00:00:00+00:00,Graduated,<=24,0.0,Unknown,Unknown,Unknown,1,1,0,1,70862.39822399814,0,0,0,0
1303,2017,0,2021,2021-01-26,2021-02-24 00:00:00+00:00,Non Graduated,<=24,0.0,Unknown,Unknown,Unknown,0,0,1,1,19959.46834015445,0,0,0,0
1303,2018,0,2021,2021-01-26,2021-02-24 00:00:00+00:00,Non Graduated,<=24,0.0,Unknown,Unknown,Unknown,0,0,0,1,14754.14117591964,0,0,0,0
1303,2019,0,2021,2021-01-26,2021-02-24 00:00:00+00:00,Non Graduated,<=24,0.0,Unknown,Unknown,Unknown,0,0,0,1,11732.760160525952,0,0,0,0
1303,2020,0,2021,2021-01-26,2021-02-24 00:00:00+00:00,Non Graduated,<=24,0.0,Unknown,Unknown,Unknown,0,0,0,1,20478.16002314174,0,0,0,0
1303,2021,0,2021,2021-01-26,2021-02-24 00:00:00+00:00,Non Graduated,<=24,0.0,Unknown,Unknown,Unknown,1,0,1,1,20516.912774884135,0,0,0,0
1303,2022,0,2021,2021-01-26,2021-02-24 00:00:00+00:00,Non Graduated,<=24,0.0,Unknown,Unknown,Unknown,1,0,1,1,3041.7281239412696,0,0,0,0
1303,2023,0,2021,2021-01-26,2021-02-24 00:00:00+00:00,Non Graduated,<=24,0.0,Unknown,Unknown,Unknown,1,0,0,1,2978.64902806045,0,0,0,0
1303,2024,0,2021,2021-01-26,2021-02-24 00:00:00+00:00,Non Graduated,<=24,0.0,Unknown,Unknown,Unknown,1,0,0,1,10478.188635857623,0,0,0,0
1404,2017,1,2021,2021-08-02,2021-11-12 00:00:00+00:00,Graduated,<=24,0.0,Unknown,Unknown,Unknown,0,0,1,1,7862.650240195634,0,0,0,0
1404,2018,1,2021,2021-08-02,2021-11-12 00:00:00+00:00,Graduated,<=24,0.0,Unknown,Unknown,Unknown,0,0,0,0,0.0,0,0,0,0
1404,2019,1,2021,2021-08-02,2021-11-12 00:00:00+00:00,Graduated,<=24,0.0,Unknown,Unknown,Unknown,0,0,0,1,3465.332648439142,0,0,0,0
1404,2020,1,2021,2021-08-02,2021-11-12 00:00:00+00:00,Graduated,<=24,0.0,Unknown,Unknown,Unknown,0,0,0,1,19951.840135616505,0,0,0,0
1404,2021,1,2021,2021-08-02,2021-11-12 00:00:00+00:00,Graduated,<=24,0.0,Unknown,Unknown,Unknown,1,1,1,1,28183.420683071385,0,0,0,0
1404,2022,1,2021,2021-08-02,2021-11-12 00:00:00+00:00,Graduated,<=24,0.0,Unknown,Unknown,Unknown,1,1,1,1,22322.066492750942,0,0,0,0
1404,2023,1,2021,2021-08-02,2021-11-12 00:00:00+00:00,Graduated,<=24,0.0,Unknown,Unknown,Unknown,1,1,0,1,28356.833562400134,0,0,0,0
1404,2024,1,2021,2021-08-02,2021-11-12 00:00:00+00:00,Graduated,<=24,0.0,Unknown,Unknown,Unknown,1,1,0,1,24493.732040097326,0,0,0,0
1258,2017,0,2020,2020-09-28,2020-10-09 00:00:00+00:00,Non Graduated,<=24,0.0,Unknown,Unknown,Unknown,0,0,0,1,3925.786850214405,0,0,0,0
1258,2018,0,2020,2020-09-28,2020-10-09 00:00:00+00:00,Non Graduated,<=24,0.0,Unknown,Unknown,Unknown,0,0,1,1,6548.13266743997,0,0,0,0
1258,2019,0,2020,2020-09-28,2020-10-09 00:00:00+00:00,Non Graduated,<=24,0.0,Unknown,Unknown,Unknown,0,0,1,1,18424.941204862553,0,0,0,0
1258,2020,0,2020,2020-09-28,2020-10-09 00:00:00+00:00,Non Graduated,<=24,0.0,Unknown,Unknown,Unknown,1,0,1,1,22452.491704299937,0,0,0,0
1258,2021,0,2020,2020-09-28,2020-10-09 00:00:00+00:00,Non Graduated,<=24,0.0,Unknown,Unknown,Unknown,1,0,1,1,25578.14225817084,0,0,0,0
1258,2022,0,2020,2020-09-28,2020-10-09 00:00:00+00:00,Non Graduated,<=24,0.0,Unknown,Unknown,Unknown,1,0,1,1,29100.35517627221,0,0,0,0
1258,2023,0,2020,2020-09-28,2020-10-09 00:00:00+00:00,Non Graduated,<=24,0.0,Unknown,Unknown,Unknown,1,0,1,1,42847.05882015842,0,0,0,0
1258,2024,0,2020,2020-09-28,2020-10-09 00:00:00+00:00,Non Graduated,<=24,0.0,Unknown,Unknown,Unknown,1,0,0,1,32465.126992943056,0,0,0,0
1477,2017,1,2022,2021-12-13,2022-03-25 00:00:00+00:00,Graduated,<=24,0.0,Unknown,Unknown,Unknown,0,0,0,0,0.0,0,0,0,0
1477,2018,1,2022,2021-12-13,2022-03-25 00:00:00+00:00,Graduated,<=24,0.0,Unknown,Unknown,Unknown,0,0,0,1,791.69949071938,0,0,0,0
1477,2019,1,2022,2021-12-13,2022-03-25 00:00:00+00:00,Graduated,<=24,0.0,Unknown,Unknown,Unknown,0,0,1,1,10683.265786814902,0,0,0,0
1477,2020,1,2022,2021-12-13,2022-03-25 00:00:00+00:00,Graduated,<=24,0.0,Unknown,Unknown,Unknown,0,0,1,1,21787.795933376474,0,0,0,0
1477,2021,1,2022,2021-12-13,2022-03-25 00:00:00+00:00,Graduated,<=24,0.0,Unknown,Unknown,Unknown,0,0,0,1,12576.359249091518,0,0,0,0
1477,2022,1,2022,2021-12-13,2022-03-25 00:00:00+00:00,Graduated,<=24,0.0,Unknown,Unknown,Unknown,1,1,0,1,7611.2680352129955,0,0,0,0
1477,2023,1,2022,2021-12-13,2022-03-25 00:00:00+00:00,Graduated,<=24,0.0,Unknown,Unknown,Unknown,1,1,1,1,34185.67761838868,0,0,0,0
1477,2024,1,2022,2021-12-13,2022-03-25 00:00:00+00:00,Graduated,<=24,0.0,Unknown,Unknown,Unknown,1,1,0,1,24111.438300976,0,0,0,0
1474,2017,0,2022,2021-11-29,2022-02-08 00:00:00+00:00,Non Graduated,<=24,0.0,Unknown,Unknown,Unknown,0,0,0,0,0.0,0,0,0,0
1474,2018,0,2022,2021-11-29,2022-02-08 00:00:00+00:00,Non Graduated,<=24,0.0,Unknown,Unknown,Unknown,0,0,0,1,732.6373207341392,0,0,0,0
1474,2019,0,2022,2021-11-29,2022-02-08 00:00:00+00:00,Non Graduated,<=24,0.0,Unknown,Unknown,Unknown,0,0,1,1,8431.438550412251,0,0,0,0
1474,2020,0,2022,2021-11-29,2022-02-08 00:00:00+00:00,Non Graduated,<=24,0.0,Unknown,Unknown,Unknown,0,0,1,1,13976.50186741328,0,0,0,0
1474,2021,0,2022,2021-11-29,2022-02-08 00:00:00+00:00,Non Graduated,<=24,0.0,Unknown,Unknown,Unknown,0,0,1,1,20329.21824617238,0,0,0,0
1474,2022,0,2022,2021-11-29,2022-02-08 00:00:00+00:00,Non Graduated,<=24,0.0,Unknown,Unknown,Unknown,1,0,1,1,28225.410203936815,0,0,0,0
1474,2023,0,2022,2021-11-29,2022-02-08 00:00:00+00:00,Non Graduated,<=24,0.0,Unknown,Unknown,Unknown,1,0,1,1,36039.21669107909,0,0,0,0
1474,2024,0,2022,2021-11-29,2022-02-08 00:00:00+00:00,Non Graduated,<=24,0.0,Unknown,Unknown,Unknown,1,0,0,1,774.9316240671612,0,0,0,0
893,2017,1,2019,2018-12-17,2019-03-01 00:00:00+00:00,Graduated,<=24,0.0,Unknown,Unknown,Unknown,0,0,0,1,15863.022743912874,0,0,0,0
893,2018,1,2019,2018-12-17,2019-03-01 00:00:00+00:00,Graduated,<=24,0.0,Unknown,Unknown,Unknown,0,0,1,1,27033.553996996976,0,0,0,0
893,2019,1,2019,2018-12-17,2019-03-01 00:00:00+00:00,Graduated,<=24,0.0,Unknown,Unknown,Unknown,1,1,1,1,36110.097988593385,0,0,0,0
893,2020,1,2019,2018-12-17,2019-03-01 00:00:00+00:00,Graduated,<=24,0.0,Unknown,Unknown,Unknown,1,1,0,1,12219.427704705264,0,0,0,0
893,2021,1,2019,2018-12-17,2019-03-01 00:00:00+00:00,Graduated,<=24,0.0,Unknown,Unknown,Unknown,1,1,0,1,840.3492155723416,0,0,0,0
893,2022,1,2019,2018-12-17,2019-03-01 00:00:00+00:00,Graduated,<=24,0.0,Unknown,Unknown,Unknown,1,1,1,1,38193.30037215082,0,0,0,0
893,2023,1,2019,2018-12-17,2019-03-01 00:00:00+00:00,Graduated,<=24,0.0,Unknown,Unknown,Unknown,1,1,1,1,36869.39562705464,0,0,0,0
893,2024,1,2019,2018-12-17,2019-03-01 00:00:00+00:00,Graduated,<=24,0.0,Unknown,Unknown,Unknown,1,1,0,1,31187.15022876336,0,0,0,0
1472,2017,0,2021,2021-11-29,2021-12-16 00:00:00+00:00,Non Graduated,<=24,0.0,Unknown,Unknown,Unknown,0,0,0,1,1285.3502607173677,0,0,0,0
1472,2018,0,2021,2021-11-29,2021-12-16 00:00:00+00:00,Non Graduated,<=24,0.0,Unknown,Unknown,Unknown,0,0,0,0,0.0,0,0,0,0
1472,2019,0,2021,2021-11-29,2021-12-16 00:00:00+00:00,Non Graduated,<=24,0.0,Unknown,Unknown,Unknown,0,0,0,1,3955.6777040356815,0,0,0,0
1472,2020,0,2021,2021-11-29,2021-12-16 00:00:00+00:00,Non Graduated,<=24,0.0,Unknown,Unknown,Unknown,0,0,1,1,12251.607075981503,0,0,0,0
1472,2021,0,2021,2021-11-29,2021-12-16 00:00:00+00:00,Non Graduated,<=24,0.0,Unknown,Unknown,Unknown,1,0,1,1,21290.97623689824,0,0,0,0
1472,2022,0,2021,2021-11-29,2021-12-16 00:00:00+00:00,Non Graduated,<=24,0.0,Unknown,Unknown,Unknown,1,0,1,1,28003.074926554058,0,0,0,0
1472,2023,0,2021,2021-11-29,2021-12-16 00:00:00+00:00,Non Graduated,<=24,0.0,Unknown,Unknown,Unknown,1,0,1,1,30088.1982867318,0,0,0,0
1472,2024,0,2021,2021-11-29,2021-12-16 00:00:00+00:00,Non Graduated,<=24,0.0,Unknown,Unknown,Unknown,1,0,0,1,22868.578612925376,0,0,0,0
885,2017,1,2019,2018-12-03,2019-02-08 00:00:00+00:00,Graduated,<=24,0.0,Unknown,Unknown,Unknown,0,0,1,1,13142.400398599086,0,0,0,0
885,2018,1,2019,2018-12-03,2019-02-08 00:00:00+00:00,Graduated,<=24,0.0,Unknown,Unknown,Unknown,0,0,1,1,23460.02033521554,0,0,0,0
885,2019,1,2019,2018-12-03,2019-02-08 00:00:00+00:00,Graduated,<=24,0.0,Unknown,Unknown,Unknown,1,1,1,1,25201.49183053511,0,0,0,0
885,2020,1,2019,2018-12-03,2019-02-08 00:00:00+00:00,Graduated,<=24,0.0,Unknown,Unknown,Unknown,1,1,1,1,45107.45711203724,0,0,0,0
885,2021,1,2019,2018-12-03,2019-02-08 00:00:00+00:00,Graduated,<=24,0.0,Unknown,Unknown,Unknown,1,1,0,1,24163.069715101476,0,0,0,0
885,2022,1,2019,2018-12-03,2019-02-08 00:00:00+00:00,Graduated,<=24,0.0,Unknown,Unknown,Unknown,1,1,0,1,11005.718790958128,0,0,0,0
885,2023,1,2019,2018-12-03,2019-02-08 00:00:00+00:00,Graduated,<=24,0.0,Unknown,Unknown,Unknown,1,1,1,1,28691.203627088955,0,0,0,0
885,2024,1,2019,2018-12-03,2019-02-08 00:00:00+00:00,Graduated,<=24,0.0,Unknown,Unknown,Unknown,1,1,0,1,14779.411892884229,1,1,1,0
1245,2017,0,2020,2020-08-31,2020-09-10 00:00:00+00:00,Non Graduated,<=24,0.0,Unknown,Unknown,Unknown,0,0,0,1,11820.274618845835,0,0,1,1
1245,2018,0,2020,2020-08-31,2020-09-10 00:00:00+00:00,Non Graduated,<=24,0.0,Unknown,Unknown,Unknown,0,0,0,1,1380.9927547572295,0,0,1,1
1245,2019,0,2020,2020-08-31,2020-09-10 00:00:00+00:00,Non Graduated,<=24,0.0,Unknown,Unknown,Unknown,0,0,1,1,3463.473282408768,0,0,1,1
1245,2020,0,2020,2020-08-31,2020-09-10 00:00:00+00:00,Non Graduated,<=24,0.0,Unknown,Unknown,Unknown,1,0,0,1,554.9149332661797,0,0,1,1
1245,2021,0,2020,2020-08-31,2020-09-10 00:00:00+00:00,Non Graduated,<=24,0.0,Unknown,Unknown,Unknown,1,0,1,1,28236.639275000296,0,0,1,1
1245,2022,0,2020,2020-08-31,2020-09-10 00:00:00+00:00,Non Graduated,<=24,0.0,Unknown,Unknown,Unknown,1,0,1,1,36528.70157635075,0,0,1,1
1245,2023,0,2020,2020-08-31,2020-09-10 00:00:00+00:00,Non Graduated,<=24,0.0,Unknown,Unknown,Unknown,1,0,1,1,15202.186366388854,0,0,1,1
1245,2024,0,2020,2020-08-31,2020-09-10 00:00:00+00:00,Non Graduated,<=24,0.0,Unknown,Unknown,Unknown,1,0,0,1,8893.427855351525,0,0,1,1
902,2017,1,2019,2019-01-07,2019-03-22 00:00:00+00:00,Graduated,<=24,0.0,Unknown,Unknown,Unknown,0,0,0,0,0.0,0,0,1,1
902,2018,1,2019,2019-01-07,2019-03-22 00:00:00+00:00,Graduated,<=24,0.0,Unknown,Unknown,Unknown,0,0,0,0,0.0,0,0,1,1
902,2019,1,2019,2019-01-07,2019-03-22 00:00:00+00:00,Graduated,<=24,0.0,Unknown,Unknown,Unknown,1,1,0,1,6068.796242508472,0,0,1,1
902,2020,1,2019,2019-01-07,2019-03-22 00:00:00+00:00,Graduated,<=24,0.0,Unknown,Unknown,Unknown,1,1,0,1,4102.2345434466,0,0,1,1
902,2021,1,2019,2019-01-07,2019-03-22 00:00:00+00:00,Graduated,<=24,0.0,Unknown,Unknown,Unknown,1,1,1,1,11089.359263134946,0,0,1,1
902,2022,1,2019,2019-01-07,2019-03-22 00:00:00+00:00,Graduated,<=24,0.0,Unknown,Unknown,Unknown,1,1,0,1,15880.804953409359,2,1,1,1
902,2023,1,2019,2019-01-07,2019-03-22 00:00:00+00:00,Graduated,<=24,0.0,Unknown,Unknown,Unknown,1,1,1,1,22781.403737264744,1,1,1,1
902,2024,1,2019,2019-01-07,2019-03-22 00:00:00+00:00,Graduated,<=24,0.0,Unknown,Unknown,Unknown,1,1,0,1,16838.60535602018,0,0,1,1
1231,2017,0,2020,2020-07-27,2020-10-30 00:00:00+00:00,Non Graduated,<=24,0.0,Unknown,Unknown,Unknown,0,0,0,1,1039.7637309146369,0,0,0,0
1231,2018,0,2020,2020-07-27,2020-10-30 00:00:00+00:00,Non Graduated,<=24,0.0,Unknown,Unknown,Unknown,0,0,0,1,4833.31259105949,0,0,0,0
1231,2019,0,2020,2020-07-27,2020-10-30 00:00:00+00:00,Non Graduated,<=24,0.0,Unknown,Unknown,Unknown,0,0,1,1,9474.986500137988,0,0,0,0
1231,2020,0,2020,2020-07-27,2020-10-30 00:00:00+00:00,Non Graduated,<=24,0.0,Unknown,Unknown,Unknown,1,0,1,1,19540.278985967132,0,0,0,0
1231,2021,0,2020,2020-07-27,2020-10-30 00:00:00+00:00,Non Graduated,<=24,0.0,Unknown,Unknown,Unknown,1,0,0,1,10252.216525543925,0,0,0,0
1231,2022,0,2020,2020-07-27,2020-10-30 00:00:00+00:00,Non Graduated,<=24,0.0,Unknown,Unknown,Unknown,1,0,0,0,0.0,0,0,0,0
1231,2023,0,2020,2020-07-27,2020-10-30 00:00:00+00:00,Non Graduated,<=24,0.0,Unknown,Unknown,Unknown,1,0,0,0,0.0,0,0,0,0
1231,2024,0,2020,2020-07-27,2020-10-30 00:00:00+00:00,Non Graduated,<=24,0.0,Unknown,Unknown,Unknown,1,0,0,0,0.0,0,0,0,0
860,2017,1,2019,2018-10-15,2019-02-15 00:00:00+00:00,Graduated,<=24,0.0,Unknown,Unknown,Unknown,0,0,0,1,2806.6409256684065,0,0,1,1
860,2018,1,2019,2018-10-15,2019-02-15 00:00:00+00:00,Graduated,<=24,0.0,Unknown,Unknown,Unknown,0,0,0,1,2024.4122955352348,0,0,1,1
860,2019,1,2019,2018-10-15,2019-02-15 00:00:00+00:00,Graduated,<=24,0.0,Unknown,Unknown,Unknown,1,1,0,1,3589.175099864705,2,1,1,1
860,2020,1,2019,2018-10-15,2019-02-15 00:00:00+00:00,Graduated,<=24,0.0,Unknown,Unknown,Unknown,1,1,0,0,0.0,0,0,1,1
860,2021,1,2019,2018-10-15,2019-02-15 00:00:00+00:00,Graduated,<=24,0.0,Unknown,Unknown,Unknown,1,1,0,1,1472.6451675382527,0,0,1,1
860,2022,1,2019,2018-10-15,2019-02-15 00:00:00+00:00,Graduated,<=24,0.0,Unknown,Unknown,Unknown,1,1,0,1,26965.51367464655,0,0,1,1
860,2023,1,2019,2018-10-15,2019-02-15 00:00:00+00:00,Graduated,<=24,0.0,Unknown,Unknown,Unknown,1,1,0,1,15816.956576241506,0,0,1,1
860,2024,1,2019,2018-10-15,2019-02-15 00:00:00+00:00,Graduated,<=24,0.0,Unknown,Unknown,Unknown,1,1,0,1,9205.357205637092,0,0,1,1
1453,2017,0,2021,2021-10-11,2021-12-14 00:00:00+00:00,Non Graduated,<=24,0.0,Unknown,Unknown,Unknown,0,0,0,0,0.0,0,0,0,0
1453,2018,0,2021,2021-10-11,2021-12-14 00:00:00+00:00,Non Graduated,<=24,0.0,Unknown,Unknown,Unknown,0,0,0,1,3585.2774570503957,0,0,0,0
1453,2019,0,2021,2021-10-11,2021-12-14 00:00:00+00:00,Non Graduated,<=24,0.0,Unknown,Unknown,Unknown,0,0,1,1,10498.882229292245,0,0,0,0
1453,2020,0,2021,2021-10-11,2021-12-14 00:00:00+00:00,Non Graduated,<=24,0.0,Unknown,Unknown,Unknown,0,0,0,1,7609.721388922249,0,0,0,0
1453,2021,0,2021,2021-10-11,2021-12-14 00:00:00+00:00,Non Graduated,<=24,0.0,Unknown,Unknown,Unknown,1,0,0,1,10480.41091712006,0,0,0,0
1453,2022,0,2021,2021-10-11,2021-12-14 00:00:00+00:00,Non Graduated,<=24,0.0,Unknown,Unknown,Unknown,1,0,1,1,11446.85022436361,0,0,0,0
1453,2023,0,2021,2021-10-11,2021-12-14 00:00:00+00:00,Non Graduated,<=24,0.0,Unknown,Unknown,Unknown,1,0,0,1,12904.784017109108,0,0,0,0
1453,2024,0,2021,2021-10-11,2021-12-14 00:00:00+00:00,Non Graduated,<=24,0.0,Unknown,Unknown,Unknown,1,0,0,0,0.0,0,0,0,0
1059,2017,1,2019,2019-09-18,2019-11-01 00:00:00+00:00,Graduated,<=24,0.0,Unknown,Unknown,Unknown,0,0,0,1,8035.654147633309,0,0,0,0
1059,2018,1,2019,2019-09-18,2019-11-01 00:00:00+00:00,Graduated,<=24,0.0,Unknown,Unknown,Unknown,0,0,1,1,9636.94000988689,0,0,0,0
1059,2019,1,2019,2019-09-18,2019-11-01 00:00:00+00:00,Graduated,<=24,0.0,Unknown,Unknown,Unknown,1,1,0,1,6623.748491403807,0,0,0,0
1059,2020,1,2019,2019-09-18,2019-11-01 00:00:00+00:00,Graduated,<=24,0.0,Unknown,Unknown,Unknown,1,1,0,1,3797.858799702757,0,0,0,0
1059,2021,1,2019,2019-09-18,2019-11-01 00:00:00+00:00,Graduated,<=24,0.0,Unknown,Unknown,Unknown,1,1,0,1,5898.736928954882,0,0,0,0
1059,2022,1,2019,2019-09-18,2019-11-01 00:00:00+00:00,Graduated,<=24,0.0,Unknown,Unknown,Unknown,1,1,1,1,9923.382062902816,0,0,0,0
1059,2023,1,2019,2019-09-18,2019-11-01 00:00:00+00:00,Graduated,<=24,0.0,Unknown,Unknown,Unknown,1,1,0,0,0.0,0,0,0,0
1059,2024,1,2019,2019-09-18,2019-11-01 00:00:00+00:00,Graduated,<=24,0.0,Unknown,Unknown,Unknown,1,1,0,0,0.0,0,0,0,0
1105,2017,0,2020,2019-11-25,2020-01-10 00:00:00+00:00,Non Graduated,<=24,0.0,Unknown,Unknown,Unknown,0,0,1,1,20677.171958315485,0,0,0,0
1105,2018,0,2020,2019-11-25,2020-01-10 00:00:00+00:00,Non Graduated,<=24,0.0,Unknown,Unknown,Unknown,0,0,0,0,0.0,0,0,0,0
1105,2019,0,2020,2019-11-25,2020-01-10 00:00:00+00:00,Non Graduated,<=24,0.0,Unknown,Unknown,Unknown,0,0,0,1,19610.947950884383,0,0,0,0
1105,2020,0,2020,2019-11-25,2020-01-10 00:00:00+00:00,Non Graduated,<=24,0.0,Unknown,Unknown,Unknown,1,0,1,1,13669.256773354706,0,0,0,0
1105,2021,0,2020,2019-11-25,2020-01-10 00:00:00+00:00,Non Graduated,<=24,0.0,Unknown,Unknown,Unknown,1,0,1,1,29080.457707372458,0,0,0,0
1105,2022,0,2020,2019-11-25,2020-01-10 00:00:00+00:00,Non Graduated,<=24,0.0,Unknown,Unknown,Unknown,1,0,1,1,32898.46075073907,0,0,0,0
1105,2023,0,2020,2019-11-25,2020-01-10 00:00:00+00:00,Non Graduated,<=24,0.0,Unknown,Unknown,Unknown,1,0,1,1,37462.785068620535,0,0,0,0
1105,2024,0,2020,2019-11-25,2020-01-10 00:00:00+00:00,Non Graduated,<=24,0.0,Unknown,Unknown,Unknown,1,0,0,1,30593.260445868764,0,0,0,0
855,2017,1,2018,2018-10-16,2018-12-28 00:00:00+00:00,Graduated,<=24,0.0,Unknown,Unknown,Unknown,0,0,0,0,0.0,7,1,1,0
855,2018,1,2018,2018-10-16,2018-12-28 00:00:00+00:00,Graduated,<=24,0.0,Unknown,Unknown,Unknown,1,1,1,1,5752.775862482917,4,1,1,1
855,2019,1,2018,2018-10-16,2018-12-28 00:00:00+00:00,Graduated,<=24,0.0,Unknown,Unknown,Unknown,1,1,1,1,18320.181022361972,0,0,1,1
855,2020,1,2018,2018-10-16,2018-12-28 00:00:00+00:00,Graduated,<=24,0.0,Unknown,Unknown,Unknown,1,1,0,1,9292.808965201131,0,0,1,1
855,2021,1,2018,2018-10-16,2018-12-28 00:00:00+00:00,Graduated,<=24,0.0,Unknown,Unknown,Unknown,1,1,0,1,10477.89728451964,2,1,1,1
855,2022,1,2018,2018-10-16,2018-12-28 00:00:00+00:00,Graduated,<=24,0.0,Unknown,Unknown,Unknown,1,1,0,1,4600.198690935031,0,0,1,1
855,2023,1,2018,2018-10-16,2018-12-28 00:00:00+00:00,Graduated,<=24,0.0,Unknown,Unknown,Unknown,1,1,0,1,726.4713135305742,5,1,1,1
855,2024,1,2018,2018-10-16,2018-12-28 00:00:00+00:00,Graduated,<=24,0.0,Unknown,Unknown,Unknown,1,1,0,1,3417.940714621552,0,0,1,1
1066,2017,0,2019,2019-09-30,2019-10-07 00:00:00+00:00,Non Graduated,<=24,0.0,Unknown,Unknown,Unknown,0,0,0,1,3779.1119136387574,1,1,1,1
1066,2018,0,2019,2019-09-30,2019-10-07 00:00:00+00:00,Non Graduated,<=24,0.0,Unknown,Unknown,Unknown,0,0,0,1,3322.0056213761336,1,1,1,1
1066,2019,0,2019,2019-09-30,2019-10-07 00:00:00+00:00,Non Graduated,<=24,0.0,Unknown,Unknown,Unknown,1,0,0,1,1113.1669308573407,1,1,1,1
1066,2020,0,2019,2019-09-30,2019-10-07 00:00:00+00:00,Non Graduated,<=24,0.0,Unknown,Unknown,Unknown,1,0,0,0,0.0,0,0,1,1
1066,2021,0,2019,2019-09-30,2019-10-07 00:00:00+00:00,Non Graduated,<=24,0.0,Unknown,Unknown,Unknown,1,0,1,1,22637.397565996333,0,0,1,1
1066,2022,0,2019,2019-09-30,2019-10-07 00:00:00+00:00,Non Graduated,<=24,0.0,Unknown,Unknown,Unknown,1,0,1,1,30066.97215401545,2,1,1,1
1066,2023,0,2019,2019-09-30,2019-10-07 00:00:00+00:00,Non Graduated,<=24,0.0,Unknown,Unknown,Unknown,1,0,0,1,11127.237265200887,0,0,1,1
1066,2024,0,2019,2019-09-30,2019-10-07 00:00:00+00:00,Non Graduated,<=24,0.0,Unknown,Unknown,Unknown,1,0,0,1,26143.27971027371,0,0,1,1
1396,2017,1,2021,2021-07-19,2021-09-27 00:00:00+00:00,Graduated,<=24,0.0,Unknown,Unknown,Unknown,0,0,0,1,7360.689437699507,0,0,0,0
1396,2018,1,2021,2021-07-19,2021-09-27 00:00:00+00:00,Graduated,<=24,0.0,Unknown,Unknown,Unknown,0,0,1,1,5461.746524921376,0,0,0,0
1396,2019,1,2021,2021-07-19,2021-09-27 00:00:00+00:00,Graduated,<=24,0.0,Unknown,Unknown,Unknown,0,0,1,1,10019.434529058875,0,0,0,0
1396,2020,1,2021,2021-07-19,2021-09-27 00:00:00+00:00,Graduated,<=24,0.0,Unknown,Unknown,Unknown,0,0,0,1,3214.2223386728815,0,0,0,0
1396,2021,1,2021,2021-07-19,2021-09-27 00:00:00+00:00,Graduated,<=24,0.0,Unknown,Unknown,Unknown,1,1,1,1,16761.49071638711,0,0,0,0
1396,2022,1,2021,2021-07-19,2021-09-27 00:00:00+00:00,Graduated,<=24,0.0,Unknown,Unknown,Unknown,1,1,1,1,9805.407575358504,0,0,0,0
1396,2023,1,2021,2021-07-19,2021-09-27 00:00:00+00:00,Graduated,<=24,0.0,Unknown,Unknown,Unknown,1,1,1,1,9363.588000948566,0,0,0,0
1396,2024,1,2021,2021-07-19,2021-09-27 00:00:00+00:00,Graduated,<=24,0.0,Unknown,Unknown,Unknown,1,1,0,1,7924.245659466974,0,0,0,0
1284,2017,0,2020,2020-12-01,2020-12-08 00:00:00+00:00,Non Graduated,<=24,0.0,Unknown,Unknown,Unknown,0,0,0,1,3879.099868797461,0,0,0,0
1284,2018,0,2020,2020-12-01,2020-12-08 00:00:00+00:00,Non Graduated,<=24,0.0,Unknown,Unknown,Unknown,0,0,1,1,13695.007776613023,0,0,0,0
1284,2019,0,2020,2020-12-01,2020-12-08 00:00:00+00:00,Non Graduated,<=24,0.0,Unknown,Unknown,Unknown,0,0,0,1,10212.147387118617,0,0,0,0
1284,2020,0,2020,2020-12-01,2020-12-08 00:00:00+00:00,Non Graduated,<=24,0.0,Unknown,Unknown,Unknown,1,0,0,1,6080.235905250553,0,0,0,0
1284,2021,0,2020,2020-12-01,2020-12-08 00:00:00+00:00,Non Graduated,<=24,0.0,Unknown,Unknown,Unknown,1,0,1,1,7074.405479649783,0,0,0,0
1284,2022,0,2020,2020-12-01,2020-12-08 00:00:00+00:00,Non Graduated,<=24,0.0,Unknown,Unknown,Unknown,1,0,1,1,28919.974497139887,0,0,0,0
1284,2023,0,2020,2020-12-01,2020-12-08 00:00:00+00:00,Non Graduated,<=24,0.0,Unknown,Unknown,Unknown,1,0,1,1,32586.732334268017,0,0,0,0
1284,2024,0,2020,2020-12-01,2020-12-08 00:00:00+00:00,Non Graduated,<=24,0.0,Unknown,Unknown,Unknown,1,0,0,1,12341.699507129973,0,0,0,0
977,2017,1,2019,2019-05-06,2019-06-21 00:00:00+00:00,Graduated,<=24,0.0,Unknown,Unknown,Unknown,0,0,0,1,868.9439615100358,1,1,1,0
977,2018,1,2019,2019-05-06,2019-06-21 00:00:00+00:00,Graduated,<=24,0.0,Unknown,Unknown,Unknown,0,0,1,1,4096.091930373996,0,0,1,1
977,2019,1,2019,2019-05-06,2019-06-21 00:00:00+00:00,Graduated,<=24,0.0,Unknown,Unknown,Unknown,1,1,0,1,387.13869107380515,3,1,1,1
977,2020,1,2019,2019-05-06,2019-06-21 00:00:00+00:00,Graduated,<=24,0.0,Unknown,Unknown,Unknown,1,1,0,0,0.0,0,0,1,1
977,2021,1,2019,2019-05-06,2019-06-21 00:00:00+00:00,Graduated,<=24,0.0,Unknown,Unknown,Unknown,1,1,0,1,2768.6194073213246,1,1,1,1
977,2022,1,2019,2019-05-06,2019-06-21 00:00:00+00:00,Graduated,<=24,0.0,Unknown,Unknown,Unknown,1,1,0,1,3835.2702866527034,0,0,1,1
977,2023,1,2019,2019-05-06,2019-06-21 00:00:00+00:00,Graduated,<=24,0.0,Unknown,Unknown,Unknown,1,1,0,0,0.0,0,0,1,1
977,2024,1,2019,2019-05-06,2019-06-21 00:00:00+00:00,Graduated,<=24,0.0,Unknown,Unknown,Unknown,1,1,0,0,0.0,0,0,1,1
1326,2017,0,2021,2021-03-15,2021-05-11 00:00:00+00:00,Non Graduated,<=24,0.0,Unknown,Unknown,Unknown,0,0,0,0,0.0,0,0,0,0
1326,2018,0,2021,2021-03-15,2021-05-11 00:00:00+00:00,Non Graduated,<=24,0.0,Unknown,Unknown,Unknown,0,0,0,1,5417.182539664256,0,0,0,0
1326,2019,0,2021,2021-03-15,2021-05-11 00:00:00+00:00,Non Graduated,<=24,0.0,Unknown,Unknown,Unknown,0,0,1,1,9728.448925920085,0,0,0,0
1326,2020,0,2021,2021-03-15,2021-05-11 00:00:00+00:00,Non Graduated,<=24,0.0,Unknown,Unknown,Unknown,0,0,0,1,12848.949087743547,0,0,0,0
1326,2021,0,2021,2021-03-15,2021-05-11 00:00:00+00:00,Non Graduated,<=24,0.0,Unknown,Unknown,Unknown,1,0,1,1,2450.6907258945344,0,0,0,0
1326,2022,0,2021,2021-03-15,2021-05-11 00:00:00+00:00,Non Graduated,<=24,0.0,Unknown,Unknown,Unknown,1,0,0,1,14624.991517876932,0,0,0,0
1326,2023,0,2021,2021-03-15,2021-05-11 00:00:00+00:00,Non Graduated,<=24,0.0,Unknown,Unknown,Unknown,1,0,1,1,20373.521338062073,0,0,0,0
1326,2024,0,2021,2021-03-15,2021-05-11 00:00:00+00:00,Non Graduated,<=24,0.0,Unknown,Unknown,Unknown,1,0,0,1,19029.30737824271,0,0,0,0
769,2017,1,2018,2018-05-14,2018-08-03 00:00:00+00:00,Graduated,<=24,0.0,Unknown,Unknown,Unknown,0,0,1,1,13432.794110052562,0,0,0,0
769,2018,1,2018,2018-05-14,2018-08-03 00:00:00+00:00,Graduated,<=24,0.0,Unknown,Unknown,Unknown,1,1,0,1,9962.160679047327,0,0,0,0
769,2019,1,2018,2018-05-14,2018-08-03 00:00:00+00:00,Graduated,<=24,0.0,Unknown,Unknown,Unknown,1,1,1,1,12510.839976138706,0,0,0,0
769,2020,1,2018,2018-05-14,2018-08-03 00:00:00+00:00,Graduated,<=24,0.0,Unknown,Unknown,Unknown,1,1,1,1,12513.861763755827,0,0,0,0
769,2021,1,2018,2018-05-14,2018-08-03 00:00:00+00:00,Graduated,<=24,0.0,Unknown,Unknown,Unknown,1,1,1,1,23062.496406206086,0,0,0,0
769,2022,1,2018,2018-05-14,2018-08-03 00:00:00+00:00,Graduated,<=24,0.0,Unknown,Unknown,Unknown,1,1,1,1,17848.92833932375,0,0,0,0
769,2023,1,2018,2018-05-14,2018-08-03 00:00:00+00:00,Graduated,<=24,0.0,Unknown,Unknown,Unknown,1,1,1,1,43811.021625597,0,0,0,0
769,2024,1,2018,2018-05-14,2018-08-03 00:00:00+00:00,Graduated,<=24,0.0,Unknown,Unknown,Unknown,1,1,0,1,31885.018012130604,0,0,0,0
1392,2017,0,2021,2021-07-12,2021-07-21 00:00:00+00:00,Non Graduated,<=24,0.0,Unknown,Unknown,Unknown,0,0,0,1,4216.713905948725,0,0,0,0
1392,2018,0,2021,2021-07-12,2021-07-21 00:00:00+00:00,Non Graduated,<=24,0.0,Unknown,Unknown,Unknown,0,0,1,1,5789.139258147857,0,0,0,0
1392,2019,0,2021,2021-07-12,2021-07-21 00:00:00+00:00,Non Graduated,<=24,0.0,Unknown,Unknown,Unknown,0,0,1,1,9916.470517612983,0,0,0,0
1392,2020,0,2021,2021-07-12,2021-07-21 00:00:00+00:00,Non Graduated,<=24,0.0,Unknown,Unknown,Unknown,0,0,1,1,17663.462283087545,0,0,0,0
1392,2021,0,2021,2021-07-12,2021-07-21 00:00:00+00:00,Non Graduated,<=24,0.0,Unknown,Unknown,Unknown,1,0,0,1,2365.820982069832,0,0,0,0
1392,2022,0,2021,2021-07-12,2021-07-21 00:00:00+00:00,Non Graduated,<=24,0.0,Unknown,Unknown,Unknown,1,0,0,1,8644.057274073646,0,0,0,0
1392,2023,0,2021,2021-07-12,2021-07-21 00:00:00+00:00,Non Graduated,<=24,0.0,Unknown,Unknown,Unknown,1,0,1,1,54079.17794079251,0,0,0,0
1392,2024,0,2021,2021-07-12,2021-07-21 00:00:00+00:00,Non Graduated,<=24,0.0,Unknown,Unknown,Unknown,1,0,0,1,38792.085154153596,0,0,0,0
1197,2017,1,2020,2020-06-15,2020-09-09 00:00:00+00:00,Graduated,<=24,0.0,Unknown,Unknown,Unknown,0,0,1,1,16280.591907892898,0,0,0,0
1197,2018,1,2020,2020-06-15,2020-09-09 00:00:00+00:00,Graduated,<=24,0.0,Unknown,Unknown,Unknown,0,0,1,1,10493.450895409364,0,0,0,0
1197,2019,1,2020,2020-06-15,2020-09-09 00:00:00+00:00,Graduated,<=24,0.0,Unknown,Unknown,Unknown,0,0,0,1,6790.110439672242,0,0,0,0
1197,2020,1,2020,2020-06-15,2020-09-09 00:00:00+00:00,Graduated,<=24,0.0,Unknown,Unknown,Unknown,1,1,0,1,3403.8397076099727,0,0,0,0
1197,2021,1,2020,2020-06-15,2020-09-09 00:00:00+00:00,Graduated,<=24,0.0,Unknown,Unknown,Unknown,1,1,0,1,10120.860278334401,0,0,0,0
1197,2022,1,2020,2020-06-15,2020-09-09 00:00:00+00:00,Graduated,<=24,0.0,Unknown,Unknown,Unknown,1,1,1,1,12077.78544441731,0,0,0,0
1197,2023,1,2020,2020-06-15,2020-09-09 00:00:00+00:00,Graduated,<=24,0.0,Unknown,Unknown,Unknown,1,1,1,1,22474.08507360254,0,0,0,0
1197,2024,1,2020,2020-06-15,2020-09-09 00:00:00+00:00,Graduated,<=24,0.0,Unknown,Unknown,Unknown,1,1,0,1,8297.698753135413,0,0,0,0
1272,2017,0,2021,2020-12-01,2021-01-04 00:00:00+00:00,Non Graduated,<=24,0.0,Unknown,Unknown,Unknown,0,0,0,1,1492.926989737282,0,0,0,0
1272,2018,0,2021,2020-12-01,2021-01-04 00:00:00+00:00,Non Graduated,<=24,0.0,Unknown,Unknown,Unknown,0,0,0,1,3428.7919663415137,0,0,0,0
1272,2019,0,2021,2020-12-01,2021-01-04 00:00:00+00:00,Non Graduated,<=24,0.0,Unknown,Unknown,Unknown,0,0,0,1,3705.738002694818,0,0,0,0
1272,2020,0,2021,2020-12-01,2021-01-04 00:00:00+00:00,Non Graduated,<=24,0.0,Unknown,Unknown,Unknown,0,0,0,1,7666.077661632637,0,0,0,0
1272,2021,0,2021,2020-12-01,2021-01-04 00:00:00+00:00,Non Graduated,<=24,0.0,Unknown,Unknown,Unknown,1,0,1,1,8918.568917575736,0,0,0,0
1272,2022,0,2021,2020-12-01,2021-01-04 00:00:00+00:00,Non Graduated,<=24,0.0,Unknown,Unknown,Unknown,1,0,1,1,9846.655993385792,0,0,0,0
1272,2023,0,2021,2020-12-01,2021-01-04 00:00:00+00:00,Non Graduated,<=24,0.0,Unknown,Unknown,Unknown,1,0,1,1,19768.51409500456,0,0,0,0
1272,2024,0,2021,2020-12-01,2021-01-04 00:00:00+00:00,Non Graduated,<=24,0.0,Unknown,Unknown,Unknown,1,0,0,1,6515.750099761417,0,0,0,0
1339,2017,1,2021,2021-04-12,2021-05-26 00:00:00+00:00,Graduated,<=24,0.0,Unknown,Unknown,Unknown,0,0,0,0,0.0,0,0,0,0
1339,2018,1,2021,2021-04-12,2021-05-26 00:00:00+00:00,Graduated,<=24,0.0,Unknown,Unknown,Unknown,0,0,0,0,0.0,0,0,0,0
1339,2019,1,2021,2021-04-12,2021-05-26 00:00:00+00:00,Graduated,<=24,0.0,Unknown,Unknown,Unknown,0,0,0,1,1356.8769758808285,0,0,0,0
1339,2020,1,2021,2021-04-12,2021-05-26 00:00:00+00:00,Graduated,<=24,0.0,Unknown,Unknown,Unknown,0,0,1,1,7682.56340125562,0,0,0,0
1339,2021,1,2021,2021-04-12,2021-05-26 00:00:00+00:00,Graduated,<=24,0.0,Unknown,Unknown,Unknown,1,1,1,1,15794.026627313187,0,0,0,0
1339,2022,1,2021,2021-04-12,2021-05-26 00:00:00+00:00,Graduated,<=24,0.0,Unknown,Unknown,Unknown,1,1,1,1,28390.94740099875,0,0,0,0
1339,2023,1,2021,2021-04-12,2021-05-26 00:00:00+00:00,Graduated,<=24,0.0,Unknown,Unknown,Unknown,1,1,1,1,32571.565986077807,0,0,0,0
1339,2024,1,2021,2021-04-12,2021-05-26 00:00:00+00:00,Graduated,<=24,0.0,Unknown,Unknown,Unknown,1,1,0,1,23225.135250260526,0,0,0,0
878,2017,0,2018,2018-11-12,2018-11-20 00:00:00+00:00,Non Graduated,<=24,0.0,Unknown,Unknown,Unknown,0,0,0,0,0.0,2,1,1,0
878,2018,0,2018,2018-11-12,2018-11-20 00:00:00+00:00,Non Graduated,<=24,0.0,Unknown,Unknown,Unknown,1,0,0,1,1960.1981389563418,2,1,1,1
878,2019,0,2018,2018-11-12,2018-11-20 00:00:00+00:00,Non Graduated,<=24,0.0,Unknown,Unknown,Unknown,1,0,0,0,0.0,6,1,1,1
878,2020,0,2018,2018-11-12,2018-11-20 00:00:00+00:00,Non Graduated,<=24,0.0,Unknown,Unknown,Unknown,1,0,0,0,0.0,0,0,1,1
878,2021,0,2018,2018-11-12,2018-11-20 00:00:00+00:00,Non Graduated,<=24,0.0,Unknown,Unknown,Unknown,1,0,0,1,318.45304310700186,6,1,1,1
878,2022,0,2018,2018-11-12,2018-11-20 00:00:00+00:00,Non Graduated,<=24,0.0,Unknown,Unknown,Unknown,1,0,0,0,0.0,0,0,1,1
878,2023,0,2018,2018-11-12,2018-11-20 00:00:00+00:00,Non Graduated,<=24,0.0,Unknown,Unknown,Unknown,1,0,0,0,0.0,0,0,1,1
878,2024,0,2018,2018-11-12,2018-11-20 00:00:00+00:00,Non Graduated,<=24,0.0,Unknown,Unknown,Unknown,1,0,0,0,0.0,10,1,1,1
1382,2017,1,2021,2021-06-22,2021-11-12 00:00:00+00:00,Graduated,<=24,0.0,Unknown,Unknown,Unknown,0,0,0,0,0.0,0,0,0,0
1382,2018,1,2021,2021-06-22,2021-11-12 00:00:00+00:00,Graduated,<=24,0.0,Unknown,Unknown,Unknown,0,0,0,1,5895.932243844684,0,0,0,0
1382,2019,1,2021,2021-06-22,2021-11-12 00:00:00+00:00,Graduated,<=24,0.0,Unknown,Unknown,Unknown,0,0,0,1,9450.088812505019,0,0,0,0
1382,2020,1,2021,2021-06-22,2021-11-12 00:00:00+00:00,Graduated,<=24,0.0,Unknown,Unknown,Unknown,0,0,0,1,5241.91131808952,0,0,0,0
1382,2021,1,2021,2021-06-22,2021-11-12 00:00:00+00:00,Graduated,<=24,0.0,Unknown,Unknown,Unknown,1,1,1,1,13926.576216026744,0,0,0,0
1382,2022,1,2021,2021-06-22,2021-11-12 00:00:00+00:00,Graduated,<=24,0.0,Unknown,Unknown,Unknown,1,1,1,1,21590.17427104449,0,0,0,0
1382,2023,1,2021,2021-06-22,2021-11-12 00:00:00+00:00,Graduated,<=24,0.0,Unknown,Unknown,Unknown,1,1,1,1,31050.98676466211,0,0,0,0
1382,2024,1,2021,2021-06-22,2021-11-12 00:00:00+00:00,Graduated,<=24,0.0,Unknown,Unknown,Unknown,1,1,0,1,26399.133144652515,0,0,0,0
946,2017,0,2019,2019-03-18,2019-04-11 00:00:00+00:00,Non Graduated,<=24,0.0,Unknown,Unknown,Unknown,0,0,0,1,478.8942785409564,0,0,0,0
946,2018,0,2019,2019-03-18,2019-04-11 00:00:00+00:00,Non Graduated,<=24,0.0,Unknown,Unknown,Unknown,0,0,0,1,7562.7955725055,0,0,0,0
946,2019,0,2019,2019-03-18,2019-04-11 00:00:00+00:00,Non Graduated,<=24,0.0,Unknown,Unknown,Unknown,1,0,0,1,5672.3697430574575,0,0,0,0
946,2020,0,2019,2019-03-18,2019-04-11 00:00:00+00:00,Non Graduated,<=24,0.0,Unknown,Unknown,Unknown,1,0,0,1,2085.325122522906,0,0,0,0
946,2021,0,2019,2019-03-18,2019-04-11 00:00:00+00:00,Non Graduated,<=24,0.0,Unknown,Unknown,Unknown,1,0,0,0,0.0,0,0,0,0
946,2022,0,2019,2019-03-18,2019-04-11 00:00:00+00:00,Non Graduated,<=24,0.0,Unknown,Unknown,Unknown,1,0,0,0,0.0,0,0,0,0
946,2023,0,2019,2019-03-18,2019-04-11 00:00:00+00:00,Non Graduated,<=24,0.0,Unknown,Unknown,Unknown,1,0,0,1,951.7715577879651,0,0,0,0
946,2024,0,2019,2019-03-18,2019-04-11 00:00:00+00:00,Non Graduated,<=24,0.0,Unknown,Unknown,Unknown,1,0,0,1,3756.788161599298,0,0,0,0
733,2017,1,2018,2018-03-05,2018-05-11 00:00:00+00:00,Graduated,<=24,0.0,Unknown,Unknown,Unknown,0,0,1,1,22580.794801375792,0,0,1,1
733,2018,1,2018,2018-03-05,2018-05-11 00:00:00+00:00,Graduated,<=24,0.0,Unknown,Unknown,Unknown,1,1,0,1,7471.55119144817,0,0,1,1
733,2019,1,2018,2018-03-05,2018-05-11 00:00:00+00:00,Graduated,<=24,0.0,Unknown,Unknown,Unknown,1,1,1,1,26264.821605201672,0,0,1,1
733,2020,1,2018,2018-03-05,2018-05-11 00:00:00+00:00,Graduated,<=24,0.0,Unknown,Unknown,Unknown,1,1,0,1,4886.340409374365,0,0,1,1
733,2021,1,2018,2018-03-05,2018-05-11 00:00:00+00:00,Graduated,<=24,0.0,Unknown,Unknown,Unknown,1,1,0,1,17351.249825467014,0,0,1,1
733,2022,1,2018,2018-03-05,2018-05-11 00:00:00+00:00,Graduated,<=24,0.0,Unknown,Unknown,Unknown,1,1,1,1,24407.65643652039,0,0,1,1
733,2023,1,2018,2018-03-05,2018-05-11 00:00:00+00:00,Graduated,<=24,0.0,Unknown,Unknown,Unknown,1,1,1,1,93936.11644400246,0,0,1,1
733,2024,1,2018,2018-03-05,2018-05-11 00:00:00+00:00,Graduated,<=24,0.0,Unknown,Unknown,Unknown,1,1,0,1,74447.3692766673,0,0,1,1
1352,2017,0,2022,2021-04-26,2022-01-14 00:00:00+00:00,Non Graduated,<=24,0.0,Unknown,Unknown,Unknown,0,0,0,0,0.0,1,1,1,0
1352,2018,0,2022,2021-04-26,2022-01-14 00:00:00+00:00,Non Graduated,<=24,0.0,Unknown,Unknown,Unknown,0,0,0,0,0.0,0,0,1,1
1352,2019,0,2022,2021-04-26,2022-01-14 00:00:00+00:00,Non Graduated,<=24,0.0,Unknown,Unknown,Unknown,0,0,0,0,0.0,0,0,1,1
1352,2020,0,2022,2021-04-26,2022-01-14 00:00:00+00:00,Non Graduated,<=24,0.0,Unknown,Unknown,Unknown,0,0,0,0,0.0,2,1,1,1
1352,2021,0,2022,2021-04-26,2022-01-14 00:00:00+00:00,Non Graduated,<=24,0.0,Unknown,Unknown,Unknown,0,0,0,0,0.0,2,1,1,1
1352,2022,0,2022,2021-04-26,2022-01-14 00:00:00+00:00,Non Graduated,<=24,0.0,Unknown,Unknown,Unknown,1,0,0,0,0.0,0,0,1,1
1352,2023,0,2022,2021-04-26,2022-01-14 00:00:00+00:00,Non Graduated,<=24,0.0,Unknown,Unknown,Unknown,1,0,0,0,0.0,4,1,1,1
1352,2024,0,2022,2021-04-26,2022-01-14 00:00:00+00:00,Non Graduated,<=24,0.0,Unknown,Unknown,Unknown,1,0,0,0,0.0,0,0,1,1
1476,2017,1,2022,2021-12-06,2022-07-01 00:00:00+00:00,Graduated,<=24,0.0,Unknown,Unknown,Unknown,0,0,0,0,0.0,0,0,1,1
1476,2018,1,2022,2021-12-06,2022-07-01 00:00:00+00:00,Graduated,<=24,0.0,Unknown,Unknown,Unknown,0,0,0,0,0.0,0,0,1,1
1476,2019,1,2022,2021-12-06,2022-07-01 00:00:00+00:00,Graduated,<=24,0.0,Unknown,Unknown,Unknown,0,0,0,0,0.0,0,0,1,1
1476,2020,1,2022,2021-12-06,2022-07-01 00:00:00+00:00,Graduated,<=24,0.0,Unknown,Unknown,Unknown,0,0,0,0,0.0,2,1,1,1
1476,2021,1,2022,2021-12-06,2022-07-01 00:00:00+00:00,Graduated,<=24,0.0,Unknown,Unknown,Unknown,0,0,0,0,0.0,0,0,1,1
1476,2022,1,2022,2021-12-06,2022-07-01 00:00:00+00:00,Graduated,<=24,0.0,Unknown,Unknown,Unknown,1,1,0,0,0.0,0,0,1,1
1476,2023,1,2022,2021-12-06,2022-07-01 00:00:00+00:00,Graduated,<=24,0.0,Unknown,Unknown,Unknown,1,1,1,1,47220.13105864616,0,0,1,1
1476,2024,1,2022,2021-12-06,2022-07-01 00:00:00+00:00,Graduated,<=24,0.0,Unknown,Unknown,Unknown,1,1,0,1,35227.49508044284,0,0,1,1
1370,2017,0,2022,2021-06-02,2022-04-19 00:00:00+00:00,Non Graduated,<=24,0.0,Unknown,Unknown,Unknown,0,0,0,0,0.0,0,0,0,0
1370,2018,0,2022,2021-06-02,2022-04-19 00:00:00+00:00,Non Graduated,<=24,0.0,Unknown,Unknown,Unknown,0,0,0,0,0.0,0,0,0,0
1370,2019,0,2022,2021-06-02,2022-04-19 00:00:00+00:00,Non Graduated,<=24,0.0,Unknown,Unknown,Unknown,0,0,0,1,194.36247999096426,0,0,0,0
1370,2020,0,2022,2021-06-02,2022-04-19 00:00:00+00:00,Non Graduated,<=24,0.0,Unknown,Unknown,Unknown,0,0,0,1,6229.084479805839,0,0,0,0
1370,2021,0,2022,2021-06-02,2022-04-19 00:00:00+00:00,Non Graduated,<=24,0.0,Unknown,Unknown,Unknown,0,0,0,1,2180.7622361386484,0,0,0,0
1370,2022,0,2022,2021-06-02,2022-04-19 00:00:00+00:00,Non Graduated,<=24,0.0,Unknown,Unknown,Unknown,1,0,0,1,1304.4043937525887,0,0,0,0
1370,2023,0,2022,2021-06-02,2022-04-19 00:00:00+00:00,Non Graduated,<=24,0.0,Unknown,Unknown,Unknown,1,0,0,1,6447.49611833609,0,0,0,0
1370,2024,0,2022,2021-06-02,2022-04-19 00:00:00+00:00,Non Graduated,<=24,0.0,Unknown,Unknown,Unknown,1,0,0,1,3893.168109061126,0,0,0,0
1041,2017,1,2019,2019-08-12,2019-10-25 00:00:00+00:00,Graduated,<=24,0.0,Unknown,Unknown,Unknown,0,0,0,1,4634.3258987452555,0,0,0,0
1041,2018,1,2019,2019-08-12,2019-10-25 00:00:00+00:00,Graduated,<=24,0.0,Unknown,Unknown,Unknown,0,0,1,1,3423.8717768721776,0,0,0,0
1041,2019,1,2019,2019-08-12,2019-10-25 00:00:00+00:00,Graduated,<=24,0.0,Unknown,Unknown,Unknown,1,1,0,1,16201.129364958195,0,0,0,0
1041,2020,1,2019,2019-08-12,2019-10-25 00:00:00+00:00,Graduated,<=24,0.0,Unknown,Unknown,Unknown,1,1,0,1,5896.005746392467,0,0,0,0
1041,2021,1,2019,2019-08-12,2019-10-25 00:00:00+00:00,Graduated,<=24,0.0,Unknown,Unknown,Unknown,1,1,0,0,0.0,0,0,0,0
1041,2022,1,2019,2019-08-12,2019-10-25 00:00:00+00:00,Graduated,<=24,0.0,Unknown,Unknown,Unknown,1,1,0,0,0.0,0,0,0,0
1041,2023,1,2019,2019-08-12,2019-10-25 00:00:00+00:00,Graduated,<=24,0.0,Unknown,Unknown,Unknown,1,1,0,0,0.0,0,0,0,0
1041,2024,1,2019,2019-08-12,2019-10-25 00:00:00+00:00,Graduated,<=24,0.0,Unknown,Unknown,Unknown,1,1,0,0,0.0,0,0,0,0
1340,2017,0,2021,2021-04-26,2021-05-26 00:00:00+00:00,Non Graduated,<=24,0.0,Unknown,Unknown,Unknown,0,0,0,1,3874.242863235196,0,0,0,0
1340,2018,0,2021,2021-04-26,2021-05-26 00:00:00+00:00,Non Graduated,<=24,0.0,Unknown,Unknown,Unknown,0,0,1,1,9242.026686001647,0,0,0,0
1340,2019,0,2021,2021-04-26,2021-05-26 00:00:00+00:00,Non Graduated,<=24,0.0,Unknown,Unknown,Unknown,0,0,0,1,1656.5422940329786,0,0,0,0
1340,2020,0,2021,2021-04-26,2021-05-26 00:00:00+00:00,Non Graduated,<=24,0.0,Unknown,Unknown,Unknown,0,0,0,1,1585.921006076239,0,0,0,0
1340,2021,0,2021,2021-04-26,2021-05-26 00:00:00+00:00,Non Graduated,<=24,0.0,Unknown,Unknown,Unknown,1,0,1,1,1669.8755486114114,0,0,0,0
1340,2022,0,2021,2021-04-26,2021-05-26 00:00:00+00:00,Non Graduated,<=24,0.0,Unknown,Unknown,Unknown,1,0,1,1,5980.23291291151,0,0,0,0
1340,2023,0,2021,2021-04-26,2021-05-26 00:00:00+00:00,Non Graduated,<=24,0.0,Unknown,Unknown,Unknown,1,0,1,1,3675.4081470912083,0,0,0,0
1340,2024,0,2021,2021-04-26,2021-05-26 00:00:00+00:00,Non Graduated,<=24,0.0,Unknown,Unknown,Unknown,1,0,0,1,3037.7544336337946,0,0,0,0
942,2017,1,2019,2019-03-18,2019-05-31 00:00:00+00:00,Graduated,<=24,0.0,Unknown,Unknown,Unknown,0,0,0,0,0.0,0,0,1,1
942,2018,1,2019,2019-03-18,2019-05-31 00:00:00+00:00,Graduated,<=24,0.0,Unknown,Unknown,Unknown,0,0,0,0,0.0,6,1,1,1
942,2019,1,2019,2019-03-18,2019-05-31 00:00:00+00:00,Graduated,<=24,0.0,Unknown,Unknown,Unknown,1,1,0,0,0.0,0,0,1,1
942,2020,1,2019,2019-03-18,2019-05-31 00:00:00+00:00,Graduated,<=24,0.0,Unknown,Unknown,Unknown,1,1,0,0,0.0,0,0,1,1
942,2021,1,2019,2019-03-18,2019-05-31 00:00:00+00:00,Graduated,<=24,0.0,Unknown,Unknown,Unknown,1,1,0,1,6059.032782934053,1,1,1,1
942,2022,1,2019,2019-03-18,2019-05-31 00:00:00+00:00,Graduated,<=24,0.0,Unknown,Unknown,Unknown,1,1,0,1,1045.9643197593357,1,1,1,1
942,2023,1,2019,2019-03-18,2019-05-31 00:00:00+00:00,Graduated,<=24,0.0,Unknown,Unknown,Unknown,1,1,0,0,0.0,0,0,1,1
942,2024,1,2019,2019-03-18,2019-05-31 00:00:00+00:00,Graduated,<=24,0.0,Unknown,Unknown,Unknown,1,1,0,0,0.0,0,0,1,1
747,2017,0,2018,2018-03-26,2018-05-15 00:00:00+00:00,Non Graduated,<=24,0.0,Unknown,Unknown,Unknown,0,0,0,0,0.0,2,1,1,1
747,2018,0,2018,2018-03-26,2018-05-15 00:00:00+00:00,Non Graduated,<=24,0.0,Unknown,Unknown,Unknown,1,0,1,1,7168.375790610767,0,0,1,1
747,2019,0,2018,2018-03-26,2018-05-15 00:00:00+00:00,Non Graduated,<=24,0.0,Unknown,Unknown,Unknown,1,0,0,0,0.0,0,0,1,1
747,2020,0,2018,2018-03-26,2018-05-15 00:00:00+00:00,Non Graduated,<=24,0.0,Unknown,Unknown,Unknown,1,0,0,0,0.0,5,1,1,1
747,2021,0,2018,2018-03-26,2018-05-15 00:00:00+00:00,Non Graduated,<=24,0.0,Unknown,Unknown,Unknown,1,0,0,0,0.0,0,0,1,1
747,2022,0,2018,2018-03-26,2018-05-15 00:00:00+00:00,Non Graduated,<=24,0.0,Unknown,Unknown,Unknown,1,0,0,0,0.0,0,0,1,1
747,2023,0,2018,2018-03-26,2018-05-15 00:00:00+00:00,Non Graduated,<=24,0.0,Unknown,Unknown,Unknown,1,0,0,0,0.0,0,0,1,1
747,2024,0,2018,2018-03-26,2018-05-15 00:00:00+00:00,Non Graduated,<=24,0.0,Unknown,Unknown,Unknown,1,0,0,0,0.0,0,0,1,1
881,2017,1,2019,2018-11-26,2019-02-08 00:00:00+00:00,Graduated,<=24,0.0,Unknown,Unknown,Unknown,0,0,0,0,0.0,6,1,1,1
881,2018,1,2019,2018-11-26,2019-02-08 00:00:00+00:00,Graduated,<=24,0.0,Unknown,Unknown,Unknown,0,0,0,0,0.0,0,0,1,1
881,2019,1,2019,2018-11-26,2019-02-08 00:00:00+00:00,Graduated,<=24,0.0,Unknown,Unknown,Unknown,1,1,1,1,18886.233434146183,0,0,1,1
881,2020,1,2019,2018-11-26,2019-02-08 00:00:00+00:00,Graduated,<=24,0.0,Unknown,Unknown,Unknown,1,1,1,1,32578.919580164253,0,0,1,1
881,2021,1,2019,2018-11-26,2019-02-08 00:00:00+00:00,Graduated,<=24,0.0,Unknown,Unknown,Unknown,1,1,1,1,33281.24284444072,0,0,1,1
881,2022,1,2019,2018-11-26,2019-02-08 00:00:00+00:00,Graduated,<=24,0.0,Unknown,Unknown,Unknown,1,1,0,0,0.0,0,0,1,1
881,2023,1,2019,2018-11-26,2019-02-08 00:00:00+00:00,Graduated,<=24,0.0,Unknown,Unknown,Unknown,1,1,0,0,0.0,2,1,1,1
881,2024,1,2019,2018-11-26,2019-02-08 00:00:00+00:00,Graduated,<=24,0.0,Unknown,Unknown,Unknown,1,1,0,0,0.0,0,0,1,1
1254,2017,0,2020,2020-09-21,2020-09-25 00:00:00+00:00,Non Graduated,<=24,0.0,Unknown,Unknown,Unknown,0,0,0,0,0.0,0,0,0,0
1254,2018,0,2020,2020-09-21,2020-09-25 00:00:00+00:00,Non Graduated,<=24,0.0,Unknown,Unknown,Unknown,0,0,0,1,366.5056411192552,0,0,0,0
1254,2019,0,2020,2020-09-21,2020-09-25 00:00:00+00:00,Non Graduated,<=24,0.0,Unknown,Unknown,Unknown,0,0,0,0,0.0,1,1,1,0
1254,2020,0,2020,2020-09-21,2020-09-25 00:00:00+00:00,Non Graduated,<=24,0.0,Unknown,Unknown,Unknown,1,0,0,0,0.0,3,1,1,1
1254,2021,0,2020,2020-09-21,2020-09-25 00:00:00+00:00,Non Graduated,<=24,0.0,Unknown,Unknown,Unknown,1,0,0,0,0.0,4,1,1,1
1254,2022,0,2020,2020-09-21,2020-09-25 00:00:00+00:00,Non Graduated,<=24,0.0,Unknown,Unknown,Unknown,1,0,0,0,0.0,0,0,1,1
1254,2023,0,2020,2020-09-21,2020-09-25 00:00:00+00:00,Non Graduated,<=24,0.0,Unknown,Unknown,Unknown,1,0,0,0,0.0,0,0,1,1
1254,2024,0,2020,2020-09-21,2020-09-25 00:00:00+00:00,Non Graduated,<=24,0.0,Unknown,Unknown,Unknown,1,0,0,0,0.0,0,0,1,1
1360,2017,1,2021,2021-05-10,2021-11-10 00:00:00+00:00,Graduated,<=24,0.0,Unknown,Unknown,Unknown,0,0,0,1,2410.3438857213105,0,0,0,0
1360,2018,1,2021,2021-05-10,2021-11-10 00:00:00+00:00,Graduated,<=24,0.0,Unknown,Unknown,Unknown,0,0,0,1,1040.8999465272086,0,0,0,0
1360,2019,1,2021,2021-05-10,2021-11-10 00:00:00+00:00,Graduated,<=24,0.0,Unknown,Unknown,Unknown,0,0,1,1,24869.746068971384,0,0,0,0
1360,2020,1,2021,2021-05-10,2021-11-10 00:00:00+00:00,Graduated,<=24,0.0,Unknown,Unknown,Unknown,0,0,0,1,1831.4255186721991,0,0,0,0
1360,2021,1,2021,2021-05-10,2021-11-10 00:00:00+00:00,Graduated,<=24,0.0,Unknown,Unknown,Unknown,1,1,0,1,3905.3573503776875,0,0,0,0
1360,2022,1,2021,2021-05-10,2021-11-10 00:00:00+00:00,Graduated,<=24,0.0,Unknown,Unknown,Unknown,1,1,0,1,3766.9821890213143,0,0,0,0
1360,2023,1,2021,2021-05-10,2021-11-10 00:00:00+00:00,Graduated,<=24,0.0,Unknown,Unknown,Unknown,1,1,0,0,0.0,0,0,0,0
1360,2024,1,2021,2021-05-10,2021-11-10 00:00:00+00:00,Graduated,<=24,0.0,Unknown,Unknown,Unknown,1,1,0,0,0.0,0,0,0,0
1261,2017,0,2020,2020-10-05,2020-10-19 00:00:00+00:00,Non Graduated,<=24,0.0,Unknown,Unknown,Unknown,0,0,0,0,0.0,0,0,1,1
1261,2018,0,2020,2020-10-05,2020-10-19 00:00:00+00:00,Non Graduated,<=24,0.0,Unknown,Unknown,Unknown,0,0,0,0,0.0,0,0,1,1
1261,2019,0,2020,2020-10-05,2020-10-19 00:00:00+00:00,Non Graduated,<=24,0.0,Unknown,Unknown,Unknown,0,0,0,0,0.0,0,0,1,1
1261,2020,0,2020,2020-10-05,2020-10-19 00:00:00+00:00,Non Graduated,<=24,0.0,Unknown,Unknown,Unknown,1,0,0,0,0.0,0,0,1,1
1261,2021,0,2020,2020-10-05,2020-10-19 00:00:00+00:00,Non Graduated,<=24,0.0,Unknown,Unknown,Unknown,1,0,0,1,1925.3849341762198,0,0,1,1
1261,2022,0,2020,2020-10-05,2020-10-19 00:00:00+00:00,Non Graduated,<=24,0.0,Unknown,Unknown,Unknown,1,0,0,0,0.0,2,1,1,1
1261,2023,0,2020,2020-10-05,2020-10-19 00:00:00+00:00,Non Graduated,<=24,0.0,Unknown,Unknown,Unknown,1,0,0,0,0.0,0,0,1,1
1261,2024,0,2020,2020-10-05,2020-10-19 00:00:00+00:00,Non Graduated,<=24,0.0,Unknown,Unknown,Unknown,1,0,0,1,5512.908795087868,0,0,1,1
1063,2017,1,2019,2019-09-23,2019-12-06 00:00:00+00:00,Graduated,<=24,0.0,Unknown,Unknown,Unknown,0,0,0,1,2795.2101175355215,0,0,1,1
1063,2018,1,2019,2019-09-23,2019-12-06 00:00:00+00:00,Graduated,<=24,0.0,Unknown,Unknown,Unknown,0,0,0,1,1028.7877645452777,3,1,1,1
1063,2019,1,2019,2019-09-23,2019-12-06 00:00:00+00:00,Graduated,<=24,0.0,Unknown,Unknown,Unknown,1,1,0,0,0.0,0,0,1,1
1063,2020,1,2019,2019-09-23,2019-12-06 00:00:00+00:00,Graduated,<=24,0.0,Unknown,Unknown,Unknown,1,1,0,0,0.0,0,0,1,1
1063,2021,1,2019,2019-09-23,2019-12-06 00:00:00+00:00,Graduated,<=24,0.0,Unknown,Unknown,Unknown,1,1,0,1,162.72322293240364,0,0,1,1
1063,2022,1,2019,2019-09-23,2019-12-06 00:00:00+00:00,Graduated,<=24,0.0,Unknown,Unknown,Unknown,1,1,0,1,6010.025042064114,3,1,1,1
1063,2023,1,2019,2019-09-23,2019-12-06 00:00:00+00:00,Graduated,<=24,0.0,Unknown,Unknown,Unknown,1,1,0,1,1853.3515235538773,0,0,1,1
1063,2024,1,2019,2019-09-23,2019-12-06 00:00:00+00:00,Graduated,<=24,0.0,Unknown,Unknown,Unknown,1,1,0,1,832.3755168297921,0,0,1,1
1421,2017,0,2021,2021-08-30,2021-08-31 00:00:00+00:00,Non Graduated,<=24,0.0,Unknown,Unknown,Unknown,0,0,0,0,0.0,0,0,0,0
1421,2018,0,2021,2021-08-30,2021-08-31 00:00:00+00:00,Non Graduated,<=24,0.0,Unknown,Unknown,Unknown,0,0,0,0,0.0,2,1,1,0
1421,2019,0,2021,2021-08-30,2021-08-31 00:00:00+00:00,Non Graduated,<=24,0.0,Unknown,Unknown,Unknown,0,0,0,0,0.0,2,1,1,1
1421,2020,0,2021,2021-08-30,2021-08-31 00:00:00+00:00,Non Graduated,<=24,0.0,Unknown,Unknown,Unknown,0,0,0,0,0.0,0,0,1,1
1421,2021,0,2021,2021-08-30,2021-08-31 00:00:00+00:00,Non Graduated,<=24,0.0,Unknown,Unknown,Unknown,1,0,0,0,0.0,4,1,1,1
1421,2022,0,2021,2021-08-30,2021-08-31 00:00:00+00:00,Non Graduated,<=24,0.0,Unknown,Unknown,Unknown,1,0,0,1,675.1500709555345,0,0,1,1
1421,2023,0,2021,2021-08-30,2021-08-31 00:00:00+00:00,Non Graduated,<=24,0.0,Unknown,Unknown,Unknown,1,0,0,0,0.0,0,0,1,1
1421,2024,0,2021,2021-08-30,2021-08-31 00:00:00+00:00,Non Graduated,<=24,0.0,Unknown,Unknown,Unknown,1,0,0,0,0.0,0,0,1,1
1232,2017,1,2020,2020-08-03,2020-10-16 00:00:00+00:00,Graduated,<=24,0.0,Unknown,Unknown,Unknown,0,0,0,0,0.0,0,0,0,0
1232,2018,1,2020,2020-08-03,2020-10-16 00:00:00+00:00,Graduated,<=24,0.0,Unknown,Unknown,Unknown,0,0,1,1,3157.9193351593544,0,0,0,0
1232,2019,1,2020,2020-08-03,2020-10-16 00:00:00+00:00,Graduated,<=24,0.0,Unknown,Unknown,Unknown,0,0,0,1,4940.161863539918,0,0,0,0
1232,2020,1,2020,2020-08-03,2020-10-16 00:00:00+00:00,Graduated,<=24,0.0,Unknown,Unknown,Unknown,1,1,0,1,9404.139281271038,0,0,0,0
1232,2021,1,2020,2020-08-03,2020-10-16 00:00:00+00:00,Graduated,<=24,0.0,Unknown,Unknown,Unknown,1,1,1,1,33152.967362807205,0,0,0,0
1232,2022,1,2020,2020-08-03,2020-10-16 00:00:00+00:00,Graduated,<=24,0.0,Unknown,Unknown,Unknown,1,1,1,1,49018.900068728486,0,0,0,0
1232,2023,1,2020,2020-08-03,2020-10-16 00:00:00+00:00,Graduated,<=24,0.0,Unknown,Unknown,Unknown,1,1,1,1,54473.64462064009,0,0,0,0
1232,2024,1,2020,2020-08-03,2020-10-16 00:00:00+00:00,Graduated,<=24,0.0,Unknown,Unknown,Unknown,1,1,0,1,38402.93419880798,0,0,0,0
1194,2017,0,2020,2020-06-01,2020-07-01 00:00:00+00:00,Non Graduated,<=24,0.0,Unknown,Unknown,Unknown,0,0,0,0,0.0,3,1,1,0
1194,2018,0,2020,2020-06-01,2020-07-01 00:00:00+00:00,Non Graduated,<=24,0.0,Unknown,Unknown,Unknown,0,0,0,1,679.1325404521666,4,1,1,1
1194,2019,0,2020,2020-06-01,2020-07-01 00:00:00+00:00,Non Graduated,<=24,0.0,Unknown,Unknown,Unknown,0,0,0,0,0.0,3,1,1,1
1194,2020,0,2020,2020-06-01,2020-07-01 00:00:00+00:00,Non Graduated,<=24,0.0,Unknown,Unknown,Unknown,1,0,0,0,0.0,0,0,1,1
1194,2021,0,2020,2020-06-01,2020-07-01 00:00:00+00:00,Non Graduated,<=24,0.0,Unknown,Unknown,Unknown,1,0,0,1,610.2120859965136,6,1,1,1
1194,2022,0,2020,2020-06-01,2020-07-01 00:00:00+00:00,Non Graduated,<=24,0.0,Unknown,Unknown,Unknown,1,0,0,1,3360.992584981691,0,0,1,1
1194,2023,0,2020,2020-06-01,2020-07-01 00:00:00+00:00,Non Graduated,<=24,0.0,Unknown,Unknown,Unknown,1,0,0,0,0.0,0,0,1,1
1194,2024,0,2020,2020-06-01,2020-07-01 00:00:00+00:00,Non Graduated,<=24,0.0,Unknown,Unknown,Unknown,1,0,0,0,0.0,2,1,1,1
1237,2017,1,2020,2020-08-17,2020-11-13 00:00:00+00:00,Graduated,<=24,0.0,Unknown,Unknown,Unknown,0,0,0,0,0.0,0,0,0,0
1237,2018,1,2020,2020-08-17,2020-11-13 00:00:00+00:00,Graduated,<=24,0.0,Unknown,Unknown,Unknown,0,0,0,1,1749.042617808966,0,0,0,0
1237,2019,1,2020,2020-08-17,2020-11-13 00:00:00+00:00,Graduated,<=24,0.0,Unknown,Unknown,Unknown,0,0,1,1,1952.6402132543585,0,0,0,0
1237,2020,1,2020,2020-08-17,2020-11-13 00:00:00+00:00,Graduated,<=24,0.0,Unknown,Unknown,Unknown,1,1,0,1,1598.5676893952566,0,0,0,0
1237,2021,1,2020,2020-08-17,2020-11-13 00:00:00+00:00,Graduated,<=24,0.0,Unknown,Unknown,Unknown,1,1,0,1,2336.5150241446318,2,1,1,0
1237,2022,1,2020,2020-08-17,2020-11-13 00:00:00+00:00,Graduated,<=24,0.0,Unknown,Unknown,Unknown,1,1,1,1,19737.161671050428,0,0,1,1
1237,2023,1,2020,2020-08-17,2020-11-13 00:00:00+00:00,Graduated,<=24,0.0,Unknown,Unknown,Unknown,1,1,1,1,9299.06474435683,0,0,1,1
1237,2024,1,2020,2020-08-17,2020-11-13 00:00:00+00:00,Graduated,<=24,0.0,Unknown,Unknown,Unknown,1,1,0,0,0.0,0,0,1,1
1113,2017,0,2020,2019-12-09,2020-02-06 00:00:00+00:00,Non Graduated,<=24,0.0,Unknown,Unknown,Unknown,0,0,0,0,0.0,0,0,0,0
1113,2018,0,2020,2019-12-09,2020-02-06 00:00:00+00:00,Non Graduated,<=24,0.0,Unknown,Unknown,Unknown,0,0,0,0,0.0,0,0,0,0
1113,2019,0,2020,2019-12-09,2020-02-06 00:00:00+00:00,Non Graduated,<=24,0.0,Unknown,Unknown,Unknown,0,0,0,1,6253.281068739681,0,0,0,0
1113,2020,0,2020,2019-12-09,2020-02-06 00:00:00+00:00,Non Graduated,<=24,0.0,Unknown,Unknown,Unknown,1,0,0,1,26266.12398081265,0,0,0,0
1113,2021,0,2020,2019-12-09,2020-02-06 00:00:00+00:00,Non Graduated,<=24,0.0,Unknown,Unknown,Unknown,1,0,1,1,41303.76920817495,3,1,1,0
1113,2022,0,2020,2019-12-09,2020-02-06 00:00:00+00:00,Non Graduated,<=24,0.0,Unknown,Unknown,Unknown,1,0,1,1,44370.02338486865,0,0,1,1
1113,2023,0,2020,2019-12-09,2020-02-06 00:00:00+00:00,Non Graduated,<=24,0.0,Unknown,Unknown,Unknown,1,0,0,1,49079.34922309145,0,0,1,1
1113,2024,0,2020,2019-12-09,2020-02-06 00:00:00+00:00,Non Graduated,<=24,0.0,Unknown,Unknown,Unknown,1,0,0,1,17199.233587137795,0,0,1,1
1249,2017,1,2020,2020-09-14,2020-12-04 00:00:00+00:00,Graduated,<=24,0.0,Unknown,Unknown,Unknown,0,0,0,0,0.0,0,0,0,0
1249,2018,1,2020,2020-09-14,2020-12-04 00:00:00+00:00,Graduated,<=24,0.0,Unknown,Unknown,Unknown,0,0,0,0,0.0,0,0,0,0
1249,2019,1,2020,2020-09-14,2020-12-04 00:00:00+00:00,Graduated,<=24,0.0,Unknown,Unknown,Unknown,0,0,0,1,3304.7617682062064,0,0,0,0
1249,2020,1,2020,2020-09-14,2020-12-04 00:00:00+00:00,Graduated,<=24,0.0,Unknown,Unknown,Unknown,1,1,0,1,5926.803669474935,0,0,0,0
1249,2021,1,2020,2020-09-14,2020-12-04 00:00:00+00:00,Graduated,<=24,0.0,Unknown,Unknown,Unknown,1,1,0,1,8779.680471268428,0,0,0,0
1249,2022,1,2020,2020-09-14,2020-12-04 00:00:00+00:00,Graduated,<=24,0.0,Unknown,Unknown,Unknown,1,1,0,1,1598.4286328114576,0,0,0,0
1249,2023,1,2020,2020-09-14,2020-12-04 00:00:00+00:00,Graduated,<=24,0.0,Unknown,Unknown,Unknown,1,1,0,1,4252.699455973056,0,0,0,0
1249,2024,1,2020,2020-09-14,2020-12-04 00:00:00+00:00,Graduated,<=24,0.0,Unknown,Unknown,Unknown,1,1,0,0,0.0,0,0,0,0
762,2017,0,2018,2018-04-23,2018-06-12 00:00:00+00:00,Non Graduated,<=24,0.0,Unknown,Unknown,Unknown,0,0,0,1,3708.123377763262,0,0,0,0
762,2018,0,2018,2018-04-23,2018-06-12 00:00:00+00:00,Non Graduated,<=24,0.0,Unknown,Unknown,Unknown,1,0,1,1,8769.508965200444,0,0,0,0
762,2019,0,2018,2018-04-23,2018-06-12 00:00:00+00:00,Non Graduated,<=24,0.0,Unknown,Unknown,Unknown,1,0,1,1,17189.888023404143,0,0,0,0
762,2020,0,2018,2018-04-23,2018-06-12 00:00:00+00:00,Non Graduated,<=24,0.0,Unknown,Unknown,Unknown,1,0,1,1,17531.77413198327,0,0,0,0
762,2021,0,2018,2018-04-23,2018-06-12 00:00:00+00:00,Non Graduated,<=24,0.0,Unknown,Unknown,Unknown,1,0,0,1,6512.606645012347,0,0,0,0
762,2022,0,2018,2018-04-23,2018-06-12 00:00:00+00:00,Non Graduated,<=24,0.0,Unknown,Unknown,Unknown,1,0,1,1,15502.68910861871,0,0,0,0
762,2023,0,2018,2018-04-23,2018-06-12 00:00:00+00:00,Non Graduated,<=24,0.0,Unknown,Unknown,Unknown,1,0,0,1,11700.84462854491,0,0,0,0
762,2024,0,2018,2018-04-23,2018-06-12 00:00:00+00:00,Non Graduated,<=24,0.0,Unknown,Unknown,Unknown,1,0,0,0,0.0,0,0,0,0
1286,2017,1,2021,2020-12-07,2021-03-04 00:00:00+00:00,Graduated,<=24,0.0,Unknown,Unknown,Unknown,0,0,0,1,2795.212865959451,0,0,0,0
1286,2018,1,2021,2020-12-07,2021-03-04 00:00:00+00:00,Graduated,<=24,0.0,Unknown,Unknown,Unknown,0,0,0,1,1202.5583254455707,0,0,0,0
1286,2019,1,2021,2020-12-07,2021-03-04 00:00:00+00:00,Graduated,<=24,0.0,Unknown,Unknown,Unknown,0,0,0,1,1743.968405124691,1,1,1,0
1286,2020,1,2021,2020-12-07,2021-03-04 00:00:00+00:00,Graduated,<=24,0.0,Unknown,Unknown,Unknown,0,0,0,1,431.1552190289258,0,0,1,1
1286,2021,1,2021,2020-12-07,2021-03-04 00:00:00+00:00,Graduated,<=24,0.0,Unknown,Unknown,Unknown,1,1,0,1,14922.318923129325,0,0,1,1
1286,2022,1,2021,2020-12-07,2021-03-04 00:00:00+00:00,Graduated,<=24,0.0,Unknown,Unknown,Unknown,1,1,0,1,4859.135709627047,0,0,1,1
1286,2023,1,2021,2020-12-07,2021-03-04 00:00:00+00:00,Graduated,<=24,0.0,Unknown,Unknown,Unknown,1,1,0,1,5517.52622274663,0,0,1,1
1286,2024,1,2021,2020-12-07,2021-03-04 00:00:00+00:00,Graduated,<=24,0.0,Unknown,Unknown,Unknown,1,1,0,0,0.0,1,1,1,1
993,2017,0,2019,2019-07-01,2019-07-02 00:00:00+00:00,Non Graduated,<=24,0.0,Unknown,Unknown,Unknown,0,0,1,1,9526.635499186581,0,0,0,0
993,2018,0,2019,2019-07-01,2019-07-02 00:00:00+00:00,Non Graduated,<=24,0.0,Unknown,Unknown,Unknown,0,0,0,1,5346.604532501228,0,0,0,0
993,2019,0,2019,2019-07-01,2019-07-02 00:00:00+00:00,Non Graduated,<=24,0.0,Unknown,Unknown,Unknown,1,0,0,1,6505.096261655095,0,0,0,0
993,2020,0,2019,2019-07-01,2019-07-02 00:00:00+00:00,Non Graduated,<=24,0.0,Unknown,Unknown,Unknown,1,0,1,1,16115.742012989922,0,0,0,0
993,2021,0,2019,2019-07-01,2019-07-02 00:00:00+00:00,Non Graduated,<=24,0.0,Unknown,Unknown,Unknown,1,0,1,1,7242.158853455012,0,0,0,0
993,2022,0,2019,2019-07-01,2019-07-02 00:00:00+00:00,Non Graduated,<=24,0.0,Unknown,Unknown,Unknown,1,0,1,1,4421.954670300026,0,0,0,0
993,2023,0,2019,2019-07-01,2019-07-02 00:00:00+00:00,Non Graduated,<=24,0.0,Unknown,Unknown,Unknown,1,0,1,1,7834.330608044807,0,0,0,0
993,2024,0,2019,2019-07-01,2019-07-02 00:00:00+00:00,Non Graduated,<=24,0.0,Unknown,Unknown,Unknown,1,0,0,1,11285.499536234693,0,0,0,0
1315,2017,1,2021,2021-02-22,2021-03-29 00:00:00+00:00,Graduated,<=24,0.0,Unknown,Unknown,Unknown,0,0,0,0,0.0,0,0,0,0
1315,2018,1,2021,2021-02-22,2021-03-29 00:00:00+00:00,Graduated,<=24,0.0,Unknown,Unknown,Unknown,0,0,0,0,0.0,0,0,0,0
1315,2019,1,2021,2021-02-22,2021-03-29 00:00:00+00:00,Graduated,<=24,0.0,Unknown,Unknown,Unknown,0,0,0,0,0.0,0,0,0,0
1315,2020,1,2021,2021-02-22,2021-03-29 00:00:00+00:00,Graduated,<=24,0.0,Unknown,Unknown,Unknown,0,0,0,1,25539.569340606373,0,0,0,0
1315,2021,1,2021,2021-02-22,2021-03-29 00:00:00+00:00,Graduated,<=24,0.0,Unknown,Unknown,Unknown,1,1,1,1,21471.661375647607,0,0,0,0
1315,2022,1,2021,2021-02-22,2021-03-29 00:00:00+00:00,Graduated,<=24,0.0,Unknown,Unknown,Unknown,1,1,1,1,30111.147250211936,0,0,0,0
1315,2023,1,2021,2021-02-22,2021-03-29 00:00:00+00:00,Graduated,<=24,0.0,Unknown,Unknown,Unknown,1,1,1,1,28151.39549580592,0,0,0,0
1315,2024,1,2021,2021-02-22,2021-03-29 00:00:00+00:00,Graduated,<=24,0.0,Unknown,Unknown,Unknown,1,1,0,1,19102.105984679965,0,0,0,0
868,2017,0,2019,2018-11-26,2019-01-25 00:00:00+00:00,Non Graduated,<=24,0.0,Unknown,Unknown,Unknown,0,0,0,1,2563.2607778552997,0,0,0,0
868,2018,0,2019,2018-11-26,2019-01-25 00:00:00+00:00,Non Graduated,<=24,0.0,Unknown,Unknown,Unknown,0,0,0,1,1383.03374668705,0,0,0,0
868,2019,0,2019,2018-11-26,2019-01-25 00:00:00+00:00,Non Graduated,<=24,0.0,Unknown,Unknown,Unknown,1,0,0,1,9719.939454654554,0,0,0,0
868,2020,0,2019,2018-11-26,2019-01-25 00:00:00+00:00,Non Graduated,<=24,0.0,Unknown,Unknown,Unknown,1,0,1,1,21957.054591048945,0,0,0,0
868,2021,0,2019,2018-11-26,2019-01-25 00:00:00+00:00,Non Graduated,<=24,0.0,Unknown,Unknown,Unknown,1,0,1,1,22980.556537301658,0,0,0,0
868,2022,0,2019,2018-11-26,2019-01-25 00:00:00+00:00,Non Graduated,<=24,0.0,Unknown,Unknown,Unknown,1,0,1,1,17982.118177349654,0,0,0,0
868,2023,0,2019,2018-11-26,2019-01-25 00:00:00+00:00,Non Graduated,<=24,0.0,Unknown,Unknown,Unknown,1,0,1,1,43959.56589119303,0,0,0,0
868,2024,0,2019,2018-11-26,2019-01-25 00:00:00+00:00,Non Graduated,<=24,0.0,Unknown,Unknown,Unknown,1,0,0,1,18305.371698849845,0,0,0,0
701,2017,1,2018,2018-01-08,2018-03-05 00:00:00+00:00,Graduated,<=24,0.0,Unknown,Unknown,Unknown,0,0,0,1,1468.6327096246152,0,0,1,1
701,2018,1,2018,2018-01-08,2018-03-05 00:00:00+00:00,Graduated,<=24,0.0,Unknown,Unknown,Unknown,1,1,0,1,6087.8538764788755,0,0,1,1
701,2019,1,2018,2018-01-08,2018-03-05 00:00:00+00:00,Graduated,<=24,0.0,Unknown,Unknown,Unknown,1,1,1,1,8727.235191483665,0,0,1,1
701,2020,1,2018,2018-01-08,2018-03-05 00:00:00+00:00,Graduated,<=24,0.0,Unknown,Unknown,Unknown,1,1,0,0,0.0,0,0,1,1
701,2021,1,2018,2018-01-08,2018-03-05 00:00:00+00:00,Graduated,<=24,0.0,Unknown,Unknown,Unknown,1,1,0,1,2045.6633740073598,0,0,1,1
701,2022,1,2018,2018-01-08,2018-03-05 00:00:00+00:00,Graduated,<=24,0.0,Unknown,Unknown,Unknown,1,1,0,1,9188.606733103567,0,0,1,1
701,2023,1,2018,2018-01-08,2018-03-05 00:00:00+00:00,Graduated,<=24,0.0,Unknown,Unknown,Unknown,1,1,0,1,4840.188338822336,0,0,1,1
701,2024,1,2018,2018-01-08,2018-03-05 00:00:00+00:00,Graduated,<=24,0.0,Unknown,Unknown,Unknown,1,1,0,1,12180.831382142605,0,0,1,1
974,2017,0,2019,2019-05-06,2019-05-31 00:00:00+00:00,Non Graduated,<=24,0.0,Unknown,Unknown,Unknown,0,0,0,0,0.0,0,0,0,0
974,2018,0,2019,2019-05-06,2019-05-31 00:00:00+00:00,Non Graduated,<=24,0.0,Unknown,Unknown,Unknown,0,0,0,1,2533.0377269687024,0,0,0,0
974,2019,0,2019,2019-05-06,2019-05-31 00:00:00+00:00,Non Graduated,<=24,0.0,Unknown,Unknown,Unknown,1,0,0,1,4841.137011176952,0,0,0,0
974,2020,0,2019,2019-05-06,2019-05-31 00:00:00+00:00,Non Graduated,<=24,0.0,Unknown,Unknown,Unknown,1,0,0,1,2225.2483937299885,0,0,0,0
974,2021,0,2019,2019-05-06,2019-05-31 00:00:00+00:00,Non Graduated,<=24,0.0,Unknown,Unknown,Unknown,1,0,0,1,2446.5847510542335,0,0,0,0
974,2022,0,2019,2019-05-06,2019-05-31 00:00:00+00:00,Non Graduated,<=24,0.0,Unknown,Unknown,Unknown,1,0,0,1,3861.0221090831938,0,0,0,0
974,2023,0,2019,2019-05-06,2019-05-31 00:00:00+00:00,Non Graduated,<=24,0.0,Unknown,Unknown,Unknown,1,0,0,0,0.0,0,0,0,0
974,2024,0,2019,2019-05-06,2019-05-31 00:00:00+00:00,Non Graduated,<=24,0.0,Unknown,Unknown,Unknown,1,0,0,0,0.0,0,0,0,0
753,2017,1,2018,2018-04-09,2018-06-22 00:00:00+00:00,Graduated,<=24,0.0,Unknown,Unknown,Unknown,0,0,0,0,0.0,3,1,1,1
753,2018,1,2018,2018-04-09,2018-06-22 00:00:00+00:00,Graduated,<=24,0.0,Unknown,Unknown,Unknown,1,1,0,1,97.56061464353765,0,0,1,1
753,2019,1,2018,2018-04-09,2018-06-22 00:00:00+00:00,Graduated,<=24,0.0,Unknown,Unknown,Unknown,1,1,0,0,0.0,0,0,1,1
753,2020,1,2018,2018-04-09,2018-06-22 00:00:00+00:00,Graduated,<=24,0.0,Unknown,Unknown,Unknown,1,1,0,1,2749.465393332429,0,0,1,1
753,2021,1,2018,2018-04-09,2018-06-22 00:00:00+00:00,Graduated,<=24,0.0,Unknown,Unknown,Unknown,1,1,0,0,0.0,0,0,1,1
753,2022,1,2018,2018-04-09,2018-06-22 00:00:00+00:00,Graduated,<=24,0.0,Unknown,Unknown,Unknown,1,1,1,1,23305.080750618254,0,0,1,1
753,2023,1,2018,2018-04-09,2018-06-22 00:00:00+00:00,Graduated,<=24,0.0,Unknown,Unknown,Unknown,1,1,1,1,30379.89918753976,0,0,1,1
753,2024,1,2018,2018-04-09,2018-06-22 00:00:00+00:00,Graduated,<=24,0.0,Unknown,Unknown,Unknown,1,1,0,1,31539.573561498528,0,0,1,1
975,2017,0,2019,2019-04-29,2019-05-22 00:00:00+00:00,Non Graduated,<=24,0.0,Unknown,Unknown,Unknown,0,0,0,1,1799.4839560142323,0,0,0,0
975,2018,0,2019,2019-04-29,2019-05-22 00:00:00+00:00,Non Graduated,<=24,0.0,Unknown,Unknown,Unknown,0,0,0,1,1576.4185547015877,0,0,0,0
975,2019,0,2019,2019-04-29,2019-05-22 00:00:00+00:00,Non Graduated,<=24,0.0,Unknown,Unknown,Unknown,1,0,0,1,11206.380209500356,0,0,0,0
975,2020,0,2019,2019-04-29,2019-05-22 00:00:00+00:00,Non Graduated,<=24,0.0,Unknown,Unknown,Unknown,1,0,0,1,10800.77359278115,0,0,0,0
975,2021,0,2019,2019-04-29,2019-05-22 00:00:00+00:00,Non Graduated,<=24,0.0,Unknown,Unknown,Unknown,1,0,1,1,11853.70689100095,0,0,0,0
975,2022,0,2019,2019-04-29,2019-05-22 00:00:00+00:00,Non Graduated,<=24,0.0,Unknown,Unknown,Unknown,1,0,1,1,25999.670987910013,0,0,0,0
975,2023,0,2019,2019-04-29,2019-05-22 00:00:00+00:00,Non Graduated,<=24,0.0,Unknown,Unknown,Unknown,1,0,1,1,39717.801799142864,0,0,0,0
975,2024,0,2019,2019-04-29,2019-05-22 00:00:00+00:00,Non Graduated,<=24,0.0,Unknown,Unknown,Unknown,1,0,0,1,14364.041706083237,0,0,0,0
1449,2017,1,2022,2021-10-11,2022-01-19 00:00:00+00:00,Graduated,<=24,0.0,Unknown,Unknown,Unknown,0,0,0,0,0.0,0,0,0,0
1449,2018,1,2022,2021-10-11,2022-01-19 00:00:00+00:00,Graduated,<=24,0.0,Unknown,Unknown,Unknown,0,0,0,0,0.0,0,0,0,0
1449,2019,1,2022,2021-10-11,2022-01-19 00:00:00+00:00,Graduated,<=24,0.0,Unknown,Unknown,Unknown,0,0,0,0,0.0,0,0,0,0
1449,2020,1,2022,2021-10-11,2022-01-19 00:00:00+00:00,Graduated,<=24,0.0,Unknown,Unknown,Unknown,0,0,0,0,0.0,0,0,0,0
1449,2021,1,2022,2021-10-11,2022-01-19 00:00:00+00:00,Graduated,<=24,0.0,Unknown,Unknown,Unknown,0,0,0,1,14265.69646043886,0,0,0,0
1449,2022,1,2022,2021-10-11,2022-01-19 00:00:00+00:00,Graduated,<=24,0.0,Unknown,Unknown,Unknown,1,1,1,1,25649.2662848762,0,0,0,0
1449,2023,1,2022,2021-10-11,2022-01-19 00:00:00+00:00,Graduated,<=24,0.0,Unknown,Unknown,Unknown,1,1,1,1,29653.536209711303,0,0,0,0
1449,2024,1,2022,2021-10-11,2022-01-19 00:00:00+00:00,Graduated,<=24,0.0,Unknown,Unknown,Unknown,1,1,0,0,0.0,0,0,0,0
869,2017,0,2018,2018-10-30,2018-11-14 00:00:00+00:00,Non Graduated,<=24,0.0,Unknown,Unknown,Unknown,0,0,0,1,2003.5183839169592,0,0,0,0
869,2018,0,2018,2018-10-30,2018-11-14 00:00:00+00:00,Non Graduated,<=24,0.0,Unknown,Unknown,Unknown,1,0,0,1,5278.084359936791,0,0,0,0
869,2019,0,2018,2018-10-30,2018-11-14 00:00:00+00:00,Non Graduated,<=24,0.0,Unknown,Unknown,Unknown,1,0,0,1,21981.866422185478,0,0,0,0
869,2020,0,2018,2018-10-30,2018-11-14 00:00:00+00:00,Non Graduated,<=24,0.0,Unknown,Unknown,Unknown,1,0,0,1,9817.69511516046,0,0,0,0
869,2021,0,2018,2018-10-30,2018-11-14 00:00:00+00:00,Non Graduated,<=24,0.0,Unknown,Unknown,Unknown,1,0,0,1,4837.528956033314,0,0,0,0
869,2022,0,2018,2018-10-30,2018-11-14 00:00:00+00:00,Non Graduated,<=24,0.0,Unknown,Unknown,Unknown,1,0,1,1,33710.54484387541,0,0,0,0
869,2023,0,2018,2018-10-30,2018-11-14 00:00:00+00:00,Non Graduated,<=24,0.0,Unknown,Unknown,Unknown,1,0,1,1,35668.71840175001,0,0,0,0
869,2024,0,2018,2018-10-30,2018-11-14 00:00:00+00:00,Non Graduated,<=24,0.0,Unknown,Unknown,Unknown,1,0,0,1,7251.877281389845,0,0,0,0
1222,2017,1,2021,2020-07-17,2021-02-10 00:00:00+00:00,Graduated,<=24,0.0,Unknown,Unknown,Unknown,0,0,0,1,1381.531834628677,0,0,0,0
1222,2018,1,2021,2020-07-17,2021-02-10 00:00:00+00:00,Graduated,<=24,0.0,Unknown,Unknown,Unknown,0,0,0,0,0.0,0,0,0,0
1222,2019,1,2021,2020-07-17,2021-02-10 00:00:00+00:00,Graduated,<=24,0.0,Unknown,Unknown,Unknown,0,0,0,1,1921.2790744307881,0,0,0,0
1222,2020,1,2021,2020-07-17,2021-02-10 00:00:00+00:00,Graduated,<=24,0.0,Unknown,Unknown,Unknown,0,0,0,1,1477.983030935909,0,0,0,0
1222,2021,1,2021,2020-07-17,2021-02-10 00:00:00+00:00,Graduated,<=24,0.0,Unknown,Unknown,Unknown,1,1,0,1,6963.272269658644,0,0,0,0
1222,2022,1,2021,2020-07-17,2021-02-10 00:00:00+00:00,Graduated,<=24,0.0,Unknown,Unknown,Unknown,1,1,0,1,10967.348862852683,0,0,0,0
1222,2023,1,2021,2020-07-17,2021-02-10 00:00:00+00:00,Graduated,<=24,0.0,Unknown,Unknown,Unknown,1,1,1,1,24091.639621447615,0,0,0,0
1222,2024,1,2021,2020-07-17,2021-02-10 00:00:00+00:00,Graduated,<=24,0.0,Unknown,Unknown,Unknown,1,1,0,1,2059.317714930951,0,0,0,0
756,2017,0,2018,2018-04-02,2018-05-15 00:00:00+00:00,Non Graduated,<=24,0.0,Unknown,Unknown,Unknown,0,0,0,0,0.0,0,0,1,1
756,2018,0,2018,2018-04-02,2018-05-15 00:00:00+00:00,Non Graduated,<=24,0.0,Unknown,Unknown,Unknown,1,0,0,1,2096.7832079277014,0,0,1,1
756,2019,0,2018,2018-04-02,2018-05-15 00:00:00+00:00,Non Graduated,<=24,0.0,Unknown,Unknown,Unknown,1,0,0,1,212.03179635377919,0,0,1,1
756,2020,0,2018,2018-04-02,2018-05-15 00:00:00+00:00,Non Graduated,<=24,0.0,Unknown,Unknown,Unknown,1,0,0,0,0.0,0,0,1,1
756,2021,0,2018,2018-04-02,2018-05-15 00:00:00+00:00,Non Graduated,<=24,0.0,Unknown,Unknown,Unknown,1,0,0,1,1264.2705082150637,0,0,1,1
756,2022,0,2018,2018-04-02,2018-05-15 00:00:00+00:00,Non Graduated,<=24,0.0,Unknown,Unknown,Unknown,1,0,1,1,39483.5366481657,0,0,1,1
756,2023,0,2018,2018-04-02,2018-05-15 00:00:00+00:00,Non Graduated,<=24,0.0,Unknown,Unknown,Unknown,1,0,0,1,3665.0127788851696,0,0,1,1
756,2024,0,2018,2018-04-02,2018-05-15 00:00:00+00:00,Non Graduated,<=24,0.0,Unknown,Unknown,Unknown,1,0,0,0,0.0,1,1,1,1
1402,2017,1,2021,2021-08-03,2021-11-12 00:00:00+00:00,Graduated,<=24,0.0,Unknown,Unknown,Unknown,0,0,0,0,0.0,0,0,0,0
1402,2018,1,2021,2021-08-03,2021-11-12 00:00:00+00:00,Graduated,<=24,0.0,Unknown,Unknown,Unknown,0,0,0,1,14256.571416804672,0,0,0,0
1402,2019,1,2021,2021-08-03,2021-11-12 00:00:00+00:00,Graduated,<=24,0.0,Unknown,Unknown,Unknown,0,0,0,1,8822.185834687285,0,0,0,0
1402,2020,1,2021,2021-08-03,2021-11-12 00:00:00+00:00,Graduated,<=24,0.0,Unknown,Unknown,Unknown,0,0,0,1,2159.4749103910112,0,0,0,0
1402,2021,1,2021,2021-08-03,2021-11-12 00:00:00+00:00,Graduated,<=24,0.0,Unknown,Unknown,Unknown,1,1,0,0,0.0,0,0,0,0
1402,2022,1,2021,2021-08-03,2021-11-12 00:00:00+00:00,Graduated,<=24,0.0,Unknown,Unknown,Unknown,1,1,0,1,3321.2456133257865,0,0,0,0
1402,2023,1,2021,2021-08-03,2021-11-12 00:00:00+00:00,Graduated,<=24,0.0,Unknown,Unknown,Unknown,1,1,0,0,0.0,0,0,0,0
1402,2024,1,2021,2021-08-03,2021-11-12 00:00:00+00:00,Graduated,<=24,0.0,Unknown,Unknown,Unknown,1,1,0,1,11350.113621889239,0,0,0,0
1397,2017,0,2021,2021-07-19,2021-09-07 00:00:00+00:00,Non Graduated,<=24,0.0,Unknown,Unknown,Unknown,0,0,0,0,0.0,0,0,0,0
1397,2018,0,2021,2021-07-19,2021-09-07 00:00:00+00:00,Non Graduated,<=24,0.0,Unknown,Unknown,Unknown,0,0,0,0,0.0,0,0,0,0
1397,2019,0,2021,2021-07-19,2021-09-07 00:00:00+00:00,Non Graduated,<=24,0.0,Unknown,Unknown,Unknown,0,0,0,0,0.0,0,0,0,0
1397,2020,0,2021,2021-07-19,2021-09-07 00:00:00+00:00,Non Graduated,<=24,0.0,Unknown,Unknown,Unknown,0,0,0,0,0.0,1,1,1,0
1397,2021,0,2021,2021-07-19,2021-09-07 00:00:00+00:00,Non Graduated,<=24,0.0,Unknown,Unknown,Unknown,1,0,0,1,3705.440247917877,0,0,1,1
1397,2022,0,2021,2021-07-19,2021-09-07 00:00:00+00:00,Non Graduated,<=24,0.0,Unknown,Unknown,Unknown,1,0,1,1,47343.91745509677,0,0,1,1
1397,2023,0,2021,2021-07-19,2021-09-07 00:00:00+00:00,Non Graduated,<=24,0.0,Unknown,Unknown,Unknown,1,0,1,1,27574.420522660068,0,0,1,1
1397,2024,0,2021,2021-07-19,2021-09-07 00:00:00+00:00,Non Graduated,<=24,0.0,Unknown,Unknown,Unknown,1,0,0,1,37461.926654421164,0,0,1,1
937,2017,1,2019,2019-02-25,2019-04-12 00:00:00+00:00,Graduated,<=24,0.0,Unknown,Unknown,Unknown,0,0,0,0,0.0,0,0,0,0
937,2018,1,2019,2019-02-25,2019-04-12 00:00:00+00:00,Graduated,<=24,0.0,Unknown,Unknown,Unknown,0,0,0,1,2007.0135053914094,0,0,0,0
937,2019,1,2019,2019-02-25,2019-04-12 00:00:00+00:00,Graduated,<=24,0.0,Unknown,Unknown,Unknown,1,1,0,1,333.28941531150224,0,0,0,0
937,2020,1,2019,2019-02-25,2019-04-12 00:00:00+00:00,Graduated,<=24,0.0,Unknown,Unknown,Unknown,1,1,0,1,99.1816283439552,6,1,1,0
937,2021,1,2019,2019-02-25,2019-04-12 00:00:00+00:00,Graduated,<=24,0.0,Unknown,Unknown,Unknown,1,1,0,0,0.0,0,0,1,1
937,2022,1,2019,2019-02-25,2019-04-12 00:00:00+00:00,Graduated,<=24,0.0,Unknown,Unknown,Unknown,1,1,0,1,2192.656900302287,0,0,1,1
937,2023,1,2019,2019-02-25,2019-04-12 00:00:00+00:00,Graduated,<=24,0.0,Unknown,Unknown,Unknown,1,1,0,1,8229.405619973848,0,0,1,1
937,2024,1,2019,2019-02-25,2019-04-12 00:00:00+00:00,Graduated,<=24,0.0,Unknown,Unknown,Unknown,1,1,0,1,2835.324382953902,0,0,1,1
745,2017,0,2018,2018-03-26,2018-04-20 00:00:00+00:00,Non Graduated,<=24,0.0,Unknown,Unknown,Unknown,0,0,0,0,0.0,0,0,1,1
745,2018,0,2018,2018-03-26,2018-04-20 00:00:00+00:00,Non Graduated,<=24,0.0,Unknown,Unknown,Unknown,1,0,0,1,4387.74159500549,0,0,1,1
745,2019,0,2018,2018-03-26,2018-04-20 00:00:00+00:00,Non Graduated,<=24,0.0,Unknown,Unknown,Unknown,1,0,0,1,3711.322701436391,1,1,1,1
745,2020,0,2018,2018-03-26,2018-04-20 00:00:00+00:00,Non Graduated,<=24,0.0,Unknown,Unknown,Unknown,1,0,0,0,0.0,3,1,1,1
745,2021,0,2018,2018-03-26,2018-04-20 00:00:00+00:00,Non Graduated,<=24,0.0,Unknown,Unknown,Unknown,1,0,0,1,223.03640097756312,0,0,1,1
745,2022,0,2018,2018-03-26,2018-04-20 00:00:00+00:00,Non Graduated,<=24,0.0,Unknown,Unknown,Unknown,1,0,0,1,9223.498665804156,0,0,1,1
745,2023,0,2018,2018-03-26,2018-04-20 00:00:00+00:00,Non Graduated,<=24,0.0,Unknown,Unknown,Unknown,1,0,0,1,17660.690512003493,0,0,1,1
745,2024,0,2018,2018-03-26,2018-04-20 00:00:00+00:00,Non Graduated,<=24,0.0,Unknown,Unknown,Unknown,1,0,0,1,21560.64567718842,0,0,1,1
958,2017,1,2019,2019-04-15,2019-06-28 00:00:00+00:00,Graduated,<=24,0.0,Unknown,Unknown,Unknown,0,0,0,1,1913.1782873048792,0,0,0,0
958,2018,1,2019,2019-04-15,2019-06-28 00:00:00+00:00,Graduated,<=24,0.0,Unknown,Unknown,Unknown,0,0,0,0,0.0,0,0,0,0
958,2019,1,2019,2019-04-15,2019-06-28 00:00:00+00:00,Graduated,<=24,0.0,Unknown,Unknown,Unknown,1,1,0,1,8209.68260497909,0,0,0,0
958,2020,1,2019,2019-04-15,2019-06-28 00:00:00+00:00,Graduated,<=24,0.0,Unknown,Unknown,Unknown,1,1,0,1,5265.778735861595,0,0,0,0
958,2021,1,2019,2019-04-15,2019-06-28 00:00:00+00:00,Graduated,<=24,0.0,Unknown,Unknown,Unknown,1,1,1,1,34703.52704263835,0,0,0,0
958,2022,1,2019,2019-04-15,2019-06-28 00:00:00+00:00,Graduated,<=24,0.0,Unknown,Unknown,Unknown,1,1,1,1,19092.046287137917,0,0,0,0
958,2023,1,2019,2019-04-15,2019-06-28 00:00:00+00:00,Graduated,<=24,0.0,Unknown,Unknown,Unknown,1,1,1,1,27196.527914498012,0,0,0,0
958,2024,1,2019,2019-04-15,2019-06-28 00:00:00+00:00,Graduated,<=24,0.0,Unknown,Unknown,Unknown,1,1,0,1,34974.94516968619,0,0,0,0
1104,2017,0,2019,2019-11-11,2019-12-18 00:00:00+00:00,Non Graduated,<=24,0.0,Unknown,Unknown,Unknown,0,0,0,0,0.0,0,0,0,0
1104,2018,0,2019,2019-11-11,2019-12-18 00:00:00+00:00,Non Graduated,<=24,0.0,Unknown,Unknown,Unknown,0,0,0,0,0.0,0,0,0,0
1104,2019,0,2019,2019-11-11,2019-12-18 00:00:00+00:00,Non Graduated,<=24,0.0,Unknown,Unknown,Unknown,1,0,0,1,2546.035886899064,0,0,0,0
1104,2020,0,2019,2019-11-11,2019-12-18 00:00:00+00:00,Non Graduated,<=24,0.0,Unknown,Unknown,Unknown,1,0,0,0,0.0,0,0,0,0
1104,2021,0,2019,2019-11-11,2019-12-18 00:00:00+00:00,Non Graduated,<=24,0.0,Unknown,Unknown,Unknown,1,0,0,0,0.0,3,1,1,0
1104,2022,0,2019,2019-11-11,2019-12-18 00:00:00+00:00,Non Graduated,<=24,0.0,Unknown,Unknown,Unknown,1,0,0,1,105.95009460737937,2,1,1,1
1104,2023,0,2019,2019-11-11,2019-12-18 00:00:00+00:00,Non Graduated,<=24,0.0,Unknown,Unknown,Unknown,1,0,0,0,0.0,0,0,1,1
1104,2024,0,2019,2019-11-11,2019-12-18 00:00:00+00:00,Non Graduated,<=24,0.0,Unknown,Unknown,Unknown,1,0,0,0,0.0,0,0,1,1
1450,2017,1,2022,2021-11-01,2022-01-19 00:00:00+00:00,Graduated,<=24,0.0,Unknown,Unknown,Unknown,0,0,0,0,0.0,0,0,0,0
1450,2018,1,2022,2021-11-01,2022-01-19 00:00:00+00:00,Graduated,<=24,0.0,Unknown,Unknown,Unknown,0,0,0,0,0.0,0,0,0,0
1450,2019,1,2022,2021-11-01,2022-01-19 00:00:00+00:00,Graduated,<=24,0.0,Unknown,Unknown,Unknown,0,0,0,0,0.0,0,0,0,0
1450,2020,1,2022,2021-11-01,2022-01-19 00:00:00+00:00,Graduated,<=24,0.0,Unknown,Unknown,Unknown,0,0,0,0,0.0,0,0,0,0
1450,2021,1,2022,2021-11-01,2022-01-19 00:00:00+00:00,Graduated,<=24,0.0,Unknown,Unknown,Unknown,0,0,0,1,2966.8261096182496,0,0,0,0
1450,2022,1,2022,2021-11-01,2022-01-19 00:00:00+00:00,Graduated,<=24,0.0,Unknown,Unknown,Unknown,1,1,1,1,8357.369485109657,0,0,0,0
1450,2023,1,2022,2021-11-01,2022-01-19 00:00:00+00:00,Graduated,<=24,0.0,Unknown,Unknown,Unknown,1,1,1,1,11986.779236636463,0,0,0,0
1450,2024,1,2022,2021-11-01,2022-01-19 00:00:00+00:00,Graduated,<=24,0.0,Unknown,Unknown,Unknown,1,1,0,1,16103.675714636316,0,0,0,0
826,2017,0,2018,2018-08-27,2018-09-27 00:00:00+00:00,Non Graduated,<=24,0.0,Unknown,Unknown,Unknown,0,0,0,0,0.0,0,0,0,0
826,2018,0,2018,2018-08-27,2018-09-27 00:00:00+00:00,Non Graduated,<=24,0.0,Unknown,Unknown,Unknown,1,0,0,1,1676.8107692858819,0,0,0,0
826,2019,0,2018,2018-08-27,2018-09-27 00:00:00+00:00,Non Graduated,<=24,0.0,Unknown,Unknown,Unknown,1,0,0,1,3520.7485690415538,0,0,0,0
826,2020,0,2018,2018-08-27,2018-09-27 00:00:00+00:00,Non Graduated,<=24,0.0,Unknown,Unknown,Unknown,1,0,0,0,0.0,0,0,0,0
826,2021,0,2018,2018-08-27,2018-09-27 00:00:00+00:00,Non Graduated,<=24,0.0,Unknown,Unknown,Unknown,1,0,0,1,63.926980437729995,0,0,0,0
826,2022,0,2018,2018-08-27,2018-09-27 00:00:00+00:00,Non Graduated,<=24,0.0,Unknown,Unknown,Unknown,1,0,0,0,0.0,0,0,0,0
826,2023,0,2018,2018-08-27,2018-09-27 00:00:00+00:00,Non Graduated,<=24,0.0,Unknown,Unknown,Unknown,1,0,0,0,0.0,0,0,0,0
826,2024,0,2018,2018-08-27,2018-09-27 00:00:00+00:00,Non Graduated,<=24,0.0,Unknown,Unknown,Unknown,1,0,0,0,0.0,0,0,0,0
961,2017,1,2019,2019-04-15,2019-06-28 00:00:00+00:00,Graduated,<=24,0.0,Unknown,Unknown,Unknown,0,0,0,0,0.0,0,0,0,0
961,2018,1,2019,2019-04-15,2019-06-28 00:00:00+00:00,Graduated,<=24,0.0,Unknown,Unknown,Unknown,0,0,0,0,0.0,0,0,0,0
961,2019,1,2019,2019-04-15,2019-06-28 00:00:00+00:00,Graduated,<=24,0.0,Unknown,Unknown,Unknown,1,1,0,0,0.0,1,1,1,0
961,2020,1,2019,2019-04-15,2019-06-28 00:00:00+00:00,Graduated,<=24,0.0,Unknown,Unknown,Unknown,1,1,0,1,1619.5085755872676,0,0,1,1
961,2021,1,2019,2019-04-15,2019-06-28 00:00:00+00:00,Graduated,<=24,0.0,Unknown,Unknown,Unknown,1,1,0,1,458.70845797494894,0,0,1,1
961,2022,1,2019,2019-04-15,2019-06-28 00:00:00+00:00,Graduated,<=24,0.0,Unknown,Unknown,Unknown,1,1,0,1,3144.303548290327,0,0,1,1
961,2023,1,2019,2019-04-15,2019-06-28 00:00:00+00:00,Graduated,<=24,0.0,Unknown,Unknown,Unknown,1,1,0,1,2842.000316672895,0,0,1,1
961,2024,1,2019,2019-04-15,2019-06-28 00:00:00+00:00,Graduated,<=24,0.0,Unknown,Unknown,Unknown,1,1,0,0,0.0,0,0,1,1
1163,2017,0,2020,2020-02-26,2020-03-11 00:00:00+00:00,Non Graduated,<=24,0.0,Unknown,Unknown,Unknown,0,0,0,1,1466.8464216930097,0,0,0,0
1163,2018,0,2020,2020-02-26,2020-03-11 00:00:00+00:00,Non Graduated,<=24,0.0,Unknown,Unknown,Unknown,0,0,0,0,0.0,0,0,0,0
1163,2019,0,2020,2020-02-26,2020-03-11 00:00:00+00:00,Non Graduated,<=24,0.0,Unknown,Unknown,Unknown,0,0,0,0,0.0,0,0,0,0
1163,2020,0,2020,2020-02-26,2020-03-11 00:00:00+00:00,Non Graduated,<=24,0.0,Unknown,Unknown,Unknown,1,0,0,0,0.0,0,0,0,0
1163,2021,0,2020,2020-02-26,2020-03-11 00:00:00+00:00,Non Graduated,<=24,0.0,Unknown,Unknown,Unknown,1,0,0,1,988.2251064666661,6,1,1,0
1163,2022,0,2020,2020-02-26,2020-03-11 00:00:00+00:00,Non Graduated,<=24,0.0,Unknown,Unknown,Unknown,1,0,1,1,35848.936258840586,0,0,1,1
1163,2023,0,2020,2020-02-26,2020-03-11 00:00:00+00:00,Non Graduated,<=24,0.0,Unknown,Unknown,Unknown,1,0,0,1,7282.617527424227,0,0,1,1
1163,2024,0,2020,2020-02-26,2020-03-11 00:00:00+00:00,Non Graduated,<=24,0.0,Unknown,Unknown,Unknown,1,0,0,1,134.87897493692608,0,0,1,1
1372,2017,1,2021,2021-06-22,2021-08-27 00:00:00+00:00,Graduated,<=24,0.0,Unknown,Unknown,Unknown,0,0,0,0,0.0,0,0,0,0
1372,2018,1,2021,2021-06-22,2021-08-27 00:00:00+00:00,Graduated,<=24,0.0,Unknown,Unknown,Unknown,0,0,0,0,0.0,0,0,0,0
1372,2019,1,2021,2021-06-22,2021-08-27 00:00:00+00:00,Graduated,<=24,0.0,Unknown,Unknown,Unknown,0,0,0,0,0.0,0,0,0,0
1372,2020,1,2021,2021-06-22,2021-08-27 00:00:00+00:00,Graduated,<=24,0.0,Unknown,Unknown,Unknown,0,0,0,0,0.0,0,0,0,0
1372,2021,1,2021,2021-06-22,2021-08-27 00:00:00+00:00,Graduated,<=24,0.0,Unknown,Unknown,Unknown,1,1,0,1,2186.3027309703657,0,0,0,0
1372,2022,1,2021,2021-06-22,2021-08-27 00:00:00+00:00,Graduated,<=24,0.0,Unknown,Unknown,Unknown,1,1,0,1,4204.330128049676,0,0,0,0
1372,2023,1,2021,2021-06-22,2021-08-27 00:00:00+00:00,Graduated,<=24,0.0,Unknown,Unknown,Unknown,1,1,0,0,0.0,0,0,0,0
1372,2024,1,2021,2021-06-22,2021-08-27 00:00:00+00:00,Graduated,<=24,0.0,Unknown,Unknown,Unknown,1,1,0,0,0.0,0,0,0,0
1218,2017,0,2020,2020-07-17,2020-08-03 00:00:00+00:00,Non Graduated,<=24,0.0,Unknown,Unknown,Unknown,0,0,1,1,8476.771024110656,0,0,0,0
1218,2018,0,2020,2020-07-17,2020-08-03 00:00:00+00:00,Non Graduated,<=24,0.0,Unknown,Unknown,Unknown,0,0,0,1,174.8939199726972,0,0,0,0
1218,2019,0,2020,2020-07-17,2020-08-03 00:00:00+00:00,Non Graduated,<=24,0.0,Unknown,Unknown,Unknown,0,0,0,0,0.0,0,0,0,0
1218,2020,0,2020,2020-07-17,2020-08-03 00:00:00+00:00,Non Graduated,<=24,0.0,Unknown,Unknown,Unknown,1,0,0,1,531.3252726668079,0,0,0,0
1218,2021,0,2020,2020-07-17,2020-08-03 00:00:00+00:00,Non Graduated,<=24,0.0,Unknown,Unknown,Unknown,1,0,0,1,3174.2651559171027,0,0,0,0
1218,2022,0,2020,2020-07-17,2020-08-03 00:00:00+00:00,Non Graduated,<=24,0.0,Unknown,Unknown,Unknown,1,0,1,1,9251.614578461456,0,0,0,0
1218,2023,0,2020,2020-07-17,2020-08-03 00:00:00+00:00,Non Graduated,<=24,0.0,Unknown,Unknown,Unknown,1,0,0,1,3351.5764583120013,2,1,1,0
1218,2024,0,2020,2020-07-17,2020-08-03 00:00:00+00:00,Non Graduated,<=24,0.0,Unknown,Unknown,Unknown,1,0,0,1,6632.520061256523,0,0,1,1
713,2017,1,2018,2018-01-22,2018-04-06 00:00:00+00:00,Graduated,<=24,0.0,Unknown,Unknown,Unknown,0,0,0,0,0.0,0,0,0,0
713,2018,1,2018,2018-01-22,2018-04-06 00:00:00+00:00,Graduated,<=24,0.0,Unknown,Unknown,Unknown,1,1,0,1,1305.3326911671634,0,0,0,0
713,2019,1,2018,2018-01-22,2018-04-06 00:00:00+00:00,Graduated,<=24,0.0,Unknown,Unknown,Unknown,1,1,0,1,10101.034866367263,0,0,0,0
713,2020,1,2018,2018-01-22,2018-04-06 00:00:00+00:00,Graduated,<=24,0.0,Unknown,Unknown,Unknown,1,1,0,1,6918.289706445319,0,0,0,0
713,2021,1,2018,2018-01-22,2018-04-06 00:00:00+00:00,Graduated,<=24,0.0,Unknown,Unknown,Unknown,1,1,0,0,0.0,0,0,0,0
713,2022,1,2018,2018-01-22,2018-04-06 00:00:00+00:00,Graduated,<=24,0.0,Unknown,Unknown,Unknown,1,1,1,1,10074.903750207875,0,0,0,0
713,2023,1,2018,2018-01-22,2018-04-06 00:00:00+00:00,Graduated,<=24,0.0,Unknown,Unknown,Unknown,1,1,1,1,30056.112071996125,0,0,0,0
713,2024,1,2018,2018-01-22,2018-04-06 00:00:00+00:00,Graduated,<=24,0.0,Unknown,Unknown,Unknown,1,1,0,1,29414.736433666887,0,0,0,0
1178,2017,0,2020,2020-03-16,2020-03-20 00:00:00+00:00,Non Graduated,<=24,0.0,Unknown,Unknown,Unknown,0,0,0,0,0.0,0,0,0,0
1178,2018,0,2020,2020-03-16,2020-03-20 00:00:00+00:00,Non Graduated,<=24,0.0,Unknown,Unknown,Unknown,0,0,0,0,0.0,0,0,0,0
1178,2019,0,2020,2020-03-16,2020-03-20 00:00:00+00:00,Non Graduated,<=24,0.0,Unknown,Unknown,Unknown,0,0,0,0,0.0,0,0,0,0
1178,2020,0,2020,2020-03-16,2020-03-20 00:00:00+00:00,Non Graduated,<=24,0.0,Unknown,Unknown,Unknown,1,0,0,0,0.0,0,0,0,0
1178,2021,0,2020,2020-03-16,2020-03-20 00:00:00+00:00,Non Graduated,<=24,0.0,Unknown,Unknown,Unknown,1,0,0,1,1093.713260408692,0,0,0,0
1178,2022,0,2020,2020-03-16,2020-03-20 00:00:00+00:00,Non Graduated,<=24,0.0,Unknown,Unknown,Unknown,1,0,0,1,6067.683149569573,0,0,0,0
1178,2023,0,2020,2020-03-16,2020-03-20 00:00:00+00:00,Non Graduated,<=24,0.0,Unknown,Unknown,Unknown,1,0,0,0,0.0,0,0,0,0
1178,2024,0,2020,2020-03-16,2020-03-20 00:00:00+00:00,Non Graduated,<=24,0.0,Unknown,Unknown,Unknown,1,0,0,0,0.0,0,0,0,0
1344,2017,1,2021,2021-04-19,2021-07-13 00:00:00+00:00,Graduated,<=24,0.0,Unknown,Unknown,Unknown,0,0,0,0,0.0,0,0,0,0
1344,2018,1,2021,2021-04-19,2021-07-13 00:00:00+00:00,Graduated,<=24,0.0,Unknown,Unknown,Unknown,0,0,0,0,0.0,0,0,0,0
1344,2019,1,2021,2021-04-19,2021-07-13 00:00:00+00:00,Graduated,<=24,0.0,Unknown,Unknown,Unknown,0,0,0,0,0.0,0,0,0,0
1344,2020,1,2021,2021-04-19,2021-07-13 00:00:00+00:00,Graduated,<=24,0.0,Unknown,Unknown,Unknown,0,0,0,0,0.0,0,0,0,0
1344,2021,1,2021,2021-04-19,2021-07-13 00:00:00+00:00,Graduated,<=24,0.0,Unknown,Unknown,Unknown,1,1,0,0,0.0,0,0,0,0
1344,2022,1,2021,2021-04-19,2021-07-13 00:00:00+00:00,Graduated,<=24,0.0,Unknown,Unknown,Unknown,1,1,0,1,7234.349079176945,0,0,0,0
1344,2023,1,2021,2021-04-19,2021-07-13 00:00:00+00:00,Graduated,<=24,0.0,Unknown,Unknown,Unknown,1,1,0,1,31859.459400249405,0,0,0,0
1344,2024,1,2021,2021-04-19,2021-07-13 00:00:00+00:00,Graduated,<=24,0.0,Unknown,Unknown,Unknown,1,1,0,1,38909.85853114648,0,0,0,0
982,2017,0,2019,2019-06-03,2019-06-11 00:00:00+00:00,Non Graduated,25-34,0.0,Unknown,Unknown,Unknown,0,0,0,0,0.0,0,0,0,0
982,2018,0,2019,2019-06-03,2019-06-11 00:00:00+00:00,Non Graduated,25-34,0.0,Unknown,Unknown,Unknown,0,0,0,0,0.0,0,0,0,0
982,2019,0,2019,2019-06-03,2019-06-11 00:00:00+00:00,Non Graduated,25-34,0.0,Unknown,Unknown,Unknown,1,0,0,0,0.0,0,0,0,0
982,2020,0,2019,2019-06-03,2019-06-11 00:00:00+00:00,Non Graduated,25-34,0.0,Unknown,Unknown,Unknown,1,0,0,0,0.0,0,0,0,0
982,2021,0,2019,2019-06-03,2019-06-11 00:00:00+00:00,Non Graduated,25-34,0.0,Unknown,Unknown,Unknown,1,0,0,0,0.0,0,0,0,0
982,2022,0,2019,2019-06-03,2019-06-11 00:00:00+00:00,Non Graduated,25-34,0.0,Unknown,Unknown,Unknown,1,0,0,0,0.0,0,0,0,0
982,2023,0,2019,2019-06-03,2019-06-11 00:00:00+00:00,Non Graduated,25-34,0.0,Unknown,Unknown,Unknown,1,0,0,0,0.0,0,0,0,0
982,2024,0,2019,2019-06-03,2019-06-11 00:00:00+00:00,Non Graduated,25-34,0.0,Unknown,Unknown,Unknown,1,0,0,0,0.0,0,0,0,0
768,2017,1,2018,2018-05-07,2018-07-13 00:00:00+00:00,Graduated,25-34,0.0,Unknown,Unknown,Unknown,0,0,0,0,0.0,0,0,0,0
768,2018,1,2018,2018-05-07,2018-07-13 00:00:00+00:00,Graduated,25-34,0.0,Unknown,Unknown,Unknown,1,1,0,0,0.0,0,0,0,0
768,2019,1,2018,2018-05-07,2018-07-13 00:00:00+00:00,Graduated,25-34,0.0,Unknown,Unknown,Unknown,1,1,0,0,0.0,0,0,0,0
768,2020,1,2018,2018-05-07,2018-07-13 00:00:00+00:00,Graduated,25-34,0.0,Unknown,Unknown,Unknown,1,1,0,0,0.0,0,0,0,0
768,2021,1,2018,2018-05-07,2018-07-13 00:00:00+00:00,Graduated,25-34,0.0,Unknown,Unknown,Unknown,1,1,0,0,0.0,0,0,0,0
768,2022,1,2018,2018-05-07,2018-07-13 00:00:00+00:00,Graduated,25-34,0.0,Unknown,Unknown,Unknown,1,1,0,0,0.0,0,0,0,0
768,2023,1,2018,2018-05-07,2018-07-13 00:00:00+00:00,Graduated,25-34,0.0,Unknown,Unknown,Unknown,1,1,0,0,0.0,0,0,0,0
768,2024,1,2018,2018-05-07,2018-07-13 00:00:00+00:00,Graduated,25-34,0.0,Unknown,Unknown,Unknown,1,1,0,0,0.0,0,0,0,0
1106,2017,0,2019,2019-11-11,2019-11-15 00:00:00+00:00,Non Graduated,25-34,0.0,Unknown,Unknown,Unknown,0,0,0,0,0.0,0,0,0,0
1106,2018,0,2019,2019-11-11,2019-11-15 00:00:00+00:00,Non Graduated,25-34,0.0,Unknown,Unknown,Unknown,0,0,0,0,0.0,0,0,0,0
1106,2019,0,2019,2019-11-11,2019-11-15 00:00:00+00:00,Non Graduated,25-34,0.0,Unknown,Unknown,Unknown,1,0,0,0,0.0,0,0,0,0
1106,2020,0,2019,2019-11-11,2019-11-15 00:00:00+00:00,Non Graduated,25-34,0.0,Unknown,Unknown,Unknown,1,0,0,0,0.0,0,0,0,0
1106,2021,0,2019,2019-11-11,2019-11-15 00:00:00+00:00,Non Graduated,25-34,0.0,Unknown,Unknown,Unknown,1,0,0,0,0.0,0,0,0,0
1106,2022,0,2019,2019-11-11,2019-11-15 00:00:00+00:00,Non Graduated,25-34,0.0,Unknown,Unknown,Unknown,1,0,0,0,0.0,0,0,0,0
1106,2023,0,2019,2019-11-11,2019-11-15 00:00:00+00:00,Non Graduated,25-34,0.0,Unknown,Unknown,Unknown,1,0,0,0,0.0,0,0,0,0
1106,2024,0,2019,2019-11-11,2019-11-15 00:00:00+00:00,Non Graduated,25-34,0.0,Unknown,Unknown,Unknown,1,0,0,0,0.0,0,0,0,0
11,2017,1,2018,2018-01-01,2018-01-02 00:00:00+00:00,Graduated,25-34,0.0,Unknown,Unknown,Unknown,0,0,0,0,0.0,0,0,0,0
11,2018,1,2018,2018-01-01,2018-01-02 00:00:00+00:00,Graduated,25-34,0.0,Unknown,Unknown,Unknown,1,1,0,0,0.0,0,0,0,0
11,2019,1,2018,2018-01-01,2018-01-02 00:00:00+00:00,Graduated,25-34,0.0,Unknown,Unknown,Unknown,1,1,0,0,0.0,0,0,0,0
11,2020,1,2018,2018-01-01,2018-01-02 00:00:00+00:00,Graduated,25-34,0.0,Unknown,Unknown,Unknown,1,1,0,0,0.0,0,0,0,0
11,2021,1,2018,2018-01-01,2018-01-02 00:00:00+00:00,Graduated,25-34,0.0,Unknown,Unknown,Unknown,1,1,0,0,0.0,0,0,0,0
11,2022,1,2018,2018-01-01,2018-01-02 00:00:00+00:00,Graduated,25-34,0.0,Unknown,Unknown,Unknown,1,1,0,0,0.0,0,0,0,0
11,2023,1,2018,2018-01-01,2018-01-02 00:00:00+00:00,Graduated,25-34,0.0,Unknown,Unknown,Unknown,1,1,0,0,0.0,0,0,0,0
11,2024,1,2018,2018-01-01,2018-01-02 00:00:00+00:00,Graduated,25-34,0.0,Unknown,Unknown,Unknown,1,1,0,0,0.0,0,0,0,0
1300,2017,0,2021,2021-02-15,2021-03-09 00:00:00+00:00,Non Graduated,25-34,0.0,Unknown,Unknown,Unknown,0,0,0,0,0.0,0,0,0,0
1300,2018,0,2021,2021-02-15,2021-03-09 00:00:00+00:00,Non Graduated,25-34,0.0,Unknown,Unknown,Unknown,0,0,0,0,0.0,0,0,0,0
1300,2019,0,2021,2021-02-15,2021-03-09 00:00:00+00:00,Non Graduated,25-34,0.0,Unknown,Unknown,Unknown,0,0,0,0,0.0,0,0,0,0
1300,2020,0,2021,2021-02-15,2021-03-09 00:00:00+00:00,Non Graduated,25-34,0.0,Unknown,Unknown,Unknown,0,0,0,0,0.0,0,0,0,0
1300,2021,0,2021,2021-02-15,2021-03-09 00:00:00+00:00,Non Graduated,25-34,0.0,Unknown,Unknown,Unknown,1,0,0,0,0.0,0,0,0,0
1300,2022,0,2021,2021-02-15,2021-03-09 00:00:00+00:00,Non Graduated,25-34,0.0,Unknown,Unknown,Unknown,1,0,0,0,0.0,0,0,0,0
1300,2023,0,2021,2021-02-15,2021-03-09 00:00:00+00:00,Non Graduated,25-34,0.0,Unknown,Unknown,Unknown,1,0,0,0,0.0,0,0,0,0
1300,2024,0,2021,2021-02-15,2021-03-09 00:00:00+00:00,Non Graduated,25-34,0.0,Unknown,Unknown,Unknown,1,0,0,0,0.0,0,0,0,0
876,2017,1,2019,2018-11-12,2019-01-25 00:00:00+00:00,Graduated,25-34,0.0,Unknown,Unknown,Unknown,0,0,0,0,0.0,0,0,0,0
876,2018,1,2019,2018-11-12,2019-01-25 00:00:00+00:00,Graduated,25-34,0.0,Unknown,Unknown,Unknown,0,0,0,0,0.0,0,0,0,0
876,2019,1,2019,2018-11-12,2019-01-25 00:00:00+00:00,Graduated,25-34,0.0,Unknown,Unknown,Unknown,1,1,0,0,0.0,0,0,0,0
876,2020,1,2019,2018-11-12,2019-01-25 00:00:00+00:00,Graduated,25-34,0.0,Unknown,Unknown,Unknown,1,1,0,0,0.0,0,0,0,0
876,2021,1,2019,2018-11-12,2019-01-25 00:00:00+00:00,Graduated,25-34,0.0,Unknown,Unknown,Unknown,1,1,0,0,0.0,0,0,0,0
876,2022,1,2019,2018-11-12,2019-01-25 00:00:00+00:00,Graduated,25-34,0.0,Unknown,Unknown,Unknown,1,1,0,0,0.0,0,0,0,0
876,2023,1,2019,2018-11-12,2019-01-25 00:00:00+00:00,Graduated,25-34,0.0,Unknown,Unknown,Unknown,1,1,0,0,0.0,0,0,0,0
876,2024,1,2019,2018-11-12,2019-01-25 00:00:00+00:00,Graduated,25-34,0.0,Unknown,Unknown,Unknown,1,1,0,0,0.0,0,0,0,0
734,2017,0,2018,2018-03-05,2018-03-29 00:00:00+00:00,Non Graduated,<=24,0.0,Unknown,Unknown,Unknown,0,0,0,0,0.0,0,0,0,0
734,2018,0,2018,2018-03-05,2018-03-29 00:00:00+00:00,Non Graduated,<=24,0.0,Unknown,Unknown,Unknown,1,0,0,0,0.0,0,0,0,0
734,2019,0,2018,2018-03-05,2018-03-29 00:00:00+00:00,Non Graduated,<=24,0.0,Unknown,Unknown,Unknown,1,0,0,0,0.0,0,0,0,0
734,2020,0,2018,2018-03-05,2018-03-29 00:00:00+00:00,Non Graduated,<=24,0.0,Unknown,Unknown,Unknown,1,0,0,0,0.0,0,0,0,0
734,2021,0,2018,2018-03-05,2018-03-29 00:00:00+00:00,Non Graduated,<=24,0.0,Unknown,Unknown,Unknown,1,0,0,0,0.0,0,0,0,0
734,2022,0,2018,2018-03-05,2018-03-29 00:00:00+00:00,Non Graduated,<=24,0.0,Unknown,Unknown,Unknown,1,0,0,0,0.0,0,0,0,0
734,2023,0,2018,2018-03-05,2018-03-29 00:00:00+00:00,Non Graduated,<=24,0.0,Unknown,Unknown,Unknown,1,0,0,0,0.0,0,0,0,0
734,2024,0,2018,2018-03-05,2018-03-29 00:00:00+00:00,Non Graduated,<=24,0.0,Unknown,Unknown,Unknown,1,0,0,0,0.0,0,0,0,0
1072,2017,1,2019,2019-09-30,2019-12-13 00:00:00+00:00,Graduated,<=24,0.0,Unknown,Unknown,Unknown,0,0,0,0,0.0,0,0,0,0
1072,2018,1,2019,2019-09-30,2019-12-13 00:00:00+00:00,Graduated,<=24,0.0,Unknown,Unknown,Unknown,0,0,0,0,0.0,0,0,0,0
1072,2019,1,2019,2019-09-30,2019-12-13 00:00:00+00:00,Graduated,<=24,0.0,Unknown,Unknown,Unknown,1,1,0,0,0.0,0,0,0,0
1072,2020,1,2019,2019-09-30,2019-12-13 00:00:00+00:00,Graduated,<=24,0.0,Unknown,Unknown,Unknown,1,1,0,0,0.0,0,0,0,0
1072,2021,1,2019,2019-09-30,2019-12-13 00:00:00+00:00,Graduated,<=24,0.0,Unknown,Unknown,Unknown,1,1,0,0,0.0,0,0,0,0
1072,2022,1,2019,2019-09-30,2019-12-13 00:00:00+00:00,Graduated,<=24,0.0,Unknown,Unknown,Unknown,1,1,0,0,0.0,0,0,0,0
1072,2023,1,2019,2019-09-30,2019-12-13 00:00:00+00:00,Graduated,<=24,0.0,Unknown,Unknown,Unknown,1,1,0,0,0.0,0,0,0,0
1072,2024,1,2019,2019-09-30,2019-12-13 00:00:00+00:00,Graduated,<=24,0.0,Unknown,Unknown,Unknown,1,1,0,0,0.0,0,0,0,0
1211,2017,0,2020,2020-07-06,2020-07-21 00:00:00+00:00,Non Graduated,<=24,0.0,Unknown,Unknown,Unknown,0,0,0,0,0.0,0,0,0,0
1211,2018,0,2020,2020-07-06,2020-07-21 00:00:00+00:00,Non Graduated,<=24,0.0,Unknown,Unknown,Unknown,0,0,0,0,0.0,0,0,0,0
1211,2019,0,2020,2020-07-06,2020-07-21 00:00:00+00:00,Non Graduated,<=24,0.0,Unknown,Unknown,Unknown,0,0,0,0,0.0,0,0,0,0
1211,2020,0,2020,2020-07-06,2020-07-21 00:00:00+00:00,Non Graduated,<=24,0.0,Unknown,Unknown,Unknown,1,0,0,0,0.0,0,0,0,0
1211,2021,0,2020,2020-07-06,2020-07-21 00:00:00+00:00,Non Graduated,<=24,0.0,Unknown,Unknown,Unknown,1,0,0,0,0.0,0,0,0,0
1211,2022,0,2020,2020-07-06,2020-07-21 00:00:00+00:00,Non Graduated,<=24,0.0,Unknown,Unknown,Unknown,1,0,0,0,0.0,0,0,0,0
1211,2023,0,2020,2020-07-06,2020-07-21 00:00:00+00:00,Non Graduated,<=24,0.0,Unknown,Unknown,Unknown,1,0,0,0,0.0,0,0,0,0
1211,2024,0,2020,2020-07-06,2020-07-21 00:00:00+00:00,Non Graduated,<=24,0.0,Unknown,Unknown,Unknown,1,0,0,0,0.0,0,0,0,0
1285,2017,1,2021,2020-12-07,2021-01-22 00:00:00+00:00,Graduated,<=24,0.0,Unknown,Unknown,Unknown,0,0,0,0,0.0,0,0,0,0
1285,2018,1,2021,2020-12-07,2021-01-22 00:00:00+00:00,Graduated,<=24,0.0,Unknown,Unknown,Unknown,0,0,0,0,0.0,0,0,0,0
1285,2019,1,2021,2020-12-07,2021-01-22 00:00:00+00:00,Graduated,<=24,0.0,Unknown,Unknown,Unknown,0,0,0,0,0.0,0,0,0,0
1285,2020,1,2021,2020-12-07,2021-01-22 00:00:00+00:00,Graduated,<=24,0.0,Unknown,Unknown,Unknown,0,0,0,0,0.0,0,0,0,0
1285,2021,1,2021,2020-12-07,2021-01-22 00:00:00+00:00,Graduated,<=24,0.0,Unknown,Unknown,Unknown,1,1,0,0,0.0,0,0,0,0
1285,2022,1,2021,2020-12-07,2021-01-22 00:00:00+00:00,Graduated,<=24,0.0,Unknown,Unknown,Unknown,1,1,0,0,0.0,0,0,0,0
1285,2023,1,2021,2020-12-07,2021-01-22 00:00:00+00:00,Graduated,<=24,0.0,Unknown,Unknown,Unknown,1,1,0,0,0.0,0,0,0,0
1285,2024,1,2021,2020-12-07,2021-01-22 00:00:00+00:00,Graduated,<=24,0.0,Unknown,Unknown,Unknown,1,1,0,0,0.0,0,0,0,0
1273,2017,0,2020,2020-11-16,2020-12-08 00:00:00+00:00,Non Graduated,<=24,0.0,Unknown,Unknown,Unknown,0,0,0,0,0.0,0,0,0,0
1273,2018,0,2020,2020-11-16,2020-12-08 00:00:00+00:00,Non Graduated,<=24,0.0,Unknown,Unknown,Unknown,0,0,0,0,0.0,0,0,0,0
1273,2019,0,2020,2020-11-16,2020-12-08 00:00:00+00:00,Non Graduated,<=24,0.0,Unknown,Unknown,Unknown,0,0,0,0,0.0,0,0,0,0
1273,2020,0,2020,2020-11-16,2020-12-08 00:00:00+00:00,Non Graduated,<=24,0.0,Unknown,Unknown,Unknown,1,0,0,0,0.0,0,0,0,0
1273,2021,0,2020,2020-11-16,2020-12-08 00:00:00+00:00,Non Graduated,<=24,0.0,Unknown,Unknown,Unknown,1,0,0,0,0.0,0,0,0,0
1273,2022,0,2020,2020-11-16,2020-12-08 00:00:00+00:00,Non Graduated,<=24,0.0,Unknown,Unknown,Unknown,1,0,0,0,0.0,0,0,0,0
1273,2023,0,2020,2020-11-16,2020-12-08 00:00:00+00:00,Non Graduated,<=24,0.0,Unknown,Unknown,Unknown,1,0,0,0,0.0,0,0,0,0
1273,2024,0,2020,2020-11-16,2020-12-08 00:00:00+00:00,Non Graduated,<=24,0.0,Unknown,Unknown,Unknown,1,0,0,0,0.0,0,0,0,0
1366,2017,1,2021,2021-05-17,2021-10-15 00:00:00+00:00,Graduated,<=24,0.0,Unknown,Unknown,Unknown,0,0,0,0,0.0,0,0,0,0
1366,2018,1,2021,2021-05-17,2021-10-15 00:00:00+00:00,Graduated,<=24,0.0,Unknown,Unknown,Unknown,0,0,0,0,0.0,0,0,0,0
1366,2019,1,2021,2021-05-17,2021-10-15 00:00:00+00:00,Graduated,<=24,0.0,Unknown,Unknown,Unknown,0,0,0,0,0.0,0,0,0,0
1366,2020,1,2021,2021-05-17,2021-10-15 00:00:00+00:00,Graduated,<=24,0.0,Unknown,Unknown,Unknown,0,0,0,0,0.0,0,0,0,0
1366,2021,1,2021,2021-05-17,2021-10-15 00:00:00+00:00,Graduated,<=24,0.0,Unknown,Unknown,Unknown,1,1,0,0,0.0,0,0,0,0
1366,2022,1,2021,2021-05-17,2021-10-15 00:00:00+00:00,Graduated,<=24,0.0,Unknown,Unknown,Unknown,1,1,0,0,0.0,0,0,0,0
1366,2023,1,2021,2021-05-17,2021-10-15 00:00:00+00:00,Graduated,<=24,0.0,Unknown,Unknown,Unknown,1,1,0,0,0.0,0,0,0,0
1366,2024,1,2021,2021-05-17,2021-10-15 00:00:00+00:00,Graduated,<=24,0.0,Unknown,Unknown,Unknown,1,1,0,0,0.0,0,0,0,0
915,2017,0,2019,2019-05-20,2019-05-22 00:00:00+00:00,Non Graduated,<=24,0.0,Unknown,Unknown,Unknown,0,0,0,0,0.0,0,0,0,0
915,2018,0,2019,2019-05-20,2019-05-22 00:00:00+00:00,Non Graduated,<=24,0.0,Unknown,Unknown,Unknown,0,0,0,0,0.0,0,0,0,0
915,2019,0,2019,2019-05-20,2019-05-22 00:00:00+00:00,Non Graduated,<=24,0.0,Unknown,Unknown,Unknown,1,0,0,1,21740.915545558524,0,0,0,0
915,2020,0,2019,2019-05-20,2019-05-22 00:00:00+00:00,Non Graduated,<=24,0.0,Unknown,Unknown,Unknown,1,0,0,1,13061.384925262917,0,0,0,0
915,2021,0,2019,2019-05-20,2019-05-22 00:00:00+00:00,Non Graduated,<=24,0.0,Unknown,Unknown,Unknown,1,0,0,1,8568.25834404379,0,0,0,0
915,2022,0,2019,2019-05-20,2019-05-22 00:00:00+00:00,Non Graduated,<=24,0.0,Unknown,Unknown,Unknown,1,0,0,1,17277.759972610733,0,0,0,0
915,2023,0,2019,2019-05-20,2019-05-22 00:00:00+00:00,Non Graduated,<=24,0.0,Unknown,Unknown,Unknown,1,0,0,1,25444.3311547527,0,0,0,0
915,2024,0,2019,2019-05-20,2019-05-22 00:00:00+00:00,Non Graduated,<=24,0.0,Unknown,Unknown,Unknown,1,0,0,1,24050.725659756143,0,0,0,0
1008,2017,1,2019,2019-06-17,2019-08-30 00:00:00+00:00,Graduated,<=24,0.0,Unknown,Unknown,Unknown,0,0,0,0,0.0,0,0,0,0
1008,2018,1,2019,2019-06-17,2019-08-30 00:00:00+00:00,Graduated,<=24,0.0,Unknown,Unknown,Unknown,0,0,0,0,0.0,0,0,0,0
1008,2019,1,2019,2019-06-17,2019-08-30 00:00:00+00:00,Graduated,<=24,0.0,Unknown,Unknown,Unknown,1,1,0,0,0.0,0,0,0,0
1008,2020,1,2019,2019-06-17,2019-08-30 00:00:00+00:00,Graduated,<=24,0.0,Unknown,Unknown,Unknown,1,1,0,0,0.0,0,0,0,0
1008,2021,1,2019,2019-06-17,2019-08-30 00:00:00+00:00,Graduated,<=24,0.0,Unknown,Unknown,Unknown,1,1,0,0,0.0,0,0,0,0
1008,2022,1,2019,2019-06-17,2019-08-30 00:00:00+00:00,Graduated,<=24,0.0,Unknown,Unknown,Unknown,1,1,0,0,0.0,0,0,0,0
1008,2023,1,2019,2019-06-17,2019-08-30 00:00:00+00:00,Graduated,<=24,0.0,Unknown,Unknown,Unknown,1,1,0,0,0.0,0,0,0,0
1008,2024,1,2019,2019-06-17,2019-08-30 00:00:00+00:00,Graduated,<=24,0.0,Unknown,Unknown,Unknown,1,1,0,0,0.0,0,0,0,0
894,2017,0,2019,2018-12-17,2019-01-07 00:00:00+00:00,Non Graduated,25-34,0.0,Unknown,Unknown,Unknown,0,0,0,1,1791.499955202226,4,1,1,0
894,2018,0,2019,2018-12-17,2019-01-07 00:00:00+00:00,Non Graduated,25-34,0.0,Unknown,Unknown,Unknown,0,0,0,1,4173.940117568066,6,1,1,1
894,2019,0,2019,2018-12-17,2019-01-07 00:00:00+00:00,Non Graduated,25-34,0.0,Unknown,Unknown,Unknown,1,0,0,1,7846.460941843158,1,1,1,1
894,2020,0,2019,2018-12-17,2019-01-07 00:00:00+00:00,Non Graduated,25-34,0.0,Unknown,Unknown,Unknown,1,0,0,1,639.0309978110531,0,0,1,1
894,2021,0,2019,2018-12-17,2019-01-07 00:00:00+00:00,Non Graduated,25-34,0.0,Unknown,Unknown,Unknown,1,0,0,1,807.8045709858609,0,0,1,1
894,2022,0,2019,2018-12-17,2019-01-07 00:00:00+00:00,Non Graduated,25-34,0.0,Unknown,Unknown,Unknown,1,0,0,1,1904.8474456007568,3,1,1,1
894,2023,0,2019,2018-12-17,2019-01-07 00:00:00+00:00,Non Graduated,25-34,0.0,Unknown,Unknown,Unknown,1,0,0,1,2210.9576892319483,0,0,1,1
894,2024,0,2019,2018-12-17,2019-01-07 00:00:00+00:00,Non Graduated,25-34,0.0,Unknown,Unknown,Unknown,1,0,0,1,308.1465812020542,0,0,1,1
1361,2017,1,2021,2021-05-10,2021-06-22 00:00:00+00:00,Graduated,25-34,0.0,Unknown,Unknown,Unknown,0,0,0,1,311.53477146241335,0,0,0,0
1361,2018,1,2021,2021-05-10,2021-06-22 00:00:00+00:00,Graduated,25-34,0.0,Unknown,Unknown,Unknown,0,0,0,1,370.3635952363,0,0,0,0
1361,2019,1,2021,2021-05-10,2021-06-22 00:00:00+00:00,Graduated,25-34,0.0,Unknown,Unknown,Unknown,0,0,0,1,3990.4030002268687,0,0,0,0
1361,2020,1,2021,2021-05-10,2021-06-22 00:00:00+00:00,Graduated,25-34,0.0,Unknown,Unknown,Unknown,0,0,1,1,23663.68216234218,0,0,0,0
1361,2021,1,2021,2021-05-10,2021-06-22 00:00:00+00:00,Graduated,25-34,0.0,Unknown,Unknown,Unknown,1,1,1,1,23514.468233547115,0,0,0,0
1361,2022,1,2021,2021-05-10,2021-06-22 00:00:00+00:00,Graduated,25-34,0.0,Unknown,Unknown,Unknown,1,1,1,1,18741.96055881646,0,0,0,0
1361,2023,1,2021,2021-05-10,2021-06-22 00:00:00+00:00,Graduated,25-34,0.0,Unknown,Unknown,Unknown,1,1,0,1,23655.933527838308,0,0,0,0
1361,2024,1,2021,2021-05-10,2021-06-22 00:00:00+00:00,Graduated,25-34,0.0,Unknown,Unknown,Unknown,1,1,0,1,28548.770614100576,0,0,0,0
1012,2017,0,2019,2019-06-17,2019-06-18 00:00:00+00:00,Non Graduated,25-34,0.0,Unknown,Unknown,Unknown,0,0,0,1,10045.010803010719,0,0,0,0
1012,2018,0,2019,2019-06-17,2019-06-18 00:00:00+00:00,Non Graduated,25-34,0.0,Unknown,Unknown,Unknown,0,0,0,1,1651.7074272851514,0,0,0,0
1012,2019,0,2019,2019-06-17,2019-06-18 00:00:00+00:00,Non Graduated,25-34,0.0,Unknown,Unknown,Unknown,1,0,0,1,6437.92886154731,0,0,0,0
1012,2020,0,2019,2019-06-17,2019-06-18 00:00:00+00:00,Non Graduated,25-34,0.0,Unknown,Unknown,Unknown,1,0,1,1,21109.975726371376,0,0,0,0
1012,2021,0,2019,2019-06-17,2019-06-18 00:00:00+00:00,Non Graduated,25-34,0.0,Unknown,Unknown,Unknown,1,0,1,1,44764.865609998364,0,0,0,0
1012,2022,0,2019,2019-06-17,2019-06-18 00:00:00+00:00,Non Graduated,25-34,0.0,Unknown,Unknown,Unknown,1,0,0,1,37669.89549476436,0,0,0,0
1012,2023,0,2019,2019-06-17,2019-06-18 00:00:00+00:00,Non Graduated,25-34,0.0,Unknown,Unknown,Unknown,1,0,0,1,35574.074248797384,0,0,0,0
1012,2024,0,2019,2019-06-17,2019-06-18 00:00:00+00:00,Non Graduated,25-34,0.0,Unknown,Unknown,Unknown,1,0,0,1,23696.329685351586,0,0,0,0
906,2017,1,2019,2019-01-14,2019-03-08 00:00:00+00:00,Graduated,25-34,0.0,Unknown,Unknown,Unknown,0,0,0,1,14146.890247268226,0,0,0,0
906,2018,1,2019,2019-01-14,2019-03-08 00:00:00+00:00,Graduated,25-34,0.0,Unknown,Unknown,Unknown,0,0,0,1,2402.783030389828,2,1,1,0
906,2019,1,2019,2019-01-14,2019-03-08 00:00:00+00:00,Graduated,25-34,0.0,Unknown,Unknown,Unknown,1,1,0,1,3029.7214943812487,0,0,1,1
906,2020,1,2019,2019-01-14,2019-03-08 00:00:00+00:00,Graduated,25-34,0.0,Unknown,Unknown,Unknown,1,1,0,0,0.0,0,0,1,1
906,2021,1,2019,2019-01-14,2019-03-08 00:00:00+00:00,Graduated,25-34,0.0,Unknown,Unknown,Unknown,1,1,0,1,33160.56666124398,0,0,1,1
906,2022,1,2019,2019-01-14,2019-03-08 00:00:00+00:00,Graduated,25-34,0.0,Unknown,Unknown,Unknown,1,1,1,1,61715.773542440955,0,0,1,1
906,2023,1,2019,2019-01-14,2019-03-08 00:00:00+00:00,Graduated,25-34,0.0,Unknown,Unknown,Unknown,1,1,1,1,35516.81182051466,0,0,1,1
906,2024,1,2019,2019-01-14,2019-03-08 00:00:00+00:00,Graduated,25-34,0.0,Unknown,Unknown,Unknown,1,1,0,1,30372.332558038128,0,0,1,1
1252,2017,0,2021,2021-02-22,2021-03-02 00:00:00+00:00,Non Graduated,25-34,0.0,Unknown,Unknown,Unknown,0,0,0,0,0.0,0,0,0,0
1252,2018,0,2021,2021-02-22,2021-03-02 00:00:00+00:00,Non Graduated,25-34,0.0,Unknown,Unknown,Unknown,0,0,0,0,0.0,0,0,0,0
1252,2019,0,2021,2021-02-22,2021-03-02 00:00:00+00:00,Non Graduated,25-34,0.0,Unknown,Unknown,Unknown,0,0,0,0,0.0,0,0,0,0
1252,2020,0,2021,2021-02-22,2021-03-02 00:00:00+00:00,Non Graduated,25-34,0.0,Unknown,Unknown,Unknown,0,0,0,0,0.0,0,0,0,0
1252,2021,0,2021,2021-02-22,2021-03-02 00:00:00+00:00,Non Graduated,25-34,0.0,Unknown,Unknown,Unknown,1,0,1,1,23484.122329573845,0,0,0,0
1252,2022,0,2021,2021-02-22,2021-03-02 00:00:00+00:00,Non Graduated,25-34,0.0,Unknown,Unknown,Unknown,1,0,0,1,4066.171627507652,0,0,0,0
1252,2023,0,2021,2021-02-22,2021-03-02 00:00:00+00:00,Non Graduated,25-34,0.0,Unknown,Unknown,Unknown,1,0,0,0,0.0,0,0,0,0
1252,2024,0,2021,2021-02-22,2021-03-02 00:00:00+00:00,Non Graduated,25-34,0.0,Unknown,Unknown,Unknown,1,0,0,0,0.0,0,0,0,0
880,2017,1,2019,2018-11-26,2019-02-08 00:00:00+00:00,Graduated,25-34,0.0,Unknown,Unknown,Unknown,0,0,0,0,0.0,0,0,0,0
880,2018,1,2019,2018-11-26,2019-02-08 00:00:00+00:00,Graduated,25-34,0.0,Unknown,Unknown,Unknown,0,0,0,0,0.0,0,0,0,0
880,2019,1,2019,2018-11-26,2019-02-08 00:00:00+00:00,Graduated,25-34,0.0,Unknown,Unknown,Unknown,1,1,0,0,0.0,1,1,1,0
880,2020,1,2019,2018-11-26,2019-02-08 00:00:00+00:00,Graduated,25-34,0.0,Unknown,Unknown,Unknown,1,1,0,0,0.0,0,0,1,1
880,2021,1,2019,2018-11-26,2019-02-08 00:00:00+00:00,Graduated,25-34,0.0,Unknown,Unknown,Unknown,1,1,0,0,0.0,0,0,1,1
880,2022,1,2019,2018-11-26,2019-02-08 00:00:00+00:00,Graduated,25-34,0.0,Unknown,Unknown,Unknown,1,1,0,0,0.0,0,0,1,1
880,2023,1,2019,2018-11-26,2019-02-08 00:00:00+00:00,Graduated,25-34,0.0,Unknown,Unknown,Unknown,1,1,0,0,0.0,0,0,1,1
880,2024,1,2019,2018-11-26,2019-02-08 00:00:00+00:00,Graduated,25-34,0.0,Unknown,Unknown,Unknown,1,1,0,0,0.0,0,0,1,1
1255,2017,0,2020,2020-09-21,2020-11-05 00:00:00+00:00,Non Graduated,25-34,0.0,Unknown,Unknown,Unknown,0,0,0,0,0.0,0,0,0,0
1255,2018,0,2020,2020-09-21,2020-11-05 00:00:00+00:00,Non Graduated,25-34,0.0,Unknown,Unknown,Unknown,0,0,0,0,0.0,0,0,0,0
1255,2019,0,2020,2020-09-21,2020-11-05 00:00:00+00:00,Non Graduated,25-34,0.0,Unknown,Unknown,Unknown,0,0,0,0,0.0,0,0,0,0
1255,2020,0,2020,2020-09-21,2020-11-05 00:00:00+00:00,Non Graduated,25-34,0.0,Unknown,Unknown,Unknown,1,0,0,0,0.0,0,0,0,0
1255,2021,0,2020,2020-09-21,2020-11-05 00:00:00+00:00,Non Graduated,25-34,0.0,Unknown,Unknown,Unknown,1,0,0,0,0.0,0,0,0,0
1255,2022,0,2020,2020-09-21,2020-11-05 00:00:00+00:00,Non Graduated,25-34,0.0,Unknown,Unknown,Unknown,1,0,0,1,9939.906807797424,0,0,0,0
1255,2023,0,2020,2020-09-21,2020-11-05 00:00:00+00:00,Non Graduated,25-34,0.0,Unknown,Unknown,Unknown,1,0,0,1,2488.626843716455,0,0,0,0
1255,2024,0,2020,2020-09-21,2020-11-05 00:00:00+00:00,Non Graduated,25-34,0.0,Unknown,Unknown,Unknown,1,0,0,0,0.0,0,0,0,0
991,2017,1,2019,2019-05-28,2019-06-08 00:00:00+00:00,Graduated,25-34,0.0,Unknown,Unknown,Unknown,0,0,0,0,0.0,0,0,0,0
991,2018,1,2019,2019-05-28,2019-06-08 00:00:00+00:00,Graduated,25-34,0.0,Unknown,Unknown,Unknown,0,0,0,0,0.0,0,0,0,0
991,2019,1,2019,2019-05-28,2019-06-08 00:00:00+00:00,Graduated,25-34,0.0,Unknown,Unknown,Unknown,1,1,0,1,20054.97060549487,0,0,0,0
991,2020,1,2019,2019-05-28,2019-06-08 00:00:00+00:00,Graduated,25-34,0.0,Unknown,Unknown,Unknown,1,1,1,1,43130.093283958326,0,0,0,0
991,2021,1,2019,2019-05-28,2019-06-08 00:00:00+00:00,Graduated,25-34,0.0,Unknown,Unknown,Unknown,1,1,1,1,51576.308253342904,0,0,0,0
991,2022,1,2019,2019-05-28,2019-06-08 00:00:00+00:00,Graduated,25-34,0.0,Unknown,Unknown,Unknown,1,1,0,1,29676.777906499014,0,0,0,0
991,2023,1,2019,2019-05-28,2019-06-08 00:00:00+00:00,Graduated,25-34,0.0,Unknown,Unknown,Unknown,1,1,0,1,909.5815234754486,0,0,0,0
991,2024,1,2019,2019-05-28,2019-06-08 00:00:00+00:00,Graduated,25-34,0.0,Unknown,Unknown,Unknown,1,1,0,1,29234.029937164647,0,0,0,0
1160,2017,0,2020,2020-02-26,2020-03-02 00:00:00+00:00,Non Graduated,<=24,0.0,Unknown,Unknown,Unknown,0,0,0,0,0.0,0,0,0,0
1160,2018,0,2020,2020-02-26,2020-03-02 00:00:00+00:00,Non Graduated,<=24,0.0,Unknown,Unknown,Unknown,0,0,0,0,0.0,0,0,0,0
1160,2019,0,2020,2020-02-26,2020-03-02 00:00:00+00:00,Non Graduated,<=24,0.0,Unknown,Unknown,Unknown,0,0,0,0,0.0,0,0,0,0
1160,2020,0,2020,2020-02-26,2020-03-02 00:00:00+00:00,Non Graduated,<=24,0.0,Unknown,Unknown,Unknown,1,0,0,1,714.6419087136929,0,0,0,0
1160,2021,0,2020,2020-02-26,2020-03-02 00:00:00+00:00,Non Graduated,<=24,0.0,Unknown,Unknown,Unknown,1,0,1,1,21981.61037231315,0,0,0,0
1160,2022,0,2020,2020-02-26,2020-03-02 00:00:00+00:00,Non Graduated,<=24,0.0,Unknown,Unknown,Unknown,1,0,1,1,22010.445396224273,0,0,0,0
1160,2023,0,2020,2020-02-26,2020-03-02 00:00:00+00:00,Non Graduated,<=24,0.0,Unknown,Unknown,Unknown,1,0,0,1,5696.241085458327,0,0,0,0
1160,2024,0,2020,2020-02-26,2020-03-02 00:00:00+00:00,Non Graduated,<=24,0.0,Unknown,Unknown,Unknown,1,0,0,1,5425.247014847303,0,0,0,0
801,2017,1,2018,2018-07-10,2018-09-21 00:00:00+00:00,Graduated,<=24,0.0,Unknown,Unknown,Unknown,0,0,0,0,0.0,0,0,0,0
801,2018,1,2018,2018-07-10,2018-09-21 00:00:00+00:00,Graduated,<=24,0.0,Unknown,Unknown,Unknown,1,1,0,0,0.0,0,0,0,0
801,2019,1,2018,2018-07-10,2018-09-21 00:00:00+00:00,Graduated,<=24,0.0,Unknown,Unknown,Unknown,1,1,0,0,0.0,0,0,0,0
801,2020,1,2018,2018-07-10,2018-09-21 00:00:00+00:00,Graduated,<=24,0.0,Unknown,Unknown,Unknown,1,1,0,0,0.0,0,0,0,0
801,2021,1,2018,2018-07-10,2018-09-21 00:00:00+00:00,Graduated,<=24,0.0,Unknown,Unknown,Unknown,1,1,0,1,2118.0525985834256,0,0,0,0
801,2022,1,2018,2018-07-10,2018-09-21 00:00:00+00:00,Graduated,<=24,0.0,Unknown,Unknown,Unknown,1,1,0,0,0.0,0,0,0,0
801,2023,1,2018,2018-07-10,2018-09-21 00:00:00+00:00,Graduated,<=24,0.0,Unknown,Unknown,Unknown,1,1,0,0,0.0,0,0,0,0
801,2024,1,2018,2018-07-10,2018-09-21 00:00:00+00:00,Graduated,<=24,0.0,Unknown,Unknown,Unknown,1,1,0,0,0.0,0,0,0,0
1468,2017,0,2021,2021-11-15,2021-02-11 00:00:00+00:00,Non Graduated,<=24,0.0,Unknown,Unknown,Unknown,0,0,0,0,0.0,0,0,0,0
1468,2018,0,2021,2021-11-15,2021-02-11 00:00:00+00:00,Non Graduated,<=24,0.0,Unknown,Unknown,Unknown,0,0,0,0,0.0,0,0,0,0
1468,2019,0,2021,2021-11-15,2021-02-11 00:00:00+00:00,Non Graduated,<=24,0.0,Unknown,Unknown,Unknown,0,0,0,0,0.0,0,0,0,0
1468,2020,0,2021,2021-11-15,2021-02-11 00:00:00+00:00,Non Graduated,<=24,0.0,Unknown,Unknown,Unknown,0,0,0,0,0.0,0,0,0,0
1468,2021,0,2021,2021-11-15,2021-02-11 00:00:00+00:00,Non Graduated,<=24,0.0,Unknown,Unknown,Unknown,1,0,0,0,0.0,0,0,0,0
1468,2022,0,2021,2021-11-15,2021-02-11 00:00:00+00:00,Non Graduated,<=24,0.0,Unknown,Unknown,Unknown,1,0,0,0,0.0,0,0,0,0
1468,2023,0,2021,2021-11-15,2021-02-11 00:00:00+00:00,Non Graduated,<=24,0.0,Unknown,Unknown,Unknown,1,0,0,0,0.0,0,0,0,0
1468,2024,0,2021,2021-11-15,2021-02-11 00:00:00+00:00,Non Graduated,<=24,0.0,Unknown,Unknown,Unknown,1,0,0,0,0.0,0,0,0,0
1120,2017,1,2020,2019-12-16,2020-03-06 00:00:00+00:00,Graduated,<=24,0.0,Unknown,Unknown,Unknown,0,0,0,0,0.0,0,0,0,0
1120,2018,1,2020,2019-12-16,2020-03-06 00:00:00+00:00,Graduated,<=24,0.0,Unknown,Unknown,Unknown,0,0,0,0,0.0,0,0,0,0
1120,2019,1,2020,2019-12-16,2020-03-06 00:00:00+00:00,Graduated,<=24,0.0,Unknown,Unknown,Unknown,0,0,0,0,0.0,0,0,0,0
1120,2020,1,2020,2019-12-16,2020-03-06 00:00:00+00:00,Graduated,<=24,0.0,Unknown,Unknown,Unknown,1,1,0,1,14307.829051167711,0,0,0,0
1120,2021,1,2020,2019-12-16,2020-03-06 00:00:00+00:00,Graduated,<=24,0.0,Unknown,Unknown,Unknown,1,1,0,1,16192.754392021961,0,0,0,0
1120,2022,1,2020,2019-12-16,2020-03-06 00:00:00+00:00,Graduated,<=24,0.0,Unknown,Unknown,Unknown,1,1,0,0,0.0,0,0,0,0
1120,2023,1,2020,2019-12-16,2020-03-06 00:00:00+00:00,Graduated,<=24,0.0,Unknown,Unknown,Unknown,1,1,1,1,28760.096064973357,0,0,0,0
1120,2024,1,2020,2019-12-16,2020-03-06 00:00:00+00:00,Graduated,<=24,0.0,Unknown,Unknown,Unknown,1,1,0,1,9781.297181258815,0,0,0,0
1826,2017,0,2023,2023-04-24,2023-07-05 00:00:00+00:00,Non Graduated,25-34,1.0,Unknown,Unknown,Unknown,0,0,0,1,5650.134820512092,0,0,1,1
1826,2018,0,2023,2023-04-24,2023-07-05 00:00:00+00:00,Non Graduated,25-34,1.0,Unknown,Unknown,Unknown,0,0,0,1,8925.18582985611,0,0,1,1
1826,2019,0,2023,2023-04-24,2023-07-05 00:00:00+00:00,Non Graduated,25-34,1.0,Unknown,Unknown,Unknown,0,0,0,1,5839.335119571315,0,0,1,1
1826,2020,0,2023,2023-04-24,2023-07-05 00:00:00+00:00,Non Graduated,25-34,1.0,Unknown,Unknown,Unknown,0,0,0,0,0.0,0,0,1,1
1826,2021,0,2023,2023-04-24,2023-07-05 00:00:00+00:00,Non Graduated,25-34,1.0,Unknown,Unknown,Unknown,0,0,0,0,0.0,0,0,1,1
1826,2022,0,2023,2023-04-24,2023-07-05 00:00:00+00:00,Non Graduated,25-34,1.0,Unknown,Unknown,Unknown,0,0,0,1,767.5330920999435,0,0,1,1
1826,2023,0,2023,2023-04-24,2023-07-05 00:00:00+00:00,Non Graduated,25-34,1.0,Unknown,Unknown,Unknown,1,0,0,1,5089.5956510554215,0,0,1,1
1826,2024,0,2023,2023-04-24,2023-07-05 00:00:00+00:00,Non Graduated,25-34,1.0,Unknown,Unknown,Unknown,1,0,0,1,17902.003126186435,0,0,1,1
1921,2017,1,2023,2023-09-05,2023-12-15 00:00:00+00:00,Graduated,25-34,1.0,Unknown,Unknown,Unknown,0,0,0,1,895.6827488709905,1,1,1,0
1921,2018,1,2023,2023-09-05,2023-12-15 00:00:00+00:00,Graduated,25-34,1.0,Unknown,Unknown,Unknown,0,0,0,1,255.39117870661892,0,0,1,1
1921,2019,1,2023,2023-09-05,2023-12-15 00:00:00+00:00,Graduated,25-34,1.0,Unknown,Unknown,Unknown,0,0,0,0,0.0,0,0,1,1
1921,2020,1,2023,2023-09-05,2023-12-15 00:00:00+00:00,Graduated,25-34,1.0,Unknown,Unknown,Unknown,0,0,0,1,2726.3704188594247,1,1,1,1
1921,2021,1,2023,2023-09-05,2023-12-15 00:00:00+00:00,Graduated,25-34,1.0,Unknown,Unknown,Unknown,0,0,0,1,216.18942475305053,0,0,1,1
1921,2022,1,2023,2023-09-05,2023-12-15 00:00:00+00:00,Graduated,25-34,1.0,Unknown,Unknown,Unknown,0,0,0,1,272.9491792674052,0,0,1,1
1921,2023,1,2023,2023-09-05,2023-12-15 00:00:00+00:00,Graduated,25-34,1.0,Unknown,Unknown,Unknown,1,1,0,0,0.0,0,0,1,1
1921,2024,1,2023,2023-09-05,2023-12-15 00:00:00+00:00,Graduated,25-34,1.0,Unknown,Unknown,Unknown,1,1,0,0,0.0,0,0,1,1
2225,2017,0,2024,2024-08-12,2024-09-25 00:00:00+00:00,Non Graduated,25-34,1.0,Unknown,Unknown,Unknown,0,0,0,0,0.0,0,0,0,0
2225,2018,0,2024,2024-08-12,2024-09-25 00:00:00+00:00,Non Graduated,25-34,1.0,Unknown,Unknown,Unknown,0,0,0,1,1002.2168982577924,0,0,0,0
2225,2019,0,2024,2024-08-12,2024-09-25 00:00:00+00:00,Non Graduated,25-34,1.0,Unknown,Unknown,Unknown,0,0,1,1,7210.54752865398,0,0,0,0
2225,2020,0,2024,2024-08-12,2024-09-25 00:00:00+00:00,Non Graduated,25-34,1.0,Unknown,Unknown,Unknown,0,0,0,1,680.461298258528,0,0,0,0
2225,2021,0,2024,2024-08-12,2024-09-25 00:00:00+00:00,Non Graduated,25-34,1.0,Unknown,Unknown,Unknown,0,0,0,1,6855.296920395119,0,0,0,0
2225,2022,0,2024,2024-08-12,2024-09-25 00:00:00+00:00,Non Graduated,25-34,1.0,Unknown,Unknown,Unknown,0,0,1,1,34266.14044308419,0,0,0,0
2225,2023,0,2024,2024-08-12,2024-09-25 00:00:00+00:00,Non Graduated,25-34,1.0,Unknown,Unknown,Unknown,0,0,1,1,30505.923156449637,0,0,0,0
2225,2024,0,2024,2024-08-12,2024-09-25 00:00:00+00:00,Non Graduated,25-34,1.0,Unknown,Unknown,Unknown,1,0,0,1,22362.482056568642,0,0,0,0
1707,2017,1,2023,2022-11-14,2023-02-03 00:00:00+00:00,Graduated,25-34,1.0,Unknown,Unknown,Unknown,0,0,1,1,39626.32649283594,0,0,0,0
1707,2018,1,2023,2022-11-14,2023-02-03 00:00:00+00:00,Graduated,25-34,1.0,Unknown,Unknown,Unknown,0,0,1,1,53545.16282075432,0,0,0,0
1707,2019,1,2023,2022-11-14,2023-02-03 00:00:00+00:00,Graduated,25-34,1.0,Unknown,Unknown,Unknown,0,0,1,1,65012.795775807856,0,0,0,0
1707,2020,1,2023,2022-11-14,2023-02-03 00:00:00+00:00,Graduated,25-34,1.0,Unknown,Unknown,Unknown,0,0,0,1,5265.41454777909,0,0,0,0
1707,2021,1,2023,2022-11-14,2023-02-03 00:00:00+00:00,Graduated,25-34,1.0,Unknown,Unknown,Unknown,0,0,0,1,6285.6270838312985,0,0,0,0
1707,2022,1,2023,2022-11-14,2023-02-03 00:00:00+00:00,Graduated,25-34,1.0,Unknown,Unknown,Unknown,0,0,1,1,47434.03019489091,0,0,0,0
1707,2023,1,2023,2022-11-14,2023-02-03 00:00:00+00:00,Graduated,25-34,1.0,Unknown,Unknown,Unknown,1,1,1,1,19034.755500624124,0,0,0,0
1707,2024,1,2023,2022-11-14,2023-02-03 00:00:00+00:00,Graduated,25-34,1.0,Unknown,Unknown,Unknown,1,1,0,1,27792.69521880539,0,0,0,0
1568,2017,0,2022,2022-05-02,2022-05-19 00:00:00+00:00,Non Graduated,<=24,1.0,Unknown,Unknown,Unknown,0,0,1,1,19690.83496186533,0,0,0,0
1568,2018,0,2022,2022-05-02,2022-05-19 00:00:00+00:00,Non Graduated,<=24,1.0,Unknown,Unknown,Unknown,0,0,1,1,16794.026742064343,0,0,0,0
1568,2019,0,2022,2022-05-02,2022-05-19 00:00:00+00:00,Non Graduated,<=24,1.0,Unknown,Unknown,Unknown,0,0,1,1,29098.87016969646,0,0,0,0
1568,2020,0,2022,2022-05-02,2022-05-19 00:00:00+00:00,Non Graduated,<=24,1.0,Unknown,Unknown,Unknown,0,0,0,1,45.1966913972454,0,0,0,0
1568,2021,0,2022,2022-05-02,2022-05-19 00:00:00+00:00,Non Graduated,<=24,1.0,Unknown,Unknown,Unknown,0,0,0,1,2210.0452268860063,0,0,0,0
1568,2022,0,2022,2022-05-02,2022-05-19 00:00:00+00:00,Non Graduated,<=24,1.0,Unknown,Unknown,Unknown,1,0,0,1,3751.0655272609492,0,0,0,0
1568,2023,0,2022,2022-05-02,2022-05-19 00:00:00+00:00,Non Graduated,<=24,1.0,Unknown,Unknown,Unknown,1,0,0,1,4549.171529747441,0,0,0,0
1568,2024,0,2022,2022-05-02,2022-05-19 00:00:00+00:00,Non Graduated,<=24,1.0,Unknown,Unknown,Unknown,1,0,0,1,6612.042109894406,0,0,0,0
1828,2017,1,2023,2023-04-24,2023-07-07 00:00:00+00:00,Graduated,<=24,1.0,Unknown,Unknown,Unknown,0,0,0,0,0.0,0,0,0,0
1828,2018,1,2023,2023-04-24,2023-07-07 00:00:00+00:00,Graduated,<=24,1.0,Unknown,Unknown,Unknown,0,0,0,0,0.0,0,0,0,0
1828,2019,1,2023,2023-04-24,2023-07-07 00:00:00+00:00,Graduated,<=24,1.0,Unknown,Unknown,Unknown,0,0,0,0,0.0,0,0,0,0
1828,2020,1,2023,2023-04-24,2023-07-07 00:00:00+00:00,Graduated,<=24,1.0,Unknown,Unknown,Unknown,0,0,0,0,0.0,0,0,0,0
1828,2021,1,2023,2023-04-24,2023-07-07 00:00:00+00:00,Graduated,<=24,1.0,Unknown,Unknown,Unknown,0,0,0,0,0.0,0,0,0,0
1828,2022,1,2023,2023-04-24,2023-07-07 00:00:00+00:00,Graduated,<=24,1.0,Unknown,Unknown,Unknown,0,0,0,0,0.0,0,0,0,0
1828,2023,1,2023,2023-04-24,2023-07-07 00:00:00+00:00,Graduated,<=24,1.0,Unknown,Unknown,Unknown,1,1,0,0,0.0,0,0,0,0
1828,2024,1,2023,2023-04-24,2023-07-07 00:00:00+00:00,Graduated,<=24,1.0,Unknown,Unknown,Unknown,1,1,0,0,0.0,0,0,0,0
1659,2017,0,2022,2022-09-06,2022-10-21 00:00:00+00:00,Non Graduated,<=24,1.0,Unknown,Unknown,Unknown,0,0,0,1,2830.1027972935694,0,0,0,0
1659,2018,0,2022,2022-09-06,2022-10-21 00:00:00+00:00,Non Graduated,<=24,1.0,Unknown,Unknown,Unknown,0,0,1,1,9041.027937281555,0,0,0,0
1659,2019,0,2022,2022-09-06,2022-10-21 00:00:00+00:00,Non Graduated,<=24,1.0,Unknown,Unknown,Unknown,0,0,1,1,9375.791103943015,0,0,0,0
1659,2020,0,2022,2022-09-06,2022-10-21 00:00:00+00:00,Non Graduated,<=24,1.0,Unknown,Unknown,Unknown,0,0,0,1,6499.86891857115,0,0,0,0
1659,2021,0,2022,2022-09-06,2022-10-21 00:00:00+00:00,Non Graduated,<=24,1.0,Unknown,Unknown,Unknown,0,0,0,0,0.0,0,0,0,0
1659,2022,0,2022,2022-09-06,2022-10-21 00:00:00+00:00,Non Graduated,<=24,1.0,Unknown,Unknown,Unknown,1,0,0,1,1954.363709892529,0,0,0,0
1659,2023,0,2022,2022-09-06,2022-10-21 00:00:00+00:00,Non Graduated,<=24,1.0,Unknown,Unknown,Unknown,1,0,1,1,8606.648025789089,0,0,0,0
1659,2024,0,2022,2022-09-06,2022-10-21 00:00:00+00:00,Non Graduated,<=24,1.0,Unknown,Unknown,Unknown,1,0,0,1,34655.74454441242,0,0,0,0
1779,2017,1,2023,2023-02-20,2023-06-15 00:00:00+00:00,Graduated,<=24,1.0,Unknown,Unknown,Unknown,0,0,0,0,0.0,0,0,0,0
1779,2018,1,2023,2023-02-20,2023-06-15 00:00:00+00:00,Graduated,<=24,1.0,Unknown,Unknown,Unknown,0,0,0,0,0.0,0,0,0,0
1779,2019,1,2023,2023-02-20,2023-06-15 00:00:00+00:00,Graduated,<=24,1.0,Unknown,Unknown,Unknown,0,0,0,0,0.0,0,0,0,0
1779,2020,1,2023,2023-02-20,2023-06-15 00:00:00+00:00,Graduated,<=24,1.0,Unknown,Unknown,Unknown,0,0,0,0,0.0,0,0,0,0
1779,2021,1,2023,2023-02-20,2023-06-15 00:00:00+00:00,Graduated,<=24,1.0,Unknown,Unknown,Unknown,0,0,0,0,0.0,0,0,0,0
1779,2022,1,2023,2023-02-20,2023-06-15 00:00:00+00:00,Graduated,<=24,1.0,Unknown,Unknown,Unknown,0,0,0,0,0.0,0,0,0,0
1779,2023,1,2023,2023-02-20,2023-06-15 00:00:00+00:00,Graduated,<=24,1.0,Unknown,Unknown,Unknown,1,1,0,0,0.0,0,0,0,0
1779,2024,1,2023,2023-02-20,2023-06-15 00:00:00+00:00,Graduated,<=24,1.0,Unknown,Unknown,Unknown,1,1,0,0,0.0,0,0,0,0
2101,2017,0,2024,2024-04-15,2024-05-03 00:00:00+00:00,Non Graduated,<=24,1.0,Unknown,Unknown,Unknown,0,0,0,0,0.0,0,0,0,0
2101,2018,0,2024,2024-04-15,2024-05-03 00:00:00+00:00,Non Graduated,<=24,1.0,Unknown,Unknown,Unknown,0,0,0,0,0.0,0,0,0,0
2101,2019,0,2024,2024-04-15,2024-05-03 00:00:00+00:00,Non Graduated,<=24,1.0,Unknown,Unknown,Unknown,0,0,0,0,0.0,0,0,0,0
2101,2020,0,2024,2024-04-15,2024-05-03 00:00:00+00:00,Non Graduated,<=24,1.0,Unknown,Unknown,Unknown,0,0,0,1,13213.257642929893,0,0,0,0
2101,2021,0,2024,2024-04-15,2024-05-03 00:00:00+00:00,Non Graduated,<=24,1.0,Unknown,Unknown,Unknown,0,0,0,1,3673.1957927511266,0,0,0,0
2101,2022,0,2024,2024-04-15,2024-05-03 00:00:00+00:00,Non Graduated,<=24,1.0,Unknown,Unknown,Unknown,0,0,0,1,3691.3647004123877,0,0,0,0
2101,2023,0,2024,2024-04-15,2024-05-03 00:00:00+00:00,Non Graduated,<=24,1.0,Unknown,Unknown,Unknown,0,0,0,0,0.0,0,0,0,0
2101,2024,0,2024,2024-04-15,2024-05-03 00:00:00+00:00,Non Graduated,<=24,1.0,Unknown,Unknown,Unknown,1,0,0,0,0.0,0,0,0,0
2143,2017,1,2024,2024-06-03,2024-08-09 00:00:00+00:00,Graduated,<=24,1.0,Unknown,Unknown,Unknown,0,0,0,0,0.0,0,0,0,0
2143,2018,1,2024,2024-06-03,2024-08-09 00:00:00+00:00,Graduated,<=24,1.0,Unknown,Unknown,Unknown,0,0,0,0,0.0,0,0,0,0
2143,2019,1,2024,2024-06-03,2024-08-09 00:00:00+00:00,Graduated,<=24,1.0,Unknown,Unknown,Unknown,0,0,0,0,0.0,0,0,0,0
2143,2020,1,2024,2024-06-03,2024-08-09 00:00:00+00:00,Graduated,<=24,1.0,Unknown,Unknown,Unknown,0,0,0,0,0.0,0,0,0,0
2143,2021,1,2024,2024-06-03,2024-08-09 00:00:00+00:00,Graduated,<=24,1.0,Unknown,Unknown,Unknown,0,0,0,0,0.0,0,0,0,0
2143,2022,1,2024,2024-06-03,2024-08-09 00:00:00+00:00,Graduated,<=24,1.0,Unknown,Unknown,Unknown,0,0,0,0,0.0,0,0,0,0
2143,2023,1,2024,2024-06-03,2024-08-09 00:00:00+00:00,Graduated,<=24,1.0,Unknown,Unknown,Unknown,0,0,0,0,0.0,0,0,0,0
2143,2024,1,2024,2024-06-03,2024-08-09 00:00:00+00:00,Graduated,<=24,1.0,Unknown,Unknown,Unknown,1,1,0,0,0.0,0,0,0,0
1673,2017,0,2024,2024-02-12,2024-04-12 00:00:00+00:00,Non Graduated,<=24,1.0,Unknown,Unknown,Unknown,0,0,0,1,4632.897052082802,0,0,0,0
1673,2018,0,2024,2024-02-12,2024-04-12 00:00:00+00:00,Non Graduated,<=24,1.0,Unknown,Unknown,Unknown,0,0,0,1,298.999743996797,0,0,0,0
1673,2019,0,2024,2024-02-12,2024-04-12 00:00:00+00:00,Non Graduated,<=24,1.0,Unknown,Unknown,Unknown,0,0,0,1,1518.6436795297268,0,0,0,0
1673,2020,0,2024,2024-02-12,2024-04-12 00:00:00+00:00,Non Graduated,<=24,1.0,Unknown,Unknown,Unknown,0,0,1,1,12845.017242273254,0,0,0,0
1673,2021,0,2024,2024-02-12,2024-04-12 00:00:00+00:00,Non Graduated,<=24,1.0,Unknown,Unknown,Unknown,0,0,1,1,11155.353239802778,0,0,0,0
1673,2022,0,2024,2024-02-12,2024-04-12 00:00:00+00:00,Non Graduated,<=24,1.0,Unknown,Unknown,Unknown,0,0,1,1,5924.733536511666,0,0,0,0
1673,2023,0,2024,2024-02-12,2024-04-12 00:00:00+00:00,Non Graduated,<=24,1.0,Unknown,Unknown,Unknown,0,0,1,1,8324.46850562898,0,0,0,0
1673,2024,0,2024,2024-02-12,2024-04-12 00:00:00+00:00,Non Graduated,<=24,1.0,Unknown,Unknown,Unknown,1,0,0,1,4605.0457428276295,0,0,0,0
2063,2017,1,2024,2024-03-04,2024-05-17 00:00:00+00:00,Graduated,<=24,1.0,Unknown,Unknown,Unknown,0,0,0,1,1929.560186315391,0,0,0,0
2063,2018,1,2024,2024-03-04,2024-05-17 00:00:00+00:00,Graduated,<=24,1.0,Unknown,Unknown,Unknown,0,0,0,0,0.0,0,0,0,0
2063,2019,1,2024,2024-03-04,2024-05-17 00:00:00+00:00,Graduated,<=24,1.0,Unknown,Unknown,Unknown,0,0,0,1,2414.887926405006,0,0,0,0
2063,2020,1,2024,2024-03-04,2024-05-17 00:00:00+00:00,Graduated,<=24,1.0,Unknown,Unknown,Unknown,0,0,0,1,2481.5595108978005,0,0,0,0
2063,2021,1,2024,2024-03-04,2024-05-17 00:00:00+00:00,Graduated,<=24,1.0,Unknown,Unknown,Unknown,0,0,0,1,4535.124553103865,0,0,0,0
2063,2022,1,2024,2024-03-04,2024-05-17 00:00:00+00:00,Graduated,<=24,1.0,Unknown,Unknown,Unknown,0,0,0,1,838.9131617337368,0,0,0,0
2063,2023,1,2024,2024-03-04,2024-05-17 00:00:00+00:00,Graduated,<=24,1.0,Unknown,Unknown,Unknown,0,0,0,0,0.0,0,0,0,0
2063,2024,1,2024,2024-03-04,2024-05-17 00:00:00+00:00,Graduated,<=24,1.0,Unknown,Unknown,Unknown,1,1,0,1,1540.732906010271,0,0,0,0
1959,2017,0,2023,2023-10-16,2023-10-17 00:00:00+00:00,Non Graduated,<=24,1.0,Unknown,Unknown,Unknown,0,0,0,1,1662.6868649467478,0,0,0,0
1959,2018,0,2023,2023-10-16,2023-10-17 00:00:00+00:00,Non Graduated,<=24,1.0,Unknown,Unknown,Unknown,0,0,0,1,7445.272934596176,0,0,0,0
1959,2019,0,2023,2023-10-16,2023-10-17 00:00:00+00:00,Non Graduated,<=24,1.0,Unknown,Unknown,Unknown,0,0,1,1,6896.347963735881,0,0,0,0
1959,2020,0,2023,2023-10-16,2023-10-17 00:00:00+00:00,Non Graduated,<=24,1.0,Unknown,Unknown,Unknown,0,0,0,1,4475.336170338481,0,0,0,0
1959,2021,0,2023,2023-10-16,2023-10-17 00:00:00+00:00,Non Graduated,<=24,1.0,Unknown,Unknown,Unknown,0,0,0,1,11006.344841012518,0,0,0,0
1959,2022,0,2023,2023-10-16,2023-10-17 00:00:00+00:00,Non Graduated,<=24,1.0,Unknown,Unknown,Unknown,0,0,1,1,14247.654028985637,0,0,0,0
1959,2023,0,2023,2023-10-16,2023-10-17 00:00:00+00:00,Non Graduated,<=24,1.0,Unknown,Unknown,Unknown,1,0,1,1,12495.038789772378,0,0,0,0
1959,2024,0,2023,2023-10-16,2023-10-17 00:00:00+00:00,Non Graduated,<=24,1.0,Unknown,Unknown,Unknown,1,0,0,1,726.2714035065251,0,0,0,0
1503,2017,1,2022,2022-01-24,2022-03-25 00:00:00+00:00,Graduated,<=24,1.0,Unknown,Unknown,Unknown,0,0,0,0,0.0,0,0,0,0
1503,2018,1,2022,2022-01-24,2022-03-25 00:00:00+00:00,Graduated,<=24,1.0,Unknown,Unknown,Unknown,0,0,0,1,661.1015334397616,0,0,0,0
1503,2019,1,2022,2022-01-24,2022-03-25 00:00:00+00:00,Graduated,<=24,1.0,Unknown,Unknown,Unknown,0,0,0,1,805.2159885339948,0,0,0,0
1503,2020,1,2022,2022-01-24,2022-03-25 00:00:00+00:00,Graduated,<=24,1.0,Unknown,Unknown,Unknown,0,0,0,1,2058.6680701304936,0,0,0,0
1503,2021,1,2022,2022-01-24,2022-03-25 00:00:00+00:00,Graduated,<=24,1.0,Unknown,Unknown,Unknown,0,0,0,0,0.0,0,0,0,0
1503,2022,1,2022,2022-01-24,2022-03-25 00:00:00+00:00,Graduated,<=24,1.0,Unknown,Unknown,Unknown,1,1,1,1,13147.76947666773,0,0,0,0
1503,2023,1,2022,2022-01-24,2022-03-25 00:00:00+00:00,Graduated,<=24,1.0,Unknown,Unknown,Unknown,1,1,1,1,33980.93074748893,0,0,0,0
1503,2024,1,2022,2022-01-24,2022-03-25 00:00:00+00:00,Graduated,<=24,1.0,Unknown,Unknown,Unknown,1,1,0,1,24952.496939713717,0,0,0,0
1741,2017,0,2023,2023-01-03,2023-01-20 00:00:00+00:00,Non Graduated,<=24,1.0,Unknown,Unknown,Unknown,0,0,0,1,3001.8383488833465,0,0,0,0
1741,2018,0,2023,2023-01-03,2023-01-20 00:00:00+00:00,Non Graduated,<=24,1.0,Unknown,Unknown,Unknown,0,0,0,1,2457.504938605186,0,0,0,0
1741,2019,0,2023,2023-01-03,2023-01-20 00:00:00+00:00,Non Graduated,<=24,1.0,Unknown,Unknown,Unknown,0,0,0,1,723.3363622014668,0,0,0,0
1741,2020,0,2023,2023-01-03,2023-01-20 00:00:00+00:00,Non Graduated,<=24,1.0,Unknown,Unknown,Unknown,0,0,1,1,3867.2591170058927,0,0,0,0
1741,2021,0,2023,2023-01-03,2023-01-20 00:00:00+00:00,Non Graduated,<=24,1.0,Unknown,Unknown,Unknown,0,0,1,1,13184.86879365399,0,0,0,0
1741,2022,0,2023,2023-01-03,2023-01-20 00:00:00+00:00,Non Graduated,<=24,1.0,Unknown,Unknown,Unknown,0,0,1,1,14059.017407938256,0,0,0,0
1741,2023,0,2023,2023-01-03,2023-01-20 00:00:00+00:00,Non Graduated,<=24,1.0,Unknown,Unknown,Unknown,1,0,1,1,13291.405903486419,0,0,0,0
1741,2024,0,2023,2023-01-03,2023-01-20 00:00:00+00:00,Non Graduated,<=24,1.0,Unknown,Unknown,Unknown,1,0,0,1,10813.596680520655,0,0,0,0
1944,2017,1,2023,2023-10-23,2023-12-15 00:00:00+00:00,Graduated,<=24,1.0,Unknown,Unknown,Unknown,0,0,0,1,4742.675071567431,0,0,0,0
1944,2018,1,2023,2023-10-23,2023-12-15 00:00:00+00:00,Graduated,<=24,1.0,Unknown,Unknown,Unknown,0,0,0,1,2329.4771148694635,0,0,0,0
1944,2019,1,2023,2023-10-23,2023-12-15 00:00:00+00:00,Graduated,<=24,1.0,Unknown,Unknown,Unknown,0,0,0,1,3282.612895565063,0,0,0,0
1944,2020,1,2023,2023-10-23,2023-12-15 00:00:00+00:00,Graduated,<=24,1.0,Unknown,Unknown,Unknown,0,0,1,1,9177.616530385032,0,0,0,0
1944,2021,1,2023,2023-10-23,2023-12-15 00:00:00+00:00,Graduated,<=24,1.0,Unknown,Unknown,Unknown,0,0,0,1,7717.486447177275,0,0,0,0
1944,2022,1,2023,2023-10-23,2023-12-15 00:00:00+00:00,Graduated,<=24,1.0,Unknown,Unknown,Unknown,0,0,1,1,17810.908937946017,0,0,0,0
1944,2023,1,2023,2023-10-23,2023-12-15 00:00:00+00:00,Graduated,<=24,1.0,Unknown,Unknown,Unknown,1,1,0,1,6051.384002154341,0,0,0,0
1944,2024,1,2023,2023-10-23,2023-12-15 00:00:00+00:00,Graduated,<=24,1.0,Unknown,Unknown,Unknown,1,1,0,1,3224.124243732456,0,0,0,0
1539,2017,0,2022,2022-03-14,2022-04-08 00:00:00+00:00,Non Graduated,<=24,1.0,Unknown,Unknown,Unknown,0,0,0,1,114.36086547354414,0,0,0,0
1539,2018,0,2022,2022-03-14,2022-04-08 00:00:00+00:00,Non Graduated,<=24,1.0,Unknown,Unknown,Unknown,0,0,1,1,7522.552390848225,0,0,0,0
1539,2019,0,2022,2022-03-14,2022-04-08 00:00:00+00:00,Non Graduated,<=24,1.0,Unknown,Unknown,Unknown,0,0,1,1,12395.43185452143,0,0,0,0
1539,2020,0,2022,2022-03-14,2022-04-08 00:00:00+00:00,Non Graduated,<=24,1.0,Unknown,Unknown,Unknown,0,0,0,1,12138.619892964365,0,0,0,0
1539,2021,0,2022,2022-03-14,2022-04-08 00:00:00+00:00,Non Graduated,<=24,1.0,Unknown,Unknown,Unknown,0,0,1,1,25942.27912500714,0,0,0,0
1539,2022,0,2022,2022-03-14,2022-04-08 00:00:00+00:00,Non Graduated,<=24,1.0,Unknown,Unknown,Unknown,1,0,1,1,13314.010199258079,0,0,0,0
1539,2023,0,2022,2022-03-14,2022-04-08 00:00:00+00:00,Non Graduated,<=24,1.0,Unknown,Unknown,Unknown,1,0,1,1,20808.572021663756,0,0,0,0
1539,2024,0,2022,2022-03-14,2022-04-08 00:00:00+00:00,Non Graduated,<=24,1.0,Unknown,Unknown,Unknown,1,0,0,1,23206.390527528165,0,0,0,0
2039,2017,1,2024,2024-02-05,2024-04-19 00:00:00+00:00,Graduated,<=24,1.0,Unknown,Unknown,Unknown,0,0,0,0,0.0,0,0,0,0
2039,2018,1,2024,2024-02-05,2024-04-19 00:00:00+00:00,Graduated,<=24,1.0,Unknown,Unknown,Unknown,0,0,0,0,0.0,0,0,0,0
2039,2019,1,2024,2024-02-05,2024-04-19 00:00:00+00:00,Graduated,<=24,1.0,Unknown,Unknown,Unknown,0,0,0,0,0.0,0,0,0,0
2039,2020,1,2024,2024-02-05,2024-04-19 00:00:00+00:00,Graduated,<=24,1.0,Unknown,Unknown,Unknown,0,0,0,0,0.0,0,0,0,0
2039,2021,1,2024,2024-02-05,2024-04-19 00:00:00+00:00,Graduated,<=24,1.0,Unknown,Unknown,Unknown,0,0,0,0,0.0,0,0,0,0
2039,2022,1,2024,2024-02-05,2024-04-19 00:00:00+00:00,Graduated,<=24,1.0,Unknown,Unknown,Unknown,0,0,0,1,2965.429785341496,0,0,0,0
2039,2023,1,2024,2024-02-05,2024-04-19 00:00:00+00:00,Graduated,<=24,1.0,Unknown,Unknown,Unknown,0,0,0,1,5302.074802939449,0,0,0,0
2039,2024,1,2024,2024-02-05,2024-04-19 00:00:00+00:00,Graduated,<=24,1.0,Unknown,Unknown,Unknown,1,1,0,1,8079.243929567602,0,0,0,0
1853,2017,0,2023,2023-06-05,2023-08-11 00:00:00+00:00,Non Graduated,<=24,1.0,Unknown,Unknown,Unknown,0,0,1,1,10190.039153443618,0,0,0,0
1853,2018,0,2023,2023-06-05,2023-08-11 00:00:00+00:00,Non Graduated,<=24,1.0,Unknown,Unknown,Unknown,0,0,1,1,12472.837470693034,0,0,0,0
1853,2019,0,2023,2023-06-05,2023-08-11 00:00:00+00:00,Non Graduated,<=24,1.0,Unknown,Unknown,Unknown,0,0,1,1,24817.90548502485,0,0,0,0
1853,2020,0,2023,2023-06-05,2023-08-11 00:00:00+00:00,Non Graduated,<=24,1.0,Unknown,Unknown,Unknown,0,0,0,1,10203.46632913695,0,0,0,0
1853,2021,0,2023,2023-06-05,2023-08-11 00:00:00+00:00,Non Graduated,<=24,1.0,Unknown,Unknown,Unknown,0,0,1,1,9312.305336506319,0,0,0,0
1853,2022,0,2023,2023-06-05,2023-08-11 00:00:00+00:00,Non Graduated,<=24,1.0,Unknown,Unknown,Unknown,0,0,1,1,46143.173661157314,0,0,0,0
1853,2023,0,2023,2023-06-05,2023-08-11 00:00:00+00:00,Non Graduated,<=24,1.0,Unknown,Unknown,Unknown,1,0,1,1,31699.85094519519,0,0,0,0
1853,2024,0,2023,2023-06-05,2023-08-11 00:00:00+00:00,Non Graduated,<=24,1.0,Unknown,Unknown,Unknown,1,0,0,1,5973.345622119816,0,0,0,0
1973,2017,1,2024,2023-11-06,2024-02-23 00:00:00+00:00,Graduated,<=24,1.0,Unknown,Unknown,Unknown,0,0,0,1,5785.432985269912,0,0,0,0
1973,2018,1,2024,2023-11-06,2024-02-23 00:00:00+00:00,Graduated,<=24,1.0,Unknown,Unknown,Unknown,0,0,1,1,13693.388850789883,0,0,0,0
1973,2019,1,2024,2023-11-06,2024-02-23 00:00:00+00:00,Graduated,<=24,1.0,Unknown,Unknown,Unknown,0,0,0,1,1790.074030323635,0,0,0,0
1973,2020,1,2024,2023-11-06,2024-02-23 00:00:00+00:00,Graduated,<=24,1.0,Unknown,Unknown,Unknown,0,0,0,1,2436.505601659751,0,0,0,0
1973,2021,1,2024,2023-11-06,2024-02-23 00:00:00+00:00,Graduated,<=24,1.0,Unknown,Unknown,Unknown,0,0,0,1,1455.210536509781,0,0,0,0
1973,2022,1,2024,2023-11-06,2024-02-23 00:00:00+00:00,Graduated,<=24,1.0,Unknown,Unknown,Unknown,0,0,1,1,9314.926565609097,0,0,0,0
1973,2023,1,2024,2023-11-06,2024-02-23 00:00:00+00:00,Graduated,<=24,1.0,Unknown,Unknown,Unknown,0,0,0,1,977.6282871006267,0,0,0,0
1973,2024,1,2024,2023-11-06,2024-02-23 00:00:00+00:00,Graduated,<=24,1.0,Unknown,Unknown,Unknown,1,1,0,1,2261.4100762464586,0,0,0,0
1808,2017,0,2023,2023-04-03,2023-05-01 00:00:00+00:00,Non Graduated,25-34,1.0,Unknown,Unknown,Unknown,0,0,1,1,84763.6983447803,0,0,0,0
1808,2018,0,2023,2023-04-03,2023-05-01 00:00:00+00:00,Non Graduated,25-34,1.0,Unknown,Unknown,Unknown,0,0,1,1,105594.44451803723,0,0,0,0
1808,2019,0,2023,2023-04-03,2023-05-01 00:00:00+00:00,Non Graduated,25-34,1.0,Unknown,Unknown,Unknown,0,0,0,1,69486.21426567834,0,0,0,0
1808,2020,0,2023,2023-04-03,2023-05-01 00:00:00+00:00,Non Graduated,25-34,1.0,Unknown,Unknown,Unknown,0,0,0,0,0.0,0,0,0,0
1808,2021,0,2023,2023-04-03,2023-05-01 00:00:00+00:00,Non Graduated,25-34,1.0,Unknown,Unknown,Unknown,0,0,0,0,0.0,0,0,0,0
1808,2022,0,2023,2023-04-03,2023-05-01 00:00:00+00:00,Non Graduated,25-34,1.0,Unknown,Unknown,Unknown,0,0,0,1,3334.4717070915353,0,0,0,0
1808,2023,0,2023,2023-04-03,2023-05-01 00:00:00+00:00,Non Graduated,25-34,1.0,Unknown,Unknown,Unknown,1,0,0,1,34319.98037525569,0,0,0,0
1808,2024,0,2023,2023-04-03,2023-05-01 00:00:00+00:00,Non Graduated,25-34,1.0,Unknown,Unknown,Unknown,1,0,0,1,25083.022971821305,0,0,0,0
1930,2017,1,2023,2023-09-11,2023-12-15 00:00:00+00:00,Graduated,25-34,1.0,Unknown,Unknown,Unknown,0,0,0,0,0.0,0,0,0,0
1930,2018,1,2023,2023-09-11,2023-12-15 00:00:00+00:00,Graduated,25-34,1.0,Unknown,Unknown,Unknown,0,0,0,0,0.0,0,0,0,0
1930,2019,1,2023,2023-09-11,2023-12-15 00:00:00+00:00,Graduated,25-34,1.0,Unknown,Unknown,Unknown,0,0,0,0,0.0,0,0,0,0
1930,2020,1,2023,2023-09-11,2023-12-15 00:00:00+00:00,Graduated,25-34,1.0,Unknown,Unknown,Unknown,0,0,0,1,1462.8993775933611,0,0,0,0
1930,2021,1,2023,2023-09-11,2023-12-15 00:00:00+00:00,Graduated,25-34,1.0,Unknown,Unknown,Unknown,0,0,0,0,0.0,0,0,0,0
1930,2022,1,2023,2023-09-11,2023-12-15 00:00:00+00:00,Graduated,25-34,1.0,Unknown,Unknown,Unknown,0,0,0,1,8456.117922821748,0,0,0,0
1930,2023,1,2023,2023-09-11,2023-12-15 00:00:00+00:00,Graduated,25-34,1.0,Unknown,Unknown,Unknown,1,1,1,1,20591.170775065068,0,0,0,0
1930,2024,1,2023,2023-09-11,2023-12-15 00:00:00+00:00,Graduated,25-34,1.0,Unknown,Unknown,Unknown,1,1,0,1,20632.746268622785,0,0,0,0
1978,2017,0,2024,2023-11-13,2024-02-05 00:00:00+00:00,Non Graduated,25-34,1.0,Unknown,Unknown,Unknown,0,0,1,1,15264.618720150549,0,0,0,0
1978,2018,0,2024,2023-11-13,2024-02-05 00:00:00+00:00,Non Graduated,25-34,1.0,Unknown,Unknown,Unknown,0,0,1,1,16750.51584460264,0,0,0,0
1978,2019,0,2024,2023-11-13,2024-02-05 00:00:00+00:00,Non Graduated,25-34,1.0,Unknown,Unknown,Unknown,0,0,0,0,0.0,0,0,0,0
1978,2020,0,2024,2023-11-13,2024-02-05 00:00:00+00:00,Non Graduated,25-34,1.0,Unknown,Unknown,Unknown,0,0,0,0,0.0,0,0,0,0
1978,2021,0,2024,2023-11-13,2024-02-05 00:00:00+00:00,Non Graduated,25-34,1.0,Unknown,Unknown,Unknown,0,0,0,0,0.0,0,0,0,0
1978,2022,0,2024,2023-11-13,2024-02-05 00:00:00+00:00,Non Graduated,25-34,1.0,Unknown,Unknown,Unknown,0,0,0,0,0.0,0,0,0,0
1978,2023,0,2024,2023-11-13,2024-02-05 00:00:00+00:00,Non Graduated,25-34,1.0,Unknown,Unknown,Unknown,0,0,0,1,9998.103808213262,0,0,0,0
1978,2024,0,2024,2023-11-13,2024-02-05 00:00:00+00:00,Non Graduated,25-34,1.0,Unknown,Unknown,Unknown,1,0,0,1,1538.6578448573953,1,1,1,0
2012,2017,1,2024,2024-01-03,2024-04-19 00:00:00+00:00,Graduated,25-34,1.0,Unknown,Unknown,Unknown,0,0,0,0,0.0,0,0,0,0
2012,2018,1,2024,2024-01-03,2024-04-19 00:00:00+00:00,Graduated,25-34,1.0,Unknown,Unknown,Unknown,0,0,0,1,6223.5942110982,0,0,0,0
2012,2019,1,2024,2024-01-03,2024-04-19 00:00:00+00:00,Graduated,25-34,1.0,Unknown,Unknown,Unknown,0,0,1,1,21657.024851436458,0,0,0,0
2012,2020,1,2024,2024-01-03,2024-04-19 00:00:00+00:00,Graduated,25-34,1.0,Unknown,Unknown,Unknown,0,0,0,1,3711.942710764629,0,0,0,0
2012,2021,1,2024,2024-01-03,2024-04-19 00:00:00+00:00,Graduated,25-34,1.0,Unknown,Unknown,Unknown,0,0,0,0,0.0,0,0,0,0
2012,2022,1,2024,2024-01-03,2024-04-19 00:00:00+00:00,Graduated,25-34,1.0,Unknown,Unknown,Unknown,0,0,0,0,0.0,0,0,0,0
2012,2023,1,2024,2024-01-03,2024-04-19 00:00:00+00:00,Graduated,25-34,1.0,Unknown,Unknown,Unknown,0,0,0,1,7988.49232930763,0,0,0,0
2012,2024,1,2024,2024-01-03,2024-04-19 00:00:00+00:00,Graduated,25-34,1.0,Unknown,Unknown,Unknown,1,1,0,1,3242.273554281934,0,0,0,0
1816,2017,0,2023,2023-04-10,2023-05-26 00:00:00+00:00,Non Graduated,25-34,1.0,Unknown,Unknown,Unknown,0,0,0,0,0.0,0,0,0,0
1816,2018,0,2023,2023-04-10,2023-05-26 00:00:00+00:00,Non Graduated,25-34,1.0,Unknown,Unknown,Unknown,0,0,0,0,0.0,0,0,0,0
1816,2019,0,2023,2023-04-10,2023-05-26 00:00:00+00:00,Non Graduated,25-34,1.0,Unknown,Unknown,Unknown,0,0,0,0,0.0,0,0,0,0
1816,2020,0,2023,2023-04-10,2023-05-26 00:00:00+00:00,Non Graduated,25-34,1.0,Unknown,Unknown,Unknown,0,0,0,1,2354.7396536115384,0,0,0,0
1816,2021,0,2023,2023-04-10,2023-05-26 00:00:00+00:00,Non Graduated,25-34,1.0,Unknown,Unknown,Unknown,0,0,0,1,1222.74878946349,0,0,0,0
1816,2022,0,2023,2023-04-10,2023-05-26 00:00:00+00:00,Non Graduated,25-34,1.0,Unknown,Unknown,Unknown,0,0,0,1,8466.348863215353,0,0,0,0
1816,2023,0,2023,2023-04-10,2023-05-26 00:00:00+00:00,Non Graduated,25-34,1.0,Unknown,Unknown,Unknown,1,0,1,1,9809.696096452019,0,0,0,0
1816,2024,0,2023,2023-04-10,2023-05-26 00:00:00+00:00,Non Graduated,25-34,1.0,Unknown,Unknown,Unknown,1,0,0,1,9300.924773319066,0,0,0,0
1675,2017,1,2022,2022-09-26,2022-11-23 00:00:00+00:00,Graduated,25-34,1.0,Unknown,Unknown,Unknown,0,0,0,0,0.0,0,0,0,0
1675,2018,1,2022,2022-09-26,2022-11-23 00:00:00+00:00,Graduated,25-34,1.0,Unknown,Unknown,Unknown,0,0,0,0,0.0,0,0,0,0
1675,2019,1,2022,2022-09-26,2022-11-23 00:00:00+00:00,Graduated,25-34,1.0,Unknown,Unknown,Unknown,0,0,0,0,0.0,0,0,0,0
1675,2020,1,2022,2022-09-26,2022-11-23 00:00:00+00:00,Graduated,25-34,1.0,Unknown,Unknown,Unknown,0,0,0,0,0.0,0,0,0,0
1675,2021,1,2022,2022-09-26,2022-11-23 00:00:00+00:00,Graduated,25-34,1.0,Unknown,Unknown,Unknown,0,0,0,0,0.0,0,0,0,0
1675,2022,1,2022,2022-09-26,2022-11-23 00:00:00+00:00,Graduated,25-34,1.0,Unknown,Unknown,Unknown,1,1,0,1,2120.8057842102908,0,0,0,0
1675,2023,1,2022,2022-09-26,2022-11-23 00:00:00+00:00,Graduated,25-34,1.0,Unknown,Unknown,Unknown,1,1,0,1,3362.2727621859194,0,0,0,0
1675,2024,1,2022,2022-09-26,2022-11-23 00:00:00+00:00,Graduated,25-34,1.0,Unknown,Unknown,Unknown,1,1,0,0,0.0,0,0,0,0
1712,2017,0,2023,2022-11-14,2023-01-04 00:00:00+00:00,Non Graduated,25-34,1.0,Unknown,Unknown,Unknown,0,0,0,1,11146.061792789136,0,0,0,0
1712,2018,0,2023,2022-11-14,2023-01-04 00:00:00+00:00,Non Graduated,25-34,1.0,Unknown,Unknown,Unknown,0,0,1,1,17394.861027589035,0,0,0,0
1712,2019,0,2023,2022-11-14,2023-01-04 00:00:00+00:00,Non Graduated,25-34,1.0,Unknown,Unknown,Unknown,0,0,1,1,21860.292873880524,0,0,0,0
1712,2020,0,2023,2022-11-14,2023-01-04 00:00:00+00:00,Non Graduated,25-34,1.0,Unknown,Unknown,Unknown,0,0,0,1,21690.870756534452,0,0,0,0
1712,2021,0,2023,2022-11-14,2023-01-04 00:00:00+00:00,Non Graduated,25-34,1.0,Unknown,Unknown,Unknown,0,0,1,1,27353.03031728338,0,0,0,0
1712,2022,0,2023,2022-11-14,2023-01-04 00:00:00+00:00,Non Graduated,25-34,1.0,Unknown,Unknown,Unknown,0,0,1,1,42504.97130512389,0,0,0,0
1712,2023,0,2023,2022-11-14,2023-01-04 00:00:00+00:00,Non Graduated,25-34,1.0,Unknown,Unknown,Unknown,1,0,1,1,43304.55346932764,0,0,0,0
1712,2024,0,2023,2022-11-14,2023-01-04 00:00:00+00:00,Non Graduated,25-34,1.0,Unknown,Unknown,Unknown,1,0,0,1,40002.232166129565,0,0,0,0
1999,2017,1,2024,2023-12-11,2024-03-01 00:00:00+00:00,Graduated,25-34,1.0,Unknown,Unknown,Unknown,0,0,1,1,3525.279489835982,0,0,0,0
1999,2018,1,2024,2023-12-11,2024-03-01 00:00:00+00:00,Graduated,25-34,1.0,Unknown,Unknown,Unknown,0,0,1,1,7642.700958645714,0,0,0,0
1999,2019,1,2024,2023-12-11,2024-03-01 00:00:00+00:00,Graduated,25-34,1.0,Unknown,Unknown,Unknown,0,0,1,1,10224.696348403531,0,0,0,0
1999,2020,1,2024,2023-12-11,2024-03-01 00:00:00+00:00,Graduated,25-34,1.0,Unknown,Unknown,Unknown,0,0,1,1,2549.2278781252357,0,0,0,0
1999,2021,1,2024,2023-12-11,2024-03-01 00:00:00+00:00,Graduated,25-34,1.0,Unknown,Unknown,Unknown,0,0,0,1,210.37788107689326,0,0,0,0
1999,2022,1,2024,2023-12-11,2024-03-01 00:00:00+00:00,Graduated,25-34,1.0,Unknown,Unknown,Unknown,0,0,0,1,5928.825202133121,0,0,0,0
1999,2023,1,2024,2023-12-11,2024-03-01 00:00:00+00:00,Graduated,25-34,1.0,Unknown,Unknown,Unknown,0,0,1,1,37158.39097546775,0,0,0,0
1999,2024,1,2024,2023-12-11,2024-03-01 00:00:00+00:00,Graduated,25-34,1.0,Unknown,Unknown,Unknown,1,1,0,1,10931.800706149479,0,0,0,0
1859,2017,0,2023,2023-06-12,2023-08-23 00:00:00+00:00,Non Graduated,25-34,1.0,Unknown,Unknown,Unknown,0,0,0,0,0.0,0,0,0,0
1859,2018,0,2023,2023-06-12,2023-08-23 00:00:00+00:00,Non Graduated,25-34,1.0,Unknown,Unknown,Unknown,0,0,0,0,0.0,0,0,0,0
1859,2019,0,2023,2023-06-12,2023-08-23 00:00:00+00:00,Non Graduated,25-34,1.0,Unknown,Unknown,Unknown,0,0,0,1,1022.2961609914354,0,0,0,0
1859,2020,0,2023,2023-06-12,2023-08-23 00:00:00+00:00,Non Graduated,25-34,1.0,Unknown,Unknown,Unknown,0,0,0,0,0.0,0,0,0,0
1859,2021,0,2023,2023-06-12,2023-08-23 00:00:00+00:00,Non Graduated,25-34,1.0,Unknown,Unknown,Unknown,0,0,1,1,7773.278550075987,0,0,0,0
1859,2022,0,2023,2023-06-12,2023-08-23 00:00:00+00:00,Non Graduated,25-34,1.0,Unknown,Unknown,Unknown,0,0,1,1,12660.113204924746,0,0,0,0
1859,2023,0,2023,2023-06-12,2023-08-23 00:00:00+00:00,Non Graduated,25-34,1.0,Unknown,Unknown,Unknown,1,0,0,1,11703.234254082925,0,0,0,0
1859,2024,0,2023,2023-06-12,2023-08-23 00:00:00+00:00,Non Graduated,25-34,1.0,Unknown,Unknown,Unknown,1,0,0,1,20067.777658322066,0,0,0,0
2115,2017,1,2024,2024-05-06,2024-08-09 00:00:00+00:00,Graduated,25-34,1.0,Unknown,Unknown,Unknown,0,0,0,0,0.0,0,0,0,0
2115,2018,1,2024,2024-05-06,2024-08-09 00:00:00+00:00,Graduated,25-34,1.0,Unknown,Unknown,Unknown,0,0,0,0,0.0,0,0,0,0
2115,2019,1,2024,2024-05-06,2024-08-09 00:00:00+00:00,Graduated,25-34,1.0,Unknown,Unknown,Unknown,0,0,0,0,0.0,0,0,0,0
2115,2020,1,2024,2024-05-06,2024-08-09 00:00:00+00:00,Graduated,25-34,1.0,Unknown,Unknown,Unknown,0,0,0,0,0.0,0,0,0,0
2115,2021,1,2024,2024-05-06,2024-08-09 00:00:00+00:00,Graduated,25-34,1.0,Unknown,Unknown,Unknown,0,0,0,0,0.0,0,0,0,0
2115,2022,1,2024,2024-05-06,2024-08-09 00:00:00+00:00,Graduated,25-34,1.0,Unknown,Unknown,Unknown,0,0,0,1,1160.5900263882695,0,0,0,0
2115,2023,1,2024,2024-05-06,2024-08-09 00:00:00+00:00,Graduated,25-34,1.0,Unknown,Unknown,Unknown,0,0,0,1,13081.073393661105,0,0,0,0
2115,2024,1,2024,2024-05-06,2024-08-09 00:00:00+00:00,Graduated,25-34,1.0,Unknown,Unknown,Unknown,1,1,0,1,1587.6139980897228,0,0,0,0
2044,2017,0,2024,2024-02-19,2024-05-03 00:00:00+00:00,Non Graduated,25-34,1.0,Unknown,Unknown,Unknown,0,0,0,0,0.0,0,0,0,0
2044,2018,0,2024,2024-02-19,2024-05-03 00:00:00+00:00,Non Graduated,25-34,1.0,Unknown,Unknown,Unknown,0,0,0,0,0.0,0,0,0,0
2044,2019,0,2024,2024-02-19,2024-05-03 00:00:00+00:00,Non Graduated,25-34,1.0,Unknown,Unknown,Unknown,0,0,0,0,0.0,0,0,0,0
2044,2020,0,2024,2024-02-19,2024-05-03 00:00:00+00:00,Non Graduated,25-34,1.0,Unknown,Unknown,Unknown,0,0,0,0,0.0,0,0,0,0
2044,2021,0,2024,2024-02-19,2024-05-03 00:00:00+00:00,Non Graduated,25-34,1.0,Unknown,Unknown,Unknown,0,0,0,1,6742.746916486581,0,0,0,0
2044,2022,0,2024,2024-02-19,2024-05-03 00:00:00+00:00,Non Graduated,25-34,1.0,Unknown,Unknown,Unknown,0,0,1,1,6414.612910543329,0,0,0,0
2044,2023,0,2024,2024-02-19,2024-05-03 00:00:00+00:00,Non Graduated,25-34,1.0,Unknown,Unknown,Unknown,0,0,1,1,11895.189431476185,0,0,0,0
2044,2024,0,2024,2024-02-19,2024-05-03 00:00:00+00:00,Non Graduated,25-34,1.0,Unknown,Unknown,Unknown,1,0,0,1,1304.1508254606777,0,0,0,0
1833,2017,1,2023,2023-05-01,2023-08-18 00:00:00+00:00,Graduated,25-34,1.0,Unknown,Unknown,Unknown,0,0,0,0,0.0,0,0,0,0
1833,2018,1,2023,2023-05-01,2023-08-18 00:00:00+00:00,Graduated,25-34,1.0,Unknown,Unknown,Unknown,0,0,0,1,15178.252529070005,0,0,0,0
1833,2019,1,2023,2023-05-01,2023-08-18 00:00:00+00:00,Graduated,25-34,1.0,Unknown,Unknown,Unknown,0,0,1,1,79312.84147677392,0,0,0,0
1833,2020,1,2023,2023-05-01,2023-08-18 00:00:00+00:00,Graduated,25-34,1.0,Unknown,Unknown,Unknown,0,0,0,1,26812.70225819084,0,0,0,0
1833,2021,1,2023,2023-05-01,2023-08-18 00:00:00+00:00,Graduated,25-34,1.0,Unknown,Unknown,Unknown,0,0,1,1,63236.21898430462,0,0,0,0
1833,2022,1,2023,2023-05-01,2023-08-18 00:00:00+00:00,Graduated,25-34,1.0,Unknown,Unknown,Unknown,0,0,1,1,97026.24691464407,0,0,0,0
1833,2023,1,2023,2023-05-01,2023-08-18 00:00:00+00:00,Graduated,25-34,1.0,Unknown,Unknown,Unknown,1,1,1,1,76369.82121940557,0,0,0,0
1833,2024,1,2023,2023-05-01,2023-08-18 00:00:00+00:00,Graduated,25-34,1.0,Unknown,Unknown,Unknown,1,1,0,1,62562.53883923976,0,0,0,0
1644,2017,0,2022,2022-08-15,2022-09-15 00:00:00+00:00,Non Graduated,25-34,1.0,Unknown,Unknown,Unknown,0,0,0,0,0.0,0,0,0,0
1644,2018,0,2022,2022-08-15,2022-09-15 00:00:00+00:00,Non Graduated,25-34,1.0,Unknown,Unknown,Unknown,0,0,0,0,0.0,0,0,0,0
1644,2019,0,2022,2022-08-15,2022-09-15 00:00:00+00:00,Non Graduated,25-34,1.0,Unknown,Unknown,Unknown,0,0,0,1,1927.2272400128052,0,0,0,0
1644,2020,0,2022,2022-08-15,2022-09-15 00:00:00+00:00,Non Graduated,25-34,1.0,Unknown,Unknown,Unknown,0,0,0,1,1502.8649001435845,0,0,0,0
1644,2021,0,2022,2022-08-15,2022-09-15 00:00:00+00:00,Non Graduated,25-34,1.0,Unknown,Unknown,Unknown,0,0,0,1,8332.503842747814,0,0,0,0
1644,2022,0,2022,2022-08-15,2022-09-15 00:00:00+00:00,Non Graduated,25-34,1.0,Unknown,Unknown,Unknown,1,0,0,1,13201.43685787627,0,0,0,0
1644,2023,0,2022,2022-08-15,2022-09-15 00:00:00+00:00,Non Graduated,25-34,1.0,Unknown,Unknown,Unknown,1,0,0,1,2719.4528883234602,0,0,0,0
1644,2024,0,2022,2022-08-15,2022-09-15 00:00:00+00:00,Non Graduated,25-34,1.0,Unknown,Unknown,Unknown,1,0,0,0,0.0,0,0,0,0
1688,2017,1,2022,2022-10-11,2022-12-23 00:00:00+00:00,Graduated,25-34,1.0,Unknown,Unknown,Unknown,0,0,0,0,0.0,0,0,0,0
1688,2018,1,2022,2022-10-11,2022-12-23 00:00:00+00:00,Graduated,25-34,1.0,Unknown,Unknown,Unknown,0,0,0,1,1349.1606051362903,0,0,0,0
1688,2019,1,2022,2022-10-11,2022-12-23 00:00:00+00:00,Graduated,25-34,1.0,Unknown,Unknown,Unknown,0,0,0,1,2024.0165657527225,0,0,0,0
1688,2020,1,2022,2022-10-11,2022-12-23 00:00:00+00:00,Graduated,25-34,1.0,Unknown,Unknown,Unknown,0,0,0,1,6278.383594211997,0,0,0,0
1688,2021,1,2022,2022-10-11,2022-12-23 00:00:00+00:00,Graduated,25-34,1.0,Unknown,Unknown,Unknown,0,0,1,1,18294.399181922006,0,0,0,0
1688,2022,1,2022,2022-10-11,2022-12-23 00:00:00+00:00,Graduated,25-34,1.0,Unknown,Unknown,Unknown,1,1,1,1,21217.565257242364,0,0,0,0
1688,2023,1,2022,2022-10-11,2022-12-23 00:00:00+00:00,Graduated,25-34,1.0,Unknown,Unknown,Unknown,1,1,0,1,2000.8022673955957,0,0,0,0
1688,2024,1,2022,2022-10-11,2022-12-23 00:00:00+00:00,Graduated,25-34,1.0,Unknown,Unknown,Unknown,1,1,0,1,940.4011087817672,0,0,0,0
1490,2017,0,2022,2022-01-03,2022-01-18 00:00:00+00:00,Non Graduated,25-34,1.0,Unknown,Unknown,Unknown,0,0,0,0,0.0,0,0,0,0
1490,2018,0,2022,2022-01-03,2022-01-18 00:00:00+00:00,Non Graduated,25-34,1.0,Unknown,Unknown,Unknown,0,0,0,1,1139.918760571861,0,0,0,0
1490,2019,0,2022,2022-01-03,2022-01-18 00:00:00+00:00,Non Graduated,25-34,1.0,Unknown,Unknown,Unknown,0,0,0,1,3587.74689918248,0,0,0,0
1490,2020,0,2022,2022-01-03,2022-01-18 00:00:00+00:00,Non Graduated,25-34,1.0,Unknown,Unknown,Unknown,0,0,0,1,5406.278104115362,0,0,0,0
1490,2021,0,2022,2022-01-03,2022-01-18 00:00:00+00:00,Non Graduated,25-34,1.0,Unknown,Unknown,Unknown,0,0,1,1,8979.66690064644,0,0,0,0
1490,2022,0,2022,2022-01-03,2022-01-18 00:00:00+00:00,Non Graduated,25-34,1.0,Unknown,Unknown,Unknown,1,0,1,1,11170.010606220565,0,0,0,0
1490,2023,0,2022,2022-01-03,2022-01-18 00:00:00+00:00,Non Graduated,25-34,1.0,Unknown,Unknown,Unknown,1,0,1,1,7862.43620980075,0,0,0,0
1490,2024,0,2022,2022-01-03,2022-01-18 00:00:00+00:00,Non Graduated,25-34,1.0,Unknown,Unknown,Unknown,1,0,0,1,12146.016237710497,0,0,0,0
2041,2017,1,2024,2024-02-12,2024-05-03 00:00:00+00:00,Graduated,25-34,1.0,Unknown,Unknown,Unknown,0,0,0,1,14767.886408678292,0,0,0,0
2041,2018,1,2024,2024-02-12,2024-05-03 00:00:00+00:00,Graduated,25-34,1.0,Unknown,Unknown,Unknown,0,0,1,1,19898.924123785648,0,0,0,0
2041,2019,1,2024,2024-02-12,2024-05-03 00:00:00+00:00,Graduated,25-34,1.0,Unknown,Unknown,Unknown,0,0,1,1,13345.577175122038,0,0,0,0
2041,2020,1,2024,2024-02-12,2024-05-03 00:00:00+00:00,Graduated,25-34,1.0,Unknown,Unknown,Unknown,0,0,0,0,0.0,0,0,0,0
2041,2021,1,2024,2024-02-12,2024-05-03 00:00:00+00:00,Graduated,25-34,1.0,Unknown,Unknown,Unknown,0,0,1,1,32429.4291133257,0,0,0,0
2041,2022,1,2024,2024-02-12,2024-05-03 00:00:00+00:00,Graduated,25-34,1.0,Unknown,Unknown,Unknown,0,0,1,1,23432.5256698135,0,0,0,0
2041,2023,1,2024,2024-02-12,2024-05-03 00:00:00+00:00,Graduated,25-34,1.0,Unknown,Unknown,Unknown,0,0,1,1,24831.447387759108,0,0,0,0
2041,2024,1,2024,2024-02-12,2024-05-03 00:00:00+00:00,Graduated,25-34,1.0,Unknown,Unknown,Unknown,1,1,0,1,7769.820198433278,0,0,0,0
1924,2017,0,2023,2023-09-05,2023-09-25 00:00:00+00:00,Non Graduated,25-34,1.0,Unknown,Unknown,Unknown,0,0,0,0,0.0,0,0,0,0
1924,2018,0,2023,2023-09-05,2023-09-25 00:00:00+00:00,Non Graduated,25-34,1.0,Unknown,Unknown,Unknown,0,0,0,0,0.0,0,0,0,0
1924,2019,0,2023,2023-09-05,2023-09-25 00:00:00+00:00,Non Graduated,25-34,1.0,Unknown,Unknown,Unknown,0,0,0,1,1373.1583001959034,0,0,0,0
1924,2020,0,2023,2023-09-05,2023-09-25 00:00:00+00:00,Non Graduated,25-34,1.0,Unknown,Unknown,Unknown,0,0,0,1,3672.6198572713765,0,0,0,0
1924,2021,0,2023,2023-09-05,2023-09-25 00:00:00+00:00,Non Graduated,25-34,1.0,Unknown,Unknown,Unknown,0,0,1,1,10598.469022779813,0,0,0,0
1924,2022,0,2023,2023-09-05,2023-09-25 00:00:00+00:00,Non Graduated,25-34,1.0,Unknown,Unknown,Unknown,0,0,0,1,9163.40430927225,0,0,0,0
1924,2023,0,2023,2023-09-05,2023-09-25 00:00:00+00:00,Non Graduated,25-34,1.0,Unknown,Unknown,Unknown,1,0,0,1,3208.954790149375,0,0,0,0
1924,2024,0,2023,2023-09-05,2023-09-25 00:00:00+00:00,Non Graduated,25-34,1.0,Unknown,Unknown,Unknown,1,0,0,1,6128.110008835074,0,0,0,0
1774,2017,1,2023,2023-02-13,2023-04-28 00:00:00+00:00,Graduated,25-34,1.0,Unknown,Unknown,Unknown,0,0,1,1,31177.574689699097,0,0,0,0
1774,2018,1,2023,2023-02-13,2023-04-28 00:00:00+00:00,Graduated,25-34,1.0,Unknown,Unknown,Unknown,0,0,1,1,32133.567671188102,0,0,0,0
1774,2019,1,2023,2023-02-13,2023-04-28 00:00:00+00:00,Graduated,25-34,1.0,Unknown,Unknown,Unknown,0,0,1,1,34530.11936517214,0,0,0,0
1774,2020,1,2023,2023-02-13,2023-04-28 00:00:00+00:00,Graduated,25-34,1.0,Unknown,Unknown,Unknown,0,0,1,1,34422.56345844947,0,0,0,0
1774,2021,1,2023,2023-02-13,2023-04-28 00:00:00+00:00,Graduated,25-34,1.0,Unknown,Unknown,Unknown,0,0,1,1,32725.80828011336,0,0,0,0
1774,2022,1,2023,2023-02-13,2023-04-28 00:00:00+00:00,Graduated,25-34,1.0,Unknown,Unknown,Unknown,0,0,1,1,27809.6194685963,0,0,0,0
1774,2023,1,2023,2023-02-13,2023-04-28 00:00:00+00:00,Graduated,25-34,1.0,Unknown,Unknown,Unknown,1,1,1,1,24736.625488701782,0,0,0,0
1774,2024,1,2023,2023-02-13,2023-04-28 00:00:00+00:00,Graduated,25-34,1.0,Unknown,Unknown,Unknown,1,1,0,1,16107.397908841356,0,0,0,0
1556,2017,0,2022,2022-04-18,2022-06-03 00:00:00+00:00,Non Graduated,25-34,1.0,Unknown,Unknown,Unknown,0,0,0,0,0.0,0,0,0,0
1556,2018,0,2022,2022-04-18,2022-06-03 00:00:00+00:00,Non Graduated,25-34,1.0,Unknown,Unknown,Unknown,0,0,0,1,1349.1606051362903,0,0,0,0
1556,2019,0,2022,2022-04-18,2022-06-03 00:00:00+00:00,Non Graduated,25-34,1.0,Unknown,Unknown,Unknown,0,0,0,1,3113.4512304963355,0,0,0,0
1556,2020,0,2022,2022-04-18,2022-06-03 00:00:00+00:00,Non Graduated,25-34,1.0,Unknown,Unknown,Unknown,0,0,1,1,12807.09045256372,0,0,0,0
1556,2021,0,2022,2022-04-18,2022-06-03 00:00:00+00:00,Non Graduated,25-34,1.0,Unknown,Unknown,Unknown,0,0,1,1,14508.998985850678,0,0,0,0
1556,2022,0,2022,2022-04-18,2022-06-03 00:00:00+00:00,Non Graduated,25-34,1.0,Unknown,Unknown,Unknown,1,0,1,1,1692.3471029310408,0,0,0,0
1556,2023,0,2022,2022-04-18,2022-06-03 00:00:00+00:00,Non Graduated,25-34,1.0,Unknown,Unknown,Unknown,1,0,1,1,33654.28869255676,0,0,0,0
1556,2024,0,2022,2022-04-18,2022-06-03 00:00:00+00:00,Non Graduated,25-34,1.0,Unknown,Unknown,Unknown,1,0,0,1,6037.616978074852,0,0,0,0
1878,2017,1,2023,2023-07-10,2023-09-29 00:00:00+00:00,Graduated,25-34,1.0,Unknown,Unknown,Unknown,0,0,0,0,0.0,0,0,0,0
1878,2018,1,2023,2023-07-10,2023-09-29 00:00:00+00:00,Graduated,25-34,1.0,Unknown,Unknown,Unknown,0,0,0,0,0.0,0,0,0,0
1878,2019,1,2023,2023-07-10,2023-09-29 00:00:00+00:00,Graduated,25-34,1.0,Unknown,Unknown,Unknown,0,0,0,0,0.0,0,0,0,0
1878,2020,1,2023,2023-07-10,2023-09-29 00:00:00+00:00,Graduated,25-34,1.0,Unknown,Unknown,Unknown,0,0,0,0,0.0,0,0,0,0
1878,2021,1,2023,2023-07-10,2023-09-29 00:00:00+00:00,Graduated,25-34,1.0,Unknown,Unknown,Unknown,0,0,0,1,3873.484023724048,0,0,0,0
1878,2022,1,2023,2023-07-10,2023-09-29 00:00:00+00:00,Graduated,25-34,1.0,Unknown,Unknown,Unknown,0,0,1,1,6158.120384356933,0,0,0,0
1878,2023,1,2023,2023-07-10,2023-09-29 00:00:00+00:00,Graduated,25-34,1.0,Unknown,Unknown,Unknown,1,1,1,1,6960.518771005019,0,0,0,0
1878,2024,1,2023,2023-07-10,2023-09-29 00:00:00+00:00,Graduated,25-34,1.0,Unknown,Unknown,Unknown,1,1,0,1,7769.867953880517,0,0,0,0
2139,2017,0,2024,2024-05-28,2024-06-24 00:00:00+00:00,Non Graduated,25-34,1.0,Unknown,Unknown,Unknown,0,0,0,1,1379.8806169703303,0,0,0,0
2139,2018,0,2024,2024-05-28,2024-06-24 00:00:00+00:00,Non Graduated,25-34,1.0,Unknown,Unknown,Unknown,0,0,1,1,8083.961481522291,0,0,0,0
2139,2019,0,2024,2024-05-28,2024-06-24 00:00:00+00:00,Non Graduated,25-34,1.0,Unknown,Unknown,Unknown,0,0,0,1,12646.177647030117,0,0,0,0
2139,2020,0,2024,2024-05-28,2024-06-24 00:00:00+00:00,Non Graduated,25-34,1.0,Unknown,Unknown,Unknown,0,0,0,1,2801.979765623265,0,0,0,0
2139,2021,0,2024,2024-05-28,2024-06-24 00:00:00+00:00,Non Graduated,25-34,1.0,Unknown,Unknown,Unknown,0,0,1,1,18914.138567021673,0,0,0,0
2139,2022,0,2024,2024-05-28,2024-06-24 00:00:00+00:00,Non Graduated,25-34,1.0,Unknown,Unknown,Unknown,0,0,1,1,20208.664248685716,0,0,0,0
2139,2023,0,2024,2024-05-28,2024-06-24 00:00:00+00:00,Non Graduated,25-34,1.0,Unknown,Unknown,Unknown,0,0,1,1,9243.481639682837,0,0,0,0
2139,2024,0,2024,2024-05-28,2024-06-24 00:00:00+00:00,Non Graduated,25-34,1.0,Unknown,Unknown,Unknown,1,0,0,1,4476.5881035026905,0,0,0,0
1742,2017,1,2023,2023-01-03,2023-03-17 00:00:00+00:00,Graduated,25-34,1.0,Unknown,Unknown,Unknown,0,0,0,0,0.0,0,0,0,0
1742,2018,1,2023,2023-01-03,2023-03-17 00:00:00+00:00,Graduated,25-34,1.0,Unknown,Unknown,Unknown,0,0,0,0,0.0,0,0,0,0
1742,2019,1,2023,2023-01-03,2023-03-17 00:00:00+00:00,Graduated,25-34,1.0,Unknown,Unknown,Unknown,0,0,0,1,13047.963236281561,0,0,0,0
1742,2020,1,2023,2023-01-03,2023-03-17 00:00:00+00:00,Graduated,25-34,1.0,Unknown,Unknown,Unknown,0,0,1,1,24442.873012298387,0,0,0,0
1742,2021,1,2023,2023-01-03,2023-03-17 00:00:00+00:00,Graduated,25-34,1.0,Unknown,Unknown,Unknown,0,0,0,1,8228.742436888668,0,0,0,0
1742,2022,1,2023,2023-01-03,2023-03-17 00:00:00+00:00,Graduated,25-34,1.0,Unknown,Unknown,Unknown,0,0,0,1,10079.323843954846,0,0,0,0
1742,2023,1,2023,2023-01-03,2023-03-17 00:00:00+00:00,Graduated,25-34,1.0,Unknown,Unknown,Unknown,1,1,1,1,7505.293333179623,0,0,0,0
1742,2024,1,2023,2023-01-03,2023-03-17 00:00:00+00:00,Graduated,25-34,1.0,Unknown,Unknown,Unknown,1,1,0,1,7806.279889932943,0,0,0,0
1603,2017,0,2022,2022-06-13,2022-06-29 00:00:00+00:00,Non Graduated,25-34,1.0,Unknown,Unknown,Unknown,0,0,0,1,1171.1260802450377,0,0,0,0
1603,2018,0,2022,2022-06-13,2022-06-29 00:00:00+00:00,Non Graduated,25-34,1.0,Unknown,Unknown,Unknown,0,0,0,1,2541.091637993288,0,0,0,0
1603,2019,0,2022,2022-06-13,2022-06-29 00:00:00+00:00,Non Graduated,25-34,1.0,Unknown,Unknown,Unknown,0,0,0,1,1625.6194391849858,0,0,0,0
1603,2020,0,2022,2022-06-13,2022-06-29 00:00:00+00:00,Non Graduated,25-34,1.0,Unknown,Unknown,Unknown,0,0,0,1,1789.9855157352486,0,0,0,0
1603,2021,0,2022,2022-06-13,2022-06-29 00:00:00+00:00,Non Graduated,25-34,1.0,Unknown,Unknown,Unknown,0,0,0,1,972.6134394454783,0,0,0,0
1603,2022,0,2022,2022-06-13,2022-06-29 00:00:00+00:00,Non Graduated,25-34,1.0,Unknown,Unknown,Unknown,1,0,0,1,1425.278362289689,0,0,0,0
1603,2023,0,2022,2022-06-13,2022-06-29 00:00:00+00:00,Non Graduated,25-34,1.0,Unknown,Unknown,Unknown,1,0,0,1,2878.3275998096738,2,1,1,0
1603,2024,0,2022,2022-06-13,2022-06-29 00:00:00+00:00,Non Graduated,25-34,1.0,Unknown,Unknown,Unknown,1,0,0,1,511.59635235139643,0,0,1,1
1569,2017,1,2022,2022-05-02,2022-07-29 00:00:00+00:00,Graduated,25-34,1.0,Unknown,Unknown,Unknown,0,0,0,0,0.0,0,0,0,0
1569,2018,1,2022,2022-05-02,2022-07-29 00:00:00+00:00,Graduated,25-34,1.0,Unknown,Unknown,Unknown,0,0,0,0,0.0,0,0,0,0
1569,2019,1,2022,2022-05-02,2022-07-29 00:00:00+00:00,Graduated,25-34,1.0,Unknown,Unknown,Unknown,0,0,0,0,0.0,0,0,0,0
1569,2020,1,2022,2022-05-02,2022-07-29 00:00:00+00:00,Graduated,25-34,1.0,Unknown,Unknown,Unknown,0,0,0,0,0.0,0,0,0,0
1569,2021,1,2022,2022-05-02,2022-07-29 00:00:00+00:00,Graduated,25-34,1.0,Unknown,Unknown,Unknown,0,0,0,1,1386.1137898670454,0,0,0,0
1569,2022,1,2022,2022-05-02,2022-07-29 00:00:00+00:00,Graduated,25-34,1.0,Unknown,Unknown,Unknown,1,1,0,1,729.3263576176105,0,0,0,0
1569,2023,1,2022,2022-05-02,2022-07-29 00:00:00+00:00,Graduated,25-34,1.0,Unknown,Unknown,Unknown,1,1,0,1,292.02178666560644,0,0,0,0
1569,2024,1,2022,2022-05-02,2022-07-29 00:00:00+00:00,Graduated,25-34,1.0,Unknown,Unknown,Unknown,1,1,0,0,0.0,0,0,0,0
1926,2017,0,2023,2023-08-28,2023-09-08 00:00:00+00:00,Non Graduated,25-34,1.0,Unknown,Unknown,Unknown,0,0,0,0,0.0,0,0,0,0
1926,2018,0,2023,2023-08-28,2023-09-08 00:00:00+00:00,Non Graduated,25-34,1.0,Unknown,Unknown,Unknown,0,0,0,0,0.0,0,0,0,0
1926,2019,0,2023,2023-08-28,2023-09-08 00:00:00+00:00,Non Graduated,25-34,1.0,Unknown,Unknown,Unknown,0,0,0,0,0.0,0,0,0,0
1926,2020,0,2023,2023-08-28,2023-09-08 00:00:00+00:00,Non Graduated,25-34,1.0,Unknown,Unknown,Unknown,0,0,0,0,0.0,0,0,0,0
1926,2021,0,2023,2023-08-28,2023-09-08 00:00:00+00:00,Non Graduated,25-34,1.0,Unknown,Unknown,Unknown,0,0,0,1,5482.610304086771,0,0,0,0
1926,2022,0,2023,2023-08-28,2023-09-08 00:00:00+00:00,Non Graduated,25-34,1.0,Unknown,Unknown,Unknown,0,0,1,1,31068.23364040413,0,0,0,0
1926,2023,0,2023,2023-08-28,2023-09-08 00:00:00+00:00,Non Graduated,25-34,1.0,Unknown,Unknown,Unknown,1,0,0,1,208.33668629922002,0,0,0,0
1926,2024,0,2023,2023-08-28,2023-09-08 00:00:00+00:00,Non Graduated,25-34,1.0,Unknown,Unknown,Unknown,1,0,0,1,14.525428070130502,0,0,0,0
1686,2017,1,2022,2022-10-10,2022-12-23 00:00:00+00:00,Graduated,25-34,1.0,Unknown,Unknown,Unknown,0,0,0,0,0.0,0,0,0,0
1686,2018,1,2022,2022-10-10,2022-12-23 00:00:00+00:00,Graduated,25-34,1.0,Unknown,Unknown,Unknown,0,0,0,0,0.0,0,0,0,0
1686,2019,1,2022,2022-10-10,2022-12-23 00:00:00+00:00,Graduated,25-34,1.0,Unknown,Unknown,Unknown,0,0,0,1,374.4145167023138,0,0,0,0
1686,2020,1,2022,2022-10-10,2022-12-23 00:00:00+00:00,Graduated,25-34,1.0,Unknown,Unknown,Unknown,0,0,0,1,5111.0075472616145,0,0,0,0
1686,2021,1,2022,2022-10-10,2022-12-23 00:00:00+00:00,Graduated,25-34,1.0,Unknown,Unknown,Unknown,0,0,1,1,35919.62493240757,0,0,0,0
1686,2022,1,2022,2022-10-10,2022-12-23 00:00:00+00:00,Graduated,25-34,1.0,Unknown,Unknown,Unknown,1,1,0,1,10721.126181756195,0,0,0,0
1686,2023,1,2022,2022-10-10,2022-12-23 00:00:00+00:00,Graduated,25-34,1.0,Unknown,Unknown,Unknown,1,1,1,1,23530.45421585135,0,0,0,0
1686,2024,1,2022,2022-10-10,2022-12-23 00:00:00+00:00,Graduated,25-34,1.0,Unknown,Unknown,Unknown,1,1,0,1,27476.49201109137,0,0,0,0
1546,2017,0,2022,2022-03-29,2022-04-28 00:00:00+00:00,Non Graduated,25-34,1.0,Unknown,Unknown,Unknown,0,0,1,1,10169.634455937528,0,0,0,0
1546,2018,0,2022,2022-03-29,2022-04-28 00:00:00+00:00,Non Graduated,25-34,1.0,Unknown,Unknown,Unknown,0,0,0,1,2151.668488583633,0,0,0,0
1546,2019,0,2022,2022-03-29,2022-04-28 00:00:00+00:00,Non Graduated,25-34,1.0,Unknown,Unknown,Unknown,0,0,0,1,18559.5506553917,0,0,0,0
1546,2020,0,2022,2022-03-29,2022-04-28 00:00:00+00:00,Non Graduated,25-34,1.0,Unknown,Unknown,Unknown,0,0,0,1,18655.80374329538,0,0,0,0
1546,2021,0,2022,2022-03-29,2022-04-28 00:00:00+00:00,Non Graduated,25-34,1.0,Unknown,Unknown,Unknown,0,0,1,1,8297.709824592686,1,1,1,0
1546,2022,0,2022,2022-03-29,2022-04-28 00:00:00+00:00,Non Graduated,25-34,1.0,Unknown,Unknown,Unknown,1,0,1,1,7659.000080720841,0,0,1,1
1546,2023,0,2022,2022-03-29,2022-04-28 00:00:00+00:00,Non Graduated,25-34,1.0,Unknown,Unknown,Unknown,1,0,0,1,2575.589214010257,0,0,1,1
1546,2024,0,2022,2022-03-29,2022-04-28 00:00:00+00:00,Non Graduated,25-34,1.0,Unknown,Unknown,Unknown,1,0,0,0,0.0,0,0,1,1
2056,2017,1,2024,2024-02-19,2024-05-31 00:00:00+00:00,Graduated,25-34,1.0,Unknown,Unknown,Unknown,0,0,0,1,4556.912081102295,0,0,0,0
2056,2018,1,2024,2024-02-19,2024-05-31 00:00:00+00:00,Graduated,25-34,1.0,Unknown,Unknown,Unknown,0,0,0,1,5016.981480898358,0,0,0,0
2056,2019,1,2024,2024-02-19,2024-05-31 00:00:00+00:00,Graduated,25-34,1.0,Unknown,Unknown,Unknown,0,0,0,1,1146.2070952553847,0,0,0,0
2056,2020,1,2024,2024-02-19,2024-05-31 00:00:00+00:00,Graduated,25-34,1.0,Unknown,Unknown,Unknown,0,0,0,1,10187.878886142527,0,0,0,0
2056,2021,1,2024,2024-02-19,2024-05-31 00:00:00+00:00,Graduated,25-34,1.0,Unknown,Unknown,Unknown,0,0,1,1,39109.60298099005,0,0,0,0
2056,2022,1,2024,2024-02-19,2024-05-31 00:00:00+00:00,Graduated,25-34,1.0,Unknown,Unknown,Unknown,0,0,1,1,43331.77024227362,0,0,0,0
2056,2023,1,2024,2024-02-19,2024-05-31 00:00:00+00:00,Graduated,25-34,1.0,Unknown,Unknown,Unknown,0,0,0,1,28205.922370868895,0,0,0,0
2056,2024,1,2024,2024-02-19,2024-05-31 00:00:00+00:00,Graduated,25-34,1.0,Unknown,Unknown,Unknown,1,1,0,0,0.0,0,0,0,0
2074,2017,0,2024,2024-05-20,2024-06-24 00:00:00+00:00,Non Graduated,25-34,1.0,Unknown,Unknown,Unknown,0,0,0,0,0.0,0,0,0,0
2074,2018,0,2024,2024-05-20,2024-06-24 00:00:00+00:00,Non Graduated,25-34,1.0,Unknown,Unknown,Unknown,0,0,0,0,0.0,0,0,0,0
2074,2019,0,2024,2024-05-20,2024-06-24 00:00:00+00:00,Non Graduated,25-34,1.0,Unknown,Unknown,Unknown,0,0,0,0,0.0,0,0,0,0
2074,2020,0,2024,2024-05-20,2024-06-24 00:00:00+00:00,Non Graduated,25-34,1.0,Unknown,Unknown,Unknown,0,0,0,0,0.0,0,0,0,0
2074,2021,0,2024,2024-05-20,2024-06-24 00:00:00+00:00,Non Graduated,25-34,1.0,Unknown,Unknown,Unknown,0,0,0,0,0.0,0,0,0,0
2074,2022,0,2024,2024-05-20,2024-06-24 00:00:00+00:00,Non Graduated,25-34,1.0,Unknown,Unknown,Unknown,0,0,0,0,0.0,0,0,0,0
2074,2023,0,2024,2024-05-20,2024-06-24 00:00:00+00:00,Non Graduated,25-34,1.0,Unknown,Unknown,Unknown,0,0,0,0,0.0,0,0,0,0
2074,2024,0,2024,2024-05-20,2024-06-24 00:00:00+00:00,Non Graduated,25-34,1.0,Unknown,Unknown,Unknown,1,0,0,0,0.0,0,0,0,0
2182,2017,1,2024,2024-07-01,2024-09-13 00:00:00+00:00,Graduated,25-34,1.0,Unknown,Unknown,Unknown,0,0,1,1,27749.5757002158,0,0,0,0
2182,2018,1,2024,2024-07-01,2024-09-13 00:00:00+00:00,Graduated,25-34,1.0,Unknown,Unknown,Unknown,0,0,1,1,42137.36124949835,0,0,0,0
2182,2019,1,2024,2024-07-01,2024-09-13 00:00:00+00:00,Graduated,25-34,1.0,Unknown,Unknown,Unknown,0,0,1,1,23561.485383075444,0,0,0,0
2182,2020,1,2024,2024-07-01,2024-09-13 00:00:00+00:00,Graduated,25-34,1.0,Unknown,Unknown,Unknown,0,0,1,1,32388.78153803691,0,0,0,0
2182,2021,1,2024,2024-07-01,2024-09-13 00:00:00+00:00,Graduated,25-34,1.0,Unknown,Unknown,Unknown,0,0,1,1,14905.540374489596,0,0,0,0
2182,2022,1,2024,2024-07-01,2024-09-13 00:00:00+00:00,Graduated,25-34,1.0,Unknown,Unknown,Unknown,0,0,0,1,17149.297257568083,0,0,0,0
2182,2023,1,2024,2024-07-01,2024-09-13 00:00:00+00:00,Graduated,25-34,1.0,Unknown,Unknown,Unknown,0,0,1,1,40932.96925402938,0,0,0,0
2182,2024,1,2024,2024-07-01,2024-09-13 00:00:00+00:00,Graduated,25-34,1.0,Unknown,Unknown,Unknown,1,1,0,1,6741.873685693429,3,1,1,0
2151,2017,0,2024,2024-06-17,2024-07-23 00:00:00+00:00,Non Graduated,25-34,1.0,Unknown,Unknown,Unknown,0,0,0,0,0.0,0,0,0,0
2151,2018,0,2024,2024-06-17,2024-07-23 00:00:00+00:00,Non Graduated,25-34,1.0,Unknown,Unknown,Unknown,0,0,0,0,0.0,0,0,0,0
2151,2019,0,2024,2024-06-17,2024-07-23 00:00:00+00:00,Non Graduated,25-34,1.0,Unknown,Unknown,Unknown,0,0,0,0,0.0,0,0,0,0
2151,2020,0,2024,2024-06-17,2024-07-23 00:00:00+00:00,Non Graduated,25-34,1.0,Unknown,Unknown,Unknown,0,0,0,0,0.0,0,0,0,0
2151,2021,0,2024,2024-06-17,2024-07-23 00:00:00+00:00,Non Graduated,25-34,1.0,Unknown,Unknown,Unknown,0,0,0,0,0.0,0,0,0,0
2151,2022,0,2024,2024-06-17,2024-07-23 00:00:00+00:00,Non Graduated,25-34,1.0,Unknown,Unknown,Unknown,0,0,0,0,0.0,0,0,0,0
2151,2023,0,2024,2024-06-17,2024-07-23 00:00:00+00:00,Non Graduated,25-34,1.0,Unknown,Unknown,Unknown,0,0,0,0,0.0,0,0,0,0
2151,2024,0,2024,2024-06-17,2024-07-23 00:00:00+00:00,Non Graduated,25-34,1.0,Unknown,Unknown,Unknown,1,0,0,0,0.0,0,0,0,0
1757,2017,1,2023,2023-01-23,2023-04-07 00:00:00+00:00,Graduated,25-34,1.0,Unknown,Unknown,Unknown,0,0,0,0,0.0,0,0,0,0
1757,2018,1,2023,2023-01-23,2023-04-07 00:00:00+00:00,Graduated,25-34,1.0,Unknown,Unknown,Unknown,0,0,0,0,0.0,0,0,0,0
1757,2019,1,2023,2023-01-23,2023-04-07 00:00:00+00:00,Graduated,25-34,1.0,Unknown,Unknown,Unknown,0,0,0,0,0.0,0,0,0,0
1757,2020,1,2023,2023-01-23,2023-04-07 00:00:00+00:00,Graduated,25-34,1.0,Unknown,Unknown,Unknown,0,0,0,1,1462.8993775933611,0,0,0,0
1757,2021,1,2023,2023-01-23,2023-04-07 00:00:00+00:00,Graduated,25-34,1.0,Unknown,Unknown,Unknown,0,0,0,1,1876.064084967354,0,0,0,0
1757,2022,1,2023,2023-01-23,2023-04-07 00:00:00+00:00,Graduated,25-34,1.0,Unknown,Unknown,Unknown,0,0,0,1,753.3397347780383,0,0,0,0
1757,2023,1,2023,2023-01-23,2023-04-07 00:00:00+00:00,Graduated,25-34,1.0,Unknown,Unknown,Unknown,1,1,0,1,6602.4796515738935,0,0,0,0
1757,2024,1,2023,2023-01-23,2023-04-07 00:00:00+00:00,Graduated,25-34,1.0,Unknown,Unknown,Unknown,1,1,0,1,11306.895993871072,0,0,0,0
1684,2017,0,2022,2022-10-10,2022-10-18 00:00:00+00:00,Non Graduated,25-34,1.0,Unknown,Unknown,Unknown,0,0,0,0,0.0,0,0,0,0
1684,2018,0,2022,2022-10-10,2022-10-18 00:00:00+00:00,Non Graduated,25-34,1.0,Unknown,Unknown,Unknown,0,0,0,0,0.0,0,0,0,0
1684,2019,0,2022,2022-10-10,2022-10-18 00:00:00+00:00,Non Graduated,25-34,1.0,Unknown,Unknown,Unknown,0,0,0,0,0.0,0,0,0,0
1684,2020,0,2022,2022-10-10,2022-10-18 00:00:00+00:00,Non Graduated,25-34,1.0,Unknown,Unknown,Unknown,0,0,0,0,0.0,0,0,0,0
1684,2021,0,2022,2022-10-10,2022-10-18 00:00:00+00:00,Non Graduated,25-34,1.0,Unknown,Unknown,Unknown,0,0,0,0,0.0,0,0,0,0
1684,2022,0,2022,2022-10-10,2022-10-18 00:00:00+00:00,Non Graduated,25-34,1.0,Unknown,Unknown,Unknown,1,0,0,0,0.0,0,0,0,0
1684,2023,0,2022,2022-10-10,2022-10-18 00:00:00+00:00,Non Graduated,25-34,1.0,Unknown,Unknown,Unknown,1,0,0,0,0.0,0,0,0,0
1684,2024,0,2022,2022-10-10,2022-10-18 00:00:00+00:00,Non Graduated,25-34,1.0,Unknown,Unknown,Unknown,1,0,0,0,0.0,0,0,0,0
1831,2017,1,2023,2023-05-08,2023-08-18 00:00:00+00:00,Graduated,25-34,1.0,Unknown,Unknown,Unknown,0,0,1,1,4937.810381345166,0,0,0,0
1831,2018,1,2023,2023-05-08,2023-08-18 00:00:00+00:00,Graduated,25-34,1.0,Unknown,Unknown,Unknown,0,0,0,1,4657.262656081577,0,0,0,0
1831,2019,1,2023,2023-05-08,2023-08-18 00:00:00+00:00,Graduated,25-34,1.0,Unknown,Unknown,Unknown,0,0,0,1,11772.49390853687,0,0,0,0
1831,2020,1,2023,2023-05-08,2023-08-18 00:00:00+00:00,Graduated,25-34,1.0,Unknown,Unknown,Unknown,0,0,1,1,10053.910838004062,0,0,0,0
1831,2021,1,2023,2023-05-08,2023-08-18 00:00:00+00:00,Graduated,25-34,1.0,Unknown,Unknown,Unknown,0,0,0,1,1627.4904091013539,0,0,0,0
1831,2022,1,2023,2023-05-08,2023-08-18 00:00:00+00:00,Graduated,25-34,1.0,Unknown,Unknown,Unknown,0,0,0,1,1043.7211447492905,0,0,0,0
1831,2023,1,2023,2023-05-08,2023-08-18 00:00:00+00:00,Graduated,25-34,1.0,Unknown,Unknown,Unknown,1,1,1,1,6521.010489470622,0,0,0,0
1831,2024,1,2023,2023-05-08,2023-08-18 00:00:00+00:00,Graduated,25-34,1.0,Unknown,Unknown,Unknown,1,1,0,1,1004.2253842498554,0,0,0,0
1457,2017,0,2024,2024-02-12,2024-03-08 00:00:00+00:00,Non Graduated,25-34,1.0,Unknown,Unknown,Unknown,0,0,0,1,84.12753322191753,0,0,0,0
1457,2018,0,2024,2024-02-12,2024-03-08 00:00:00+00:00,Non Graduated,25-34,1.0,Unknown,Unknown,Unknown,0,0,0,1,4599.617133519749,0,0,0,0
1457,2019,0,2024,2024-02-12,2024-03-08 00:00:00+00:00,Non Graduated,25-34,1.0,Unknown,Unknown,Unknown,0,0,1,1,4308.167524342058,0,0,0,0
1457,2020,0,2024,2024-02-12,2024-03-08 00:00:00+00:00,Non Graduated,25-34,1.0,Unknown,Unknown,Unknown,0,0,0,1,799.7303450012589,0,0,0,0
1457,2021,0,2024,2024-02-12,2024-03-08 00:00:00+00:00,Non Graduated,25-34,1.0,Unknown,Unknown,Unknown,0,0,0,1,4111.308074759427,0,0,0,0
1457,2022,0,2024,2024-02-12,2024-03-08 00:00:00+00:00,Non Graduated,25-34,1.0,Unknown,Unknown,Unknown,0,0,1,1,9798.056871842255,0,0,0,0
1457,2023,0,2024,2024-02-12,2024-03-08 00:00:00+00:00,Non Graduated,25-34,1.0,Unknown,Unknown,Unknown,0,0,0,1,2491.6691543022325,1,1,1,0
1457,2024,0,2024,2024-02-12,2024-03-08 00:00:00+00:00,Non Graduated,25-34,1.0,Unknown,Unknown,Unknown,1,0,0,1,1042.7901456194793,0,0,1,1
1748,2017,1,2023,2023-01-17,2023-04-21 00:00:00+00:00,Graduated,25-34,1.0,Unknown,Unknown,Unknown,0,0,1,1,12019.472479678145,0,0,0,0
1748,2018,1,2023,2023-01-17,2023-04-21 00:00:00+00:00,Graduated,25-34,1.0,Unknown,Unknown,Unknown,0,0,0,1,1382.824267194944,0,0,0,0
1748,2019,1,2023,2023-01-17,2023-04-21 00:00:00+00:00,Graduated,25-34,1.0,Unknown,Unknown,Unknown,0,0,0,1,1094.6662697366223,0,0,0,0
1748,2020,1,2023,2023-01-17,2023-04-21 00:00:00+00:00,Graduated,25-34,1.0,Unknown,Unknown,Unknown,0,0,0,0,0.0,0,0,0,0
1748,2021,1,2023,2023-01-17,2023-04-21 00:00:00+00:00,Graduated,25-34,1.0,Unknown,Unknown,Unknown,0,0,0,0,0.0,0,0,0,0
1748,2022,1,2023,2023-01-17,2023-04-21 00:00:00+00:00,Graduated,25-34,1.0,Unknown,Unknown,Unknown,0,0,0,0,0.0,0,0,0,0
1748,2023,1,2023,2023-01-17,2023-04-21 00:00:00+00:00,Graduated,25-34,1.0,Unknown,Unknown,Unknown,1,1,0,0,0.0,0,0,0,0
1748,2024,1,2023,2023-01-17,2023-04-21 00:00:00+00:00,Graduated,25-34,1.0,Unknown,Unknown,Unknown,1,1,0,1,185.65996657913578,0,0,0,0
1883,2017,0,2023,2023-07-17,2023-08-30 00:00:00+00:00,Non Graduated,25-34,1.0,Unknown,Unknown,Unknown,0,0,0,1,820.8882101053983,0,0,0,0
1883,2018,0,2023,2023-07-17,2023-08-30 00:00:00+00:00,Non Graduated,25-34,1.0,Unknown,Unknown,Unknown,0,0,0,0,0.0,0,0,0,0
1883,2019,0,2023,2023-07-17,2023-08-30 00:00:00+00:00,Non Graduated,25-34,1.0,Unknown,Unknown,Unknown,0,0,0,0,0.0,0,0,0,0
1883,2020,0,2023,2023-07-17,2023-08-30 00:00:00+00:00,Non Graduated,25-34,1.0,Unknown,Unknown,Unknown,0,0,0,0,0.0,0,0,0,0
1883,2021,0,2023,2023-07-17,2023-08-30 00:00:00+00:00,Non Graduated,25-34,1.0,Unknown,Unknown,Unknown,0,0,0,1,6200.074669088363,2,1,1,0
1883,2022,0,2023,2023-07-17,2023-08-30 00:00:00+00:00,Non Graduated,25-34,1.0,Unknown,Unknown,Unknown,0,0,0,1,4931.9977475365695,0,0,1,1
1883,2023,0,2023,2023-07-17,2023-08-30 00:00:00+00:00,Non Graduated,25-34,1.0,Unknown,Unknown,Unknown,1,0,0,0,0.0,0,0,1,1
1883,2024,0,2023,2023-07-17,2023-08-30 00:00:00+00:00,Non Graduated,25-34,1.0,Unknown,Unknown,Unknown,1,0,0,1,5983.623229866064,1,1,1,1
1818,2017,1,2023,2023-04-17,2023-06-30 00:00:00+00:00,Graduated,25-34,1.0,Unknown,Unknown,Unknown,0,0,0,1,11774.60012057277,0,0,0,0
1818,2018,1,2023,2023-04-17,2023-06-30 00:00:00+00:00,Graduated,25-34,1.0,Unknown,Unknown,Unknown,0,0,0,1,1025.8407398799459,0,0,0,0
1818,2019,1,2023,2023-04-17,2023-06-30 00:00:00+00:00,Graduated,25-34,1.0,Unknown,Unknown,Unknown,0,0,0,1,94.88469331584311,0,0,0,0
1818,2020,1,2023,2023-04-17,2023-06-30 00:00:00+00:00,Graduated,25-34,1.0,Unknown,Unknown,Unknown,0,0,0,1,11046.018053810058,0,0,0,0
1818,2021,1,2023,2023-04-17,2023-06-30 00:00:00+00:00,Graduated,25-34,1.0,Unknown,Unknown,Unknown,0,0,0,1,11163.074248928158,0,0,0,0
1818,2022,1,2023,2023-04-17,2023-06-30 00:00:00+00:00,Graduated,25-34,1.0,Unknown,Unknown,Unknown,0,0,1,1,21762.044432830262,1,1,1,0
1818,2023,1,2023,2023-04-17,2023-06-30 00:00:00+00:00,Graduated,25-34,1.0,Unknown,Unknown,Unknown,1,1,1,1,18393.05377962939,0,0,1,1
1818,2024,1,2023,2023-04-17,2023-06-30 00:00:00+00:00,Graduated,25-34,1.0,Unknown,Unknown,Unknown,1,1,0,1,14355.336381501022,0,0,1,1
1608,2017,0,2022,2022-06-27,2022-07-29 00:00:00+00:00,Non Graduated,25-34,1.0,Unknown,Unknown,Unknown,0,0,1,1,6699.491402673675,0,0,0,0
1608,2018,0,2022,2022-06-27,2022-07-29 00:00:00+00:00,Non Graduated,25-34,1.0,Unknown,Unknown,Unknown,0,0,1,1,16997.51102964992,0,0,0,0
1608,2019,0,2022,2022-06-27,2022-07-29 00:00:00+00:00,Non Graduated,25-34,1.0,Unknown,Unknown,Unknown,0,0,1,1,21006.834449092712,0,0,0,0
1608,2020,0,2022,2022-06-27,2022-07-29 00:00:00+00:00,Non Graduated,25-34,1.0,Unknown,Unknown,Unknown,0,0,0,1,3124.7741454941097,0,0,0,0
1608,2021,0,2022,2022-06-27,2022-07-29 00:00:00+00:00,Non Graduated,25-34,1.0,Unknown,Unknown,Unknown,0,0,0,1,646.2436567886887,4,1,1,0
1608,2022,0,2022,2022-06-27,2022-07-29 00:00:00+00:00,Non Graduated,25-34,1.0,Unknown,Unknown,Unknown,1,0,0,1,811.5326395458845,0,0,1,1
1608,2023,0,2022,2022-06-27,2022-07-29 00:00:00+00:00,Non Graduated,25-34,1.0,Unknown,Unknown,Unknown,1,0,0,0,0.0,0,0,1,1
1608,2024,0,2022,2022-06-27,2022-07-29 00:00:00+00:00,Non Graduated,25-34,1.0,Unknown,Unknown,Unknown,1,0,0,0,0.0,0,0,1,1
2142,2017,1,2024,2024-06-10,2024-08-23 00:00:00+00:00,Graduated,25-34,1.0,Unknown,Unknown,Unknown,0,0,0,0,0.0,0,0,0,0
2142,2018,1,2024,2024-06-10,2024-08-23 00:00:00+00:00,Graduated,25-34,1.0,Unknown,Unknown,Unknown,0,0,0,0,0.0,0,0,0,0
2142,2019,1,2024,2024-06-10,2024-08-23 00:00:00+00:00,Graduated,25-34,1.0,Unknown,Unknown,Unknown,0,0,0,1,4694.989776405111,0,0,0,0
2142,2020,1,2024,2024-06-10,2024-08-23 00:00:00+00:00,Graduated,25-34,1.0,Unknown,Unknown,Unknown,0,0,0,0,0.0,0,0,0,0
2142,2021,1,2024,2024-06-10,2024-08-23 00:00:00+00:00,Graduated,25-34,1.0,Unknown,Unknown,Unknown,0,0,0,1,163.93735960464667,0,0,0,0
2142,2022,1,2024,2024-06-10,2024-08-23 00:00:00+00:00,Graduated,25-34,1.0,Unknown,Unknown,Unknown,0,0,0,1,759.611169268614,0,0,0,0
2142,2023,1,2024,2024-06-10,2024-08-23 00:00:00+00:00,Graduated,25-34,1.0,Unknown,Unknown,Unknown,0,0,0,0,0.0,0,0,0,0
2142,2024,1,2024,2024-06-10,2024-08-23 00:00:00+00:00,Graduated,25-34,1.0,Unknown,Unknown,Unknown,1,1,0,0,0.0,0,0,0,0
1942,2017,0,2023,2023-09-25,2023-11-20 00:00:00+00:00,Non Graduated,25-34,1.0,Unknown,Unknown,Unknown,0,0,0,1,2278.771667463741,0,0,1,1
1942,2018,0,2023,2023-09-25,2023-11-20 00:00:00+00:00,Non Graduated,25-34,1.0,Unknown,Unknown,Unknown,0,0,0,1,9869.313636311308,0,0,1,1
1942,2019,0,2023,2023-09-25,2023-11-20 00:00:00+00:00,Non Graduated,25-34,1.0,Unknown,Unknown,Unknown,0,0,0,1,1324.506125050157,0,0,1,1
1942,2020,0,2023,2023-09-25,2023-11-20 00:00:00+00:00,Non Graduated,25-34,1.0,Unknown,Unknown,Unknown,0,0,0,0,0.0,2,1,1,1
1942,2021,0,2023,2023-09-25,2023-11-20 00:00:00+00:00,Non Graduated,25-34,1.0,Unknown,Unknown,Unknown,0,0,0,0,0.0,0,0,1,1
1942,2022,0,2023,2023-09-25,2023-11-20 00:00:00+00:00,Non Graduated,25-34,1.0,Unknown,Unknown,Unknown,0,0,0,0,0.0,0,0,1,1
1942,2023,0,2023,2023-09-25,2023-11-20 00:00:00+00:00,Non Graduated,25-34,1.0,Unknown,Unknown,Unknown,1,0,0,0,0.0,0,0,1,1
1942,2024,0,2023,2023-09-25,2023-11-20 00:00:00+00:00,Non Graduated,25-34,1.0,Unknown,Unknown,Unknown,1,0,0,0,0.0,0,0,1,1
1613,2017,1,2022,2022-06-22,2022-09-30 00:00:00+00:00,Graduated,25-34,1.0,Unknown,Unknown,Unknown,0,0,0,1,3145.709365146528,0,0,1,1
1613,2018,1,2022,2022-06-22,2022-09-30 00:00:00+00:00,Graduated,25-34,1.0,Unknown,Unknown,Unknown,0,0,0,1,1151.7984003462177,0,0,1,1
1613,2019,1,2022,2022-06-22,2022-09-30 00:00:00+00:00,Graduated,25-34,1.0,Unknown,Unknown,Unknown,0,0,0,0,0.0,0,0,1,1
1613,2020,1,2022,2022-06-22,2022-09-30 00:00:00+00:00,Graduated,25-34,1.0,Unknown,Unknown,Unknown,0,0,0,0,0.0,0,0,1,1
1613,2021,1,2022,2022-06-22,2022-09-30 00:00:00+00:00,Graduated,25-34,1.0,Unknown,Unknown,Unknown,0,0,0,0,0.0,0,0,1,1
1613,2022,1,2022,2022-06-22,2022-09-30 00:00:00+00:00,Graduated,25-34,1.0,Unknown,Unknown,Unknown,1,1,0,0,0.0,0,0,1,1
1613,2023,1,2022,2022-06-22,2022-09-30 00:00:00+00:00,Graduated,25-34,1.0,Unknown,Unknown,Unknown,1,1,0,1,42221.21306703541,0,0,1,1
1613,2024,1,2022,2022-06-22,2022-09-30 00:00:00+00:00,Graduated,25-34,1.0,Unknown,Unknown,Unknown,1,1,0,1,47556.62989366776,0,0,1,1
1943,2017,0,2023,2023-09-25,2023-11-27 00:00:00+00:00,Non Graduated,35+,1.0,Unknown,Unknown,Unknown,0,0,1,1,10046.917334882568,0,0,1,1
1943,2018,0,2023,2023-09-25,2023-11-27 00:00:00+00:00,Non Graduated,35+,1.0,Unknown,Unknown,Unknown,0,0,0,1,6134.547706710503,0,0,1,1
1943,2019,0,2023,2023-09-25,2023-11-27 00:00:00+00:00,Non Graduated,35+,1.0,Unknown,Unknown,Unknown,0,0,1,1,10548.243298644642,0,0,1,1
1943,2020,0,2023,2023-09-25,2023-11-27 00:00:00+00:00,Non Graduated,35+,1.0,Unknown,Unknown,Unknown,0,0,1,1,16360.683695132475,0,0,1,1
1943,2021,0,2023,2023-09-25,2023-11-27 00:00:00+00:00,Non Graduated,35+,1.0,Unknown,Unknown,Unknown,0,0,1,1,20154.324569653072,0,0,1,1
1943,2022,0,2023,2023-09-25,2023-11-27 00:00:00+00:00,Non Graduated,35+,1.0,Unknown,Unknown,Unknown,0,0,1,1,31587.8975604061,0,0,1,1
1943,2023,0,2023,2023-09-25,2023-11-27 00:00:00+00:00,Non Graduated,35+,1.0,Unknown,Unknown,Unknown,1,0,1,1,19843.931227640285,0,0,1,1
1943,2024,0,2023,2023-09-25,2023-11-27 00:00:00+00:00,Non Graduated,35+,1.0,Unknown,Unknown,Unknown,1,0,0,1,16507.783496609743,0,0,1,1
1541,2017,1,2022,2022-03-14,2022-05-27 00:00:00+00:00,Graduated,35+,1.0,Unknown,Unknown,Unknown,0,0,0,0,0.0,0,0,0,0
1541,2018,1,2022,2022-03-14,2022-05-27 00:00:00+00:00,Graduated,35+,1.0,Unknown,Unknown,Unknown,0,0,0,1,14441.210286865178,0,0,0,0
1541,2019,1,2022,2022-03-14,2022-05-27 00:00:00+00:00,Graduated,35+,1.0,Unknown,Unknown,Unknown,0,0,1,1,67662.81250045657,0,0,0,0
1541,2020,1,2022,2022-03-14,2022-05-27 00:00:00+00:00,Graduated,35+,1.0,Unknown,Unknown,Unknown,0,0,1,1,71171.18820427774,0,0,0,0
1541,2021,1,2022,2022-03-14,2022-05-27 00:00:00+00:00,Graduated,35+,1.0,Unknown,Unknown,Unknown,0,0,1,1,83323.87165435715,0,0,0,0
1541,2022,1,2022,2022-03-14,2022-05-27 00:00:00+00:00,Graduated,35+,1.0,Unknown,Unknown,Unknown,1,1,1,1,82125.64234719447,0,0,0,0
1541,2023,1,2022,2022-03-14,2022-05-27 00:00:00+00:00,Graduated,35+,1.0,Unknown,Unknown,Unknown,1,1,1,1,92552.51318584435,0,0,0,0
1541,2024,1,2022,2022-03-14,2022-05-27 00:00:00+00:00,Graduated,35+,1.0,Unknown,Unknown,Unknown,1,1,0,1,68485.61492060489,0,0,0,0
1611,2017,0,2022,2022-06-27,2022-07-11 00:00:00+00:00,Non Graduated,35+,1.0,Unknown,Unknown,Unknown,0,0,0,0,0.0,0,0,0,0
1611,2018,0,2022,2022-06-27,2022-07-11 00:00:00+00:00,Non Graduated,35+,1.0,Unknown,Unknown,Unknown,0,0,0,0,0.0,0,0,0,0
1611,2019,0,2022,2022-06-27,2022-07-11 00:00:00+00:00,Non Graduated,35+,1.0,Unknown,Unknown,Unknown,0,0,0,1,6934.669509562134,0,0,0,0
1611,2020,0,2022,2022-06-27,2022-07-11 00:00:00+00:00,Non Graduated,35+,1.0,Unknown,Unknown,Unknown,0,0,0,1,5073.961482797225,0,0,0,0
1611,2021,0,2022,2022-06-27,2022-07-11 00:00:00+00:00,Non Graduated,35+,1.0,Unknown,Unknown,Unknown,0,0,1,1,24591.673809677482,0,0,0,0
1611,2022,0,2022,2022-06-27,2022-07-11 00:00:00+00:00,Non Graduated,35+,1.0,Unknown,Unknown,Unknown,1,0,0,1,18123.85998532511,0,0,0,0
1611,2023,0,2022,2022-06-27,2022-07-11 00:00:00+00:00,Non Graduated,35+,1.0,Unknown,Unknown,Unknown,1,0,1,1,25956.13887180268,0,0,0,0
1611,2024,0,2022,2022-06-27,2022-07-11 00:00:00+00:00,Non Graduated,35+,1.0,Unknown,Unknown,Unknown,1,0,0,1,12623.268709052649,0,0,0,0
2136,2017,1,2024,2024-06-10,2024-08-23 00:00:00+00:00,Graduated,35+,1.0,Unknown,Unknown,Unknown,0,0,0,0,0.0,0,0,0,0
2136,2018,1,2024,2024-06-10,2024-08-23 00:00:00+00:00,Graduated,35+,1.0,Unknown,Unknown,Unknown,0,0,0,0,0.0,0,0,0,0
2136,2019,1,2024,2024-06-10,2024-08-23 00:00:00+00:00,Graduated,35+,1.0,Unknown,Unknown,Unknown,0,0,0,1,1464.0290700618086,0,0,0,0
2136,2020,1,2024,2024-06-10,2024-08-23 00:00:00+00:00,Graduated,35+,1.0,Unknown,Unknown,Unknown,0,0,0,0,0.0,0,0,0,0
2136,2021,1,2024,2024-06-10,2024-08-23 00:00:00+00:00,Graduated,35+,1.0,Unknown,Unknown,Unknown,0,0,0,1,17872.625425325627,0,0,0,0
2136,2022,1,2024,2024-06-10,2024-08-23 00:00:00+00:00,Graduated,35+,1.0,Unknown,Unknown,Unknown,0,0,1,1,40567.711381282876,0,0,0,0
2136,2023,1,2024,2024-06-10,2024-08-23 00:00:00+00:00,Graduated,35+,1.0,Unknown,Unknown,Unknown,0,0,1,1,36980.98316991447,0,0,0,0
2136,2024,1,2024,2024-06-10,2024-08-23 00:00:00+00:00,Graduated,35+,1.0,Unknown,Unknown,Unknown,1,1,0,1,9847.132019769122,0,0,0,0
1705,2017,0,2022,2022-11-28,2022-12-19 00:00:00+00:00,Non Graduated,35+,1.0,Unknown,Unknown,Unknown,0,0,0,0,0.0,0,0,0,0
1705,2018,0,2022,2022-11-28,2022-12-19 00:00:00+00:00,Non Graduated,35+,1.0,Unknown,Unknown,Unknown,0,0,0,0,0.0,0,0,0,0
1705,2019,0,2022,2022-11-28,2022-12-19 00:00:00+00:00,Non Graduated,35+,1.0,Unknown,Unknown,Unknown,0,0,0,1,1324.7986351812372,0,0,0,0
1705,2020,0,2022,2022-11-28,2022-12-19 00:00:00+00:00,Non Graduated,35+,1.0,Unknown,Unknown,Unknown,0,0,0,0,0.0,0,0,0,0
1705,2021,0,2022,2022-11-28,2022-12-19 00:00:00+00:00,Non Graduated,35+,1.0,Unknown,Unknown,Unknown,0,0,0,1,7690.839836055964,1,1,1,0
1705,2022,0,2022,2022-11-28,2022-12-19 00:00:00+00:00,Non Graduated,35+,1.0,Unknown,Unknown,Unknown,1,0,0,1,7701.756393267763,0,0,1,1
1705,2023,0,2022,2022-11-28,2022-12-19 00:00:00+00:00,Non Graduated,35+,1.0,Unknown,Unknown,Unknown,1,0,1,1,37772.461940804984,0,0,1,1
1705,2024,0,2022,2022-11-28,2022-12-19 00:00:00+00:00,Non Graduated,35+,1.0,Unknown,Unknown,Unknown,1,0,0,1,18000.433421330014,0,0,1,1
1661,2017,1,2022,2022-09-06,2022-12-09 00:00:00+00:00,Graduated,35+,1.0,Unknown,Unknown,Unknown,0,0,1,1,9550.681054252504,0,0,0,0
1661,2018,1,2022,2022-09-06,2022-12-09 00:00:00+00:00,Graduated,35+,1.0,Unknown,Unknown,Unknown,0,0,1,1,10472.026995532036,0,0,0,0
1661,2019,1,2022,2022-09-06,2022-12-09 00:00:00+00:00,Graduated,35+,1.0,Unknown,Unknown,Unknown,0,0,1,1,28440.356857842624,0,0,0,0
1661,2020,1,2022,2022-09-06,2022-12-09 00:00:00+00:00,Graduated,35+,1.0,Unknown,Unknown,Unknown,0,0,0,1,10110.809994592875,0,0,0,0
1661,2021,1,2022,2022-09-06,2022-12-09 00:00:00+00:00,Graduated,35+,1.0,Unknown,Unknown,Unknown,0,0,1,1,23856.112658910104,0,0,0,0
1661,2022,1,2022,2022-09-06,2022-12-09 00:00:00+00:00,Graduated,35+,1.0,Unknown,Unknown,Unknown,1,1,1,1,29895.108619798688,0,0,0,0
1661,2023,1,2022,2022-09-06,2022-12-09 00:00:00+00:00,Graduated,35+,1.0,Unknown,Unknown,Unknown,1,1,1,1,35226.75481265419,0,0,0,0
1661,2024,1,2022,2022-09-06,2022-12-09 00:00:00+00:00,Graduated,35+,1.0,Unknown,Unknown,Unknown,1,1,0,1,17213.075464781403,0,0,0,0
1977,2017,0,2023,2023-11-13,2023-11-15 00:00:00+00:00,Non Graduated,35+,1.0,Unknown,Unknown,Unknown,0,0,0,1,1391.6969115019506,0,0,0,0
1977,2018,0,2023,2023-11-13,2023-11-15 00:00:00+00:00,Non Graduated,35+,1.0,Unknown,Unknown,Unknown,0,0,0,0,0.0,0,0,0,0
1977,2019,0,2023,2023-11-13,2023-11-15 00:00:00+00:00,Non Graduated,35+,1.0,Unknown,Unknown,Unknown,0,0,0,1,4866.007814364137,0,0,0,0
1977,2020,0,2023,2023-11-13,2023-11-15 00:00:00+00:00,Non Graduated,35+,1.0,Unknown,Unknown,Unknown,0,0,0,1,5567.242508095307,0,0,0,0
1977,2021,0,2023,2023-11-13,2023-11-15 00:00:00+00:00,Non Graduated,35+,1.0,Unknown,Unknown,Unknown,0,0,0,0,0.0,0,0,0,0
1977,2022,0,2023,2023-11-13,2023-11-15 00:00:00+00:00,Non Graduated,35+,1.0,Unknown,Unknown,Unknown,0,0,0,0,0.0,0,0,0,0
1977,2023,0,2023,2023-11-13,2023-11-15 00:00:00+00:00,Non Graduated,35+,1.0,Unknown,Unknown,Unknown,1,0,1,1,11732.066056533553,0,0,0,0
1977,2024,0,2023,2023-11-13,2023-11-15 00:00:00+00:00,Non Graduated,35+,1.0,Unknown,Unknown,Unknown,1,0,0,1,16724.59719659135,1,1,1,0
1581,2017,1,2022,2022-05-16,2022-07-29 00:00:00+00:00,Graduated,35+,1.0,Unknown,Unknown,Unknown,0,0,0,1,1379.8806169703303,0,0,0,0
1581,2018,1,2022,2022-05-16,2022-07-29 00:00:00+00:00,Graduated,35+,1.0,Unknown,Unknown,Unknown,0,0,0,0,0.0,0,0,0,0
1581,2019,1,2022,2022-05-16,2022-07-29 00:00:00+00:00,Graduated,35+,1.0,Unknown,Unknown,Unknown,0,0,0,0,0.0,0,0,0,0
1581,2020,1,2022,2022-05-16,2022-07-29 00:00:00+00:00,Graduated,35+,1.0,Unknown,Unknown,Unknown,0,0,0,0,0.0,0,0,0,0
1581,2021,1,2022,2022-05-16,2022-07-29 00:00:00+00:00,Graduated,35+,1.0,Unknown,Unknown,Unknown,0,0,1,1,19911.792945398785,0,0,0,0
1581,2022,1,2022,2022-05-16,2022-07-29 00:00:00+00:00,Graduated,35+,1.0,Unknown,Unknown,Unknown,1,1,1,1,23193.962719210285,0,0,0,0
1581,2023,1,2022,2022-05-16,2022-07-29 00:00:00+00:00,Graduated,35+,1.0,Unknown,Unknown,Unknown,1,1,1,1,46611.51125700386,0,0,0,0
1581,2024,1,2022,2022-05-16,2022-07-29 00:00:00+00:00,Graduated,35+,1.0,Unknown,Unknown,Unknown,1,1,0,1,50198.24187979758,0,0,0,0
2248,2017,0,2024,2024-09-09,2024-09-26 00:00:00+00:00,Non Graduated,35+,1.0,Unknown,Unknown,Unknown,0,0,0,0,0.0,0,0,0,0
2248,2018,0,2024,2024-09-09,2024-09-26 00:00:00+00:00,Non Graduated,35+,1.0,Unknown,Unknown,Unknown,0,0,0,0,0.0,0,0,0,0
2248,2019,0,2024,2024-09-09,2024-09-26 00:00:00+00:00,Non Graduated,35+,1.0,Unknown,Unknown,Unknown,0,0,0,0,0.0,0,0,0,0
2248,2020,0,2024,2024-09-09,2024-09-26 00:00:00+00:00,Non Graduated,35+,1.0,Unknown,Unknown,Unknown,0,0,0,1,1403.1383817427386,0,0,0,0
2248,2021,0,2024,2024-09-09,2024-09-26 00:00:00+00:00,Non Graduated,35+,1.0,Unknown,Unknown,Unknown,0,0,0,1,1344.3675112099447,0,0,0,0
2248,2022,0,2024,2024-09-09,2024-09-26 00:00:00+00:00,Non Graduated,35+,1.0,Unknown,Unknown,Unknown,0,0,0,1,1511.06409665534,0,0,0,0
2248,2023,0,2024,2024-09-09,2024-09-26 00:00:00+00:00,Non Graduated,35+,1.0,Unknown,Unknown,Unknown,0,0,1,1,7128.103922436597,0,0,0,0
2248,2024,0,2024,2024-09-09,2024-09-26 00:00:00+00:00,Non Graduated,35+,1.0,Unknown,Unknown,Unknown,1,0,0,1,14200.59851098069,0,0,0,0
2094,2017,1,2024,2024-04-15,2024-06-07 00:00:00+00:00,Graduated,35+,1.0,Unknown,Unknown,Unknown,0,0,0,0,0.0,0,0,0,0
2094,2018,1,2024,2024-04-15,2024-06-07 00:00:00+00:00,Graduated,35+,1.0,Unknown,Unknown,Unknown,0,0,0,0,0.0,0,0,0,0
2094,2019,1,2024,2024-04-15,2024-06-07 00:00:00+00:00,Graduated,35+,1.0,Unknown,Unknown,Unknown,0,0,0,0,0.0,0,0,0,0
2094,2020,1,2024,2024-04-15,2024-06-07 00:00:00+00:00,Graduated,35+,1.0,Unknown,Unknown,Unknown,0,0,0,0,0.0,0,0,0,0
2094,2021,1,2024,2024-04-15,2024-06-07 00:00:00+00:00,Graduated,35+,1.0,Unknown,Unknown,Unknown,0,0,0,0,0.0,0,0,0,0
2094,2022,1,2024,2024-04-15,2024-06-07 00:00:00+00:00,Graduated,35+,1.0,Unknown,Unknown,Unknown,0,0,0,1,1631.1442953020135,0,0,0,0
2094,2023,1,2024,2024-04-15,2024-06-07 00:00:00+00:00,Graduated,35+,1.0,Unknown,Unknown,Unknown,0,0,0,1,15569.359600832935,0,0,0,0
2094,2024,1,2024,2024-04-15,2024-06-07 00:00:00+00:00,Graduated,35+,1.0,Unknown,Unknown,Unknown,1,1,0,1,13547.75074739399,0,0,0,0
1894,2017,0,2023,2023-07-24,2023-08-04 00:00:00+00:00,Non Graduated,35+,1.0,Unknown,Unknown,Unknown,0,0,0,1,85.3948931694706,0,0,0,0
1894,2018,0,2023,2023-07-24,2023-08-04 00:00:00+00:00,Non Graduated,35+,1.0,Unknown,Unknown,Unknown,0,0,0,1,1349.1606051362903,0,0,0,0
1894,2019,0,2023,2023-07-24,2023-08-04 00:00:00+00:00,Non Graduated,35+,1.0,Unknown,Unknown,Unknown,0,0,0,1,2083.772506903555,0,0,0,0
1894,2020,0,2023,2023-07-24,2023-08-04 00:00:00+00:00,Non Graduated,35+,1.0,Unknown,Unknown,Unknown,0,0,0,1,4375.098625702757,0,0,0,0
1894,2021,0,2023,2023-07-24,2023-08-04 00:00:00+00:00,Non Graduated,35+,1.0,Unknown,Unknown,Unknown,0,0,0,1,1121.6266668101428,0,0,0,0
1894,2022,0,2023,2023-07-24,2023-08-04 00:00:00+00:00,Non Graduated,35+,1.0,Unknown,Unknown,Unknown,0,0,0,1,1862.4484477457804,0,0,0,0
1894,2023,0,2023,2023-07-24,2023-08-04 00:00:00+00:00,Non Graduated,35+,1.0,Unknown,Unknown,Unknown,1,0,0,1,9234.880521251747,0,0,0,0
1894,2024,0,2023,2023-07-24,2023-08-04 00:00:00+00:00,Non Graduated,35+,1.0,Unknown,Unknown,Unknown,1,0,0,1,3519.5095117158007,0,0,0,0
2199,2017,1,2024,2024-07-15,2024-09-27 00:00:00+00:00,Graduated,35+,1.0,Unknown,Unknown,Unknown,0,0,0,0,0.0,0,0,0,0
2199,2018,1,2024,2024-07-15,2024-09-27 00:00:00+00:00,Graduated,35+,1.0,Unknown,Unknown,Unknown,0,0,0,0,0.0,0,0,0,0
2199,2019,1,2024,2024-07-15,2024-09-27 00:00:00+00:00,Graduated,35+,1.0,Unknown,Unknown,Unknown,0,0,0,1,2508.8127276750256,0,0,0,0
2199,2020,1,2024,2024-07-15,2024-09-27 00:00:00+00:00,Graduated,35+,1.0,Unknown,Unknown,Unknown,0,0,0,1,857.8192946058091,0,0,0,0
2199,2021,1,2024,2024-07-15,2024-09-27 00:00:00+00:00,Graduated,35+,1.0,Unknown,Unknown,Unknown,0,0,0,1,7065.808296436171,0,0,0,0
2199,2022,1,2024,2024-07-15,2024-09-27 00:00:00+00:00,Graduated,35+,1.0,Unknown,Unknown,Unknown,0,0,1,1,5085.790466678785,0,0,0,0
2199,2023,1,2024,2024-07-15,2024-09-27 00:00:00+00:00,Graduated,35+,1.0,Unknown,Unknown,Unknown,0,0,1,1,9776.66772012407,0,0,0,0
2199,2024,1,2024,2024-07-15,2024-09-27 00:00:00+00:00,Graduated,35+,1.0,Unknown,Unknown,Unknown,1,1,0,1,16567.32915603643,0,0,0,0
1812,2017,0,2023,2023-04-10,2023-05-22 00:00:00+00:00,Non Graduated,35+,1.0,Unknown,Unknown,Unknown,0,0,0,0,0.0,0,0,0,0
1812,2018,0,2023,2023-04-10,2023-05-22 00:00:00+00:00,Non Graduated,35+,1.0,Unknown,Unknown,Unknown,0,0,0,0,0.0,0,0,0,0
1812,2019,0,2023,2023-04-10,2023-05-22 00:00:00+00:00,Non Graduated,35+,1.0,Unknown,Unknown,Unknown,0,0,0,0,0.0,0,0,0,0
1812,2020,0,2023,2023-04-10,2023-05-22 00:00:00+00:00,Non Graduated,35+,1.0,Unknown,Unknown,Unknown,0,0,0,1,6582.393438285524,0,0,0,0
1812,2021,0,2023,2023-04-10,2023-05-22 00:00:00+00:00,Non Graduated,35+,1.0,Unknown,Unknown,Unknown,0,0,0,1,2937.8382703732036,0,0,0,0
1812,2022,0,2023,2023-04-10,2023-05-22 00:00:00+00:00,Non Graduated,35+,1.0,Unknown,Unknown,Unknown,0,0,0,1,2319.0053615484712,0,0,0,0
1812,2023,0,2023,2023-04-10,2023-05-22 00:00:00+00:00,Non Graduated,35+,1.0,Unknown,Unknown,Unknown,1,0,1,1,8937.095340672024,3,1,1,0
1812,2024,0,2023,2023-04-10,2023-05-22 00:00:00+00:00,Non Graduated,35+,1.0,Unknown,Unknown,Unknown,1,0,0,1,2983.103365973566,0,0,1,1
1528,2017,1,2022,2022-02-21,2022-05-20 00:00:00+00:00,Graduated,35+,1.0,Unknown,Unknown,Unknown,0,0,0,1,185.12194766205192,0,0,0,0
1528,2018,1,2022,2022-02-21,2022-05-20 00:00:00+00:00,Graduated,35+,1.0,Unknown,Unknown,Unknown,0,0,0,0,0.0,0,0,0,0
1528,2019,1,2022,2022-02-21,2022-05-20 00:00:00+00:00,Graduated,35+,1.0,Unknown,Unknown,Unknown,0,0,0,0,0.0,0,0,0,0
1528,2020,1,2022,2022-02-21,2022-05-20 00:00:00+00:00,Graduated,35+,1.0,Unknown,Unknown,Unknown,0,0,0,0,0.0,2,1,1,0
1528,2021,1,2022,2022-02-21,2022-05-20 00:00:00+00:00,Graduated,35+,1.0,Unknown,Unknown,Unknown,0,0,0,1,182.48247143133835,0,0,1,1
1528,2022,1,2022,2022-02-21,2022-05-20 00:00:00+00:00,Graduated,35+,1.0,Unknown,Unknown,Unknown,1,1,0,0,0.0,0,0,1,1
1528,2023,1,2022,2022-02-21,2022-05-20 00:00:00+00:00,Graduated,35+,1.0,Unknown,Unknown,Unknown,1,1,0,1,16298.209814061447,4,1,1,1
1528,2024,1,2022,2022-02-21,2022-05-20 00:00:00+00:00,Graduated,35+,1.0,Unknown,Unknown,Unknown,1,1,0,1,5460.655145325882,0,0,1,1
1960,2017,0,2024,2023-10-16,2024-02-01 00:00:00+00:00,Non Graduated,<=24,1.0,Unknown,Unknown,Unknown,0,0,0,0,0.0,0,0,0,0
1960,2018,0,2024,2023-10-16,2024-02-01 00:00:00+00:00,Non Graduated,<=24,1.0,Unknown,Unknown,Unknown,0,0,0,0,0.0,0,0,0,0
1960,2019,0,2024,2023-10-16,2024-02-01 00:00:00+00:00,Non Graduated,<=24,1.0,Unknown,Unknown,Unknown,0,0,0,0,0.0,0,0,0,0
1960,2020,0,2024,2023-10-16,2024-02-01 00:00:00+00:00,Non Graduated,<=24,1.0,Unknown,Unknown,Unknown,0,0,0,0,0.0,0,0,0,0
1960,2021,0,2024,2023-10-16,2024-02-01 00:00:00+00:00,Non Graduated,<=24,1.0,Unknown,Unknown,Unknown,0,0,0,0,0.0,0,0,0,0
1960,2022,0,2024,2023-10-16,2024-02-01 00:00:00+00:00,Non Graduated,<=24,1.0,Unknown,Unknown,Unknown,0,0,0,0,0.0,0,0,0,0
1960,2023,0,2024,2023-10-16,2024-02-01 00:00:00+00:00,Non Graduated,<=24,1.0,Unknown,Unknown,Unknown,0,0,0,0,0.0,0,0,0,0
1960,2024,0,2024,2023-10-16,2024-02-01 00:00:00+00:00,Non Graduated,<=24,1.0,Unknown,Unknown,Unknown,1,0,0,1,21687.821775703178,0,0,0,0
1515,2017,1,2022,2022-02-02,2022-04-15 00:00:00+00:00,Graduated,<=24,1.0,Unknown,Unknown,Unknown,0,0,0,0,0.0,0,0,0,0
1515,2018,1,2022,2022-02-02,2022-04-15 00:00:00+00:00,Graduated,<=24,1.0,Unknown,Unknown,Unknown,0,0,0,1,738.42566913796,0,0,0,0
1515,2019,1,2022,2022-02-02,2022-04-15 00:00:00+00:00,Graduated,<=24,1.0,Unknown,Unknown,Unknown,0,0,0,0,0.0,0,0,0,0
1515,2020,1,2022,2022-02-02,2022-04-15 00:00:00+00:00,Graduated,<=24,1.0,Unknown,Unknown,Unknown,0,0,0,1,680.5944821974339,0,0,0,0
1515,2021,1,2022,2022-02-02,2022-04-15 00:00:00+00:00,Graduated,<=24,1.0,Unknown,Unknown,Unknown,0,0,0,1,523.0389308541545,0,0,0,0
1515,2022,1,2022,2022-02-02,2022-04-15 00:00:00+00:00,Graduated,<=24,1.0,Unknown,Unknown,Unknown,1,1,0,1,1322.1219252601702,0,0,0,0
1515,2023,1,2022,2022-02-02,2022-04-15 00:00:00+00:00,Graduated,<=24,1.0,Unknown,Unknown,Unknown,1,1,0,1,3646.2460735519494,1,0,0,0
1515,2024,1,2022,2022-02-02,2022-04-15 00:00:00+00:00,Graduated,<=24,1.0,Unknown,Unknown,Unknown,1,1,0,0,0.0,0,0,0,0
1948,2017,0,2023,2023-10-02,2023-10-06 00:00:00+00:00,Non Graduated,<=24,1.0,Unknown,Unknown,Unknown,0,0,0,0,0.0,0,0,0,0
1948,2018,0,2023,2023-10-02,2023-10-06 00:00:00+00:00,Non Graduated,<=24,1.0,Unknown,Unknown,Unknown,0,0,0,1,1349.1606051362903,0,0,0,0
1948,2019,0,2023,2023-10-02,2023-10-06 00:00:00+00:00,Non Graduated,<=24,1.0,Unknown,Unknown,Unknown,0,0,0,0,0.0,0,0,0,0
1948,2020,0,2023,2023-10-02,2023-10-06 00:00:00+00:00,Non Graduated,<=24,1.0,Unknown,Unknown,Unknown,0,0,0,1,1666.2976400003495,0,0,0,0
1948,2021,0,2023,2023-10-02,2023-10-06 00:00:00+00:00,Non Graduated,<=24,1.0,Unknown,Unknown,Unknown,0,0,0,1,3281.385418455552,0,0,0,0
1948,2022,0,2023,2023-10-02,2023-10-06 00:00:00+00:00,Non Graduated,<=24,1.0,Unknown,Unknown,Unknown,0,0,0,0,0.0,0,0,0,0
1948,2023,0,2023,2023-10-02,2023-10-06 00:00:00+00:00,Non Graduated,<=24,1.0,Unknown,Unknown,Unknown,1,0,0,0,0.0,0,0,0,0
1948,2024,0,2023,2023-10-02,2023-10-06 00:00:00+00:00,Non Graduated,<=24,1.0,Unknown,Unknown,Unknown,1,0,0,0,0.0,0,0,0,0
1762,2017,1,2023,2023-01-30,2023-04-21 00:00:00+00:00,Graduated,<=24,1.0,Unknown,Unknown,Unknown,0,0,0,0,0.0,0,0,0,0
1762,2018,1,2023,2023-01-30,2023-04-21 00:00:00+00:00,Graduated,<=24,1.0,Unknown,Unknown,Unknown,0,0,0,0,0.0,0,0,0,0
1762,2019,1,2023,2023-01-30,2023-04-21 00:00:00+00:00,Graduated,<=24,1.0,Unknown,Unknown,Unknown,0,0,0,0,0.0,0,0,0,0
1762,2020,1,2023,2023-01-30,2023-04-21 00:00:00+00:00,Graduated,<=24,1.0,Unknown,Unknown,Unknown,0,0,0,0,0.0,0,0,0,0
1762,2021,1,2023,2023-01-30,2023-04-21 00:00:00+00:00,Graduated,<=24,1.0,Unknown,Unknown,Unknown,0,0,0,0,0.0,0,0,0,0
1762,2022,1,2023,2023-01-30,2023-04-21 00:00:00+00:00,Graduated,<=24,1.0,Unknown,Unknown,Unknown,0,0,0,0,0.0,0,0,0,0
1762,2023,1,2023,2023-01-30,2023-04-21 00:00:00+00:00,Graduated,<=24,1.0,Unknown,Unknown,Unknown,1,1,0,0,0.0,0,0,0,0
1762,2024,1,2023,2023-01-30,2023-04-21 00:00:00+00:00,Graduated,<=24,1.0,Unknown,Unknown,Unknown,1,1,0,0,0.0,0,0,0,0
1836,2017,0,2023,2023-05-15,2023-06-08 00:00:00+00:00,Non Graduated,<=24,1.0,Unknown,Unknown,Unknown,0,0,0,0,0.0,0,0,0,0
1836,2018,0,2023,2023-05-15,2023-06-08 00:00:00+00:00,Non Graduated,<=24,1.0,Unknown,Unknown,Unknown,0,0,0,0,0.0,0,0,0,0
1836,2019,0,2023,2023-05-15,2023-06-08 00:00:00+00:00,Non Graduated,<=24,1.0,Unknown,Unknown,Unknown,0,0,0,0,0.0,0,0,0,0
1836,2020,0,2023,2023-05-15,2023-06-08 00:00:00+00:00,Non Graduated,<=24,1.0,Unknown,Unknown,Unknown,0,0,0,0,0.0,0,0,0,0
1836,2021,0,2023,2023-05-15,2023-06-08 00:00:00+00:00,Non Graduated,<=24,1.0,Unknown,Unknown,Unknown,0,0,0,0,0.0,0,0,0,0
1836,2022,0,2023,2023-05-15,2023-06-08 00:00:00+00:00,Non Graduated,<=24,1.0,Unknown,Unknown,Unknown,0,0,0,0,0.0,0,0,0,0
1836,2023,0,2023,2023-05-15,2023-06-08 00:00:00+00:00,Non Graduated,<=24,1.0,Unknown,Unknown,Unknown,1,0,0,1,9781.802761558403,0,0,0,0
1836,2024,0,2023,2023-05-15,2023-06-08 00:00:00+00:00,Non Graduated,<=24,1.0,Unknown,Unknown,Unknown,1,0,0,1,21131.716082795203,0,0,0,0
1531,2017,1,2022,2022-02-28,2022-05-20 00:00:00+00:00,Graduated,<=24,1.0,Unknown,Unknown,Unknown,0,0,0,0,0.0,0,0,0,0
1531,2018,1,2022,2022-02-28,2022-05-20 00:00:00+00:00,Graduated,<=24,1.0,Unknown,Unknown,Unknown,0,0,0,0,0.0,0,0,0,0
1531,2019,1,2022,2022-02-28,2022-05-20 00:00:00+00:00,Graduated,<=24,1.0,Unknown,Unknown,Unknown,0,0,0,0,0.0,0,0,0,0
1531,2020,1,2022,2022-02-28,2022-05-20 00:00:00+00:00,Graduated,<=24,1.0,Unknown,Unknown,Unknown,0,0,0,0,0.0,0,0,0,0
1531,2021,1,2022,2022-02-28,2022-05-20 00:00:00+00:00,Graduated,<=24,1.0,Unknown,Unknown,Unknown,0,0,0,0,0.0,0,0,0,0
1531,2022,1,2022,2022-02-28,2022-05-20 00:00:00+00:00,Graduated,<=24,1.0,Unknown,Unknown,Unknown,1,1,0,1,497.60073031375816,0,0,0,0
1531,2023,1,2022,2022-02-28,2022-05-20 00:00:00+00:00,Graduated,<=24,1.0,Unknown,Unknown,Unknown,1,1,0,1,80.17520485023678,0,0,0,0
1531,2024,1,2022,2022-02-28,2022-05-20 00:00:00+00:00,Graduated,<=24,1.0,Unknown,Unknown,Unknown,1,1,0,0,0.0,0,0,0,0
1763,2017,0,2023,2023-02-06,2023-02-10 00:00:00+00:00,Non Graduated,<=24,1.0,Unknown,Unknown,Unknown,0,0,0,0,0.0,0,0,0,0
1763,2018,0,2023,2023-02-06,2023-02-10 00:00:00+00:00,Non Graduated,<=24,1.0,Unknown,Unknown,Unknown,0,0,0,0,0.0,0,0,0,0
1763,2019,0,2023,2023-02-06,2023-02-10 00:00:00+00:00,Non Graduated,<=24,1.0,Unknown,Unknown,Unknown,0,0,0,0,0.0,0,0,0,0
1763,2020,0,2023,2023-02-06,2023-02-10 00:00:00+00:00,Non Graduated,<=24,1.0,Unknown,Unknown,Unknown,0,0,0,1,1462.8993775933611,0,0,0,0
1763,2021,0,2023,2023-02-06,2023-02-10 00:00:00+00:00,Non Graduated,<=24,1.0,Unknown,Unknown,Unknown,0,0,0,0,0.0,0,0,0,0
1763,2022,0,2023,2023-02-06,2023-02-10 00:00:00+00:00,Non Graduated,<=24,1.0,Unknown,Unknown,Unknown,0,0,0,0,0.0,0,0,0,0
1763,2023,0,2023,2023-02-06,2023-02-10 00:00:00+00:00,Non Graduated,<=24,1.0,Unknown,Unknown,Unknown,1,0,0,1,5076.957728479363,0,0,0,0
1763,2024,0,2023,2023-02-06,2023-02-10 00:00:00+00:00,Non Graduated,<=24,1.0,Unknown,Unknown,Unknown,1,0,0,1,6555.602894612815,0,0,0,0
1927,2017,1,2023,2023-08-28,2023-12-15 00:00:00+00:00,Graduated,<=24,1.0,Unknown,Unknown,Unknown,0,0,0,0,0.0,0,0,0,0
1927,2018,1,2023,2023-08-28,2023-12-15 00:00:00+00:00,Graduated,<=24,1.0,Unknown,Unknown,Unknown,0,0,0,0,0.0,0,0,0,0
1927,2019,1,2023,2023-08-28,2023-12-15 00:00:00+00:00,Graduated,<=24,1.0,Unknown,Unknown,Unknown,0,0,0,0,0.0,0,0,0,0
1927,2020,1,2023,2023-08-28,2023-12-15 00:00:00+00:00,Graduated,<=24,1.0,Unknown,Unknown,Unknown,0,0,0,0,0.0,0,0,0,0
1927,2021,1,2023,2023-08-28,2023-12-15 00:00:00+00:00,Graduated,<=24,1.0,Unknown,Unknown,Unknown,0,0,0,0,0.0,0,0,0,0
1927,2022,1,2023,2023-08-28,2023-12-15 00:00:00+00:00,Graduated,<=24,1.0,Unknown,Unknown,Unknown,0,0,0,0,0.0,0,0,0,0
1927,2023,1,2023,2023-08-28,2023-12-15 00:00:00+00:00,Graduated,<=24,1.0,Unknown,Unknown,Unknown,1,1,0,0,0.0,0,0,0,0
1927,2024,1,2023,2023-08-28,2023-12-15 00:00:00+00:00,Graduated,<=24,1.0,Unknown,Unknown,Unknown,1,1,0,0,0.0,0,0,0,0
2103,2017,0,2024,2024-04-15,2024-06-18 00:00:00+00:00,Non Graduated,<=24,1.0,Unknown,Unknown,Unknown,0,0,0,0,0.0,0,0,0,0
2103,2018,0,2024,2024-04-15,2024-06-18 00:00:00+00:00,Non Graduated,<=24,1.0,Unknown,Unknown,Unknown,0,0,0,0,0.0,0,0,0,0
2103,2019,0,2024,2024-04-15,2024-06-18 00:00:00+00:00,Non Graduated,<=24,1.0,Unknown,Unknown,Unknown,0,0,0,0,0.0,0,0,0,0
2103,2020,0,2024,2024-04-15,2024-06-18 00:00:00+00:00,Non Graduated,<=24,1.0,Unknown,Unknown,Unknown,0,0,0,0,0.0,0,0,0,0
2103,2021,0,2024,2024-04-15,2024-06-18 00:00:00+00:00,Non Graduated,<=24,1.0,Unknown,Unknown,Unknown,0,0,0,0,0.0,0,0,0,0
2103,2022,0,2024,2024-04-15,2024-06-18 00:00:00+00:00,Non Graduated,<=24,1.0,Unknown,Unknown,Unknown,0,0,0,0,0.0,0,0,0,0
2103,2023,0,2024,2024-04-15,2024-06-18 00:00:00+00:00,Non Graduated,<=24,1.0,Unknown,Unknown,Unknown,0,0,0,0,0.0,0,0,0,0
2103,2024,0,2024,2024-04-15,2024-06-18 00:00:00+00:00,Non Graduated,<=24,1.0,Unknown,Unknown,Unknown,1,0,0,0,0.0,0,0,0,0
1880,2017,1,2023,2023-07-10,2023-10-13 00:00:00+00:00,Graduated,<=24,1.0,Unknown,Unknown,Unknown,0,0,0,0,0.0,0,0,0,0
1880,2018,1,2023,2023-07-10,2023-10-13 00:00:00+00:00,Graduated,<=24,1.0,Unknown,Unknown,Unknown,0,0,0,0,0.0,0,0,0,0
1880,2019,1,2023,2023-07-10,2023-10-13 00:00:00+00:00,Graduated,<=24,1.0,Unknown,Unknown,Unknown,0,0,0,0,0.0,0,0,0,0
1880,2020,1,2023,2023-07-10,2023-10-13 00:00:00+00:00,Graduated,<=24,1.0,Unknown,Unknown,Unknown,0,0,0,0,0.0,0,0,0,0
1880,2021,1,2023,2023-07-10,2023-10-13 00:00:00+00:00,Graduated,<=24,1.0,Unknown,Unknown,Unknown,0,0,0,0,0.0,0,0,0,0
1880,2022,1,2023,2023-07-10,2023-10-13 00:00:00+00:00,Graduated,<=24,1.0,Unknown,Unknown,Unknown,0,0,0,0,0.0,0,0,0,0
1880,2023,1,2023,2023-07-10,2023-10-13 00:00:00+00:00,Graduated,<=24,1.0,Unknown,Unknown,Unknown,1,1,0,0,0.0,0,0,0,0
1880,2024,1,2023,2023-07-10,2023-10-13 00:00:00+00:00,Graduated,<=24,1.0,Unknown,Unknown,Unknown,1,1,0,1,353.785380759131,0,0,0,0
1634,2017,0,2024,2024-07-22,2024-08-20 00:00:00+00:00,Non Graduated,<=24,1.0,Unknown,Unknown,Unknown,0,0,0,0,0.0,0,0,0,0
1634,2018,0,2024,2024-07-22,2024-08-20 00:00:00+00:00,Non Graduated,<=24,1.0,Unknown,Unknown,Unknown,0,0,0,0,0.0,0,0,0,0
1634,2019,0,2024,2024-07-22,2024-08-20 00:00:00+00:00,Non Graduated,<=24,1.0,Unknown,Unknown,Unknown,0,0,0,1,11586.478501574496,0,0,0,0
1634,2020,0,2024,2024-07-22,2024-08-20 00:00:00+00:00,Non Graduated,<=24,1.0,Unknown,Unknown,Unknown,0,0,0,0,0.0,0,0,0,0
1634,2021,0,2024,2024-07-22,2024-08-20 00:00:00+00:00,Non Graduated,<=24,1.0,Unknown,Unknown,Unknown,0,0,0,0,0.0,0,0,0,0
1634,2022,0,2024,2024-07-22,2024-08-20 00:00:00+00:00,Non Graduated,<=24,1.0,Unknown,Unknown,Unknown,0,0,0,0,0.0,0,0,0,0
1634,2023,0,2024,2024-07-22,2024-08-20 00:00:00+00:00,Non Graduated,<=24,1.0,Unknown,Unknown,Unknown,0,0,0,0,0.0,0,0,0,0
1634,2024,0,2024,2024-07-22,2024-08-20 00:00:00+00:00,Non Graduated,<=24,1.0,Unknown,Unknown,Unknown,1,0,0,0,0.0,0,0,0,0
1799,2017,1,2023,2023-03-28,2023-08-18 00:00:00+00:00,Graduated,<=24,1.0,Unknown,Unknown,Unknown,0,0,0,0,0.0,0,0,0,0
1799,2018,1,2023,2023-03-28,2023-08-18 00:00:00+00:00,Graduated,<=24,1.0,Unknown,Unknown,Unknown,0,0,0,0,0.0,0,0,0,0
1799,2019,1,2023,2023-03-28,2023-08-18 00:00:00+00:00,Graduated,<=24,1.0,Unknown,Unknown,Unknown,0,0,0,0,0.0,0,0,0,0
1799,2020,1,2023,2023-03-28,2023-08-18 00:00:00+00:00,Graduated,<=24,1.0,Unknown,Unknown,Unknown,0,0,0,1,1643.4462932348083,0,0,0,0
1799,2021,1,2023,2023-03-28,2023-08-18 00:00:00+00:00,Graduated,<=24,1.0,Unknown,Unknown,Unknown,0,0,0,0,0.0,0,0,0,0
1799,2022,1,2023,2023-03-28,2023-08-18 00:00:00+00:00,Graduated,<=24,1.0,Unknown,Unknown,Unknown,0,0,0,0,0.0,0,0,0,0
1799,2023,1,2023,2023-03-28,2023-08-18 00:00:00+00:00,Graduated,<=24,1.0,Unknown,Unknown,Unknown,1,1,0,1,2158.172089318899,0,0,0,0
1799,2024,1,2023,2023-03-28,2023-08-18 00:00:00+00:00,Graduated,<=24,1.0,Unknown,Unknown,Unknown,1,1,0,1,1323.7558777168483,0,0,0,0
1060,2017,0,2023,2023-02-28,2023-03-24 00:00:00+00:00,Non Graduated,<=24,1.0,Unknown,Unknown,Unknown,0,0,0,0,0.0,0,0,0,0
1060,2018,0,2023,2023-02-28,2023-03-24 00:00:00+00:00,Non Graduated,<=24,1.0,Unknown,Unknown,Unknown,0,0,0,0,0.0,0,0,0,0
1060,2019,0,2023,2023-02-28,2023-03-24 00:00:00+00:00,Non Graduated,<=24,1.0,Unknown,Unknown,Unknown,0,0,0,1,2851.525464416427,0,0,0,0
1060,2020,0,2023,2023-02-28,2023-03-24 00:00:00+00:00,Non Graduated,<=24,1.0,Unknown,Unknown,Unknown,0,0,0,0,0.0,0,0,0,0
1060,2021,0,2023,2023-02-28,2023-03-24 00:00:00+00:00,Non Graduated,<=24,1.0,Unknown,Unknown,Unknown,0,0,0,0,0.0,0,0,0,0
1060,2022,0,2023,2023-02-28,2023-03-24 00:00:00+00:00,Non Graduated,<=24,1.0,Unknown,Unknown,Unknown,0,0,0,0,0.0,0,0,0,0
1060,2023,0,2023,2023-02-28,2023-03-24 00:00:00+00:00,Non Graduated,<=24,1.0,Unknown,Unknown,Unknown,1,0,0,0,0.0,0,0,0,0
1060,2024,0,2023,2023-02-28,2023-03-24 00:00:00+00:00,Non Graduated,<=24,1.0,Unknown,Unknown,Unknown,1,0,0,0,0.0,0,0,0,0
1626,2017,1,2022,2022-07-25,2022-10-07 00:00:00+00:00,Graduated,<=24,1.0,Unknown,Unknown,Unknown,0,0,0,0,0.0,0,0,0,0
1626,2018,1,2022,2022-07-25,2022-10-07 00:00:00+00:00,Graduated,<=24,1.0,Unknown,Unknown,Unknown,0,0,0,0,0.0,0,0,0,0
1626,2019,1,2022,2022-07-25,2022-10-07 00:00:00+00:00,Graduated,<=24,1.0,Unknown,Unknown,Unknown,0,0,0,0,0.0,0,0,0,0
1626,2020,1,2022,2022-07-25,2022-10-07 00:00:00+00:00,Graduated,<=24,1.0,Unknown,Unknown,Unknown,0,0,0,0,0.0,0,0,0,0
1626,2021,1,2022,2022-07-25,2022-10-07 00:00:00+00:00,Graduated,<=24,1.0,Unknown,Unknown,Unknown,0,0,0,0,0.0,0,0,0,0
1626,2022,1,2022,2022-07-25,2022-10-07 00:00:00+00:00,Graduated,<=24,1.0,Unknown,Unknown,Unknown,1,1,0,0,0.0,0,0,0,0
1626,2023,1,2022,2022-07-25,2022-10-07 00:00:00+00:00,Graduated,<=24,1.0,Unknown,Unknown,Unknown,1,1,0,1,15805.805116302912,0,0,0,0
1626,2024,1,2022,2022-07-25,2022-10-07 00:00:00+00:00,Graduated,<=24,1.0,Unknown,Unknown,Unknown,1,1,0,1,23231.273880205124,0,0,0,0
1410,2017,0,2022,2022-09-06,2022-11-02 00:00:00+00:00,Non Graduated,<=24,1.0,Unknown,Unknown,Unknown,0,0,1,1,38796.80432142915,0,0,0,0
1410,2018,0,2022,2022-09-06,2022-11-02 00:00:00+00:00,Non Graduated,<=24,1.0,Unknown,Unknown,Unknown,0,0,1,1,40427.49592708839,0,0,0,0
1410,2019,0,2022,2022-09-06,2022-11-02 00:00:00+00:00,Non Graduated,<=24,1.0,Unknown,Unknown,Unknown,0,0,1,1,42919.07393831519,0,0,0,0
1410,2020,0,2022,2022-09-06,2022-11-02 00:00:00+00:00,Non Graduated,<=24,1.0,Unknown,Unknown,Unknown,0,0,0,1,11941.522605041882,0,0,0,0
1410,2021,0,2022,2022-09-06,2022-11-02 00:00:00+00:00,Non Graduated,<=24,1.0,Unknown,Unknown,Unknown,0,0,0,0,0.0,0,0,0,0
1410,2022,0,2022,2022-09-06,2022-11-02 00:00:00+00:00,Non Graduated,<=24,1.0,Unknown,Unknown,Unknown,1,0,0,0,0.0,0,0,0,0
1410,2023,0,2022,2022-09-06,2022-11-02 00:00:00+00:00,Non Graduated,<=24,1.0,Unknown,Unknown,Unknown,1,0,0,1,3205.797996262871,0,0,0,0
1410,2024,0,2022,2022-09-06,2022-11-02 00:00:00+00:00,Non Graduated,<=24,1.0,Unknown,Unknown,Unknown,1,0,0,0,0.0,0,0,0,0
1869,2017,1,2023,2023-09-05,2023-11-17 00:00:00+00:00,Graduated,<=24,1.0,Unknown,Unknown,Unknown,0,0,0,0,0.0,0,0,0,0
1869,2018,1,2023,2023-09-05,2023-11-17 00:00:00+00:00,Graduated,<=24,1.0,Unknown,Unknown,Unknown,0,0,0,0,0.0,0,0,0,0
1869,2019,1,2023,2023-09-05,2023-11-17 00:00:00+00:00,Graduated,<=24,1.0,Unknown,Unknown,Unknown,0,0,0,0,0.0,0,0,0,0
1869,2020,1,2023,2023-09-05,2023-11-17 00:00:00+00:00,Graduated,<=24,1.0,Unknown,Unknown,Unknown,0,0,0,0,0.0,0,0,0,0
1869,2021,1,2023,2023-09-05,2023-11-17 00:00:00+00:00,Graduated,<=24,1.0,Unknown,Unknown,Unknown,0,0,0,0,0.0,0,0,0,0
1869,2022,1,2023,2023-09-05,2023-11-17 00:00:00+00:00,Graduated,<=24,1.0,Unknown,Unknown,Unknown,0,0,0,0,0.0,0,0,0,0
1869,2023,1,2023,2023-09-05,2023-11-17 00:00:00+00:00,Graduated,<=24,1.0,Unknown,Unknown,Unknown,1,1,0,0,0.0,0,0,0,0
1869,2024,1,2023,2023-09-05,2023-11-17 00:00:00+00:00,Graduated,<=24,1.0,Unknown,Unknown,Unknown,1,1,0,0,0.0,0,0,0,0
1454,2017,0,2024,2024-06-03,2024-06-21 00:00:00+00:00,Non Graduated,<=24,1.0,Unknown,Unknown,Unknown,0,0,0,0,0.0,0,0,0,0
1454,2018,0,2024,2024-06-03,2024-06-21 00:00:00+00:00,Non Graduated,<=24,1.0,Unknown,Unknown,Unknown,0,0,0,0,0.0,0,0,0,0
1454,2019,0,2024,2024-06-03,2024-06-21 00:00:00+00:00,Non Graduated,<=24,1.0,Unknown,Unknown,Unknown,0,0,0,0,0.0,0,0,0,0
1454,2020,0,2024,2024-06-03,2024-06-21 00:00:00+00:00,Non Graduated,<=24,1.0,Unknown,Unknown,Unknown,0,0,0,0,0.0,0,0,0,0
1454,2021,0,2024,2024-06-03,2024-06-21 00:00:00+00:00,Non Graduated,<=24,1.0,Unknown,Unknown,Unknown,0,0,0,0,0.0,0,0,0,0
1454,2022,0,2024,2024-06-03,2024-06-21 00:00:00+00:00,Non Graduated,<=24,1.0,Unknown,Unknown,Unknown,0,0,0,0,0.0,0,0,0,0
1454,2023,0,2024,2024-06-03,2024-06-21 00:00:00+00:00,Non Graduated,<=24,1.0,Unknown,Unknown,Unknown,0,0,0,0,0.0,0,0,0,0
1454,2024,0,2024,2024-06-03,2024-06-21 00:00:00+00:00,Non Graduated,<=24,1.0,Unknown,Unknown,Unknown,1,0,0,0,0.0,0,0,0,0
1780,2017,1,2023,2023-02-27,2023-05-12 00:00:00+00:00,Graduated,<=24,1.0,Unknown,Unknown,Unknown,0,0,0,0,0.0,0,0,0,0
1780,2018,1,2023,2023-02-27,2023-05-12 00:00:00+00:00,Graduated,<=24,1.0,Unknown,Unknown,Unknown,0,0,0,0,0.0,0,0,0,0
1780,2019,1,2023,2023-02-27,2023-05-12 00:00:00+00:00,Graduated,<=24,1.0,Unknown,Unknown,Unknown,0,0,0,0,0.0,0,0,0,0
1780,2020,1,2023,2023-02-27,2023-05-12 00:00:00+00:00,Graduated,<=24,1.0,Unknown,Unknown,Unknown,0,0,0,0,0.0,0,0,0,0
1780,2021,1,2023,2023-02-27,2023-05-12 00:00:00+00:00,Graduated,<=24,1.0,Unknown,Unknown,Unknown,0,0,0,0,0.0,0,0,0,0
1780,2022,1,2023,2023-02-27,2023-05-12 00:00:00+00:00,Graduated,<=24,1.0,Unknown,Unknown,Unknown,0,0,0,0,0.0,0,0,0,0
1780,2023,1,2023,2023-02-27,2023-05-12 00:00:00+00:00,Graduated,<=24,1.0,Unknown,Unknown,Unknown,1,1,0,0,0.0,0,0,0,0
1780,2024,1,2023,2023-02-27,2023-05-12 00:00:00+00:00,Graduated,<=24,1.0,Unknown,Unknown,Unknown,1,1,0,0,0.0,0,0,0,0
2211,2017,0,2024,2024-07-22,2024-08-09 00:00:00+00:00,Non Graduated,<=24,1.0,Unknown,Unknown,Unknown,0,0,0,0,0.0,0,0,0,0
2211,2018,0,2024,2024-07-22,2024-08-09 00:00:00+00:00,Non Graduated,<=24,1.0,Unknown,Unknown,Unknown,0,0,0,0,0.0,0,0,0,0
2211,2019,0,2024,2024-07-22,2024-08-09 00:00:00+00:00,Non Graduated,<=24,1.0,Unknown,Unknown,Unknown,0,0,0,0,0.0,0,0,0,0
2211,2020,0,2024,2024-07-22,2024-08-09 00:00:00+00:00,Non Graduated,<=24,1.0,Unknown,Unknown,Unknown,0,0,0,1,793.0782157676349,8,1,1,0
2211,2021,0,2024,2024-07-22,2024-08-09 00:00:00+00:00,Non Graduated,<=24,1.0,Unknown,Unknown,Unknown,0,0,0,0,0.0,0,0,1,1
2211,2022,0,2024,2024-07-22,2024-08-09 00:00:00+00:00,Non Graduated,<=24,1.0,Unknown,Unknown,Unknown,0,0,0,0,0.0,0,0,1,1
2211,2023,0,2024,2024-07-22,2024-08-09 00:00:00+00:00,Non Graduated,<=24,1.0,Unknown,Unknown,Unknown,0,0,0,1,3105.688340489738,3,1,1,1
2211,2024,0,2024,2024-07-22,2024-08-09 00:00:00+00:00,Non Graduated,<=24,1.0,Unknown,Unknown,Unknown,1,0,0,1,2482.0422707190905,0,0,1,1
1708,2017,1,2023,2022-11-08,2023-01-20 00:00:00+00:00,Graduated,<=24,1.0,Unknown,Unknown,Unknown,0,0,0,0,0.0,0,0,0,0
1708,2018,1,2023,2022-11-08,2023-01-20 00:00:00+00:00,Graduated,<=24,1.0,Unknown,Unknown,Unknown,0,0,0,0,0.0,0,0,0,0
1708,2019,1,2023,2022-11-08,2023-01-20 00:00:00+00:00,Graduated,<=24,1.0,Unknown,Unknown,Unknown,0,0,0,0,0.0,0,0,0,0
1708,2020,1,2023,2022-11-08,2023-01-20 00:00:00+00:00,Graduated,<=24,1.0,Unknown,Unknown,Unknown,0,0,0,0,0.0,0,0,0,0
1708,2021,1,2023,2022-11-08,2023-01-20 00:00:00+00:00,Graduated,<=24,1.0,Unknown,Unknown,Unknown,0,0,0,1,1251.9449310270088,0,0,0,0
1708,2022,1,2023,2022-11-08,2023-01-20 00:00:00+00:00,Graduated,<=24,1.0,Unknown,Unknown,Unknown,0,0,0,1,1577.5356509101339,0,0,0,0
1708,2023,1,2023,2022-11-08,2023-01-20 00:00:00+00:00,Graduated,<=24,1.0,Unknown,Unknown,Unknown,1,1,0,1,3033.36490263495,0,0,0,0
1708,2024,1,2023,2022-11-08,2023-01-20 00:00:00+00:00,Graduated,<=24,1.0,Unknown,Unknown,Unknown,1,1,0,0,0.0,0,0,0,0
2102,2017,0,2024,2024-04-15,2024-07-02 00:00:00+00:00,Non Graduated,<=24,1.0,Unknown,Unknown,Unknown,0,0,0,0,0.0,0,0,0,0
2102,2018,0,2024,2024-04-15,2024-07-02 00:00:00+00:00,Non Graduated,<=24,1.0,Unknown,Unknown,Unknown,0,0,0,0,0.0,0,0,0,0
2102,2019,0,2024,2024-04-15,2024-07-02 00:00:00+00:00,Non Graduated,<=24,1.0,Unknown,Unknown,Unknown,0,0,0,0,0.0,0,0,0,0
2102,2020,0,2024,2024-04-15,2024-07-02 00:00:00+00:00,Non Graduated,<=24,1.0,Unknown,Unknown,Unknown,0,0,0,0,0.0,0,0,0,0
2102,2021,0,2024,2024-04-15,2024-07-02 00:00:00+00:00,Non Graduated,<=24,1.0,Unknown,Unknown,Unknown,0,0,0,0,0.0,0,0,0,0
2102,2022,0,2024,2024-04-15,2024-07-02 00:00:00+00:00,Non Graduated,<=24,1.0,Unknown,Unknown,Unknown,0,0,0,1,1256.6580213471336,0,0,0,0
2102,2023,0,2024,2024-04-15,2024-07-02 00:00:00+00:00,Non Graduated,<=24,1.0,Unknown,Unknown,Unknown,0,0,0,1,1771.1170263820588,0,0,0,0
2102,2024,0,2024,2024-04-15,2024-07-02 00:00:00+00:00,Non Graduated,<=24,1.0,Unknown,Unknown,Unknown,1,0,0,1,2383.8778560576156,0,0,0,0
2131,2017,1,2024,2024-06-24,2024-09-06 00:00:00+00:00,Graduated,<=24,1.0,Unknown,Unknown,Unknown,0,0,0,0,0.0,0,0,0,0
2131,2018,1,2024,2024-06-24,2024-09-06 00:00:00+00:00,Graduated,<=24,1.0,Unknown,Unknown,Unknown,0,0,0,0,0.0,0,0,0,0
2131,2019,1,2024,2024-06-24,2024-09-06 00:00:00+00:00,Graduated,<=24,1.0,Unknown,Unknown,Unknown,0,0,0,0,0.0,0,0,0,0
2131,2020,1,2024,2024-06-24,2024-09-06 00:00:00+00:00,Graduated,<=24,1.0,Unknown,Unknown,Unknown,0,0,0,1,1609.856937736588,0,0,0,0
2131,2021,1,2024,2024-06-24,2024-09-06 00:00:00+00:00,Graduated,<=24,1.0,Unknown,Unknown,Unknown,0,0,1,1,9307.448467346327,0,0,0,0
2131,2022,1,2024,2024-06-24,2024-09-06 00:00:00+00:00,Graduated,<=24,1.0,Unknown,Unknown,Unknown,0,0,0,1,4630.520986217545,0,0,0,0
2131,2023,1,2024,2024-06-24,2024-09-06 00:00:00+00:00,Graduated,<=24,1.0,Unknown,Unknown,Unknown,0,0,0,1,4990.91415789901,0,0,0,0
2131,2024,1,2024,2024-06-24,2024-09-06 00:00:00+00:00,Graduated,<=24,1.0,Unknown,Unknown,Unknown,1,1,0,1,7488.065408799829,0,0,0,0
1691,2017,0,2024,2024-03-04,2024-04-12 00:00:00+00:00,Non Graduated,<=24,1.0,Unknown,Unknown,Unknown,0,0,0,0,0.0,0,0,0,0
1691,2018,0,2024,2024-03-04,2024-04-12 00:00:00+00:00,Non Graduated,<=24,1.0,Unknown,Unknown,Unknown,0,0,0,0,0.0,0,0,0,0
1691,2019,0,2024,2024-03-04,2024-04-12 00:00:00+00:00,Non Graduated,<=24,1.0,Unknown,Unknown,Unknown,0,0,0,0,0.0,0,0,0,0
1691,2020,0,2024,2024-03-04,2024-04-12 00:00:00+00:00,Non Graduated,<=24,1.0,Unknown,Unknown,Unknown,0,0,1,1,3169.4620389950724,0,0,0,0
1691,2021,0,2024,2024-03-04,2024-04-12 00:00:00+00:00,Non Graduated,<=24,1.0,Unknown,Unknown,Unknown,0,0,0,1,581.873043076559,0,0,0,0
1691,2022,0,2024,2024-03-04,2024-04-12 00:00:00+00:00,Non Graduated,<=24,1.0,Unknown,Unknown,Unknown,0,0,0,1,701.2764416957878,0,0,0,0
1691,2023,0,2024,2024-03-04,2024-04-12 00:00:00+00:00,Non Graduated,<=24,1.0,Unknown,Unknown,Unknown,0,0,0,1,2233.1077803840494,0,0,0,0
1691,2024,0,2024,2024-03-04,2024-04-12 00:00:00+00:00,Non Graduated,<=24,1.0,Unknown,Unknown,Unknown,1,0,0,1,1410.0040533790966,0,0,0,0
1785,2017,1,2023,2023-03-06,2023-06-15 00:00:00+00:00,Graduated,<=24,1.0,Unknown,Unknown,Unknown,0,0,0,0,0.0,0,0,0,0
1785,2018,1,2023,2023-03-06,2023-06-15 00:00:00+00:00,Graduated,<=24,1.0,Unknown,Unknown,Unknown,0,0,0,0,0.0,0,0,0,0
1785,2019,1,2023,2023-03-06,2023-06-15 00:00:00+00:00,Graduated,<=24,1.0,Unknown,Unknown,Unknown,0,0,0,0,0.0,0,0,0,0
1785,2020,1,2023,2023-03-06,2023-06-15 00:00:00+00:00,Graduated,<=24,1.0,Unknown,Unknown,Unknown,0,0,0,1,804.1396730814748,0,0,0,0
1785,2021,1,2023,2023-03-06,2023-06-15 00:00:00+00:00,Graduated,<=24,1.0,Unknown,Unknown,Unknown,0,0,0,1,2442.4389588634203,0,0,0,0
1785,2022,1,2023,2023-03-06,2023-06-15 00:00:00+00:00,Graduated,<=24,1.0,Unknown,Unknown,Unknown,0,0,0,1,2995.3760621565757,0,0,0,0
1785,2023,1,2023,2023-03-06,2023-06-15 00:00:00+00:00,Graduated,<=24,1.0,Unknown,Unknown,Unknown,1,1,0,1,968.3957778396215,0,0,0,0
1785,2024,1,2023,2023-03-06,2023-06-15 00:00:00+00:00,Graduated,<=24,1.0,Unknown,Unknown,Unknown,1,1,0,1,3226.3630527792347,0,0,0,0
1991,2017,0,2024,2023-12-04,2024-04-03 00:00:00+00:00,Non Graduated,<=24,1.0,Unknown,Unknown,Unknown,0,0,0,0,0.0,0,0,0,0
1991,2018,0,2024,2023-12-04,2024-04-03 00:00:00+00:00,Non Graduated,<=24,1.0,Unknown,Unknown,Unknown,0,0,0,0,0.0,0,0,0,0
1991,2019,0,2024,2023-12-04,2024-04-03 00:00:00+00:00,Non Graduated,<=24,1.0,Unknown,Unknown,Unknown,0,0,0,0,0.0,0,0,0,0
1991,2020,0,2024,2023-12-04,2024-04-03 00:00:00+00:00,Non Graduated,<=24,1.0,Unknown,Unknown,Unknown,0,0,0,1,3862.267307714181,0,0,0,0
1991,2021,0,2024,2023-12-04,2024-04-03 00:00:00+00:00,Non Graduated,<=24,1.0,Unknown,Unknown,Unknown,0,0,0,1,2735.9251129958225,0,0,0,0
1991,2022,0,2024,2023-12-04,2024-04-03 00:00:00+00:00,Non Graduated,<=24,1.0,Unknown,Unknown,Unknown,0,0,0,1,1887.896935974637,0,0,0,0
1991,2023,0,2024,2023-12-04,2024-04-03 00:00:00+00:00,Non Graduated,<=24,1.0,Unknown,Unknown,Unknown,0,0,0,1,4394.992880242307,0,0,0,0
1991,2024,0,2024,2023-12-04,2024-04-03 00:00:00+00:00,Non Graduated,<=24,1.0,Unknown,Unknown,Unknown,1,0,0,1,6736.466423410959,0,0,0,0
1932,2017,1,2024,2023-12-04,2024-01-05 00:00:00+00:00,Graduated,<=24,1.0,Unknown,Unknown,Unknown,0,0,0,1,1276.2256122712872,0,0,0,0
1932,2018,1,2024,2023-12-04,2024-01-05 00:00:00+00:00,Graduated,<=24,1.0,Unknown,Unknown,Unknown,0,0,0,1,11168.638876328665,0,0,0,0
1932,2019,1,2024,2023-12-04,2024-01-05 00:00:00+00:00,Graduated,<=24,1.0,Unknown,Unknown,Unknown,0,0,0,1,13615.718281630789,0,0,0,0
1932,2020,1,2024,2023-12-04,2024-01-05 00:00:00+00:00,Graduated,<=24,1.0,Unknown,Unknown,Unknown,0,0,0,0,0.0,0,0,0,0
1932,2021,1,2024,2023-12-04,2024-01-05 00:00:00+00:00,Graduated,<=24,1.0,Unknown,Unknown,Unknown,0,0,0,1,146.45090063916328,0,0,0,0
1932,2022,1,2024,2023-12-04,2024-01-05 00:00:00+00:00,Graduated,<=24,1.0,Unknown,Unknown,Unknown,0,0,1,1,23821.523456492105,0,0,0,0
1932,2023,1,2024,2023-12-04,2024-01-05 00:00:00+00:00,Graduated,<=24,1.0,Unknown,Unknown,Unknown,0,0,0,1,346.7758716654077,0,0,0,0
1932,2024,1,2024,2023-12-04,2024-01-05 00:00:00+00:00,Graduated,<=24,1.0,Unknown,Unknown,Unknown,1,1,0,0,0.0,0,0,0,0
2198,2017,0,2024,2024-07-15,2024-09-06 00:00:00+00:00,Non Graduated,<=24,1.0,Unknown,Unknown,Unknown,0,0,0,1,1814.754607792982,0,0,0,0
2198,2018,0,2024,2024-07-15,2024-09-06 00:00:00+00:00,Non Graduated,<=24,1.0,Unknown,Unknown,Unknown,0,0,0,1,579.5165695967318,1,1,1,0
2198,2019,0,2024,2024-07-15,2024-09-06 00:00:00+00:00,Non Graduated,<=24,1.0,Unknown,Unknown,Unknown,0,0,1,1,8814.34964898775,0,0,1,1
2198,2020,0,2024,2024-07-15,2024-09-06 00:00:00+00:00,Non Graduated,<=24,1.0,Unknown,Unknown,Unknown,0,0,0,1,3553.0756726334507,1,1,1,1
2198,2021,0,2024,2024-07-15,2024-09-06 00:00:00+00:00,Non Graduated,<=24,1.0,Unknown,Unknown,Unknown,0,0,0,1,5941.7222545031955,0,0,1,1
2198,2022,0,2024,2024-07-15,2024-09-06 00:00:00+00:00,Non Graduated,<=24,1.0,Unknown,Unknown,Unknown,0,0,0,1,14808.763820036042,0,0,1,1
2198,2023,0,2024,2024-07-15,2024-09-06 00:00:00+00:00,Non Graduated,<=24,1.0,Unknown,Unknown,Unknown,0,0,0,1,2816.893343943299,0,0,1,1
2198,2024,0,2024,2024-07-15,2024-09-06 00:00:00+00:00,Non Graduated,<=24,1.0,Unknown,Unknown,Unknown,1,0,0,0,0.0,3,1,1,1
1794,2017,1,2023,2023-03-21,2023-06-02 00:00:00+00:00,Graduated,<=24,1.0,Unknown,Unknown,Unknown,0,0,0,0,0.0,0,0,0,0
1794,2018,1,2023,2023-03-21,2023-06-02 00:00:00+00:00,Graduated,<=24,1.0,Unknown,Unknown,Unknown,0,0,0,0,0.0,0,0,0,0
1794,2019,1,2023,2023-03-21,2023-06-02 00:00:00+00:00,Graduated,<=24,1.0,Unknown,Unknown,Unknown,0,0,0,1,1283.889879058807,0,0,0,0
1794,2020,1,2023,2023-03-21,2023-06-02 00:00:00+00:00,Graduated,<=24,1.0,Unknown,Unknown,Unknown,0,0,0,1,121.77997404257789,0,0,0,0
1794,2021,1,2023,2023-03-21,2023-06-02 00:00:00+00:00,Graduated,<=24,1.0,Unknown,Unknown,Unknown,0,0,0,1,6927.910209730947,0,0,0,0
1794,2022,1,2023,2023-03-21,2023-06-02 00:00:00+00:00,Graduated,<=24,1.0,Unknown,Unknown,Unknown,0,0,0,1,6382.254605814773,0,0,0,0
1794,2023,1,2023,2023-03-21,2023-06-02 00:00:00+00:00,Graduated,<=24,1.0,Unknown,Unknown,Unknown,1,1,0,1,4568.720046057254,0,0,0,0
1794,2024,1,2023,2023-03-21,2023-06-02 00:00:00+00:00,Graduated,<=24,1.0,Unknown,Unknown,Unknown,1,1,0,1,8094.112683557874,0,0,0,0
1612,2017,0,2022,2022-06-22,2022-07-08 00:00:00+00:00,Non Graduated,<=24,1.0,Unknown,Unknown,Unknown,0,0,0,0,0.0,0,0,0,0
1612,2018,0,2022,2022-06-22,2022-07-08 00:00:00+00:00,Non Graduated,<=24,1.0,Unknown,Unknown,Unknown,0,0,0,0,0.0,0,0,0,0
1612,2019,0,2022,2022-06-22,2022-07-08 00:00:00+00:00,Non Graduated,<=24,1.0,Unknown,Unknown,Unknown,0,0,0,0,0.0,0,0,0,0
1612,2020,0,2022,2022-06-22,2022-07-08 00:00:00+00:00,Non Graduated,<=24,1.0,Unknown,Unknown,Unknown,0,0,0,0,0.0,0,0,0,0
1612,2021,0,2022,2022-06-22,2022-07-08 00:00:00+00:00,Non Graduated,<=24,1.0,Unknown,Unknown,Unknown,0,0,0,1,332.8745779018809,0,0,0,0
1612,2022,0,2022,2022-06-22,2022-07-08 00:00:00+00:00,Non Graduated,<=24,1.0,Unknown,Unknown,Unknown,1,0,0,1,4385.87782978761,0,0,0,0
1612,2023,0,2022,2022-06-22,2022-07-08 00:00:00+00:00,Non Graduated,<=24,1.0,Unknown,Unknown,Unknown,1,0,0,0,0.0,3,1,1,0
1612,2024,0,2022,2022-06-22,2022-07-08 00:00:00+00:00,Non Graduated,<=24,1.0,Unknown,Unknown,Unknown,1,0,0,0,0.0,0,0,1,1
1637,2017,1,2022,2022-08-02,2022-10-14 00:00:00+00:00,Graduated,<=24,1.0,Unknown,Unknown,Unknown,0,0,0,0,0.0,0,0,0,0
1637,2018,1,2022,2022-08-02,2022-10-14 00:00:00+00:00,Graduated,<=24,1.0,Unknown,Unknown,Unknown,0,0,0,0,0.0,0,0,0,0
1637,2019,1,2022,2022-08-02,2022-10-14 00:00:00+00:00,Graduated,<=24,1.0,Unknown,Unknown,Unknown,0,0,0,1,6458.248852118282,0,0,0,0
1637,2020,1,2022,2022-08-02,2022-10-14 00:00:00+00:00,Graduated,<=24,1.0,Unknown,Unknown,Unknown,0,0,0,1,4665.928500959486,0,0,0,0
1637,2021,1,2022,2022-08-02,2022-10-14 00:00:00+00:00,Graduated,<=24,1.0,Unknown,Unknown,Unknown,0,0,1,1,17095.639022799493,0,0,0,0
1637,2022,1,2022,2022-08-02,2022-10-14 00:00:00+00:00,Graduated,<=24,1.0,Unknown,Unknown,Unknown,1,1,1,1,13223.563673495508,0,0,0,0
1637,2023,1,2022,2022-08-02,2022-10-14 00:00:00+00:00,Graduated,<=24,1.0,Unknown,Unknown,Unknown,1,1,1,1,18663.75148511286,0,0,0,0
1637,2024,1,2022,2022-08-02,2022-10-14 00:00:00+00:00,Graduated,<=24,1.0,Unknown,Unknown,Unknown,1,1,0,1,32032.641968763524,0,0,0,0
1537,2017,0,2022,2022-03-14,2022-04-21 00:00:00+00:00,Non Graduated,<=24,1.0,Unknown,Unknown,Unknown,0,0,0,1,1118.6092156600585,0,0,0,0
1537,2018,0,2022,2022-03-14,2022-04-21 00:00:00+00:00,Non Graduated,<=24,1.0,Unknown,Unknown,Unknown,0,0,0,1,1422.8737239913228,0,0,0,0
1537,2019,0,2022,2022-03-14,2022-04-21 00:00:00+00:00,Non Graduated,<=24,1.0,Unknown,Unknown,Unknown,0,0,1,1,4379.76970501228,0,0,0,0
1537,2020,0,2022,2022-03-14,2022-04-21 00:00:00+00:00,Non Graduated,<=24,1.0,Unknown,Unknown,Unknown,0,0,1,1,4018.420814148873,0,0,0,0
1537,2021,0,2022,2022-03-14,2022-04-21 00:00:00+00:00,Non Graduated,<=24,1.0,Unknown,Unknown,Unknown,0,0,1,1,8446.239811714724,0,0,0,0
1537,2022,0,2022,2022-03-14,2022-04-21 00:00:00+00:00,Non Graduated,<=24,1.0,Unknown,Unknown,Unknown,1,0,1,1,11477.48880285481,0,0,0,0
1537,2023,0,2022,2022-03-14,2022-04-21 00:00:00+00:00,Non Graduated,<=24,1.0,Unknown,Unknown,Unknown,1,0,1,1,11213.905188476556,0,0,0,0
1537,2024,0,2022,2022-03-14,2022-04-21 00:00:00+00:00,Non Graduated,<=24,1.0,Unknown,Unknown,Unknown,1,0,0,1,7498.775036506612,0,0,0,0
2137,2017,1,2024,2024-05-28,2024-08-09 00:00:00+00:00,Graduated,<=24,1.0,Unknown,Unknown,Unknown,0,0,0,0,0.0,0,0,0,0
2137,2018,1,2024,2024-05-28,2024-08-09 00:00:00+00:00,Graduated,<=24,1.0,Unknown,Unknown,Unknown,0,0,0,0,0.0,0,0,0,0
2137,2019,1,2024,2024-05-28,2024-08-09 00:00:00+00:00,Graduated,<=24,1.0,Unknown,Unknown,Unknown,0,0,0,0,0.0,0,0,0,0
2137,2020,1,2024,2024-05-28,2024-08-09 00:00:00+00:00,Graduated,<=24,1.0,Unknown,Unknown,Unknown,0,0,0,0,0.0,0,0,0,0
2137,2021,1,2024,2024-05-28,2024-08-09 00:00:00+00:00,Graduated,<=24,1.0,Unknown,Unknown,Unknown,0,0,0,0,0.0,0,0,0,0
2137,2022,1,2024,2024-05-28,2024-08-09 00:00:00+00:00,Graduated,<=24,1.0,Unknown,Unknown,Unknown,0,0,0,1,432.3514999595698,0,0,0,0
2137,2023,1,2024,2024-05-28,2024-08-09 00:00:00+00:00,Graduated,<=24,1.0,Unknown,Unknown,Unknown,0,0,1,1,1822.251761618389,0,0,0,0
2137,2024,1,2024,2024-05-28,2024-08-09 00:00:00+00:00,Graduated,<=24,1.0,Unknown,Unknown,Unknown,1,1,0,1,7901.539422345388,0,0,0,0
1726,2017,0,2023,2023-01-09,2023-01-24 00:00:00+00:00,Non Graduated,<=24,1.0,Unknown,Unknown,Unknown,0,0,0,0,0.0,1,1,1,1
1726,2018,0,2023,2023-01-09,2023-01-24 00:00:00+00:00,Non Graduated,<=24,1.0,Unknown,Unknown,Unknown,0,0,0,0,0.0,0,0,1,1
1726,2019,0,2023,2023-01-09,2023-01-24 00:00:00+00:00,Non Graduated,<=24,1.0,Unknown,Unknown,Unknown,0,0,0,0,0.0,0,0,1,1
1726,2020,0,2023,2023-01-09,2023-01-24 00:00:00+00:00,Non Graduated,<=24,1.0,Unknown,Unknown,Unknown,0,0,0,1,2193.6439346350817,0,0,1,1
1726,2021,0,2023,2023-01-09,2023-01-24 00:00:00+00:00,Non Graduated,<=24,1.0,Unknown,Unknown,Unknown,0,0,0,1,15591.419700775916,0,0,1,1
1726,2022,0,2023,2023-01-09,2023-01-24 00:00:00+00:00,Non Graduated,<=24,1.0,Unknown,Unknown,Unknown,0,0,0,1,655.1023089856029,1,1,1,1
1726,2023,0,2023,2023-01-09,2023-01-24 00:00:00+00:00,Non Graduated,<=24,1.0,Unknown,Unknown,Unknown,1,0,0,1,2001.2081262672443,0,0,1,1
1726,2024,0,2023,2023-01-09,2023-01-24 00:00:00+00:00,Non Graduated,<=24,1.0,Unknown,Unknown,Unknown,1,0,0,0,0.0,0,0,1,1
1543,2017,1,2022,2022-04-04,2022-07-29 00:00:00+00:00,Graduated,<=24,1.0,Unknown,Unknown,Unknown,0,0,1,1,16088.638357377076,0,0,0,0
1543,2018,1,2022,2022-04-04,2022-07-29 00:00:00+00:00,Graduated,<=24,1.0,Unknown,Unknown,Unknown,0,0,1,1,7130.045173340357,0,0,0,0
1543,2019,1,2022,2022-04-04,2022-07-29 00:00:00+00:00,Graduated,<=24,1.0,Unknown,Unknown,Unknown,0,0,0,0,0.0,0,0,0,0
1543,2020,1,2022,2022-04-04,2022-07-29 00:00:00+00:00,Graduated,<=24,1.0,Unknown,Unknown,Unknown,0,0,0,0,0.0,0,0,0,0
1543,2021,1,2022,2022-04-04,2022-07-29 00:00:00+00:00,Graduated,<=24,1.0,Unknown,Unknown,Unknown,0,0,0,1,7630.896535248524,0,0,0,0
1543,2022,1,2022,2022-04-04,2022-07-29 00:00:00+00:00,Graduated,<=24,1.0,Unknown,Unknown,Unknown,1,1,0,0,0.0,1,1,1,0
1543,2023,1,2022,2022-04-04,2022-07-29 00:00:00+00:00,Graduated,<=24,1.0,Unknown,Unknown,Unknown,1,1,0,1,9739.317648430178,1,1,1,1
1543,2024,1,2022,2022-04-04,2022-07-29 00:00:00+00:00,Graduated,<=24,1.0,Unknown,Unknown,Unknown,1,1,0,0,0.0,0,0,1,1
1497,2017,0,2022,2022-09-06,2022-11-22 00:00:00+00:00,Non Graduated,<=24,1.0,Unknown,Unknown,Unknown,0,0,1,1,16069.815212860258,0,0,0,0
1497,2018,0,2022,2022-09-06,2022-11-22 00:00:00+00:00,Non Graduated,<=24,1.0,Unknown,Unknown,Unknown,0,0,1,1,20285.377562233654,0,0,0,0
1497,2019,0,2022,2022-09-06,2022-11-22 00:00:00+00:00,Non Graduated,<=24,1.0,Unknown,Unknown,Unknown,0,0,1,1,31111.09335126099,0,0,0,0
1497,2020,0,2022,2022-09-06,2022-11-22 00:00:00+00:00,Non Graduated,<=24,1.0,Unknown,Unknown,Unknown,0,0,1,1,41785.29513891926,0,0,0,0
1497,2021,0,2022,2022-09-06,2022-11-22 00:00:00+00:00,Non Graduated,<=24,1.0,Unknown,Unknown,Unknown,0,0,1,1,29799.57189879454,0,0,0,0
1497,2022,0,2022,2022-09-06,2022-11-22 00:00:00+00:00,Non Graduated,<=24,1.0,Unknown,Unknown,Unknown,1,0,0,1,26824.512127348265,0,0,0,0
1497,2023,0,2022,2022-09-06,2022-11-22 00:00:00+00:00,Non Graduated,<=24,1.0,Unknown,Unknown,Unknown,1,0,1,1,42582.77464547566,0,0,0,0
1497,2024,0,2022,2022-09-06,2022-11-22 00:00:00+00:00,Non Graduated,<=24,1.0,Unknown,Unknown,Unknown,1,0,0,1,40511.12562101318,0,0,0,0
1847,2017,1,2023,2023-05-22,2023-08-04 00:00:00+00:00,Graduated,<=24,1.0,Unknown,Unknown,Unknown,0,0,0,1,12461.390858496534,0,0,0,0
1847,2018,1,2023,2023-05-22,2023-08-04 00:00:00+00:00,Graduated,<=24,1.0,Unknown,Unknown,Unknown,0,0,1,1,30251.771912904096,0,0,0,0
1847,2019,1,2023,2023-05-22,2023-08-04 00:00:00+00:00,Graduated,<=24,1.0,Unknown,Unknown,Unknown,0,0,1,1,46733.49106597554,0,0,0,0
1847,2020,1,2023,2023-05-22,2023-08-04 00:00:00+00:00,Graduated,<=24,1.0,Unknown,Unknown,Unknown,0,0,0,1,18564.907630879257,0,0,0,0
1847,2021,1,2023,2023-05-22,2023-08-04 00:00:00+00:00,Graduated,<=24,1.0,Unknown,Unknown,Unknown,0,0,0,0,0.0,0,0,0,0
1847,2022,1,2023,2023-05-22,2023-08-04 00:00:00+00:00,Graduated,<=24,1.0,Unknown,Unknown,Unknown,0,0,0,1,751.3740614792894,0,0,0,0
1847,2023,1,2023,2023-05-22,2023-08-04 00:00:00+00:00,Graduated,<=24,1.0,Unknown,Unknown,Unknown,1,1,0,0,0.0,0,0,0,0
1847,2024,1,2023,2023-05-22,2023-08-04 00:00:00+00:00,Graduated,<=24,1.0,Unknown,Unknown,Unknown,1,1,0,1,1141.1375624577245,0,0,0,0
1979,2017,0,2023,2023-11-20,2023-12-20 00:00:00+00:00,Non Graduated,<=24,1.0,Unknown,Unknown,Unknown,0,0,0,1,186.08438849717595,0,0,1,1
1979,2018,0,2023,2023-11-20,2023-12-20 00:00:00+00:00,Non Graduated,<=24,1.0,Unknown,Unknown,Unknown,0,0,0,1,246.3621976412334,0,0,1,1
1979,2019,0,2023,2023-11-20,2023-12-20 00:00:00+00:00,Non Graduated,<=24,1.0,Unknown,Unknown,Unknown,0,0,0,1,447.85575245077945,0,0,1,1
1979,2020,0,2023,2023-11-20,2023-12-20 00:00:00+00:00,Non Graduated,<=24,1.0,Unknown,Unknown,Unknown,0,0,0,1,1128.6618212812116,0,0,1,1
1979,2021,0,2023,2023-11-20,2023-12-20 00:00:00+00:00,Non Graduated,<=24,1.0,Unknown,Unknown,Unknown,0,0,0,1,2465.029897941104,0,0,1,1
1979,2022,0,2023,2023-11-20,2023-12-20 00:00:00+00:00,Non Graduated,<=24,1.0,Unknown,Unknown,Unknown,0,0,0,1,3584.5932477592874,0,0,1,1
1979,2023,0,2023,2023-11-20,2023-12-20 00:00:00+00:00,Non Graduated,<=24,1.0,Unknown,Unknown,Unknown,1,0,1,1,7901.720684262464,0,0,1,1
1979,2024,0,2023,2023-11-20,2023-12-20 00:00:00+00:00,Non Graduated,<=24,1.0,Unknown,Unknown,Unknown,1,0,0,1,8452.847212888664,0,0,1,1
1865,2017,1,2023,2023-06-27,2023-09-08 00:00:00+00:00,Graduated,<=24,1.0,Unknown,Unknown,Unknown,0,0,0,0,0.0,0,0,0,0
1865,2018,1,2023,2023-06-27,2023-09-08 00:00:00+00:00,Graduated,<=24,1.0,Unknown,Unknown,Unknown,0,0,0,0,0.0,0,0,0,0
1865,2019,1,2023,2023-06-27,2023-09-08 00:00:00+00:00,Graduated,<=24,1.0,Unknown,Unknown,Unknown,0,0,0,0,0.0,0,0,0,0
1865,2020,1,2023,2023-06-27,2023-09-08 00:00:00+00:00,Graduated,<=24,1.0,Unknown,Unknown,Unknown,0,0,0,0,0.0,0,0,0,0
1865,2021,1,2023,2023-06-27,2023-09-08 00:00:00+00:00,Graduated,<=24,1.0,Unknown,Unknown,Unknown,0,0,0,0,0.0,0,0,0,0
1865,2022,1,2023,2023-06-27,2023-09-08 00:00:00+00:00,Graduated,<=24,1.0,Unknown,Unknown,Unknown,0,0,0,1,484.75774237891164,0,0,0,0
1865,2023,1,2023,2023-06-27,2023-09-08 00:00:00+00:00,Graduated,<=24,1.0,Unknown,Unknown,Unknown,1,1,1,1,2711.8845671027743,0,0,0,0
1865,2024,1,2023,2023-06-27,2023-09-08 00:00:00+00:00,Graduated,<=24,1.0,Unknown,Unknown,Unknown,1,1,0,1,5584.664648200058,0,0,0,0
1591,2017,0,2022,2022-06-01,2022-06-23 00:00:00+00:00,Non Graduated,<=24,1.0,Unknown,Unknown,Unknown,0,0,0,1,425.3357451364022,0,0,0,0
1591,2018,0,2022,2022-06-01,2022-06-23 00:00:00+00:00,Non Graduated,<=24,1.0,Unknown,Unknown,Unknown,0,0,0,0,0.0,0,0,0,0
1591,2019,0,2022,2022-06-01,2022-06-23 00:00:00+00:00,Non Graduated,<=24,1.0,Unknown,Unknown,Unknown,0,0,0,0,0.0,0,0,0,0
1591,2020,0,2022,2022-06-01,2022-06-23 00:00:00+00:00,Non Graduated,<=24,1.0,Unknown,Unknown,Unknown,0,0,0,0,0.0,0,0,0,0
1591,2021,0,2022,2022-06-01,2022-06-23 00:00:00+00:00,Non Graduated,<=24,1.0,Unknown,Unknown,Unknown,0,0,0,1,939.5812848982735,0,0,0,0
1591,2022,0,2022,2022-06-01,2022-06-23 00:00:00+00:00,Non Graduated,<=24,1.0,Unknown,Unknown,Unknown,1,0,0,1,2626.3382678300327,2,1,1,0
1591,2023,0,2022,2022-06-01,2022-06-23 00:00:00+00:00,Non Graduated,<=24,1.0,Unknown,Unknown,Unknown,1,0,0,1,1046.7692720550233,0,0,1,1
1591,2024,0,2022,2022-06-01,2022-06-23 00:00:00+00:00,Non Graduated,<=24,1.0,Unknown,Unknown,Unknown,1,0,0,1,174.71933168623,1,1,1,1
2079,2017,1,2024,2024-03-18,2024-06-21 00:00:00+00:00,Graduated,<=24,1.0,Unknown,Unknown,Unknown,0,0,0,1,2000.4902670711017,0,0,0,0
2079,2018,1,2024,2024-03-18,2024-06-21 00:00:00+00:00,Graduated,<=24,1.0,Unknown,Unknown,Unknown,0,0,0,1,2703.0673261628053,0,0,0,0
2079,2019,1,2024,2024-03-18,2024-06-21 00:00:00+00:00,Graduated,<=24,1.0,Unknown,Unknown,Unknown,0,0,0,1,4219.4906975555,0,0,0,0
2079,2020,1,2024,2024-03-18,2024-06-21 00:00:00+00:00,Graduated,<=24,1.0,Unknown,Unknown,Unknown,0,0,1,1,13616.916690238648,0,0,0,0
2079,2021,1,2024,2024-03-18,2024-06-21 00:00:00+00:00,Graduated,<=24,1.0,Unknown,Unknown,Unknown,0,0,1,1,28150.423873586744,0,0,0,0
2079,2022,1,2024,2024-03-18,2024-06-21 00:00:00+00:00,Graduated,<=24,1.0,Unknown,Unknown,Unknown,0,0,1,1,21914.485445607133,0,0,0,0
2079,2023,1,2024,2024-03-18,2024-06-21 00:00:00+00:00,Graduated,<=24,1.0,Unknown,Unknown,Unknown,0,0,1,1,19151.24961149104,0,0,0,0
2079,2024,1,2024,2024-03-18,2024-06-21 00:00:00+00:00,Graduated,<=24,1.0,Unknown,Unknown,Unknown,1,1,0,1,22742.431720498982,0,0,0,0
1671,2017,0,2022,2022-09-19,2022-09-30 00:00:00+00:00,Non Graduated,<=24,1.0,Unknown,Unknown,Unknown,0,0,0,0,0.0,0,0,0,0
1671,2018,0,2022,2022-09-19,2022-09-30 00:00:00+00:00,Non Graduated,<=24,1.0,Unknown,Unknown,Unknown,0,0,0,0,0.0,0,0,0,0
1671,2019,0,2022,2022-09-19,2022-09-30 00:00:00+00:00,Non Graduated,<=24,1.0,Unknown,Unknown,Unknown,0,0,0,0,0.0,0,0,0,0
1671,2020,0,2022,2022-09-19,2022-09-30 00:00:00+00:00,Non Graduated,<=24,1.0,Unknown,Unknown,Unknown,0,0,0,0,0.0,0,0,0,0
1671,2021,0,2022,2022-09-19,2022-09-30 00:00:00+00:00,Non Graduated,<=24,1.0,Unknown,Unknown,Unknown,0,0,0,1,1897.981121185719,0,0,0,0
1671,2022,0,2022,2022-09-19,2022-09-30 00:00:00+00:00,Non Graduated,<=24,1.0,Unknown,Unknown,Unknown,1,0,1,1,6762.788938372461,0,0,0,0
1671,2023,0,2022,2022-09-19,2022-09-30 00:00:00+00:00,Non Graduated,<=24,1.0,Unknown,Unknown,Unknown,1,0,1,1,13600.21059953929,0,0,0,0
1671,2024,0,2022,2022-09-19,2022-09-30 00:00:00+00:00,Non Graduated,<=24,1.0,Unknown,Unknown,Unknown,1,0,0,1,2381.98263410415,0,0,0,0
1527,2017,1,2022,2022-02-21,2022-05-06 00:00:00+00:00,Graduated,<=24,1.0,Unknown,Unknown,Unknown,0,0,0,1,2329.4632332085675,0,0,0,0
1527,2018,1,2022,2022-02-21,2022-05-06 00:00:00+00:00,Graduated,<=24,1.0,Unknown,Unknown,Unknown,0,0,1,1,4446.253172930642,0,0,0,0
1527,2019,1,2022,2022-02-21,2022-05-06 00:00:00+00:00,Graduated,<=24,1.0,Unknown,Unknown,Unknown,0,0,0,1,5157.635480619536,0,0,0,0
1527,2020,1,2022,2022-02-21,2022-05-06 00:00:00+00:00,Graduated,<=24,1.0,Unknown,Unknown,Unknown,0,0,1,1,18072.397571081936,0,0,0,0
1527,2021,1,2022,2022-02-21,2022-05-06 00:00:00+00:00,Graduated,<=24,1.0,Unknown,Unknown,Unknown,0,0,1,1,18260.300987820916,0,0,0,0
1527,2022,1,2022,2022-02-21,2022-05-06 00:00:00+00:00,Graduated,<=24,1.0,Unknown,Unknown,Unknown,1,1,0,1,2432.343661305582,0,0,0,0
1527,2023,1,2022,2022-02-21,2022-05-06 00:00:00+00:00,Graduated,<=24,1.0,Unknown,Unknown,Unknown,1,1,0,1,9275.21561942589,0,0,0,0
1527,2024,1,2022,2022-02-21,2022-05-06 00:00:00+00:00,Graduated,<=24,1.0,Unknown,Unknown,Unknown,1,1,0,1,1570.3209893697285,3,1,1,0
1498,2017,0,2022,2022-01-10,2022-02-25 00:00:00+00:00,Non Graduated,<=24,1.0,Unknown,Unknown,Unknown,0,0,0,1,2735.891393421085,0,0,0,0
1498,2018,0,2022,2022-01-10,2022-02-25 00:00:00+00:00,Non Graduated,<=24,1.0,Unknown,Unknown,Unknown,0,0,0,1,5165.564833928754,0,0,0,0
1498,2019,0,2022,2022-01-10,2022-02-25 00:00:00+00:00,Non Graduated,<=24,1.0,Unknown,Unknown,Unknown,0,0,0,1,2128.5453447925056,0,0,0,0
1498,2020,0,2022,2022-01-10,2022-02-25 00:00:00+00:00,Non Graduated,<=24,1.0,Unknown,Unknown,Unknown,0,0,0,1,1553.008534955349,0,0,0,0
1498,2021,0,2022,2022-01-10,2022-02-25 00:00:00+00:00,Non Graduated,<=24,1.0,Unknown,Unknown,Unknown,0,0,0,1,12652.24255036636,0,0,0,0
1498,2022,0,2022,2022-01-10,2022-02-25 00:00:00+00:00,Non Graduated,<=24,1.0,Unknown,Unknown,Unknown,1,0,1,1,14704.171643016753,0,0,0,0
1498,2023,0,2022,2022-01-10,2022-02-25 00:00:00+00:00,Non Graduated,<=24,1.0,Unknown,Unknown,Unknown,1,0,1,1,32632.43078857256,0,0,0,0
1498,2024,0,2022,2022-01-10,2022-02-25 00:00:00+00:00,Non Graduated,<=24,1.0,Unknown,Unknown,Unknown,1,0,0,1,22642.91315971348,0,0,0,0
1806,2017,1,2023,2023-04-03,2023-06-15 00:00:00+00:00,Graduated,<=24,1.0,Unknown,Unknown,Unknown,0,0,1,1,5277.257066890819,0,0,0,0
1806,2018,1,2023,2023-04-03,2023-06-15 00:00:00+00:00,Graduated,<=24,1.0,Unknown,Unknown,Unknown,0,0,0,1,9703.078695091901,0,0,0,0
1806,2019,1,2023,2023-04-03,2023-06-15 00:00:00+00:00,Graduated,<=24,1.0,Unknown,Unknown,Unknown,0,0,1,1,15359.458315509059,0,0,0,0
1806,2020,1,2023,2023-04-03,2023-06-15 00:00:00+00:00,Graduated,<=24,1.0,Unknown,Unknown,Unknown,0,0,1,1,20185.930317466988,0,0,0,0
1806,2021,1,2023,2023-04-03,2023-06-15 00:00:00+00:00,Graduated,<=24,1.0,Unknown,Unknown,Unknown,0,0,1,1,20390.757410203358,0,0,0,0
1806,2022,1,2023,2023-04-03,2023-06-15 00:00:00+00:00,Graduated,<=24,1.0,Unknown,Unknown,Unknown,0,0,1,1,26355.960844400062,0,0,0,0
1806,2023,1,2023,2023-04-03,2023-06-15 00:00:00+00:00,Graduated,<=24,1.0,Unknown,Unknown,Unknown,1,1,1,1,38938.060891840956,0,0,0,0
1806,2024,1,2023,2023-04-03,2023-06-15 00:00:00+00:00,Graduated,<=24,1.0,Unknown,Unknown,Unknown,1,1,0,1,34289.9800785656,0,0,0,0
1798,2017,0,2023,2023-03-27,2023-06-02 00:00:00+00:00,Non Graduated,<=24,1.0,Unknown,Unknown,Unknown,0,0,0,0,0.0,0,0,0,0
1798,2018,0,2023,2023-03-27,2023-06-02 00:00:00+00:00,Non Graduated,<=24,1.0,Unknown,Unknown,Unknown,0,0,0,1,1256.734759684518,0,0,0,0
1798,2019,0,2023,2023-03-27,2023-06-02 00:00:00+00:00,Non Graduated,<=24,1.0,Unknown,Unknown,Unknown,0,0,0,0,0.0,0,0,0,0
1798,2020,0,2023,2023-03-27,2023-06-02 00:00:00+00:00,Non Graduated,<=24,1.0,Unknown,Unknown,Unknown,0,0,0,1,1191.4848547717843,0,0,0,0
1798,2021,0,2023,2023-03-27,2023-06-02 00:00:00+00:00,Non Graduated,<=24,1.0,Unknown,Unknown,Unknown,0,0,0,0,0.0,0,0,0,0
1798,2022,0,2023,2023-03-27,2023-06-02 00:00:00+00:00,Non Graduated,<=24,1.0,Unknown,Unknown,Unknown,0,0,0,1,1365.8828110530471,0,0,0,0
1798,2023,0,2023,2023-03-27,2023-06-02 00:00:00+00:00,Non Graduated,<=24,1.0,Unknown,Unknown,Unknown,1,0,0,1,1488.1885654274424,0,0,0,0
1798,2024,0,2023,2023-03-27,2023-06-02 00:00:00+00:00,Non Graduated,<=24,1.0,Unknown,Unknown,Unknown,1,0,0,1,17181.978896343346,0,0,0,0
1534,2017,1,2022,2022-03-14,2022-05-20 00:00:00+00:00,Graduated,<=24,1.0,Unknown,Unknown,Unknown,0,0,0,1,4382.518683779266,0,0,0,0
1534,2018,1,2022,2022-03-14,2022-05-20 00:00:00+00:00,Graduated,<=24,1.0,Unknown,Unknown,Unknown,0,0,1,1,15659.983957709635,0,0,0,0
1534,2019,1,2022,2022-03-14,2022-05-20 00:00:00+00:00,Graduated,<=24,1.0,Unknown,Unknown,Unknown,0,0,1,1,18854.352698537652,0,0,0,0
1534,2020,1,2022,2022-03-14,2022-05-20 00:00:00+00:00,Graduated,<=24,1.0,Unknown,Unknown,Unknown,0,0,1,1,24815.003476195237,0,0,0,0
1534,2021,1,2022,2022-03-14,2022-05-20 00:00:00+00:00,Graduated,<=24,1.0,Unknown,Unknown,Unknown,0,0,1,1,26200.289344045363,0,0,0,0
1534,2022,1,2022,2022-03-14,2022-05-20 00:00:00+00:00,Graduated,<=24,1.0,Unknown,Unknown,Unknown,1,1,0,1,16819.15341688108,0,0,0,0
1534,2023,1,2022,2022-03-14,2022-05-20 00:00:00+00:00,Graduated,<=24,1.0,Unknown,Unknown,Unknown,1,1,0,1,360.73279529280796,0,0,0,0
1534,2024,1,2022,2022-03-14,2022-05-20 00:00:00+00:00,Graduated,<=24,1.0,Unknown,Unknown,Unknown,1,1,0,0,0.0,0,0,0,0
1098,2017,0,2023,2023-08-07,2023-09-19 00:00:00+00:00,Non Graduated,<=24,1.0,Unknown,Unknown,Unknown,0,0,0,0,0.0,0,0,0,0
1098,2018,0,2023,2023-08-07,2023-09-19 00:00:00+00:00,Non Graduated,<=24,1.0,Unknown,Unknown,Unknown,0,0,0,1,23217.885203445363,0,0,0,0
1098,2019,0,2023,2023-08-07,2023-09-19 00:00:00+00:00,Non Graduated,<=24,1.0,Unknown,Unknown,Unknown,0,0,0,1,16146.456975419504,0,0,0,0
1098,2020,0,2023,2023-08-07,2023-09-19 00:00:00+00:00,Non Graduated,<=24,1.0,Unknown,Unknown,Unknown,0,0,0,0,0.0,0,0,0,0
1098,2021,0,2023,2023-08-07,2023-09-19 00:00:00+00:00,Non Graduated,<=24,1.0,Unknown,Unknown,Unknown,0,0,0,1,6163.711858738507,0,0,0,0
1098,2022,0,2023,2023-08-07,2023-09-19 00:00:00+00:00,Non Graduated,<=24,1.0,Unknown,Unknown,Unknown,0,0,0,1,19476.36974578775,0,0,0,0
1098,2023,0,2023,2023-08-07,2023-09-19 00:00:00+00:00,Non Graduated,<=24,1.0,Unknown,Unknown,Unknown,1,0,0,1,13516.3526061347,0,0,0,0
1098,2024,0,2023,2023-08-07,2023-09-19 00:00:00+00:00,Non Graduated,<=24,1.0,Unknown,Unknown,Unknown,1,0,0,1,10131.928944823987,0,0,0,0
2033,2017,1,2024,2024-01-29,2024-04-19 00:00:00+00:00,Graduated,<=24,1.0,Unknown,Unknown,Unknown,0,0,0,0,0.0,0,0,0,0
2033,2018,1,2024,2024-01-29,2024-04-19 00:00:00+00:00,Graduated,<=24,1.0,Unknown,Unknown,Unknown,0,0,0,0,0.0,0,0,0,0
2033,2019,1,2024,2024-01-29,2024-04-19 00:00:00+00:00,Graduated,<=24,1.0,Unknown,Unknown,Unknown,0,0,0,0,0.0,0,0,0,0
2033,2020,1,2024,2024-01-29,2024-04-19 00:00:00+00:00,Graduated,<=24,1.0,Unknown,Unknown,Unknown,0,0,0,0,0.0,0,0,0,0
2033,2021,1,2024,2024-01-29,2024-04-19 00:00:00+00:00,Graduated,<=24,1.0,Unknown,Unknown,Unknown,0,0,0,0,0.0,0,0,0,0
2033,2022,1,2024,2024-01-29,2024-04-19 00:00:00+00:00,Graduated,<=24,1.0,Unknown,Unknown,Unknown,0,0,0,0,0.0,0,0,0,0
2033,2023,1,2024,2024-01-29,2024-04-19 00:00:00+00:00,Graduated,<=24,1.0,Unknown,Unknown,Unknown,0,0,0,1,1215.3078141275782,0,0,0,0
2033,2024,1,2024,2024-01-29,2024-04-19 00:00:00+00:00,Graduated,<=24,1.0,Unknown,Unknown,Unknown,1,1,0,1,10334.13458885319,0,0,0,0
1610,2017,0,2022,2022-06-27,2022-08-15 00:00:00+00:00,Non Graduated,<=24,1.0,Unknown,Unknown,Unknown,0,0,0,0,0.0,0,0,0,0
1610,2018,0,2022,2022-06-27,2022-08-15 00:00:00+00:00,Non Graduated,<=24,1.0,Unknown,Unknown,Unknown,0,0,0,1,2707.9383193086855,0,0,0,0
1610,2019,0,2022,2022-06-27,2022-08-15 00:00:00+00:00,Non Graduated,<=24,1.0,Unknown,Unknown,Unknown,0,0,1,1,7418.425802677931,0,0,0,0
1610,2020,0,2022,2022-06-27,2022-08-15 00:00:00+00:00,Non Graduated,<=24,1.0,Unknown,Unknown,Unknown,0,0,0,1,1079.6987389341957,0,0,0,0
1610,2021,0,2022,2022-06-27,2022-08-15 00:00:00+00:00,Non Graduated,<=24,1.0,Unknown,Unknown,Unknown,0,0,0,1,3729.704581205776,0,0,0,0
1610,2022,0,2022,2022-06-27,2022-08-15 00:00:00+00:00,Non Graduated,<=24,1.0,Unknown,Unknown,Unknown,1,0,0,1,3794.382022364879,0,0,0,0
1610,2023,0,2022,2022-06-27,2022-08-15 00:00:00+00:00,Non Graduated,<=24,1.0,Unknown,Unknown,Unknown,1,0,1,1,14164.329790222022,1,1,1,0
1610,2024,0,2022,2022-06-27,2022-08-15 00:00:00+00:00,Non Graduated,<=24,1.0,Unknown,Unknown,Unknown,1,0,0,1,17763.58910048208,0,0,1,1
1903,2017,1,2023,2023-07-31,2023-10-13 00:00:00+00:00,Graduated,<=24,1.0,Unknown,Unknown,Unknown,0,0,0,0,0.0,0,0,0,0
1903,2018,1,2023,2023-07-31,2023-10-13 00:00:00+00:00,Graduated,<=24,1.0,Unknown,Unknown,Unknown,0,0,0,1,833.0610304444766,0,0,0,0
1903,2019,1,2023,2023-07-31,2023-10-13 00:00:00+00:00,Graduated,<=24,1.0,Unknown,Unknown,Unknown,0,0,0,1,973.5213990520442,0,0,0,0
1903,2020,1,2023,2023-07-31,2023-10-13 00:00:00+00:00,Graduated,<=24,1.0,Unknown,Unknown,Unknown,0,0,0,1,2081.2322542328106,0,0,0,0
1903,2021,1,2023,2023-07-31,2023-10-13 00:00:00+00:00,Graduated,<=24,1.0,Unknown,Unknown,Unknown,0,0,0,0,0.0,0,0,0,0
1903,2022,1,2023,2023-07-31,2023-10-13 00:00:00+00:00,Graduated,<=24,1.0,Unknown,Unknown,Unknown,0,0,0,1,11142.785038632795,0,0,0,0
1903,2023,1,2023,2023-07-31,2023-10-13 00:00:00+00:00,Graduated,<=24,1.0,Unknown,Unknown,Unknown,1,1,1,1,21552.911950853733,0,0,0,0
1903,2024,1,2023,2023-07-31,2023-10-13 00:00:00+00:00,Graduated,<=24,1.0,Unknown,Unknown,Unknown,1,1,0,1,20337.49162997737,0,0,0,0
1502,2017,0,2022,2022-01-24,2022-02-02 00:00:00+00:00,Non Graduated,<=24,1.0,Unknown,Unknown,Unknown,0,0,0,1,1075.2828023774505,0,0,0,0
1502,2018,0,2022,2022-01-24,2022-02-02 00:00:00+00:00,Non Graduated,<=24,1.0,Unknown,Unknown,Unknown,0,0,0,1,1231.9112890416807,0,0,0,0
1502,2019,0,2022,2022-01-24,2022-02-02 00:00:00+00:00,Non Graduated,<=24,1.0,Unknown,Unknown,Unknown,0,0,0,1,2343.7698672759016,0,0,0,0
1502,2020,0,2022,2022-01-24,2022-02-02 00:00:00+00:00,Non Graduated,<=24,1.0,Unknown,Unknown,Unknown,0,0,0,0,0.0,0,0,0,0
1502,2021,0,2022,2022-01-24,2022-02-02 00:00:00+00:00,Non Graduated,<=24,1.0,Unknown,Unknown,Unknown,0,0,0,1,4452.627179090446,0,0,0,0
1502,2022,0,2022,2022-01-24,2022-02-02 00:00:00+00:00,Non Graduated,<=24,1.0,Unknown,Unknown,Unknown,1,0,1,1,16727.430258649136,0,0,0,0
1502,2023,0,2022,2022-01-24,2022-02-02 00:00:00+00:00,Non Graduated,<=24,1.0,Unknown,Unknown,Unknown,1,0,1,1,29340.803950622136,0,0,0,0
1502,2024,0,2022,2022-01-24,2022-02-02 00:00:00+00:00,Non Graduated,<=24,1.0,Unknown,Unknown,Unknown,1,0,0,0,0.0,0,0,0,0
2066,2017,1,2024,2024-03-11,2024-05-31 00:00:00+00:00,Graduated,<=24,1.0,Unknown,Unknown,Unknown,0,0,0,0,0.0,0,0,0,0
2066,2018,1,2024,2024-03-11,2024-05-31 00:00:00+00:00,Graduated,<=24,1.0,Unknown,Unknown,Unknown,0,0,0,0,0.0,0,0,0,0
2066,2019,1,2024,2024-03-11,2024-05-31 00:00:00+00:00,Graduated,<=24,1.0,Unknown,Unknown,Unknown,0,0,0,1,599.4946623097924,0,0,0,0
2066,2020,1,2024,2024-03-11,2024-05-31 00:00:00+00:00,Graduated,<=24,1.0,Unknown,Unknown,Unknown,0,0,0,1,1286.4835995531275,0,0,0,0
2066,2021,1,2024,2024-03-11,2024-05-31 00:00:00+00:00,Graduated,<=24,1.0,Unknown,Unknown,Unknown,0,0,1,1,8972.79143120221,0,0,0,0
2066,2022,1,2024,2024-03-11,2024-05-31 00:00:00+00:00,Graduated,<=24,1.0,Unknown,Unknown,Unknown,0,0,1,1,17717.33915226488,0,0,0,0
2066,2023,1,2024,2024-03-11,2024-05-31 00:00:00+00:00,Graduated,<=24,1.0,Unknown,Unknown,Unknown,0,0,1,1,24337.61750899873,0,0,0,0
2066,2024,1,2024,2024-03-11,2024-05-31 00:00:00+00:00,Graduated,<=24,1.0,Unknown,Unknown,Unknown,1,1,0,1,16262.43547061871,0,0,0,0
1542,2017,0,2022,2022-03-28,2022-05-20 00:00:00+00:00,Non Graduated,<=24,1.0,Unknown,Unknown,Unknown,0,0,0,0,0.0,0,0,0,0
1542,2018,0,2022,2022-03-28,2022-05-20 00:00:00+00:00,Non Graduated,<=24,1.0,Unknown,Unknown,Unknown,0,0,0,1,2581.6886048193937,0,0,0,0
1542,2019,0,2022,2022-03-28,2022-05-20 00:00:00+00:00,Non Graduated,<=24,1.0,Unknown,Unknown,Unknown,0,0,0,0,0.0,0,0,0,0
1542,2020,0,2022,2022-03-28,2022-05-20 00:00:00+00:00,Non Graduated,<=24,1.0,Unknown,Unknown,Unknown,0,0,0,0,0.0,0,0,0,0
1542,2021,0,2022,2022-03-28,2022-05-20 00:00:00+00:00,Non Graduated,<=24,1.0,Unknown,Unknown,Unknown,0,0,1,1,4831.871023630548,0,0,0,0
1542,2022,0,2022,2022-03-28,2022-05-20 00:00:00+00:00,Non Graduated,<=24,1.0,Unknown,Unknown,Unknown,1,0,0,1,2158.8674025909095,0,0,0,0
1542,2023,0,2022,2022-03-28,2022-05-20 00:00:00+00:00,Non Graduated,<=24,1.0,Unknown,Unknown,Unknown,1,0,0,1,7953.345475056217,0,0,0,0
1542,2024,0,2022,2022-03-28,2022-05-20 00:00:00+00:00,Non Graduated,<=24,1.0,Unknown,Unknown,Unknown,1,0,0,0,0.0,0,0,0,0
2069,2017,1,2024,2024-03-18,2024-05-31 00:00:00+00:00,Graduated,<=24,1.0,Unknown,Unknown,Unknown,0,0,0,0,0.0,0,0,0,0
2069,2018,1,2024,2024-03-18,2024-05-31 00:00:00+00:00,Graduated,<=24,1.0,Unknown,Unknown,Unknown,0,0,0,0,0.0,0,0,0,0
2069,2019,1,2024,2024-03-18,2024-05-31 00:00:00+00:00,Graduated,<=24,1.0,Unknown,Unknown,Unknown,0,0,0,0,0.0,0,0,0,0
2069,2020,1,2024,2024-03-18,2024-05-31 00:00:00+00:00,Graduated,<=24,1.0,Unknown,Unknown,Unknown,0,0,0,1,2936.0605665056783,0,0,0,0
2069,2021,1,2024,2024-03-18,2024-05-31 00:00:00+00:00,Graduated,<=24,1.0,Unknown,Unknown,Unknown,0,0,1,1,17767.643525973803,0,0,0,0
2069,2022,1,2024,2024-03-18,2024-05-31 00:00:00+00:00,Graduated,<=24,1.0,Unknown,Unknown,Unknown,0,0,1,1,21870.67161862098,0,0,0,0
2069,2023,1,2024,2024-03-18,2024-05-31 00:00:00+00:00,Graduated,<=24,1.0,Unknown,Unknown,Unknown,0,0,0,1,32308.58256475902,0,0,0,0
2069,2024,1,2024,2024-03-18,2024-05-31 00:00:00+00:00,Graduated,<=24,1.0,Unknown,Unknown,Unknown,1,1,0,1,40718.30459646142,1,1,1,0
1573,2017,0,2022,2022-05-10,2022-06-14 00:00:00+00:00,Non Graduated,<=24,1.0,Unknown,Unknown,Unknown,0,0,1,1,4849.864050334881,0,0,0,0
1573,2018,0,2022,2022-05-10,2022-06-14 00:00:00+00:00,Non Graduated,<=24,1.0,Unknown,Unknown,Unknown,0,0,0,1,975.2034021088111,0,0,0,0
1573,2019,0,2022,2022-05-10,2022-06-14 00:00:00+00:00,Non Graduated,<=24,1.0,Unknown,Unknown,Unknown,0,0,0,1,5039.62640233346,0,0,0,0
1573,2020,0,2022,2022-05-10,2022-06-14 00:00:00+00:00,Non Graduated,<=24,1.0,Unknown,Unknown,Unknown,0,0,0,0,0.0,0,0,0,0
1573,2021,0,2022,2022-05-10,2022-06-14 00:00:00+00:00,Non Graduated,<=24,1.0,Unknown,Unknown,Unknown,0,0,0,1,6382.800974935063,0,0,0,0
1573,2022,0,2022,2022-05-10,2022-06-14 00:00:00+00:00,Non Graduated,<=24,1.0,Unknown,Unknown,Unknown,1,0,0,1,2314.8952332737235,0,0,0,0
1573,2023,0,2022,2022-05-10,2022-06-14 00:00:00+00:00,Non Graduated,<=24,1.0,Unknown,Unknown,Unknown,1,0,0,1,17165.95063659978,4,1,1,0
1573,2024,0,2022,2022-05-10,2022-06-14 00:00:00+00:00,Non Graduated,<=24,1.0,Unknown,Unknown,Unknown,1,0,0,1,11596.061918421929,0,0,1,1
1998,2017,1,2024,2023-12-11,2024-03-22 00:00:00+00:00,Graduated,<=24,1.0,Unknown,Unknown,Unknown,0,0,0,1,8240.842706172429,0,0,0,0
1998,2018,1,2024,2023-12-11,2024-03-22 00:00:00+00:00,Graduated,<=24,1.0,Unknown,Unknown,Unknown,0,0,1,1,4001.2426512385687,0,0,0,0
1998,2019,1,2024,2023-12-11,2024-03-22 00:00:00+00:00,Graduated,<=24,1.0,Unknown,Unknown,Unknown,0,0,1,1,3757.0296932103706,0,0,0,0
1998,2020,1,2024,2023-12-11,2024-03-22 00:00:00+00:00,Graduated,<=24,1.0,Unknown,Unknown,Unknown,0,0,0,1,5130.132976738224,0,0,0,0
1998,2021,1,2024,2023-12-11,2024-03-22 00:00:00+00:00,Graduated,<=24,1.0,Unknown,Unknown,Unknown,0,0,0,0,0.0,0,0,0,0
1998,2022,1,2024,2023-12-11,2024-03-22 00:00:00+00:00,Graduated,<=24,1.0,Unknown,Unknown,Unknown,0,0,0,1,13316.93871352784,0,0,0,0
1998,2023,1,2024,2023-12-11,2024-03-22 00:00:00+00:00,Graduated,<=24,1.0,Unknown,Unknown,Unknown,0,0,1,1,19304.251333269243,0,0,0,0
1998,2024,1,2024,2023-12-11,2024-03-22 00:00:00+00:00,Graduated,<=24,1.0,Unknown,Unknown,Unknown,1,1,0,1,5184.208903139552,0,0,0,0
1703,2017,0,2022,2022-10-31,2022-11-14 00:00:00+00:00,Non Graduated,<=24,1.0,Unknown,Unknown,Unknown,0,0,0,0,0.0,0,0,0,0
1703,2018,0,2022,2022-10-31,2022-11-14 00:00:00+00:00,Non Graduated,<=24,1.0,Unknown,Unknown,Unknown,0,0,0,0,0.0,0,0,0,0
1703,2019,0,2022,2022-10-31,2022-11-14 00:00:00+00:00,Non Graduated,<=24,1.0,Unknown,Unknown,Unknown,0,0,0,0,0.0,0,0,0,0
1703,2020,0,2022,2022-10-31,2022-11-14 00:00:00+00:00,Non Graduated,<=24,1.0,Unknown,Unknown,Unknown,0,0,0,0,0.0,0,0,0,0
1703,2021,0,2022,2022-10-31,2022-11-14 00:00:00+00:00,Non Graduated,<=24,1.0,Unknown,Unknown,Unknown,0,0,0,0,0.0,0,0,0,0
1703,2022,0,2022,2022-10-31,2022-11-14 00:00:00+00:00,Non Graduated,<=24,1.0,Unknown,Unknown,Unknown,1,0,0,1,13769.839811695767,0,0,0,0
1703,2023,0,2022,2022-10-31,2022-11-14 00:00:00+00:00,Non Graduated,<=24,1.0,Unknown,Unknown,Unknown,1,0,1,1,25897.649435737312,0,0,0,0
1703,2024,0,2022,2022-10-31,2022-11-14 00:00:00+00:00,Non Graduated,<=24,1.0,Unknown,Unknown,Unknown,1,0,0,1,25892.14483852838,0,0,0,0
1621,2017,1,2022,2022-07-11,2022-09-23 00:00:00+00:00,Graduated,<=24,1.0,Unknown,Unknown,Unknown,0,0,0,1,5147.337637901224,0,0,1,1
1621,2018,1,2022,2022-07-11,2022-09-23 00:00:00+00:00,Graduated,<=24,1.0,Unknown,Unknown,Unknown,0,0,0,0,0.0,0,0,1,1
1621,2019,1,2022,2022-07-11,2022-09-23 00:00:00+00:00,Graduated,<=24,1.0,Unknown,Unknown,Unknown,0,0,0,0,0.0,0,0,1,1
1621,2020,1,2022,2022-07-11,2022-09-23 00:00:00+00:00,Graduated,<=24,1.0,Unknown,Unknown,Unknown,0,0,0,0,0.0,0,0,1,1
1621,2021,1,2022,2022-07-11,2022-09-23 00:00:00+00:00,Graduated,<=24,1.0,Unknown,Unknown,Unknown,0,0,0,0,0.0,0,0,1,1
1621,2022,1,2022,2022-07-11,2022-09-23 00:00:00+00:00,Graduated,<=24,1.0,Unknown,Unknown,Unknown,1,1,0,0,0.0,0,0,1,1
1621,2023,1,2022,2022-07-11,2022-09-23 00:00:00+00:00,Graduated,<=24,1.0,Unknown,Unknown,Unknown,1,1,0,0,0.0,0,0,1,1
1621,2024,1,2022,2022-07-11,2022-09-23 00:00:00+00:00,Graduated,<=24,1.0,Unknown,Unknown,Unknown,1,1,0,0,0.0,0,0,1,1
1879,2017,0,2023,2023-07-05,2023-07-21 00:00:00+00:00,Non Graduated,<=24,1.0,Unknown,Unknown,Unknown,0,0,0,0,0.0,0,0,0,0
1879,2018,0,2023,2023-07-05,2023-07-21 00:00:00+00:00,Non Graduated,<=24,1.0,Unknown,Unknown,Unknown,0,0,0,0,0.0,0,0,0,0
1879,2019,0,2023,2023-07-05,2023-07-21 00:00:00+00:00,Non Graduated,<=24,1.0,Unknown,Unknown,Unknown,0,0,0,0,0.0,0,0,0,0
1879,2020,0,2023,2023-07-05,2023-07-21 00:00:00+00:00,Non Graduated,<=24,1.0,Unknown,Unknown,Unknown,0,0,0,0,0.0,0,0,0,0
1879,2021,0,2023,2023-07-05,2023-07-21 00:00:00+00:00,Non Graduated,<=24,1.0,Unknown,Unknown,Unknown,0,0,0,0,0.0,0,0,0,0
1879,2022,0,2023,2023-07-05,2023-07-21 00:00:00+00:00,Non Graduated,<=24,1.0,Unknown,Unknown,Unknown,0,0,0,0,0.0,4,1,1,0
1879,2023,0,2023,2023-07-05,2023-07-21 00:00:00+00:00,Non Graduated,<=24,1.0,Unknown,Unknown,Unknown,1,0,0,0,0.0,0,0,1,1
1879,2024,0,2023,2023-07-05,2023-07-21 00:00:00+00:00,Non Graduated,<=24,1.0,Unknown,Unknown,Unknown,1,0,0,1,31846.213616382323,0,0,1,1
2049,2017,1,2024,2024-02-19,2024-06-21 00:00:00+00:00,Graduated,<=24,1.0,Unknown,Unknown,Unknown,0,0,0,0,0.0,0,0,1,1
2049,2018,1,2024,2024-02-19,2024-06-21 00:00:00+00:00,Graduated,<=24,1.0,Unknown,Unknown,Unknown,0,0,0,0,0.0,0,0,1,1
2049,2019,1,2024,2024-02-19,2024-06-21 00:00:00+00:00,Graduated,<=24,1.0,Unknown,Unknown,Unknown,0,0,0,0,0.0,0,0,1,1
2049,2020,1,2024,2024-02-19,2024-06-21 00:00:00+00:00,Graduated,<=24,1.0,Unknown,Unknown,Unknown,0,0,0,0,0.0,0,0,1,1
2049,2021,1,2024,2024-02-19,2024-06-21 00:00:00+00:00,Graduated,<=24,1.0,Unknown,Unknown,Unknown,0,0,0,0,0.0,0,0,1,1
2049,2022,1,2024,2024-02-19,2024-06-21 00:00:00+00:00,Graduated,<=24,1.0,Unknown,Unknown,Unknown,0,0,0,0,0.0,0,0,1,1
2049,2023,1,2024,2024-02-19,2024-06-21 00:00:00+00:00,Graduated,<=24,1.0,Unknown,Unknown,Unknown,0,0,0,0,0.0,0,0,1,1
2049,2024,1,2024,2024-02-19,2024-06-21 00:00:00+00:00,Graduated,<=24,1.0,Unknown,Unknown,Unknown,1,1,0,1,5938.457961404399,0,0,1,1
2220,2017,0,2024,2024-07-29,2024-08-26 00:00:00+00:00,Non Graduated,<=24,1.0,Unknown,Unknown,Unknown,0,0,0,1,2111.2444534494284,0,0,0,0
2220,2018,0,2024,2024-07-29,2024-08-26 00:00:00+00:00,Non Graduated,<=24,1.0,Unknown,Unknown,Unknown,0,0,1,1,1170.6266194652687,0,0,0,0
2220,2019,0,2024,2024-07-29,2024-08-26 00:00:00+00:00,Non Graduated,<=24,1.0,Unknown,Unknown,Unknown,0,0,1,1,3641.066527048333,0,0,0,0
2220,2020,0,2024,2024-07-29,2024-08-26 00:00:00+00:00,Non Graduated,<=24,1.0,Unknown,Unknown,Unknown,0,0,0,1,12229.179400379462,0,0,0,0
2220,2021,0,2024,2024-07-29,2024-08-26 00:00:00+00:00,Non Graduated,<=24,1.0,Unknown,Unknown,Unknown,0,0,0,1,3220.699771624253,0,0,0,0
2220,2022,0,2024,2024-07-29,2024-08-26 00:00:00+00:00,Non Graduated,<=24,1.0,Unknown,Unknown,Unknown,0,0,1,1,8130.878798597067,1,1,1,0
2220,2023,0,2024,2024-07-29,2024-08-26 00:00:00+00:00,Non Graduated,<=24,1.0,Unknown,Unknown,Unknown,0,0,0,1,6211.581128071705,1,1,1,1
2220,2024,0,2024,2024-07-29,2024-08-26 00:00:00+00:00,Non Graduated,<=24,1.0,Unknown,Unknown,Unknown,1,0,0,1,626.6684681684874,0,0,1,1
1822,2017,1,2023,2023-04-17,2023-06-30 00:00:00+00:00,Graduated,<=24,1.0,Unknown,Unknown,Unknown,0,0,0,0,0.0,0,0,0,0
1822,2018,1,2023,2023-04-17,2023-06-30 00:00:00+00:00,Graduated,<=24,1.0,Unknown,Unknown,Unknown,0,0,0,0,0.0,0,0,0,0
1822,2019,1,2023,2023-04-17,2023-06-30 00:00:00+00:00,Graduated,<=24,1.0,Unknown,Unknown,Unknown,0,0,0,1,337.9582058885335,0,0,0,0
1822,2020,1,2023,2023-04-17,2023-06-30 00:00:00+00:00,Graduated,<=24,1.0,Unknown,Unknown,Unknown,0,0,0,0,0.0,0,0,0,0
1822,2021,1,2023,2023-04-17,2023-06-30 00:00:00+00:00,Graduated,<=24,1.0,Unknown,Unknown,Unknown,0,0,0,0,0.0,0,0,0,0
1822,2022,1,2023,2023-04-17,2023-06-30 00:00:00+00:00,Graduated,<=24,1.0,Unknown,Unknown,Unknown,0,0,0,1,5507.311023981765,0,0,0,0
1822,2023,1,2023,2023-04-17,2023-06-30 00:00:00+00:00,Graduated,<=24,1.0,Unknown,Unknown,Unknown,1,1,0,1,1733.395841478427,0,0,0,0
1822,2024,1,2023,2023-04-17,2023-06-30 00:00:00+00:00,Graduated,<=24,1.0,Unknown,Unknown,Unknown,1,1,0,1,9208.775863813233,0,0,0,0
1085,2017,0,2024,2024-02-12,2024-02-29 00:00:00+00:00,Non Graduated,<=24,1.0,Unknown,Unknown,Unknown,0,0,0,1,1189.5069828497806,0,0,0,0
1085,2018,0,2024,2024-02-12,2024-02-29 00:00:00+00:00,Non Graduated,<=24,1.0,Unknown,Unknown,Unknown,0,0,0,0,0.0,0,0,0,0
1085,2019,0,2024,2024-02-12,2024-02-29 00:00:00+00:00,Non Graduated,<=24,1.0,Unknown,Unknown,Unknown,0,0,0,0,0.0,0,0,0,0
1085,2020,0,2024,2024-02-12,2024-02-29 00:00:00+00:00,Non Graduated,<=24,1.0,Unknown,Unknown,Unknown,0,0,0,1,2358.8367540290355,0,0,0,0
1085,2021,0,2024,2024-02-12,2024-02-29 00:00:00+00:00,Non Graduated,<=24,1.0,Unknown,Unknown,Unknown,0,0,0,1,11405.823802118086,0,0,0,0
1085,2022,0,2024,2024-02-12,2024-02-29 00:00:00+00:00,Non Graduated,<=24,1.0,Unknown,Unknown,Unknown,0,0,1,1,18609.907879550356,0,0,0,0
1085,2023,0,2024,2024-02-12,2024-02-29 00:00:00+00:00,Non Graduated,<=24,1.0,Unknown,Unknown,Unknown,0,0,0,1,11967.654981149235,0,0,0,0
1085,2024,0,2024,2024-02-12,2024-02-29 00:00:00+00:00,Non Graduated,<=24,1.0,Unknown,Unknown,Unknown,1,0,0,1,15283.050323506719,0,0,0,0
2156,2017,1,2024,2024-06-17,2024-08-28 00:00:00+00:00,Graduated,<=24,1.0,Unknown,Unknown,Unknown,0,0,0,0,0.0,0,0,0,0
2156,2018,1,2024,2024-06-17,2024-08-28 00:00:00+00:00,Graduated,<=24,1.0,Unknown,Unknown,Unknown,0,0,0,0,0.0,0,0,0,0
2156,2019,1,2024,2024-06-17,2024-08-28 00:00:00+00:00,Graduated,<=24,1.0,Unknown,Unknown,Unknown,0,0,0,1,24558.203878981578,0,0,0,0
2156,2020,1,2024,2024-06-17,2024-08-28 00:00:00+00:00,Graduated,<=24,1.0,Unknown,Unknown,Unknown,0,0,1,1,51691.80871909245,0,0,0,0
2156,2021,1,2024,2024-06-17,2024-08-28 00:00:00+00:00,Graduated,<=24,1.0,Unknown,Unknown,Unknown,0,0,0,1,27638.68326919523,0,0,0,0
2156,2022,1,2024,2024-06-17,2024-08-28 00:00:00+00:00,Graduated,<=24,1.0,Unknown,Unknown,Unknown,0,0,0,0,0.0,0,0,0,0
2156,2023,1,2024,2024-06-17,2024-08-28 00:00:00+00:00,Graduated,<=24,1.0,Unknown,Unknown,Unknown,0,0,1,1,16987.787169085375,0,0,0,0
2156,2024,1,2024,2024-06-17,2024-08-28 00:00:00+00:00,Graduated,<=24,1.0,Unknown,Unknown,Unknown,1,1,0,1,25519.421829094026,0,0,0,0
1616,2017,0,2022,2022-06-27,2022-08-15 00:00:00+00:00,Non Graduated,<=24,1.0,Unknown,Unknown,Unknown,0,0,0,0,0.0,0,0,0,0
1616,2018,0,2022,2022-06-27,2022-08-15 00:00:00+00:00,Non Graduated,<=24,1.0,Unknown,Unknown,Unknown,0,0,0,0,0.0,0,0,0,0
1616,2019,0,2022,2022-06-27,2022-08-15 00:00:00+00:00,Non Graduated,<=24,1.0,Unknown,Unknown,Unknown,0,0,0,1,6241.713533385189,0,0,0,0
1616,2020,0,2022,2022-06-27,2022-08-15 00:00:00+00:00,Non Graduated,<=24,1.0,Unknown,Unknown,Unknown,0,0,0,0,0.0,0,0,0,0
1616,2021,0,2022,2022-06-27,2022-08-15 00:00:00+00:00,Non Graduated,<=24,1.0,Unknown,Unknown,Unknown,0,0,0,1,25623.853914598883,0,0,0,0
1616,2022,0,2022,2022-06-27,2022-08-15 00:00:00+00:00,Non Graduated,<=24,1.0,Unknown,Unknown,Unknown,1,0,0,1,2502.2256385998107,0,0,0,0
1616,2023,0,2022,2022-06-27,2022-08-15 00:00:00+00:00,Non Graduated,<=24,1.0,Unknown,Unknown,Unknown,1,0,0,1,1349.7468330577117,0,0,0,0
1616,2024,0,2022,2022-06-27,2022-08-15 00:00:00+00:00,Non Graduated,<=24,1.0,Unknown,Unknown,Unknown,1,0,0,0,0.0,0,0,0,0
1532,2017,1,2022,2022-03-14,2022-07-29 00:00:00+00:00,Graduated,<=24,1.0,Unknown,Unknown,Unknown,0,0,0,0,0.0,0,0,0,0
1532,2018,1,2022,2022-03-14,2022-07-29 00:00:00+00:00,Graduated,<=24,1.0,Unknown,Unknown,Unknown,0,0,0,1,936.2419917132164,0,0,0,0
1532,2019,1,2022,2022-03-14,2022-07-29 00:00:00+00:00,Graduated,<=24,1.0,Unknown,Unknown,Unknown,0,0,0,0,0.0,0,0,0,0
1532,2020,1,2022,2022-03-14,2022-07-29 00:00:00+00:00,Graduated,<=24,1.0,Unknown,Unknown,Unknown,0,0,0,0,0.0,0,0,0,0
1532,2021,1,2022,2022-03-14,2022-07-29 00:00:00+00:00,Graduated,<=24,1.0,Unknown,Unknown,Unknown,0,0,0,1,6687.924462521789,0,0,0,0
1532,2022,1,2022,2022-03-14,2022-07-29 00:00:00+00:00,Graduated,<=24,1.0,Unknown,Unknown,Unknown,1,1,1,1,29121.432494249784,0,0,0,0
1532,2023,1,2022,2022-03-14,2022-07-29 00:00:00+00:00,Graduated,<=24,1.0,Unknown,Unknown,Unknown,1,1,1,1,34506.27773857184,0,0,0,0
1532,2024,1,2022,2022-03-14,2022-07-29 00:00:00+00:00,Graduated,<=24,1.0,Unknown,Unknown,Unknown,1,1,0,1,19324.835984911675,0,0,0,0
2160,2017,0,2024,2024-06-24,2024-08-01 00:00:00+00:00,Non Graduated,<=24,1.0,Unknown,Unknown,Unknown,0,0,0,1,2157.1930012909756,0,0,1,1
2160,2018,0,2024,2024-06-24,2024-08-01 00:00:00+00:00,Non Graduated,<=24,1.0,Unknown,Unknown,Unknown,0,0,1,1,8932.416108743975,0,0,1,1
2160,2019,0,2024,2024-06-24,2024-08-01 00:00:00+00:00,Non Graduated,<=24,1.0,Unknown,Unknown,Unknown,0,0,0,0,0.0,0,0,1,1
2160,2020,0,2024,2024-06-24,2024-08-01 00:00:00+00:00,Non Graduated,<=24,1.0,Unknown,Unknown,Unknown,0,0,0,1,6980.630986117649,0,0,1,1
2160,2021,0,2024,2024-06-24,2024-08-01 00:00:00+00:00,Non Graduated,<=24,1.0,Unknown,Unknown,Unknown,0,0,1,1,27128.29924232593,0,0,1,1
2160,2022,0,2024,2024-06-24,2024-08-01 00:00:00+00:00,Non Graduated,<=24,1.0,Unknown,Unknown,Unknown,0,0,0,1,26413.190253409666,0,0,1,1
2160,2023,0,2024,2024-06-24,2024-08-01 00:00:00+00:00,Non Graduated,<=24,1.0,Unknown,Unknown,Unknown,0,0,1,1,35367.06305763474,0,0,1,1
2160,2024,0,2024,2024-06-24,2024-08-01 00:00:00+00:00,Non Graduated,<=24,1.0,Unknown,Unknown,Unknown,1,0,0,1,14777.613632382549,0,0,1,1
1745,2017,1,2023,2023-01-03,2023-03-31 00:00:00+00:00,Graduated,<=24,1.0,Unknown,Unknown,Unknown,0,0,0,0,0.0,0,0,0,0
1745,2018,1,2023,2023-01-03,2023-03-31 00:00:00+00:00,Graduated,<=24,1.0,Unknown,Unknown,Unknown,0,0,0,0,0.0,0,0,0,0
1745,2019,1,2023,2023-01-03,2023-03-31 00:00:00+00:00,Graduated,<=24,1.0,Unknown,Unknown,Unknown,0,0,0,0,0.0,0,0,0,0
1745,2020,1,2023,2023-01-03,2023-03-31 00:00:00+00:00,Graduated,<=24,1.0,Unknown,Unknown,Unknown,0,0,0,0,0.0,0,0,0,0
1745,2021,1,2023,2023-01-03,2023-03-31 00:00:00+00:00,Graduated,<=24,1.0,Unknown,Unknown,Unknown,0,0,0,0,0.0,0,0,0,0
1745,2022,1,2023,2023-01-03,2023-03-31 00:00:00+00:00,Graduated,<=24,1.0,Unknown,Unknown,Unknown,0,0,0,0,0.0,0,0,0,0
1745,2023,1,2023,2023-01-03,2023-03-31 00:00:00+00:00,Graduated,<=24,1.0,Unknown,Unknown,Unknown,1,1,0,1,4449.660135747491,0,0,0,0
1745,2024,1,2023,2023-01-03,2023-03-31 00:00:00+00:00,Graduated,<=24,1.0,Unknown,Unknown,Unknown,1,1,0,0,0.0,0,0,0,0
1618,2017,0,2022,2022-07-11,2022-08-17 00:00:00+00:00,Non Graduated,<=24,1.0,Unknown,Unknown,Unknown,0,0,0,1,632.6869208903983,0,0,0,0
1618,2018,0,2022,2022-07-11,2022-08-17 00:00:00+00:00,Non Graduated,<=24,1.0,Unknown,Unknown,Unknown,0,0,0,0,0.0,2,1,1,0
1618,2019,0,2022,2022-07-11,2022-08-17 00:00:00+00:00,Non Graduated,<=24,1.0,Unknown,Unknown,Unknown,0,0,1,1,4507.5180474329845,0,0,1,1
1618,2020,0,2022,2022-07-11,2022-08-17 00:00:00+00:00,Non Graduated,<=24,1.0,Unknown,Unknown,Unknown,0,0,0,0,0.0,0,0,1,1
1618,2021,0,2022,2022-07-11,2022-08-17 00:00:00+00:00,Non Graduated,<=24,1.0,Unknown,Unknown,Unknown,0,0,0,0,0.0,0,0,1,1
1618,2022,0,2022,2022-07-11,2022-08-17 00:00:00+00:00,Non Graduated,<=24,1.0,Unknown,Unknown,Unknown,1,0,0,1,1022.5421600953052,2,1,1,1
1618,2023,0,2022,2022-07-11,2022-08-17 00:00:00+00:00,Non Graduated,<=24,1.0,Unknown,Unknown,Unknown,1,0,0,1,1976.712353353614,0,0,1,1
1618,2024,0,2022,2022-07-11,2022-08-17 00:00:00+00:00,Non Graduated,<=24,1.0,Unknown,Unknown,Unknown,1,0,0,1,614.8746095569632,0,0,1,1
1723,2017,1,2023,2022-12-05,2023-04-21 00:00:00+00:00,Graduated,<=24,1.0,Unknown,Unknown,Unknown,0,0,0,1,2388.5260437816087,0,0,0,0
1723,2018,1,2023,2022-12-05,2023-04-21 00:00:00+00:00,Graduated,<=24,1.0,Unknown,Unknown,Unknown,0,0,1,1,13478.263157628335,0,0,0,0
1723,2019,1,2023,2022-12-05,2023-04-21 00:00:00+00:00,Graduated,<=24,1.0,Unknown,Unknown,Unknown,0,0,0,1,3462.441570551636,0,0,0,0
1723,2020,1,2023,2022-12-05,2023-04-21 00:00:00+00:00,Graduated,<=24,1.0,Unknown,Unknown,Unknown,0,0,0,1,4992.794039758414,0,0,0,0
1723,2021,1,2023,2022-12-05,2023-04-21 00:00:00+00:00,Graduated,<=24,1.0,Unknown,Unknown,Unknown,0,0,1,1,13091.64930715919,0,0,0,0
1723,2022,1,2023,2022-12-05,2023-04-21 00:00:00+00:00,Graduated,<=24,1.0,Unknown,Unknown,Unknown,0,0,0,1,12496.351465495496,0,0,0,0
1723,2023,1,2023,2022-12-05,2023-04-21 00:00:00+00:00,Graduated,<=24,1.0,Unknown,Unknown,Unknown,1,1,0,1,5947.726214758839,1,1,1,0
1723,2024,1,2023,2022-12-05,2023-04-21 00:00:00+00:00,Graduated,<=24,1.0,Unknown,Unknown,Unknown,1,1,0,1,14332.175322738825,0,0,1,1
1990,2017,0,2024,2023-12-04,2024-04-03 00:00:00+00:00,Non Graduated,<=24,1.0,Unknown,Unknown,Unknown,0,0,0,0,0.0,0,0,1,1
1990,2018,0,2024,2023-12-04,2024-04-03 00:00:00+00:00,Non Graduated,<=24,1.0,Unknown,Unknown,Unknown,0,0,0,0,0.0,0,0,1,1
1990,2019,0,2024,2023-12-04,2024-04-03 00:00:00+00:00,Non Graduated,<=24,1.0,Unknown,Unknown,Unknown,0,0,0,1,4085.8230831026303,0,0,1,1
1990,2020,0,2024,2023-12-04,2024-04-03 00:00:00+00:00,Non Graduated,<=24,1.0,Unknown,Unknown,Unknown,0,0,0,1,2636.4736648393155,0,0,1,1
1990,2021,0,2024,2023-12-04,2024-04-03 00:00:00+00:00,Non Graduated,<=24,1.0,Unknown,Unknown,Unknown,0,0,0,1,4130.523493534545,1,1,1,1
1990,2022,0,2024,2023-12-04,2024-04-03 00:00:00+00:00,Non Graduated,<=24,1.0,Unknown,Unknown,Unknown,0,0,0,1,9707.967035964994,0,0,1,1
1990,2023,0,2024,2023-12-04,2024-04-03 00:00:00+00:00,Non Graduated,<=24,1.0,Unknown,Unknown,Unknown,0,0,1,1,15678.67077479108,0,0,1,1
1990,2024,0,2024,2023-12-04,2024-04-03 00:00:00+00:00,Non Graduated,<=24,1.0,Unknown,Unknown,Unknown,1,0,0,1,16455.928916778546,0,0,1,1
2077,2017,1,2024,2024-03-18,2024-06-28 00:00:00+00:00,Graduated,<=24,1.0,Unknown,Unknown,Unknown,0,0,0,0,0.0,0,0,0,0
2077,2018,1,2024,2024-03-18,2024-06-28 00:00:00+00:00,Graduated,<=24,1.0,Unknown,Unknown,Unknown,0,0,0,1,4366.096264810775,0,0,0,0
2077,2019,1,2024,2024-03-18,2024-06-28 00:00:00+00:00,Graduated,<=24,1.0,Unknown,Unknown,Unknown,0,0,0,0,0.0,0,0,0,0
2077,2020,1,2024,2024-03-18,2024-06-28 00:00:00+00:00,Graduated,<=24,1.0,Unknown,Unknown,Unknown,0,0,0,0,0.0,0,0,0,0
2077,2021,1,2024,2024-03-18,2024-06-28 00:00:00+00:00,Graduated,<=24,1.0,Unknown,Unknown,Unknown,0,0,0,1,6135.827813286849,1,1,1,0
2077,2022,1,2024,2024-03-18,2024-06-28 00:00:00+00:00,Graduated,<=24,1.0,Unknown,Unknown,Unknown,0,0,0,1,12813.659194876933,0,0,1,1
2077,2023,1,2024,2024-03-18,2024-06-28 00:00:00+00:00,Graduated,<=24,1.0,Unknown,Unknown,Unknown,0,0,0,1,721.1985808459692,1,1,1,1
2077,2024,1,2024,2024-03-18,2024-06-28 00:00:00+00:00,Graduated,<=24,1.0,Unknown,Unknown,Unknown,1,1,0,0,0.0,0,0,1,1
2213,2017,0,2024,2024-07-29,2024-08-07 00:00:00+00:00,Non Graduated,<=24,1.0,Unknown,Unknown,Unknown,0,0,0,0,0.0,0,0,1,1
2213,2018,0,2024,2024-07-29,2024-08-07 00:00:00+00:00,Non Graduated,<=24,1.0,Unknown,Unknown,Unknown,0,0,0,1,2195.680110228088,0,0,1,1
2213,2019,0,2024,2024-07-29,2024-08-07 00:00:00+00:00,Non Graduated,<=24,1.0,Unknown,Unknown,Unknown,0,0,0,0,0.0,0,0,1,1
2213,2020,0,2024,2024-07-29,2024-08-07 00:00:00+00:00,Non Graduated,<=24,1.0,Unknown,Unknown,Unknown,0,0,0,0,0.0,0,0,1,1
2213,2021,0,2024,2024-07-29,2024-08-07 00:00:00+00:00,Non Graduated,<=24,1.0,Unknown,Unknown,Unknown,0,0,0,0,0.0,8,1,1,1
2213,2022,0,2024,2024-07-29,2024-08-07 00:00:00+00:00,Non Graduated,<=24,1.0,Unknown,Unknown,Unknown,0,0,0,1,2463.184681785867,0,0,1,1
2213,2023,0,2024,2024-07-29,2024-08-07 00:00:00+00:00,Non Graduated,<=24,1.0,Unknown,Unknown,Unknown,0,0,1,1,30414.090117568878,0,0,1,1
2213,2024,0,2024,2024-07-29,2024-08-07 00:00:00+00:00,Non Graduated,<=24,1.0,Unknown,Unknown,Unknown,1,0,0,1,5246.070520331633,0,0,1,1
1873,2017,1,2023,2023-08-07,2023-10-13 00:00:00+00:00,Graduated,<=24,1.0,Unknown,Unknown,Unknown,0,0,0,0,0.0,0,0,0,0
1873,2018,1,2023,2023-08-07,2023-10-13 00:00:00+00:00,Graduated,<=24,1.0,Unknown,Unknown,Unknown,0,0,0,1,1363.6100416041,0,0,0,0
1873,2019,1,2023,2023-08-07,2023-10-13 00:00:00+00:00,Graduated,<=24,1.0,Unknown,Unknown,Unknown,0,0,1,1,6118.84644277474,0,0,0,0
1873,2020,1,2023,2023-08-07,2023-10-13 00:00:00+00:00,Graduated,<=24,1.0,Unknown,Unknown,Unknown,0,0,0,1,4059.3289454743135,0,0,0,0
1873,2021,1,2023,2023-08-07,2023-10-13 00:00:00+00:00,Graduated,<=24,1.0,Unknown,Unknown,Unknown,0,0,0,0,0.0,0,0,0,0
1873,2022,1,2023,2023-08-07,2023-10-13 00:00:00+00:00,Graduated,<=24,1.0,Unknown,Unknown,Unknown,0,0,0,1,10438.907597993948,0,0,0,0
1873,2023,1,2023,2023-08-07,2023-10-13 00:00:00+00:00,Graduated,<=24,1.0,Unknown,Unknown,Unknown,1,1,1,1,38980.20309316486,6,1,1,0
1873,2024,1,2023,2023-08-07,2023-10-13 00:00:00+00:00,Graduated,<=24,1.0,Unknown,Unknown,Unknown,1,1,0,1,16148.32652931225,0,0,1,1
2086,2017,0,2024,2024-04-08,2024-05-17 00:00:00+00:00,Non Graduated,25-34,1.0,Unknown,Unknown,Unknown,0,0,0,0,0.0,0,0,0,0
2086,2018,0,2024,2024-04-08,2024-05-17 00:00:00+00:00,Non Graduated,25-34,1.0,Unknown,Unknown,Unknown,0,0,0,0,0.0,0,0,0,0
2086,2019,0,2024,2024-04-08,2024-05-17 00:00:00+00:00,Non Graduated,25-34,1.0,Unknown,Unknown,Unknown,0,0,0,0,0.0,0,0,0,0
2086,2020,0,2024,2024-04-08,2024-05-17 00:00:00+00:00,Non Graduated,25-34,1.0,Unknown,Unknown,Unknown,0,0,0,0,0.0,0,0,0,0
2086,2021,0,2024,2024-04-08,2024-05-17 00:00:00+00:00,Non Graduated,25-34,1.0,Unknown,Unknown,Unknown,0,0,0,0,0.0,0,0,0,0
2086,2022,0,2024,2024-04-08,2024-05-17 00:00:00+00:00,Non Graduated,25-34,1.0,Unknown,Unknown,Unknown,0,0,0,0,0.0,0,0,0,0
2086,2023,0,2024,2024-04-08,2024-05-17 00:00:00+00:00,Non Graduated,25-34,1.0,Unknown,Unknown,Unknown,0,0,0,0,0.0,0,0,0,0
2086,2024,0,2024,2024-04-08,2024-05-17 00:00:00+00:00,Non Graduated,25-34,1.0,Unknown,Unknown,Unknown,1,0,0,0,0.0,0,0,0,0
1650,2017,1,2022,2022-08-22,2022-12-09 00:00:00+00:00,Graduated,25-34,1.0,Unknown,Unknown,Unknown,0,0,0,0,0.0,0,0,0,0
1650,2018,1,2022,2022-08-22,2022-12-09 00:00:00+00:00,Graduated,25-34,1.0,Unknown,Unknown,Unknown,0,0,0,0,0.0,0,0,0,0
1650,2019,1,2022,2022-08-22,2022-12-09 00:00:00+00:00,Graduated,25-34,1.0,Unknown,Unknown,Unknown,0,0,0,0,0.0,0,0,0,0
1650,2020,1,2022,2022-08-22,2022-12-09 00:00:00+00:00,Graduated,25-34,1.0,Unknown,Unknown,Unknown,0,0,0,0,0.0,0,0,0,0
1650,2021,1,2022,2022-08-22,2022-12-09 00:00:00+00:00,Graduated,25-34,1.0,Unknown,Unknown,Unknown,0,0,0,0,0.0,0,0,0,0
1650,2022,1,2022,2022-08-22,2022-12-09 00:00:00+00:00,Graduated,25-34,1.0,Unknown,Unknown,Unknown,1,1,0,0,0.0,0,0,0,0
1650,2023,1,2022,2022-08-22,2022-12-09 00:00:00+00:00,Graduated,25-34,1.0,Unknown,Unknown,Unknown,1,1,0,0,0.0,0,0,0,0
1650,2024,1,2022,2022-08-22,2022-12-09 00:00:00+00:00,Graduated,25-34,1.0,Unknown,Unknown,Unknown,1,1,0,0,0.0,0,0,0,0
2193,2017,0,2024,2024-07-08,2024-09-16 00:00:00+00:00,Non Graduated,25-34,1.0,Unknown,Unknown,Unknown,0,0,0,0,0.0,0,0,0,0
2193,2018,0,2024,2024-07-08,2024-09-16 00:00:00+00:00,Non Graduated,25-34,1.0,Unknown,Unknown,Unknown,0,0,0,0,0.0,0,0,0,0
2193,2019,0,2024,2024-07-08,2024-09-16 00:00:00+00:00,Non Graduated,25-34,1.0,Unknown,Unknown,Unknown,0,0,0,0,0.0,0,0,0,0
2193,2020,0,2024,2024-07-08,2024-09-16 00:00:00+00:00,Non Graduated,25-34,1.0,Unknown,Unknown,Unknown,0,0,0,0,0.0,0,0,0,0
2193,2021,0,2024,2024-07-08,2024-09-16 00:00:00+00:00,Non Graduated,25-34,1.0,Unknown,Unknown,Unknown,0,0,0,0,0.0,0,0,0,0
2193,2022,0,2024,2024-07-08,2024-09-16 00:00:00+00:00,Non Graduated,25-34,1.0,Unknown,Unknown,Unknown,0,0,0,0,0.0,0,0,0,0
2193,2023,0,2024,2024-07-08,2024-09-16 00:00:00+00:00,Non Graduated,25-34,1.0,Unknown,Unknown,Unknown,0,0,0,0,0.0,0,0,0,0
2193,2024,0,2024,2024-07-08,2024-09-16 00:00:00+00:00,Non Graduated,25-34,1.0,Unknown,Unknown,Unknown,1,0,0,0,0.0,0,0,0,0
1777,2017,1,2023,2023-02-13,2023-04-28 00:00:00+00:00,Graduated,25-34,1.0,Unknown,Unknown,Unknown,0,0,0,0,0.0,0,0,0,0
1777,2018,1,2023,2023-02-13,2023-04-28 00:00:00+00:00,Graduated,25-34,1.0,Unknown,Unknown,Unknown,0,0,0,0,0.0,0,0,0,0
1777,2019,1,2023,2023-02-13,2023-04-28 00:00:00+00:00,Graduated,25-34,1.0,Unknown,Unknown,Unknown,0,0,0,0,0.0,0,0,0,0
1777,2020,1,2023,2023-02-13,2023-04-28 00:00:00+00:00,Graduated,25-34,1.0,Unknown,Unknown,Unknown,0,0,0,0,0.0,0,0,0,0
1777,2021,1,2023,2023-02-13,2023-04-28 00:00:00+00:00,Graduated,25-34,1.0,Unknown,Unknown,Unknown,0,0,0,0,0.0,0,0,0,0
1777,2022,1,2023,2023-02-13,2023-04-28 00:00:00+00:00,Graduated,25-34,1.0,Unknown,Unknown,Unknown,0,0,0,0,0.0,0,0,0,0
1777,2023,1,2023,2023-02-13,2023-04-28 00:00:00+00:00,Graduated,25-34,1.0,Unknown,Unknown,Unknown,1,1,0,0,0.0,0,0,0,0
1777,2024,1,2023,2023-02-13,2023-04-28 00:00:00+00:00,Graduated,25-34,1.0,Unknown,Unknown,Unknown,1,1,0,0,0.0,0,0,0,0
1511,2017,0,2022,2022-01-31,2022-02-22 00:00:00+00:00,Non Graduated,<=24,1.0,Unknown,Unknown,Unknown,0,0,0,0,0.0,0,0,0,0
1511,2018,0,2022,2022-01-31,2022-02-22 00:00:00+00:00,Non Graduated,<=24,1.0,Unknown,Unknown,Unknown,0,0,0,0,0.0,0,0,0,0
1511,2019,0,2022,2022-01-31,2022-02-22 00:00:00+00:00,Non Graduated,<=24,1.0,Unknown,Unknown,Unknown,0,0,0,0,0.0,0,0,0,0
1511,2020,0,2022,2022-01-31,2022-02-22 00:00:00+00:00,Non Graduated,<=24,1.0,Unknown,Unknown,Unknown,0,0,0,0,0.0,0,0,0,0
1511,2021,0,2022,2022-01-31,2022-02-22 00:00:00+00:00,Non Graduated,<=24,1.0,Unknown,Unknown,Unknown,0,0,0,0,0.0,0,0,0,0
1511,2022,0,2022,2022-01-31,2022-02-22 00:00:00+00:00,Non Graduated,<=24,1.0,Unknown,Unknown,Unknown,1,0,0,0,0.0,0,0,0,0
1511,2023,0,2022,2022-01-31,2022-02-22 00:00:00+00:00,Non Graduated,<=24,1.0,Unknown,Unknown,Unknown,1,0,0,0,0.0,0,0,0,0
1511,2024,0,2022,2022-01-31,2022-02-22 00:00:00+00:00,Non Graduated,<=24,1.0,Unknown,Unknown,Unknown,1,0,0,0,0.0,0,0,0,0
1593,2017,1,2022,2022-06-01,2022-09-30 00:00:00+00:00,Graduated,<=24,1.0,Unknown,Unknown,Unknown,0,0,0,0,0.0,0,0,0,0
1593,2018,1,2022,2022-06-01,2022-09-30 00:00:00+00:00,Graduated,<=24,1.0,Unknown,Unknown,Unknown,0,0,0,0,0.0,0,0,0,0
1593,2019,1,2022,2022-06-01,2022-09-30 00:00:00+00:00,Graduated,<=24,1.0,Unknown,Unknown,Unknown,0,0,0,0,0.0,0,0,0,0
1593,2020,1,2022,2022-06-01,2022-09-30 00:00:00+00:00,Graduated,<=24,1.0,Unknown,Unknown,Unknown,0,0,0,0,0.0,0,0,0,0
1593,2021,1,2022,2022-06-01,2022-09-30 00:00:00+00:00,Graduated,<=24,1.0,Unknown,Unknown,Unknown,0,0,0,0,0.0,0,0,0,0
1593,2022,1,2022,2022-06-01,2022-09-30 00:00:00+00:00,Graduated,<=24,1.0,Unknown,Unknown,Unknown,1,1,0,0,0.0,0,0,0,0
1593,2023,1,2022,2022-06-01,2022-09-30 00:00:00+00:00,Graduated,<=24,1.0,Unknown,Unknown,Unknown,1,1,0,0,0.0,0,0,0,0
1593,2024,1,2022,2022-06-01,2022-09-30 00:00:00+00:00,Graduated,<=24,1.0,Unknown,Unknown,Unknown,1,1,0,0,0.0,0,0,0,0
1526,2017,0,2022,2022-02-14,2022-04-06 00:00:00+00:00,Non Graduated,<=24,1.0,Unknown,Unknown,Unknown,0,0,0,0,0.0,0,0,0,0
1526,2018,0,2022,2022-02-14,2022-04-06 00:00:00+00:00,Non Graduated,<=24,1.0,Unknown,Unknown,Unknown,0,0,0,0,0.0,0,0,0,0
1526,2019,0,2022,2022-02-14,2022-04-06 00:00:00+00:00,Non Graduated,<=24,1.0,Unknown,Unknown,Unknown,0,0,0,0,0.0,0,0,0,0
1526,2020,0,2022,2022-02-14,2022-04-06 00:00:00+00:00,Non Graduated,<=24,1.0,Unknown,Unknown,Unknown,0,0,0,0,0.0,0,0,0,0
1526,2021,0,2022,2022-02-14,2022-04-06 00:00:00+00:00,Non Graduated,<=24,1.0,Unknown,Unknown,Unknown,0,0,0,0,0.0,0,0,0,0
1526,2022,0,2022,2022-02-14,2022-04-06 00:00:00+00:00,Non Graduated,<=24,1.0,Unknown,Unknown,Unknown,1,0,0,0,0.0,0,0,0,0
1526,2023,0,2022,2022-02-14,2022-04-06 00:00:00+00:00,Non Graduated,<=24,1.0,Unknown,Unknown,Unknown,1,0,0,0,0.0,0,0,0,0
1526,2024,0,2022,2022-02-14,2022-04-06 00:00:00+00:00,Non Graduated,<=24,1.0,Unknown,Unknown,Unknown,1,0,0,0,0.0,0,0,0,0
1645,2017,1,2022,2022-09-12,2022-11-23 00:00:00+00:00,Graduated,<=24,1.0,Unknown,Unknown,Unknown,0,0,0,0,0.0,0,0,0,0
1645,2018,1,2022,2022-09-12,2022-11-23 00:00:00+00:00,Graduated,<=24,1.0,Unknown,Unknown,Unknown,0,0,0,0,0.0,0,0,0,0
1645,2019,1,2022,2022-09-12,2022-11-23 00:00:00+00:00,Graduated,<=24,1.0,Unknown,Unknown,Unknown,0,0,0,0,0.0,0,0,0,0
1645,2020,1,2022,2022-09-12,2022-11-23 00:00:00+00:00,Graduated,<=24,1.0,Unknown,Unknown,Unknown,0,0,0,0,0.0,0,0,0,0
1645,2021,1,2022,2022-09-12,2022-11-23 00:00:00+00:00,Graduated,<=24,1.0,Unknown,Unknown,Unknown,0,0,0,0,0.0,0,0,0,0
1645,2022,1,2022,2022-09-12,2022-11-23 00:00:00+00:00,Graduated,<=24,1.0,Unknown,Unknown,Unknown,1,1,0,0,0.0,0,0,0,0
1645,2023,1,2022,2022-09-12,2022-11-23 00:00:00+00:00,Graduated,<=24,1.0,Unknown,Unknown,Unknown,1,1,0,0,0.0,0,0,0,0
1645,2024,1,2022,2022-09-12,2022-11-23 00:00:00+00:00,Graduated,<=24,1.0,Unknown,Unknown,Unknown,1,1,0,0,0.0,0,0,0,0
1646,2017,0,2022,2022-08-15,2022-09-06 00:00:00+00:00,Non Graduated,<=24,1.0,Unknown,Unknown,Unknown,0,0,0,0,0.0,0,0,0,0
1646,2018,0,2022,2022-08-15,2022-09-06 00:00:00+00:00,Non Graduated,<=24,1.0,Unknown,Unknown,Unknown,0,0,0,0,0.0,0,0,0,0
1646,2019,0,2022,2022-08-15,2022-09-06 00:00:00+00:00,Non Graduated,<=24,1.0,Unknown,Unknown,Unknown,0,0,0,0,0.0,0,0,0,0
1646,2020,0,2022,2022-08-15,2022-09-06 00:00:00+00:00,Non Graduated,<=24,1.0,Unknown,Unknown,Unknown,0,0,0,0,0.0,0,0,0,0
1646,2021,0,2022,2022-08-15,2022-09-06 00:00:00+00:00,Non Graduated,<=24,1.0,Unknown,Unknown,Unknown,0,0,0,0,0.0,0,0,0,0
1646,2022,0,2022,2022-08-15,2022-09-06 00:00:00+00:00,Non Graduated,<=24,1.0,Unknown,Unknown,Unknown,1,0,0,0,0.0,0,0,0,0
1646,2023,0,2022,2022-08-15,2022-09-06 00:00:00+00:00,Non Graduated,<=24,1.0,Unknown,Unknown,Unknown,1,0,0,0,0.0,0,0,0,0
1646,2024,0,2022,2022-08-15,2022-09-06 00:00:00+00:00,Non Graduated,<=24,1.0,Unknown,Unknown,Unknown,1,0,0,0,0.0,0,0,0,0
1769,2017,1,2023,2023-05-22,2023-08-11 00:00:00+00:00,Graduated,<=24,1.0,Unknown,Unknown,Unknown,0,0,0,0,0.0,0,0,0,0
1769,2018,1,2023,2023-05-22,2023-08-11 00:00:00+00:00,Graduated,<=24,1.0,Unknown,Unknown,Unknown,0,0,0,0,0.0,0,0,0,0
1769,2019,1,2023,2023-05-22,2023-08-11 00:00:00+00:00,Graduated,<=24,1.0,Unknown,Unknown,Unknown,0,0,0,0,0.0,0,0,0,0
1769,2020,1,2023,2023-05-22,2023-08-11 00:00:00+00:00,Graduated,<=24,1.0,Unknown,Unknown,Unknown,0,0,0,0,0.0,0,0,0,0
1769,2021,1,2023,2023-05-22,2023-08-11 00:00:00+00:00,Graduated,<=24,1.0,Unknown,Unknown,Unknown,0,0,0,0,0.0,0,0,0,0
1769,2022,1,2023,2023-05-22,2023-08-11 00:00:00+00:00,Graduated,<=24,1.0,Unknown,Unknown,Unknown,0,0,0,0,0.0,0,0,0,0
1769,2023,1,2023,2023-05-22,2023-08-11 00:00:00+00:00,Graduated,<=24,1.0,Unknown,Unknown,Unknown,1,1,0,0,0.0,0,0,0,0
1769,2024,1,2023,2023-05-22,2023-08-11 00:00:00+00:00,Graduated,<=24,1.0,Unknown,Unknown,Unknown,1,1,0,0,0.0,0,0,0,0
2090,2017,0,2024,2024-04-01,2024-04-08 00:00:00+00:00,Non Graduated,<=24,1.0,Unknown,Unknown,Unknown,0,0,0,0,0.0,0,0,0,0
2090,2018,0,2024,2024-04-01,2024-04-08 00:00:00+00:00,Non Graduated,<=24,1.0,Unknown,Unknown,Unknown,0,0,0,0,0.0,0,0,0,0
2090,2019,0,2024,2024-04-01,2024-04-08 00:00:00+00:00,Non Graduated,<=24,1.0,Unknown,Unknown,Unknown,0,0,0,0,0.0,0,0,0,0
2090,2020,0,2024,2024-04-01,2024-04-08 00:00:00+00:00,Non Graduated,<=24,1.0,Unknown,Unknown,Unknown,0,0,0,0,0.0,0,0,0,0
2090,2021,0,2024,2024-04-01,2024-04-08 00:00:00+00:00,Non Graduated,<=24,1.0,Unknown,Unknown,Unknown,0,0,0,0,0.0,0,0,0,0
2090,2022,0,2024,2024-04-01,2024-04-08 00:00:00+00:00,Non Graduated,<=24,1.0,Unknown,Unknown,Unknown,0,0,0,0,0.0,0,0,0,0
2090,2023,0,2024,2024-04-01,2024-04-08 00:00:00+00:00,Non Graduated,<=24,1.0,Unknown,Unknown,Unknown,0,0,0,0,0.0,0,0,0,0
2090,2024,0,2024,2024-04-01,2024-04-08 00:00:00+00:00,Non Graduated,<=24,1.0,Unknown,Unknown,Unknown,1,0,0,0,0.0,0,0,0,0
1906,2017,1,2024,2023-12-11,2024-03-01 00:00:00+00:00,Graduated,<=24,1.0,Unknown,Unknown,Unknown,0,0,0,0,0.0,0,0,0,0
1906,2018,1,2024,2023-12-11,2024-03-01 00:00:00+00:00,Graduated,<=24,1.0,Unknown,Unknown,Unknown,0,0,0,0,0.0,0,0,0,0
1906,2019,1,2024,2023-12-11,2024-03-01 00:00:00+00:00,Graduated,<=24,1.0,Unknown,Unknown,Unknown,0,0,0,0,0.0,0,0,0,0
1906,2020,1,2024,2023-12-11,2024-03-01 00:00:00+00:00,Graduated,<=24,1.0,Unknown,Unknown,Unknown,0,0,0,0,0.0,0,0,0,0
1906,2021,1,2024,2023-12-11,2024-03-01 00:00:00+00:00,Graduated,<=24,1.0,Unknown,Unknown,Unknown,0,0,0,0,0.0,0,0,0,0
1906,2022,1,2024,2023-12-11,2024-03-01 00:00:00+00:00,Graduated,<=24,1.0,Unknown,Unknown,Unknown,0,0,0,0,0.0,0,0,0,0
1906,2023,1,2024,2023-12-11,2024-03-01 00:00:00+00:00,Graduated,<=24,1.0,Unknown,Unknown,Unknown,0,0,0,0,0.0,0,0,0,0
1906,2024,1,2024,2023-12-11,2024-03-01 00:00:00+00:00,Graduated,<=24,1.0,Unknown,Unknown,Unknown,1,1,0,0,0.0,0,0,0,0
2161,2017,0,2024,2024-06-24,2024-08-02 00:00:00+00:00,Non Graduated,<=24,1.0,Unknown,Unknown,Unknown,0,0,0,0,0.0,0,0,0,0
2161,2018,0,2024,2024-06-24,2024-08-02 00:00:00+00:00,Non Graduated,<=24,1.0,Unknown,Unknown,Unknown,0,0,0,0,0.0,0,0,0,0
2161,2019,0,2024,2024-06-24,2024-08-02 00:00:00+00:00,Non Graduated,<=24,1.0,Unknown,Unknown,Unknown,0,0,0,0,0.0,0,0,0,0
2161,2020,0,2024,2024-06-24,2024-08-02 00:00:00+00:00,Non Graduated,<=24,1.0,Unknown,Unknown,Unknown,0,0,0,0,0.0,0,0,0,0
2161,2021,0,2024,2024-06-24,2024-08-02 00:00:00+00:00,Non Graduated,<=24,1.0,Unknown,Unknown,Unknown,0,0,0,0,0.0,0,0,0,0
2161,2022,0,2024,2024-06-24,2024-08-02 00:00:00+00:00,Non Graduated,<=24,1.0,Unknown,Unknown,Unknown,0,0,0,0,0.0,0,0,0,0
2161,2023,0,2024,2024-06-24,2024-08-02 00:00:00+00:00,Non Graduated,<=24,1.0,Unknown,Unknown,Unknown,0,0,0,0,0.0,0,0,0,0
2161,2024,0,2024,2024-06-24,2024-08-02 00:00:00+00:00,Non Graduated,<=24,1.0,Unknown,Unknown,Unknown,1,0,0,0,0.0,0,0,0,0
1968,2017,1,2024,2023-11-20,2024-02-09 00:00:00+00:00,Graduated,<=24,1.0,Unknown,Unknown,Unknown,0,0,0,0,0.0,0,0,0,0
1968,2018,1,2024,2023-11-20,2024-02-09 00:00:00+00:00,Graduated,<=24,1.0,Unknown,Unknown,Unknown,0,0,0,0,0.0,0,0,0,0
1968,2019,1,2024,2023-11-20,2024-02-09 00:00:00+00:00,Graduated,<=24,1.0,Unknown,Unknown,Unknown,0,0,0,0,0.0,0,0,0,0
1968,2020,1,2024,2023-11-20,2024-02-09 00:00:00+00:00,Graduated,<=24,1.0,Unknown,Unknown,Unknown,0,0,0,0,0.0,0,0,0,0
1968,2021,1,2024,2023-11-20,2024-02-09 00:00:00+00:00,Graduated,<=24,1.0,Unknown,Unknown,Unknown,0,0,0,0,0.0,0,0,0,0
1968,2022,1,2024,2023-11-20,2024-02-09 00:00:00+00:00,Graduated,<=24,1.0,Unknown,Unknown,Unknown,0,0,0,0,0.0,0,0,0,0
1968,2023,1,2024,2023-11-20,2024-02-09 00:00:00+00:00,Graduated,<=24,1.0,Unknown,Unknown,Unknown,0,0,0,0,0.0,0,0,0,0
1968,2024,1,2024,2023-11-20,2024-02-09 00:00:00+00:00,Graduated,<=24,1.0,Unknown,Unknown,Unknown,1,1,0,0,0.0,0,0,0,0
1551,2017,0,2022,2022-04-11,2022-04-28 00:00:00+00:00,Non Graduated,<=24,1.0,Unknown,Unknown,Unknown,0,0,0,1,3963.65430651107,0,0,1,1
1551,2018,0,2022,2022-04-11,2022-04-28 00:00:00+00:00,Non Graduated,<=24,1.0,Unknown,Unknown,Unknown,0,0,0,1,2708.0704841723273,4,1,1,1
1551,2019,0,2022,2022-04-11,2022-04-28 00:00:00+00:00,Non Graduated,<=24,1.0,Unknown,Unknown,Unknown,0,0,0,0,0.0,0,0,1,1
1551,2020,0,2022,2022-04-11,2022-04-28 00:00:00+00:00,Non Graduated,<=24,1.0,Unknown,Unknown,Unknown,0,0,0,0,0.0,0,0,1,1
1551,2021,0,2022,2022-04-11,2022-04-28 00:00:00+00:00,Non Graduated,<=24,1.0,Unknown,Unknown,Unknown,0,0,0,0,0.0,0,0,1,1
1551,2022,0,2022,2022-04-11,2022-04-28 00:00:00+00:00,Non Graduated,<=24,1.0,Unknown,Unknown,Unknown,1,0,0,1,2571.751527995813,0,0,1,1
1551,2023,0,2022,2022-04-11,2022-04-28 00:00:00+00:00,Non Graduated,<=24,1.0,Unknown,Unknown,Unknown,1,0,0,1,13566.805358664886,0,0,1,1
1551,2024,0,2022,2022-04-11,2022-04-28 00:00:00+00:00,Non Graduated,<=24,1.0,Unknown,Unknown,Unknown,1,0,0,0,0.0,0,0,1,1
1696,2017,1,2023,2022-10-31,2023-02-13 00:00:00+00:00,Graduated,<=24,1.0,Unknown,Unknown,Unknown,0,0,0,1,1367.891392296544,0,0,1,1
1696,2018,1,2023,2022-10-31,2023-02-13 00:00:00+00:00,Graduated,<=24,1.0,Unknown,Unknown,Unknown,0,0,0,0,0.0,4,1,1,1
1696,2019,1,2023,2022-10-31,2023-02-13 00:00:00+00:00,Graduated,<=24,1.0,Unknown,Unknown,Unknown,0,0,0,1,1321.4105253773575,0,0,1,1
1696,2020,1,2023,2022-10-31,2023-02-13 00:00:00+00:00,Graduated,<=24,1.0,Unknown,Unknown,Unknown,0,0,0,0,0.0,0,0,1,1
1696,2021,1,2023,2022-10-31,2023-02-13 00:00:00+00:00,Graduated,<=24,1.0,Unknown,Unknown,Unknown,0,0,0,1,14556.118381131964,0,0,1,1
1696,2022,1,2023,2022-10-31,2023-02-13 00:00:00+00:00,Graduated,<=24,1.0,Unknown,Unknown,Unknown,0,0,0,1,2407.4117611385136,0,0,1,1
1696,2023,1,2023,2022-10-31,2023-02-13 00:00:00+00:00,Graduated,<=24,1.0,Unknown,Unknown,Unknown,1,1,0,1,28373.811168193686,0,0,1,1
1696,2024,1,2023,2022-10-31,2023-02-13 00:00:00+00:00,Graduated,<=24,1.0,Unknown,Unknown,Unknown,1,1,0,1,21350.41636806948,0,0,1,1
1877,2017,0,2023,2023-07-05,2023-07-14 00:00:00+00:00,Non Graduated,<=24,1.0,Unknown,Unknown,Unknown,0,0,0,0,0.0,0,0,0,0
1877,2018,0,2023,2023-07-05,2023-07-14 00:00:00+00:00,Non Graduated,<=24,1.0,Unknown,Unknown,Unknown,0,0,0,0,0.0,0,0,0,0
1877,2019,0,2023,2023-07-05,2023-07-14 00:00:00+00:00,Non Graduated,<=24,1.0,Unknown,Unknown,Unknown,0,0,0,0,0.0,0,0,0,0
1877,2020,0,2023,2023-07-05,2023-07-14 00:00:00+00:00,Non Graduated,<=24,1.0,Unknown,Unknown,Unknown,0,0,0,0,0.0,0,0,0,0
1877,2021,0,2023,2023-07-05,2023-07-14 00:00:00+00:00,Non Graduated,<=24,1.0,Unknown,Unknown,Unknown,0,0,1,1,64124.158904577154,0,0,0,0
1877,2022,0,2023,2023-07-05,2023-07-14 00:00:00+00:00,Non Graduated,<=24,1.0,Unknown,Unknown,Unknown,0,0,0,1,12905.785306019548,0,0,0,0
1877,2023,0,2023,2023-07-05,2023-07-14 00:00:00+00:00,Non Graduated,<=24,1.0,Unknown,Unknown,Unknown,1,0,1,1,39583.44654678798,0,0,0,0
1877,2024,0,2023,2023-07-05,2023-07-14 00:00:00+00:00,Non Graduated,<=24,1.0,Unknown,Unknown,Unknown,1,0,0,1,30793.029757399556,0,0,0,0
1898,2017,1,2023,2023-07-31,2023-10-13 00:00:00+00:00,Graduated,<=24,1.0,Unknown,Unknown,Unknown,0,0,0,0,0.0,0,0,0,0
1898,2018,1,2023,2023-07-31,2023-10-13 00:00:00+00:00,Graduated,<=24,1.0,Unknown,Unknown,Unknown,0,0,0,0,0.0,0,0,0,0
1898,2019,1,2023,2023-07-31,2023-10-13 00:00:00+00:00,Graduated,<=24,1.0,Unknown,Unknown,Unknown,0,0,0,0,0.0,0,0,0,0
1898,2020,1,2023,2023-07-31,2023-10-13 00:00:00+00:00,Graduated,<=24,1.0,Unknown,Unknown,Unknown,0,0,0,1,526.0392693179396,0,0,0,0
1898,2021,1,2023,2023-07-31,2023-10-13 00:00:00+00:00,Graduated,<=24,1.0,Unknown,Unknown,Unknown,0,0,0,1,16594.278332472146,0,0,0,0
1898,2022,1,2023,2023-07-31,2023-10-13 00:00:00+00:00,Graduated,<=24,1.0,Unknown,Unknown,Unknown,0,0,1,1,25612.087535113817,0,0,0,0
1898,2023,1,2023,2023-07-31,2023-10-13 00:00:00+00:00,Graduated,<=24,1.0,Unknown,Unknown,Unknown,1,1,1,1,39597.88082302292,0,0,0,0
1898,2024,1,2023,2023-07-31,2023-10-13 00:00:00+00:00,Graduated,<=24,1.0,Unknown,Unknown,Unknown,1,1,0,1,16777.6067346023,0,0,0,0
