tip_id,year,unit_id,pcs_off_id,unit_type,treatment,StartDate,start_year,cohort_2022,gender,race,year_of_birth,age_of_first_offense,num_sentences_before_start,any_high_ogs_before_start,num_offenses_before_start,earnings_2yr_preTIP,job_right_before_tip,psm_distance,upper_date,year_offset,year_start_date,year_end_date,in_post_1p5_window,post,earnings_year,employed_year,has_prior_offense_by_year,has_offense_by_year,offense_count_year,has_offense_year,has_prior_offense_before_start,recidivism_year,treatment_post,treatment_post_cohort,log_earnings_year
4,2011,C_4_1598117.0,1598117,control,0,2013/8/12,2013,0,Male,Black,1982,,2,0,0,0,0,2,2015/2/10,-2,2011/1/1,2012/1/1,0,0,0,0,0,0,0,0,0,0,0,0,0
4,2011,P_4,,participant,1,2013/8/12,2013,0,Male,Black,1982,,0,0,0,0,0,0,2015/2/10,-2,2011/1/1,2012/1/1,0,0,0,0,0,0,0,0,0,0,0,0,0
4,2012,C_4_1598117.0,1598117,control,0,2013/8/12,2013,0,Male,Black,1982,,2,0,0,0,0,2,2015/2/10,-1,2012/1/1,2013/1/1,0,0,0,0,0,0,0,0,0,0,0,0,0
4,2012,P_4,,participant,1,2013/8/12,2013,0,Male,Black,1982,,0,0,0,0,0,0,2015/2/10,-1,2012/1/1,2013/1/1,0,0,0,0,0,0,0,0,0,0,0,0,0
4,2013,C_4_1598117.0,1598117,control,0,2013/8/12,2013,0,Male,Black,1982,,2,0,0,0,0,2,2015/2/10,0,2013/1/1,2014/1/1,1,1,0,0,0,0,0,0,0,0,0,0,0
4,2013,P_4,,participant,1,2013/8/12,2013,0,Male,Black,1982,,0,0,0,0,0,0,2015/2/10,0,2013/1/1,2014/1/1,1,1,0,0,0,0,0,0,0,0,1,0,0
4,2014,C_4_1598117.0,1598117,control,0,2013/8/12,2013,0,Male,Black,1982,,2,0,0,0,0,2,2015/2/10,1,2014/1/1,2015/1/1,1,1,0,0,0,0,0,0,0,0,0,0,0
4,2014,P_4,,participant,1,2013/8/12,2013,0,Male,Black,1982,,0,0,0,0,0,0,2015/2/10,1,2014/1/1,2015/1/1,1,1,0,0,0,0,0,0,0,0,1,0,0
7,2011,C_7_1248203.0,1248203,control,0,2013/7/24,2013,0,Male,Black,1990,19,1,1,1,0,0,0,2015/1/22,-2,2011/1/1,2012/1/1,0,0,0,0,1,1,0,0,1,0,0,0,0
7,2011,P_7,,participant,1,2013/7/24,2013,0,Male,Black,1990,19,1,1,1,0,0,0,2015/1/22,-2,2011/1/1,2012/1/1,0,0,0,0,1,1,0,0,1,0,0,0,0
7,2012,C_7_1248203.0,1248203,control,0,2013/7/24,2013,0,Male,Black,1990,19,1,1,1,0,0,0,2015/1/22,-1,2012/1/1,2013/1/1,0,0,0,0,1,1,0,0,1,0,0,0,0
7,2012,P_7,,participant,1,2013/7/24,2013,0,Male,Black,1990,19,1,1,1,0,0,0,2015/1/22,-1,2012/1/1,2013/1/1,0,0,0,0,1,1,0,0,1,0,0,0,0
7,2013,C_7_1248203.0,1248203,control,0,2013/7/24,2013,0,Male,Black,1990,19,1,1,1,0,0,0,2015/1/22,0,2013/1/1,2014/1/1,1,1,0,0,1,1,0,0,1,0,0,0,0
7,2013,P_7,,participant,1,2013/7/24,2013,0,Male,Black,1990,19,1,1,1,0,0,0,2015/1/22,0,2013/1/1,2014/1/1,1,1,0,0,1,1,0,0,1,0,1,0,0
7,2014,C_7_1248203.0,1248203,control,0,2013/7/24,2013,0,Male,Black,1990,19,1,1,1,0,0,0,2015/1/22,1,2014/1/1,2015/1/1,1,1,0,0,1,1,0,0,1,0,0,0,0
7,2014,P_7,,participant,1,2013/7/24,2013,0,Male,Black,1990,19,1,1,1,0,0,0,2015/1/22,1,2014/1/1,2015/1/1,1,1,0,0,1,1,1,1,1,1,1,0,0
8,2011,C_8_1018143.0,1018143,control,0,2013/8/19,2013,0,Male,Black,1989,20,1,0,2,0,0,0,2015/2/17,-2,2011/1/1,2012/1/1,0,0,0,0,1,1,0,0,1,0,0,0,0
8,2011,P_8,,participant,1,2013/8/19,2013,0,Male,Black,1989,20,1,0,2,0,0,0,2015/2/17,-2,2011/1/1,2012/1/1,0,0,0,0,1,1,0,0,1,0,0,0,0
8,2012,C_8_1018143.0,1018143,control,0,2013/8/19,2013,0,Male,Black,1989,20,1,0,2,0,0,0,2015/2/17,-1,2012/1/1,2013/1/1,0,0,0,0,1,1,0,0,1,0,0,0,0
8,2012,P_8,,participant,1,2013/8/19,2013,0,Male,Black,1989,20,1,0,2,0,0,0,2015/2/17,-1,2012/1/1,2013/1/1,0,0,0,0,1,1,0,0,1,0,0,0,0
8,2013,C_8_1018143.0,1018143,control,0,2013/8/19,2013,0,Male,Black,1989,20,1,0,2,0,0,0,2015/2/17,0,2013/1/1,2014/1/1,1,1,0,0,1,1,0,0,1,0,0,0,0
8,2013,P_8,,participant,1,2013/8/19,2013,0,Male,Black,1989,20,1,0,2,0,0,0,2015/2/17,0,2013/1/1,2014/1/1,1,1,0,0,1,1,0,0,1,0,1,0,0
8,2014,C_8_1018143.0,1018143,control,0,2013/8/19,2013,0,Male,Black,1989,20,1,0,2,0,0,0,2015/2/17,1,2014/1/1,2015/1/1,1,1,0,0,1,1,0,0,1,0,0,0,0
8,2014,P_8,,participant,1,2013/8/19,2013,0,Male,Black,1989,20,1,0,2,0,0,0,2015/2/17,1,2014/1/1,2015/1/1,1,1,0,0,1,1,0,0,1,0,1,0,0
10,2008,C_10_1021892.0,1021892,control,0,2010/7/9,2010,0,Male,Black,1989,18,2,1,2,0,0,0.380004792,2012/1/7,-2,2008/1/1,2009/1/1,0,0,0,0,1,1,0,0,1,0,0,0,0
10,2008,P_10,,participant,1,2010/7/9,2010,0,Male,Black,1989,18,2,1,1,0,0,0,2012/1/7,-2,2008/1/1,2009/1/1,0,0,0,0,0,1,0,0,1,0,0,0,0
10,2009,C_10_1021892.0,1021892,control,0,2010/7/9,2010,0,Male,Black,1989,18,2,1,2,0,0,0.380004792,2012/1/7,-1,2009/1/1,2010/1/1,0,0,0,0,1,1,0,0,1,0,0,0,0
10,2009,P_10,,participant,1,2010/7/9,2010,0,Male,Black,1989,18,2,1,1,0,0,0,2012/1/7,-1,2009/1/1,2010/1/1,0,0,0,0,1,1,0,0,1,0,0,0,0
10,2010,C_10_1021892.0,1021892,control,0,2010/7/9,2010,0,Male,Black,1989,18,2,1,2,0,0,0.380004792,2012/1/7,0,2010/1/1,2011/1/1,1,1,0,0,1,1,0,0,1,0,0,0,0
10,2010,P_10,,participant,1,2010/7/9,2010,0,Male,Black,1989,18,2,1,1,0,0,0,2012/1/7,0,2010/1/1,2011/1/1,1,1,0,0,1,1,0,0,1,0,1,0,0
10,2011,C_10_1021892.0,1021892,control,0,2010/7/9,2010,0,Male,Black,1989,18,2,1,2,0,0,0.380004792,2012/1/7,1,2011/1/1,2012/1/1,1,1,0,0,1,1,0,0,1,0,0,0,0
10,2011,P_10,,participant,1,2010/7/9,2010,0,Male,Black,1989,18,2,1,1,0,0,0,2012/1/7,1,2011/1/1,2012/1/1,1,1,0,0,1,1,0,0,1,0,1,0,0
12,2011,C_12_1365128.0,1365128,control,0,2013/2/27,2013,0,Male,Black,1987,23,2,1,2,0,0,1.036301853,2014/8/28,-2,2011/1/1,2012/1/1,0,0,0,0,1,1,0,0,1,0,0,0,0
12,2011,P_12,,participant,1,2013/2/27,2013,0,Male,Black,1987,23,3,1,1,0,0,0,2014/8/28,-2,2011/1/1,2012/1/1,0,0,0,0,1,1,0,0,1,0,0,0,0
12,2012,C_12_1365128.0,1365128,control,0,2013/2/27,2013,0,Male,Black,1987,23,2,1,2,0,0,1.036301853,2014/8/28,-1,2012/1/1,2013/1/1,0,0,0,0,1,1,0,0,1,0,0,0,0
12,2012,P_12,,participant,1,2013/2/27,2013,0,Male,Black,1987,23,3,1,1,0,0,0,2014/8/28,-1,2012/1/1,2013/1/1,0,0,0,0,1,1,0,0,1,0,0,0,0
12,2013,C_12_1365128.0,1365128,control,0,2013/2/27,2013,0,Male,Black,1987,23,2,1,2,0,0,1.036301853,2014/8/28,0,2013/1/1,2014/1/1,1,1,0,0,1,1,0,0,1,0,0,0,0
12,2013,P_12,,participant,1,2013/2/27,2013,0,Male,Black,1987,23,3,1,1,0,0,0,2014/8/28,0,2013/1/1,2014/1/1,1,1,0,0,1,1,0,0,1,0,1,0,0
12,2014,C_12_1365128.0,1365128,control,0,2013/2/27,2013,0,Male,Black,1987,23,2,1,2,0,0,1.036301853,2014/8/28,1,2014/1/1,2015/1/1,1,1,0,0,1,1,0,0,1,0,0,0,0
12,2014,P_12,,participant,1,2013/2/27,2013,0,Male,Black,1987,23,3,1,1,0,0,0,2014/8/28,1,2014/1/1,2015/1/1,1,1,0,0,1,1,0,0,1,0,1,0,0
16,2010,C_16_1619463.0,1619463,control,0,2012/6/26,2012,0,Male,Black,1989,20,2,1,3,0,0,0.676697687,2013/12/25,-2,2010/1/1,2011/1/1,0,0,0,0,0,1,0,0,1,0,0,0,0
16,2010,P_16,,participant,1,2012/6/26,2012,0,Male,Black,1989,20,2,1,6,0,0,0,2013/12/25,-2,2010/1/1,2011/1/1,0,0,0,0,1,1,0,0,1,0,0,0,0
16,2011,C_16_1619463.0,1619463,control,0,2012/6/26,2012,0,Male,Black,1989,20,2,1,3,0,0,0.676697687,2013/12/25,-1,2011/1/1,2012/1/1,0,0,0,0,1,1,0,0,1,0,0,0,0
16,2011,P_16,,participant,1,2012/6/26,2012,0,Male,Black,1989,20,2,1,6,0,0,0,2013/12/25,-1,2011/1/1,2012/1/1,0,0,0,0,1,1,0,0,1,0,0,0,0
16,2012,C_16_1619463.0,1619463,control,0,2012/6/26,2012,0,Male,Black,1989,20,2,1,3,0,0,0.676697687,2013/12/25,0,2012/1/1,2013/1/1,1,1,0,0,1,1,0,0,1,0,0,0,0
16,2012,P_16,,participant,1,2012/6/26,2012,0,Male,Black,1989,20,2,1,6,0,0,0,2013/12/25,0,2012/1/1,2013/1/1,1,1,0,0,1,1,0,0,1,0,1,0,0
16,2013,C_16_1619463.0,1619463,control,0,2012/6/26,2012,0,Male,Black,1989,20,2,1,3,0,0,0.676697687,2013/12/25,1,2013/1/1,2014/1/1,1,1,0,0,1,1,0,0,1,0,0,0,0
16,2013,P_16,,participant,1,2012/6/26,2012,0,Male,Black,1989,20,2,1,6,0,0,0,2013/12/25,1,2013/1/1,2014/1/1,1,1,0,0,1,1,1,1,1,1,1,0,0
17,2012,C_17_1059572.0,1059572,control,0,2014/4/10,2014,0,Male,Black,1971,42,0,0,1,0,0,0,2015/10/9,-2,2012/1/1,2013/1/1,0,0,0,0,0,0,0,0,1,0,0,0,0
17,2012,P_17,,participant,1,2014/4/10,2014,0,Male,Black,1971,42,0,0,1,0,0,0,2015/10/9,-2,2012/1/1,2013/1/1,0,0,0,0,0,0,0,0,1,0,0,0,0
17,2013,C_17_1059572.0,1059572,control,0,2014/4/10,2014,0,Male,Black,1971,42,0,0,1,0,0,0,2015/10/9,-1,2013/1/1,2014/1/1,0,0,0,0,0,1,0,0,1,0,0,0,0
17,2013,P_17,,participant,1,2014/4/10,2014,0,Male,Black,1971,42,0,0,1,0,0,0,2015/10/9,-1,2013/1/1,2014/1/1,0,0,0,0,0,0,0,0,1,0,0,0,0
17,2014,C_17_1059572.0,1059572,control,0,2014/4/10,2014,0,Male,Black,1971,42,0,0,1,0,0,0,2015/10/9,0,2014/1/1,2015/1/1,1,1,0,0,1,1,0,0,1,0,0,0,0
17,2014,P_17,,participant,1,2014/4/10,2014,0,Male,Black,1971,42,0,0,1,0,0,0,2015/10/9,0,2014/1/1,2015/1/1,1,1,0,0,0,1,0,0,1,0,1,0,0
17,2015,C_17_1059572.0,1059572,control,0,2014/4/10,2014,0,Male,Black,1971,42,0,0,1,0,0,0,2015/10/9,1,2015/1/1,2016/1/1,1,1,0,0,1,1,0,0,1,0,0,0,0
17,2015,P_17,,participant,1,2014/4/10,2014,0,Male,Black,1971,42,0,0,1,0,0,0,2015/10/9,1,2015/1/1,2016/1/1,1,1,0,0,1,1,0,0,1,0,1,0,0
18,2010,C_18_1209944.0,1209944,control,0,2012/8/13,2012,0,Male,Black,1978,24,5,0,5,0,0,2.763862738,2014/2/11,-2,2010/1/1,2011/1/1,0,0,0,0,1,1,0,0,1,0,0,0,0
18,2010,P_18,,participant,1,2012/8/13,2012,0,Male,Black,1978,24,8,0,2,0,0,0,2014/2/11,-2,2010/1/1,2011/1/1,0,0,0,0,1,1,0,0,1,0,0,0,0
18,2011,C_18_1209944.0,1209944,control,0,2012/8/13,2012,0,Male,Black,1978,24,5,0,5,0,0,2.763862738,2014/2/11,-1,2011/1/1,2012/1/1,0,0,0,0,1,1,0,0,1,0,0,0,0
18,2011,P_18,,participant,1,2012/8/13,2012,0,Male,Black,1978,24,8,0,2,0,0,0,2014/2/11,-1,2011/1/1,2012/1/1,0,0,0,0,1,1,0,0,1,0,0,0,0
18,2012,C_18_1209944.0,1209944,control,0,2012/8/13,2012,0,Male,Black,1978,24,5,0,5,0,0,2.763862738,2014/2/11,0,2012/1/1,2013/1/1,1,1,0,0,1,1,0,0,1,0,0,0,0
18,2012,P_18,,participant,1,2012/8/13,2012,0,Male,Black,1978,24,8,0,2,0,0,0,2014/2/11,0,2012/1/1,2013/1/1,1,1,0,0,1,1,0,0,1,0,1,0,0
18,2013,C_18_1209944.0,1209944,control,0,2012/8/13,2012,0,Male,Black,1978,24,5,0,5,0,0,2.763862738,2014/2/11,1,2013/1/1,2014/1/1,1,1,0,0,1,1,2,1,1,1,0,0,0
18,2013,P_18,,participant,1,2012/8/13,2012,0,Male,Black,1978,24,8,0,2,0,0,0,2014/2/11,1,2013/1/1,2014/1/1,1,1,0,0,1,1,0,0,1,0,1,0,0
19,2012,C_19_1120626.0,1120626,control,0,2014/3/24,2014,0,Male,Black,1993,18,3,1,3,0,0,0.512269891,2015/9/22,-2,2012/1/1,2013/1/1,0,0,0,0,0,1,0,0,1,0,0,0,0
19,2012,P_19,,participant,1,2014/3/24,2014,0,Male,Black,1993,18,4,1,2,0,0,0,2015/9/22,-2,2012/1/1,2013/1/1,0,0,0,0,0,1,0,0,1,0,0,0,0
19,2013,C_19_1120626.0,1120626,control,0,2014/3/24,2014,0,Male,Black,1993,18,3,1,3,0,0,0.512269891,2015/9/22,-1,2013/1/1,2014/1/1,0,0,0,0,1,1,0,0,1,0,0,0,0
19,2013,P_19,,participant,1,2014/3/24,2014,0,Male,Black,1993,18,4,1,2,0,0,0,2015/9/22,-1,2013/1/1,2014/1/1,0,0,0,0,1,1,0,0,1,0,0,0,0
19,2014,C_19_1120626.0,1120626,control,0,2014/3/24,2014,0,Male,Black,1993,18,3,1,3,0,0,0.512269891,2015/9/22,0,2014/1/1,2015/1/1,1,1,0,0,1,1,0,0,1,0,0,0,0
19,2014,P_19,,participant,1,2014/3/24,2014,0,Male,Black,1993,18,4,1,2,0,0,0,2015/9/22,0,2014/1/1,2015/1/1,1,1,0,0,1,1,4,1,1,1,1,0,0
19,2015,C_19_1120626.0,1120626,control,0,2014/3/24,2014,0,Male,Black,1993,18,3,1,3,0,0,0.512269891,2015/9/22,1,2015/1/1,2016/1/1,1,1,0,0,1,1,0,0,1,0,0,0,0
19,2015,P_19,,participant,1,2014/3/24,2014,0,Male,Black,1993,18,4,1,2,0,0,0,2015/9/22,1,2015/1/1,2016/1/1,1,1,0,0,1,1,0,0,1,0,1,0,0
20,2012,C_20_1045347.0,1045347,control,0,2014/3/25,2014,0,Male,Black,1980,29,1,0,2,0,0,0,2015/9/23,-2,2012/1/1,2013/1/1,0,0,0,0,1,1,0,0,1,0,0,0,0
20,2012,P_20,,participant,1,2014/3/25,2014,0,Male,Black,1980,29,1,0,2,0,0,0,2015/9/23,-2,2012/1/1,2013/1/1,0,0,0,0,1,1,0,0,1,0,0,0,0
20,2013,C_20_1045347.0,1045347,control,0,2014/3/25,2014,0,Male,Black,1980,29,1,0,2,0,0,0,2015/9/23,-1,2013/1/1,2014/1/1,0,0,0,0,1,1,0,0,1,0,0,0,0
20,2013,P_20,,participant,1,2014/3/25,2014,0,Male,Black,1980,29,1,0,2,0,0,0,2015/9/23,-1,2013/1/1,2014/1/1,0,0,0,0,1,1,0,0,1,0,0,0,0
20,2014,C_20_1045347.0,1045347,control,0,2014/3/25,2014,0,Male,Black,1980,29,1,0,2,0,0,0,2015/9/23,0,2014/1/1,2015/1/1,1,1,0,0,1,1,0,0,1,0,0,0,0
20,2014,P_20,,participant,1,2014/3/25,2014,0,Male,Black,1980,29,1,0,2,0,0,0,2015/9/23,0,2014/1/1,2015/1/1,1,1,0,0,1,1,0,0,1,0,1,0,0
20,2015,C_20_1045347.0,1045347,control,0,2014/3/25,2014,0,Male,Black,1980,29,1,0,2,0,0,0,2015/9/23,1,2015/1/1,2016/1/1,1,1,0,0,1,1,0,0,1,0,0,0,0
20,2015,P_20,,participant,1,2014/3/25,2014,0,Male,Black,1980,29,1,0,2,0,0,0,2015/9/23,1,2015/1/1,2016/1/1,1,1,0,0,1,1,1,1,1,1,1,0,0
23,2010,C_23_1008912.0,1008912,control,0,2012/8/27,2012,0,Male,Black,1983,23,1,0,1,0,0,0.513455318,2014/2/25,-2,2010/1/1,2011/1/1,0,0,0,0,1,1,0,0,1,0,0,0,0
23,2010,P_23,,participant,1,2012/8/27,2012,0,Male,Black,1983,23,0,0,1,0,0,0,2014/2/25,-2,2010/1/1,2011/1/1,0,0,0,0,1,1,0,0,1,0,0,0,0
23,2011,C_23_1008912.0,1008912,control,0,2012/8/27,2012,0,Male,Black,1983,23,1,0,1,0,0,0.513455318,2014/2/25,-1,2011/1/1,2012/1/1,0,0,0,0,1,1,0,0,1,0,0,0,0
23,2011,P_23,,participant,1,2012/8/27,2012,0,Male,Black,1983,23,0,0,1,0,0,0,2014/2/25,-1,2011/1/1,2012/1/1,0,0,0,0,1,1,0,0,1,0,0,0,0
23,2012,C_23_1008912.0,1008912,control,0,2012/8/27,2012,0,Male,Black,1983,23,1,0,1,0,0,0.513455318,2014/2/25,0,2012/1/1,2013/1/1,1,1,0,0,1,1,0,0,1,0,0,0,0
23,2012,P_23,,participant,1,2012/8/27,2012,0,Male,Black,1983,23,0,0,1,0,0,0,2014/2/25,0,2012/1/1,2013/1/1,1,1,0,0,1,1,0,0,1,0,1,0,0
23,2013,C_23_1008912.0,1008912,control,0,2012/8/27,2012,0,Male,Black,1983,23,1,0,1,0,0,0.513455318,2014/2/25,1,2013/1/1,2014/1/1,1,1,0,0,1,1,0,0,1,0,0,0,0
23,2013,P_23,,participant,1,2012/8/27,2012,0,Male,Black,1983,23,0,0,1,0,0,0,2014/2/25,1,2013/1/1,2014/1/1,1,1,0,0,1,1,0,0,1,0,1,0,0
29,2023,C_29_1908709.0,1908709,control,0,2025/7/28,2025,1,Male,Black,1975,33,1,0,1,27091.94556,1,0.455087353,2027/1/26,-2,2023/1/1,2024/1/1,0,0,0,0,1,1,0,0,1,0,0,0,0
29,2023,P_29,,participant,1,2025/7/28,2025,1,Male,Black,1975,33,1,0,1,35597.89119,1,0,2027/1/26,-2,2023/1/1,2024/1/1,0,0,0,0,1,1,0,0,1,0,0,0,0
29,2024,C_29_1908709.0,1908709,control,0,2025/7/28,2025,1,Male,Black,1975,33,1,0,1,27091.94556,1,0.455087353,2027/1/26,-1,2024/1/1,2025/1/1,0,0,0,0,1,1,0,0,1,0,0,0,0
29,2024,P_29,,participant,1,2025/7/28,2025,1,Male,Black,1975,33,1,0,1,35597.89119,1,0,2027/1/26,-1,2024/1/1,2025/1/1,0,0,0,0,1,1,0,0,1,0,0,0,0
29,2025,C_29_1908709.0,1908709,control,0,2025/7/28,2025,1,Male,Black,1975,33,1,0,1,27091.94556,1,0.455087353,2027/1/26,0,2025/1/1,2026/1/1,1,1,0,0,1,1,0,0,1,0,0,0,0
29,2025,P_29,,participant,1,2025/7/28,2025,1,Male,Black,1975,33,1,0,1,35597.89119,1,0,2027/1/26,0,2025/1/1,2026/1/1,1,1,0,0,1,1,0,0,1,0,1,1,0
29,2026,C_29_1908709.0,1908709,control,0,2025/7/28,2025,1,Male,Black,1975,33,1,0,1,27091.94556,1,0.455087353,2027/1/26,1,2026/1/1,2027/1/1,1,1,0,0,1,1,0,0,1,0,0,0,0
29,2026,P_29,,participant,1,2025/7/28,2025,1,Male,Black,1975,33,1,0,1,35597.89119,1,0,2027/1/26,1,2026/1/1,2027/1/1,1,1,0,0,1,1,0,0,1,0,1,1,0
30,2011,C_30_1010563.0,1010563,control,0,2013/4/29,2013,0,Male,Black,1988,20,2,1,2,0,0,0.625409265,2014/10/28,-2,2011/1/1,2012/1/1,0,0,0,0,1,1,0,0,1,0,0,0,0
30,2011,P_30,,participant,1,2013/4/29,2013,0,Male,Black,1988,20,3,1,1,0,0,0,2014/10/28,-2,2011/1/1,2012/1/1,0,0,0,0,1,1,0,0,1,0,0,0,0
30,2012,C_30_1010563.0,1010563,control,0,2013/4/29,2013,0,Male,Black,1988,20,2,1,2,0,0,0.625409265,2014/10/28,-1,2012/1/1,2013/1/1,0,0,0,0,1,1,0,0,1,0,0,0,0
30,2012,P_30,,participant,1,2013/4/29,2013,0,Male,Black,1988,20,3,1,1,0,0,0,2014/10/28,-1,2012/1/1,2013/1/1,0,0,0,0,1,1,0,0,1,0,0,0,0
30,2013,C_30_1010563.0,1010563,control,0,2013/4/29,2013,0,Male,Black,1988,20,2,1,2,0,0,0.625409265,2014/10/28,0,2013/1/1,2014/1/1,1,1,0,0,1,1,0,0,1,0,0,0,0
30,2013,P_30,,participant,1,2013/4/29,2013,0,Male,Black,1988,20,3,1,1,0,0,0,2014/10/28,0,2013/1/1,2014/1/1,1,1,0,0,1,1,0,0,1,0,1,0,0
30,2014,C_30_1010563.0,1010563,control,0,2013/4/29,2013,0,Male,Black,1988,20,2,1,2,0,0,0.625409265,2014/10/28,1,2014/1/1,2015/1/1,1,1,0,0,1,1,0,0,1,0,0,0,0
30,2014,P_30,,participant,1,2013/4/29,2013,0,Male,Black,1988,20,3,1,1,0,0,0,2014/10/28,1,2014/1/1,2015/1/1,1,1,0,0,1,1,0,0,1,0,1,0,0
33,2008,C_33_1106066.0,1106066,control,0,2010/8/16,2010,0,Male,White,1982,,1,0,0,0,0,1,2012/2/14,-2,2008/1/1,2009/1/1,0,0,0,0,0,0,0,0,0,0,0,0,0
33,2008,P_33,,participant,1,2010/8/16,2010,0,Male,White,1982,,0,0,0,0,0,0,2012/2/14,-2,2008/1/1,2009/1/1,0,0,0,0,0,0,0,0,0,0,0,0,0
33,2009,C_33_1106066.0,1106066,control,0,2010/8/16,2010,0,Male,White,1982,,1,0,0,0,0,1,2012/2/14,-1,2009/1/1,2010/1/1,0,0,0,0,0,0,0,0,0,0,0,0,0
33,2009,P_33,,participant,1,2010/8/16,2010,0,Male,White,1982,,0,0,0,0,0,0,2012/2/14,-1,2009/1/1,2010/1/1,0,0,0,0,0,0,0,0,0,0,0,0,0
33,2010,C_33_1106066.0,1106066,control,0,2010/8/16,2010,0,Male,White,1982,,1,0,0,0,0,1,2012/2/14,0,2010/1/1,2011/1/1,1,1,0,0,0,0,0,0,0,0,0,0,0
33,2010,P_33,,participant,1,2010/8/16,2010,0,Male,White,1982,,0,0,0,0,0,0,2012/2/14,0,2010/1/1,2011/1/1,1,1,0,0,0,0,0,0,0,0,1,0,0
33,2011,C_33_1106066.0,1106066,control,0,2010/8/16,2010,0,Male,White,1982,,1,0,0,0,0,1,2012/2/14,1,2011/1/1,2012/1/1,1,1,0,0,0,0,0,0,0,0,0,0,0
33,2011,P_33,,participant,1,2010/8/16,2010,0,Male,White,1982,,0,0,0,0,0,0,2012/2/14,1,2011/1/1,2012/1/1,1,1,0,0,0,0,0,0,0,0,1,0,0
35,2012,C_35_1552735.0,1552735,control,0,2014/3/10,2014,0,Male,Black,1991,20,6,1,6,0,0,1.177149831,2015/9/8,-2,2012/1/1,2013/1/1,0,0,0,0,0,1,0,0,1,0,0,0,0
35,2012,P_35,,participant,1,2014/3/10,2014,0,Male,Black,1991,20,7,1,3,0,0,0,2015/9/8,-2,2012/1/1,2013/1/1,0,0,0,0,1,1,0,0,1,0,0,0,0
35,2013,C_35_1552735.0,1552735,control,0,2014/3/10,2014,0,Male,Black,1991,20,6,1,6,0,0,1.177149831,2015/9/8,-1,2013/1/1,2014/1/1,0,0,0,0,1,1,0,0,1,0,0,0,0
35,2013,P_35,,participant,1,2014/3/10,2014,0,Male,Black,1991,20,7,1,3,0,0,0,2015/9/8,-1,2013/1/1,2014/1/1,0,0,0,0,1,1,0,0,1,0,0,0,0
35,2014,C_35_1552735.0,1552735,control,0,2014/3/10,2014,0,Male,Black,1991,20,6,1,6,0,0,1.177149831,2015/9/8,0,2014/1/1,2015/1/1,1,1,0,0,1,1,0,0,1,0,0,0,0
35,2014,P_35,,participant,1,2014/3/10,2014,0,Male,Black,1991,20,7,1,3,0,0,0,2015/9/8,0,2014/1/1,2015/1/1,1,1,0,0,1,1,1,1,1,1,1,0,0
35,2015,C_35_1552735.0,1552735,control,0,2014/3/10,2014,0,Male,Black,1991,20,6,1,6,0,0,1.177149831,2015/9/8,1,2015/1/1,2016/1/1,1,1,0,0,1,1,0,0,1,0,0,0,0
35,2015,P_35,,participant,1,2014/3/10,2014,0,Male,Black,1991,20,7,1,3,0,0,0,2015/9/8,1,2015/1/1,2016/1/1,1,1,0,0,1,1,0,0,1,0,1,0,0
42,2008,C_42_1278377.0,1278377,control,0,2010/8/2,2010,0,Male,Black,1989,18,7,1,7,0,0,1.71627494,2012/1/31,-2,2008/1/1,2009/1/1,0,0,0,0,1,1,0,0,1,0,0,0,0
42,2008,P_42,,participant,1,2010/8/2,2010,0,Male,Black,1989,18,10,1,4,0,0,0,2012/1/31,-2,2008/1/1,2009/1/1,0,0,0,0,1,1,0,0,1,0,0,0,0
42,2009,C_42_1278377.0,1278377,control,0,2010/8/2,2010,0,Male,Black,1989,18,7,1,7,0,0,1.71627494,2012/1/31,-1,2009/1/1,2010/1/1,0,0,0,0,1,1,0,0,1,0,0,0,0
42,2009,P_42,,participant,1,2010/8/2,2010,0,Male,Black,1989,18,10,1,4,0,0,0,2012/1/31,-1,2009/1/1,2010/1/1,0,0,0,0,1,1,0,0,1,0,0,0,0
42,2010,C_42_1278377.0,1278377,control,0,2010/8/2,2010,0,Male,Black,1989,18,7,1,7,0,0,1.71627494,2012/1/31,0,2010/1/1,2011/1/1,1,1,0,0,1,1,0,0,1,0,0,0,0
42,2010,P_42,,participant,1,2010/8/2,2010,0,Male,Black,1989,18,10,1,4,0,0,0,2012/1/31,0,2010/1/1,2011/1/1,1,1,0,0,1,1,1,1,1,1,1,0,0
42,2011,C_42_1278377.0,1278377,control,0,2010/8/2,2010,0,Male,Black,1989,18,7,1,7,0,0,1.71627494,2012/1/31,1,2011/1/1,2012/1/1,1,1,0,0,1,1,0,0,1,0,0,0,0
42,2011,P_42,,participant,1,2010/8/2,2010,0,Male,Black,1989,18,10,1,4,0,0,0,2012/1/31,1,2011/1/1,2012/1/1,1,1,0,0,1,1,0,0,1,0,1,0,0
45,2010,C_45_1368200.0,1368200,control,0,2012/6/27,2012,0,Male,Black,1983,26,3,1,3,0,0,4.221606147,2013/12/26,-2,2010/1/1,2011/1/1,0,0,0,0,0,1,0,0,1,0,0,0,0
45,2010,P_45,,participant,1,2012/6/27,2012,0,Male,Black,1983,26,6,1,1,0,0,0,2013/12/26,-2,2010/1/1,2011/1/1,0,0,0,0,0,1,0,0,1,0,0,0,0
45,2011,C_45_1368200.0,1368200,control,0,2012/6/27,2012,0,Male,Black,1983,26,3,1,3,0,0,4.221606147,2013/12/26,-1,2011/1/1,2012/1/1,0,0,0,0,1,1,0,0,1,0,0,0,0
45,2011,P_45,,participant,1,2012/6/27,2012,0,Male,Black,1983,26,6,1,1,0,0,0,2013/12/26,-1,2011/1/1,2012/1/1,0,0,0,0,1,1,0,0,1,0,0,0,0
45,2012,C_45_1368200.0,1368200,control,0,2012/6/27,2012,0,Male,Black,1983,26,3,1,3,0,0,4.221606147,2013/12/26,0,2012/1/1,2013/1/1,1,1,0,0,1,1,0,0,1,0,0,0,0
45,2012,P_45,,participant,1,2012/6/27,2012,0,Male,Black,1983,26,6,1,1,0,0,0,2013/12/26,0,2012/1/1,2013/1/1,1,1,0,0,1,1,0,0,1,0,1,0,0
45,2013,C_45_1368200.0,1368200,control,0,2012/6/27,2012,0,Male,Black,1983,26,3,1,3,0,0,4.221606147,2013/12/26,1,2013/1/1,2014/1/1,1,1,0,0,1,1,1,1,1,1,0,0,0
45,2013,P_45,,participant,1,2012/6/27,2012,0,Male,Black,1983,26,6,1,1,0,0,0,2013/12/26,1,2013/1/1,2014/1/1,1,1,0,0,1,1,0,0,1,0,1,0,0
47,2012,C_47_1024473.0,1024473,control,0,2014/3/3,2014,0,Male,Black,1990,18,4,1,4,0,0,0.872536367,2015/9/1,-2,2012/1/1,2013/1/1,0,0,0,0,1,1,0,0,1,0,0,0,0
47,2012,P_47,,participant,1,2014/3/3,2014,0,Male,Black,1990,18,6,1,2,0,0,0,2015/9/1,-2,2012/1/1,2013/1/1,0,0,0,0,1,1,0,0,1,0,0,0,0
47,2013,C_47_1024473.0,1024473,control,0,2014/3/3,2014,0,Male,Black,1990,18,4,1,4,0,0,0.872536367,2015/9/1,-1,2013/1/1,2014/1/1,0,0,0,0,1,1,0,0,1,0,0,0,0
47,2013,P_47,,participant,1,2014/3/3,2014,0,Male,Black,1990,18,6,1,2,0,0,0,2015/9/1,-1,2013/1/1,2014/1/1,0,0,0,0,1,1,0,0,1,0,0,0,0
47,2014,C_47_1024473.0,1024473,control,0,2014/3/3,2014,0,Male,Black,1990,18,4,1,4,0,0,0.872536367,2015/9/1,0,2014/1/1,2015/1/1,1,1,0,0,1,1,2,1,1,1,0,0,0
47,2014,P_47,,participant,1,2014/3/3,2014,0,Male,Black,1990,18,6,1,2,0,0,0,2015/9/1,0,2014/1/1,2015/1/1,1,1,0,0,1,1,0,0,1,0,1,0,0
47,2015,C_47_1024473.0,1024473,control,0,2014/3/3,2014,0,Male,Black,1990,18,4,1,4,0,0,0.872536367,2015/9/1,1,2015/1/1,2016/1/1,1,1,0,0,1,1,0,0,1,0,0,0,0
47,2015,P_47,,participant,1,2014/3/3,2014,0,Male,Black,1990,18,6,1,2,0,0,0,2015/9/1,1,2015/1/1,2016/1/1,1,1,0,0,1,1,0,0,1,0,1,0,0
55,2011,C_55_1232653.0,1232653,control,0,2013/11/19,2013,0,Male,Black,1978,27,5,0,5,0,0,0.59521067,2015/5/20,-2,2011/1/1,2012/1/1,0,0,0,0,1,1,0,0,1,0,0,0,0
55,2011,P_55,,participant,1,2013/11/19,2013,0,Male,Black,1978,27,5,0,4,0,0,0,2015/5/20,-2,2011/1/1,2012/1/1,0,0,0,0,1,1,0,0,1,0,0,0,0
55,2012,C_55_1232653.0,1232653,control,0,2013/11/19,2013,0,Male,Black,1978,27,5,0,5,0,0,0.59521067,2015/5/20,-1,2012/1/1,2013/1/1,0,0,0,0,1,1,0,0,1,0,0,0,0
55,2012,P_55,,participant,1,2013/11/19,2013,0,Male,Black,1978,27,5,0,4,0,0,0,2015/5/20,-1,2012/1/1,2013/1/1,0,0,0,0,1,1,0,0,1,0,0,0,0
55,2013,C_55_1232653.0,1232653,control,0,2013/11/19,2013,0,Male,Black,1978,27,5,0,5,0,0,0.59521067,2015/5/20,0,2013/1/1,2014/1/1,1,1,0,0,1,1,0,0,1,0,0,0,0
55,2013,P_55,,participant,1,2013/11/19,2013,0,Male,Black,1978,27,5,0,4,0,0,0,2015/5/20,0,2013/1/1,2014/1/1,1,1,0,0,1,1,0,0,1,0,1,0,0
55,2014,C_55_1232653.0,1232653,control,0,2013/11/19,2013,0,Male,Black,1978,27,5,0,5,0,0,0.59521067,2015/5/20,1,2014/1/1,2015/1/1,1,1,0,0,1,1,0,0,1,0,0,0,0
55,2014,P_55,,participant,1,2013/11/19,2013,0,Male,Black,1978,27,5,0,4,0,0,0,2015/5/20,1,2014/1/1,2015/1/1,1,1,0,0,1,1,0,0,1,0,1,0,0
56,2010,C_56_1044264.0,1044264,control,0,2012/2/13,2012,0,Male,Black,1986,21,7,1,7,0,0,0.780446832,2013/8/13,-2,2010/1/1,2011/1/1,0,0,0,0,1,1,0,0,1,0,0,0,0
56,2010,P_56,,participant,1,2012/2/13,2012,0,Male,Black,1986,21,8,1,5,0,0,0,2013/8/13,-2,2010/1/1,2011/1/1,0,0,0,0,1,1,0,0,1,0,0,0,0
56,2011,C_56_1044264.0,1044264,control,0,2012/2/13,2012,0,Male,Black,1986,21,7,1,7,0,0,0.780446832,2013/8/13,-1,2011/1/1,2012/1/1,0,0,0,0,1,1,0,0,1,0,0,0,0
56,2011,P_56,,participant,1,2012/2/13,2012,0,Male,Black,1986,21,8,1,5,0,0,0,2013/8/13,-1,2011/1/1,2012/1/1,0,0,0,0,1,1,0,0,1,0,0,0,0
56,2012,C_56_1044264.0,1044264,control,0,2012/2/13,2012,0,Male,Black,1986,21,7,1,7,0,0,0.780446832,2013/8/13,0,2012/1/1,2013/1/1,1,1,0,0,1,1,0,0,1,0,0,0,0
56,2012,P_56,,participant,1,2012/2/13,2012,0,Male,Black,1986,21,8,1,5,0,0,0,2013/8/13,0,2012/1/1,2013/1/1,1,1,0,0,1,1,0,0,1,0,1,0,0
56,2013,C_56_1044264.0,1044264,control,0,2012/2/13,2012,0,Male,Black,1986,21,7,1,7,0,0,0.780446832,2013/8/13,1,2013/1/1,2014/1/1,1,1,0,0,1,1,1,1,1,1,0,0,0
56,2013,P_56,,participant,1,2012/2/13,2012,0,Male,Black,1986,21,8,1,5,0,0,0,2013/8/13,1,2013/1/1,2014/1/1,1,1,0,0,1,1,1,1,1,1,1,0,0
58,2012,C_58_334332.0,334332,control,0,2014/5/29,2014,0,Male,Black,1993,28,0,0,0,0,0,1,2015/11/27,-2,2012/1/1,2013/1/1,0,0,0,0,0,0,0,0,0,0,0,0,0
58,2012,P_58,,participant,1,2014/5/29,2014,0,Male,Black,1993,28,0,0,1,0,0,0,2015/11/27,-2,2012/1/1,2013/1/1,0,0,0,0,1,1,0,0,1,0,0,0,0
58,2013,C_58_334332.0,334332,control,0,2014/5/29,2014,0,Male,Black,1993,28,0,0,0,0,0,1,2015/11/27,-1,2013/1/1,2014/1/1,0,0,0,0,0,0,0,0,0,0,0,0,0
58,2013,P_58,,participant,1,2014/5/29,2014,0,Male,Black,1993,28,0,0,1,0,0,0,2015/11/27,-1,2013/1/1,2014/1/1,0,0,0,0,1,1,0,0,1,0,0,0,0
58,2014,C_58_334332.0,334332,control,0,2014/5/29,2014,0,Male,Black,1993,28,0,0,0,0,0,1,2015/11/27,0,2014/1/1,2015/1/1,1,1,0,0,0,0,0,0,0,0,0,0,0
58,2014,P_58,,participant,1,2014/5/29,2014,0,Male,Black,1993,28,0,0,1,0,0,0,2015/11/27,0,2014/1/1,2015/1/1,1,1,0,0,1,1,0,0,1,0,1,0,0
58,2015,C_58_334332.0,334332,control,0,2014/5/29,2014,0,Male,Black,1993,28,0,0,0,0,0,1,2015/11/27,1,2015/1/1,2016/1/1,1,1,0,0,0,0,0,0,0,0,0,0,0
58,2015,P_58,,participant,1,2014/5/29,2014,0,Male,Black,1993,28,0,0,1,0,0,0,2015/11/27,1,2015/1/1,2016/1/1,1,1,0,0,1,1,0,0,1,0,1,0,0
64,2010,C_64_1178785.0,1178785,control,0,2012/8/27,2012,0,Male,Black,1977,29,1,0,1,0,0,0,2014/2/25,-2,2010/1/1,2011/1/1,0,0,0,0,1,1,0,0,1,0,0,0,0
64,2010,P_64,,participant,1,2012/8/27,2012,0,Male,Black,1977,29,1,0,1,0,0,0,2014/2/25,-2,2010/1/1,2011/1/1,0,0,0,0,1,1,0,0,1,0,0,0,0
64,2011,C_64_1178785.0,1178785,control,0,2012/8/27,2012,0,Male,Black,1977,29,1,0,1,0,0,0,2014/2/25,-1,2011/1/1,2012/1/1,0,0,0,0,1,1,0,0,1,0,0,0,0
64,2011,P_64,,participant,1,2012/8/27,2012,0,Male,Black,1977,29,1,0,1,0,0,0,2014/2/25,-1,2011/1/1,2012/1/1,0,0,0,0,1,1,0,0,1,0,0,0,0
64,2012,C_64_1178785.0,1178785,control,0,2012/8/27,2012,0,Male,Black,1977,29,1,0,1,0,0,0,2014/2/25,0,2012/1/1,2013/1/1,1,1,0,0,1,1,0,0,1,0,0,0,0
64,2012,P_64,,participant,1,2012/8/27,2012,0,Male,Black,1977,29,1,0,1,0,0,0,2014/2/25,0,2012/1/1,2013/1/1,1,1,0,0,1,1,0,0,1,0,1,0,0
64,2013,C_64_1178785.0,1178785,control,0,2012/8/27,2012,0,Male,Black,1977,29,1,0,1,0,0,0,2014/2/25,1,2013/1/1,2014/1/1,1,1,0,0,1,1,0,0,1,0,0,0,0
64,2013,P_64,,participant,1,2012/8/27,2012,0,Male,Black,1977,29,1,0,1,0,0,0,2014/2/25,1,2013/1/1,2014/1/1,1,1,0,0,1,1,0,0,1,0,1,0,0
68,2011,C_68_1037091.0,1037091,control,0,2013/8/12,2013,0,Male,Black,1985,18,1,0,1,0,0,0,2015/2/10,-2,2011/1/1,2012/1/1,0,0,0,0,1,1,0,0,1,0,0,0,0
68,2011,P_68,,participant,1,2013/8/12,2013,0,Male,Black,1985,18,1,0,1,0,0,0,2015/2/10,-2,2011/1/1,2012/1/1,0,0,0,0,1,1,0,0,1,0,0,0,0
68,2012,C_68_1037091.0,1037091,control,0,2013/8/12,2013,0,Male,Black,1985,18,1,0,1,0,0,0,2015/2/10,-1,2012/1/1,2013/1/1,0,0,0,0,1,1,0,0,1,0,0,0,0
68,2012,P_68,,participant,1,2013/8/12,2013,0,Male,Black,1985,18,1,0,1,0,0,0,2015/2/10,-1,2012/1/1,2013/1/1,0,0,0,0,1,1,0,0,1,0,0,0,0
68,2013,C_68_1037091.0,1037091,control,0,2013/8/12,2013,0,Male,Black,1985,18,1,0,1,0,0,0,2015/2/10,0,2013/1/1,2014/1/1,1,1,0,0,1,1,0,0,1,0,0,0,0
68,2013,P_68,,participant,1,2013/8/12,2013,0,Male,Black,1985,18,1,0,1,0,0,0,2015/2/10,0,2013/1/1,2014/1/1,1,1,0,0,1,1,1,1,1,1,1,0,0
68,2014,C_68_1037091.0,1037091,control,0,2013/8/12,2013,0,Male,Black,1985,18,1,0,1,0,0,0,2015/2/10,1,2014/1/1,2015/1/1,1,1,0,0,1,1,0,0,1,0,0,0,0
68,2014,P_68,,participant,1,2013/8/12,2013,0,Male,Black,1985,18,1,0,1,0,0,0,2015/2/10,1,2014/1/1,2015/1/1,1,1,0,0,1,1,0,0,1,0,1,0,0
70,2010,C_70_1366220.0,1366220,control,0,2012/4/16,2012,0,Male,Black,1986,19,1,1,1,0,0,0,2013/10/15,-2,2010/1/1,2011/1/1,0,0,0,0,1,1,0,0,1,0,0,0,0
70,2010,P_70,,participant,1,2012/4/16,2012,0,Male,Black,1986,19,1,1,1,0,0,0,2013/10/15,-2,2010/1/1,2011/1/1,0,0,0,0,1,1,0,0,1,0,0,0,0
70,2011,C_70_1366220.0,1366220,control,0,2012/4/16,2012,0,Male,Black,1986,19,1,1,1,0,0,0,2013/10/15,-1,2011/1/1,2012/1/1,0,0,0,0,1,1,0,0,1,0,0,0,0
70,2011,P_70,,participant,1,2012/4/16,2012,0,Male,Black,1986,19,1,1,1,0,0,0,2013/10/15,-1,2011/1/1,2012/1/1,0,0,0,0,1,1,0,0,1,0,0,0,0
70,2012,C_70_1366220.0,1366220,control,0,2012/4/16,2012,0,Male,Black,1986,19,1,1,1,0,0,0,2013/10/15,0,2012/1/1,2013/1/1,1,1,0,0,1,1,0,0,1,0,0,0,0
70,2012,P_70,,participant,1,2012/4/16,2012,0,Male,Black,1986,19,1,1,1,0,0,0,2013/10/15,0,2012/1/1,2013/1/1,1,1,0,0,1,1,0,0,1,0,1,0,0
70,2013,C_70_1366220.0,1366220,control,0,2012/4/16,2012,0,Male,Black,1986,19,1,1,1,0,0,0,2013/10/15,1,2013/1/1,2014/1/1,1,1,0,0,1,1,3,1,1,1,0,0,0
70,2013,P_70,,participant,1,2012/4/16,2012,0,Male,Black,1986,19,1,1,1,0,0,0,2013/10/15,1,2013/1/1,2014/1/1,1,1,0,0,1,1,0,0,1,0,1,0,0
71,2012,C_71_1598117.0,1598117,control,0,2014/1/6,2014,0,Male,Black,1982,,2,0,0,0,0,2,2015/7/7,-2,2012/1/1,2013/1/1,0,0,0,0,0,0,0,0,0,0,0,0,0
71,2012,P_71,,participant,1,2014/1/6,2014,0,Male,Black,1982,,0,0,0,0,0,0,2015/7/7,-2,2012/1/1,2013/1/1,0,0,0,0,0,0,0,0,0,0,0,0,0
71,2013,C_71_1598117.0,1598117,control,0,2014/1/6,2014,0,Male,Black,1982,,2,0,0,0,0,2,2015/7/7,-1,2013/1/1,2014/1/1,0,0,0,0,0,0,0,0,0,0,0,0,0
71,2013,P_71,,participant,1,2014/1/6,2014,0,Male,Black,1982,,0,0,0,0,0,0,2015/7/7,-1,2013/1/1,2014/1/1,0,0,0,0,0,0,0,0,0,0,0,0,0
71,2014,C_71_1598117.0,1598117,control,0,2014/1/6,2014,0,Male,Black,1982,,2,0,0,0,0,2,2015/7/7,0,2014/1/1,2015/1/1,1,1,0,0,0,0,0,0,0,0,0,0,0
71,2014,P_71,,participant,1,2014/1/6,2014,0,Male,Black,1982,,0,0,0,0,0,0,2015/7/7,0,2014/1/1,2015/1/1,1,1,0,0,0,0,0,0,0,0,1,0,0
71,2015,C_71_1598117.0,1598117,control,0,2014/1/6,2014,0,Male,Black,1982,,2,0,0,0,0,2,2015/7/7,1,2015/1/1,2016/1/1,1,1,0,0,0,0,0,0,0,0,0,0,0
71,2015,P_71,,participant,1,2014/1/6,2014,0,Male,Black,1982,,0,0,0,0,0,0,2015/7/7,1,2015/1/1,2016/1/1,1,1,0,0,0,0,0,0,0,0,1,0,0
73,2011,C_73_349436.0,349436,control,0,2013/10/21,2013,0,Male,White,1990,31,0,0,0,0,0,1,2015/4/21,-2,2011/1/1,2012/1/1,0,0,0,0,0,0,0,0,0,0,0,0,0
73,2011,P_73,,participant,1,2013/10/21,2013,0,Male,White,1990,31,0,0,1,0,0,0,2015/4/21,-2,2011/1/1,2012/1/1,0,0,0,0,1,1,0,0,1,0,0,0,0
73,2012,C_73_349436.0,349436,control,0,2013/10/21,2013,0,Male,White,1990,31,0,0,0,0,0,1,2015/4/21,-1,2012/1/1,2013/1/1,0,0,0,0,0,0,0,0,0,0,0,0,0
73,2012,P_73,,participant,1,2013/10/21,2013,0,Male,White,1990,31,0,0,1,0,0,0,2015/4/21,-1,2012/1/1,2013/1/1,0,0,0,0,1,1,0,0,1,0,0,0,0
73,2013,C_73_349436.0,349436,control,0,2013/10/21,2013,0,Male,White,1990,31,0,0,0,0,0,1,2015/4/21,0,2013/1/1,2014/1/1,1,1,0,0,0,0,0,0,0,0,0,0,0
73,2013,P_73,,participant,1,2013/10/21,2013,0,Male,White,1990,31,0,0,1,0,0,0,2015/4/21,0,2013/1/1,2014/1/1,1,1,0,0,1,1,0,0,1,0,1,0,0
73,2014,C_73_349436.0,349436,control,0,2013/10/21,2013,0,Male,White,1990,31,0,0,0,0,0,1,2015/4/21,1,2014/1/1,2015/1/1,1,1,0,0,0,0,0,0,0,0,0,0,0
73,2014,P_73,,participant,1,2013/10/21,2013,0,Male,White,1990,31,0,0,1,0,0,0,2015/4/21,1,2014/1/1,2015/1/1,1,1,0,0,1,1,0,0,1,0,1,0,0
74,2011,C_74_1050578.0,1050578,control,0,2013/5/9,2013,0,Male,Black,1986,19,5,0,5,0,0,0.553904509,2014/11/7,-2,2011/1/1,2012/1/1,0,0,0,0,1,1,0,0,1,0,0,0,0
74,2011,P_74,,participant,1,2013/5/9,2013,0,Male,Black,1986,19,6,0,3,0,0,0,2014/11/7,-2,2011/1/1,2012/1/1,0,0,0,0,1,1,0,0,1,0,0,0,0
74,2012,C_74_1050578.0,1050578,control,0,2013/5/9,2013,0,Male,Black,1986,19,5,0,5,0,0,0.553904509,2014/11/7,-1,2012/1/1,2013/1/1,0,0,0,0,1,1,0,0,1,0,0,0,0
74,2012,P_74,,participant,1,2013/5/9,2013,0,Male,Black,1986,19,6,0,3,0,0,0,2014/11/7,-1,2012/1/1,2013/1/1,0,0,0,0,1,1,0,0,1,0,0,0,0
74,2013,C_74_1050578.0,1050578,control,0,2013/5/9,2013,0,Male,Black,1986,19,5,0,5,0,0,0.553904509,2014/11/7,0,2013/1/1,2014/1/1,1,1,0,0,1,1,1,1,1,1,0,0,0
74,2013,P_74,,participant,1,2013/5/9,2013,0,Male,Black,1986,19,6,0,3,0,0,0,2014/11/7,0,2013/1/1,2014/1/1,1,1,0,0,1,1,2,1,1,1,1,0,0
74,2014,C_74_1050578.0,1050578,control,0,2013/5/9,2013,0,Male,Black,1986,19,5,0,5,0,0,0.553904509,2014/11/7,1,2014/1/1,2015/1/1,1,1,0,0,1,1,0,0,1,0,0,0,0
74,2014,P_74,,participant,1,2013/5/9,2013,0,Male,Black,1986,19,6,0,3,0,0,0,2014/11/7,1,2014/1/1,2015/1/1,1,1,0,0,1,1,0,0,1,0,1,0,0
78,2010,C_78_1024760.0,1024760,control,0,2012/2/13,2012,0,Male,Black,1991,18,3,1,3,0,0,0,2013/8/13,-2,2010/1/1,2011/1/1,0,0,0,0,0,1,0,0,1,0,0,0,0
78,2010,P_78,,participant,1,2012/2/13,2012,0,Male,Black,1991,18,3,1,3,0,0,0,2013/8/13,-2,2010/1/1,2011/1/1,0,0,0,0,0,1,0,0,1,0,0,0,0
78,2011,C_78_1024760.0,1024760,control,0,2012/2/13,2012,0,Male,Black,1991,18,3,1,3,0,0,0,2013/8/13,-1,2011/1/1,2012/1/1,0,0,0,0,1,1,0,0,1,0,0,0,0
78,2011,P_78,,participant,1,2012/2/13,2012,0,Male,Black,1991,18,3,1,3,0,0,0,2013/8/13,-1,2011/1/1,2012/1/1,0,0,0,0,1,1,0,0,1,0,0,0,0
78,2012,C_78_1024760.0,1024760,control,0,2012/2/13,2012,0,Male,Black,1991,18,3,1,3,0,0,0,2013/8/13,0,2012/1/1,2013/1/1,1,1,0,0,1,1,0,0,1,0,0,0,0
78,2012,P_78,,participant,1,2012/2/13,2012,0,Male,Black,1991,18,3,1,3,0,0,0,2013/8/13,0,2012/1/1,2013/1/1,1,1,0,0,1,1,0,0,1,0,1,0,0
78,2013,C_78_1024760.0,1024760,control,0,2012/2/13,2012,0,Male,Black,1991,18,3,1,3,0,0,0,2013/8/13,1,2013/1/1,2014/1/1,1,1,0,0,1,1,0,0,1,0,0,0,0
78,2013,P_78,,participant,1,2012/2/13,2012,0,Male,Black,1991,18,3,1,3,0,0,0,2013/8/13,1,2013/1/1,2014/1/1,1,1,0,0,1,1,0,0,1,0,1,0,0
80,2012,C_80_1214998.0,1214998,control,0,2014/5/8,2014,0,Male,Black,1987,18,4,1,4,0,0,0.21661967,2015/11/6,-2,2012/1/1,2013/1/1,0,0,0,0,1,1,0,0,1,0,0,0,0
80,2012,P_80,,participant,1,2014/5/8,2014,0,Male,Black,1987,18,4,1,3,0,0,0,2015/11/6,-2,2012/1/1,2013/1/1,0,0,0,0,1,1,0,0,1,0,0,0,0
80,2013,C_80_1214998.0,1214998,control,0,2014/5/8,2014,0,Male,Black,1987,18,4,1,4,0,0,0.21661967,2015/11/6,-1,2013/1/1,2014/1/1,0,0,0,0,1,1,0,0,1,0,0,0,0
80,2013,P_80,,participant,1,2014/5/8,2014,0,Male,Black,1987,18,4,1,3,0,0,0,2015/11/6,-1,2013/1/1,2014/1/1,0,0,0,0,1,1,0,0,1,0,0,0,0
80,2014,C_80_1214998.0,1214998,control,0,2014/5/8,2014,0,Male,Black,1987,18,4,1,4,0,0,0.21661967,2015/11/6,0,2014/1/1,2015/1/1,1,1,0,0,1,1,0,0,1,0,0,0,0
80,2014,P_80,,participant,1,2014/5/8,2014,0,Male,Black,1987,18,4,1,3,0,0,0,2015/11/6,0,2014/1/1,2015/1/1,1,1,0,0,1,1,2,1,1,1,1,0,0
80,2015,C_80_1214998.0,1214998,control,0,2014/5/8,2014,0,Male,Black,1987,18,4,1,4,0,0,0.21661967,2015/11/6,1,2015/1/1,2016/1/1,1,1,0,0,1,1,1,1,1,1,0,0,0
80,2015,P_80,,participant,1,2014/5/8,2014,0,Male,Black,1987,18,4,1,3,0,0,0,2015/11/6,1,2015/1/1,2016/1/1,1,1,0,0,1,1,0,0,1,0,1,0,0
88,2012,C_88_1085715.0,1085715,control,0,2014/6/19,2014,0,Male,Black,1981,20,3,0,3,0,0,0,2015/12/18,-2,2012/1/1,2013/1/1,0,0,0,0,1,1,0,0,1,0,0,0,0
88,2012,P_88,,participant,1,2014/6/19,2014,0,Male,Black,1981,20,3,0,3,0,0,0,2015/12/18,-2,2012/1/1,2013/1/1,0,0,0,0,1,1,0,0,1,0,0,0,0
88,2013,C_88_1085715.0,1085715,control,0,2014/6/19,2014,0,Male,Black,1981,20,3,0,3,0,0,0,2015/12/18,-1,2013/1/1,2014/1/1,0,0,0,0,1,1,0,0,1,0,0,0,0
88,2013,P_88,,participant,1,2014/6/19,2014,0,Male,Black,1981,20,3,0,3,0,0,0,2015/12/18,-1,2013/1/1,2014/1/1,0,0,0,0,1,1,0,0,1,0,0,0,0
88,2014,C_88_1085715.0,1085715,control,0,2014/6/19,2014,0,Male,Black,1981,20,3,0,3,0,0,0,2015/12/18,0,2014/1/1,2015/1/1,1,1,0,0,1,1,0,0,1,0,0,0,0
88,2014,P_88,,participant,1,2014/6/19,2014,0,Male,Black,1981,20,3,0,3,0,0,0,2015/12/18,0,2014/1/1,2015/1/1,1,1,0,0,1,1,0,0,1,0,1,0,0
88,2015,C_88_1085715.0,1085715,control,0,2014/6/19,2014,0,Male,Black,1981,20,3,0,3,0,0,0,2015/12/18,1,2015/1/1,2016/1/1,1,1,0,0,1,1,0,0,1,0,0,0,0
88,2015,P_88,,participant,1,2014/6/19,2014,0,Male,Black,1981,20,3,0,3,0,0,0,2015/12/18,1,2015/1/1,2016/1/1,1,1,0,0,1,1,0,0,1,0,1,0,0
96,2009,C_96_1362441.0,1362441,control,0,2011/1/31,2011,0,Male,Black,1967,32,3,1,3,0,0,0.306513865,2012/7/31,-2,2009/1/1,2010/1/1,0,0,0,0,1,1,0,0,1,0,0,0,0
96,2009,P_96,,participant,1,2011/1/31,2011,0,Male,Black,1967,32,3,1,2,0,0,0,2012/7/31,-2,2009/1/1,2010/1/1,0,0,0,0,1,1,0,0,1,0,0,0,0
96,2010,C_96_1362441.0,1362441,control,0,2011/1/31,2011,0,Male,Black,1967,32,3,1,3,0,0,0.306513865,2012/7/31,-1,2010/1/1,2011/1/1,0,0,0,0,1,1,0,0,1,0,0,0,0
96,2010,P_96,,participant,1,2011/1/31,2011,0,Male,Black,1967,32,3,1,2,0,0,0,2012/7/31,-1,2010/1/1,2011/1/1,0,0,0,0,1,1,0,0,1,0,0,0,0
96,2011,C_96_1362441.0,1362441,control,0,2011/1/31,2011,0,Male,Black,1967,32,3,1,3,0,0,0.306513865,2012/7/31,0,2011/1/1,2012/1/1,1,1,0,0,1,1,0,0,1,0,0,0,0
96,2011,P_96,,participant,1,2011/1/31,2011,0,Male,Black,1967,32,3,1,2,0,0,0,2012/7/31,0,2011/1/1,2012/1/1,1,1,0,0,1,1,0,0,1,0,1,0,0
96,2012,C_96_1362441.0,1362441,control,0,2011/1/31,2011,0,Male,Black,1967,32,3,1,3,0,0,0.306513865,2012/7/31,1,2012/1/1,2013/1/1,1,1,0,0,1,1,0,0,1,0,0,0,0
96,2012,P_96,,participant,1,2011/1/31,2011,0,Male,Black,1967,32,3,1,2,0,0,0,2012/7/31,1,2012/1/1,2013/1/1,1,1,0,0,1,1,0,0,1,0,1,0,0
97,2009,C_97_1182404.0,1182404,control,0,2011/1/28,2011,0,Male,Black,1984,21,2,1,2,0,0,0.401542626,2012/7/28,-2,2009/1/1,2010/1/1,0,0,0,0,1,1,0,0,1,0,0,0,0
97,2009,P_97,,participant,1,2011/1/28,2011,0,Male,Black,1984,21,2,1,1,0,0,0,2012/7/28,-2,2009/1/1,2010/1/1,0,0,0,0,1,1,0,0,1,0,0,0,0
97,2010,C_97_1182404.0,1182404,control,0,2011/1/28,2011,0,Male,Black,1984,21,2,1,2,0,0,0.401542626,2012/7/28,-1,2010/1/1,2011/1/1,0,0,0,0,1,1,0,0,1,0,0,0,0
97,2010,P_97,,participant,1,2011/1/28,2011,0,Male,Black,1984,21,2,1,1,0,0,0,2012/7/28,-1,2010/1/1,2011/1/1,0,0,0,0,1,1,0,0,1,0,0,0,0
97,2011,C_97_1182404.0,1182404,control,0,2011/1/28,2011,0,Male,Black,1984,21,2,1,2,0,0,0.401542626,2012/7/28,0,2011/1/1,2012/1/1,1,1,0,0,1,1,0,0,1,0,0,0,0
97,2011,P_97,,participant,1,2011/1/28,2011,0,Male,Black,1984,21,2,1,1,0,0,0,2012/7/28,0,2011/1/1,2012/1/1,1,1,0,0,1,1,0,0,1,0,1,0,0
97,2012,C_97_1182404.0,1182404,control,0,2011/1/28,2011,0,Male,Black,1984,21,2,1,2,0,0,0.401542626,2012/7/28,1,2012/1/1,2013/1/1,1,1,0,0,1,1,0,0,1,0,0,0,0
97,2012,P_97,,participant,1,2011/1/28,2011,0,Male,Black,1984,21,2,1,1,0,0,0,2012/7/28,1,2012/1/1,2013/1/1,1,1,0,0,1,1,0,0,1,0,1,0,0
103,2011,C_103_1450045.0,1450045,control,0,2013/10/14,2013,0,Male,Black,1983,24,2,0,2,0,0,0.61740434,2015/4/14,-2,2011/1/1,2012/1/1,0,0,0,0,1,1,0,0,1,0,0,0,0
103,2011,P_103,,participant,1,2013/10/14,2013,0,Male,Black,1983,24,4,0,2,0,0,0,2015/4/14,-2,2011/1/1,2012/1/1,0,0,0,0,1,1,0,0,1,0,0,0,0
103,2012,C_103_1450045.0,1450045,control,0,2013/10/14,2013,0,Male,Black,1983,24,2,0,2,0,0,0.61740434,2015/4/14,-1,2012/1/1,2013/1/1,0,0,0,0,1,1,0,0,1,0,0,0,0
103,2012,P_103,,participant,1,2013/10/14,2013,0,Male,Black,1983,24,4,0,2,0,0,0,2015/4/14,-1,2012/1/1,2013/1/1,0,0,0,0,1,1,0,0,1,0,0,0,0
103,2013,C_103_1450045.0,1450045,control,0,2013/10/14,2013,0,Male,Black,1983,24,2,0,2,0,0,0.61740434,2015/4/14,0,2013/1/1,2014/1/1,1,1,0,0,1,1,0,0,1,0,0,0,0
103,2013,P_103,,participant,1,2013/10/14,2013,0,Male,Black,1983,24,4,0,2,0,0,0,2015/4/14,0,2013/1/1,2014/1/1,1,1,0,0,1,1,0,0,1,0,1,0,0
103,2014,C_103_1450045.0,1450045,control,0,2013/10/14,2013,0,Male,Black,1983,24,2,0,2,0,0,0.61740434,2015/4/14,1,2014/1/1,2015/1/1,1,1,0,0,1,1,0,0,1,0,0,0,0
103,2014,P_103,,participant,1,2013/10/14,2013,0,Male,Black,1983,24,4,0,2,0,0,0,2015/4/14,1,2014/1/1,2015/1/1,1,1,0,0,1,1,0,0,1,0,1,0,0
107,2007,C_107_1006812.0,1006812,control,0,2009/1/12,2009,0,Male,White,1990,18,1,0,1,0,0,0.643793888,2010/7/13,-2,2007/1/1,2008/1/1,0,0,0,0,0,0,0,0,1,0,0,0,0
107,2007,P_107,,participant,1,2009/1/12,2009,0,Male,White,1990,18,1,0,2,0,0,0,2010/7/13,-2,2007/1/1,2008/1/1,0,0,0,0,0,0,0,0,1,0,0,0,0
107,2008,C_107_1006812.0,1006812,control,0,2009/1/12,2009,0,Male,White,1990,18,1,0,1,0,0,0.643793888,2010/7/13,-1,2008/1/1,2009/1/1,0,0,0,0,0,1,0,0,1,0,0,0,0
107,2008,P_107,,participant,1,2009/1/12,2009,0,Male,White,1990,18,1,0,2,0,0,0,2010/7/13,-1,2008/1/1,2009/1/1,0,0,0,0,0,1,0,0,1,0,0,0,0
107,2009,C_107_1006812.0,1006812,control,0,2009/1/12,2009,0,Male,White,1990,18,1,0,1,0,0,0.643793888,2010/7/13,0,2009/1/1,2010/1/1,1,1,0,0,1,1,2,1,1,1,0,0,0
107,2009,P_107,,participant,1,2009/1/12,2009,0,Male,White,1990,18,1,0,2,0,0,0,2010/7/13,0,2009/1/1,2010/1/1,1,1,0,0,1,1,0,0,1,0,1,0,0
107,2010,C_107_1006812.0,1006812,control,0,2009/1/12,2009,0,Male,White,1990,18,1,0,1,0,0,0.643793888,2010/7/13,1,2010/1/1,2011/1/1,1,1,0,0,1,1,1,1,1,1,0,0,0
107,2010,P_107,,participant,1,2009/1/12,2009,0,Male,White,1990,18,1,0,2,0,0,0,2010/7/13,1,2010/1/1,2011/1/1,1,1,0,0,1,1,0,0,1,0,1,0,0
109,2012,C_109_1369918.0,1369918,control,0,2014/2/27,2014,0,Male,Black,1982,18,14,1,14,0,0,1.542773894,2015/8/28,-2,2012/1/1,2013/1/1,0,0,0,0,1,1,0,0,1,0,0,0,0
109,2012,P_109,,participant,1,2014/2/27,2014,0,Male,Black,1982,18,19,1,8,0,0,0,2015/8/28,-2,2012/1/1,2013/1/1,0,0,0,0,1,1,0,0,1,0,0,0,0
109,2013,C_109_1369918.0,1369918,control,0,2014/2/27,2014,0,Male,Black,1982,18,14,1,14,0,0,1.542773894,2015/8/28,-1,2013/1/1,2014/1/1,0,0,0,0,1,1,0,0,1,0,0,0,0
109,2013,P_109,,participant,1,2014/2/27,2014,0,Male,Black,1982,18,19,1,8,0,0,0,2015/8/28,-1,2013/1/1,2014/1/1,0,0,0,0,1,1,0,0,1,0,0,0,0
109,2014,C_109_1369918.0,1369918,control,0,2014/2/27,2014,0,Male,Black,1982,18,14,1,14,0,0,1.542773894,2015/8/28,0,2014/1/1,2015/1/1,1,1,0,0,1,1,0,0,1,0,0,0,0
109,2014,P_109,,participant,1,2014/2/27,2014,0,Male,Black,1982,18,19,1,8,0,0,0,2015/8/28,0,2014/1/1,2015/1/1,1,1,0,0,1,1,0,0,1,0,1,0,0
109,2015,C_109_1369918.0,1369918,control,0,2014/2/27,2014,0,Male,Black,1982,18,14,1,14,0,0,1.542773894,2015/8/28,1,2015/1/1,2016/1/1,1,1,0,0,1,1,4,1,1,1,0,0,0
109,2015,P_109,,participant,1,2014/2/27,2014,0,Male,Black,1982,18,19,1,8,0,0,0,2015/8/28,1,2015/1/1,2016/1/1,1,1,0,0,1,1,0,0,1,0,1,0,0
113,2011,C_113_1011129.0,1011129,control,0,2013/5/6,2013,0,Male,Black,1987,19,1,0,1,0,0,0,2014/11/4,-2,2011/1/1,2012/1/1,0,0,0,0,1,1,0,0,1,0,0,0,0
113,2011,P_113,,participant,1,2013/5/6,2013,0,Male,Black,1987,19,1,0,1,0,0,0,2014/11/4,-2,2011/1/1,2012/1/1,0,0,0,0,1,1,0,0,1,0,0,0,0
113,2012,C_113_1011129.0,1011129,control,0,2013/5/6,2013,0,Male,Black,1987,19,1,0,1,0,0,0,2014/11/4,-1,2012/1/1,2013/1/1,0,0,0,0,1,1,0,0,1,0,0,0,0
113,2012,P_113,,participant,1,2013/5/6,2013,0,Male,Black,1987,19,1,0,1,0,0,0,2014/11/4,-1,2012/1/1,2013/1/1,0,0,0,0,1,1,0,0,1,0,0,0,0
113,2013,C_113_1011129.0,1011129,control,0,2013/5/6,2013,0,Male,Black,1987,19,1,0,1,0,0,0,2014/11/4,0,2013/1/1,2014/1/1,1,1,0,0,1,1,0,0,1,0,0,0,0
113,2013,P_113,,participant,1,2013/5/6,2013,0,Male,Black,1987,19,1,0,1,0,0,0,2014/11/4,0,2013/1/1,2014/1/1,1,1,0,0,1,1,0,0,1,0,1,0,0
113,2014,C_113_1011129.0,1011129,control,0,2013/5/6,2013,0,Male,Black,1987,19,1,0,1,0,0,0,2014/11/4,1,2014/1/1,2015/1/1,1,1,0,0,1,1,0,0,1,0,0,0,0
113,2014,P_113,,participant,1,2013/5/6,2013,0,Male,Black,1987,19,1,0,1,0,0,0,2014/11/4,1,2014/1/1,2015/1/1,1,1,0,0,1,1,1,1,1,1,1,0,0
114,2010,C_114_1246621.0,1246621,control,0,2012/9/12,2012,0,Male,Black,1981,25,3,0,3,0,0,0.600605734,2014/3/13,-2,2010/1/1,2011/1/1,0,0,0,0,1,1,0,0,1,0,0,0,0
114,2010,P_114,,participant,1,2012/9/12,2012,0,Male,Black,1981,25,4,0,2,0,0,0,2014/3/13,-2,2010/1/1,2011/1/1,0,0,0,0,1,1,0,0,1,0,0,0,0
114,2011,C_114_1246621.0,1246621,control,0,2012/9/12,2012,0,Male,Black,1981,25,3,0,3,0,0,0.600605734,2014/3/13,-1,2011/1/1,2012/1/1,0,0,0,0,1,1,0,0,1,0,0,0,0
114,2011,P_114,,participant,1,2012/9/12,2012,0,Male,Black,1981,25,4,0,2,0,0,0,2014/3/13,-1,2011/1/1,2012/1/1,0,0,0,0,1,1,0,0,1,0,0,0,0
114,2012,C_114_1246621.0,1246621,control,0,2012/9/12,2012,0,Male,Black,1981,25,3,0,3,0,0,0.600605734,2014/3/13,0,2012/1/1,2013/1/1,1,1,0,0,1,1,0,0,1,0,0,0,0
114,2012,P_114,,participant,1,2012/9/12,2012,0,Male,Black,1981,25,4,0,2,0,0,0,2014/3/13,0,2012/1/1,2013/1/1,1,1,0,0,1,1,0,0,1,0,1,0,0
114,2013,C_114_1246621.0,1246621,control,0,2012/9/12,2012,0,Male,Black,1981,25,3,0,3,0,0,0.600605734,2014/3/13,1,2013/1/1,2014/1/1,1,1,0,0,1,1,0,0,1,0,0,0,0
114,2013,P_114,,participant,1,2012/9/12,2012,0,Male,Black,1981,25,4,0,2,0,0,0,2014/3/13,1,2013/1/1,2014/1/1,1,1,0,0,1,1,0,0,1,0,1,0,0
121,2008,C_121_1012888.0,1012888,control,0,2010/9/9,2010,0,Male,Black,1993,19,0,0,0,0,0,3,2012/3/9,-2,2008/1/1,2009/1/1,0,0,0,0,0,0,0,0,0,0,0,0,0
121,2008,P_121,,participant,1,2010/9/9,2010,0,Male,Black,1993,19,0,0,3,0,0,0,2012/3/9,-2,2008/1/1,2009/1/1,0,0,0,0,1,1,0,0,1,0,0,0,0
121,2009,C_121_1012888.0,1012888,control,0,2010/9/9,2010,0,Male,Black,1993,19,0,0,0,0,0,3,2012/3/9,-1,2009/1/1,2010/1/1,0,0,0,0,0,0,0,0,0,0,0,0,0
121,2009,P_121,,participant,1,2010/9/9,2010,0,Male,Black,1993,19,0,0,3,0,0,0,2012/3/9,-1,2009/1/1,2010/1/1,0,0,0,0,1,1,0,0,1,0,0,0,0
121,2010,C_121_1012888.0,1012888,control,0,2010/9/9,2010,0,Male,Black,1993,19,0,0,0,0,0,3,2012/3/9,0,2010/1/1,2011/1/1,1,1,0,0,0,0,0,0,0,0,0,0,0
121,2010,P_121,,participant,1,2010/9/9,2010,0,Male,Black,1993,19,0,0,3,0,0,0,2012/3/9,0,2010/1/1,2011/1/1,1,1,0,0,1,1,0,0,1,0,1,0,0
121,2011,C_121_1012888.0,1012888,control,0,2010/9/9,2010,0,Male,Black,1993,19,0,0,0,0,0,3,2012/3/9,1,2011/1/1,2012/1/1,1,1,0,0,0,0,0,0,0,0,0,0,0
121,2011,P_121,,participant,1,2010/9/9,2010,0,Male,Black,1993,19,0,0,3,0,0,0,2012/3/9,1,2011/1/1,2012/1/1,1,1,0,0,1,1,0,0,1,0,1,0,0
122,2010,C_122_1045231.0,1045231,control,0,2012/12/14,2012,0,Male,Black,1979,25,3,1,3,0,0,1.96585531,2014/6/14,-2,2010/1/1,2011/1/1,0,0,0,0,1,1,0,0,1,0,0,0,0
122,2010,P_122,,participant,1,2012/12/14,2012,0,Male,Black,1979,25,7,1,1,0,0,0,2014/6/14,-2,2010/1/1,2011/1/1,0,0,0,0,1,1,0,0,1,0,0,0,0
122,2011,C_122_1045231.0,1045231,control,0,2012/12/14,2012,0,Male,Black,1979,25,3,1,3,0,0,1.96585531,2014/6/14,-1,2011/1/1,2012/1/1,0,0,0,0,1,1,0,0,1,0,0,0,0
122,2011,P_122,,participant,1,2012/12/14,2012,0,Male,Black,1979,25,7,1,1,0,0,0,2014/6/14,-1,2011/1/1,2012/1/1,0,0,0,0,1,1,0,0,1,0,0,0,0
122,2012,C_122_1045231.0,1045231,control,0,2012/12/14,2012,0,Male,Black,1979,25,3,1,3,0,0,1.96585531,2014/6/14,0,2012/1/1,2013/1/1,1,1,0,0,1,1,0,0,1,0,0,0,0
122,2012,P_122,,participant,1,2012/12/14,2012,0,Male,Black,1979,25,7,1,1,0,0,0,2014/6/14,0,2012/1/1,2013/1/1,1,1,0,0,1,1,0,0,1,0,1,0,0
122,2013,C_122_1045231.0,1045231,control,0,2012/12/14,2012,0,Male,Black,1979,25,3,1,3,0,0,1.96585531,2014/6/14,1,2013/1/1,2014/1/1,1,1,0,0,1,1,0,0,1,0,0,0,0
122,2013,P_122,,participant,1,2012/12/14,2012,0,Male,Black,1979,25,7,1,1,0,0,0,2014/6/14,1,2013/1/1,2014/1/1,1,1,0,0,1,1,0,0,1,0,1,0,0
126,2012,C_126_1108924.0,1108924,control,0,2014/6/18,2014,0,Male,Black,1992,18,3,1,3,0,0,0,2015/12/17,-2,2012/1/1,2013/1/1,0,0,0,0,1,1,0,0,1,0,0,0,0
126,2012,P_126,,participant,1,2014/6/18,2014,0,Male,Black,1992,18,3,1,3,0,0,0,2015/12/17,-2,2012/1/1,2013/1/1,0,0,0,0,1,1,0,0,1,0,0,0,0
126,2013,C_126_1108924.0,1108924,control,0,2014/6/18,2014,0,Male,Black,1992,18,3,1,3,0,0,0,2015/12/17,-1,2013/1/1,2014/1/1,0,0,0,0,1,1,0,0,1,0,0,0,0
126,2013,P_126,,participant,1,2014/6/18,2014,0,Male,Black,1992,18,3,1,3,0,0,0,2015/12/17,-1,2013/1/1,2014/1/1,0,0,0,0,1,1,0,0,1,0,0,0,0
126,2014,C_126_1108924.0,1108924,control,0,2014/6/18,2014,0,Male,Black,1992,18,3,1,3,0,0,0,2015/12/17,0,2014/1/1,2015/1/1,1,1,0,0,1,1,0,0,1,0,0,0,0
126,2014,P_126,,participant,1,2014/6/18,2014,0,Male,Black,1992,18,3,1,3,0,0,0,2015/12/17,0,2014/1/1,2015/1/1,1,1,0,0,1,1,0,0,1,0,1,0,0
126,2015,C_126_1108924.0,1108924,control,0,2014/6/18,2014,0,Male,Black,1992,18,3,1,3,0,0,0,2015/12/17,1,2015/1/1,2016/1/1,1,1,0,0,1,1,0,0,1,0,0,0,0
126,2015,P_126,,participant,1,2014/6/18,2014,0,Male,Black,1992,18,3,1,3,0,0,0,2015/12/17,1,2015/1/1,2016/1/1,1,1,0,0,1,1,0,0,1,0,1,0,0
128,2012,C_128_1347569.0,1347569,control,0,2014/1/27,2014,0,Female,Black,1981,19,5,1,6,0,0,7.870520282,2015/7/28,-2,2012/1/1,2013/1/1,0,0,0,0,1,1,0,0,1,0,0,0,0
128,2012,P_128,,participant,1,2014/1/27,2014,0,Female,Black,1981,19,18,1,9,0,0,0,2015/7/28,-2,2012/1/1,2013/1/1,0,0,0,0,1,1,0,0,1,0,0,0,0
128,2013,C_128_1347569.0,1347569,control,0,2014/1/27,2014,0,Female,Black,1981,19,5,1,6,0,0,7.870520282,2015/7/28,-1,2013/1/1,2014/1/1,0,0,0,0,1,1,0,0,1,0,0,0,0
128,2013,P_128,,participant,1,2014/1/27,2014,0,Female,Black,1981,19,18,1,9,0,0,0,2015/7/28,-1,2013/1/1,2014/1/1,0,0,0,0,1,1,0,0,1,0,0,0,0
128,2014,C_128_1347569.0,1347569,control,0,2014/1/27,2014,0,Female,Black,1981,19,5,1,6,0,0,7.870520282,2015/7/28,0,2014/1/1,2015/1/1,1,1,0,0,1,1,0,0,1,0,0,0,0
128,2014,P_128,,participant,1,2014/1/27,2014,0,Female,Black,1981,19,18,1,9,0,0,0,2015/7/28,0,2014/1/1,2015/1/1,1,1,0,0,1,1,0,0,1,0,1,0,0
128,2015,C_128_1347569.0,1347569,control,0,2014/1/27,2014,0,Female,Black,1981,19,5,1,6,0,0,7.870520282,2015/7/28,1,2015/1/1,2016/1/1,1,1,0,0,1,1,0,0,1,0,0,0,0
128,2015,P_128,,participant,1,2014/1/27,2014,0,Female,Black,1981,19,18,1,9,0,0,0,2015/7/28,1,2015/1/1,2016/1/1,1,1,0,0,1,1,0,0,1,0,1,0,0
129,2012,C_129_1121804.0,1121804,control,0,2014/3/17,2014,0,Male,Black,1985,23,1,0,1,0,0,0.573361179,2015/9/15,-2,2012/1/1,2013/1/1,0,0,0,0,1,1,0,0,1,0,0,0,0
129,2012,P_129,,participant,1,2014/3/17,2014,0,Male,Black,1985,23,2,0,1,0,0,0,2015/9/15,-2,2012/1/1,2013/1/1,0,0,0,0,1,1,0,0,1,0,0,0,0
129,2013,C_129_1121804.0,1121804,control,0,2014/3/17,2014,0,Male,Black,1985,23,1,0,1,0,0,0.573361179,2015/9/15,-1,2013/1/1,2014/1/1,0,0,0,0,1,1,0,0,1,0,0,0,0
129,2013,P_129,,participant,1,2014/3/17,2014,0,Male,Black,1985,23,2,0,1,0,0,0,2015/9/15,-1,2013/1/1,2014/1/1,0,0,0,0,1,1,0,0,1,0,0,0,0
129,2014,C_129_1121804.0,1121804,control,0,2014/3/17,2014,0,Male,Black,1985,23,1,0,1,0,0,0.573361179,2015/9/15,0,2014/1/1,2015/1/1,1,1,0,0,1,1,0,0,1,0,0,0,0
129,2014,P_129,,participant,1,2014/3/17,2014,0,Male,Black,1985,23,2,0,1,0,0,0,2015/9/15,0,2014/1/1,2015/1/1,1,1,0,0,1,1,0,0,1,0,1,0,0
129,2015,C_129_1121804.0,1121804,control,0,2014/3/17,2014,0,Male,Black,1985,23,1,0,1,0,0,0.573361179,2015/9/15,1,2015/1/1,2016/1/1,1,1,0,0,1,1,2,1,1,1,0,0,0
129,2015,P_129,,participant,1,2014/3/17,2014,0,Male,Black,1985,23,2,0,1,0,0,0,2015/9/15,1,2015/1/1,2016/1/1,1,1,0,0,1,1,0,0,1,0,1,0,0
134,2010,C_134_1435276.0,1435276,control,0,2012/4/16,2012,0,Male,White,1970,28,5,0,5,0,0,0.67936622,2013/10/15,-2,2010/1/1,2011/1/1,0,0,0,0,1,1,0,0,1,0,0,0,0
134,2010,P_134,,participant,1,2012/4/16,2012,0,Male,White,1970,28,5,0,4,0,0,0,2013/10/15,-2,2010/1/1,2011/1/1,0,0,0,0,1,1,0,0,1,0,0,0,0
134,2011,C_134_1435276.0,1435276,control,0,2012/4/16,2012,0,Male,White,1970,28,5,0,5,0,0,0.67936622,2013/10/15,-1,2011/1/1,2012/1/1,0,0,0,0,1,1,0,0,1,0,0,0,0
134,2011,P_134,,participant,1,2012/4/16,2012,0,Male,White,1970,28,5,0,4,0,0,0,2013/10/15,-1,2011/1/1,2012/1/1,0,0,0,0,1,1,0,0,1,0,0,0,0
134,2012,C_134_1435276.0,1435276,control,0,2012/4/16,2012,0,Male,White,1970,28,5,0,5,0,0,0.67936622,2013/10/15,0,2012/1/1,2013/1/1,1,1,0,0,1,1,1,1,1,1,0,0,0
134,2012,P_134,,participant,1,2012/4/16,2012,0,Male,White,1970,28,5,0,4,0,0,0,2013/10/15,0,2012/1/1,2013/1/1,1,1,0,0,1,1,0,0,1,0,1,0,0
134,2013,C_134_1435276.0,1435276,control,0,2012/4/16,2012,0,Male,White,1970,28,5,0,5,0,0,0.67936622,2013/10/15,1,2013/1/1,2014/1/1,1,1,0,0,1,1,0,0,1,0,0,0,0
134,2013,P_134,,participant,1,2012/4/16,2012,0,Male,White,1970,28,5,0,4,0,0,0,2013/10/15,1,2013/1/1,2014/1/1,1,1,0,0,1,1,1,1,1,1,1,0,0
136,2011,C_136_1203812.0,1203812,control,0,2013/8/26,2013,0,Male,White,1976,22,1,0,1,0,0,0.367883604,2015/2/24,-2,2011/1/1,2012/1/1,0,0,0,0,1,1,0,0,1,0,0,0,0
136,2011,P_136,,participant,1,2013/8/26,2013,0,Male,White,1976,22,0,0,1,0,0,0,2015/2/24,-2,2011/1/1,2012/1/1,0,0,0,0,1,1,0,0,1,0,0,0,0
136,2012,C_136_1203812.0,1203812,control,0,2013/8/26,2013,0,Male,White,1976,22,1,0,1,0,0,0.367883604,2015/2/24,-1,2012/1/1,2013/1/1,0,0,0,0,1,1,0,0,1,0,0,0,0
136,2012,P_136,,participant,1,2013/8/26,2013,0,Male,White,1976,22,0,0,1,0,0,0,2015/2/24,-1,2012/1/1,2013/1/1,0,0,0,0,1,1,0,0,1,0,0,0,0
136,2013,C_136_1203812.0,1203812,control,0,2013/8/26,2013,0,Male,White,1976,22,1,0,1,0,0,0.367883604,2015/2/24,0,2013/1/1,2014/1/1,1,1,0,0,1,1,0,0,1,0,0,0,0
136,2013,P_136,,participant,1,2013/8/26,2013,0,Male,White,1976,22,0,0,1,0,0,0,2015/2/24,0,2013/1/1,2014/1/1,1,1,0,0,1,1,0,0,1,0,1,0,0
136,2014,C_136_1203812.0,1203812,control,0,2013/8/26,2013,0,Male,White,1976,22,1,0,1,0,0,0.367883604,2015/2/24,1,2014/1/1,2015/1/1,1,1,0,0,1,1,0,0,1,0,0,0,0
136,2014,P_136,,participant,1,2013/8/26,2013,0,Male,White,1976,22,0,0,1,0,0,0,2015/2/24,1,2014/1/1,2015/1/1,1,1,0,0,1,1,0,0,1,0,1,0,0
140,2011,C_140_1089137.0,1089137,control,0,2013/9/11,2013,0,Male,Black,1986,22,1,0,1,0,0,0.267299329,2015/3/12,-2,2011/1/1,2012/1/1,0,0,0,0,1,1,0,0,1,0,0,0,0
140,2011,P_140,,participant,1,2013/9/11,2013,0,Male,Black,1986,22,0,0,1,0,0,0,2015/3/12,-2,2011/1/1,2012/1/1,0,0,0,0,1,1,0,0,1,0,0,0,0
140,2012,C_140_1089137.0,1089137,control,0,2013/9/11,2013,0,Male,Black,1986,22,1,0,1,0,0,0.267299329,2015/3/12,-1,2012/1/1,2013/1/1,0,0,0,0,1,1,0,0,1,0,0,0,0
140,2012,P_140,,participant,1,2013/9/11,2013,0,Male,Black,1986,22,0,0,1,0,0,0,2015/3/12,-1,2012/1/1,2013/1/1,0,0,0,0,1,1,0,0,1,0,0,0,0
140,2013,C_140_1089137.0,1089137,control,0,2013/9/11,2013,0,Male,Black,1986,22,1,0,1,0,0,0.267299329,2015/3/12,0,2013/1/1,2014/1/1,1,1,0,0,1,1,0,0,1,0,0,0,0
140,2013,P_140,,participant,1,2013/9/11,2013,0,Male,Black,1986,22,0,0,1,0,0,0,2015/3/12,0,2013/1/1,2014/1/1,1,1,0,0,1,1,0,0,1,0,1,0,0
140,2014,C_140_1089137.0,1089137,control,0,2013/9/11,2013,0,Male,Black,1986,22,1,0,1,0,0,0.267299329,2015/3/12,1,2014/1/1,2015/1/1,1,1,0,0,1,1,0,0,1,0,0,0,0
140,2014,P_140,,participant,1,2013/9/11,2013,0,Male,Black,1986,22,0,0,1,0,0,0,2015/3/12,1,2014/1/1,2015/1/1,1,1,0,0,1,1,0,0,1,0,1,0,0
141,2010,C_141_895883.0,895883,control,0,2012/12/3,2012,0,Male,Black,1992,19,0,0,2,0,0,0,2014/6/3,-2,2010/1/1,2011/1/1,0,0,0,0,0,0,0,0,1,0,0,0,0
141,2010,P_141,,participant,1,2012/12/3,2012,0,Male,Black,1992,19,0,0,2,0,0,0,2014/6/3,-2,2010/1/1,2011/1/1,0,0,0,0,1,1,0,0,1,0,0,0,0
141,2011,C_141_895883.0,895883,control,0,2012/12/3,2012,0,Male,Black,1992,19,0,0,2,0,0,0,2014/6/3,-1,2011/1/1,2012/1/1,0,0,0,0,0,0,0,0,1,0,0,0,0
141,2011,P_141,,participant,1,2012/12/3,2012,0,Male,Black,1992,19,0,0,2,0,0,0,2014/6/3,-1,2011/1/1,2012/1/1,0,0,0,0,1,1,0,0,1,0,0,0,0
141,2012,C_141_895883.0,895883,control,0,2012/12/3,2012,0,Male,Black,1992,19,0,0,2,0,0,0,2014/6/3,0,2012/1/1,2013/1/1,1,1,0,0,0,1,0,0,1,0,0,0,0
141,2012,P_141,,participant,1,2012/12/3,2012,0,Male,Black,1992,19,0,0,2,0,0,0,2014/6/3,0,2012/1/1,2013/1/1,1,1,0,0,1,1,0,0,1,0,1,0,0
141,2013,C_141_895883.0,895883,control,0,2012/12/3,2012,0,Male,Black,1992,19,0,0,2,0,0,0,2014/6/3,1,2013/1/1,2014/1/1,1,1,0,0,1,1,0,0,1,0,0,0,0
141,2013,P_141,,participant,1,2012/12/3,2012,0,Male,Black,1992,19,0,0,2,0,0,0,2014/6/3,1,2013/1/1,2014/1/1,1,1,0,0,1,1,0,0,1,0,1,0,0
142,2011,C_142_1118198.0,1118198,control,0,2013/2/7,2013,0,Male,White,1986,18,28,1,28,0,0,5.200851796,2014/8/8,-2,2011/1/1,2012/1/1,0,0,0,0,1,1,0,0,1,0,0,0,0
142,2011,P_142,,participant,1,2013/2/7,2013,0,Male,White,1986,18,48,1,2,0,0,0,2014/8/8,-2,2011/1/1,2012/1/1,0,0,0,0,1,1,0,0,1,0,0,0,0
142,2012,C_142_1118198.0,1118198,control,0,2013/2/7,2013,0,Male,White,1986,18,28,1,28,0,0,5.200851796,2014/8/8,-1,2012/1/1,2013/1/1,0,0,0,0,1,1,0,0,1,0,0,0,0
142,2012,P_142,,participant,1,2013/2/7,2013,0,Male,White,1986,18,48,1,2,0,0,0,2014/8/8,-1,2012/1/1,2013/1/1,0,0,0,0,1,1,0,0,1,0,0,0,0
142,2013,C_142_1118198.0,1118198,control,0,2013/2/7,2013,0,Male,White,1986,18,28,1,28,0,0,5.200851796,2014/8/8,0,2013/1/1,2014/1/1,1,1,0,0,1,1,0,0,1,0,0,0,0
142,2013,P_142,,participant,1,2013/2/7,2013,0,Male,White,1986,18,48,1,2,0,0,0,2014/8/8,0,2013/1/1,2014/1/1,1,1,0,0,1,1,0,0,1,0,1,0,0
142,2014,C_142_1118198.0,1118198,control,0,2013/2/7,2013,0,Male,White,1986,18,28,1,28,0,0,5.200851796,2014/8/8,1,2014/1/1,2015/1/1,1,1,0,0,1,1,0,0,1,0,0,0,0
142,2014,P_142,,participant,1,2013/2/7,2013,0,Male,White,1986,18,48,1,2,0,0,0,2014/8/8,1,2014/1/1,2015/1/1,1,1,0,0,1,1,0,0,1,0,1,0,0
148,2009,C_148_1001713.0,1001713,control,0,2011/1/31,2011,0,Male,Black,1987,22,0,0,1,0,0,0,2012/7/31,-2,2009/1/1,2010/1/1,0,0,0,0,0,0,0,0,1,0,0,0,0
148,2009,P_148,,participant,1,2011/1/31,2011,0,Male,Black,1987,22,0,0,1,0,0,0,2012/7/31,-2,2009/1/1,2010/1/1,0,0,0,0,1,1,0,0,1,0,0,0,0
148,2010,C_148_1001713.0,1001713,control,0,2011/1/31,2011,0,Male,Black,1987,22,0,0,1,0,0,0,2012/7/31,-1,2010/1/1,2011/1/1,0,0,0,0,0,1,0,0,1,0,0,0,0
148,2010,P_148,,participant,1,2011/1/31,2011,0,Male,Black,1987,22,0,0,1,0,0,0,2012/7/31,-1,2010/1/1,2011/1/1,0,0,0,0,1,1,0,0,1,0,0,0,0
148,2011,C_148_1001713.0,1001713,control,0,2011/1/31,2011,0,Male,Black,1987,22,0,0,1,0,0,0,2012/7/31,0,2011/1/1,2012/1/1,1,1,0,0,1,1,0,0,1,0,0,0,0
148,2011,P_148,,participant,1,2011/1/31,2011,0,Male,Black,1987,22,0,0,1,0,0,0,2012/7/31,0,2011/1/1,2012/1/1,1,1,0,0,1,1,0,0,1,0,1,0,0
148,2012,C_148_1001713.0,1001713,control,0,2011/1/31,2011,0,Male,Black,1987,22,0,0,1,0,0,0,2012/7/31,1,2012/1/1,2013/1/1,1,1,0,0,1,1,0,0,1,0,0,0,0
148,2012,P_148,,participant,1,2011/1/31,2011,0,Male,Black,1987,22,0,0,1,0,0,0,2012/7/31,1,2012/1/1,2013/1/1,1,1,0,0,1,1,0,0,1,0,1,0,0
151,2012,C_151_1783974.0,1783974,control,0,2014/3/31,2014,0,Male,White,1968,38,3,0,3,0,0,2.930143497,2015/9/29,-2,2012/1/1,2013/1/1,0,0,0,0,1,1,0,0,1,0,0,0,0
151,2012,P_151,,participant,1,2014/3/31,2014,0,Male,White,1968,38,5,0,4,0,0,0,2015/9/29,-2,2012/1/1,2013/1/1,0,0,0,0,1,1,0,0,1,0,0,0,0
151,2013,C_151_1783974.0,1783974,control,0,2014/3/31,2014,0,Male,White,1968,38,3,0,3,0,0,2.930143497,2015/9/29,-1,2013/1/1,2014/1/1,0,0,0,0,1,1,0,0,1,0,0,0,0
151,2013,P_151,,participant,1,2014/3/31,2014,0,Male,White,1968,38,5,0,4,0,0,0,2015/9/29,-1,2013/1/1,2014/1/1,0,0,0,0,1,1,0,0,1,0,0,0,0
151,2014,C_151_1783974.0,1783974,control,0,2014/3/31,2014,0,Male,White,1968,38,3,0,3,0,0,2.930143497,2015/9/29,0,2014/1/1,2015/1/1,1,1,0,0,1,1,0,0,1,0,0,0,0
151,2014,P_151,,participant,1,2014/3/31,2014,0,Male,White,1968,38,5,0,4,0,0,0,2015/9/29,0,2014/1/1,2015/1/1,1,1,0,0,1,1,1,1,1,1,1,0,0
151,2015,C_151_1783974.0,1783974,control,0,2014/3/31,2014,0,Male,White,1968,38,3,0,3,0,0,2.930143497,2015/9/29,1,2015/1/1,2016/1/1,1,1,0,0,1,1,2,1,1,1,0,0,0
151,2015,P_151,,participant,1,2014/3/31,2014,0,Male,White,1968,38,5,0,4,0,0,0,2015/9/29,1,2015/1/1,2016/1/1,1,1,0,0,1,1,0,0,1,0,1,0,0
152,2012,C_152_1020979.0,1020979,control,0,2014/8/11,2014,0,Male,Black,1986,18,3,1,3,0,0,0.269225409,2016/2/9,-2,2012/1/1,2013/1/1,0,0,0,0,1,1,0,0,1,0,0,0,0
152,2012,P_152,,participant,1,2014/8/11,2014,0,Male,Black,1986,18,3,1,4,0,0,0,2016/2/9,-2,2012/1/1,2013/1/1,0,0,0,0,1,1,0,0,1,0,0,0,0
152,2013,C_152_1020979.0,1020979,control,0,2014/8/11,2014,0,Male,Black,1986,18,3,1,3,0,0,0.269225409,2016/2/9,-1,2013/1/1,2014/1/1,0,0,0,0,1,1,0,0,1,0,0,0,0
152,2013,P_152,,participant,1,2014/8/11,2014,0,Male,Black,1986,18,3,1,4,0,0,0,2016/2/9,-1,2013/1/1,2014/1/1,0,0,0,0,1,1,0,0,1,0,0,0,0
152,2014,C_152_1020979.0,1020979,control,0,2014/8/11,2014,0,Male,Black,1986,18,3,1,3,0,0,0.269225409,2016/2/9,0,2014/1/1,2015/1/1,1,1,0,0,1,1,0,0,1,0,0,0,0
152,2014,P_152,,participant,1,2014/8/11,2014,0,Male,Black,1986,18,3,1,4,0,0,0,2016/2/9,0,2014/1/1,2015/1/1,1,1,0,0,1,1,0,0,1,0,1,0,0
152,2015,C_152_1020979.0,1020979,control,0,2014/8/11,2014,0,Male,Black,1986,18,3,1,3,0,0,0.269225409,2016/2/9,1,2015/1/1,2016/1/1,1,1,0,0,1,1,0,0,1,0,0,0,0
152,2015,P_152,,participant,1,2014/8/11,2014,0,Male,Black,1986,18,3,1,4,0,0,0,2016/2/9,1,2015/1/1,2016/1/1,1,1,0,0,1,1,0,0,1,0,1,0,0
154,2008,C_154_1063745.0,1063745,control,0,2010/8/3,2010,0,Male,Black,1971,38,0,0,1,0,0,0,2012/2/1,-2,2008/1/1,2009/1/1,0,0,0,0,0,0,0,0,1,0,0,0,0
154,2008,P_154,,participant,1,2010/8/3,2010,0,Male,Black,1971,38,0,0,1,0,0,0,2012/2/1,-2,2008/1/1,2009/1/1,0,0,0,0,0,0,0,0,1,0,0,0,0
154,2009,C_154_1063745.0,1063745,control,0,2010/8/3,2010,0,Male,Black,1971,38,0,0,1,0,0,0,2012/2/1,-1,2009/1/1,2010/1/1,0,0,0,0,0,1,0,0,1,0,0,0,0
154,2009,P_154,,participant,1,2010/8/3,2010,0,Male,Black,1971,38,0,0,1,0,0,0,2012/2/1,-1,2009/1/1,2010/1/1,0,0,0,0,0,1,0,0,1,0,0,0,0
154,2010,C_154_1063745.0,1063745,control,0,2010/8/3,2010,0,Male,Black,1971,38,0,0,1,0,0,0,2012/2/1,0,2010/1/1,2011/1/1,1,1,0,0,1,1,0,0,1,0,0,0,0
154,2010,P_154,,participant,1,2010/8/3,2010,0,Male,Black,1971,38,0,0,1,0,0,0,2012/2/1,0,2010/1/1,2011/1/1,1,1,0,0,1,1,0,0,1,0,1,0,0
154,2011,C_154_1063745.0,1063745,control,0,2010/8/3,2010,0,Male,Black,1971,38,0,0,1,0,0,0,2012/2/1,1,2011/1/1,2012/1/1,1,1,0,0,1,1,0,0,1,0,0,0,0
154,2011,P_154,,participant,1,2010/8/3,2010,0,Male,Black,1971,38,0,0,1,0,0,0,2012/2/1,1,2011/1/1,2012/1/1,1,1,0,0,1,1,0,0,1,0,1,0,0
158,2008,C_158_1019973.0,1019973,control,0,2010/6/22,2010,0,Male,Black,1972,32,2,0,2,0,0,0,2011/12/21,-2,2008/1/1,2009/1/1,0,0,0,0,1,1,0,0,1,0,0,0,0
158,2008,P_158,,participant,1,2010/6/22,2010,0,Male,Black,1972,32,2,0,2,0,0,0,2011/12/21,-2,2008/1/1,2009/1/1,0,0,0,0,1,1,0,0,1,0,0,0,0
158,2009,C_158_1019973.0,1019973,control,0,2010/6/22,2010,0,Male,Black,1972,32,2,0,2,0,0,0,2011/12/21,-1,2009/1/1,2010/1/1,0,0,0,0,1,1,0,0,1,0,0,0,0
158,2009,P_158,,participant,1,2010/6/22,2010,0,Male,Black,1972,32,2,0,2,0,0,0,2011/12/21,-1,2009/1/1,2010/1/1,0,0,0,0,1,1,0,0,1,0,0,0,0
158,2010,C_158_1019973.0,1019973,control,0,2010/6/22,2010,0,Male,Black,1972,32,2,0,2,0,0,0,2011/12/21,0,2010/1/1,2011/1/1,1,1,0,0,1,1,0,0,1,0,0,0,0
158,2010,P_158,,participant,1,2010/6/22,2010,0,Male,Black,1972,32,2,0,2,0,0,0,2011/12/21,0,2010/1/1,2011/1/1,1,1,0,0,1,1,0,0,1,0,1,0,0
158,2011,C_158_1019973.0,1019973,control,0,2010/6/22,2010,0,Male,Black,1972,32,2,0,2,0,0,0,2011/12/21,1,2011/1/1,2012/1/1,1,1,0,0,1,1,0,0,1,0,0,0,0
158,2011,P_158,,participant,1,2010/6/22,2010,0,Male,Black,1972,32,2,0,2,0,0,0,2011/12/21,1,2011/1/1,2012/1/1,1,1,0,0,1,1,0,0,1,0,1,0,0
160,2011,C_160_399412.0,399412,control,0,2013/2/20,2013,0,Male,Black,1994,18,0,0,1,0,0,0,2014/8/21,-2,2011/1/1,2012/1/1,0,0,0,0,0,0,0,0,1,0,0,0,0
160,2011,P_160,,participant,1,2013/2/20,2013,0,Male,Black,1994,18,0,0,1,0,0,0,2014/8/21,-2,2011/1/1,2012/1/1,0,0,0,0,0,0,0,0,1,0,0,0,0
160,2012,C_160_399412.0,399412,control,0,2013/2/20,2013,0,Male,Black,1994,18,0,0,1,0,0,0,2014/8/21,-1,2012/1/1,2013/1/1,0,0,0,0,0,1,0,0,1,0,0,0,0
160,2012,P_160,,participant,1,2013/2/20,2013,0,Male,Black,1994,18,0,0,1,0,0,0,2014/8/21,-1,2012/1/1,2013/1/1,0,0,0,0,0,1,0,0,1,0,0,0,0
160,2013,C_160_399412.0,399412,control,0,2013/2/20,2013,0,Male,Black,1994,18,0,0,1,0,0,0,2014/8/21,0,2013/1/1,2014/1/1,1,1,0,0,1,1,0,0,1,0,0,0,0
160,2013,P_160,,participant,1,2013/2/20,2013,0,Male,Black,1994,18,0,0,1,0,0,0,2014/8/21,0,2013/1/1,2014/1/1,1,1,0,0,1,1,1,1,1,1,1,0,0
160,2014,C_160_399412.0,399412,control,0,2013/2/20,2013,0,Male,Black,1994,18,0,0,1,0,0,0,2014/8/21,1,2014/1/1,2015/1/1,1,1,0,0,1,1,0,0,1,0,0,0,0
160,2014,P_160,,participant,1,2013/2/20,2013,0,Male,Black,1994,18,0,0,1,0,0,0,2014/8/21,1,2014/1/1,2015/1/1,1,1,0,0,1,1,0,0,1,0,1,0,0
167,2010,C_167_1766535.0,1766535,control,0,2012/10/1,2012,0,Male,Black,1971,39,1,1,1,0,0,3.167820658,2014/4/1,-2,2010/1/1,2011/1/1,0,0,0,0,0,0,0,0,1,0,0,0,0
167,2010,P_167,,participant,1,2012/10/1,2012,0,Male,Black,1971,39,3,1,2,0,0,0,2014/4/1,-2,2010/1/1,2011/1/1,0,0,0,0,0,1,0,0,1,0,0,0,0
167,2011,C_167_1766535.0,1766535,control,0,2012/10/1,2012,0,Male,Black,1971,39,1,1,1,0,0,3.167820658,2014/4/1,-1,2011/1/1,2012/1/1,0,0,0,0,0,1,0,0,1,0,0,0,0
167,2011,P_167,,participant,1,2012/10/1,2012,0,Male,Black,1971,39,3,1,2,0,0,0,2014/4/1,-1,2011/1/1,2012/1/1,0,0,0,0,1,1,0,0,1,0,0,0,0
167,2012,C_167_1766535.0,1766535,control,0,2012/10/1,2012,0,Male,Black,1971,39,1,1,1,0,0,3.167820658,2014/4/1,0,2012/1/1,2013/1/1,1,1,0,0,1,1,0,0,1,0,0,0,0
167,2012,P_167,,participant,1,2012/10/1,2012,0,Male,Black,1971,39,3,1,2,0,0,0,2014/4/1,0,2012/1/1,2013/1/1,1,1,0,0,1,1,0,0,1,0,1,0,0
167,2013,C_167_1766535.0,1766535,control,0,2012/10/1,2012,0,Male,Black,1971,39,1,1,1,0,0,3.167820658,2014/4/1,1,2013/1/1,2014/1/1,1,1,0,0,1,1,0,0,1,0,0,0,0
167,2013,P_167,,participant,1,2012/10/1,2012,0,Male,Black,1971,39,3,1,2,0,0,0,2014/4/1,1,2013/1/1,2014/1/1,1,1,0,0,1,1,0,0,1,0,1,0,0
169,2010,C_169_1183305.0,1183305,control,0,2012/6/27,2012,0,Male,Black,1975,22,1,1,1,0,0,1.961161351,2013/12/26,-2,2010/1/1,2011/1/1,0,0,0,0,1,1,0,0,1,0,0,0,0
169,2010,P_169,,participant,1,2012/6/27,2012,0,Male,Black,1975,22,2,1,3,0,0,0,2013/12/26,-2,2010/1/1,2011/1/1,0,0,0,0,1,1,0,0,1,0,0,0,0
169,2011,C_169_1183305.0,1183305,control,0,2012/6/27,2012,0,Male,Black,1975,22,1,1,1,0,0,1.961161351,2013/12/26,-1,2011/1/1,2012/1/1,0,0,0,0,1,1,0,0,1,0,0,0,0
169,2011,P_169,,participant,1,2012/6/27,2012,0,Male,Black,1975,22,2,1,3,0,0,0,2013/12/26,-1,2011/1/1,2012/1/1,0,0,0,0,1,1,0,0,1,0,0,0,0
169,2012,C_169_1183305.0,1183305,control,0,2012/6/27,2012,0,Male,Black,1975,22,1,1,1,0,0,1.961161351,2013/12/26,0,2012/1/1,2013/1/1,1,1,0,0,1,1,0,0,1,0,0,0,0
169,2012,P_169,,participant,1,2012/6/27,2012,0,Male,Black,1975,22,2,1,3,0,0,0,2013/12/26,0,2012/1/1,2013/1/1,1,1,0,0,1,1,0,0,1,0,1,0,0
169,2013,C_169_1183305.0,1183305,control,0,2012/6/27,2012,0,Male,Black,1975,22,1,1,1,0,0,1.961161351,2013/12/26,1,2013/1/1,2014/1/1,1,1,0,0,1,1,0,0,1,0,0,0,0
169,2013,P_169,,participant,1,2012/6/27,2012,0,Male,Black,1975,22,2,1,3,0,0,0,2013/12/26,1,2013/1/1,2014/1/1,1,1,0,0,1,1,0,0,1,0,1,0,0
175,2012,C_175_1021420.0,1021420,control,0,2014/8/12,2014,0,Male,Black,1978,23,10,1,10,0,0,0.788973511,2016/2/10,-2,2012/1/1,2013/1/1,0,0,0,0,1,1,0,0,1,0,0,0,0
175,2012,P_175,,participant,1,2014/8/12,2014,0,Male,Black,1978,23,12,1,9,0,0,0,2016/2/10,-2,2012/1/1,2013/1/1,0,0,0,0,1,1,0,0,1,0,0,0,0
175,2013,C_175_1021420.0,1021420,control,0,2014/8/12,2014,0,Male,Black,1978,23,10,1,10,0,0,0.788973511,2016/2/10,-1,2013/1/1,2014/1/1,0,0,0,0,1,1,0,0,1,0,0,0,0
175,2013,P_175,,participant,1,2014/8/12,2014,0,Male,Black,1978,23,12,1,9,0,0,0,2016/2/10,-1,2013/1/1,2014/1/1,0,0,0,0,1,1,0,0,1,0,0,0,0
175,2014,C_175_1021420.0,1021420,control,0,2014/8/12,2014,0,Male,Black,1978,23,10,1,10,0,0,0.788973511,2016/2/10,0,2014/1/1,2015/1/1,1,1,0,0,1,1,0,0,1,0,0,0,0
175,2014,P_175,,participant,1,2014/8/12,2014,0,Male,Black,1978,23,12,1,9,0,0,0,2016/2/10,0,2014/1/1,2015/1/1,1,1,0,0,1,1,0,0,1,0,1,0,0
175,2015,C_175_1021420.0,1021420,control,0,2014/8/12,2014,0,Male,Black,1978,23,10,1,10,0,0,0.788973511,2016/2/10,1,2015/1/1,2016/1/1,1,1,0,0,1,1,0,0,1,0,0,0,0
175,2015,P_175,,participant,1,2014/8/12,2014,0,Male,Black,1978,23,12,1,9,0,0,0,2016/2/10,1,2015/1/1,2016/1/1,1,1,0,0,1,1,1,1,1,1,1,0,0
176,2007,C_176_1087489.0,1087489,control,0,2009/1/12,2009,0,Male,Black,1983,18,9,0,9,0,0,1.233940616,2010/7/13,-2,2007/1/1,2008/1/1,0,0,0,0,1,1,0,0,1,0,0,0,0
176,2007,P_176,,participant,1,2009/1/12,2009,0,Male,Black,1983,18,10,0,5,0,0,0,2010/7/13,-2,2007/1/1,2008/1/1,0,0,0,0,1,1,0,0,1,0,0,0,0
176,2008,C_176_1087489.0,1087489,control,0,2009/1/12,2009,0,Male,Black,1983,18,9,0,9,0,0,1.233940616,2010/7/13,-1,2008/1/1,2009/1/1,0,0,0,0,1,1,0,0,1,0,0,0,0
176,2008,P_176,,participant,1,2009/1/12,2009,0,Male,Black,1983,18,10,0,5,0,0,0,2010/7/13,-1,2008/1/1,2009/1/1,0,0,0,0,1,1,0,0,1,0,0,0,0
176,2009,C_176_1087489.0,1087489,control,0,2009/1/12,2009,0,Male,Black,1983,18,9,0,9,0,0,1.233940616,2010/7/13,0,2009/1/1,2010/1/1,1,1,0,0,1,1,0,0,1,0,0,0,0
176,2009,P_176,,participant,1,2009/1/12,2009,0,Male,Black,1983,18,10,0,5,0,0,0,2010/7/13,0,2009/1/1,2010/1/1,1,1,0,0,1,1,1,1,1,1,1,0,0
176,2010,C_176_1087489.0,1087489,control,0,2009/1/12,2009,0,Male,Black,1983,18,9,0,9,0,0,1.233940616,2010/7/13,1,2010/1/1,2011/1/1,1,1,0,0,1,1,1,1,1,1,0,0,0
176,2010,P_176,,participant,1,2009/1/12,2009,0,Male,Black,1983,18,10,0,5,0,0,0,2010/7/13,1,2010/1/1,2011/1/1,1,1,0,0,1,1,1,1,1,1,1,0,0
180,2011,C_180_1295559.0,1295559,control,0,2013/9/11,2013,0,Male,Black,1986,21,9,1,9,0,0,2.021510093,2015/3/12,-2,2011/1/1,2012/1/1,0,0,0,0,1,1,0,0,1,0,0,0,0
180,2011,P_180,,participant,1,2013/9/11,2013,0,Male,Black,1986,21,13,1,5,0,0,0,2015/3/12,-2,2011/1/1,2012/1/1,0,0,0,0,1,1,0,0,1,0,0,0,0
180,2012,C_180_1295559.0,1295559,control,0,2013/9/11,2013,0,Male,Black,1986,21,9,1,9,0,0,2.021510093,2015/3/12,-1,2012/1/1,2013/1/1,0,0,0,0,1,1,0,0,1,0,0,0,0
180,2012,P_180,,participant,1,2013/9/11,2013,0,Male,Black,1986,21,13,1,5,0,0,0,2015/3/12,-1,2012/1/1,2013/1/1,0,0,0,0,1,1,0,0,1,0,0,0,0
180,2013,C_180_1295559.0,1295559,control,0,2013/9/11,2013,0,Male,Black,1986,21,9,1,9,0,0,2.021510093,2015/3/12,0,2013/1/1,2014/1/1,1,1,0,0,1,1,0,0,1,0,0,0,0
180,2013,P_180,,participant,1,2013/9/11,2013,0,Male,Black,1986,21,13,1,5,0,0,0,2015/3/12,0,2013/1/1,2014/1/1,1,1,0,0,1,1,0,0,1,0,1,0,0
180,2014,C_180_1295559.0,1295559,control,0,2013/9/11,2013,0,Male,Black,1986,21,9,1,9,0,0,2.021510093,2015/3/12,1,2014/1/1,2015/1/1,1,1,0,0,1,1,0,0,1,0,0,0,0
180,2014,P_180,,participant,1,2013/9/11,2013,0,Male,Black,1986,21,13,1,5,0,0,0,2015/3/12,1,2014/1/1,2015/1/1,1,1,0,0,1,1,0,0,1,0,1,0,0
181,2011,C_181_1007116.0,1007116,control,0,2013/2/20,2013,0,Male,White,1984,20,5,0,5,0,0,0.240643324,2014/8/21,-2,2011/1/1,2012/1/1,0,0,0,0,1,1,0,0,1,0,0,0,0
181,2011,P_181,,participant,1,2013/2/20,2013,0,Male,White,1984,20,5,0,4,0,0,0,2014/8/21,-2,2011/1/1,2012/1/1,0,0,0,0,1,1,0,0,1,0,0,0,0
181,2012,C_181_1007116.0,1007116,control,0,2013/2/20,2013,0,Male,White,1984,20,5,0,5,0,0,0.240643324,2014/8/21,-1,2012/1/1,2013/1/1,0,0,0,0,1,1,0,0,1,0,0,0,0
181,2012,P_181,,participant,1,2013/2/20,2013,0,Male,White,1984,20,5,0,4,0,0,0,2014/8/21,-1,2012/1/1,2013/1/1,0,0,0,0,1,1,0,0,1,0,0,0,0
181,2013,C_181_1007116.0,1007116,control,0,2013/2/20,2013,0,Male,White,1984,20,5,0,5,0,0,0.240643324,2014/8/21,0,2013/1/1,2014/1/1,1,1,0,0,1,1,0,0,1,0,0,0,0
181,2013,P_181,,participant,1,2013/2/20,2013,0,Male,White,1984,20,5,0,4,0,0,0,2014/8/21,0,2013/1/1,2014/1/1,1,1,0,0,1,1,0,0,1,0,1,0,0
181,2014,C_181_1007116.0,1007116,control,0,2013/2/20,2013,0,Male,White,1984,20,5,0,5,0,0,0.240643324,2014/8/21,1,2014/1/1,2015/1/1,1,1,0,0,1,1,0,0,1,0,0,0,0
181,2014,P_181,,participant,1,2013/2/20,2013,0,Male,White,1984,20,5,0,4,0,0,0,2014/8/21,1,2014/1/1,2015/1/1,1,1,0,0,1,1,0,0,1,0,1,0,0
182,2010,C_182_1154763.0,1154763,control,0,2012/3/28,2012,0,Male,Black,1987,19,1,0,2,0,0,0.342291525,2013/9/26,-2,2010/1/1,2011/1/1,0,0,0,0,1,1,0,0,1,0,0,0,0
182,2010,P_182,,participant,1,2012/3/28,2012,0,Male,Black,1987,19,1,0,3,0,0,0,2013/9/26,-2,2010/1/1,2011/1/1,0,0,0,0,1,1,0,0,1,0,0,0,0
182,2011,C_182_1154763.0,1154763,control,0,2012/3/28,2012,0,Male,Black,1987,19,1,0,2,0,0,0.342291525,2013/9/26,-1,2011/1/1,2012/1/1,0,0,0,0,1,1,0,0,1,0,0,0,0
182,2011,P_182,,participant,1,2012/3/28,2012,0,Male,Black,1987,19,1,0,3,0,0,0,2013/9/26,-1,2011/1/1,2012/1/1,0,0,0,0,1,1,0,0,1,0,0,0,0
182,2012,C_182_1154763.0,1154763,control,0,2012/3/28,2012,0,Male,Black,1987,19,1,0,2,0,0,0.342291525,2013/9/26,0,2012/1/1,2013/1/1,1,1,0,0,1,1,0,0,1,0,0,0,0
182,2012,P_182,,participant,1,2012/3/28,2012,0,Male,Black,1987,19,1,0,3,0,0,0,2013/9/26,0,2012/1/1,2013/1/1,1,1,0,0,1,1,0,0,1,0,1,0,0
182,2013,C_182_1154763.0,1154763,control,0,2012/3/28,2012,0,Male,Black,1987,19,1,0,2,0,0,0.342291525,2013/9/26,1,2013/1/1,2014/1/1,1,1,0,0,1,1,0,0,1,0,0,0,0
182,2013,P_182,,participant,1,2012/3/28,2012,0,Male,Black,1987,19,1,0,3,0,0,0,2013/9/26,1,2013/1/1,2014/1/1,1,1,0,0,1,1,0,0,1,0,1,0,0
183,2012,C_183_1158011.0,1158011,control,0,2014/6/16,2014,0,Male,Black,1987,19,2,1,2,0,0,0.283693996,2015/12/15,-2,2012/1/1,2013/1/1,0,0,0,0,1,1,0,0,1,0,0,0,0
183,2012,P_183,,participant,1,2014/6/16,2014,0,Male,Black,1987,19,2,1,1,0,0,0,2015/12/15,-2,2012/1/1,2013/1/1,0,0,0,0,1,1,0,0,1,0,0,0,0
183,2013,C_183_1158011.0,1158011,control,0,2014/6/16,2014,0,Male,Black,1987,19,2,1,2,0,0,0.283693996,2015/12/15,-1,2013/1/1,2014/1/1,0,0,0,0,1,1,0,0,1,0,0,0,0
183,2013,P_183,,participant,1,2014/6/16,2014,0,Male,Black,1987,19,2,1,1,0,0,0,2015/12/15,-1,2013/1/1,2014/1/1,0,0,0,0,1,1,0,0,1,0,0,0,0
183,2014,C_183_1158011.0,1158011,control,0,2014/6/16,2014,0,Male,Black,1987,19,2,1,2,0,0,0.283693996,2015/12/15,0,2014/1/1,2015/1/1,1,1,0,0,1,1,0,0,1,0,0,0,0
183,2014,P_183,,participant,1,2014/6/16,2014,0,Male,Black,1987,19,2,1,1,0,0,0,2015/12/15,0,2014/1/1,2015/1/1,1,1,0,0,1,1,0,0,1,0,1,0,0
183,2015,C_183_1158011.0,1158011,control,0,2014/6/16,2014,0,Male,Black,1987,19,2,1,2,0,0,0.283693996,2015/12/15,1,2015/1/1,2016/1/1,1,1,0,0,1,1,0,0,1,0,0,0,0
183,2015,P_183,,participant,1,2014/6/16,2014,0,Male,Black,1987,19,2,1,1,0,0,0,2015/12/15,1,2015/1/1,2016/1/1,1,1,0,0,1,1,0,0,1,0,1,0,0
185,2011,C_185_1156170.0,1156170,control,0,2013/7/1,2013,0,Female,White,1981,24,3,0,3,0,0,0,2014/12/30,-2,2011/1/1,2012/1/1,0,0,0,0,1,1,0,0,1,0,0,0,0
185,2011,P_185,,participant,1,2013/7/1,2013,0,Female,White,1981,24,3,0,3,0,0,0,2014/12/30,-2,2011/1/1,2012/1/1,0,0,0,0,1,1,0,0,1,0,0,0,0
185,2012,C_185_1156170.0,1156170,control,0,2013/7/1,2013,0,Female,White,1981,24,3,0,3,0,0,0,2014/12/30,-1,2012/1/1,2013/1/1,0,0,0,0,1,1,0,0,1,0,0,0,0
185,2012,P_185,,participant,1,2013/7/1,2013,0,Female,White,1981,24,3,0,3,0,0,0,2014/12/30,-1,2012/1/1,2013/1/1,0,0,0,0,1,1,0,0,1,0,0,0,0
185,2013,C_185_1156170.0,1156170,control,0,2013/7/1,2013,0,Female,White,1981,24,3,0,3,0,0,0,2014/12/30,0,2013/1/1,2014/1/1,1,1,0,0,1,1,0,0,1,0,0,0,0
185,2013,P_185,,participant,1,2013/7/1,2013,0,Female,White,1981,24,3,0,3,0,0,0,2014/12/30,0,2013/1/1,2014/1/1,1,1,0,0,1,1,0,0,1,0,1,0,0
185,2014,C_185_1156170.0,1156170,control,0,2013/7/1,2013,0,Female,White,1981,24,3,0,3,0,0,0,2014/12/30,1,2014/1/1,2015/1/1,1,1,0,0,1,1,0,0,1,0,0,0,0
185,2014,P_185,,participant,1,2013/7/1,2013,0,Female,White,1981,24,3,0,3,0,0,0,2014/12/30,1,2014/1/1,2015/1/1,1,1,0,0,1,1,0,0,1,0,1,0,0
188,2010,C_188_1023040.0,1023040,control,0,2012/11/26,2012,0,Male,Black,1977,23,7,1,7,0,0,0.318029457,2014/5/27,-2,2010/1/1,2011/1/1,0,0,0,0,1,1,0,0,1,0,0,0,0
188,2010,P_188,,participant,1,2012/11/26,2012,0,Male,Black,1977,23,7,1,6,0,0,0,2014/5/27,-2,2010/1/1,2011/1/1,0,0,0,0,1,1,0,0,1,0,0,0,0
188,2011,C_188_1023040.0,1023040,control,0,2012/11/26,2012,0,Male,Black,1977,23,7,1,7,0,0,0.318029457,2014/5/27,-1,2011/1/1,2012/1/1,0,0,0,0,1,1,0,0,1,0,0,0,0
188,2011,P_188,,participant,1,2012/11/26,2012,0,Male,Black,1977,23,7,1,6,0,0,0,2014/5/27,-1,2011/1/1,2012/1/1,0,0,0,0,1,1,0,0,1,0,0,0,0
188,2012,C_188_1023040.0,1023040,control,0,2012/11/26,2012,0,Male,Black,1977,23,7,1,7,0,0,0.318029457,2014/5/27,0,2012/1/1,2013/1/1,1,1,0,0,1,1,0,0,1,0,0,0,0
188,2012,P_188,,participant,1,2012/11/26,2012,0,Male,Black,1977,23,7,1,6,0,0,0,2014/5/27,0,2012/1/1,2013/1/1,1,1,0,0,1,1,0,0,1,0,1,0,0
188,2013,C_188_1023040.0,1023040,control,0,2012/11/26,2012,0,Male,Black,1977,23,7,1,7,0,0,0.318029457,2014/5/27,1,2013/1/1,2014/1/1,1,1,0,0,1,1,1,1,1,1,0,0,0
188,2013,P_188,,participant,1,2012/11/26,2012,0,Male,Black,1977,23,7,1,6,0,0,0,2014/5/27,1,2013/1/1,2014/1/1,1,1,0,0,1,1,0,0,1,0,1,0,0
189,2011,C_189_1533285.0,1533285,control,0,2013/2/25,2013,0,Male,Black,1991,18,5,0,5,0,0,0.468725001,2014/8/26,-2,2011/1/1,2012/1/1,0,0,0,0,1,1,0,0,1,0,0,0,0
189,2011,P_189,,participant,1,2013/2/25,2013,0,Male,Black,1991,18,6,0,4,0,0,0,2014/8/26,-2,2011/1/1,2012/1/1,0,0,0,0,1,1,0,0,1,0,0,0,0
189,2012,C_189_1533285.0,1533285,control,0,2013/2/25,2013,0,Male,Black,1991,18,5,0,5,0,0,0.468725001,2014/8/26,-1,2012/1/1,2013/1/1,0,0,0,0,1,1,0,0,1,0,0,0,0
189,2012,P_189,,participant,1,2013/2/25,2013,0,Male,Black,1991,18,6,0,4,0,0,0,2014/8/26,-1,2012/1/1,2013/1/1,0,0,0,0,1,1,0,0,1,0,0,0,0
189,2013,C_189_1533285.0,1533285,control,0,2013/2/25,2013,0,Male,Black,1991,18,5,0,5,0,0,0.468725001,2014/8/26,0,2013/1/1,2014/1/1,1,1,0,0,1,1,0,0,1,0,0,0,0
189,2013,P_189,,participant,1,2013/2/25,2013,0,Male,Black,1991,18,6,0,4,0,0,0,2014/8/26,0,2013/1/1,2014/1/1,1,1,0,0,1,1,1,1,1,1,1,0,0
189,2014,C_189_1533285.0,1533285,control,0,2013/2/25,2013,0,Male,Black,1991,18,5,0,5,0,0,0.468725001,2014/8/26,1,2014/1/1,2015/1/1,1,1,0,0,1,1,0,0,1,0,0,0,0
189,2014,P_189,,participant,1,2013/2/25,2013,0,Male,Black,1991,18,6,0,4,0,0,0,2014/8/26,1,2014/1/1,2015/1/1,1,1,0,0,1,1,0,0,1,0,1,0,0
191,2011,C_191_1082984.0,1082984,control,0,2013/2/25,2013,0,Male,Black,1989,19,4,1,4,0,0,0.167264614,2014/8/26,-2,2011/1/1,2012/1/1,0,0,0,0,1,1,0,0,1,0,0,0,0
191,2011,P_191,,participant,1,2013/2/25,2013,0,Male,Black,1989,19,4,1,3,0,0,0,2014/8/26,-2,2011/1/1,2012/1/1,0,0,0,0,1,1,0,0,1,0,0,0,0
191,2012,C_191_1082984.0,1082984,control,0,2013/2/25,2013,0,Male,Black,1989,19,4,1,4,0,0,0.167264614,2014/8/26,-1,2012/1/1,2013/1/1,0,0,0,0,1,1,0,0,1,0,0,0,0
191,2012,P_191,,participant,1,2013/2/25,2013,0,Male,Black,1989,19,4,1,3,0,0,0,2014/8/26,-1,2012/1/1,2013/1/1,0,0,0,0,1,1,0,0,1,0,0,0,0
191,2013,C_191_1082984.0,1082984,control,0,2013/2/25,2013,0,Male,Black,1989,19,4,1,4,0,0,0.167264614,2014/8/26,0,2013/1/1,2014/1/1,1,1,0,0,1,1,0,0,1,0,0,0,0
191,2013,P_191,,participant,1,2013/2/25,2013,0,Male,Black,1989,19,4,1,3,0,0,0,2014/8/26,0,2013/1/1,2014/1/1,1,1,0,0,1,1,1,1,1,1,1,0,0
191,2014,C_191_1082984.0,1082984,control,0,2013/2/25,2013,0,Male,Black,1989,19,4,1,4,0,0,0.167264614,2014/8/26,1,2014/1/1,2015/1/1,1,1,0,0,1,1,0,0,1,0,0,0,0
191,2014,P_191,,participant,1,2013/2/25,2013,0,Male,Black,1989,19,4,1,3,0,0,0,2014/8/26,1,2014/1/1,2015/1/1,1,1,0,0,1,1,2,1,1,1,1,0,0
195,2012,C_195_1024132.0,1024132,control,0,2014/1/13,2014,0,Male,White,1990,22,4,0,4,0,0,0.347506226,2015/7/14,-2,2012/1/1,2013/1/1,0,0,0,0,0,1,0,0,1,0,0,0,0
195,2012,P_195,,participant,1,2014/1/13,2014,0,Male,White,1990,22,4,0,3,0,0,0,2015/7/14,-2,2012/1/1,2013/1/1,0,0,0,0,0,1,0,0,1,0,0,0,0
195,2013,C_195_1024132.0,1024132,control,0,2014/1/13,2014,0,Male,White,1990,22,4,0,4,0,0,0.347506226,2015/7/14,-1,2013/1/1,2014/1/1,0,0,0,0,1,1,0,0,1,0,0,0,0
195,2013,P_195,,participant,1,2014/1/13,2014,0,Male,White,1990,22,4,0,3,0,0,0,2015/7/14,-1,2013/1/1,2014/1/1,0,0,0,0,1,1,0,0,1,0,0,0,0
195,2014,C_195_1024132.0,1024132,control,0,2014/1/13,2014,0,Male,White,1990,22,4,0,4,0,0,0.347506226,2015/7/14,0,2014/1/1,2015/1/1,1,1,0,0,1,1,0,0,1,0,0,0,0
195,2014,P_195,,participant,1,2014/1/13,2014,0,Male,White,1990,22,4,0,3,0,0,0,2015/7/14,0,2014/1/1,2015/1/1,1,1,0,0,1,1,1,1,1,1,1,0,0
195,2015,C_195_1024132.0,1024132,control,0,2014/1/13,2014,0,Male,White,1990,22,4,0,4,0,0,0.347506226,2015/7/14,1,2015/1/1,2016/1/1,1,1,0,0,1,1,0,0,1,0,0,0,0
195,2015,P_195,,participant,1,2014/1/13,2014,0,Male,White,1990,22,4,0,3,0,0,0,2015/7/14,1,2015/1/1,2016/1/1,1,1,0,0,1,1,0,0,1,0,1,0,0
196,2012,C_196_1451021.0,1451021,control,0,2014/6/10,2014,0,Male,White,1981,20,12,1,9,0,0,0.334878685,2015/12/9,-2,2012/1/1,2013/1/1,0,0,0,0,1,1,0,0,1,0,0,0,0
196,2012,P_196,,participant,1,2014/6/10,2014,0,Male,White,1981,20,12,1,7,0,0,0,2015/12/9,-2,2012/1/1,2013/1/1,0,0,0,0,1,1,0,0,1,0,0,0,0
196,2013,C_196_1451021.0,1451021,control,0,2014/6/10,2014,0,Male,White,1981,20,12,1,9,0,0,0.334878685,2015/12/9,-1,2013/1/1,2014/1/1,0,0,0,0,1,1,0,0,1,0,0,0,0
196,2013,P_196,,participant,1,2014/6/10,2014,0,Male,White,1981,20,12,1,7,0,0,0,2015/12/9,-1,2013/1/1,2014/1/1,0,0,0,0,1,1,0,0,1,0,0,0,0
196,2014,C_196_1451021.0,1451021,control,0,2014/6/10,2014,0,Male,White,1981,20,12,1,9,0,0,0.334878685,2015/12/9,0,2014/1/1,2015/1/1,1,1,0,0,1,1,0,0,1,0,0,0,0
196,2014,P_196,,participant,1,2014/6/10,2014,0,Male,White,1981,20,12,1,7,0,0,0,2015/12/9,0,2014/1/1,2015/1/1,1,1,0,0,1,1,0,0,1,0,1,0,0
196,2015,C_196_1451021.0,1451021,control,0,2014/6/10,2014,0,Male,White,1981,20,12,1,9,0,0,0.334878685,2015/12/9,1,2015/1/1,2016/1/1,1,1,0,0,1,1,0,0,1,0,0,0,0
196,2015,P_196,,participant,1,2014/6/10,2014,0,Male,White,1981,20,12,1,7,0,0,0,2015/12/9,1,2015/1/1,2016/1/1,1,1,0,0,1,1,1,1,1,1,1,0,0
203,2012,C_203_1056442.0,1056442,control,0,2014/8/22,2014,0,Male,Black,1981,23,5,1,5,0,0,1.616500845,2016/2/20,-2,2012/1/1,2013/1/1,0,0,0,0,1,1,0,0,1,0,0,0,0
203,2012,P_203,,participant,1,2014/8/22,2014,0,Male,Black,1981,23,8,1,2,0,0,0,2016/2/20,-2,2012/1/1,2013/1/1,0,0,0,0,1,1,0,0,1,0,0,0,0
203,2013,C_203_1056442.0,1056442,control,0,2014/8/22,2014,0,Male,Black,1981,23,5,1,5,0,0,1.616500845,2016/2/20,-1,2013/1/1,2014/1/1,0,0,0,0,1,1,0,0,1,0,0,0,0
203,2013,P_203,,participant,1,2014/8/22,2014,0,Male,Black,1981,23,8,1,2,0,0,0,2016/2/20,-1,2013/1/1,2014/1/1,0,0,0,0,1,1,0,0,1,0,0,0,0
203,2014,C_203_1056442.0,1056442,control,0,2014/8/22,2014,0,Male,Black,1981,23,5,1,5,0,0,1.616500845,2016/2/20,0,2014/1/1,2015/1/1,1,1,0,0,1,1,0,0,1,0,0,0,0
203,2014,P_203,,participant,1,2014/8/22,2014,0,Male,Black,1981,23,8,1,2,0,0,0,2016/2/20,0,2014/1/1,2015/1/1,1,1,0,0,1,1,0,0,1,0,1,0,0
203,2015,C_203_1056442.0,1056442,control,0,2014/8/22,2014,0,Male,Black,1981,23,5,1,5,0,0,1.616500845,2016/2/20,1,2015/1/1,2016/1/1,1,1,0,0,1,1,0,0,1,0,0,0,0
203,2015,P_203,,participant,1,2014/8/22,2014,0,Male,Black,1981,23,8,1,2,0,0,0,2016/2/20,1,2015/1/1,2016/1/1,1,1,0,0,1,1,0,0,1,0,1,0,0
204,2012,C_204_1769048.0,1769048,control,0,2014/8/25,2014,0,Male,Black,1990,17,6,1,6,0,0,0.933074052,2016/2/23,-2,2012/1/1,2013/1/1,0,0,0,0,1,1,0,0,1,0,0,0,0
204,2012,P_204,,participant,1,2014/8/25,2014,0,Male,Black,1990,17,7,1,3,0,0,0,2016/2/23,-2,2012/1/1,2013/1/1,0,0,0,0,1,1,0,0,1,0,0,0,0
204,2013,C_204_1769048.0,1769048,control,0,2014/8/25,2014,0,Male,Black,1990,17,6,1,6,0,0,0.933074052,2016/2/23,-1,2013/1/1,2014/1/1,0,0,0,0,1,1,0,0,1,0,0,0,0
204,2013,P_204,,participant,1,2014/8/25,2014,0,Male,Black,1990,17,7,1,3,0,0,0,2016/2/23,-1,2013/1/1,2014/1/1,0,0,0,0,1,1,0,0,1,0,0,0,0
204,2014,C_204_1769048.0,1769048,control,0,2014/8/25,2014,0,Male,Black,1990,17,6,1,6,0,0,0.933074052,2016/2/23,0,2014/1/1,2015/1/1,1,1,0,0,1,1,0,0,1,0,0,0,0
204,2014,P_204,,participant,1,2014/8/25,2014,0,Male,Black,1990,17,7,1,3,0,0,0,2016/2/23,0,2014/1/1,2015/1/1,1,1,0,0,1,1,0,0,1,0,1,0,0
204,2015,C_204_1769048.0,1769048,control,0,2014/8/25,2014,0,Male,Black,1990,17,6,1,6,0,0,0.933074052,2016/2/23,1,2015/1/1,2016/1/1,1,1,0,0,1,1,0,0,1,0,0,0,0
204,2015,P_204,,participant,1,2014/8/25,2014,0,Male,Black,1990,17,7,1,3,0,0,0,2016/2/23,1,2015/1/1,2016/1/1,1,1,0,0,1,1,0,0,1,0,1,0,0
207,2012,C_207_1300012.0,1300012,control,0,2014/9/15,2014,0,Male,Black,1989,22,1,0,2,0,0,0,2016/3/15,-2,2012/1/1,2013/1/1,0,0,0,0,0,1,0,0,1,0,0,0,0
207,2012,P_207,,participant,1,2014/9/15,2014,0,Male,Black,1989,22,1,0,2,0,0,0,2016/3/15,-2,2012/1/1,2013/1/1,0,0,0,0,1,1,0,0,1,0,0,0,0
207,2013,C_207_1300012.0,1300012,control,0,2014/9/15,2014,0,Male,Black,1989,22,1,0,2,0,0,0,2016/3/15,-1,2013/1/1,2014/1/1,0,0,0,0,1,1,0,0,1,0,0,0,0
207,2013,P_207,,participant,1,2014/9/15,2014,0,Male,Black,1989,22,1,0,2,0,0,0,2016/3/15,-1,2013/1/1,2014/1/1,0,0,0,0,1,1,0,0,1,0,0,0,0
207,2014,C_207_1300012.0,1300012,control,0,2014/9/15,2014,0,Male,Black,1989,22,1,0,2,0,0,0,2016/3/15,0,2014/1/1,2015/1/1,1,1,0,0,1,1,0,0,1,0,0,0,0
207,2014,P_207,,participant,1,2014/9/15,2014,0,Male,Black,1989,22,1,0,2,0,0,0,2016/3/15,0,2014/1/1,2015/1/1,1,1,0,0,1,1,0,0,1,0,1,0,0
207,2015,C_207_1300012.0,1300012,control,0,2014/9/15,2014,0,Male,Black,1989,22,1,0,2,0,0,0,2016/3/15,1,2015/1/1,2016/1/1,1,1,0,0,1,1,0,0,1,0,0,0,0
207,2015,P_207,,participant,1,2014/9/15,2014,0,Male,Black,1989,22,1,0,2,0,0,0,2016/3/15,1,2015/1/1,2016/1/1,1,1,0,0,1,1,0,0,1,0,1,0,0
210,2018,C_210_1498813.0,1498813,control,0,2020/7/27,2020,0,Male,Black,1984,26,5,0,5,5111.122147,1,0.772032357,2022/1/25,-2,2018/1/1,2019/1/1,0,0,0,0,1,1,0,0,1,0,0,0,0
210,2018,P_210,,participant,1,2020/7/27,2020,0,Male,Black,1984,26,3,0,5,3436.631229,1,0,2022/1/25,-2,2018/1/1,2019/1/1,0,0,0,0,1,1,0,0,1,0,0,0,0
210,2019,C_210_1498813.0,1498813,control,0,2020/7/27,2020,0,Male,Black,1984,26,5,0,5,5111.122147,1,0.772032357,2022/1/25,-1,2019/1/1,2020/1/1,0,0,0,0,1,1,0,0,1,0,0,0,0
210,2019,P_210,,participant,1,2020/7/27,2020,0,Male,Black,1984,26,3,0,5,3436.631229,1,0,2022/1/25,-1,2019/1/1,2020/1/1,0,0,0,0,1,1,0,0,1,0,0,0,0
210,2020,C_210_1498813.0,1498813,control,0,2020/7/27,2020,0,Male,Black,1984,26,5,0,5,5111.122147,1,0.772032357,2022/1/25,0,2020/1/1,2021/1/1,1,1,16624.20065,1,1,1,0,0,1,0,0,0,9.718674935
210,2020,P_210,,participant,1,2020/7/27,2020,0,Male,Black,1984,26,3,0,5,3436.631229,1,0,2022/1/25,0,2020/1/1,2021/1/1,1,1,0,0,1,1,0,0,1,0,1,0,0
210,2021,C_210_1498813.0,1498813,control,0,2020/7/27,2020,0,Male,Black,1984,26,5,0,5,5111.122147,1,0.772032357,2022/1/25,1,2021/1/1,2022/1/1,1,1,11523.61388,1,1,1,0,0,1,0,0,0,9.352240364
210,2021,P_210,,participant,1,2020/7/27,2020,0,Male,Black,1984,26,3,0,5,3436.631229,1,0,2022/1/25,1,2021/1/1,2022/1/1,1,1,0,0,1,1,0,0,1,0,1,0,0
213,2012,C_213_1622517.0,1622517,control,0,2014/10/8,2014,0,Male,Black,1972,41,0,0,1,0,0,0,2016/4/7,-2,2012/1/1,2013/1/1,0,0,0,0,0,0,0,0,1,0,0,0,0
213,2012,P_213,,participant,1,2014/10/8,2014,0,Male,Black,1972,41,0,0,1,0,0,0,2016/4/7,-2,2012/1/1,2013/1/1,0,0,0,0,0,0,0,0,1,0,0,0,0
213,2013,C_213_1622517.0,1622517,control,0,2014/10/8,2014,0,Male,Black,1972,41,0,0,1,0,0,0,2016/4/7,-1,2013/1/1,2014/1/1,0,0,0,0,0,0,0,0,1,0,0,0,0
213,2013,P_213,,participant,1,2014/10/8,2014,0,Male,Black,1972,41,0,0,1,0,0,0,2016/4/7,-1,2013/1/1,2014/1/1,0,0,0,0,0,0,0,0,1,0,0,0,0
213,2014,C_213_1622517.0,1622517,control,0,2014/10/8,2014,0,Male,Black,1972,41,0,0,1,0,0,0,2016/4/7,0,2014/1/1,2015/1/1,1,1,0,0,0,1,0,0,1,0,0,0,0
213,2014,P_213,,participant,1,2014/10/8,2014,0,Male,Black,1972,41,0,0,1,0,0,0,2016/4/7,0,2014/1/1,2015/1/1,1,1,0,0,0,1,0,0,1,0,1,0,0
213,2015,C_213_1622517.0,1622517,control,0,2014/10/8,2014,0,Male,Black,1972,41,0,0,1,0,0,0,2016/4/7,1,2015/1/1,2016/1/1,1,1,0,0,1,1,0,0,1,0,0,0,0
213,2015,P_213,,participant,1,2014/10/8,2014,0,Male,Black,1972,41,0,0,1,0,0,0,2016/4/7,1,2015/1/1,2016/1/1,1,1,0,0,1,1,0,0,1,0,1,0,0
218,2012,C_218_1183370.0,1183370,control,0,2014/11/11,2014,0,Male,Black,1991,18,6,0,6,0,0,0.300712762,2016/5/11,-2,2012/1/1,2013/1/1,0,0,0,0,1,1,0,0,1,0,0,0,0
218,2012,P_218,,participant,1,2014/11/11,2014,0,Male,Black,1991,18,6,0,5,0,0,0,2016/5/11,-2,2012/1/1,2013/1/1,0,0,0,0,1,1,0,0,1,0,0,0,0
218,2013,C_218_1183370.0,1183370,control,0,2014/11/11,2014,0,Male,Black,1991,18,6,0,6,0,0,0.300712762,2016/5/11,-1,2013/1/1,2014/1/1,0,0,0,0,1,1,0,0,1,0,0,0,0
218,2013,P_218,,participant,1,2014/11/11,2014,0,Male,Black,1991,18,6,0,5,0,0,0,2016/5/11,-1,2013/1/1,2014/1/1,0,0,0,0,1,1,0,0,1,0,0,0,0
218,2014,C_218_1183370.0,1183370,control,0,2014/11/11,2014,0,Male,Black,1991,18,6,0,6,0,0,0.300712762,2016/5/11,0,2014/1/1,2015/1/1,1,1,0,0,1,1,0,0,1,0,0,0,0
218,2014,P_218,,participant,1,2014/11/11,2014,0,Male,Black,1991,18,6,0,5,0,0,0,2016/5/11,0,2014/1/1,2015/1/1,1,1,0,0,1,1,0,0,1,0,1,0,0
218,2015,C_218_1183370.0,1183370,control,0,2014/11/11,2014,0,Male,Black,1991,18,6,0,6,0,0,0.300712762,2016/5/11,1,2015/1/1,2016/1/1,1,1,0,0,1,1,0,0,1,0,0,0,0
218,2015,P_218,,participant,1,2014/11/11,2014,0,Male,Black,1991,18,6,0,5,0,0,0,2016/5/11,1,2015/1/1,2016/1/1,1,1,0,0,1,1,0,0,1,0,1,0,0
225,2012,C_225_1272344.0,1272344,control,0,2014/11/18,2014,0,Male,Black,1981,22,8,1,8,0,0,0.785128297,2016/5/18,-2,2012/1/1,2013/1/1,0,0,0,0,1,1,0,0,1,0,0,0,0
225,2012,P_225,,participant,1,2014/11/18,2014,0,Male,Black,1981,22,10,1,7,0,0,0,2016/5/18,-2,2012/1/1,2013/1/1,0,0,0,0,1,1,0,0,1,0,0,0,0
225,2013,C_225_1272344.0,1272344,control,0,2014/11/18,2014,0,Male,Black,1981,22,8,1,8,0,0,0.785128297,2016/5/18,-1,2013/1/1,2014/1/1,0,0,0,0,1,1,0,0,1,0,0,0,0
225,2013,P_225,,participant,1,2014/11/18,2014,0,Male,Black,1981,22,10,1,7,0,0,0,2016/5/18,-1,2013/1/1,2014/1/1,0,0,0,0,1,1,0,0,1,0,0,0,0
225,2014,C_225_1272344.0,1272344,control,0,2014/11/18,2014,0,Male,Black,1981,22,8,1,8,0,0,0.785128297,2016/5/18,0,2014/1/1,2015/1/1,1,1,0,0,1,1,0,0,1,0,0,0,0
225,2014,P_225,,participant,1,2014/11/18,2014,0,Male,Black,1981,22,10,1,7,0,0,0,2016/5/18,0,2014/1/1,2015/1/1,1,1,0,0,1,1,0,0,1,0,1,0,0
225,2015,C_225_1272344.0,1272344,control,0,2014/11/18,2014,0,Male,Black,1981,22,8,1,8,0,0,0.785128297,2016/5/18,1,2015/1/1,2016/1/1,1,1,0,0,1,1,0,0,1,0,0,0,0
225,2015,P_225,,participant,1,2014/11/18,2014,0,Male,Black,1981,22,10,1,7,0,0,0,2016/5/18,1,2015/1/1,2016/1/1,1,1,0,0,1,1,1,1,1,1,1,0,0
228,2012,C_228_1675863.0,1675863,control,0,2014/12/1,2014,0,Male,Black,1996,18,1,0,1,0,0,0,2016/5/31,-2,2012/1/1,2013/1/1,0,0,0,0,0,0,0,0,1,0,0,0,0
228,2012,P_228,,participant,1,2014/12/1,2014,0,Male,Black,1996,18,1,0,1,0,0,0,2016/5/31,-2,2012/1/1,2013/1/1,0,0,0,0,0,0,0,0,1,0,0,0,0
228,2013,C_228_1675863.0,1675863,control,0,2014/12/1,2014,0,Male,Black,1996,18,1,0,1,0,0,0,2016/5/31,-1,2013/1/1,2014/1/1,0,0,0,0,0,0,0,0,1,0,0,0,0
228,2013,P_228,,participant,1,2014/12/1,2014,0,Male,Black,1996,18,1,0,1,0,0,0,2016/5/31,-1,2013/1/1,2014/1/1,0,0,0,0,0,0,0,0,1,0,0,0,0
228,2014,C_228_1675863.0,1675863,control,0,2014/12/1,2014,0,Male,Black,1996,18,1,0,1,0,0,0,2016/5/31,0,2014/1/1,2015/1/1,1,1,0,0,0,1,0,0,1,0,0,0,0
228,2014,P_228,,participant,1,2014/12/1,2014,0,Male,Black,1996,18,1,0,1,0,0,0,2016/5/31,0,2014/1/1,2015/1/1,1,1,0,0,0,1,0,0,1,0,1,0,0
228,2015,C_228_1675863.0,1675863,control,0,2014/12/1,2014,0,Male,Black,1996,18,1,0,1,0,0,0,2016/5/31,1,2015/1/1,2016/1/1,1,1,0,0,1,1,0,0,1,0,0,0,0
228,2015,P_228,,participant,1,2014/12/1,2014,0,Male,Black,1996,18,1,0,1,0,0,0,2016/5/31,1,2015/1/1,2016/1/1,1,1,0,0,1,1,0,0,1,0,1,0,0
231,2012,C_231_1464555.0,1464555,control,0,2014/12/22,2014,0,Male,Black,1984,23,1,0,1,0,0,0.495008194,2016/6/21,-2,2012/1/1,2013/1/1,0,0,0,0,1,1,0,0,1,0,0,0,0
231,2012,P_231,,participant,1,2014/12/22,2014,0,Male,Black,1984,23,0,0,1,0,0,0,2016/6/21,-2,2012/1/1,2013/1/1,0,0,0,0,1,1,0,0,1,0,0,0,0
231,2013,C_231_1464555.0,1464555,control,0,2014/12/22,2014,0,Male,Black,1984,23,1,0,1,0,0,0.495008194,2016/6/21,-1,2013/1/1,2014/1/1,0,0,0,0,1,1,0,0,1,0,0,0,0
231,2013,P_231,,participant,1,2014/12/22,2014,0,Male,Black,1984,23,0,0,1,0,0,0,2016/6/21,-1,2013/1/1,2014/1/1,0,0,0,0,1,1,0,0,1,0,0,0,0
231,2014,C_231_1464555.0,1464555,control,0,2014/12/22,2014,0,Male,Black,1984,23,1,0,1,0,0,0.495008194,2016/6/21,0,2014/1/1,2015/1/1,1,1,0,0,1,1,0,0,1,0,0,0,0
231,2014,P_231,,participant,1,2014/12/22,2014,0,Male,Black,1984,23,0,0,1,0,0,0,2016/6/21,0,2014/1/1,2015/1/1,1,1,0,0,1,1,0,0,1,0,1,0,0
231,2015,C_231_1464555.0,1464555,control,0,2014/12/22,2014,0,Male,Black,1984,23,1,0,1,0,0,0.495008194,2016/6/21,1,2015/1/1,2016/1/1,1,1,0,0,1,1,0,0,1,0,0,0,0
231,2015,P_231,,participant,1,2014/12/22,2014,0,Male,Black,1984,23,0,0,1,0,0,0,2016/6/21,1,2015/1/1,2016/1/1,1,1,0,0,1,1,0,0,1,0,1,0,0
234,2013,C_234_1283580.0,1283580,control,0,2015/1/19,2015,0,Male,Black,1977,22,1,0,1,0,0,0.341104024,2016/7/19,-2,2013/1/1,2014/1/1,0,0,0,0,1,1,0,0,1,0,0,0,0
234,2013,P_234,,participant,1,2015/1/19,2015,0,Male,Black,1977,22,0,0,1,0,0,0,2016/7/19,-2,2013/1/1,2014/1/1,0,0,0,0,1,1,0,0,1,0,0,0,0
234,2014,C_234_1283580.0,1283580,control,0,2015/1/19,2015,0,Male,Black,1977,22,1,0,1,0,0,0.341104024,2016/7/19,-1,2014/1/1,2015/1/1,0,0,0,0,1,1,0,0,1,0,0,0,0
234,2014,P_234,,participant,1,2015/1/19,2015,0,Male,Black,1977,22,0,0,1,0,0,0,2016/7/19,-1,2014/1/1,2015/1/1,0,0,0,0,1,1,0,0,1,0,0,0,0
234,2015,C_234_1283580.0,1283580,control,0,2015/1/19,2015,0,Male,Black,1977,22,1,0,1,0,0,0.341104024,2016/7/19,0,2015/1/1,2016/1/1,1,1,0,0,1,1,0,0,1,0,0,0,0
234,2015,P_234,,participant,1,2015/1/19,2015,0,Male,Black,1977,22,0,0,1,0,0,0,2016/7/19,0,2015/1/1,2016/1/1,1,1,0,0,1,1,0,0,1,0,1,0,0
234,2016,C_234_1283580.0,1283580,control,0,2015/1/19,2015,0,Male,Black,1977,22,1,0,1,0,0,0.341104024,2016/7/19,1,2016/1/1,2017/1/1,1,1,0,0,1,1,0,0,1,0,0,0,0
234,2016,P_234,,participant,1,2015/1/19,2015,0,Male,Black,1977,22,0,0,1,0,0,0,2016/7/19,1,2016/1/1,2017/1/1,1,1,0,0,1,1,0,0,1,0,1,0,0
235,2013,C_235_1022135.0,1022135,control,0,2015/2/16,2015,0,Male,Black,1984,18,6,1,6,0,0,0.319990548,2016/8/16,-2,2013/1/1,2014/1/1,0,0,0,0,1,1,0,0,1,0,0,0,0
235,2013,P_235,,participant,1,2015/2/16,2015,0,Male,Black,1984,18,7,1,5,0,0,0,2016/8/16,-2,2013/1/1,2014/1/1,0,0,0,0,1,1,0,0,1,0,0,0,0
235,2014,C_235_1022135.0,1022135,control,0,2015/2/16,2015,0,Male,Black,1984,18,6,1,6,0,0,0.319990548,2016/8/16,-1,2014/1/1,2015/1/1,0,0,0,0,1,1,0,0,1,0,0,0,0
235,2014,P_235,,participant,1,2015/2/16,2015,0,Male,Black,1984,18,7,1,5,0,0,0,2016/8/16,-1,2014/1/1,2015/1/1,0,0,0,0,1,1,0,0,1,0,0,0,0
235,2015,C_235_1022135.0,1022135,control,0,2015/2/16,2015,0,Male,Black,1984,18,6,1,6,0,0,0.319990548,2016/8/16,0,2015/1/1,2016/1/1,1,1,0,0,1,1,0,0,1,0,0,0,0
235,2015,P_235,,participant,1,2015/2/16,2015,0,Male,Black,1984,18,7,1,5,0,0,0,2016/8/16,0,2015/1/1,2016/1/1,1,1,0,0,1,1,0,0,1,0,1,0,0
235,2016,C_235_1022135.0,1022135,control,0,2015/2/16,2015,0,Male,Black,1984,18,6,1,6,0,0,0.319990548,2016/8/16,1,2016/1/1,2017/1/1,1,1,0,0,1,1,0,0,1,0,0,0,0
235,2016,P_235,,participant,1,2015/2/16,2015,0,Male,Black,1984,18,7,1,5,0,0,0,2016/8/16,1,2016/1/1,2017/1/1,1,1,0,0,1,1,0,0,1,0,1,0,0
244,2013,C_244_1286962.0,1286962,control,0,2015/3/9,2015,0,Male,Black,1984,22,2,1,2,0,0,0.397638107,2016/9/6,-2,2013/1/1,2014/1/1,0,0,0,0,1,1,0,0,1,0,0,0,0
244,2013,P_244,,participant,1,2015/3/9,2015,0,Male,Black,1984,22,2,1,1,0,0,0,2016/9/6,-2,2013/1/1,2014/1/1,0,0,0,0,1,1,0,0,1,0,0,0,0
244,2014,C_244_1286962.0,1286962,control,0,2015/3/9,2015,0,Male,Black,1984,22,2,1,2,0,0,0.397638107,2016/9/6,-1,2014/1/1,2015/1/1,0,0,0,0,1,1,0,0,1,0,0,0,0
244,2014,P_244,,participant,1,2015/3/9,2015,0,Male,Black,1984,22,2,1,1,0,0,0,2016/9/6,-1,2014/1/1,2015/1/1,0,0,0,0,1,1,0,0,1,0,0,0,0
244,2015,C_244_1286962.0,1286962,control,0,2015/3/9,2015,0,Male,Black,1984,22,2,1,2,0,0,0.397638107,2016/9/6,0,2015/1/1,2016/1/1,1,1,0,0,1,1,1,1,1,1,0,0,0
244,2015,P_244,,participant,1,2015/3/9,2015,0,Male,Black,1984,22,2,1,1,0,0,0,2016/9/6,0,2015/1/1,2016/1/1,1,1,0,0,1,1,0,0,1,0,1,0,0
244,2016,C_244_1286962.0,1286962,control,0,2015/3/9,2015,0,Male,Black,1984,22,2,1,2,0,0,0.397638107,2016/9/6,1,2016/1/1,2017/1/1,1,1,0,0,1,1,0,0,1,0,0,0,0
244,2016,P_244,,participant,1,2015/3/9,2015,0,Male,Black,1984,22,2,1,1,0,0,0,2016/9/6,1,2016/1/1,2017/1/1,1,1,0,0,1,1,0,0,1,0,1,0,0
245,2013,C_245_1018319.0,1018319,control,0,2015/3/23,2015,0,Male,Black,1992,18,2,1,2,0,0,0,2016/9/20,-2,2013/1/1,2014/1/1,0,0,0,0,1,1,0,0,1,0,0,0,0
245,2013,P_245,,participant,1,2015/3/23,2015,0,Male,Black,1992,18,2,1,2,0,0,0,2016/9/20,-2,2013/1/1,2014/1/1,0,0,0,0,1,1,0,0,1,0,0,0,0
245,2014,C_245_1018319.0,1018319,control,0,2015/3/23,2015,0,Male,Black,1992,18,2,1,2,0,0,0,2016/9/20,-1,2014/1/1,2015/1/1,0,0,0,0,1,1,0,0,1,0,0,0,0
245,2014,P_245,,participant,1,2015/3/23,2015,0,Male,Black,1992,18,2,1,2,0,0,0,2016/9/20,-1,2014/1/1,2015/1/1,0,0,0,0,1,1,0,0,1,0,0,0,0
245,2015,C_245_1018319.0,1018319,control,0,2015/3/23,2015,0,Male,Black,1992,18,2,1,2,0,0,0,2016/9/20,0,2015/1/1,2016/1/1,1,1,0,0,1,1,0,0,1,0,0,0,0
245,2015,P_245,,participant,1,2015/3/23,2015,0,Male,Black,1992,18,2,1,2,0,0,0,2016/9/20,0,2015/1/1,2016/1/1,1,1,0,0,1,1,0,0,1,0,1,0,0
245,2016,C_245_1018319.0,1018319,control,0,2015/3/23,2015,0,Male,Black,1992,18,2,1,2,0,0,0,2016/9/20,1,2016/1/1,2017/1/1,1,1,0,0,1,1,0,0,1,0,0,0,0
245,2016,P_245,,participant,1,2015/3/23,2015,0,Male,Black,1992,18,2,1,2,0,0,0,2016/9/20,1,2016/1/1,2017/1/1,1,1,0,0,1,1,0,0,1,0,1,0,0
248,2013,C_248_1021581.0,1021581,control,0,2015/3/4,2015,0,Male,White,1991,21,1,0,1,0,0,0.516206627,2016/9/1,-2,2013/1/1,2014/1/1,0,0,0,0,0,1,0,0,1,0,0,0,0
248,2013,P_248,,participant,1,2015/3/4,2015,0,Male,White,1991,21,2,0,1,0,0,0,2016/9/1,-2,2013/1/1,2014/1/1,0,0,0,0,0,1,0,0,1,0,0,0,0
248,2014,C_248_1021581.0,1021581,control,0,2015/3/4,2015,0,Male,White,1991,21,1,0,1,0,0,0.516206627,2016/9/1,-1,2014/1/1,2015/1/1,0,0,0,0,1,1,0,0,1,0,0,0,0
248,2014,P_248,,participant,1,2015/3/4,2015,0,Male,White,1991,21,2,0,1,0,0,0,2016/9/1,-1,2014/1/1,2015/1/1,0,0,0,0,1,1,0,0,1,0,0,0,0
248,2015,C_248_1021581.0,1021581,control,0,2015/3/4,2015,0,Male,White,1991,21,1,0,1,0,0,0.516206627,2016/9/1,0,2015/1/1,2016/1/1,1,1,0,0,1,1,0,0,1,0,0,0,0
248,2015,P_248,,participant,1,2015/3/4,2015,0,Male,White,1991,21,2,0,1,0,0,0,2016/9/1,0,2015/1/1,2016/1/1,1,1,0,0,1,1,0,0,1,0,1,0,0
248,2016,C_248_1021581.0,1021581,control,0,2015/3/4,2015,0,Male,White,1991,21,1,0,1,0,0,0.516206627,2016/9/1,1,2016/1/1,2017/1/1,1,1,0,0,1,1,0,0,1,0,0,0,0
248,2016,P_248,,participant,1,2015/3/4,2015,0,Male,White,1991,21,2,0,1,0,0,0,2016/9/1,1,2016/1/1,2017/1/1,1,1,0,0,1,1,0,0,1,0,1,0,0
249,2013,C_249_1059535.0,1059535,control,0,2015/3/23,2015,0,Male,Black,1991,18,2,1,2,0,0,0,2016/9/20,-2,2013/1/1,2014/1/1,0,0,0,0,1,1,0,0,1,0,0,0,0
249,2013,P_249,,participant,1,2015/3/23,2015,0,Male,Black,1991,18,2,1,2,0,0,0,2016/9/20,-2,2013/1/1,2014/1/1,0,0,0,0,1,1,0,0,1,0,0,0,0
249,2014,C_249_1059535.0,1059535,control,0,2015/3/23,2015,0,Male,Black,1991,18,2,1,2,0,0,0,2016/9/20,-1,2014/1/1,2015/1/1,0,0,0,0,1,1,0,0,1,0,0,0,0
249,2014,P_249,,participant,1,2015/3/23,2015,0,Male,Black,1991,18,2,1,2,0,0,0,2016/9/20,-1,2014/1/1,2015/1/1,0,0,0,0,1,1,0,0,1,0,0,0,0
249,2015,C_249_1059535.0,1059535,control,0,2015/3/23,2015,0,Male,Black,1991,18,2,1,2,0,0,0,2016/9/20,0,2015/1/1,2016/1/1,1,1,0,0,1,1,2,1,1,1,0,0,0
249,2015,P_249,,participant,1,2015/3/23,2015,0,Male,Black,1991,18,2,1,2,0,0,0,2016/9/20,0,2015/1/1,2016/1/1,1,1,0,0,1,1,0,0,1,0,1,0,0
249,2016,C_249_1059535.0,1059535,control,0,2015/3/23,2015,0,Male,Black,1991,18,2,1,2,0,0,0,2016/9/20,1,2016/1/1,2017/1/1,1,1,0,0,1,1,0,0,1,0,0,0,0
249,2016,P_249,,participant,1,2015/3/23,2015,0,Male,Black,1991,18,2,1,2,0,0,0,2016/9/20,1,2016/1/1,2017/1/1,1,1,0,0,1,1,0,0,1,0,1,0,0
251,2013,C_251_1485926.0,1485926,control,0,2015/4/13,2015,0,Male,Black,1987,25,4,1,4,0,0,2.715959702,2016/10/11,-2,2013/1/1,2014/1/1,0,0,0,0,0,1,0,0,1,0,0,0,0
251,2013,P_251,,participant,1,2015/4/13,2015,0,Male,Black,1987,25,7,1,3,0,0,0,2016/10/11,-2,2013/1/1,2014/1/1,0,0,0,0,0,1,0,0,1,0,0,0,0
251,2014,C_251_1485926.0,1485926,control,0,2015/4/13,2015,0,Male,Black,1987,25,4,1,4,0,0,2.715959702,2016/10/11,-1,2014/1/1,2015/1/1,0,0,0,0,1,1,0,0,1,0,0,0,0
251,2014,P_251,,participant,1,2015/4/13,2015,0,Male,Black,1987,25,7,1,3,0,0,0,2016/10/11,-1,2014/1/1,2015/1/1,0,0,0,0,1,1,0,0,1,0,0,0,0
251,2015,C_251_1485926.0,1485926,control,0,2015/4/13,2015,0,Male,Black,1987,25,4,1,4,0,0,2.715959702,2016/10/11,0,2015/1/1,2016/1/1,1,1,0,0,1,1,0,0,1,0,0,0,0
251,2015,P_251,,participant,1,2015/4/13,2015,0,Male,Black,1987,25,7,1,3,0,0,0,2016/10/11,0,2015/1/1,2016/1/1,1,1,0,0,1,1,0,0,1,0,1,0,0
251,2016,C_251_1485926.0,1485926,control,0,2015/4/13,2015,0,Male,Black,1987,25,4,1,4,0,0,2.715959702,2016/10/11,1,2016/1/1,2017/1/1,1,1,0,0,1,1,0,0,1,0,0,0,0
251,2016,P_251,,participant,1,2015/4/13,2015,0,Male,Black,1987,25,7,1,3,0,0,0,2016/10/11,1,2016/1/1,2017/1/1,1,1,0,0,1,1,0,0,1,0,1,0,0
259,2013,C_259_1316625.0,1316625,control,0,2015/4/29,2015,0,Male,Black,1991,20,5,1,5,0,0,1.471409872,2016/10/27,-2,2013/1/1,2014/1/1,0,0,0,0,1,1,0,0,1,0,0,0,0
259,2013,P_259,,participant,1,2015/4/29,2015,0,Male,Black,1991,20,8,1,2,0,0,0,2016/10/27,-2,2013/1/1,2014/1/1,0,0,0,0,1,1,0,0,1,0,0,0,0
259,2014,C_259_1316625.0,1316625,control,0,2015/4/29,2015,0,Male,Black,1991,20,5,1,5,0,0,1.471409872,2016/10/27,-1,2014/1/1,2015/1/1,0,0,0,0,1,1,0,0,1,0,0,0,0
259,2014,P_259,,participant,1,2015/4/29,2015,0,Male,Black,1991,20,8,1,2,0,0,0,2016/10/27,-1,2014/1/1,2015/1/1,0,0,0,0,1,1,0,0,1,0,0,0,0
259,2015,C_259_1316625.0,1316625,control,0,2015/4/29,2015,0,Male,Black,1991,20,5,1,5,0,0,1.471409872,2016/10/27,0,2015/1/1,2016/1/1,1,1,0,0,1,1,0,0,1,0,0,0,0
259,2015,P_259,,participant,1,2015/4/29,2015,0,Male,Black,1991,20,8,1,2,0,0,0,2016/10/27,0,2015/1/1,2016/1/1,1,1,0,0,1,1,0,0,1,0,1,0,0
259,2016,C_259_1316625.0,1316625,control,0,2015/4/29,2015,0,Male,Black,1991,20,5,1,5,0,0,1.471409872,2016/10/27,1,2016/1/1,2017/1/1,1,1,0,0,1,1,0,0,1,0,0,0,0
259,2016,P_259,,participant,1,2015/4/29,2015,0,Male,Black,1991,20,8,1,2,0,0,0,2016/10/27,1,2016/1/1,2017/1/1,1,1,0,0,1,1,1,1,1,1,1,0,0
260,2013,C_260_1065111.0,1065111,control,0,2015/4/29,2015,0,Male,Black,1970,28,1,0,1,0,0,0,2016/10/27,-2,2013/1/1,2014/1/1,0,0,0,0,1,1,0,0,1,0,0,0,0
260,2013,P_260,,participant,1,2015/4/29,2015,0,Male,Black,1970,28,1,0,1,0,0,0,2016/10/27,-2,2013/1/1,2014/1/1,0,0,0,0,1,1,0,0,1,0,0,0,0
260,2014,C_260_1065111.0,1065111,control,0,2015/4/29,2015,0,Male,Black,1970,28,1,0,1,0,0,0,2016/10/27,-1,2014/1/1,2015/1/1,0,0,0,0,1,1,0,0,1,0,0,0,0
260,2014,P_260,,participant,1,2015/4/29,2015,0,Male,Black,1970,28,1,0,1,0,0,0,2016/10/27,-1,2014/1/1,2015/1/1,0,0,0,0,1,1,0,0,1,0,0,0,0
260,2015,C_260_1065111.0,1065111,control,0,2015/4/29,2015,0,Male,Black,1970,28,1,0,1,0,0,0,2016/10/27,0,2015/1/1,2016/1/1,1,1,0,0,1,1,0,0,1,0,0,0,0
260,2015,P_260,,participant,1,2015/4/29,2015,0,Male,Black,1970,28,1,0,1,0,0,0,2016/10/27,0,2015/1/1,2016/1/1,1,1,0,0,1,1,0,0,1,0,1,0,0
260,2016,C_260_1065111.0,1065111,control,0,2015/4/29,2015,0,Male,Black,1970,28,1,0,1,0,0,0,2016/10/27,1,2016/1/1,2017/1/1,1,1,0,0,1,1,0,0,1,0,0,0,0
260,2016,P_260,,participant,1,2015/4/29,2015,0,Male,Black,1970,28,1,0,1,0,0,0,2016/10/27,1,2016/1/1,2017/1/1,1,1,0,0,1,1,0,0,1,0,1,0,0
262,2013,C_262_1688826.0,1688826,control,0,2015/5/4,2015,0,Male,Black,1988,23,4,0,4,0,0,0.579766816,2016/11/1,-2,2013/1/1,2014/1/1,0,0,0,0,1,1,0,0,1,0,0,0,0
262,2013,P_262,,participant,1,2015/5/4,2015,0,Male,Black,1988,23,5,0,3,0,0,0,2016/11/1,-2,2013/1/1,2014/1/1,0,0,0,0,1,1,0,0,1,0,0,0,0
262,2014,C_262_1688826.0,1688826,control,0,2015/5/4,2015,0,Male,Black,1988,23,4,0,4,0,0,0.579766816,2016/11/1,-1,2014/1/1,2015/1/1,0,0,0,0,1,1,0,0,1,0,0,0,0
262,2014,P_262,,participant,1,2015/5/4,2015,0,Male,Black,1988,23,5,0,3,0,0,0,2016/11/1,-1,2014/1/1,2015/1/1,0,0,0,0,1,1,0,0,1,0,0,0,0
262,2015,C_262_1688826.0,1688826,control,0,2015/5/4,2015,0,Male,Black,1988,23,4,0,4,0,0,0.579766816,2016/11/1,0,2015/1/1,2016/1/1,1,1,0,0,1,1,0,0,1,0,0,0,0
262,2015,P_262,,participant,1,2015/5/4,2015,0,Male,Black,1988,23,5,0,3,0,0,0,2016/11/1,0,2015/1/1,2016/1/1,1,1,0,0,1,1,0,0,1,0,1,0,0
262,2016,C_262_1688826.0,1688826,control,0,2015/5/4,2015,0,Male,Black,1988,23,4,0,4,0,0,0.579766816,2016/11/1,1,2016/1/1,2017/1/1,1,1,0,0,1,1,0,0,1,0,0,0,0
262,2016,P_262,,participant,1,2015/5/4,2015,0,Male,Black,1988,23,5,0,3,0,0,0,2016/11/1,1,2016/1/1,2017/1/1,1,1,0,0,1,1,0,0,1,0,1,0,0
264,2013,C_264_1666172.0,1666172,control,0,2015/4/27,2015,0,Male,Black,1983,19,1,1,3,0,0,0.353550555,2016/10/25,-2,2013/1/1,2014/1/1,0,0,0,0,1,1,0,0,1,0,0,0,0
264,2013,P_264,,participant,1,2015/4/27,2015,0,Male,Black,1983,19,2,1,4,0,0,0,2016/10/25,-2,2013/1/1,2014/1/1,0,0,0,0,1,1,0,0,1,0,0,0,0
264,2014,C_264_1666172.0,1666172,control,0,2015/4/27,2015,0,Male,Black,1983,19,1,1,3,0,0,0.353550555,2016/10/25,-1,2014/1/1,2015/1/1,0,0,0,0,1,1,0,0,1,0,0,0,0
264,2014,P_264,,participant,1,2015/4/27,2015,0,Male,Black,1983,19,2,1,4,0,0,0,2016/10/25,-1,2014/1/1,2015/1/1,0,0,0,0,1,1,0,0,1,0,0,0,0
264,2015,C_264_1666172.0,1666172,control,0,2015/4/27,2015,0,Male,Black,1983,19,1,1,3,0,0,0.353550555,2016/10/25,0,2015/1/1,2016/1/1,1,1,0,0,1,1,0,0,1,0,0,0,0
264,2015,P_264,,participant,1,2015/4/27,2015,0,Male,Black,1983,19,2,1,4,0,0,0,2016/10/25,0,2015/1/1,2016/1/1,1,1,0,0,1,1,1,1,1,1,1,0,0
264,2016,C_264_1666172.0,1666172,control,0,2015/4/27,2015,0,Male,Black,1983,19,1,1,3,0,0,0.353550555,2016/10/25,1,2016/1/1,2017/1/1,1,1,0,0,1,1,0,0,1,0,0,0,0
264,2016,P_264,,participant,1,2015/4/27,2015,0,Male,Black,1983,19,2,1,4,0,0,0,2016/10/25,1,2016/1/1,2017/1/1,1,1,0,0,1,1,0,0,1,0,1,0,0
266,2013,C_266_1135293.0,1135293,control,0,2015/4/27,2015,0,Male,Black,1980,22,1,1,1,0,0,0,2016/10/25,-2,2013/1/1,2014/1/1,0,0,0,0,1,1,0,0,1,0,0,0,0
266,2013,P_266,,participant,1,2015/4/27,2015,0,Male,Black,1980,22,1,1,1,0,0,0,2016/10/25,-2,2013/1/1,2014/1/1,0,0,0,0,1,1,0,0,1,0,0,0,0
266,2014,C_266_1135293.0,1135293,control,0,2015/4/27,2015,0,Male,Black,1980,22,1,1,1,0,0,0,2016/10/25,-1,2014/1/1,2015/1/1,0,0,0,0,1,1,0,0,1,0,0,0,0
266,2014,P_266,,participant,1,2015/4/27,2015,0,Male,Black,1980,22,1,1,1,0,0,0,2016/10/25,-1,2014/1/1,2015/1/1,0,0,0,0,1,1,0,0,1,0,0,0,0
266,2015,C_266_1135293.0,1135293,control,0,2015/4/27,2015,0,Male,Black,1980,22,1,1,1,0,0,0,2016/10/25,0,2015/1/1,2016/1/1,1,1,0,0,1,1,0,0,1,0,0,0,0
266,2015,P_266,,participant,1,2015/4/27,2015,0,Male,Black,1980,22,1,1,1,0,0,0,2016/10/25,0,2015/1/1,2016/1/1,1,1,0,0,1,1,0,0,1,0,1,0,0
266,2016,C_266_1135293.0,1135293,control,0,2015/4/27,2015,0,Male,Black,1980,22,1,1,1,0,0,0,2016/10/25,1,2016/1/1,2017/1/1,1,1,0,0,1,1,0,0,1,0,0,0,0
266,2016,P_266,,participant,1,2015/4/27,2015,0,Male,Black,1980,22,1,1,1,0,0,0,2016/10/25,1,2016/1/1,2017/1/1,1,1,0,0,1,1,0,0,1,0,1,0,0
267,2013,C_267_1776512.0,1776512,control,0,2015/5/4,2015,0,Male,Black,1988,23,5,0,5,0,0,1.610278147,2016/11/1,-2,2013/1/1,2014/1/1,0,0,0,0,1,1,0,0,1,0,0,0,0
267,2013,P_267,,participant,1,2015/5/4,2015,0,Male,Black,1988,23,8,0,3,0,0,0,2016/11/1,-2,2013/1/1,2014/1/1,0,0,0,0,1,1,0,0,1,0,0,0,0
267,2014,C_267_1776512.0,1776512,control,0,2015/5/4,2015,0,Male,Black,1988,23,5,0,5,0,0,1.610278147,2016/11/1,-1,2014/1/1,2015/1/1,0,0,0,0,1,1,0,0,1,0,0,0,0
267,2014,P_267,,participant,1,2015/5/4,2015,0,Male,Black,1988,23,8,0,3,0,0,0,2016/11/1,-1,2014/1/1,2015/1/1,0,0,0,0,1,1,0,0,1,0,0,0,0
267,2015,C_267_1776512.0,1776512,control,0,2015/5/4,2015,0,Male,Black,1988,23,5,0,5,0,0,1.610278147,2016/11/1,0,2015/1/1,2016/1/1,1,1,0,0,1,1,0,0,1,0,0,0,0
267,2015,P_267,,participant,1,2015/5/4,2015,0,Male,Black,1988,23,8,0,3,0,0,0,2016/11/1,0,2015/1/1,2016/1/1,1,1,0,0,1,1,0,0,1,0,1,0,0
267,2016,C_267_1776512.0,1776512,control,0,2015/5/4,2015,0,Male,Black,1988,23,5,0,5,0,0,1.610278147,2016/11/1,1,2016/1/1,2017/1/1,1,1,0,0,1,1,0,0,1,0,0,0,0
267,2016,P_267,,participant,1,2015/5/4,2015,0,Male,Black,1988,23,8,0,3,0,0,0,2016/11/1,1,2016/1/1,2017/1/1,1,1,0,0,1,1,0,0,1,0,1,0,0
268,2013,C_268_1693051.0,1693051,control,0,2015/5/20,2015,0,Male,Black,1982,24,3,1,3,0,0,0.32264929,2016/11/17,-2,2013/1/1,2014/1/1,0,0,0,0,1,1,0,0,1,0,0,0,0
268,2013,P_268,,participant,1,2015/5/20,2015,0,Male,Black,1982,24,3,1,2,0,0,0,2016/11/17,-2,2013/1/1,2014/1/1,0,0,0,0,1,1,0,0,1,0,0,0,0
268,2014,C_268_1693051.0,1693051,control,0,2015/5/20,2015,0,Male,Black,1982,24,3,1,3,0,0,0.32264929,2016/11/17,-1,2014/1/1,2015/1/1,0,0,0,0,1,1,0,0,1,0,0,0,0
268,2014,P_268,,participant,1,2015/5/20,2015,0,Male,Black,1982,24,3,1,2,0,0,0,2016/11/17,-1,2014/1/1,2015/1/1,0,0,0,0,1,1,0,0,1,0,0,0,0
268,2015,C_268_1693051.0,1693051,control,0,2015/5/20,2015,0,Male,Black,1982,24,3,1,3,0,0,0.32264929,2016/11/17,0,2015/1/1,2016/1/1,1,1,0,0,1,1,0,0,1,0,0,0,0
268,2015,P_268,,participant,1,2015/5/20,2015,0,Male,Black,1982,24,3,1,2,0,0,0,2016/11/17,0,2015/1/1,2016/1/1,1,1,0,0,1,1,0,0,1,0,1,0,0
268,2016,C_268_1693051.0,1693051,control,0,2015/5/20,2015,0,Male,Black,1982,24,3,1,3,0,0,0.32264929,2016/11/17,1,2016/1/1,2017/1/1,1,1,0,0,1,1,0,0,1,0,0,0,0
268,2016,P_268,,participant,1,2015/5/20,2015,0,Male,Black,1982,24,3,1,2,0,0,0,2016/11/17,1,2016/1/1,2017/1/1,1,1,0,0,1,1,0,0,1,0,1,0,0
276,2013,C_276_1046210.0,1046210,control,0,2015/6/1,2015,0,Male,Black,1990,19,6,1,6,0,0,0.996406679,2016/11/29,-2,2013/1/1,2014/1/1,0,0,0,0,1,1,0,0,1,0,0,0,0
276,2013,P_276,,participant,1,2015/6/1,2015,0,Male,Black,1990,19,8,1,3,0,0,0,2016/11/29,-2,2013/1/1,2014/1/1,0,0,0,0,1,1,0,0,1,0,0,0,0
276,2014,C_276_1046210.0,1046210,control,0,2015/6/1,2015,0,Male,Black,1990,19,6,1,6,0,0,0.996406679,2016/11/29,-1,2014/1/1,2015/1/1,0,0,0,0,1,1,0,0,1,0,0,0,0
276,2014,P_276,,participant,1,2015/6/1,2015,0,Male,Black,1990,19,8,1,3,0,0,0,2016/11/29,-1,2014/1/1,2015/1/1,0,0,0,0,1,1,0,0,1,0,0,0,0
276,2015,C_276_1046210.0,1046210,control,0,2015/6/1,2015,0,Male,Black,1990,19,6,1,6,0,0,0.996406679,2016/11/29,0,2015/1/1,2016/1/1,1,1,0,0,1,1,0,0,1,0,0,0,0
276,2015,P_276,,participant,1,2015/6/1,2015,0,Male,Black,1990,19,8,1,3,0,0,0,2016/11/29,0,2015/1/1,2016/1/1,1,1,0,0,1,1,0,0,1,0,1,0,0
276,2016,C_276_1046210.0,1046210,control,0,2015/6/1,2015,0,Male,Black,1990,19,6,1,6,0,0,0.996406679,2016/11/29,1,2016/1/1,2017/1/1,1,1,0,0,1,1,0,0,1,0,0,0,0
276,2016,P_276,,participant,1,2015/6/1,2015,0,Male,Black,1990,19,8,1,3,0,0,0,2016/11/29,1,2016/1/1,2017/1/1,1,1,0,0,1,1,0,0,1,0,1,0,0
281,2013,C_281_1150930.0,1150930,control,0,2015/6/1,2015,0,Male,Black,1986,18,6,1,6,0,0,0.725314716,2016/11/29,-2,2013/1/1,2014/1/1,0,0,0,0,1,1,0,0,1,0,0,0,0
281,2013,P_281,,participant,1,2015/6/1,2015,0,Male,Black,1986,18,8,1,4,0,0,0,2016/11/29,-2,2013/1/1,2014/1/1,0,0,0,0,1,1,0,0,1,0,0,0,0
281,2014,C_281_1150930.0,1150930,control,0,2015/6/1,2015,0,Male,Black,1986,18,6,1,6,0,0,0.725314716,2016/11/29,-1,2014/1/1,2015/1/1,0,0,0,0,1,1,0,0,1,0,0,0,0
281,2014,P_281,,participant,1,2015/6/1,2015,0,Male,Black,1986,18,8,1,4,0,0,0,2016/11/29,-1,2014/1/1,2015/1/1,0,0,0,0,1,1,0,0,1,0,0,0,0
281,2015,C_281_1150930.0,1150930,control,0,2015/6/1,2015,0,Male,Black,1986,18,6,1,6,0,0,0.725314716,2016/11/29,0,2015/1/1,2016/1/1,1,1,0,0,1,1,0,0,1,0,0,0,0
281,2015,P_281,,participant,1,2015/6/1,2015,0,Male,Black,1986,18,8,1,4,0,0,0,2016/11/29,0,2015/1/1,2016/1/1,1,1,0,0,1,1,0,0,1,0,1,0,0
281,2016,C_281_1150930.0,1150930,control,0,2015/6/1,2015,0,Male,Black,1986,18,6,1,6,0,0,0.725314716,2016/11/29,1,2016/1/1,2017/1/1,1,1,0,0,1,1,1,1,1,1,0,0,0
281,2016,P_281,,participant,1,2015/6/1,2015,0,Male,Black,1986,18,8,1,4,0,0,0,2016/11/29,1,2016/1/1,2017/1/1,1,1,0,0,1,1,0,0,1,0,1,0,0
282,2013,C_282_1017167.0,1017167,control,0,2015/6/1,2015,0,Male,Black,1969,44,1,0,1,0,0,0,2016/11/29,-2,2013/1/1,2014/1/1,0,0,0,0,0,0,0,0,1,0,0,0,0
282,2013,P_282,,participant,1,2015/6/1,2015,0,Male,Black,1969,44,1,0,1,0,0,0,2016/11/29,-2,2013/1/1,2014/1/1,0,0,0,0,0,1,0,0,1,0,0,0,0
282,2014,C_282_1017167.0,1017167,control,0,2015/6/1,2015,0,Male,Black,1969,44,1,0,1,0,0,0,2016/11/29,-1,2014/1/1,2015/1/1,0,0,0,0,0,1,0,0,1,0,0,0,0
282,2014,P_282,,participant,1,2015/6/1,2015,0,Male,Black,1969,44,1,0,1,0,0,0,2016/11/29,-1,2014/1/1,2015/1/1,0,0,0,0,1,1,0,0,1,0,0,0,0
282,2015,C_282_1017167.0,1017167,control,0,2015/6/1,2015,0,Male,Black,1969,44,1,0,1,0,0,0,2016/11/29,0,2015/1/1,2016/1/1,1,1,0,0,1,1,0,0,1,0,0,0,0
282,2015,P_282,,participant,1,2015/6/1,2015,0,Male,Black,1969,44,1,0,1,0,0,0,2016/11/29,0,2015/1/1,2016/1/1,1,1,0,0,1,1,0,0,1,0,1,0,0
282,2016,C_282_1017167.0,1017167,control,0,2015/6/1,2015,0,Male,Black,1969,44,1,0,1,0,0,0,2016/11/29,1,2016/1/1,2017/1/1,1,1,0,0,1,1,0,0,1,0,0,0,0
282,2016,P_282,,participant,1,2015/6/1,2015,0,Male,Black,1969,44,1,0,1,0,0,0,2016/11/29,1,2016/1/1,2017/1/1,1,1,0,0,1,1,0,0,1,0,1,0,0
284,2013,C_284_1813520.0,1813520,control,0,2015/6/15,2015,0,Male,Black,1978,23,11,1,11,0,0,3.476048891,2016/12/13,-2,2013/1/1,2014/1/1,0,0,0,0,1,1,0,0,1,0,0,0,0
284,2013,P_284,,participant,1,2015/6/15,2015,0,Male,Black,1978,23,20,1,7,0,0,0,2016/12/13,-2,2013/1/1,2014/1/1,0,0,0,0,1,1,0,0,1,0,0,0,0
284,2014,C_284_1813520.0,1813520,control,0,2015/6/15,2015,0,Male,Black,1978,23,11,1,11,0,0,3.476048891,2016/12/13,-1,2014/1/1,2015/1/1,0,0,0,0,1,1,0,0,1,0,0,0,0
284,2014,P_284,,participant,1,2015/6/15,2015,0,Male,Black,1978,23,20,1,7,0,0,0,2016/12/13,-1,2014/1/1,2015/1/1,0,0,0,0,1,1,0,0,1,0,0,0,0
284,2015,C_284_1813520.0,1813520,control,0,2015/6/15,2015,0,Male,Black,1978,23,11,1,11,0,0,3.476048891,2016/12/13,0,2015/1/1,2016/1/1,1,1,0,0,1,1,0,0,1,0,0,0,0
284,2015,P_284,,participant,1,2015/6/15,2015,0,Male,Black,1978,23,20,1,7,0,0,0,2016/12/13,0,2015/1/1,2016/1/1,1,1,0,0,1,1,0,0,1,0,1,0,0
284,2016,C_284_1813520.0,1813520,control,0,2015/6/15,2015,0,Male,Black,1978,23,11,1,11,0,0,3.476048891,2016/12/13,1,2016/1/1,2017/1/1,1,1,0,0,1,1,0,0,1,0,0,0,0
284,2016,P_284,,participant,1,2015/6/15,2015,0,Male,Black,1978,23,20,1,7,0,0,0,2016/12/13,1,2016/1/1,2017/1/1,1,1,0,0,1,1,0,0,1,0,1,0,0
287,2013,C_287_1558281.0,1558281,control,0,2015/6/8,2015,0,Female,Black,1986,23,5,0,5,0,0,2.685554729,2016/12/6,-2,2013/1/1,2014/1/1,0,0,0,0,1,1,0,0,1,0,0,0,0
287,2013,P_287,,participant,1,2015/6/8,2015,0,Female,Black,1986,23,6,1,4,0,0,0,2016/12/6,-2,2013/1/1,2014/1/1,0,0,0,0,1,1,0,0,1,0,0,0,0
287,2014,C_287_1558281.0,1558281,control,0,2015/6/8,2015,0,Female,Black,1986,23,5,0,5,0,0,2.685554729,2016/12/6,-1,2014/1/1,2015/1/1,0,0,0,0,1,1,0,0,1,0,0,0,0
287,2014,P_287,,participant,1,2015/6/8,2015,0,Female,Black,1986,23,6,1,4,0,0,0,2016/12/6,-1,2014/1/1,2015/1/1,0,0,0,0,1,1,0,0,1,0,0,0,0
287,2015,C_287_1558281.0,1558281,control,0,2015/6/8,2015,0,Female,Black,1986,23,5,0,5,0,0,2.685554729,2016/12/6,0,2015/1/1,2016/1/1,1,1,0,0,1,1,1,1,1,1,0,0,0
287,2015,P_287,,participant,1,2015/6/8,2015,0,Female,Black,1986,23,6,1,4,0,0,0,2016/12/6,0,2015/1/1,2016/1/1,1,1,0,0,1,1,0,0,1,0,1,0,0
287,2016,C_287_1558281.0,1558281,control,0,2015/6/8,2015,0,Female,Black,1986,23,5,0,5,0,0,2.685554729,2016/12/6,1,2016/1/1,2017/1/1,1,1,0,0,1,1,3,1,1,1,0,0,0
287,2016,P_287,,participant,1,2015/6/8,2015,0,Female,Black,1986,23,6,1,4,0,0,0,2016/12/6,1,2016/1/1,2017/1/1,1,1,0,0,1,1,0,0,1,0,1,0,0
294,2013,C_294_1624088.0,1624088,control,0,2015/6/29,2015,0,Male,White,1990,19,7,0,7,0,0,2.317919334,2016/12/27,-2,2013/1/1,2014/1/1,0,0,0,0,1,1,0,0,1,0,0,0,0
294,2013,P_294,,participant,1,2015/6/29,2015,0,Male,White,1990,19,13,0,5,0,0,0,2016/12/27,-2,2013/1/1,2014/1/1,0,0,0,0,1,1,0,0,1,0,0,0,0
294,2014,C_294_1624088.0,1624088,control,0,2015/6/29,2015,0,Male,White,1990,19,7,0,7,0,0,2.317919334,2016/12/27,-1,2014/1/1,2015/1/1,0,0,0,0,1,1,0,0,1,0,0,0,0
294,2014,P_294,,participant,1,2015/6/29,2015,0,Male,White,1990,19,13,0,5,0,0,0,2016/12/27,-1,2014/1/1,2015/1/1,0,0,0,0,1,1,0,0,1,0,0,0,0
294,2015,C_294_1624088.0,1624088,control,0,2015/6/29,2015,0,Male,White,1990,19,7,0,7,0,0,2.317919334,2016/12/27,0,2015/1/1,2016/1/1,1,1,0,0,1,1,0,0,1,0,0,0,0
294,2015,P_294,,participant,1,2015/6/29,2015,0,Male,White,1990,19,13,0,5,0,0,0,2016/12/27,0,2015/1/1,2016/1/1,1,1,0,0,1,1,0,0,1,0,1,0,0
294,2016,C_294_1624088.0,1624088,control,0,2015/6/29,2015,0,Male,White,1990,19,7,0,7,0,0,2.317919334,2016/12/27,1,2016/1/1,2017/1/1,1,1,0,0,1,1,1,1,1,1,0,0,0
294,2016,P_294,,participant,1,2015/6/29,2015,0,Male,White,1990,19,13,0,5,0,0,0,2016/12/27,1,2016/1/1,2017/1/1,1,1,0,0,1,1,1,1,1,1,1,0,0
308,2013,C_308_1702049.0,1702049,control,0,2015/7/20,2015,0,Male,Black,1975,26,4,1,4,0,0,0,2017/1/17,-2,2013/1/1,2014/1/1,0,0,0,0,1,1,0,0,1,0,0,0,0
308,2013,P_308,,participant,1,2015/7/20,2015,0,Male,Black,1975,26,4,1,4,0,0,0,2017/1/17,-2,2013/1/1,2014/1/1,0,0,0,0,1,1,0,0,1,0,0,0,0
308,2014,C_308_1702049.0,1702049,control,0,2015/7/20,2015,0,Male,Black,1975,26,4,1,4,0,0,0,2017/1/17,-1,2014/1/1,2015/1/1,0,0,0,0,1,1,0,0,1,0,0,0,0
308,2014,P_308,,participant,1,2015/7/20,2015,0,Male,Black,1975,26,4,1,4,0,0,0,2017/1/17,-1,2014/1/1,2015/1/1,0,0,0,0,1,1,0,0,1,0,0,0,0
308,2015,C_308_1702049.0,1702049,control,0,2015/7/20,2015,0,Male,Black,1975,26,4,1,4,0,0,0,2017/1/17,0,2015/1/1,2016/1/1,1,1,0,0,1,1,0,0,1,0,0,0,0
308,2015,P_308,,participant,1,2015/7/20,2015,0,Male,Black,1975,26,4,1,4,0,0,0,2017/1/17,0,2015/1/1,2016/1/1,1,1,0,0,1,1,0,0,1,0,1,0,0
308,2016,C_308_1702049.0,1702049,control,0,2015/7/20,2015,0,Male,Black,1975,26,4,1,4,0,0,0,2017/1/17,1,2016/1/1,2017/1/1,1,1,0,0,1,1,0,0,1,0,0,0,0
308,2016,P_308,,participant,1,2015/7/20,2015,0,Male,Black,1975,26,4,1,4,0,0,0,2017/1/17,1,2016/1/1,2017/1/1,1,1,0,0,1,1,0,0,1,0,1,0,0
309,2013,C_309_1052323.0,1052323,control,0,2015/7/28,2015,0,Male,Black,1995,18,4,1,4,0,0,0.454276214,2017/1/25,-2,2013/1/1,2014/1/1,0,0,0,0,0,1,0,0,1,0,0,0,0
309,2013,P_309,,participant,1,2015/7/28,2015,0,Male,Black,1995,18,3,1,5,0,0,0,2017/1/25,-2,2013/1/1,2014/1/1,0,0,0,0,1,1,0,0,1,0,0,0,0
309,2014,C_309_1052323.0,1052323,control,0,2015/7/28,2015,0,Male,Black,1995,18,4,1,4,0,0,0.454276214,2017/1/25,-1,2014/1/1,2015/1/1,0,0,0,0,1,1,0,0,1,0,0,0,0
309,2014,P_309,,participant,1,2015/7/28,2015,0,Male,Black,1995,18,3,1,5,0,0,0,2017/1/25,-1,2014/1/1,2015/1/1,0,0,0,0,1,1,0,0,1,0,0,0,0
309,2015,C_309_1052323.0,1052323,control,0,2015/7/28,2015,0,Male,Black,1995,18,4,1,4,0,0,0.454276214,2017/1/25,0,2015/1/1,2016/1/1,1,1,0,0,1,1,0,0,1,0,0,0,0
309,2015,P_309,,participant,1,2015/7/28,2015,0,Male,Black,1995,18,3,1,5,0,0,0,2017/1/25,0,2015/1/1,2016/1/1,1,1,0,0,1,1,3,1,1,1,1,0,0
309,2016,C_309_1052323.0,1052323,control,0,2015/7/28,2015,0,Male,Black,1995,18,4,1,4,0,0,0.454276214,2017/1/25,1,2016/1/1,2017/1/1,1,1,0,0,1,1,0,0,1,0,0,0,0
309,2016,P_309,,participant,1,2015/7/28,2015,0,Male,Black,1995,18,3,1,5,0,0,0,2017/1/25,1,2016/1/1,2017/1/1,1,1,0,0,1,1,0,0,1,0,1,0,0
311,2013,C_311_1107003.0,1107003,control,0,2015/8/3,2015,0,Male,Black,1991,20,1,0,1,0,0,0,2017/1/31,-2,2013/1/1,2014/1/1,0,0,0,0,1,1,0,0,1,0,0,0,0
311,2013,P_311,,participant,1,2015/8/3,2015,0,Male,Black,1991,20,1,0,1,0,0,0,2017/1/31,-2,2013/1/1,2014/1/1,0,0,0,0,1,1,0,0,1,0,0,0,0
311,2014,C_311_1107003.0,1107003,control,0,2015/8/3,2015,0,Male,Black,1991,20,1,0,1,0,0,0,2017/1/31,-1,2014/1/1,2015/1/1,0,0,0,0,1,1,0,0,1,0,0,0,0
311,2014,P_311,,participant,1,2015/8/3,2015,0,Male,Black,1991,20,1,0,1,0,0,0,2017/1/31,-1,2014/1/1,2015/1/1,0,0,0,0,1,1,0,0,1,0,0,0,0
311,2015,C_311_1107003.0,1107003,control,0,2015/8/3,2015,0,Male,Black,1991,20,1,0,1,0,0,0,2017/1/31,0,2015/1/1,2016/1/1,1,1,0,0,1,1,0,0,1,0,0,0,0
311,2015,P_311,,participant,1,2015/8/3,2015,0,Male,Black,1991,20,1,0,1,0,0,0,2017/1/31,0,2015/1/1,2016/1/1,1,1,0,0,1,1,0,0,1,0,1,0,0
311,2016,C_311_1107003.0,1107003,control,0,2015/8/3,2015,0,Male,Black,1991,20,1,0,1,0,0,0,2017/1/31,1,2016/1/1,2017/1/1,1,1,0,0,1,1,0,0,1,0,0,0,0
311,2016,P_311,,participant,1,2015/8/3,2015,0,Male,Black,1991,20,1,0,1,0,0,0,2017/1/31,1,2016/1/1,2017/1/1,1,1,0,0,1,1,1,1,1,1,1,0,0
314,2013,C_314_1040872.0,1040872,control,0,2015/8/10,2015,0,Male,Black,1995,19,1,0,1,0,0,0,2017/2/7,-2,2013/1/1,2014/1/1,0,0,0,0,0,0,0,0,1,0,0,0,0
314,2013,P_314,,participant,1,2015/8/10,2015,0,Male,Black,1995,19,1,0,1,0,0,0,2017/2/7,-2,2013/1/1,2014/1/1,0,0,0,0,0,0,0,0,1,0,0,0,0
314,2014,C_314_1040872.0,1040872,control,0,2015/8/10,2015,0,Male,Black,1995,19,1,0,1,0,0,0,2017/2/7,-1,2014/1/1,2015/1/1,0,0,0,0,0,1,0,0,1,0,0,0,0
314,2014,P_314,,participant,1,2015/8/10,2015,0,Male,Black,1995,19,1,0,1,0,0,0,2017/2/7,-1,2014/1/1,2015/1/1,0,0,0,0,0,1,0,0,1,0,0,0,0
314,2015,C_314_1040872.0,1040872,control,0,2015/8/10,2015,0,Male,Black,1995,19,1,0,1,0,0,0,2017/2/7,0,2015/1/1,2016/1/1,1,1,0,0,1,1,0,0,1,0,0,0,0
314,2015,P_314,,participant,1,2015/8/10,2015,0,Male,Black,1995,19,1,0,1,0,0,0,2017/2/7,0,2015/1/1,2016/1/1,1,1,0,0,1,1,0,0,1,0,1,0,0
314,2016,C_314_1040872.0,1040872,control,0,2015/8/10,2015,0,Male,Black,1995,19,1,0,1,0,0,0,2017/2/7,1,2016/1/1,2017/1/1,1,1,0,0,1,1,0,0,1,0,0,0,0
314,2016,P_314,,participant,1,2015/8/10,2015,0,Male,Black,1995,19,1,0,1,0,0,0,2017/2/7,1,2016/1/1,2017/1/1,1,1,0,0,1,1,0,0,1,0,1,0,0
316,2013,C_316_1598117.0,1598117,control,0,2015/8/31,2015,0,Male,Black,1982,,2,0,0,0,0,2,2017/2/28,-2,2013/1/1,2014/1/1,0,0,0,0,0,0,0,0,0,0,0,0,0
316,2013,P_316,,participant,1,2015/8/31,2015,0,Male,Black,1982,,0,0,0,0,0,0,2017/2/28,-2,2013/1/1,2014/1/1,0,0,0,0,0,0,0,0,0,0,0,0,0
316,2014,C_316_1598117.0,1598117,control,0,2015/8/31,2015,0,Male,Black,1982,,2,0,0,0,0,2,2017/2/28,-1,2014/1/1,2015/1/1,0,0,0,0,0,0,0,0,0,0,0,0,0
316,2014,P_316,,participant,1,2015/8/31,2015,0,Male,Black,1982,,0,0,0,0,0,0,2017/2/28,-1,2014/1/1,2015/1/1,0,0,0,0,0,0,0,0,0,0,0,0,0
316,2015,C_316_1598117.0,1598117,control,0,2015/8/31,2015,0,Male,Black,1982,,2,0,0,0,0,2,2017/2/28,0,2015/1/1,2016/1/1,1,1,0,0,0,0,0,0,0,0,0,0,0
316,2015,P_316,,participant,1,2015/8/31,2015,0,Male,Black,1982,,0,0,0,0,0,0,2017/2/28,0,2015/1/1,2016/1/1,1,1,0,0,0,0,0,0,0,0,1,0,0
316,2016,C_316_1598117.0,1598117,control,0,2015/8/31,2015,0,Male,Black,1982,,2,0,0,0,0,2,2017/2/28,1,2016/1/1,2017/1/1,1,1,0,0,0,0,0,0,0,0,0,0,0
316,2016,P_316,,participant,1,2015/8/31,2015,0,Male,Black,1982,,0,0,0,0,0,0,2017/2/28,1,2016/1/1,2017/1/1,1,1,0,0,0,0,0,0,0,0,1,0,0
318,2013,C_318_1265579.0,1265579,control,0,2015/8/17,2015,0,Male,Black,1988,17,3,1,3,0,0,0.333337719,2017/2/14,-2,2013/1/1,2014/1/1,0,0,0,0,1,1,0,0,1,0,0,0,0
318,2013,P_318,,participant,1,2015/8/17,2015,0,Male,Black,1988,17,4,1,2,0,0,0,2017/2/14,-2,2013/1/1,2014/1/1,0,0,0,0,1,1,0,0,1,0,0,0,0
318,2014,C_318_1265579.0,1265579,control,0,2015/8/17,2015,0,Male,Black,1988,17,3,1,3,0,0,0.333337719,2017/2/14,-1,2014/1/1,2015/1/1,0,0,0,0,1,1,0,0,1,0,0,0,0
318,2014,P_318,,participant,1,2015/8/17,2015,0,Male,Black,1988,17,4,1,2,0,0,0,2017/2/14,-1,2014/1/1,2015/1/1,0,0,0,0,1,1,0,0,1,0,0,0,0
318,2015,C_318_1265579.0,1265579,control,0,2015/8/17,2015,0,Male,Black,1988,17,3,1,3,0,0,0.333337719,2017/2/14,0,2015/1/1,2016/1/1,1,1,0,0,1,1,0,0,1,0,0,0,0
318,2015,P_318,,participant,1,2015/8/17,2015,0,Male,Black,1988,17,4,1,2,0,0,0,2017/2/14,0,2015/1/1,2016/1/1,1,1,0,0,1,1,0,0,1,0,1,0,0
318,2016,C_318_1265579.0,1265579,control,0,2015/8/17,2015,0,Male,Black,1988,17,3,1,3,0,0,0.333337719,2017/2/14,1,2016/1/1,2017/1/1,1,1,0,0,1,1,0,0,1,0,0,0,0
318,2016,P_318,,participant,1,2015/8/17,2015,0,Male,Black,1988,17,4,1,2,0,0,0,2017/2/14,1,2016/1/1,2017/1/1,1,1,0,0,1,1,0,0,1,0,1,0,0
321,2013,C_321_1068952.0,1068952,control,0,2015/8/31,2015,0,Male,Black,1994,19,3,1,3,0,0,0.348614278,2017/2/28,-2,2013/1/1,2014/1/1,0,0,0,0,0,1,0,0,1,0,0,0,0
321,2013,P_321,,participant,1,2015/8/31,2015,0,Male,Black,1994,19,3,1,2,0,0,0,2017/2/28,-2,2013/1/1,2014/1/1,0,0,0,0,0,1,0,0,1,0,0,0,0
321,2014,C_321_1068952.0,1068952,control,0,2015/8/31,2015,0,Male,Black,1994,19,3,1,3,0,0,0.348614278,2017/2/28,-1,2014/1/1,2015/1/1,0,0,0,0,1,1,0,0,1,0,0,0,0
321,2014,P_321,,participant,1,2015/8/31,2015,0,Male,Black,1994,19,3,1,2,0,0,0,2017/2/28,-1,2014/1/1,2015/1/1,0,0,0,0,1,1,0,0,1,0,0,0,0
321,2015,C_321_1068952.0,1068952,control,0,2015/8/31,2015,0,Male,Black,1994,19,3,1,3,0,0,0.348614278,2017/2/28,0,2015/1/1,2016/1/1,1,1,0,0,1,1,0,0,1,0,0,0,0
321,2015,P_321,,participant,1,2015/8/31,2015,0,Male,Black,1994,19,3,1,2,0,0,0,2017/2/28,0,2015/1/1,2016/1/1,1,1,0,0,1,1,0,0,1,0,1,0,0
321,2016,C_321_1068952.0,1068952,control,0,2015/8/31,2015,0,Male,Black,1994,19,3,1,3,0,0,0.348614278,2017/2/28,1,2016/1/1,2017/1/1,1,1,0,0,1,1,0,0,1,0,0,0,0
321,2016,P_321,,participant,1,2015/8/31,2015,0,Male,Black,1994,19,3,1,2,0,0,0,2017/2/28,1,2016/1/1,2017/1/1,1,1,0,0,1,1,0,0,1,0,1,0,0
322,2013,C_322_1283197.0,1283197,control,0,2015/9/14,2015,0,Male,Black,1992,22,3,1,3,0,0,1.7387914,2017/3/14,-2,2013/1/1,2014/1/1,0,0,0,0,0,0,0,0,1,0,0,0,0
322,2013,P_322,,participant,1,2015/9/14,2015,0,Male,Black,1992,22,4,1,1,0,0,0,2017/3/14,-2,2013/1/1,2014/1/1,0,0,0,0,0,0,0,0,1,0,0,0,0
322,2014,C_322_1283197.0,1283197,control,0,2015/9/14,2015,0,Male,Black,1992,22,3,1,3,0,0,1.7387914,2017/3/14,-1,2014/1/1,2015/1/1,0,0,0,0,0,1,0,0,1,0,0,0,0
322,2014,P_322,,participant,1,2015/9/14,2015,0,Male,Black,1992,22,4,1,1,0,0,0,2017/3/14,-1,2014/1/1,2015/1/1,0,0,0,0,0,1,0,0,1,0,0,0,0
322,2015,C_322_1283197.0,1283197,control,0,2015/9/14,2015,0,Male,Black,1992,22,3,1,3,0,0,1.7387914,2017/3/14,0,2015/1/1,2016/1/1,1,1,0,0,1,1,0,0,1,0,0,0,0
322,2015,P_322,,participant,1,2015/9/14,2015,0,Male,Black,1992,22,4,1,1,0,0,0,2017/3/14,0,2015/1/1,2016/1/1,1,1,0,0,1,1,0,0,1,0,1,0,0
322,2016,C_322_1283197.0,1283197,control,0,2015/9/14,2015,0,Male,Black,1992,22,3,1,3,0,0,1.7387914,2017/3/14,1,2016/1/1,2017/1/1,1,1,0,0,1,1,0,0,1,0,0,0,0
322,2016,P_322,,participant,1,2015/9/14,2015,0,Male,Black,1992,22,4,1,1,0,0,0,2017/3/14,1,2016/1/1,2017/1/1,1,1,0,0,1,1,0,0,1,0,1,0,0
327,2013,C_327_1104242.0,1104242,control,0,2015/9/21,2015,0,Male,Black,1985,20,1,0,1,0,0,0.306478212,2017/3/21,-2,2013/1/1,2014/1/1,0,0,0,0,1,1,0,0,1,0,0,0,0
327,2013,P_327,,participant,1,2015/9/21,2015,0,Male,Black,1985,20,0,0,1,0,0,0,2017/3/21,-2,2013/1/1,2014/1/1,0,0,0,0,1,1,0,0,1,0,0,0,0
327,2014,C_327_1104242.0,1104242,control,0,2015/9/21,2015,0,Male,Black,1985,20,1,0,1,0,0,0.306478212,2017/3/21,-1,2014/1/1,2015/1/1,0,0,0,0,1,1,0,0,1,0,0,0,0
327,2014,P_327,,participant,1,2015/9/21,2015,0,Male,Black,1985,20,0,0,1,0,0,0,2017/3/21,-1,2014/1/1,2015/1/1,0,0,0,0,1,1,0,0,1,0,0,0,0
327,2015,C_327_1104242.0,1104242,control,0,2015/9/21,2015,0,Male,Black,1985,20,1,0,1,0,0,0.306478212,2017/3/21,0,2015/1/1,2016/1/1,1,1,0,0,1,1,0,0,1,0,0,0,0
327,2015,P_327,,participant,1,2015/9/21,2015,0,Male,Black,1985,20,0,0,1,0,0,0,2017/3/21,0,2015/1/1,2016/1/1,1,1,0,0,1,1,0,0,1,0,1,0,0
327,2016,C_327_1104242.0,1104242,control,0,2015/9/21,2015,0,Male,Black,1985,20,1,0,1,0,0,0.306478212,2017/3/21,1,2016/1/1,2017/1/1,1,1,0,0,1,1,0,0,1,0,0,0,0
327,2016,P_327,,participant,1,2015/9/21,2015,0,Male,Black,1985,20,0,0,1,0,0,0,2017/3/21,1,2016/1/1,2017/1/1,1,1,0,0,1,1,0,0,1,0,1,0,0
329,2013,C_329_1742847.0,1742847,control,0,2015/9/28,2015,0,Male,White,1980,22,16,1,16,0,0,2.69217291,2017/3/28,-2,2013/1/1,2014/1/1,0,0,0,0,1,1,0,0,1,0,0,0,0
329,2013,P_329,,participant,1,2015/9/28,2015,0,Male,White,1980,22,26,1,9,0,0,0,2017/3/28,-2,2013/1/1,2014/1/1,0,0,0,0,1,1,0,0,1,0,0,0,0
329,2014,C_329_1742847.0,1742847,control,0,2015/9/28,2015,0,Male,White,1980,22,16,1,16,0,0,2.69217291,2017/3/28,-1,2014/1/1,2015/1/1,0,0,0,0,1,1,0,0,1,0,0,0,0
329,2014,P_329,,participant,1,2015/9/28,2015,0,Male,White,1980,22,26,1,9,0,0,0,2017/3/28,-1,2014/1/1,2015/1/1,0,0,0,0,1,1,0,0,1,0,0,0,0
329,2015,C_329_1742847.0,1742847,control,0,2015/9/28,2015,0,Male,White,1980,22,16,1,16,0,0,2.69217291,2017/3/28,0,2015/1/1,2016/1/1,1,1,0,0,1,1,0,0,1,0,0,0,0
329,2015,P_329,,participant,1,2015/9/28,2015,0,Male,White,1980,22,26,1,9,0,0,0,2017/3/28,0,2015/1/1,2016/1/1,1,1,0,0,1,1,0,0,1,0,1,0,0
329,2016,C_329_1742847.0,1742847,control,0,2015/9/28,2015,0,Male,White,1980,22,16,1,16,0,0,2.69217291,2017/3/28,1,2016/1/1,2017/1/1,1,1,0,0,1,1,0,0,1,0,0,0,0
329,2016,P_329,,participant,1,2015/9/28,2015,0,Male,White,1980,22,26,1,9,0,0,0,2017/3/28,1,2016/1/1,2017/1/1,1,1,0,0,1,1,0,0,1,0,1,0,0
341,2015,C_341_1149473.0,1149473,control,0,2017/6/12,2017,0,Male,White,1988,26,0,0,1,0,0,0,2018/12/11,-2,2015/1/1,2016/1/1,0,0,0,0,1,1,0,0,1,0,0,0,0
341,2015,P_341,,participant,1,2017/6/12,2017,0,Male,White,1988,26,0,0,1,0,0,0,2018/12/11,-2,2015/1/1,2016/1/1,0,0,0,0,1,1,0,0,1,0,0,0,0
341,2016,C_341_1149473.0,1149473,control,0,2017/6/12,2017,0,Male,White,1988,26,0,0,1,0,0,0,2018/12/11,-1,2016/1/1,2017/1/1,0,0,0,0,1,1,0,0,1,0,0,0,0
341,2016,P_341,,participant,1,2017/6/12,2017,0,Male,White,1988,26,0,0,1,0,0,0,2018/12/11,-1,2016/1/1,2017/1/1,0,0,0,0,1,1,0,0,1,0,0,0,0
341,2017,C_341_1149473.0,1149473,control,0,2017/6/12,2017,0,Male,White,1988,26,0,0,1,0,0,0,2018/12/11,0,2017/1/1,2018/1/1,1,1,0,0,1,1,0,0,1,0,0,0,0
341,2017,P_341,,participant,1,2017/6/12,2017,0,Male,White,1988,26,0,0,1,0,0,0,2018/12/11,0,2017/1/1,2018/1/1,1,1,95.95796758,1,1,1,0,0,1,0,1,0,4.574277561
341,2018,C_341_1149473.0,1149473,control,0,2017/6/12,2017,0,Male,White,1988,26,0,0,1,0,0,0,2018/12/11,1,2018/1/1,2019/1/1,1,1,699.6123024,1,1,1,0,0,1,0,0,0,6.55195467
341,2018,P_341,,participant,1,2017/6/12,2017,0,Male,White,1988,26,0,0,1,0,0,0,2018/12/11,1,2018/1/1,2019/1/1,1,1,122.0620627,1,1,1,0,0,1,0,1,0,4.812688803
342,2013,C_342_1085158.0,1085158,control,0,2015/10/28,2015,0,Male,Black,1978,22,6,1,6,0,0,0.860868995,2017/4/27,-2,2013/1/1,2014/1/1,0,0,0,0,1,1,0,0,1,0,0,0,0
342,2013,P_342,,participant,1,2015/10/28,2015,0,Male,Black,1978,22,8,1,4,0,0,0,2017/4/27,-2,2013/1/1,2014/1/1,0,0,0,0,1,1,0,0,1,0,0,0,0
342,2014,C_342_1085158.0,1085158,control,0,2015/10/28,2015,0,Male,Black,1978,22,6,1,6,0,0,0.860868995,2017/4/27,-1,2014/1/1,2015/1/1,0,0,0,0,1,1,0,0,1,0,0,0,0
342,2014,P_342,,participant,1,2015/10/28,2015,0,Male,Black,1978,22,8,1,4,0,0,0,2017/4/27,-1,2014/1/1,2015/1/1,0,0,0,0,1,1,0,0,1,0,0,0,0
342,2015,C_342_1085158.0,1085158,control,0,2015/10/28,2015,0,Male,Black,1978,22,6,1,6,0,0,0.860868995,2017/4/27,0,2015/1/1,2016/1/1,1,1,0,0,1,1,1,1,1,1,0,0,0
342,2015,P_342,,participant,1,2015/10/28,2015,0,Male,Black,1978,22,8,1,4,0,0,0,2017/4/27,0,2015/1/1,2016/1/1,1,1,0,0,1,1,0,0,1,0,1,0,0
342,2016,C_342_1085158.0,1085158,control,0,2015/10/28,2015,0,Male,Black,1978,22,6,1,6,0,0,0.860868995,2017/4/27,1,2016/1/1,2017/1/1,1,1,0,0,1,1,0,0,1,0,0,0,0
342,2016,P_342,,participant,1,2015/10/28,2015,0,Male,Black,1978,22,8,1,4,0,0,0,2017/4/27,1,2016/1/1,2017/1/1,1,1,0,0,1,1,0,0,1,0,1,0,0
348,2013,C_348_1323923.0,1323923,control,0,2015/11/9,2015,0,Male,White,1983,,1,0,0,0,0,1,2017/5/9,-2,2013/1/1,2014/1/1,0,0,0,0,0,0,0,0,0,0,0,0,0
348,2013,P_348,,participant,1,2015/11/9,2015,0,Male,White,1983,,0,0,0,0,0,0,2017/5/9,-2,2013/1/1,2014/1/1,0,0,0,0,0,0,0,0,0,0,0,0,0
348,2014,C_348_1323923.0,1323923,control,0,2015/11/9,2015,0,Male,White,1983,,1,0,0,0,0,1,2017/5/9,-1,2014/1/1,2015/1/1,0,0,0,0,0,0,0,0,0,0,0,0,0
348,2014,P_348,,participant,1,2015/11/9,2015,0,Male,White,1983,,0,0,0,0,0,0,2017/5/9,-1,2014/1/1,2015/1/1,0,0,0,0,0,0,0,0,0,0,0,0,0
348,2015,C_348_1323923.0,1323923,control,0,2015/11/9,2015,0,Male,White,1983,,1,0,0,0,0,1,2017/5/9,0,2015/1/1,2016/1/1,1,1,0,0,0,0,0,0,0,0,0,0,0
348,2015,P_348,,participant,1,2015/11/9,2015,0,Male,White,1983,,0,0,0,0,0,0,2017/5/9,0,2015/1/1,2016/1/1,1,1,0,0,0,0,0,0,0,0,1,0,0
348,2016,C_348_1323923.0,1323923,control,0,2015/11/9,2015,0,Male,White,1983,,1,0,0,0,0,1,2017/5/9,1,2016/1/1,2017/1/1,1,1,0,0,0,0,0,0,0,0,0,0,0
348,2016,P_348,,participant,1,2015/11/9,2015,0,Male,White,1983,,0,0,0,0,0,0,2017/5/9,1,2016/1/1,2017/1/1,1,1,0,0,0,0,0,0,0,0,1,0,0
359,2013,C_359_1040548.0,1040548,control,0,2015/12/7,2015,0,Male,Black,1974,25,3,1,3,0,0,0.332929462,2017/6/6,-2,2013/1/1,2014/1/1,0,0,0,0,1,1,0,0,1,0,0,0,0
359,2013,P_359,,participant,1,2015/12/7,2015,0,Male,Black,1974,25,4,1,3,0,0,0,2017/6/6,-2,2013/1/1,2014/1/1,0,0,0,0,1,1,0,0,1,0,0,0,0
359,2014,C_359_1040548.0,1040548,control,0,2015/12/7,2015,0,Male,Black,1974,25,3,1,3,0,0,0.332929462,2017/6/6,-1,2014/1/1,2015/1/1,0,0,0,0,1,1,0,0,1,0,0,0,0
359,2014,P_359,,participant,1,2015/12/7,2015,0,Male,Black,1974,25,4,1,3,0,0,0,2017/6/6,-1,2014/1/1,2015/1/1,0,0,0,0,1,1,0,0,1,0,0,0,0
359,2015,C_359_1040548.0,1040548,control,0,2015/12/7,2015,0,Male,Black,1974,25,3,1,3,0,0,0.332929462,2017/6/6,0,2015/1/1,2016/1/1,1,1,0,0,1,1,0,0,1,0,0,0,0
359,2015,P_359,,participant,1,2015/12/7,2015,0,Male,Black,1974,25,4,1,3,0,0,0,2017/6/6,0,2015/1/1,2016/1/1,1,1,0,0,1,1,0,0,1,0,1,0,0
359,2016,C_359_1040548.0,1040548,control,0,2015/12/7,2015,0,Male,Black,1974,25,3,1,3,0,0,0.332929462,2017/6/6,1,2016/1/1,2017/1/1,1,1,0,0,1,1,0,0,1,0,0,0,0
359,2016,P_359,,participant,1,2015/12/7,2015,0,Male,Black,1974,25,4,1,3,0,0,0,2017/6/6,1,2016/1/1,2017/1/1,1,1,0,0,1,1,0,0,1,0,1,0,0
360,2013,C_360_1228960.0,1228960,control,0,2015/12/14,2015,0,Male,Black,1974,25,2,1,2,0,0,0.332929462,2017/6/13,-2,2013/1/1,2014/1/1,0,0,0,0,1,1,0,0,1,0,0,0,0
360,2013,P_360,,participant,1,2015/12/14,2015,0,Male,Black,1974,25,1,1,2,0,0,0,2017/6/13,-2,2013/1/1,2014/1/1,0,0,0,0,1,1,0,0,1,0,0,0,0
360,2014,C_360_1228960.0,1228960,control,0,2015/12/14,2015,0,Male,Black,1974,25,2,1,2,0,0,0.332929462,2017/6/13,-1,2014/1/1,2015/1/1,0,0,0,0,1,1,0,0,1,0,0,0,0
360,2014,P_360,,participant,1,2015/12/14,2015,0,Male,Black,1974,25,1,1,2,0,0,0,2017/6/13,-1,2014/1/1,2015/1/1,0,0,0,0,1,1,0,0,1,0,0,0,0
360,2015,C_360_1228960.0,1228960,control,0,2015/12/14,2015,0,Male,Black,1974,25,2,1,2,0,0,0.332929462,2017/6/13,0,2015/1/1,2016/1/1,1,1,0,0,1,1,0,0,1,0,0,0,0
360,2015,P_360,,participant,1,2015/12/14,2015,0,Male,Black,1974,25,1,1,2,0,0,0,2017/6/13,0,2015/1/1,2016/1/1,1,1,0,0,1,1,0,0,1,0,1,0,0
360,2016,C_360_1228960.0,1228960,control,0,2015/12/14,2015,0,Male,Black,1974,25,2,1,2,0,0,0.332929462,2017/6/13,1,2016/1/1,2017/1/1,1,1,0,0,1,1,0,0,1,0,0,0,0
360,2016,P_360,,participant,1,2015/12/14,2015,0,Male,Black,1974,25,1,1,2,0,0,0,2017/6/13,1,2016/1/1,2017/1/1,1,1,0,0,1,1,0,0,1,0,1,0,0
363,2014,C_363_151294.0,151294,control,0,2016/1/4,2016,0,Male,Black,1978,38,0,0,0,0,0,1,2017/7/4,-2,2014/1/1,2015/1/1,0,0,0,0,0,0,0,0,0,0,0,0,0
363,2014,P_363,,participant,1,2016/1/4,2016,0,Male,Black,1978,38,0,0,1,0,0,0,2017/7/4,-2,2014/1/1,2015/1/1,0,0,0,0,0,0,0,0,1,0,0,0,0
363,2015,C_363_151294.0,151294,control,0,2016/1/4,2016,0,Male,Black,1978,38,0,0,0,0,0,1,2017/7/4,-1,2015/1/1,2016/1/1,0,0,0,0,0,0,0,0,0,0,0,0,0
363,2015,P_363,,participant,1,2016/1/4,2016,0,Male,Black,1978,38,0,0,1,0,0,0,2017/7/4,-1,2015/1/1,2016/1/1,0,0,0,0,0,1,0,0,1,0,0,0,0
363,2016,C_363_151294.0,151294,control,0,2016/1/4,2016,0,Male,Black,1978,38,0,0,0,0,0,1,2017/7/4,0,2016/1/1,2017/1/1,1,1,0,0,0,0,0,0,0,0,0,0,0
363,2016,P_363,,participant,1,2016/1/4,2016,0,Male,Black,1978,38,0,0,1,0,0,0,2017/7/4,0,2016/1/1,2017/1/1,1,1,0,0,1,1,0,0,1,0,1,0,0
363,2017,C_363_151294.0,151294,control,0,2016/1/4,2016,0,Male,Black,1978,38,0,0,0,0,0,1,2017/7/4,1,2017/1/1,2018/1/1,1,1,916.4618503,1,0,1,3,1,0,0,0,0,6.821610999
363,2017,P_363,,participant,1,2016/1/4,2016,0,Male,Black,1978,38,0,0,1,0,0,0,2017/7/4,1,2017/1/1,2018/1/1,1,1,17932.73774,1,1,1,0,0,1,0,1,0,9.794439008
364,2014,C_364_1108680.0,1108680,control,0,2016/1/4,2016,0,Male,Black,1992,19,2,0,2,0,0,0,2017/7/4,-2,2014/1/1,2015/1/1,0,0,0,0,1,1,0,0,1,0,0,0,0
364,2014,P_364,,participant,1,2016/1/4,2016,0,Male,Black,1992,19,2,0,2,0,0,0,2017/7/4,-2,2014/1/1,2015/1/1,0,0,0,0,1,1,0,0,1,0,0,0,0
364,2015,C_364_1108680.0,1108680,control,0,2016/1/4,2016,0,Male,Black,1992,19,2,0,2,0,0,0,2017/7/4,-1,2015/1/1,2016/1/1,0,0,0,0,1,1,0,0,1,0,0,0,0
364,2015,P_364,,participant,1,2016/1/4,2016,0,Male,Black,1992,19,2,0,2,0,0,0,2017/7/4,-1,2015/1/1,2016/1/1,0,0,0,0,1,1,0,0,1,0,0,0,0
364,2016,C_364_1108680.0,1108680,control,0,2016/1/4,2016,0,Male,Black,1992,19,2,0,2,0,0,0,2017/7/4,0,2016/1/1,2017/1/1,1,1,0,0,1,1,0,0,1,0,0,0,0
364,2016,P_364,,participant,1,2016/1/4,2016,0,Male,Black,1992,19,2,0,2,0,0,0,2017/7/4,0,2016/1/1,2017/1/1,1,1,0,0,1,1,0,0,1,0,1,0,0
364,2017,C_364_1108680.0,1108680,control,0,2016/1/4,2016,0,Male,Black,1992,19,2,0,2,0,0,0,2017/7/4,1,2017/1/1,2018/1/1,1,1,0,0,1,1,0,0,1,0,0,0,0
364,2017,P_364,,participant,1,2016/1/4,2016,0,Male,Black,1992,19,2,0,2,0,0,0,2017/7/4,1,2017/1/1,2018/1/1,1,1,0,0,1,1,0,0,1,0,1,0,0
365,2014,C_365_1342174.0,1342174,control,0,2016/1/4,2016,0,Male,Black,1981,32,2,1,2,0,0,1.843821839,2017/7/4,-2,2014/1/1,2015/1/1,0,0,0,0,0,1,0,0,1,0,0,0,0
365,2014,P_365,,participant,1,2016/1/4,2016,0,Male,Black,1981,32,3,1,1,0,0,0,2017/7/4,-2,2014/1/1,2015/1/1,0,0,0,0,0,1,0,0,1,0,0,0,0
365,2015,C_365_1342174.0,1342174,control,0,2016/1/4,2016,0,Male,Black,1981,32,2,1,2,0,0,1.843821839,2017/7/4,-1,2015/1/1,2016/1/1,0,0,0,0,1,1,0,0,1,0,0,0,0
365,2015,P_365,,participant,1,2016/1/4,2016,0,Male,Black,1981,32,3,1,1,0,0,0,2017/7/4,-1,2015/1/1,2016/1/1,0,0,0,0,1,1,0,0,1,0,0,0,0
365,2016,C_365_1342174.0,1342174,control,0,2016/1/4,2016,0,Male,Black,1981,32,2,1,2,0,0,1.843821839,2017/7/4,0,2016/1/1,2017/1/1,1,1,0,0,1,1,0,0,1,0,0,0,0
365,2016,P_365,,participant,1,2016/1/4,2016,0,Male,Black,1981,32,3,1,1,0,0,0,2017/7/4,0,2016/1/1,2017/1/1,1,1,0,0,1,1,0,0,1,0,1,0,0
365,2017,C_365_1342174.0,1342174,control,0,2016/1/4,2016,0,Male,Black,1981,32,2,1,2,0,0,1.843821839,2017/7/4,1,2017/1/1,2018/1/1,1,1,2323.966736,1,1,1,0,0,1,0,0,0,7.751461011
365,2017,P_365,,participant,1,2016/1/4,2016,0,Male,Black,1981,32,3,1,1,0,0,0,2017/7/4,1,2017/1/1,2018/1/1,1,1,0,0,1,1,0,0,1,0,1,0,0
367,2014,C_367_1206113.0,1206113,control,0,2016/4/4,2016,0,Male,Black,1991,20,5,1,5,0,0,0,2017/10/3,-2,2014/1/1,2015/1/1,0,0,0,0,1,1,0,0,1,0,0,0,0
367,2014,P_367,,participant,1,2016/4/4,2016,0,Male,Black,1991,20,5,1,5,0,0,0,2017/10/3,-2,2014/1/1,2015/1/1,0,0,0,0,1,1,0,0,1,0,0,0,0
367,2015,C_367_1206113.0,1206113,control,0,2016/4/4,2016,0,Male,Black,1991,20,5,1,5,0,0,0,2017/10/3,-1,2015/1/1,2016/1/1,0,0,0,0,1,1,0,0,1,0,0,0,0
367,2015,P_367,,participant,1,2016/4/4,2016,0,Male,Black,1991,20,5,1,5,0,0,0,2017/10/3,-1,2015/1/1,2016/1/1,0,0,0,0,1,1,0,0,1,0,0,0,0
367,2016,C_367_1206113.0,1206113,control,0,2016/4/4,2016,0,Male,Black,1991,20,5,1,5,0,0,0,2017/10/3,0,2016/1/1,2017/1/1,1,1,0,0,1,1,0,0,1,0,0,0,0
367,2016,P_367,,participant,1,2016/4/4,2016,0,Male,Black,1991,20,5,1,5,0,0,0,2017/10/3,0,2016/1/1,2017/1/1,1,1,0,0,1,1,1,1,1,1,1,0,0
367,2017,C_367_1206113.0,1206113,control,0,2016/4/4,2016,0,Male,Black,1991,20,5,1,5,0,0,0,2017/10/3,1,2017/1/1,2018/1/1,1,1,0,0,1,1,0,0,1,0,0,0,0
367,2017,P_367,,participant,1,2016/4/4,2016,0,Male,Black,1991,20,5,1,5,0,0,0,2017/10/3,1,2017/1/1,2018/1/1,1,1,0,0,1,1,0,0,1,0,1,0,0
374,2014,C_374_1203138.0,1203138,control,0,2016/1/25,2016,0,Male,Black,1983,20,3,0,3,0,0,0.26729474,2017/7/25,-2,2014/1/1,2015/1/1,0,0,0,0,1,1,0,0,1,0,0,0,0
374,2014,P_374,,participant,1,2016/1/25,2016,0,Male,Black,1983,20,3,0,2,0,0,0,2017/7/25,-2,2014/1/1,2015/1/1,0,0,0,0,1,1,0,0,1,0,0,0,0
374,2015,C_374_1203138.0,1203138,control,0,2016/1/25,2016,0,Male,Black,1983,20,3,0,3,0,0,0.26729474,2017/7/25,-1,2015/1/1,2016/1/1,0,0,0,0,1,1,0,0,1,0,0,0,0
374,2015,P_374,,participant,1,2016/1/25,2016,0,Male,Black,1983,20,3,0,2,0,0,0,2017/7/25,-1,2015/1/1,2016/1/1,0,0,0,0,1,1,0,0,1,0,0,0,0
374,2016,C_374_1203138.0,1203138,control,0,2016/1/25,2016,0,Male,Black,1983,20,3,0,3,0,0,0.26729474,2017/7/25,0,2016/1/1,2017/1/1,1,1,0,0,1,1,0,0,1,0,0,0,0
374,2016,P_374,,participant,1,2016/1/25,2016,0,Male,Black,1983,20,3,0,2,0,0,0,2017/7/25,0,2016/1/1,2017/1/1,1,1,0,0,1,1,0,0,1,0,1,0,0
374,2017,C_374_1203138.0,1203138,control,0,2016/1/25,2016,0,Male,Black,1983,20,3,0,3,0,0,0.26729474,2017/7/25,1,2017/1/1,2018/1/1,1,1,0,0,1,1,0,0,1,0,0,0,0
374,2017,P_374,,participant,1,2016/1/25,2016,0,Male,Black,1983,20,3,0,2,0,0,0,2017/7/25,1,2017/1/1,2018/1/1,1,1,1697.355458,1,1,1,0,0,1,0,1,0,7.437415684
375,2014,C_375_1286032.0,1286032,control,0,2016/1/27,2016,0,Male,Black,1980,23,7,1,7,0,0,0.459697156,2017/7/27,-2,2014/1/1,2015/1/1,0,0,0,0,1,1,0,0,1,0,0,0,0
375,2014,P_375,,participant,1,2016/1/27,2016,0,Male,Black,1980,23,8,1,6,0,0,0,2017/7/27,-2,2014/1/1,2015/1/1,0,0,0,0,1,1,0,0,1,0,0,0,0
375,2015,C_375_1286032.0,1286032,control,0,2016/1/27,2016,0,Male,Black,1980,23,7,1,7,0,0,0.459697156,2017/7/27,-1,2015/1/1,2016/1/1,0,0,0,0,1,1,0,0,1,0,0,0,0
375,2015,P_375,,participant,1,2016/1/27,2016,0,Male,Black,1980,23,8,1,6,0,0,0,2017/7/27,-1,2015/1/1,2016/1/1,0,0,0,0,1,1,0,0,1,0,0,0,0
375,2016,C_375_1286032.0,1286032,control,0,2016/1/27,2016,0,Male,Black,1980,23,7,1,7,0,0,0.459697156,2017/7/27,0,2016/1/1,2017/1/1,1,1,0,0,1,1,0,0,1,0,0,0,0
375,2016,P_375,,participant,1,2016/1/27,2016,0,Male,Black,1980,23,8,1,6,0,0,0,2017/7/27,0,2016/1/1,2017/1/1,1,1,0,0,1,1,0,0,1,0,1,0,0
375,2017,C_375_1286032.0,1286032,control,0,2016/1/27,2016,0,Male,Black,1980,23,7,1,7,0,0,0.459697156,2017/7/27,1,2017/1/1,2018/1/1,1,1,0,0,1,1,0,0,1,0,0,0,0
375,2017,P_375,,participant,1,2016/1/27,2016,0,Male,Black,1980,23,8,1,6,0,0,0,2017/7/27,1,2017/1/1,2018/1/1,1,1,12290.3219,1,1,1,0,0,1,0,1,0,9.416648755
376,2014,C_376_1478570.0,1478570,control,0,2016/1/25,2016,0,Male,Black,1986,18,19,1,19,0,0,3.076009565,2017/7/25,-2,2014/1/1,2015/1/1,0,0,0,0,1,1,0,0,1,0,0,0,0
376,2014,P_376,,participant,1,2016/1/25,2016,0,Male,Black,1986,18,28,1,10,0,0,0,2017/7/25,-2,2014/1/1,2015/1/1,0,0,0,0,1,1,0,0,1,0,0,0,0
376,2015,C_376_1478570.0,1478570,control,0,2016/1/25,2016,0,Male,Black,1986,18,19,1,19,0,0,3.076009565,2017/7/25,-1,2015/1/1,2016/1/1,0,0,0,0,1,1,0,0,1,0,0,0,0
376,2015,P_376,,participant,1,2016/1/25,2016,0,Male,Black,1986,18,28,1,10,0,0,0,2017/7/25,-1,2015/1/1,2016/1/1,0,0,0,0,1,1,0,0,1,0,0,0,0
376,2016,C_376_1478570.0,1478570,control,0,2016/1/25,2016,0,Male,Black,1986,18,19,1,19,0,0,3.076009565,2017/7/25,0,2016/1/1,2017/1/1,1,1,0,0,1,1,0,0,1,0,0,0,0
376,2016,P_376,,participant,1,2016/1/25,2016,0,Male,Black,1986,18,28,1,10,0,0,0,2017/7/25,0,2016/1/1,2017/1/1,1,1,0,0,1,1,0,0,1,0,1,0,0
376,2017,C_376_1478570.0,1478570,control,0,2016/1/25,2016,0,Male,Black,1986,18,19,1,19,0,0,3.076009565,2017/7/25,1,2017/1/1,2018/1/1,1,1,0,0,1,1,0,0,1,0,0,0,0
376,2017,P_376,,participant,1,2016/1/25,2016,0,Male,Black,1986,18,28,1,10,0,0,0,2017/7/25,1,2017/1/1,2018/1/1,1,1,0,0,1,1,0,0,1,0,1,0,0
381,2014,C_381_1487157.0,1487157,control,0,2016/2/8,2016,0,Male,Black,1990,20,5,1,5,0,0,0.711468247,2017/8/8,-2,2014/1/1,2015/1/1,0,0,0,0,1,1,0,0,1,0,0,0,0
381,2014,P_381,,participant,1,2016/2/8,2016,0,Male,Black,1990,20,6,1,3,0,0,0,2017/8/8,-2,2014/1/1,2015/1/1,0,0,0,0,1,1,0,0,1,0,0,0,0
381,2015,C_381_1487157.0,1487157,control,0,2016/2/8,2016,0,Male,Black,1990,20,5,1,5,0,0,0.711468247,2017/8/8,-1,2015/1/1,2016/1/1,0,0,0,0,1,1,0,0,1,0,0,0,0
381,2015,P_381,,participant,1,2016/2/8,2016,0,Male,Black,1990,20,6,1,3,0,0,0,2017/8/8,-1,2015/1/1,2016/1/1,0,0,0,0,1,1,0,0,1,0,0,0,0
381,2016,C_381_1487157.0,1487157,control,0,2016/2/8,2016,0,Male,Black,1990,20,5,1,5,0,0,0.711468247,2017/8/8,0,2016/1/1,2017/1/1,1,1,0,0,1,1,0,0,1,0,0,0,0
381,2016,P_381,,participant,1,2016/2/8,2016,0,Male,Black,1990,20,6,1,3,0,0,0,2017/8/8,0,2016/1/1,2017/1/1,1,1,0,0,1,1,0,0,1,0,1,0,0
381,2017,C_381_1487157.0,1487157,control,0,2016/2/8,2016,0,Male,Black,1990,20,5,1,5,0,0,0.711468247,2017/8/8,1,2017/1/1,2018/1/1,1,1,0,0,1,1,0,0,1,0,0,0,0
381,2017,P_381,,participant,1,2016/2/8,2016,0,Male,Black,1990,20,6,1,3,0,0,0,2017/8/8,1,2017/1/1,2018/1/1,1,1,10272.50482,1,1,1,0,0,1,0,1,0,9.237323512
382,2014,C_382_1885094.0,1885094,control,0,2016/2/10,2016,0,Male,Black,1972,25,7,1,7,0,0,1.491735474,2017/8/10,-2,2014/1/1,2015/1/1,0,0,0,0,1,1,0,0,1,0,0,0,0
382,2014,P_382,,participant,1,2016/2/10,2016,0,Male,Black,1972,25,10,1,4,0,0,0,2017/8/10,-2,2014/1/1,2015/1/1,0,0,0,0,1,1,0,0,1,0,0,0,0
382,2015,C_382_1885094.0,1885094,control,0,2016/2/10,2016,0,Male,Black,1972,25,7,1,7,0,0,1.491735474,2017/8/10,-1,2015/1/1,2016/1/1,0,0,0,0,1,1,0,0,1,0,0,0,0
382,2015,P_382,,participant,1,2016/2/10,2016,0,Male,Black,1972,25,10,1,4,0,0,0,2017/8/10,-1,2015/1/1,2016/1/1,0,0,0,0,1,1,0,0,1,0,0,0,0
382,2016,C_382_1885094.0,1885094,control,0,2016/2/10,2016,0,Male,Black,1972,25,7,1,7,0,0,1.491735474,2017/8/10,0,2016/1/1,2017/1/1,1,1,0,0,1,1,0,0,1,0,0,0,0
382,2016,P_382,,participant,1,2016/2/10,2016,0,Male,Black,1972,25,10,1,4,0,0,0,2017/8/10,0,2016/1/1,2017/1/1,1,1,0,0,1,1,0,0,1,0,1,0,0
382,2017,C_382_1885094.0,1885094,control,0,2016/2/10,2016,0,Male,Black,1972,25,7,1,7,0,0,1.491735474,2017/8/10,1,2017/1/1,2018/1/1,1,1,7138.435157,1,1,1,0,0,1,0,0,0,8.873388943
382,2017,P_382,,participant,1,2016/2/10,2016,0,Male,Black,1972,25,10,1,4,0,0,0,2017/8/10,1,2017/1/1,2018/1/1,1,1,10995.11008,1,1,1,0,0,1,0,1,0,9.305296861
383,2014,C_383_1145540.0,1145540,control,0,2016/2/8,2016,0,Male,Black,1981,19,1,1,1,0,0,0,2017/8/8,-2,2014/1/1,2015/1/1,0,0,0,0,1,1,0,0,1,0,0,0,0
383,2014,P_383,,participant,1,2016/2/8,2016,0,Male,Black,1981,19,1,1,1,0,0,0,2017/8/8,-2,2014/1/1,2015/1/1,0,0,0,0,1,1,0,0,1,0,0,0,0
383,2015,C_383_1145540.0,1145540,control,0,2016/2/8,2016,0,Male,Black,1981,19,1,1,1,0,0,0,2017/8/8,-1,2015/1/1,2016/1/1,0,0,0,0,1,1,0,0,1,0,0,0,0
383,2015,P_383,,participant,1,2016/2/8,2016,0,Male,Black,1981,19,1,1,1,0,0,0,2017/8/8,-1,2015/1/1,2016/1/1,0,0,0,0,1,1,0,0,1,0,0,0,0
383,2016,C_383_1145540.0,1145540,control,0,2016/2/8,2016,0,Male,Black,1981,19,1,1,1,0,0,0,2017/8/8,0,2016/1/1,2017/1/1,1,1,0,0,1,1,0,0,1,0,0,0,0
383,2016,P_383,,participant,1,2016/2/8,2016,0,Male,Black,1981,19,1,1,1,0,0,0,2017/8/8,0,2016/1/1,2017/1/1,1,1,0,0,1,1,0,0,1,0,1,0,0
383,2017,C_383_1145540.0,1145540,control,0,2016/2/8,2016,0,Male,Black,1981,19,1,1,1,0,0,0,2017/8/8,1,2017/1/1,2018/1/1,1,1,0,0,1,1,0,0,1,0,0,0,0
383,2017,P_383,,participant,1,2016/2/8,2016,0,Male,Black,1981,19,1,1,1,0,0,0,2017/8/8,1,2017/1/1,2018/1/1,1,1,0,0,1,1,0,0,1,0,1,0,0
385,2014,C_385_1213804.0,1213804,control,0,2016/2/15,2016,0,Male,Black,1988,19,6,1,6,0,0,0.931667938,2017/8/15,-2,2014/1/1,2015/1/1,0,0,0,0,1,1,0,0,1,0,0,0,0
385,2014,P_385,,participant,1,2016/2/15,2016,0,Male,Black,1988,19,8,1,3,0,0,0,2017/8/15,-2,2014/1/1,2015/1/1,0,0,0,0,1,1,0,0,1,0,0,0,0
385,2015,C_385_1213804.0,1213804,control,0,2016/2/15,2016,0,Male,Black,1988,19,6,1,6,0,0,0.931667938,2017/8/15,-1,2015/1/1,2016/1/1,0,0,0,0,1,1,0,0,1,0,0,0,0
385,2015,P_385,,participant,1,2016/2/15,2016,0,Male,Black,1988,19,8,1,3,0,0,0,2017/8/15,-1,2015/1/1,2016/1/1,0,0,0,0,1,1,0,0,1,0,0,0,0
385,2016,C_385_1213804.0,1213804,control,0,2016/2/15,2016,0,Male,Black,1988,19,6,1,6,0,0,0.931667938,2017/8/15,0,2016/1/1,2017/1/1,1,1,0,0,1,1,0,0,1,0,0,0,0
385,2016,P_385,,participant,1,2016/2/15,2016,0,Male,Black,1988,19,8,1,3,0,0,0,2017/8/15,0,2016/1/1,2017/1/1,1,1,0,0,1,1,0,0,1,0,1,0,0
385,2017,C_385_1213804.0,1213804,control,0,2016/2/15,2016,0,Male,Black,1988,19,6,1,6,0,0,0.931667938,2017/8/15,1,2017/1/1,2018/1/1,1,1,0,0,1,1,0,0,1,0,0,0,0
385,2017,P_385,,participant,1,2016/2/15,2016,0,Male,Black,1988,19,8,1,3,0,0,0,2017/8/15,1,2017/1/1,2018/1/1,1,1,0,0,1,1,0,0,1,0,1,0,0
386,2014,C_386_1004120.0,1004120,control,0,2016/2/15,2016,0,Male,Black,1982,22,5,1,5,0,0,0.865577956,2017/8/15,-2,2014/1/1,2015/1/1,0,0,0,0,1,1,0,0,1,0,0,0,0
386,2014,P_386,,participant,1,2016/2/15,2016,0,Male,Black,1982,22,7,1,3,0,0,0,2017/8/15,-2,2014/1/1,2015/1/1,0,0,0,0,1,1,0,0,1,0,0,0,0
386,2015,C_386_1004120.0,1004120,control,0,2016/2/15,2016,0,Male,Black,1982,22,5,1,5,0,0,0.865577956,2017/8/15,-1,2015/1/1,2016/1/1,0,0,0,0,1,1,0,0,1,0,0,0,0
386,2015,P_386,,participant,1,2016/2/15,2016,0,Male,Black,1982,22,7,1,3,0,0,0,2017/8/15,-1,2015/1/1,2016/1/1,0,0,0,0,1,1,0,0,1,0,0,0,0
386,2016,C_386_1004120.0,1004120,control,0,2016/2/15,2016,0,Male,Black,1982,22,5,1,5,0,0,0.865577956,2017/8/15,0,2016/1/1,2017/1/1,1,1,0,0,1,1,0,0,1,0,0,0,0
386,2016,P_386,,participant,1,2016/2/15,2016,0,Male,Black,1982,22,7,1,3,0,0,0,2017/8/15,0,2016/1/1,2017/1/1,1,1,0,0,1,1,0,0,1,0,1,0,0
386,2017,C_386_1004120.0,1004120,control,0,2016/2/15,2016,0,Male,Black,1982,22,5,1,5,0,0,0.865577956,2017/8/15,1,2017/1/1,2018/1/1,1,1,3085.377316,1,1,1,0,0,1,0,0,0,8.034753292
386,2017,P_386,,participant,1,2016/2/15,2016,0,Male,Black,1982,22,7,1,3,0,0,0,2017/8/15,1,2017/1/1,2018/1/1,1,1,10793.89171,1,1,1,0,0,1,0,1,0,9.286828311
388,2014,C_388_1448501.0,1448501,control,0,2016/2/22,2016,0,Male,Black,1994,18,3,0,7,0,0,0.308977845,2017/8/22,-2,2014/1/1,2015/1/1,0,0,0,0,1,1,0,0,1,0,0,0,0
388,2014,P_388,,participant,1,2016/2/22,2016,0,Male,Black,1994,18,3,0,6,0,0,0,2017/8/22,-2,2014/1/1,2015/1/1,0,0,0,0,1,1,0,0,1,0,0,0,0
388,2015,C_388_1448501.0,1448501,control,0,2016/2/22,2016,0,Male,Black,1994,18,3,0,7,0,0,0.308977845,2017/8/22,-1,2015/1/1,2016/1/1,0,0,0,0,1,1,0,0,1,0,0,0,0
388,2015,P_388,,participant,1,2016/2/22,2016,0,Male,Black,1994,18,3,0,6,0,0,0,2017/8/22,-1,2015/1/1,2016/1/1,0,0,0,0,1,1,0,0,1,0,0,0,0
388,2016,C_388_1448501.0,1448501,control,0,2016/2/22,2016,0,Male,Black,1994,18,3,0,7,0,0,0.308977845,2017/8/22,0,2016/1/1,2017/1/1,1,1,0,0,1,1,0,0,1,0,0,0,0
388,2016,P_388,,participant,1,2016/2/22,2016,0,Male,Black,1994,18,3,0,6,0,0,0,2017/8/22,0,2016/1/1,2017/1/1,1,1,0,0,1,1,2,1,1,1,1,0,0
388,2017,C_388_1448501.0,1448501,control,0,2016/2/22,2016,0,Male,Black,1994,18,3,0,7,0,0,0.308977845,2017/8/22,1,2017/1/1,2018/1/1,1,1,5683.720834,1,1,1,0,0,1,0,0,0,8.645537299
388,2017,P_388,,participant,1,2016/2/22,2016,0,Male,Black,1994,18,3,0,6,0,0,0,2017/8/22,1,2017/1/1,2018/1/1,1,1,0,0,1,1,0,0,1,0,1,0,0
390,2015,C_390_1013731.0,1013731,control,0,2017/10/30,2017,0,Male,Black,1979,21,16,1,16,0,0,0.535172559,2019/4/30,-2,2015/1/1,2016/1/1,0,0,0,0,1,1,0,0,1,0,0,0,0
390,2015,P_390,,participant,1,2017/10/30,2017,0,Male,Black,1979,21,17,1,14,0,0,0,2019/4/30,-2,2015/1/1,2016/1/1,0,0,0,0,1,1,0,0,1,0,0,0,0
390,2016,C_390_1013731.0,1013731,control,0,2017/10/30,2017,0,Male,Black,1979,21,16,1,16,0,0,0.535172559,2019/4/30,-1,2016/1/1,2017/1/1,0,0,0,0,1,1,0,0,1,0,0,0,0
390,2016,P_390,,participant,1,2017/10/30,2017,0,Male,Black,1979,21,17,1,14,0,0,0,2019/4/30,-1,2016/1/1,2017/1/1,0,0,0,0,1,1,0,0,1,0,0,0,0
390,2017,C_390_1013731.0,1013731,control,0,2017/10/30,2017,0,Male,Black,1979,21,16,1,16,0,0,0.535172559,2019/4/30,0,2017/1/1,2018/1/1,1,1,0,0,1,1,0,0,1,0,0,0,0
390,2017,P_390,,participant,1,2017/10/30,2017,0,Male,Black,1979,21,17,1,14,0,0,0,2019/4/30,0,2017/1/1,2018/1/1,1,1,0,0,1,1,0,0,1,0,1,0,0
390,2018,C_390_1013731.0,1013731,control,0,2017/10/30,2017,0,Male,Black,1979,21,16,1,16,0,0,0.535172559,2019/4/30,1,2018/1/1,2019/1/1,1,1,14534.52518,1,1,1,0,0,1,0,0,0,9.584350944
390,2018,P_390,,participant,1,2017/10/30,2017,0,Male,Black,1979,21,17,1,14,0,0,0,2019/4/30,1,2018/1/1,2019/1/1,1,1,0,0,1,1,0,0,1,0,1,0,0
395,2014,C_395_1900133.0,1900133,control,0,2016/3/14,2016,0,Male,Black,1984,25,0,0,1,0,0,1.186342028,2017/9/12,-2,2014/1/1,2015/1/1,0,0,0,0,1,1,0,0,1,0,0,0,0
395,2014,P_395,,participant,1,2016/3/14,2016,0,Male,Black,1984,25,0,0,3,0,0,0,2017/9/12,-2,2014/1/1,2015/1/1,0,0,0,0,1,1,0,0,1,0,0,0,0
395,2015,C_395_1900133.0,1900133,control,0,2016/3/14,2016,0,Male,Black,1984,25,0,0,1,0,0,1.186342028,2017/9/12,-1,2015/1/1,2016/1/1,0,0,0,0,1,1,0,0,1,0,0,0,0
395,2015,P_395,,participant,1,2016/3/14,2016,0,Male,Black,1984,25,0,0,3,0,0,0,2017/9/12,-1,2015/1/1,2016/1/1,0,0,0,0,1,1,0,0,1,0,0,0,0
395,2016,C_395_1900133.0,1900133,control,0,2016/3/14,2016,0,Male,Black,1984,25,0,0,1,0,0,1.186342028,2017/9/12,0,2016/1/1,2017/1/1,1,1,0,0,1,1,0,0,1,0,0,0,0
395,2016,P_395,,participant,1,2016/3/14,2016,0,Male,Black,1984,25,0,0,3,0,0,0,2017/9/12,0,2016/1/1,2017/1/1,1,1,0,0,1,1,0,0,1,0,1,0,0
395,2017,C_395_1900133.0,1900133,control,0,2016/3/14,2016,0,Male,Black,1984,25,0,0,1,0,0,1.186342028,2017/9/12,1,2017/1/1,2018/1/1,1,1,0,0,1,1,0,0,1,0,0,0,0
395,2017,P_395,,participant,1,2016/3/14,2016,0,Male,Black,1984,25,0,0,3,0,0,0,2017/9/12,1,2017/1/1,2018/1/1,1,1,1964.524872,1,1,1,0,0,1,0,1,0,7.583514599
396,2014,C_396_1744376.0,1744376,control,0,2016/3/14,2016,0,Male,Black,1973,41,2,1,2,0,0,4.294249506,2017/9/12,-2,2014/1/1,2015/1/1,0,0,0,0,0,1,0,0,1,0,0,0,0
396,2014,P_396,,participant,1,2016/3/14,2016,0,Male,Black,1973,41,4,0,1,0,0,0,2017/9/12,-2,2014/1/1,2015/1/1,0,0,0,0,0,1,0,0,1,0,0,0,0
396,2015,C_396_1744376.0,1744376,control,0,2016/3/14,2016,0,Male,Black,1973,41,2,1,2,0,0,4.294249506,2017/9/12,-1,2015/1/1,2016/1/1,0,0,0,0,1,1,0,0,1,0,0,0,0
396,2015,P_396,,participant,1,2016/3/14,2016,0,Male,Black,1973,41,4,0,1,0,0,0,2017/9/12,-1,2015/1/1,2016/1/1,0,0,0,0,1,1,0,0,1,0,0,0,0
396,2016,C_396_1744376.0,1744376,control,0,2016/3/14,2016,0,Male,Black,1973,41,2,1,2,0,0,4.294249506,2017/9/12,0,2016/1/1,2017/1/1,1,1,0,0,1,1,0,0,1,0,0,0,0
396,2016,P_396,,participant,1,2016/3/14,2016,0,Male,Black,1973,41,4,0,1,0,0,0,2017/9/12,0,2016/1/1,2017/1/1,1,1,0,0,1,1,0,0,1,0,1,0,0
396,2017,C_396_1744376.0,1744376,control,0,2016/3/14,2016,0,Male,Black,1973,41,2,1,2,0,0,4.294249506,2017/9/12,1,2017/1/1,2018/1/1,1,1,0,0,1,1,0,0,1,0,0,0,0
396,2017,P_396,,participant,1,2016/3/14,2016,0,Male,Black,1973,41,4,0,1,0,0,0,2017/9/12,1,2017/1/1,2018/1/1,1,1,854.8017707,1,1,1,0,0,1,0,1,0,6.752038773
397,2014,C_397_1024235.0,1024235,control,0,2016/3/14,2016,0,Male,Black,1987,21,3,0,3,0,0,0.310784046,2017/9/12,-2,2014/1/1,2015/1/1,0,0,0,0,1,1,0,0,1,0,0,0,0
397,2014,P_397,,participant,1,2016/3/14,2016,0,Male,Black,1987,21,3,0,2,0,0,0,2017/9/12,-2,2014/1/1,2015/1/1,0,0,0,0,1,1,0,0,1,0,0,0,0
397,2015,C_397_1024235.0,1024235,control,0,2016/3/14,2016,0,Male,Black,1987,21,3,0,3,0,0,0.310784046,2017/9/12,-1,2015/1/1,2016/1/1,0,0,0,0,1,1,0,0,1,0,0,0,0
397,2015,P_397,,participant,1,2016/3/14,2016,0,Male,Black,1987,21,3,0,2,0,0,0,2017/9/12,-1,2015/1/1,2016/1/1,0,0,0,0,1,1,0,0,1,0,0,0,0
397,2016,C_397_1024235.0,1024235,control,0,2016/3/14,2016,0,Male,Black,1987,21,3,0,3,0,0,0.310784046,2017/9/12,0,2016/1/1,2017/1/1,1,1,0,0,1,1,0,0,1,0,0,0,0
397,2016,P_397,,participant,1,2016/3/14,2016,0,Male,Black,1987,21,3,0,2,0,0,0,2017/9/12,0,2016/1/1,2017/1/1,1,1,0,0,1,1,0,0,1,0,1,0,0
397,2017,C_397_1024235.0,1024235,control,0,2016/3/14,2016,0,Male,Black,1987,21,3,0,3,0,0,0.310784046,2017/9/12,1,2017/1/1,2018/1/1,1,1,0,0,1,1,0,0,1,0,0,0,0
397,2017,P_397,,participant,1,2016/3/14,2016,0,Male,Black,1987,21,3,0,2,0,0,0,2017/9/12,1,2017/1/1,2018/1/1,1,1,1932.619292,1,1,1,0,0,1,0,1,0,7.567148807
402,2014,C_402_1265378.0,1265378,control,0,2016/3/22,2016,0,Female,Black,1972,,1,0,0,0,0,1,2017/9/20,-2,2014/1/1,2015/1/1,0,0,0,0,0,0,0,0,0,0,0,0,0
402,2014,P_402,,participant,1,2016/3/22,2016,0,Female,Black,1972,,0,0,0,0,0,0,2017/9/20,-2,2014/1/1,2015/1/1,0,0,0,0,0,0,0,0,0,0,0,0,0
402,2015,C_402_1265378.0,1265378,control,0,2016/3/22,2016,0,Female,Black,1972,,1,0,0,0,0,1,2017/9/20,-1,2015/1/1,2016/1/1,0,0,0,0,0,0,0,0,0,0,0,0,0
402,2015,P_402,,participant,1,2016/3/22,2016,0,Female,Black,1972,,0,0,0,0,0,0,2017/9/20,-1,2015/1/1,2016/1/1,0,0,0,0,0,0,0,0,0,0,0,0,0
402,2016,C_402_1265378.0,1265378,control,0,2016/3/22,2016,0,Female,Black,1972,,1,0,0,0,0,1,2017/9/20,0,2016/1/1,2017/1/1,1,1,0,0,0,0,0,0,0,0,0,0,0
402,2016,P_402,,participant,1,2016/3/22,2016,0,Female,Black,1972,,0,0,0,0,0,0,2017/9/20,0,2016/1/1,2017/1/1,1,1,0,0,0,0,0,0,0,0,1,0,0
402,2017,C_402_1265378.0,1265378,control,0,2016/3/22,2016,0,Female,Black,1972,,1,0,0,0,0,1,2017/9/20,1,2017/1/1,2018/1/1,1,1,0,0,0,0,0,0,0,0,0,0,0
402,2017,P_402,,participant,1,2016/3/22,2016,0,Female,Black,1972,,0,0,0,0,0,0,2017/9/20,1,2017/1/1,2018/1/1,1,1,0,0,0,0,0,0,0,0,1,0,0
403,2014,C_403_1026120.0,1026120,control,0,2016/3/28,2016,0,Male,Black,1990,19,4,1,4,0,0,0.782749161,2017/9/26,-2,2014/1/1,2015/1/1,0,0,0,0,1,1,0,0,1,0,0,0,0
403,2014,P_403,,participant,1,2016/3/28,2016,0,Male,Black,1990,19,6,1,2,0,0,0,2017/9/26,-2,2014/1/1,2015/1/1,0,0,0,0,1,1,0,0,1,0,0,0,0
403,2015,C_403_1026120.0,1026120,control,0,2016/3/28,2016,0,Male,Black,1990,19,4,1,4,0,0,0.782749161,2017/9/26,-1,2015/1/1,2016/1/1,0,0,0,0,1,1,0,0,1,0,0,0,0
403,2015,P_403,,participant,1,2016/3/28,2016,0,Male,Black,1990,19,6,1,2,0,0,0,2017/9/26,-1,2015/1/1,2016/1/1,0,0,0,0,1,1,0,0,1,0,0,0,0
403,2016,C_403_1026120.0,1026120,control,0,2016/3/28,2016,0,Male,Black,1990,19,4,1,4,0,0,0.782749161,2017/9/26,0,2016/1/1,2017/1/1,1,1,0,0,1,1,0,0,1,0,0,0,0
403,2016,P_403,,participant,1,2016/3/28,2016,0,Male,Black,1990,19,6,1,2,0,0,0,2017/9/26,0,2016/1/1,2017/1/1,1,1,0,0,1,1,1,1,1,1,1,0,0
403,2017,C_403_1026120.0,1026120,control,0,2016/3/28,2016,0,Male,Black,1990,19,4,1,4,0,0,0.782749161,2017/9/26,1,2017/1/1,2018/1/1,1,1,0,0,1,1,3,1,1,1,0,0,0
403,2017,P_403,,participant,1,2016/3/28,2016,0,Male,Black,1990,19,6,1,2,0,0,0,2017/9/26,1,2017/1/1,2018/1/1,1,1,0,0,1,1,0,0,1,0,1,0,0
406,2014,C_406_1023990.0,1023990,control,0,2016/4/4,2016,0,Male,Black,1981,19,5,1,5,0,0,0.622422049,2017/10/3,-2,2014/1/1,2015/1/1,0,0,0,0,1,1,0,0,1,0,0,0,0
406,2014,P_406,,participant,1,2016/4/4,2016,0,Male,Black,1981,19,6,1,3,0,0,0,2017/10/3,-2,2014/1/1,2015/1/1,0,0,0,0,1,1,0,0,1,0,0,0,0
406,2015,C_406_1023990.0,1023990,control,0,2016/4/4,2016,0,Male,Black,1981,19,5,1,5,0,0,0.622422049,2017/10/3,-1,2015/1/1,2016/1/1,0,0,0,0,1,1,0,0,1,0,0,0,0
406,2015,P_406,,participant,1,2016/4/4,2016,0,Male,Black,1981,19,6,1,3,0,0,0,2017/10/3,-1,2015/1/1,2016/1/1,0,0,0,0,1,1,0,0,1,0,0,0,0
406,2016,C_406_1023990.0,1023990,control,0,2016/4/4,2016,0,Male,Black,1981,19,5,1,5,0,0,0.622422049,2017/10/3,0,2016/1/1,2017/1/1,1,1,0,0,1,1,0,0,1,0,0,0,0
406,2016,P_406,,participant,1,2016/4/4,2016,0,Male,Black,1981,19,6,1,3,0,0,0,2017/10/3,0,2016/1/1,2017/1/1,1,1,0,0,1,1,0,0,1,0,1,0,0
406,2017,C_406_1023990.0,1023990,control,0,2016/4/4,2016,0,Male,Black,1981,19,5,1,5,0,0,0.622422049,2017/10/3,1,2017/1/1,2018/1/1,1,1,25728.84997,1,1,1,0,0,1,0,0,0,10.15540707
406,2017,P_406,,participant,1,2016/4/4,2016,0,Male,Black,1981,19,6,1,3,0,0,0,2017/10/3,1,2017/1/1,2018/1/1,1,1,4241.353921,1,1,1,0,0,1,0,1,0,8.352873564
407,2014,C_407_1789097.0,1789097,control,0,2016/4/11,2016,0,Male,Black,1989,21,2,1,4,0,0,0.45432747,2017/10/10,-2,2014/1/1,2015/1/1,0,0,0,0,1,1,0,0,1,0,0,0,0
407,2014,P_407,,participant,1,2016/4/11,2016,0,Male,Black,1989,21,2,1,5,0,0,0,2017/10/10,-2,2014/1/1,2015/1/1,0,0,0,0,1,1,0,0,1,0,0,0,0
407,2015,C_407_1789097.0,1789097,control,0,2016/4/11,2016,0,Male,Black,1989,21,2,1,4,0,0,0.45432747,2017/10/10,-1,2015/1/1,2016/1/1,0,0,0,0,1,1,0,0,1,0,0,0,0
407,2015,P_407,,participant,1,2016/4/11,2016,0,Male,Black,1989,21,2,1,5,0,0,0,2017/10/10,-1,2015/1/1,2016/1/1,0,0,0,0,1,1,0,0,1,0,0,0,0
407,2016,C_407_1789097.0,1789097,control,0,2016/4/11,2016,0,Male,Black,1989,21,2,1,4,0,0,0.45432747,2017/10/10,0,2016/1/1,2017/1/1,1,1,0,0,1,1,1,1,1,1,0,0,0
407,2016,P_407,,participant,1,2016/4/11,2016,0,Male,Black,1989,21,2,1,5,0,0,0,2017/10/10,0,2016/1/1,2017/1/1,1,1,0,0,1,1,0,0,1,0,1,0,0
407,2017,C_407_1789097.0,1789097,control,0,2016/4/11,2016,0,Male,Black,1989,21,2,1,4,0,0,0.45432747,2017/10/10,1,2017/1/1,2018/1/1,1,1,0,0,1,1,0,0,1,0,0,0,0
407,2017,P_407,,participant,1,2016/4/11,2016,0,Male,Black,1989,21,2,1,5,0,0,0,2017/10/10,1,2017/1/1,2018/1/1,1,1,0,0,1,1,0,0,1,0,1,0,0
411,2014,C_411_1128464.0,1128464,control,0,2016/5/9,2016,0,Male,Black,1984,19,5,1,5,0,0,0.488248701,2017/11/7,-2,2014/1/1,2015/1/1,0,0,0,0,1,1,0,0,1,0,0,0,0
411,2014,P_411,,participant,1,2016/5/9,2016,0,Male,Black,1984,19,6,1,3,0,0,0,2017/11/7,-2,2014/1/1,2015/1/1,0,0,0,0,1,1,0,0,1,0,0,0,0
411,2015,C_411_1128464.0,1128464,control,0,2016/5/9,2016,0,Male,Black,1984,19,5,1,5,0,0,0.488248701,2017/11/7,-1,2015/1/1,2016/1/1,0,0,0,0,1,1,0,0,1,0,0,0,0
411,2015,P_411,,participant,1,2016/5/9,2016,0,Male,Black,1984,19,6,1,3,0,0,0,2017/11/7,-1,2015/1/1,2016/1/1,0,0,0,0,1,1,0,0,1,0,0,0,0
411,2016,C_411_1128464.0,1128464,control,0,2016/5/9,2016,0,Male,Black,1984,19,5,1,5,0,0,0.488248701,2017/11/7,0,2016/1/1,2017/1/1,1,1,0,0,1,1,0,0,1,0,0,0,0
411,2016,P_411,,participant,1,2016/5/9,2016,0,Male,Black,1984,19,6,1,3,0,0,0,2017/11/7,0,2016/1/1,2017/1/1,1,1,0,0,1,1,0,0,1,0,1,0,0
411,2017,C_411_1128464.0,1128464,control,0,2016/5/9,2016,0,Male,Black,1984,19,5,1,5,0,0,0.488248701,2017/11/7,1,2017/1/1,2018/1/1,1,1,0,0,1,1,0,0,1,0,0,0,0
411,2017,P_411,,participant,1,2016/5/9,2016,0,Male,Black,1984,19,6,1,3,0,0,0,2017/11/7,1,2017/1/1,2018/1/1,1,1,1408.924656,1,1,1,0,0,1,0,1,0,7.251291546
412,2014,C_412_1018645.0,1018645,control,0,2016/5/2,2016,0,Male,White,1988,25,1,0,1,0,0,0,2017/10/31,-2,2014/1/1,2015/1/1,0,0,0,0,0,1,0,0,1,0,0,0,0
412,2014,P_412,,participant,1,2016/5/2,2016,0,Male,White,1988,25,1,0,1,0,0,0,2017/10/31,-2,2014/1/1,2015/1/1,0,0,0,0,1,1,0,0,1,0,0,0,0
412,2015,C_412_1018645.0,1018645,control,0,2016/5/2,2016,0,Male,White,1988,25,1,0,1,0,0,0,2017/10/31,-1,2015/1/1,2016/1/1,0,0,0,0,1,1,0,0,1,0,0,0,0
412,2015,P_412,,participant,1,2016/5/2,2016,0,Male,White,1988,25,1,0,1,0,0,0,2017/10/31,-1,2015/1/1,2016/1/1,0,0,0,0,1,1,0,0,1,0,0,0,0
412,2016,C_412_1018645.0,1018645,control,0,2016/5/2,2016,0,Male,White,1988,25,1,0,1,0,0,0,2017/10/31,0,2016/1/1,2017/1/1,1,1,0,0,1,1,0,0,1,0,0,0,0
412,2016,P_412,,participant,1,2016/5/2,2016,0,Male,White,1988,25,1,0,1,0,0,0,2017/10/31,0,2016/1/1,2017/1/1,1,1,0,0,1,1,0,0,1,0,1,0,0
412,2017,C_412_1018645.0,1018645,control,0,2016/5/2,2016,0,Male,White,1988,25,1,0,1,0,0,0,2017/10/31,1,2017/1/1,2018/1/1,1,1,5277.64229,1,1,1,0,0,1,0,0,0,8.571424202
412,2017,P_412,,participant,1,2016/5/2,2016,0,Male,White,1988,25,1,0,1,0,0,0,2017/10/31,1,2017/1/1,2018/1/1,1,1,0,0,1,1,0,0,1,0,1,0,0
418,2014,C_418_1197017.0,1197017,control,0,2016/10/8,2016,0,Male,Black,1987,18,4,1,4,0,0,0,2018/4/8,-2,2014/1/1,2015/1/1,0,0,0,0,1,1,0,0,1,0,0,0,0
418,2014,P_418,,participant,1,2016/10/8,2016,0,Male,Black,1987,18,4,1,4,0,0,0,2018/4/8,-2,2014/1/1,2015/1/1,0,0,0,0,1,1,0,0,1,0,0,0,0
418,2015,C_418_1197017.0,1197017,control,0,2016/10/8,2016,0,Male,Black,1987,18,4,1,4,0,0,0,2018/4/8,-1,2015/1/1,2016/1/1,0,0,0,0,1,1,0,0,1,0,0,0,0
418,2015,P_418,,participant,1,2016/10/8,2016,0,Male,Black,1987,18,4,1,4,0,0,0,2018/4/8,-1,2015/1/1,2016/1/1,0,0,0,0,1,1,0,0,1,0,0,0,0
418,2016,C_418_1197017.0,1197017,control,0,2016/10/8,2016,0,Male,Black,1987,18,4,1,4,0,0,0,2018/4/8,0,2016/1/1,2017/1/1,1,1,0,0,1,1,0,0,1,0,0,0,0
418,2016,P_418,,participant,1,2016/10/8,2016,0,Male,Black,1987,18,4,1,4,0,0,0,2018/4/8,0,2016/1/1,2017/1/1,1,1,0,0,1,1,0,0,1,0,1,0,0
418,2017,C_418_1197017.0,1197017,control,0,2016/10/8,2016,0,Male,Black,1987,18,4,1,4,0,0,0,2018/4/8,1,2017/1/1,2018/1/1,1,1,15225.01263,1,1,1,0,0,1,0,0,0,9.630760602
418,2017,P_418,,participant,1,2016/10/8,2016,0,Male,Black,1987,18,4,1,4,0,0,0,2018/4/8,1,2017/1/1,2018/1/1,1,1,22225.10712,1,1,1,0,0,1,0,1,0,10.00902287
420,2014,C_420_1201566.0,1201566,control,0,2016/5/18,2016,0,Male,Black,1991,21,3,1,3,0,0,0,2017/11/16,-2,2014/1/1,2015/1/1,0,0,0,0,1,1,0,0,1,0,0,0,0
420,2014,P_420,,participant,1,2016/5/18,2016,0,Male,Black,1991,21,3,1,3,0,0,0,2017/11/16,-2,2014/1/1,2015/1/1,0,0,0,0,1,1,0,0,1,0,0,0,0
420,2015,C_420_1201566.0,1201566,control,0,2016/5/18,2016,0,Male,Black,1991,21,3,1,3,0,0,0,2017/11/16,-1,2015/1/1,2016/1/1,0,0,0,0,1,1,0,0,1,0,0,0,0
420,2015,P_420,,participant,1,2016/5/18,2016,0,Male,Black,1991,21,3,1,3,0,0,0,2017/11/16,-1,2015/1/1,2016/1/1,0,0,0,0,1,1,0,0,1,0,0,0,0
420,2016,C_420_1201566.0,1201566,control,0,2016/5/18,2016,0,Male,Black,1991,21,3,1,3,0,0,0,2017/11/16,0,2016/1/1,2017/1/1,1,1,0,0,1,1,0,0,1,0,0,0,0
420,2016,P_420,,participant,1,2016/5/18,2016,0,Male,Black,1991,21,3,1,3,0,0,0,2017/11/16,0,2016/1/1,2017/1/1,1,1,0,0,1,1,1,1,1,1,1,0,0
420,2017,C_420_1201566.0,1201566,control,0,2016/5/18,2016,0,Male,Black,1991,21,3,1,3,0,0,0,2017/11/16,1,2017/1/1,2018/1/1,1,1,0,0,1,1,4,1,1,1,0,0,0
420,2017,P_420,,participant,1,2016/5/18,2016,0,Male,Black,1991,21,3,1,3,0,0,0,2017/11/16,1,2017/1/1,2018/1/1,1,1,1731.913987,1,1,1,1,1,1,1,1,0,7.457559656
424,2014,C_424_1075251.0,1075251,control,0,2016/5/23,2016,0,Male,Black,1991,20,2,1,2,0,0,0.483702237,2017/11/21,-2,2014/1/1,2015/1/1,0,0,0,0,1,1,0,0,1,0,0,0,0
424,2014,P_424,,participant,1,2016/5/23,2016,0,Male,Black,1991,20,1,1,3,0,0,0,2017/11/21,-2,2014/1/1,2015/1/1,0,0,0,0,1,1,0,0,1,0,0,0,0
424,2015,C_424_1075251.0,1075251,control,0,2016/5/23,2016,0,Male,Black,1991,20,2,1,2,0,0,0.483702237,2017/11/21,-1,2015/1/1,2016/1/1,0,0,0,0,1,1,0,0,1,0,0,0,0
424,2015,P_424,,participant,1,2016/5/23,2016,0,Male,Black,1991,20,1,1,3,0,0,0,2017/11/21,-1,2015/1/1,2016/1/1,0,0,0,0,1,1,0,0,1,0,0,0,0
424,2016,C_424_1075251.0,1075251,control,0,2016/5/23,2016,0,Male,Black,1991,20,2,1,2,0,0,0.483702237,2017/11/21,0,2016/1/1,2017/1/1,1,1,0,0,1,1,0,0,1,0,0,0,0
424,2016,P_424,,participant,1,2016/5/23,2016,0,Male,Black,1991,20,1,1,3,0,0,0,2017/11/21,0,2016/1/1,2017/1/1,1,1,0,0,1,1,0,0,1,0,1,0,0
424,2017,C_424_1075251.0,1075251,control,0,2016/5/23,2016,0,Male,Black,1991,20,2,1,2,0,0,0.483702237,2017/11/21,1,2017/1/1,2018/1/1,1,1,0,0,1,1,0,0,1,0,0,0,0
424,2017,P_424,,participant,1,2016/5/23,2016,0,Male,Black,1991,20,1,1,3,0,0,0,2017/11/21,1,2017/1/1,2018/1/1,1,1,5667.815446,1,1,1,0,0,1,0,1,0,8.642735459
426,2014,C_426_1007693.0,1007693,control,0,2016/5/31,2016,0,Male,Black,1992,22,1,0,1,0,0,0,2017/11/29,-2,2014/1/1,2015/1/1,0,0,0,0,0,1,0,0,1,0,0,0,0
426,2014,P_426,,participant,1,2016/5/31,2016,0,Male,Black,1992,22,1,0,1,0,0,0,2017/11/29,-2,2014/1/1,2015/1/1,0,0,0,0,0,1,0,0,1,0,0,0,0
426,2015,C_426_1007693.0,1007693,control,0,2016/5/31,2016,0,Male,Black,1992,22,1,0,1,0,0,0,2017/11/29,-1,2015/1/1,2016/1/1,0,0,0,0,1,1,0,0,1,0,0,0,0
426,2015,P_426,,participant,1,2016/5/31,2016,0,Male,Black,1992,22,1,0,1,0,0,0,2017/11/29,-1,2015/1/1,2016/1/1,0,0,0,0,1,1,0,0,1,0,0,0,0
426,2016,C_426_1007693.0,1007693,control,0,2016/5/31,2016,0,Male,Black,1992,22,1,0,1,0,0,0,2017/11/29,0,2016/1/1,2017/1/1,1,1,0,0,1,1,0,0,1,0,0,0,0
426,2016,P_426,,participant,1,2016/5/31,2016,0,Male,Black,1992,22,1,0,1,0,0,0,2017/11/29,0,2016/1/1,2017/1/1,1,1,0,0,1,1,0,0,1,0,1,0,0
426,2017,C_426_1007693.0,1007693,control,0,2016/5/31,2016,0,Male,Black,1992,22,1,0,1,0,0,0,2017/11/29,1,2017/1/1,2018/1/1,1,1,14804.01994,1,1,1,0,0,1,0,0,0,9.602721587
426,2017,P_426,,participant,1,2016/5/31,2016,0,Male,Black,1992,22,1,0,1,0,0,0,2017/11/29,1,2017/1/1,2018/1/1,1,1,0,0,1,1,0,0,1,0,1,0,0
429,2014,C_429_1093845.0,1093845,control,0,2016/5/31,2016,0,Male,Black,1988,20,2,0,2,0,0,0.43712956,2017/11/29,-2,2014/1/1,2015/1/1,0,0,0,0,1,1,0,0,1,0,0,0,0
429,2014,P_429,,participant,1,2016/5/31,2016,0,Male,Black,1988,20,3,0,1,0,0,0,2017/11/29,-2,2014/1/1,2015/1/1,0,0,0,0,1,1,0,0,1,0,0,0,0
429,2015,C_429_1093845.0,1093845,control,0,2016/5/31,2016,0,Male,Black,1988,20,2,0,2,0,0,0.43712956,2017/11/29,-1,2015/1/1,2016/1/1,0,0,0,0,1,1,0,0,1,0,0,0,0
429,2015,P_429,,participant,1,2016/5/31,2016,0,Male,Black,1988,20,3,0,1,0,0,0,2017/11/29,-1,2015/1/1,2016/1/1,0,0,0,0,1,1,0,0,1,0,0,0,0
429,2016,C_429_1093845.0,1093845,control,0,2016/5/31,2016,0,Male,Black,1988,20,2,0,2,0,0,0.43712956,2017/11/29,0,2016/1/1,2017/1/1,1,1,0,0,1,1,0,0,1,0,0,0,0
429,2016,P_429,,participant,1,2016/5/31,2016,0,Male,Black,1988,20,3,0,1,0,0,0,2017/11/29,0,2016/1/1,2017/1/1,1,1,0,0,1,1,0,0,1,0,1,0,0
429,2017,C_429_1093845.0,1093845,control,0,2016/5/31,2016,0,Male,Black,1988,20,2,0,2,0,0,0.43712956,2017/11/29,1,2017/1/1,2018/1/1,1,1,23020.92633,1,1,1,0,0,1,0,0,0,10.04420236
429,2017,P_429,,participant,1,2016/5/31,2016,0,Male,Black,1988,20,3,0,1,0,0,0,2017/11/29,1,2017/1/1,2018/1/1,1,1,4797.832104,1,1,1,0,0,1,0,1,0,8.476127856
433,2014,C_433_1676398.0,1676398,control,0,2016/6/6,2016,0,Male,Black,1982,19,6,1,6,0,0,0.346858147,2017/12/5,-2,2014/1/1,2015/1/1,0,0,0,0,1,1,0,0,1,0,0,0,0
433,2014,P_433,,participant,1,2016/6/6,2016,0,Male,Black,1982,19,7,1,5,0,0,0,2017/12/5,-2,2014/1/1,2015/1/1,0,0,0,0,1,1,0,0,1,0,0,0,0
433,2015,C_433_1676398.0,1676398,control,0,2016/6/6,2016,0,Male,Black,1982,19,6,1,6,0,0,0.346858147,2017/12/5,-1,2015/1/1,2016/1/1,0,0,0,0,1,1,0,0,1,0,0,0,0
433,2015,P_433,,participant,1,2016/6/6,2016,0,Male,Black,1982,19,7,1,5,0,0,0,2017/12/5,-1,2015/1/1,2016/1/1,0,0,0,0,1,1,0,0,1,0,0,0,0
433,2016,C_433_1676398.0,1676398,control,0,2016/6/6,2016,0,Male,Black,1982,19,6,1,6,0,0,0.346858147,2017/12/5,0,2016/1/1,2017/1/1,1,1,0,0,1,1,0,0,1,0,0,0,0
433,2016,P_433,,participant,1,2016/6/6,2016,0,Male,Black,1982,19,7,1,5,0,0,0,2017/12/5,0,2016/1/1,2017/1/1,1,1,0,0,1,1,0,0,1,0,1,0,0
433,2017,C_433_1676398.0,1676398,control,0,2016/6/6,2016,0,Male,Black,1982,19,6,1,6,0,0,0.346858147,2017/12/5,1,2017/1/1,2018/1/1,1,1,29180.82072,1,1,1,0,0,1,0,0,0,10.28130122
433,2017,P_433,,participant,1,2016/6/6,2016,0,Male,Black,1982,19,7,1,5,0,0,0,2017/12/5,1,2017/1/1,2018/1/1,1,1,0,0,1,1,0,0,1,0,1,0,0
436,2014,C_436_1436790.0,1436790,control,0,2016/6/13,2016,0,Male,Black,1990,17,4,1,4,0,0,0.202974141,2017/12/12,-2,2014/1/1,2015/1/1,0,0,0,0,1,1,0,0,1,0,0,0,0
436,2014,P_436,,participant,1,2016/6/13,2016,0,Male,Black,1990,17,5,1,4,0,0,0,2017/12/12,-2,2014/1/1,2015/1/1,0,0,0,0,1,1,0,0,1,0,0,0,0
436,2015,C_436_1436790.0,1436790,control,0,2016/6/13,2016,0,Male,Black,1990,17,4,1,4,0,0,0.202974141,2017/12/12,-1,2015/1/1,2016/1/1,0,0,0,0,1,1,0,0,1,0,0,0,0
436,2015,P_436,,participant,1,2016/6/13,2016,0,Male,Black,1990,17,5,1,4,0,0,0,2017/12/12,-1,2015/1/1,2016/1/1,0,0,0,0,1,1,0,0,1,0,0,0,0
436,2016,C_436_1436790.0,1436790,control,0,2016/6/13,2016,0,Male,Black,1990,17,4,1,4,0,0,0.202974141,2017/12/12,0,2016/1/1,2017/1/1,1,1,0,0,1,1,0,0,1,0,0,0,0
436,2016,P_436,,participant,1,2016/6/13,2016,0,Male,Black,1990,17,5,1,4,0,0,0,2017/12/12,0,2016/1/1,2017/1/1,1,1,0,0,1,1,0,0,1,0,1,0,0
436,2017,C_436_1436790.0,1436790,control,0,2016/6/13,2016,0,Male,Black,1990,17,4,1,4,0,0,0.202974141,2017/12/12,1,2017/1/1,2018/1/1,1,1,0,0,1,1,0,0,1,0,0,0,0
436,2017,P_436,,participant,1,2016/6/13,2016,0,Male,Black,1990,17,5,1,4,0,0,0,2017/12/12,1,2017/1/1,2018/1/1,1,1,0,0,1,1,0,0,1,0,1,0,0
438,2014,C_438_1796135.0,1796135,control,0,2016/6/27,2016,0,Male,Black,1987,23,7,1,7,0,0,0.648266029,2017/12/26,-2,2014/1/1,2015/1/1,0,0,0,0,1,1,0,0,1,0,0,0,0
438,2014,P_438,,participant,1,2016/6/27,2016,0,Male,Black,1987,23,8,1,6,0,0,0,2017/12/26,-2,2014/1/1,2015/1/1,0,0,0,0,1,1,0,0,1,0,0,0,0
438,2015,C_438_1796135.0,1796135,control,0,2016/6/27,2016,0,Male,Black,1987,23,7,1,7,0,0,0.648266029,2017/12/26,-1,2015/1/1,2016/1/1,0,0,0,0,1,1,0,0,1,0,0,0,0
438,2015,P_438,,participant,1,2016/6/27,2016,0,Male,Black,1987,23,8,1,6,0,0,0,2017/12/26,-1,2015/1/1,2016/1/1,0,0,0,0,1,1,0,0,1,0,0,0,0
438,2016,C_438_1796135.0,1796135,control,0,2016/6/27,2016,0,Male,Black,1987,23,7,1,7,0,0,0.648266029,2017/12/26,0,2016/1/1,2017/1/1,1,1,0,0,1,1,0,0,1,0,0,0,0
438,2016,P_438,,participant,1,2016/6/27,2016,0,Male,Black,1987,23,8,1,6,0,0,0,2017/12/26,0,2016/1/1,2017/1/1,1,1,0,0,1,1,0,0,1,0,1,0,0
438,2017,C_438_1796135.0,1796135,control,0,2016/6/27,2016,0,Male,Black,1987,23,7,1,7,0,0,0.648266029,2017/12/26,1,2017/1/1,2018/1/1,1,1,14191.25605,1,1,1,0,0,1,0,0,0,9.560451747
438,2017,P_438,,participant,1,2016/6/27,2016,0,Male,Black,1987,23,8,1,6,0,0,0,2017/12/26,1,2017/1/1,2018/1/1,1,1,4610.980711,1,1,1,0,0,1,0,1,0,8.436412699
440,2014,C_440_1115313.0,1115313,control,0,2016/6/22,2016,0,Male,Black,1990,21,3,1,4,0,0,0,2017/12/21,-2,2014/1/1,2015/1/1,0,0,0,0,1,1,0,0,1,0,0,0,0
440,2014,P_440,,participant,1,2016/6/22,2016,0,Male,Black,1990,21,3,1,4,0,0,0,2017/12/21,-2,2014/1/1,2015/1/1,0,0,0,0,1,1,0,0,1,0,0,0,0
440,2015,C_440_1115313.0,1115313,control,0,2016/6/22,2016,0,Male,Black,1990,21,3,1,4,0,0,0,2017/12/21,-1,2015/1/1,2016/1/1,0,0,0,0,1,1,0,0,1,0,0,0,0
440,2015,P_440,,participant,1,2016/6/22,2016,0,Male,Black,1990,21,3,1,4,0,0,0,2017/12/21,-1,2015/1/1,2016/1/1,0,0,0,0,1,1,0,0,1,0,0,0,0
440,2016,C_440_1115313.0,1115313,control,0,2016/6/22,2016,0,Male,Black,1990,21,3,1,4,0,0,0,2017/12/21,0,2016/1/1,2017/1/1,1,1,0,0,1,1,0,0,1,0,0,0,0
440,2016,P_440,,participant,1,2016/6/22,2016,0,Male,Black,1990,21,3,1,4,0,0,0,2017/12/21,0,2016/1/1,2017/1/1,1,1,0,0,1,1,0,0,1,0,1,0,0
440,2017,C_440_1115313.0,1115313,control,0,2016/6/22,2016,0,Male,Black,1990,21,3,1,4,0,0,0,2017/12/21,1,2017/1/1,2018/1/1,1,1,0,0,1,1,0,0,1,0,0,0,0
440,2017,P_440,,participant,1,2016/6/22,2016,0,Male,Black,1990,21,3,1,4,0,0,0,2017/12/21,1,2017/1/1,2018/1/1,1,1,29996.90618,1,1,1,0,0,1,0,1,0,10.30888286
446,2014,C_446_1662735.0,1662735,control,0,2016/7/25,2016,0,Male,Black,1992,16,3,1,4,0,0,2.112040313,2018/1/23,-2,2014/1/1,2015/1/1,0,0,0,0,1,1,0,0,1,0,0,0,0
446,2014,P_446,,participant,1,2016/7/25,2016,0,Male,Black,1992,16,0,0,5,0,0,0,2018/1/23,-2,2014/1/1,2015/1/1,0,0,0,0,1,1,0,0,1,0,0,0,0
446,2015,C_446_1662735.0,1662735,control,0,2016/7/25,2016,0,Male,Black,1992,16,3,1,4,0,0,2.112040313,2018/1/23,-1,2015/1/1,2016/1/1,0,0,0,0,1,1,0,0,1,0,0,0,0
446,2015,P_446,,participant,1,2016/7/25,2016,0,Male,Black,1992,16,0,0,5,0,0,0,2018/1/23,-1,2015/1/1,2016/1/1,0,0,0,0,1,1,0,0,1,0,0,0,0
446,2016,C_446_1662735.0,1662735,control,0,2016/7/25,2016,0,Male,Black,1992,16,3,1,4,0,0,2.112040313,2018/1/23,0,2016/1/1,2017/1/1,1,1,0,0,1,1,0,0,1,0,0,0,0
446,2016,P_446,,participant,1,2016/7/25,2016,0,Male,Black,1992,16,0,0,5,0,0,0,2018/1/23,0,2016/1/1,2017/1/1,1,1,0,0,1,1,0,0,1,0,1,0,0
446,2017,C_446_1662735.0,1662735,control,0,2016/7/25,2016,0,Male,Black,1992,16,3,1,4,0,0,2.112040313,2018/1/23,1,2017/1/1,2018/1/1,1,1,0,0,1,1,1,1,1,1,0,0,0
446,2017,P_446,,participant,1,2016/7/25,2016,0,Male,Black,1992,16,0,0,5,0,0,0,2018/1/23,1,2017/1/1,2018/1/1,1,1,0,0,1,1,0,0,1,0,1,0,0
447,2014,C_447_1012389.0,1012389,control,0,2016/7/11,2016,0,Male,Black,1994,19,3,0,3,0,0,0.476626694,2018/1/9,-2,2014/1/1,2015/1/1,0,0,0,0,1,1,0,0,1,0,0,0,0
447,2014,P_447,,participant,1,2016/7/11,2016,0,Male,Black,1994,19,4,0,2,0,0,0,2018/1/9,-2,2014/1/1,2015/1/1,0,0,0,0,1,1,0,0,1,0,0,0,0
447,2015,C_447_1012389.0,1012389,control,0,2016/7/11,2016,0,Male,Black,1994,19,3,0,3,0,0,0.476626694,2018/1/9,-1,2015/1/1,2016/1/1,0,0,0,0,1,1,0,0,1,0,0,0,0
447,2015,P_447,,participant,1,2016/7/11,2016,0,Male,Black,1994,19,4,0,2,0,0,0,2018/1/9,-1,2015/1/1,2016/1/1,0,0,0,0,1,1,0,0,1,0,0,0,0
447,2016,C_447_1012389.0,1012389,control,0,2016/7/11,2016,0,Male,Black,1994,19,3,0,3,0,0,0.476626694,2018/1/9,0,2016/1/1,2017/1/1,1,1,0,0,1,1,0,0,1,0,0,0,0
447,2016,P_447,,participant,1,2016/7/11,2016,0,Male,Black,1994,19,4,0,2,0,0,0,2018/1/9,0,2016/1/1,2017/1/1,1,1,0,0,1,1,0,0,1,0,1,0,0
447,2017,C_447_1012389.0,1012389,control,0,2016/7/11,2016,0,Male,Black,1994,19,3,0,3,0,0,0.476626694,2018/1/9,1,2017/1/1,2018/1/1,1,1,90.69999675,1,1,1,0,0,1,0,0,0,4.518522344
447,2017,P_447,,participant,1,2016/7/11,2016,0,Male,Black,1994,19,4,0,2,0,0,0,2018/1/9,1,2017/1/1,2018/1/1,1,1,0,0,1,1,0,0,1,0,1,0,0
450,2014,C_450_1087447.0,1087447,control,0,2016/7/18,2016,0,Male,Black,1993,20,6,1,6,0,0,1.011567226,2018/1/16,-2,2014/1/1,2015/1/1,0,0,0,0,0,1,0,0,1,0,0,0,0
450,2014,P_450,,participant,1,2016/7/18,2016,0,Male,Black,1993,20,8,1,4,0,0,0,2018/1/16,-2,2014/1/1,2015/1/1,0,0,0,0,1,1,0,0,1,0,0,0,0
450,2015,C_450_1087447.0,1087447,control,0,2016/7/18,2016,0,Male,Black,1993,20,6,1,6,0,0,1.011567226,2018/1/16,-1,2015/1/1,2016/1/1,0,0,0,0,1,1,0,0,1,0,0,0,0
450,2015,P_450,,participant,1,2016/7/18,2016,0,Male,Black,1993,20,8,1,4,0,0,0,2018/1/16,-1,2015/1/1,2016/1/1,0,0,0,0,1,1,0,0,1,0,0,0,0
450,2016,C_450_1087447.0,1087447,control,0,2016/7/18,2016,0,Male,Black,1993,20,6,1,6,0,0,1.011567226,2018/1/16,0,2016/1/1,2017/1/1,1,1,0,0,1,1,0,0,1,0,0,0,0
450,2016,P_450,,participant,1,2016/7/18,2016,0,Male,Black,1993,20,8,1,4,0,0,0,2018/1/16,0,2016/1/1,2017/1/1,1,1,0,0,1,1,0,0,1,0,1,0,0
450,2017,C_450_1087447.0,1087447,control,0,2016/7/18,2016,0,Male,Black,1993,20,6,1,6,0,0,1.011567226,2018/1/16,1,2017/1/1,2018/1/1,1,1,0,0,1,1,0,0,1,0,0,0,0
450,2017,P_450,,participant,1,2016/7/18,2016,0,Male,Black,1993,20,8,1,4,0,0,0,2018/1/16,1,2017/1/1,2018/1/1,1,1,0,0,1,1,0,0,1,0,1,0,0
454,2014,C_454_1037615.0,1037615,control,0,2016/7/25,2016,0,Male,Black,1978,36,1,0,1,0,0,0,2018/1/23,-2,2014/1/1,2015/1/1,0,0,0,0,0,0,0,0,1,0,0,0,0
454,2014,P_454,,participant,1,2016/7/25,2016,0,Male,Black,1978,36,1,0,1,0,0,0,2018/1/23,-2,2014/1/1,2015/1/1,0,0,0,0,0,1,0,0,1,0,0,0,0
454,2015,C_454_1037615.0,1037615,control,0,2016/7/25,2016,0,Male,Black,1978,36,1,0,1,0,0,0,2018/1/23,-1,2015/1/1,2016/1/1,0,0,0,0,0,1,0,0,1,0,0,0,0
454,2015,P_454,,participant,1,2016/7/25,2016,0,Male,Black,1978,36,1,0,1,0,0,0,2018/1/23,-1,2015/1/1,2016/1/1,0,0,0,0,1,1,0,0,1,0,0,0,0
454,2016,C_454_1037615.0,1037615,control,0,2016/7/25,2016,0,Male,Black,1978,36,1,0,1,0,0,0,2018/1/23,0,2016/1/1,2017/1/1,1,1,0,0,1,1,0,0,1,0,0,0,0
454,2016,P_454,,participant,1,2016/7/25,2016,0,Male,Black,1978,36,1,0,1,0,0,0,2018/1/23,0,2016/1/1,2017/1/1,1,1,0,0,1,1,0,0,1,0,1,0,0
454,2017,C_454_1037615.0,1037615,control,0,2016/7/25,2016,0,Male,Black,1978,36,1,0,1,0,0,0,2018/1/23,1,2017/1/1,2018/1/1,1,1,0,0,1,1,0,0,1,0,0,0,0
454,2017,P_454,,participant,1,2016/7/25,2016,0,Male,Black,1978,36,1,0,1,0,0,0,2018/1/23,1,2017/1/1,2018/1/1,1,1,0,0,1,1,0,0,1,0,1,0,0
455,2014,C_455_1476613.0,1476613,control,0,2016/8/22,2016,0,Male,Black,1979,20,5,1,5,0,0,0.870773795,2018/2/20,-2,2014/1/1,2015/1/1,0,0,0,0,1,1,0,0,1,0,0,0,0
455,2014,P_455,,participant,1,2016/8/22,2016,0,Male,Black,1979,20,7,1,2,0,0,0,2018/2/20,-2,2014/1/1,2015/1/1,0,0,0,0,1,1,0,0,1,0,0,0,0
455,2015,C_455_1476613.0,1476613,control,0,2016/8/22,2016,0,Male,Black,1979,20,5,1,5,0,0,0.870773795,2018/2/20,-1,2015/1/1,2016/1/1,0,0,0,0,1,1,0,0,1,0,0,0,0
455,2015,P_455,,participant,1,2016/8/22,2016,0,Male,Black,1979,20,7,1,2,0,0,0,2018/2/20,-1,2015/1/1,2016/1/1,0,0,0,0,1,1,0,0,1,0,0,0,0
455,2016,C_455_1476613.0,1476613,control,0,2016/8/22,2016,0,Male,Black,1979,20,5,1,5,0,0,0.870773795,2018/2/20,0,2016/1/1,2017/1/1,1,1,0,0,1,1,0,0,1,0,0,0,0
455,2016,P_455,,participant,1,2016/8/22,2016,0,Male,Black,1979,20,7,1,2,0,0,0,2018/2/20,0,2016/1/1,2017/1/1,1,1,0,0,1,1,0,0,1,0,1,0,0
455,2017,C_455_1476613.0,1476613,control,0,2016/8/22,2016,0,Male,Black,1979,20,5,1,5,0,0,0.870773795,2018/2/20,1,2017/1/1,2018/1/1,1,1,0,0,1,1,0,0,1,0,0,0,0
455,2017,P_455,,participant,1,2016/8/22,2016,0,Male,Black,1979,20,7,1,2,0,0,0,2018/2/20,1,2017/1/1,2018/1/1,1,1,15399.36761,1,1,1,0,0,1,0,1,0,9.642146659
456,2014,C_456_1006856.0,1006856,control,0,2016/7/27,2016,0,Male,Black,1987,23,1,0,1,0,0,0.399321272,2018/1/25,-2,2014/1/1,2015/1/1,0,0,0,0,1,1,0,0,1,0,0,0,0
456,2014,P_456,,participant,1,2016/7/27,2016,0,Male,Black,1987,23,1,0,2,0,0,0,2018/1/25,-2,2014/1/1,2015/1/1,0,0,0,0,1,1,0,0,1,0,0,0,0
456,2015,C_456_1006856.0,1006856,control,0,2016/7/27,2016,0,Male,Black,1987,23,1,0,1,0,0,0.399321272,2018/1/25,-1,2015/1/1,2016/1/1,0,0,0,0,1,1,0,0,1,0,0,0,0
456,2015,P_456,,participant,1,2016/7/27,2016,0,Male,Black,1987,23,1,0,2,0,0,0,2018/1/25,-1,2015/1/1,2016/1/1,0,0,0,0,1,1,0,0,1,0,0,0,0
456,2016,C_456_1006856.0,1006856,control,0,2016/7/27,2016,0,Male,Black,1987,23,1,0,1,0,0,0.399321272,2018/1/25,0,2016/1/1,2017/1/1,1,1,0,0,1,1,0,0,1,0,0,0,0
456,2016,P_456,,participant,1,2016/7/27,2016,0,Male,Black,1987,23,1,0,2,0,0,0,2018/1/25,0,2016/1/1,2017/1/1,1,1,0,0,1,1,1,1,1,1,1,0,0
456,2017,C_456_1006856.0,1006856,control,0,2016/7/27,2016,0,Male,Black,1987,23,1,0,1,0,0,0.399321272,2018/1/25,1,2017/1/1,2018/1/1,1,1,0,0,1,1,0,0,1,0,0,0,0
456,2017,P_456,,participant,1,2016/7/27,2016,0,Male,Black,1987,23,1,0,2,0,0,0,2018/1/25,1,2017/1/1,2018/1/1,1,1,0,0,1,1,0,0,1,0,1,0,0
458,2014,C_458_399412.0,399412,control,0,2016/8/1,2016,0,Male,Black,1994,18,0,0,1,0,0,0.304078429,2018/1/30,-2,2014/1/1,2015/1/1,0,0,0,0,1,1,0,0,1,0,0,0,0
458,2014,P_458,,participant,1,2016/8/1,2016,0,Male,Black,1994,18,0,0,2,0,0,0,2018/1/30,-2,2014/1/1,2015/1/1,0,0,0,0,1,1,0,0,1,0,0,0,0
458,2015,C_458_399412.0,399412,control,0,2016/8/1,2016,0,Male,Black,1994,18,0,0,1,0,0,0.304078429,2018/1/30,-1,2015/1/1,2016/1/1,0,0,0,0,1,1,0,0,1,0,0,0,0
458,2015,P_458,,participant,1,2016/8/1,2016,0,Male,Black,1994,18,0,0,2,0,0,0,2018/1/30,-1,2015/1/1,2016/1/1,0,0,0,0,1,1,0,0,1,0,0,0,0
458,2016,C_458_399412.0,399412,control,0,2016/8/1,2016,0,Male,Black,1994,18,0,0,1,0,0,0.304078429,2018/1/30,0,2016/1/1,2017/1/1,1,1,0,0,1,1,0,0,1,0,0,0,0
458,2016,P_458,,participant,1,2016/8/1,2016,0,Male,Black,1994,18,0,0,2,0,0,0,2018/1/30,0,2016/1/1,2017/1/1,1,1,0,0,1,1,0,0,1,0,1,0,0
458,2017,C_458_399412.0,399412,control,0,2016/8/1,2016,0,Male,Black,1994,18,0,0,1,0,0,0.304078429,2018/1/30,1,2017/1/1,2018/1/1,1,1,0,0,1,1,0,0,1,0,0,0,0
458,2017,P_458,,participant,1,2016/8/1,2016,0,Male,Black,1994,18,0,0,2,0,0,0,2018/1/30,1,2017/1/1,2018/1/1,1,1,0,0,1,1,1,1,1,1,1,0,0
461,2014,C_461_1598117.0,1598117,control,0,2016/8/22,2016,0,Male,Black,1982,,2,0,0,0,0,2,2018/2/20,-2,2014/1/1,2015/1/1,0,0,0,0,0,0,0,0,0,0,0,0,0
461,2014,P_461,,participant,1,2016/8/22,2016,0,Male,Black,1982,,0,0,0,0,0,0,2018/2/20,-2,2014/1/1,2015/1/1,0,0,0,0,0,0,0,0,0,0,0,0,0
461,2015,C_461_1598117.0,1598117,control,0,2016/8/22,2016,0,Male,Black,1982,,2,0,0,0,0,2,2018/2/20,-1,2015/1/1,2016/1/1,0,0,0,0,0,0,0,0,0,0,0,0,0
461,2015,P_461,,participant,1,2016/8/22,2016,0,Male,Black,1982,,0,0,0,0,0,0,2018/2/20,-1,2015/1/1,2016/1/1,0,0,0,0,0,0,0,0,0,0,0,0,0
461,2016,C_461_1598117.0,1598117,control,0,2016/8/22,2016,0,Male,Black,1982,,2,0,0,0,0,2,2018/2/20,0,2016/1/1,2017/1/1,1,1,0,0,0,0,0,0,0,0,0,0,0
461,2016,P_461,,participant,1,2016/8/22,2016,0,Male,Black,1982,,0,0,0,0,0,0,2018/2/20,0,2016/1/1,2017/1/1,1,1,0,0,0,0,0,0,0,0,1,0,0
461,2017,C_461_1598117.0,1598117,control,0,2016/8/22,2016,0,Male,Black,1982,,2,0,0,0,0,2,2018/2/20,1,2017/1/1,2018/1/1,1,1,0,0,0,0,0,0,0,0,0,0,0
461,2017,P_461,,participant,1,2016/8/22,2016,0,Male,Black,1982,,0,0,0,0,0,0,2018/2/20,1,2017/1/1,2018/1/1,1,1,28154.15588,1,0,0,0,0,0,0,1,0,10.24548577
463,2014,C_463_1106066.0,1106066,control,0,2016/8/15,2016,0,Male,White,1982,,1,0,0,0,0,1,2018/2/13,-2,2014/1/1,2015/1/1,0,0,0,0,0,0,0,0,0,0,0,0,0
463,2014,P_463,,participant,1,2016/8/15,2016,0,Male,White,1982,,0,0,0,0,0,0,2018/2/13,-2,2014/1/1,2015/1/1,0,0,0,0,0,0,0,0,0,0,0,0,0
463,2015,C_463_1106066.0,1106066,control,0,2016/8/15,2016,0,Male,White,1982,,1,0,0,0,0,1,2018/2/13,-1,2015/1/1,2016/1/1,0,0,0,0,0,0,0,0,0,0,0,0,0
463,2015,P_463,,participant,1,2016/8/15,2016,0,Male,White,1982,,0,0,0,0,0,0,2018/2/13,-1,2015/1/1,2016/1/1,0,0,0,0,0,0,0,0,0,0,0,0,0
463,2016,C_463_1106066.0,1106066,control,0,2016/8/15,2016,0,Male,White,1982,,1,0,0,0,0,1,2018/2/13,0,2016/1/1,2017/1/1,1,1,0,0,0,0,0,0,0,0,0,0,0
463,2016,P_463,,participant,1,2016/8/15,2016,0,Male,White,1982,,0,0,0,0,0,0,2018/2/13,0,2016/1/1,2017/1/1,1,1,0,0,0,0,0,0,0,0,1,0,0
463,2017,C_463_1106066.0,1106066,control,0,2016/8/15,2016,0,Male,White,1982,,1,0,0,0,0,1,2018/2/13,1,2017/1/1,2018/1/1,1,1,0,0,0,0,0,0,0,0,0,0,0
463,2017,P_463,,participant,1,2016/8/15,2016,0,Male,White,1982,,0,0,0,0,0,0,2018/2/13,1,2017/1/1,2018/1/1,1,1,1917.542996,1,0,0,0,0,0,0,1,0,7.559321321
464,2014,C_464_1502538.0,1502538,control,0,2016/8/22,2016,0,Female,Black,1973,29,3,1,3,0,0,0.403056911,2018/2/20,-2,2014/1/1,2015/1/1,0,0,0,0,1,1,0,0,1,0,0,0,0
464,2014,P_464,,participant,1,2016/8/22,2016,0,Female,Black,1973,29,3,1,1,0,0,0,2018/2/20,-2,2014/1/1,2015/1/1,0,0,0,0,1,1,0,0,1,0,0,0,0
464,2015,C_464_1502538.0,1502538,control,0,2016/8/22,2016,0,Female,Black,1973,29,3,1,3,0,0,0.403056911,2018/2/20,-1,2015/1/1,2016/1/1,0,0,0,0,1,1,0,0,1,0,0,0,0
464,2015,P_464,,participant,1,2016/8/22,2016,0,Female,Black,1973,29,3,1,1,0,0,0,2018/2/20,-1,2015/1/1,2016/1/1,0,0,0,0,1,1,0,0,1,0,0,0,0
464,2016,C_464_1502538.0,1502538,control,0,2016/8/22,2016,0,Female,Black,1973,29,3,1,3,0,0,0.403056911,2018/2/20,0,2016/1/1,2017/1/1,1,1,0,0,1,1,0,0,1,0,0,0,0
464,2016,P_464,,participant,1,2016/8/22,2016,0,Female,Black,1973,29,3,1,1,0,0,0,2018/2/20,0,2016/1/1,2017/1/1,1,1,0,0,1,1,0,0,1,0,1,0,0
464,2017,C_464_1502538.0,1502538,control,0,2016/8/22,2016,0,Female,Black,1973,29,3,1,3,0,0,0.403056911,2018/2/20,1,2017/1/1,2018/1/1,1,1,15583.42225,1,1,1,0,0,1,0,0,0,9.65402712
464,2017,P_464,,participant,1,2016/8/22,2016,0,Female,Black,1973,29,3,1,1,0,0,0,2018/2/20,1,2017/1/1,2018/1/1,1,1,18086.67319,1,1,1,0,0,1,0,1,0,9.802985946
465,2014,C_465_526633.0,526633,control,0,2016/8/29,2016,0,Male,Black,1993,20,0,0,4,0,0,0.349523701,2018/2/27,-2,2014/1/1,2015/1/1,0,0,0,0,0,1,0,0,1,0,0,0,0
465,2014,P_465,,participant,1,2016/8/29,2016,0,Male,Black,1993,20,0,0,3,0,0,0,2018/2/27,-2,2014/1/1,2015/1/1,0,0,0,0,1,1,0,0,1,0,0,0,0
465,2015,C_465_526633.0,526633,control,0,2016/8/29,2016,0,Male,Black,1993,20,0,0,4,0,0,0.349523701,2018/2/27,-1,2015/1/1,2016/1/1,0,0,0,0,1,1,0,0,1,0,0,0,0
465,2015,P_465,,participant,1,2016/8/29,2016,0,Male,Black,1993,20,0,0,3,0,0,0,2018/2/27,-1,2015/1/1,2016/1/1,0,0,0,0,1,1,0,0,1,0,0,0,0
465,2016,C_465_526633.0,526633,control,0,2016/8/29,2016,0,Male,Black,1993,20,0,0,4,0,0,0.349523701,2018/2/27,0,2016/1/1,2017/1/1,1,1,0,0,1,1,0,0,1,0,0,0,0
465,2016,P_465,,participant,1,2016/8/29,2016,0,Male,Black,1993,20,0,0,3,0,0,0,2018/2/27,0,2016/1/1,2017/1/1,1,1,0,0,1,1,0,0,1,0,1,0,0
465,2017,C_465_526633.0,526633,control,0,2016/8/29,2016,0,Male,Black,1993,20,0,0,4,0,0,0.349523701,2018/2/27,1,2017/1/1,2018/1/1,1,1,0,0,1,1,0,0,1,0,0,0,0
465,2017,P_465,,participant,1,2016/8/29,2016,0,Male,Black,1993,20,0,0,3,0,0,0,2018/2/27,1,2017/1/1,2018/1/1,1,1,10609.66765,1,1,1,0,0,1,0,1,0,9.269615156
466,2014,C_466_1811457.0,1811457,control,0,2016/9/26,2016,0,Male,Black,1990,24,3,1,3,0,0,0,2018/3/27,-2,2014/1/1,2015/1/1,0,0,0,0,0,1,0,0,1,0,0,0,0
466,2014,P_466,,participant,1,2016/9/26,2016,0,Male,Black,1990,24,3,1,3,0,0,0,2018/3/27,-2,2014/1/1,2015/1/1,0,0,0,0,0,0,0,0,1,0,0,0,0
466,2015,C_466_1811457.0,1811457,control,0,2016/9/26,2016,0,Male,Black,1990,24,3,1,3,0,0,0,2018/3/27,-1,2015/1/1,2016/1/1,0,0,0,0,1,1,0,0,1,0,0,0,0
466,2015,P_466,,participant,1,2016/9/26,2016,0,Male,Black,1990,24,3,1,3,0,0,0,2018/3/27,-1,2015/1/1,2016/1/1,0,0,0,0,0,1,0,0,1,0,0,0,0
466,2016,C_466_1811457.0,1811457,control,0,2016/9/26,2016,0,Male,Black,1990,24,3,1,3,0,0,0,2018/3/27,0,2016/1/1,2017/1/1,1,1,0,0,1,1,0,0,1,0,0,0,0
466,2016,P_466,,participant,1,2016/9/26,2016,0,Male,Black,1990,24,3,1,3,0,0,0,2018/3/27,0,2016/1/1,2017/1/1,1,1,0,0,1,1,0,0,1,0,1,0,0
466,2017,C_466_1811457.0,1811457,control,0,2016/9/26,2016,0,Male,Black,1990,24,3,1,3,0,0,0,2018/3/27,1,2017/1/1,2018/1/1,1,1,56983.00716,1,1,1,0,0,1,0,0,0,10.95052593
466,2017,P_466,,participant,1,2016/9/26,2016,0,Male,Black,1990,24,3,1,3,0,0,0,2018/3/27,1,2017/1/1,2018/1/1,1,1,11722.26365,1,1,1,0,0,1,0,1,0,9.369330493
468,2014,C_468_1709846.0,1709846,control,0,2016/8/29,2016,0,Male,Black,1983,20,7,1,7,0,0,0.974645168,2018/2/27,-2,2014/1/1,2015/1/1,0,0,0,0,1,1,0,0,1,0,0,0,0
468,2014,P_468,,participant,1,2016/8/29,2016,0,Male,Black,1983,20,9,1,4,0,0,0,2018/2/27,-2,2014/1/1,2015/1/1,0,0,0,0,1,1,0,0,1,0,0,0,0
468,2015,C_468_1709846.0,1709846,control,0,2016/8/29,2016,0,Male,Black,1983,20,7,1,7,0,0,0.974645168,2018/2/27,-1,2015/1/1,2016/1/1,0,0,0,0,1,1,0,0,1,0,0,0,0
468,2015,P_468,,participant,1,2016/8/29,2016,0,Male,Black,1983,20,9,1,4,0,0,0,2018/2/27,-1,2015/1/1,2016/1/1,0,0,0,0,1,1,0,0,1,0,0,0,0
468,2016,C_468_1709846.0,1709846,control,0,2016/8/29,2016,0,Male,Black,1983,20,7,1,7,0,0,0.974645168,2018/2/27,0,2016/1/1,2017/1/1,1,1,0,0,1,1,0,0,1,0,0,0,0
468,2016,P_468,,participant,1,2016/8/29,2016,0,Male,Black,1983,20,9,1,4,0,0,0,2018/2/27,0,2016/1/1,2017/1/1,1,1,0,0,1,1,0,0,1,0,1,0,0
468,2017,C_468_1709846.0,1709846,control,0,2016/8/29,2016,0,Male,Black,1983,20,7,1,7,0,0,0.974645168,2018/2/27,1,2017/1/1,2018/1/1,1,1,0,0,1,1,0,0,1,0,0,0,0
468,2017,P_468,,participant,1,2016/8/29,2016,0,Male,Black,1983,20,9,1,4,0,0,0,2018/2/27,1,2017/1/1,2018/1/1,1,1,13507.21446,1,1,1,0,0,1,0,1,0,9.511053258
470,2014,C_470_1052915.0,1052915,control,0,2016/9/26,2016,0,Male,Black,1979,29,2,1,2,0,0,0,2018/3/27,-2,2014/1/1,2015/1/1,0,0,0,0,1,1,0,0,1,0,0,0,0
470,2014,P_470,,participant,1,2016/9/26,2016,0,Male,Black,1979,29,2,1,2,0,0,0,2018/3/27,-2,2014/1/1,2015/1/1,0,0,0,0,1,1,0,0,1,0,0,0,0
470,2015,C_470_1052915.0,1052915,control,0,2016/9/26,2016,0,Male,Black,1979,29,2,1,2,0,0,0,2018/3/27,-1,2015/1/1,2016/1/1,0,0,0,0,1,1,0,0,1,0,0,0,0
470,2015,P_470,,participant,1,2016/9/26,2016,0,Male,Black,1979,29,2,1,2,0,0,0,2018/3/27,-1,2015/1/1,2016/1/1,0,0,0,0,1,1,0,0,1,0,0,0,0
470,2016,C_470_1052915.0,1052915,control,0,2016/9/26,2016,0,Male,Black,1979,29,2,1,2,0,0,0,2018/3/27,0,2016/1/1,2017/1/1,1,1,0,0,1,1,0,0,1,0,0,0,0
470,2016,P_470,,participant,1,2016/9/26,2016,0,Male,Black,1979,29,2,1,2,0,0,0,2018/3/27,0,2016/1/1,2017/1/1,1,1,0,0,1,1,0,0,1,0,1,0,0
470,2017,C_470_1052915.0,1052915,control,0,2016/9/26,2016,0,Male,Black,1979,29,2,1,2,0,0,0,2018/3/27,1,2017/1/1,2018/1/1,1,1,0,0,1,1,0,0,1,0,0,0,0
470,2017,P_470,,participant,1,2016/9/26,2016,0,Male,Black,1979,29,2,1,2,0,0,0,2018/3/27,1,2017/1/1,2018/1/1,1,1,1218.534739,1,1,1,1,1,1,1,1,0,7.106224704
472,2014,C_472_1880616.0,1880616,control,0,2016/9/13,2016,0,Male,Black,1995,20,5,1,5,0,0,2.926999201,2018/3/14,-2,2014/1/1,2015/1/1,0,0,0,0,0,0,0,0,1,0,0,0,0
472,2014,P_472,,participant,1,2016/9/13,2016,0,Male,Black,1995,20,8,1,4,0,0,0,2018/3/14,-2,2014/1/1,2015/1/1,0,0,0,0,0,0,0,0,1,0,0,0,0
472,2015,C_472_1880616.0,1880616,control,0,2016/9/13,2016,0,Male,Black,1995,20,5,1,5,0,0,2.926999201,2018/3/14,-1,2015/1/1,2016/1/1,0,0,0,0,0,1,0,0,1,0,0,0,0
472,2015,P_472,,participant,1,2016/9/13,2016,0,Male,Black,1995,20,8,1,4,0,0,0,2018/3/14,-1,2015/1/1,2016/1/1,0,0,0,0,0,1,0,0,1,0,0,0,0
472,2016,C_472_1880616.0,1880616,control,0,2016/9/13,2016,0,Male,Black,1995,20,5,1,5,0,0,2.926999201,2018/3/14,0,2016/1/1,2017/1/1,1,1,0,0,1,1,0,0,1,0,0,0,0
472,2016,P_472,,participant,1,2016/9/13,2016,0,Male,Black,1995,20,8,1,4,0,0,0,2018/3/14,0,2016/1/1,2017/1/1,1,1,0,0,1,1,0,0,1,0,1,0,0
472,2017,C_472_1880616.0,1880616,control,0,2016/9/13,2016,0,Male,Black,1995,20,5,1,5,0,0,2.926999201,2018/3/14,1,2017/1/1,2018/1/1,1,1,2674.931344,1,1,1,0,0,1,0,0,0,7.892052765
472,2017,P_472,,participant,1,2016/9/13,2016,0,Male,Black,1995,20,8,1,4,0,0,0,2018/3/14,1,2017/1/1,2018/1/1,1,1,0,0,1,1,0,0,1,0,1,0,0
476,2014,C_476_1837352.0,1837352,control,0,2016/10/10,2016,0,Male,Black,1995,20,3,0,5,0,0,0.605683488,2018/4/10,-2,2014/1/1,2015/1/1,0,0,0,0,0,0,0,0,1,0,0,0,0
476,2014,P_476,,participant,1,2016/10/10,2016,0,Male,Black,1995,20,3,0,6,0,0,0,2018/4/10,-2,2014/1/1,2015/1/1,0,0,0,0,1,1,0,0,1,0,0,0,0
476,2015,C_476_1837352.0,1837352,control,0,2016/10/10,2016,0,Male,Black,1995,20,3,0,5,0,0,0.605683488,2018/4/10,-1,2015/1/1,2016/1/1,0,0,0,0,0,1,0,0,1,0,0,0,0
476,2015,P_476,,participant,1,2016/10/10,2016,0,Male,Black,1995,20,3,0,6,0,0,0,2018/4/10,-1,2015/1/1,2016/1/1,0,0,0,0,1,1,0,0,1,0,0,0,0
476,2016,C_476_1837352.0,1837352,control,0,2016/10/10,2016,0,Male,Black,1995,20,3,0,5,0,0,0.605683488,2018/4/10,0,2016/1/1,2017/1/1,1,1,0,0,1,1,0,0,1,0,0,0,0
476,2016,P_476,,participant,1,2016/10/10,2016,0,Male,Black,1995,20,3,0,6,0,0,0,2018/4/10,0,2016/1/1,2017/1/1,1,1,0,0,1,1,0,0,1,0,1,0,0
476,2017,C_476_1837352.0,1837352,control,0,2016/10/10,2016,0,Male,Black,1995,20,3,0,5,0,0,0.605683488,2018/4/10,1,2017/1/1,2018/1/1,1,1,7310.752343,1,1,1,0,0,1,0,0,0,8.897238243
476,2017,P_476,,participant,1,2016/10/10,2016,0,Male,Black,1995,20,3,0,6,0,0,0,2018/4/10,1,2017/1/1,2018/1/1,1,1,229.7612826,1,1,1,0,0,1,0,1,0,5.441383767
477,2014,C_477_1157467.0,1157467,control,0,2016/9/19,2016,0,Male,Black,1976,24,14,1,14,0,0,2.30320142,2018/3/20,-2,2014/1/1,2015/1/1,0,0,0,0,1,1,0,0,1,0,0,0,0
477,2014,P_477,,participant,1,2016/9/19,2016,0,Male,Black,1976,24,19,1,8,0,0,0,2018/3/20,-2,2014/1/1,2015/1/1,0,0,0,0,1,1,0,0,1,0,0,0,0
477,2015,C_477_1157467.0,1157467,control,0,2016/9/19,2016,0,Male,Black,1976,24,14,1,14,0,0,2.30320142,2018/3/20,-1,2015/1/1,2016/1/1,0,0,0,0,1,1,0,0,1,0,0,0,0
477,2015,P_477,,participant,1,2016/9/19,2016,0,Male,Black,1976,24,19,1,8,0,0,0,2018/3/20,-1,2015/1/1,2016/1/1,0,0,0,0,1,1,0,0,1,0,0,0,0
477,2016,C_477_1157467.0,1157467,control,0,2016/9/19,2016,0,Male,Black,1976,24,14,1,14,0,0,2.30320142,2018/3/20,0,2016/1/1,2017/1/1,1,1,0,0,1,1,0,0,1,0,0,0,0
477,2016,P_477,,participant,1,2016/9/19,2016,0,Male,Black,1976,24,19,1,8,0,0,0,2018/3/20,0,2016/1/1,2017/1/1,1,1,0,0,1,1,0,0,1,0,1,0,0
477,2017,C_477_1157467.0,1157467,control,0,2016/9/19,2016,0,Male,Black,1976,24,14,1,14,0,0,2.30320142,2018/3/20,1,2017/1/1,2018/1/1,1,1,0,0,1,1,0,0,1,0,0,0,0
477,2017,P_477,,participant,1,2016/9/19,2016,0,Male,Black,1976,24,19,1,8,0,0,0,2018/3/20,1,2017/1/1,2018/1/1,1,1,0,0,1,1,0,0,1,0,1,0,0
484,2014,C_484_1042582.0,1042582,control,0,2016/10/17,2016,0,Male,Black,1992,21,4,1,4,0,0,1.276571588,2018/4/17,-2,2014/1/1,2015/1/1,0,0,0,0,0,1,0,0,1,0,0,0,0
484,2014,P_484,,participant,1,2016/10/17,2016,0,Male,Black,1992,21,6,1,2,0,0,0,2018/4/17,-2,2014/1/1,2015/1/1,0,0,0,0,1,1,0,0,1,0,0,0,0
484,2015,C_484_1042582.0,1042582,control,0,2016/10/17,2016,0,Male,Black,1992,21,4,1,4,0,0,1.276571588,2018/4/17,-1,2015/1/1,2016/1/1,0,0,0,0,1,1,0,0,1,0,0,0,0
484,2015,P_484,,participant,1,2016/10/17,2016,0,Male,Black,1992,21,6,1,2,0,0,0,2018/4/17,-1,2015/1/1,2016/1/1,0,0,0,0,1,1,0,0,1,0,0,0,0
484,2016,C_484_1042582.0,1042582,control,0,2016/10/17,2016,0,Male,Black,1992,21,4,1,4,0,0,1.276571588,2018/4/17,0,2016/1/1,2017/1/1,1,1,0,0,1,1,0,0,1,0,0,0,0
484,2016,P_484,,participant,1,2016/10/17,2016,0,Male,Black,1992,21,6,1,2,0,0,0,2018/4/17,0,2016/1/1,2017/1/1,1,1,0,0,1,1,0,0,1,0,1,0,0
484,2017,C_484_1042582.0,1042582,control,0,2016/10/17,2016,0,Male,Black,1992,21,4,1,4,0,0,1.276571588,2018/4/17,1,2017/1/1,2018/1/1,1,1,26053.57361,1,1,1,0,0,1,0,0,0,10.1679486
484,2017,P_484,,participant,1,2016/10/17,2016,0,Male,Black,1992,21,6,1,2,0,0,0,2018/4/17,1,2017/1/1,2018/1/1,1,1,0,0,1,1,0,0,1,0,1,0,0
486,2014,C_486_1379729.0,1379729,control,0,2016/10/31,2016,0,Male,Black,1983,18,10,1,10,0,0,0.250500167,2018/5/1,-2,2014/1/1,2015/1/1,0,0,0,0,1,1,0,0,1,0,0,0,0
486,2014,P_486,,participant,1,2016/10/31,2016,0,Male,Black,1983,18,10,1,9,0,0,0,2018/5/1,-2,2014/1/1,2015/1/1,0,0,0,0,1,1,0,0,1,0,0,0,0
486,2015,C_486_1379729.0,1379729,control,0,2016/10/31,2016,0,Male,Black,1983,18,10,1,10,0,0,0.250500167,2018/5/1,-1,2015/1/1,2016/1/1,0,0,0,0,1,1,0,0,1,0,0,0,0
486,2015,P_486,,participant,1,2016/10/31,2016,0,Male,Black,1983,18,10,1,9,0,0,0,2018/5/1,-1,2015/1/1,2016/1/1,0,0,0,0,1,1,0,0,1,0,0,0,0
486,2016,C_486_1379729.0,1379729,control,0,2016/10/31,2016,0,Male,Black,1983,18,10,1,10,0,0,0.250500167,2018/5/1,0,2016/1/1,2017/1/1,1,1,0,0,1,1,0,0,1,0,0,0,0
486,2016,P_486,,participant,1,2016/10/31,2016,0,Male,Black,1983,18,10,1,9,0,0,0,2018/5/1,0,2016/1/1,2017/1/1,1,1,0,0,1,1,0,0,1,0,1,0,0
486,2017,C_486_1379729.0,1379729,control,0,2016/10/31,2016,0,Male,Black,1983,18,10,1,10,0,0,0.250500167,2018/5/1,1,2017/1/1,2018/1/1,1,1,0,0,1,1,0,0,1,0,0,0,0
486,2017,P_486,,participant,1,2016/10/31,2016,0,Male,Black,1983,18,10,1,9,0,0,0,2018/5/1,1,2017/1/1,2018/1/1,1,1,25276.19975,1,1,1,0,0,1,0,1,0,10.13765807
492,2014,C_492_1013943.0,1013943,control,0,2016/11/7,2016,0,Male,Black,1989,23,3,1,3,0,0,0.704021859,2018/5/8,-2,2014/1/1,2015/1/1,0,0,0,0,1,1,0,0,1,0,0,0,0
492,2014,P_492,,participant,1,2016/11/7,2016,0,Male,Black,1989,23,4,1,2,0,0,0,2018/5/8,-2,2014/1/1,2015/1/1,0,0,0,0,1,1,0,0,1,0,0,0,0
492,2015,C_492_1013943.0,1013943,control,0,2016/11/7,2016,0,Male,Black,1989,23,3,1,3,0,0,0.704021859,2018/5/8,-1,2015/1/1,2016/1/1,0,0,0,0,1,1,0,0,1,0,0,0,0
492,2015,P_492,,participant,1,2016/11/7,2016,0,Male,Black,1989,23,4,1,2,0,0,0,2018/5/8,-1,2015/1/1,2016/1/1,0,0,0,0,1,1,0,0,1,0,0,0,0
492,2016,C_492_1013943.0,1013943,control,0,2016/11/7,2016,0,Male,Black,1989,23,3,1,3,0,0,0.704021859,2018/5/8,0,2016/1/1,2017/1/1,1,1,0,0,1,1,0,0,1,0,0,0,0
492,2016,P_492,,participant,1,2016/11/7,2016,0,Male,Black,1989,23,4,1,2,0,0,0,2018/5/8,0,2016/1/1,2017/1/1,1,1,0,0,1,1,0,0,1,0,1,0,0
492,2017,C_492_1013943.0,1013943,control,0,2016/11/7,2016,0,Male,Black,1989,23,3,1,3,0,0,0.704021859,2018/5/8,1,2017/1/1,2018/1/1,1,1,35377.98766,1,1,1,0,0,1,0,0,0,10.47387335
492,2017,P_492,,participant,1,2016/11/7,2016,0,Male,Black,1989,23,4,1,2,0,0,0,2018/5/8,1,2017/1/1,2018/1/1,1,1,9996.4612,1,1,1,0,0,1,0,1,0,9.21008646
494,2014,C_494_1298285.0,1298285,control,0,2016/11/28,2016,0,Male,White,1983,20,9,1,8,0,0,0.538345647,2018/5/29,-2,2014/1/1,2015/1/1,0,0,0,0,1,1,0,0,1,0,0,0,0
494,2014,P_494,,participant,1,2016/11/28,2016,0,Male,White,1983,20,9,1,5,0,0,0,2018/5/29,-2,2014/1/1,2015/1/1,0,0,0,0,1,1,0,0,1,0,0,0,0
494,2015,C_494_1298285.0,1298285,control,0,2016/11/28,2016,0,Male,White,1983,20,9,1,8,0,0,0.538345647,2018/5/29,-1,2015/1/1,2016/1/1,0,0,0,0,1,1,0,0,1,0,0,0,0
494,2015,P_494,,participant,1,2016/11/28,2016,0,Male,White,1983,20,9,1,5,0,0,0,2018/5/29,-1,2015/1/1,2016/1/1,0,0,0,0,1,1,0,0,1,0,0,0,0
494,2016,C_494_1298285.0,1298285,control,0,2016/11/28,2016,0,Male,White,1983,20,9,1,8,0,0,0.538345647,2018/5/29,0,2016/1/1,2017/1/1,1,1,0,0,1,1,0,0,1,0,0,0,0
494,2016,P_494,,participant,1,2016/11/28,2016,0,Male,White,1983,20,9,1,5,0,0,0,2018/5/29,0,2016/1/1,2017/1/1,1,1,0,0,1,1,0,0,1,0,1,0,0
494,2017,C_494_1298285.0,1298285,control,0,2016/11/28,2016,0,Male,White,1983,20,9,1,8,0,0,0.538345647,2018/5/29,1,2017/1/1,2018/1/1,1,1,0,0,1,1,0,0,1,0,0,0,0
494,2017,P_494,,participant,1,2016/11/28,2016,0,Male,White,1983,20,9,1,5,0,0,0,2018/5/29,1,2017/1/1,2018/1/1,1,1,25662.28887,1,1,1,0,0,1,0,1,0,10.1528168
498,2014,C_498_1819336.0,1819336,control,0,2016/11/14,2016,0,Male,Black,1986,27,3,1,3,0,0,0.910122441,2018/5/15,-2,2014/1/1,2015/1/1,0,0,0,0,1,1,0,0,1,0,0,0,0
498,2014,P_498,,participant,1,2016/11/14,2016,0,Male,Black,1986,27,4,1,1,0,0,0,2018/5/15,-2,2014/1/1,2015/1/1,0,0,0,0,1,1,0,0,1,0,0,0,0
498,2015,C_498_1819336.0,1819336,control,0,2016/11/14,2016,0,Male,Black,1986,27,3,1,3,0,0,0.910122441,2018/5/15,-1,2015/1/1,2016/1/1,0,0,0,0,1,1,0,0,1,0,0,0,0
498,2015,P_498,,participant,1,2016/11/14,2016,0,Male,Black,1986,27,4,1,1,0,0,0,2018/5/15,-1,2015/1/1,2016/1/1,0,0,0,0,1,1,0,0,1,0,0,0,0
498,2016,C_498_1819336.0,1819336,control,0,2016/11/14,2016,0,Male,Black,1986,27,3,1,3,0,0,0.910122441,2018/5/15,0,2016/1/1,2017/1/1,1,1,0,0,1,1,0,0,1,0,0,0,0
498,2016,P_498,,participant,1,2016/11/14,2016,0,Male,Black,1986,27,4,1,1,0,0,0,2018/5/15,0,2016/1/1,2017/1/1,1,1,0,0,1,1,0,0,1,0,1,0,0
498,2017,C_498_1819336.0,1819336,control,0,2016/11/14,2016,0,Male,Black,1986,27,3,1,3,0,0,0.910122441,2018/5/15,1,2017/1/1,2018/1/1,1,1,32270.59438,1,1,1,0,0,1,0,0,0,10.38194269
498,2017,P_498,,participant,1,2016/11/14,2016,0,Male,Black,1986,27,4,1,1,0,0,0,2018/5/15,1,2017/1/1,2018/1/1,1,1,31321.76535,1,1,1,0,0,1,0,1,0,10.35210044
506,2014,C_506_1539929.0,1539929,control,0,2016/12/12,2016,0,Male,Black,1989,18,4,0,4,0,0,0,2018/6/12,-2,2014/1/1,2015/1/1,0,0,0,0,1,1,0,0,1,0,0,0,0
506,2014,P_506,,participant,1,2016/12/12,2016,0,Male,Black,1989,18,4,0,4,0,0,0,2018/6/12,-2,2014/1/1,2015/1/1,0,0,0,0,1,1,0,0,1,0,0,0,0
506,2015,C_506_1539929.0,1539929,control,0,2016/12/12,2016,0,Male,Black,1989,18,4,0,4,0,0,0,2018/6/12,-1,2015/1/1,2016/1/1,0,0,0,0,1,1,0,0,1,0,0,0,0
506,2015,P_506,,participant,1,2016/12/12,2016,0,Male,Black,1989,18,4,0,4,0,0,0,2018/6/12,-1,2015/1/1,2016/1/1,0,0,0,0,1,1,0,0,1,0,0,0,0
506,2016,C_506_1539929.0,1539929,control,0,2016/12/12,2016,0,Male,Black,1989,18,4,0,4,0,0,0,2018/6/12,0,2016/1/1,2017/1/1,1,1,0,0,1,1,0,0,1,0,0,0,0
506,2016,P_506,,participant,1,2016/12/12,2016,0,Male,Black,1989,18,4,0,4,0,0,0,2018/6/12,0,2016/1/1,2017/1/1,1,1,0,0,1,1,0,0,1,0,1,0,0
506,2017,C_506_1539929.0,1539929,control,0,2016/12/12,2016,0,Male,Black,1989,18,4,0,4,0,0,0,2018/6/12,1,2017/1/1,2018/1/1,1,1,11999.06284,1,1,1,0,0,1,0,0,0,9.392667165
506,2017,P_506,,participant,1,2016/12/12,2016,0,Male,Black,1989,18,4,0,4,0,0,0,2018/6/12,1,2017/1/1,2018/1/1,1,1,12312.40901,1,1,1,0,0,1,0,1,0,9.418444111
508,2014,C_508_1152138.0,1152138,control,0,2016/12/19,2016,0,Male,Black,1990,20,2,0,2,0,0,0,2018/6/19,-2,2014/1/1,2015/1/1,0,0,0,0,1,1,0,0,1,0,0,0,0
508,2014,P_508,,participant,1,2016/12/19,2016,0,Male,Black,1990,20,2,0,2,0,0,0,2018/6/19,-2,2014/1/1,2015/1/1,0,0,0,0,1,1,0,0,1,0,0,0,0
508,2015,C_508_1152138.0,1152138,control,0,2016/12/19,2016,0,Male,Black,1990,20,2,0,2,0,0,0,2018/6/19,-1,2015/1/1,2016/1/1,0,0,0,0,1,1,0,0,1,0,0,0,0
508,2015,P_508,,participant,1,2016/12/19,2016,0,Male,Black,1990,20,2,0,2,0,0,0,2018/6/19,-1,2015/1/1,2016/1/1,0,0,0,0,1,1,0,0,1,0,0,0,0
508,2016,C_508_1152138.0,1152138,control,0,2016/12/19,2016,0,Male,Black,1990,20,2,0,2,0,0,0,2018/6/19,0,2016/1/1,2017/1/1,1,1,0,0,1,1,0,0,1,0,0,0,0
508,2016,P_508,,participant,1,2016/12/19,2016,0,Male,Black,1990,20,2,0,2,0,0,0,2018/6/19,0,2016/1/1,2017/1/1,1,1,0,0,1,1,0,0,1,0,1,0,0
508,2017,C_508_1152138.0,1152138,control,0,2016/12/19,2016,0,Male,Black,1990,20,2,0,2,0,0,0,2018/6/19,1,2017/1/1,2018/1/1,1,1,60841.09139,1,1,1,0,0,1,0,0,0,11.01603712
508,2017,P_508,,participant,1,2016/12/19,2016,0,Male,Black,1990,20,2,0,2,0,0,0,2018/6/19,1,2017/1/1,2018/1/1,1,1,19949.89163,1,1,1,0,0,1,0,1,0,9.901029115
509,2015,C_509_1012888.0,1012888,control,0,2017/1/30,2017,0,Male,Black,1993,19,6,1,6,0,0,1.387996156,2018/7/31,-2,2015/1/1,2016/1/1,0,0,0,0,1,1,0,0,1,0,0,0,0
509,2015,P_509,,participant,1,2017/1/30,2017,0,Male,Black,1993,19,8,1,3,0,0,0,2018/7/31,-2,2015/1/1,2016/1/1,0,0,0,0,1,1,0,0,1,0,0,0,0
509,2016,C_509_1012888.0,1012888,control,0,2017/1/30,2017,0,Male,Black,1993,19,6,1,6,0,0,1.387996156,2018/7/31,-1,2016/1/1,2017/1/1,0,0,0,0,1,1,0,0,1,0,0,0,0
509,2016,P_509,,participant,1,2017/1/30,2017,0,Male,Black,1993,19,8,1,3,0,0,0,2018/7/31,-1,2016/1/1,2017/1/1,0,0,0,0,1,1,0,0,1,0,0,0,0
509,2017,C_509_1012888.0,1012888,control,0,2017/1/30,2017,0,Male,Black,1993,19,6,1,6,0,0,1.387996156,2018/7/31,0,2017/1/1,2018/1/1,1,1,0,0,1,1,0,0,1,0,0,0,0
509,2017,P_509,,participant,1,2017/1/30,2017,0,Male,Black,1993,19,8,1,3,0,0,0,2018/7/31,0,2017/1/1,2018/1/1,1,1,14272.08991,1,1,1,0,0,1,0,1,0,9.566131219
509,2018,C_509_1012888.0,1012888,control,0,2017/1/30,2017,0,Male,Black,1993,19,6,1,6,0,0,1.387996156,2018/7/31,1,2018/1/1,2019/1/1,1,1,0,0,1,1,0,0,1,0,0,0,0
509,2018,P_509,,participant,1,2017/1/30,2017,0,Male,Black,1993,19,8,1,3,0,0,0,2018/7/31,1,2018/1/1,2019/1/1,1,1,2086.741859,1,1,1,0,0,1,0,1,0,7.643838311
511,2015,C_511_1074452.0,1074452,control,0,2017/1/2,2017,0,Male,Black,1994,19,4,1,4,0,0,0.318271443,2018/7/3,-2,2015/1/1,2016/1/1,0,0,0,0,1,1,0,0,1,0,0,0,0
511,2015,P_511,,participant,1,2017/1/2,2017,0,Male,Black,1994,19,4,1,5,0,0,0,2018/7/3,-2,2015/1/1,2016/1/1,0,0,0,0,1,1,0,0,1,0,0,0,0
511,2016,C_511_1074452.0,1074452,control,0,2017/1/2,2017,0,Male,Black,1994,19,4,1,4,0,0,0.318271443,2018/7/3,-1,2016/1/1,2017/1/1,0,0,0,0,1,1,0,0,1,0,0,0,0
511,2016,P_511,,participant,1,2017/1/2,2017,0,Male,Black,1994,19,4,1,5,0,0,0,2018/7/3,-1,2016/1/1,2017/1/1,0,0,0,0,1,1,0,0,1,0,0,0,0
511,2017,C_511_1074452.0,1074452,control,0,2017/1/2,2017,0,Male,Black,1994,19,4,1,4,0,0,0.318271443,2018/7/3,0,2017/1/1,2018/1/1,1,1,6093.450874,1,1,1,0,0,1,0,0,0,8.715133943
511,2017,P_511,,participant,1,2017/1/2,2017,0,Male,Black,1994,19,4,1,5,0,0,0,2018/7/3,0,2017/1/1,2018/1/1,1,1,4879.572378,1,1,1,0,0,1,0,1,0,8.493017783
511,2018,C_511_1074452.0,1074452,control,0,2017/1/2,2017,0,Male,Black,1994,19,4,1,4,0,0,0.318271443,2018/7/3,1,2018/1/1,2019/1/1,1,1,2003.635774,1,1,1,0,0,1,0,0,0,7.603217664
511,2018,P_511,,participant,1,2017/1/2,2017,0,Male,Black,1994,19,4,1,5,0,0,0,2018/7/3,1,2018/1/1,2019/1/1,1,1,4494.213094,1,1,1,0,0,1,0,1,0,8.410768353
512,2015,C_512_531872.0,531872,control,0,2017/1/2,2017,0,Female,Black,1994,26,0,0,0,0,0,2,2018/7/3,-2,2015/1/1,2016/1/1,0,0,0,0,0,0,0,0,0,0,0,0,0
512,2015,P_512,,participant,1,2017/1/2,2017,0,Female,Black,1994,26,0,0,2,0,0,0,2018/7/3,-2,2015/1/1,2016/1/1,0,0,0,0,1,1,0,0,1,0,0,0,0
512,2016,C_512_531872.0,531872,control,0,2017/1/2,2017,0,Female,Black,1994,26,0,0,0,0,0,2,2018/7/3,-1,2016/1/1,2017/1/1,0,0,0,0,0,0,0,0,0,0,0,0,0
512,2016,P_512,,participant,1,2017/1/2,2017,0,Female,Black,1994,26,0,0,2,0,0,0,2018/7/3,-1,2016/1/1,2017/1/1,0,0,0,0,1,1,0,0,1,0,0,0,0
512,2017,C_512_531872.0,531872,control,0,2017/1/2,2017,0,Female,Black,1994,26,0,0,0,0,0,2,2018/7/3,0,2017/1/1,2018/1/1,1,1,4512.051736,1,0,0,0,0,0,0,0,0,8.414728864
512,2017,P_512,,participant,1,2017/1/2,2017,0,Female,Black,1994,26,0,0,2,0,0,0,2018/7/3,0,2017/1/1,2018/1/1,1,1,0,0,1,1,0,0,1,0,1,0,0
512,2018,C_512_531872.0,531872,control,0,2017/1/2,2017,0,Female,Black,1994,26,0,0,0,0,0,2,2018/7/3,1,2018/1/1,2019/1/1,1,1,2615.154714,1,0,0,0,0,0,0,0,0,7.869460852
512,2018,P_512,,participant,1,2017/1/2,2017,0,Female,Black,1994,26,0,0,2,0,0,0,2018/7/3,1,2018/1/1,2019/1/1,1,1,11433.69002,1,1,1,0,0,1,0,1,0,9.344406998
515,2015,C_515_1254993.0,1254993,control,0,2017/1/23,2017,0,Male,Black,1982,30,1,1,1,0,0,0,2018/7/24,-2,2015/1/1,2016/1/1,0,0,0,0,1,1,0,0,1,0,0,0,0
515,2015,P_515,,participant,1,2017/1/23,2017,0,Male,Black,1982,30,1,1,1,0,0,0,2018/7/24,-2,2015/1/1,2016/1/1,0,0,0,0,1,1,0,0,1,0,0,0,0
515,2016,C_515_1254993.0,1254993,control,0,2017/1/23,2017,0,Male,Black,1982,30,1,1,1,0,0,0,2018/7/24,-1,2016/1/1,2017/1/1,0,0,0,0,1,1,0,0,1,0,0,0,0
515,2016,P_515,,participant,1,2017/1/23,2017,0,Male,Black,1982,30,1,1,1,0,0,0,2018/7/24,-1,2016/1/1,2017/1/1,0,0,0,0,1,1,0,0,1,0,0,0,0
515,2017,C_515_1254993.0,1254993,control,0,2017/1/23,2017,0,Male,Black,1982,30,1,1,1,0,0,0,2018/7/24,0,2017/1/1,2018/1/1,1,1,0,0,1,1,0,0,1,0,0,0,0
515,2017,P_515,,participant,1,2017/1/23,2017,0,Male,Black,1982,30,1,1,1,0,0,0,2018/7/24,0,2017/1/1,2018/1/1,1,1,43629.25494,1,1,1,0,0,1,0,1,0,10.68350611
515,2018,C_515_1254993.0,1254993,control,0,2017/1/23,2017,0,Male,Black,1982,30,1,1,1,0,0,0,2018/7/24,1,2018/1/1,2019/1/1,1,1,0,0,1,1,0,0,1,0,0,0,0
515,2018,P_515,,participant,1,2017/1/23,2017,0,Male,Black,1982,30,1,1,1,0,0,0,2018/7/24,1,2018/1/1,2019/1/1,1,1,25190.26269,1,1,1,0,0,1,0,1,0,10.13425249
516,2015,C_516_941035.0,941035,control,0,2017/1/30,2017,0,Male,White,1984,26,0,0,1,0,0,0,2018/7/31,-2,2015/1/1,2016/1/1,0,0,0,0,1,1,0,0,1,0,0,0,0
516,2015,P_516,,participant,1,2017/1/30,2017,0,Male,White,1984,26,0,0,1,0,0,0,2018/7/31,-2,2015/1/1,2016/1/1,0,0,0,0,0,0,0,0,1,0,0,0,0
516,2016,C_516_941035.0,941035,control,0,2017/1/30,2017,0,Male,White,1984,26,0,0,1,0,0,0,2018/7/31,-1,2016/1/1,2017/1/1,0,0,0,0,1,1,0,0,1,0,0,0,0
516,2016,P_516,,participant,1,2017/1/30,2017,0,Male,White,1984,26,0,0,1,0,0,0,2018/7/31,-1,2016/1/1,2017/1/1,0,0,0,0,0,1,0,0,1,0,0,0,0
516,2017,C_516_941035.0,941035,control,0,2017/1/30,2017,0,Male,White,1984,26,0,0,1,0,0,0,2018/7/31,0,2017/1/1,2018/1/1,1,1,0,0,1,1,0,0,1,0,0,0,0
516,2017,P_516,,participant,1,2017/1/30,2017,0,Male,White,1984,26,0,0,1,0,0,0,2018/7/31,0,2017/1/1,2018/1/1,1,1,0,0,1,1,0,0,1,0,1,0,0
516,2018,C_516_941035.0,941035,control,0,2017/1/30,2017,0,Male,White,1984,26,0,0,1,0,0,0,2018/7/31,1,2018/1/1,2019/1/1,1,1,0,0,1,1,0,0,1,0,0,0,0
516,2018,P_516,,participant,1,2017/1/30,2017,0,Male,White,1984,26,0,0,1,0,0,0,2018/7/31,1,2018/1/1,2019/1/1,1,1,3357.706067,1,1,1,0,0,1,0,1,0,8.11931108
517,2015,C_517_1138518.0,1138518,control,0,2017/1/23,2017,0,Male,Black,1990,18,2,0,2,0,0,0.253242446,2018/7/24,-2,2015/1/1,2016/1/1,0,0,0,0,1,1,0,0,1,0,0,0,0
517,2015,P_517,,participant,1,2017/1/23,2017,0,Male,Black,1990,18,2,0,1,0,0,0,2018/7/24,-2,2015/1/1,2016/1/1,0,0,0,0,1,1,0,0,1,0,0,0,0
517,2016,C_517_1138518.0,1138518,control,0,2017/1/23,2017,0,Male,Black,1990,18,2,0,2,0,0,0.253242446,2018/7/24,-1,2016/1/1,2017/1/1,0,0,0,0,1,1,0,0,1,0,0,0,0
517,2016,P_517,,participant,1,2017/1/23,2017,0,Male,Black,1990,18,2,0,1,0,0,0,2018/7/24,-1,2016/1/1,2017/1/1,0,0,0,0,1,1,0,0,1,0,0,0,0
517,2017,C_517_1138518.0,1138518,control,0,2017/1/23,2017,0,Male,Black,1990,18,2,0,2,0,0,0.253242446,2018/7/24,0,2017/1/1,2018/1/1,1,1,1747.87416,1,1,1,0,0,1,0,0,0,7.466727523
517,2017,P_517,,participant,1,2017/1/23,2017,0,Male,Black,1990,18,2,0,1,0,0,0,2018/7/24,0,2017/1/1,2018/1/1,1,1,20332.53593,1,1,1,0,0,1,0,1,0,9.920026818
517,2018,C_517_1138518.0,1138518,control,0,2017/1/23,2017,0,Male,Black,1990,18,2,0,2,0,0,0.253242446,2018/7/24,1,2018/1/1,2019/1/1,1,1,0,0,1,1,0,0,1,0,0,0,0
517,2018,P_517,,participant,1,2017/1/23,2017,0,Male,Black,1990,18,2,0,1,0,0,0,2018/7/24,1,2018/1/1,2019/1/1,1,1,19125.60867,1,1,1,0,0,1,0,1,0,9.858835768
523,2015,C_523_781507.0,781507,control,0,2017/2/6,2017,0,Male,Black,1997,19,0,0,2,0,0,0,2018/8/7,-2,2015/1/1,2016/1/1,0,0,0,0,0,0,0,0,1,0,0,0,0
523,2015,P_523,,participant,1,2017/2/6,2017,0,Male,Black,1997,19,0,0,2,0,0,0,2018/8/7,-2,2015/1/1,2016/1/1,0,0,0,0,1,1,0,0,1,0,0,0,0
523,2016,C_523_781507.0,781507,control,0,2017/2/6,2017,0,Male,Black,1997,19,0,0,2,0,0,0,2018/8/7,-1,2016/1/1,2017/1/1,0,0,0,0,0,1,0,0,1,0,0,0,0
523,2016,P_523,,participant,1,2017/2/6,2017,0,Male,Black,1997,19,0,0,2,0,0,0,2018/8/7,-1,2016/1/1,2017/1/1,0,0,0,0,1,1,0,0,1,0,0,0,0
523,2017,C_523_781507.0,781507,control,0,2017/2/6,2017,0,Male,Black,1997,19,0,0,2,0,0,0,2018/8/7,0,2017/1/1,2018/1/1,1,1,0,0,1,1,0,0,1,0,0,0,0
523,2017,P_523,,participant,1,2017/2/6,2017,0,Male,Black,1997,19,0,0,2,0,0,0,2018/8/7,0,2017/1/1,2018/1/1,1,1,0,0,1,1,1,1,1,1,1,0,0
523,2018,C_523_781507.0,781507,control,0,2017/2/6,2017,0,Male,Black,1997,19,0,0,2,0,0,0,2018/8/7,1,2018/1/1,2019/1/1,1,1,0,0,1,1,0,0,1,0,0,0,0
523,2018,P_523,,participant,1,2017/2/6,2017,0,Male,Black,1997,19,0,0,2,0,0,0,2018/8/7,1,2018/1/1,2019/1/1,1,1,0,0,1,1,0,0,1,0,1,0,0
528,2015,C_528_1086988.0,1086988,control,0,2017/2/27,2017,0,Male,Black,1989,20,8,1,8,0,0,1.187742108,2018/8/28,-2,2015/1/1,2016/1/1,0,0,0,0,1,1,0,0,1,0,0,0,0
528,2015,P_528,,participant,1,2017/2/27,2017,0,Male,Black,1989,20,12,1,4,0,0,0,2018/8/28,-2,2015/1/1,2016/1/1,0,0,0,0,1,1,0,0,1,0,0,0,0
528,2016,C_528_1086988.0,1086988,control,0,2017/2/27,2017,0,Male,Black,1989,20,8,1,8,0,0,1.187742108,2018/8/28,-1,2016/1/1,2017/1/1,0,0,0,0,1,1,0,0,1,0,0,0,0
528,2016,P_528,,participant,1,2017/2/27,2017,0,Male,Black,1989,20,12,1,4,0,0,0,2018/8/28,-1,2016/1/1,2017/1/1,0,0,0,0,1,1,0,0,1,0,0,0,0
528,2017,C_528_1086988.0,1086988,control,0,2017/2/27,2017,0,Male,Black,1989,20,8,1,8,0,0,1.187742108,2018/8/28,0,2017/1/1,2018/1/1,1,1,24133.32983,1,1,1,0,0,1,0,0,0,10.09139058
528,2017,P_528,,participant,1,2017/2/27,2017,0,Male,Black,1989,20,12,1,4,0,0,0,2018/8/28,0,2017/1/1,2018/1/1,1,1,2064.643136,1,1,1,0,0,1,0,1,0,7.633196903
528,2018,C_528_1086988.0,1086988,control,0,2017/2/27,2017,0,Male,Black,1989,20,8,1,8,0,0,1.187742108,2018/8/28,1,2018/1/1,2019/1/1,1,1,12218.7713,1,1,1,0,0,1,0,0,0,9.410810518
528,2018,P_528,,participant,1,2017/2/27,2017,0,Male,Black,1989,20,12,1,4,0,0,0,2018/8/28,1,2018/1/1,2019/1/1,1,1,5085.27934,1,1,1,0,0,1,0,1,0,8.534301868
531,2015,C_531_1227861.0,1227861,control,0,2017/2/20,2017,0,Male,White,1977,36,1,1,1,0,0,0.513509185,2018/8/21,-2,2015/1/1,2016/1/1,0,0,0,0,1,1,0,0,1,0,0,0,0
531,2015,P_531,,participant,1,2017/2/20,2017,0,Male,White,1977,36,2,1,1,0,0,0,2018/8/21,-2,2015/1/1,2016/1/1,0,0,0,0,1,1,0,0,1,0,0,0,0
531,2016,C_531_1227861.0,1227861,control,0,2017/2/20,2017,0,Male,White,1977,36,1,1,1,0,0,0.513509185,2018/8/21,-1,2016/1/1,2017/1/1,0,0,0,0,1,1,0,0,1,0,0,0,0
531,2016,P_531,,participant,1,2017/2/20,2017,0,Male,White,1977,36,2,1,1,0,0,0,2018/8/21,-1,2016/1/1,2017/1/1,0,0,0,0,1,1,0,0,1,0,0,0,0
531,2017,C_531_1227861.0,1227861,control,0,2017/2/20,2017,0,Male,White,1977,36,1,1,1,0,0,0.513509185,2018/8/21,0,2017/1/1,2018/1/1,1,1,0,0,1,1,0,0,1,0,0,0,0
531,2017,P_531,,participant,1,2017/2/20,2017,0,Male,White,1977,36,2,1,1,0,0,0,2018/8/21,0,2017/1/1,2018/1/1,1,1,15093.57323,1,1,1,0,0,1,0,1,0,9.622090569
531,2018,C_531_1227861.0,1227861,control,0,2017/2/20,2017,0,Male,White,1977,36,1,1,1,0,0,0.513509185,2018/8/21,1,2018/1/1,2019/1/1,1,1,0,0,1,1,0,0,1,0,0,0,0
531,2018,P_531,,participant,1,2017/2/20,2017,0,Male,White,1977,36,2,1,1,0,0,0,2018/8/21,1,2018/1/1,2019/1/1,1,1,9128.867437,1,1,1,0,0,1,0,1,0,9.119306454
532,2015,C_532_1727093.0,1727093,control,0,2017/2/27,2017,0,Male,Black,1971,31,5,0,5,0,0,0.385989671,2018/8/28,-2,2015/1/1,2016/1/1,0,0,0,0,1,1,0,0,1,0,0,0,0
532,2015,P_532,,participant,1,2017/2/27,2017,0,Male,Black,1971,31,5,0,4,0,0,0,2018/8/28,-2,2015/1/1,2016/1/1,0,0,0,0,1,1,0,0,1,0,0,0,0
532,2016,C_532_1727093.0,1727093,control,0,2017/2/27,2017,0,Male,Black,1971,31,5,0,5,0,0,0.385989671,2018/8/28,-1,2016/1/1,2017/1/1,0,0,0,0,1,1,0,0,1,0,0,0,0
532,2016,P_532,,participant,1,2017/2/27,2017,0,Male,Black,1971,31,5,0,4,0,0,0,2018/8/28,-1,2016/1/1,2017/1/1,0,0,0,0,1,1,0,0,1,0,0,0,0
532,2017,C_532_1727093.0,1727093,control,0,2017/2/27,2017,0,Male,Black,1971,31,5,0,5,0,0,0.385989671,2018/8/28,0,2017/1/1,2018/1/1,1,1,0,0,1,1,0,0,1,0,0,0,0
532,2017,P_532,,participant,1,2017/2/27,2017,0,Male,Black,1971,31,5,0,4,0,0,0,2018/8/28,0,2017/1/1,2018/1/1,1,1,13497.56214,1,1,1,0,0,1,0,1,0,9.510338451
532,2018,C_532_1727093.0,1727093,control,0,2017/2/27,2017,0,Male,Black,1971,31,5,0,5,0,0,0.385989671,2018/8/28,1,2018/1/1,2019/1/1,1,1,0,0,1,1,0,0,1,0,0,0,0
532,2018,P_532,,participant,1,2017/2/27,2017,0,Male,Black,1971,31,5,0,4,0,0,0,2018/8/28,1,2018/1/1,2019/1/1,1,1,11186.2673,1,1,1,0,0,1,0,1,0,9.322531562
533,2015,C_533_1608031.0,1608031,control,0,2017/2/20,2017,0,Male,Black,1984,20,6,1,6,0,0,0.541958397,2018/8/21,-2,2015/1/1,2016/1/1,0,0,0,0,1,1,0,0,1,0,0,0,0
533,2015,P_533,,participant,1,2017/2/20,2017,0,Male,Black,1984,20,7,1,4,0,0,0,2018/8/21,-2,2015/1/1,2016/1/1,0,0,0,0,1,1,0,0,1,0,0,0,0
533,2016,C_533_1608031.0,1608031,control,0,2017/2/20,2017,0,Male,Black,1984,20,6,1,6,0,0,0.541958397,2018/8/21,-1,2016/1/1,2017/1/1,0,0,0,0,1,1,0,0,1,0,0,0,0
533,2016,P_533,,participant,1,2017/2/20,2017,0,Male,Black,1984,20,7,1,4,0,0,0,2018/8/21,-1,2016/1/1,2017/1/1,0,0,0,0,1,1,0,0,1,0,0,0,0
533,2017,C_533_1608031.0,1608031,control,0,2017/2/20,2017,0,Male,Black,1984,20,6,1,6,0,0,0.541958397,2018/8/21,0,2017/1/1,2018/1/1,1,1,4886.044372,1,1,1,0,0,1,0,0,0,8.494342977
533,2017,P_533,,participant,1,2017/2/20,2017,0,Male,Black,1984,20,7,1,4,0,0,0,2018/8/21,0,2017/1/1,2018/1/1,1,1,0,0,1,1,0,0,1,0,1,0,0
533,2018,C_533_1608031.0,1608031,control,0,2017/2/20,2017,0,Male,Black,1984,20,6,1,6,0,0,0.541958397,2018/8/21,1,2018/1/1,2019/1/1,1,1,0,0,1,1,0,0,1,0,0,0,0
533,2018,P_533,,participant,1,2017/2/20,2017,0,Male,Black,1984,20,7,1,4,0,0,0,2018/8/21,1,2018/1/1,2019/1/1,1,1,0,0,1,1,0,0,1,0,1,0,0
537,2015,C_537_1143382.0,1143382,control,0,2017/3/1,2017,0,Male,Black,1995,18,2,1,2,0,0,0.404802719,2018/8/30,-2,2015/1/1,2016/1/1,0,0,0,0,1,1,0,0,1,0,0,0,0
537,2015,P_537,,participant,1,2017/3/1,2017,0,Male,Black,1995,18,3,1,1,0,0,0,2018/8/30,-2,2015/1/1,2016/1/1,0,0,0,0,1,1,0,0,1,0,0,0,0
537,2016,C_537_1143382.0,1143382,control,0,2017/3/1,2017,0,Male,Black,1995,18,2,1,2,0,0,0.404802719,2018/8/30,-1,2016/1/1,2017/1/1,0,0,0,0,1,1,0,0,1,0,0,0,0
537,2016,P_537,,participant,1,2017/3/1,2017,0,Male,Black,1995,18,3,1,1,0,0,0,2018/8/30,-1,2016/1/1,2017/1/1,0,0,0,0,1,1,0,0,1,0,0,0,0
537,2017,C_537_1143382.0,1143382,control,0,2017/3/1,2017,0,Male,Black,1995,18,2,1,2,0,0,0.404802719,2018/8/30,0,2017/1/1,2018/1/1,1,1,2037.463695,1,1,1,0,0,1,0,0,0,7.619951713
537,2017,P_537,,participant,1,2017/3/1,2017,0,Male,Black,1995,18,3,1,1,0,0,0,2018/8/30,0,2017/1/1,2018/1/1,1,1,435.6389275,1,1,1,0,0,1,0,1,0,6.079106601
537,2018,C_537_1143382.0,1143382,control,0,2017/3/1,2017,0,Male,Black,1995,18,2,1,2,0,0,0.404802719,2018/8/30,1,2018/1/1,2019/1/1,1,1,2121.874764,1,1,1,0,0,1,0,0,0,7.66052647
537,2018,P_537,,participant,1,2017/3/1,2017,0,Male,Black,1995,18,3,1,1,0,0,0,2018/8/30,1,2018/1/1,2019/1/1,1,1,0,0,1,1,0,0,1,0,1,0,0
540,2015,C_540_1179985.0,1179985,control,0,2017/3/7,2017,0,Male,Black,1991,20,6,1,6,0,0,0.330385393,2018/9/5,-2,2015/1/1,2016/1/1,0,0,0,0,1,1,0,0,1,0,0,0,0
540,2015,P_540,,participant,1,2017/3/7,2017,0,Male,Black,1991,20,6,1,5,0,0,0,2018/9/5,-2,2015/1/1,2016/1/1,0,0,0,0,1,1,0,0,1,0,0,0,0
540,2016,C_540_1179985.0,1179985,control,0,2017/3/7,2017,0,Male,Black,1991,20,6,1,6,0,0,0.330385393,2018/9/5,-1,2016/1/1,2017/1/1,0,0,0,0,1,1,0,0,1,0,0,0,0
540,2016,P_540,,participant,1,2017/3/7,2017,0,Male,Black,1991,20,6,1,5,0,0,0,2018/9/5,-1,2016/1/1,2017/1/1,0,0,0,0,1,1,0,0,1,0,0,0,0
540,2017,C_540_1179985.0,1179985,control,0,2017/3/7,2017,0,Male,Black,1991,20,6,1,6,0,0,0.330385393,2018/9/5,0,2017/1/1,2018/1/1,1,1,119.6188363,1,1,1,0,0,1,0,0,0,4.79263546
540,2017,P_540,,participant,1,2017/3/7,2017,0,Male,Black,1991,20,6,1,5,0,0,0,2018/9/5,0,2017/1/1,2018/1/1,1,1,7224.027721,1,1,1,0,0,1,0,1,0,8.88530635
540,2018,C_540_1179985.0,1179985,control,0,2017/3/7,2017,0,Male,Black,1991,20,6,1,6,0,0,0.330385393,2018/9/5,1,2018/1/1,2019/1/1,1,1,3095.748069,1,1,1,0,0,1,0,0,0,8.03810783
540,2018,P_540,,participant,1,2017/3/7,2017,0,Male,Black,1991,20,6,1,5,0,0,0,2018/9/5,1,2018/1/1,2019/1/1,1,1,2571.094513,1,1,1,1,1,1,1,1,0,7.852475831
542,2015,C_542_1004734.0,1004734,control,0,2017/3/6,2017,0,Male,Black,1992,20,1,0,1,0,0,0,2018/9/4,-2,2015/1/1,2016/1/1,0,0,0,0,1,1,0,0,1,0,0,0,0
542,2015,P_542,,participant,1,2017/3/6,2017,0,Male,Black,1992,20,1,0,1,0,0,0,2018/9/4,-2,2015/1/1,2016/1/1,0,0,0,0,1,1,0,0,1,0,0,0,0
542,2016,C_542_1004734.0,1004734,control,0,2017/3/6,2017,0,Male,Black,1992,20,1,0,1,0,0,0,2018/9/4,-1,2016/1/1,2017/1/1,0,0,0,0,1,1,0,0,1,0,0,0,0
542,2016,P_542,,participant,1,2017/3/6,2017,0,Male,Black,1992,20,1,0,1,0,0,0,2018/9/4,-1,2016/1/1,2017/1/1,0,0,0,0,1,1,0,0,1,0,0,0,0
542,2017,C_542_1004734.0,1004734,control,0,2017/3/6,2017,0,Male,Black,1992,20,1,0,1,0,0,0,2018/9/4,0,2017/1/1,2018/1/1,1,1,0,0,1,1,0,0,1,0,0,0,0
542,2017,P_542,,participant,1,2017/3/6,2017,0,Male,Black,1992,20,1,0,1,0,0,0,2018/9/4,0,2017/1/1,2018/1/1,1,1,12371.47756,1,1,1,0,0,1,0,1,0,9.423229733
542,2018,C_542_1004734.0,1004734,control,0,2017/3/6,2017,0,Male,Black,1992,20,1,0,1,0,0,0,2018/9/4,1,2018/1/1,2019/1/1,1,1,0,0,1,1,0,0,1,0,0,0,0
542,2018,P_542,,participant,1,2017/3/6,2017,0,Male,Black,1992,20,1,0,1,0,0,0,2018/9/4,1,2018/1/1,2019/1/1,1,1,2515.257612,1,1,1,0,0,1,0,1,0,7.830528002
544,2015,C_544_1273041.0,1273041,control,0,2017/3/13,2017,0,Male,Black,1964,36,9,1,9,0,0,0.604657852,2018/9/11,-2,2015/1/1,2016/1/1,0,0,0,0,1,1,0,0,1,0,0,0,0
544,2015,P_544,,participant,1,2017/3/13,2017,0,Male,Black,1964,36,11,1,7,0,0,0,2018/9/11,-2,2015/1/1,2016/1/1,0,0,0,0,1,1,0,0,1,0,0,0,0
544,2016,C_544_1273041.0,1273041,control,0,2017/3/13,2017,0,Male,Black,1964,36,9,1,9,0,0,0.604657852,2018/9/11,-1,2016/1/1,2017/1/1,0,0,0,0,1,1,0,0,1,0,0,0,0
544,2016,P_544,,participant,1,2017/3/13,2017,0,Male,Black,1964,36,11,1,7,0,0,0,2018/9/11,-1,2016/1/1,2017/1/1,0,0,0,0,1,1,0,0,1,0,0,0,0
544,2017,C_544_1273041.0,1273041,control,0,2017/3/13,2017,0,Male,Black,1964,36,9,1,9,0,0,0.604657852,2018/9/11,0,2017/1/1,2018/1/1,1,1,0,0,1,1,0,0,1,0,0,0,0
544,2017,P_544,,participant,1,2017/3/13,2017,0,Male,Black,1964,36,11,1,7,0,0,0,2018/9/11,0,2017/1/1,2018/1/1,1,1,0,0,1,1,1,1,1,1,1,0,0
544,2018,C_544_1273041.0,1273041,control,0,2017/3/13,2017,0,Male,Black,1964,36,9,1,9,0,0,0.604657852,2018/9/11,1,2018/1/1,2019/1/1,1,1,1376.003635,1,1,1,0,0,1,0,0,0,7.227665139
544,2018,P_544,,participant,1,2017/3/13,2017,0,Male,Black,1964,36,11,1,7,0,0,0,2018/9/11,1,2018/1/1,2019/1/1,1,1,0,0,1,1,0,0,1,0,1,0,0
551,2015,C_551_1600439.0,1600439,control,0,2017/8/22,2017,0,Male,Black,1982,27,2,0,3,0,1,0.646058282,2019/2/20,-2,2015/1/1,2016/1/1,0,0,0,0,1,1,0,0,1,0,0,0,0
551,2015,P_551,,participant,1,2017/8/22,2017,0,Male,Black,1982,27,4,0,3,0,1,0,2019/2/20,-2,2015/1/1,2016/1/1,0,0,0,0,1,1,0,0,1,0,0,0,0
551,2016,C_551_1600439.0,1600439,control,0,2017/8/22,2017,0,Male,Black,1982,27,2,0,3,0,1,0.646058282,2019/2/20,-1,2016/1/1,2017/1/1,0,0,0,0,1,1,0,0,1,0,0,0,0
551,2016,P_551,,participant,1,2017/8/22,2017,0,Male,Black,1982,27,4,0,3,0,1,0,2019/2/20,-1,2016/1/1,2017/1/1,0,0,0,0,1,1,0,0,1,0,0,0,0
551,2017,C_551_1600439.0,1600439,control,0,2017/8/22,2017,0,Male,Black,1982,27,2,0,3,0,1,0.646058282,2019/2/20,0,2017/1/1,2018/1/1,1,1,11427.5466,1,1,1,0,0,1,0,0,0,9.343869592
551,2017,P_551,,participant,1,2017/8/22,2017,0,Male,Black,1982,27,4,0,3,0,1,0,2019/2/20,0,2017/1/1,2018/1/1,1,1,11888.18044,1,1,1,0,0,1,0,1,0,9.383384059
551,2018,C_551_1600439.0,1600439,control,0,2017/8/22,2017,0,Male,Black,1982,27,2,0,3,0,1,0.646058282,2019/2/20,1,2018/1/1,2019/1/1,1,1,26997.87768,1,1,1,0,0,1,0,0,0,10.20355058
551,2018,P_551,,participant,1,2017/8/22,2017,0,Male,Black,1982,27,4,0,3,0,1,0,2019/2/20,1,2018/1/1,2019/1/1,1,1,16103.08961,1,1,1,0,0,1,0,1,0,9.686828532
563,2015,C_563_1415565.0,1415565,control,0,2017/4/17,2017,0,Male,Black,1973,27,3,1,3,0,0,0.106044344,2018/10/16,-2,2015/1/1,2016/1/1,0,0,0,0,1,1,0,0,1,0,0,0,0
563,2015,P_563,,participant,1,2017/4/17,2017,0,Male,Black,1973,27,4,1,3,0,0,0,2018/10/16,-2,2015/1/1,2016/1/1,0,0,0,0,1,1,0,0,1,0,0,0,0
563,2016,C_563_1415565.0,1415565,control,0,2017/4/17,2017,0,Male,Black,1973,27,3,1,3,0,0,0.106044344,2018/10/16,-1,2016/1/1,2017/1/1,0,0,0,0,1,1,0,0,1,0,0,0,0
563,2016,P_563,,participant,1,2017/4/17,2017,0,Male,Black,1973,27,4,1,3,0,0,0,2018/10/16,-1,2016/1/1,2017/1/1,0,0,0,0,1,1,0,0,1,0,0,0,0
563,2017,C_563_1415565.0,1415565,control,0,2017/4/17,2017,0,Male,Black,1973,27,3,1,3,0,0,0.106044344,2018/10/16,0,2017/1/1,2018/1/1,1,1,663.8188168,1,1,1,0,0,1,0,0,0,6.499514548
563,2017,P_563,,participant,1,2017/4/17,2017,0,Male,Black,1973,27,4,1,3,0,0,0,2018/10/16,0,2017/1/1,2018/1/1,1,1,0,0,1,1,0,0,1,0,1,0,0
563,2018,C_563_1415565.0,1415565,control,0,2017/4/17,2017,0,Male,Black,1973,27,3,1,3,0,0,0.106044344,2018/10/16,1,2018/1/1,2019/1/1,1,1,0,0,1,1,0,0,1,0,0,0,0
563,2018,P_563,,participant,1,2017/4/17,2017,0,Male,Black,1973,27,4,1,3,0,0,0,2018/10/16,1,2018/1/1,2019/1/1,1,1,0,0,1,1,0,0,1,0,1,0,0
564,2015,C_564_1130333.0,1130333,control,0,2017/4/10,2017,0,Male,Black,1985,18,7,1,7,0,0,0.862392348,2018/10/9,-2,2015/1/1,2016/1/1,0,0,0,0,1,1,0,0,1,0,0,0,0
564,2015,P_564,,participant,1,2017/4/10,2017,0,Male,Black,1985,18,9,1,4,0,0,0,2018/10/9,-2,2015/1/1,2016/1/1,0,0,0,0,1,1,0,0,1,0,0,0,0
564,2016,C_564_1130333.0,1130333,control,0,2017/4/10,2017,0,Male,Black,1985,18,7,1,7,0,0,0.862392348,2018/10/9,-1,2016/1/1,2017/1/1,0,0,0,0,1,1,0,0,1,0,0,0,0
564,2016,P_564,,participant,1,2017/4/10,2017,0,Male,Black,1985,18,9,1,4,0,0,0,2018/10/9,-1,2016/1/1,2017/1/1,0,0,0,0,1,1,0,0,1,0,0,0,0
564,2017,C_564_1130333.0,1130333,control,0,2017/4/10,2017,0,Male,Black,1985,18,7,1,7,0,0,0.862392348,2018/10/9,0,2017/1/1,2018/1/1,1,1,2845.412603,1,1,1,0,0,1,0,0,0,7.953814745
564,2017,P_564,,participant,1,2017/4/10,2017,0,Male,Black,1985,18,9,1,4,0,0,0,2018/10/9,0,2017/1/1,2018/1/1,1,1,197.1139434,1,1,1,0,0,1,0,1,0,5.288842337
564,2018,C_564_1130333.0,1130333,control,0,2017/4/10,2017,0,Male,Black,1985,18,7,1,7,0,0,0.862392348,2018/10/9,1,2018/1/1,2019/1/1,1,1,0,0,1,1,0,0,1,0,0,0,0
564,2018,P_564,,participant,1,2017/4/10,2017,0,Male,Black,1985,18,9,1,4,0,0,0,2018/10/9,1,2018/1/1,2019/1/1,1,1,5036.118945,1,1,1,0,0,1,0,1,0,8.52458956
567,2015,C_567_1079563.0,1079563,control,0,2017/4/17,2017,0,Male,Black,1988,18,7,1,7,0,0,0.744504335,2018/10/16,-2,2015/1/1,2016/1/1,0,0,0,0,1,1,0,0,1,0,0,0,0
567,2015,P_567,,participant,1,2017/4/17,2017,0,Male,Black,1988,18,9,1,5,0,0,0,2018/10/16,-2,2015/1/1,2016/1/1,0,0,0,0,1,1,0,0,1,0,0,0,0
567,2016,C_567_1079563.0,1079563,control,0,2017/4/17,2017,0,Male,Black,1988,18,7,1,7,0,0,0.744504335,2018/10/16,-1,2016/1/1,2017/1/1,0,0,0,0,1,1,0,0,1,0,0,0,0
567,2016,P_567,,participant,1,2017/4/17,2017,0,Male,Black,1988,18,9,1,5,0,0,0,2018/10/16,-1,2016/1/1,2017/1/1,0,0,0,0,1,1,0,0,1,0,0,0,0
567,2017,C_567_1079563.0,1079563,control,0,2017/4/17,2017,0,Male,Black,1988,18,7,1,7,0,0,0.744504335,2018/10/16,0,2017/1/1,2018/1/1,1,1,2266.185426,1,1,1,0,0,1,0,0,0,7.726294441
567,2017,P_567,,participant,1,2017/4/17,2017,0,Male,Black,1988,18,9,1,5,0,0,0,2018/10/16,0,2017/1/1,2018/1/1,1,1,14958.2341,1,1,1,0,0,1,0,1,0,9.613084054
567,2018,C_567_1079563.0,1079563,control,0,2017/4/17,2017,0,Male,Black,1988,18,7,1,7,0,0,0.744504335,2018/10/16,1,2018/1/1,2019/1/1,1,1,17289.28951,1,1,1,0,0,1,0,0,0,9.757900323
567,2018,P_567,,participant,1,2017/4/17,2017,0,Male,Black,1988,18,9,1,5,0,0,0,2018/10/16,1,2018/1/1,2019/1/1,1,1,33229.86071,1,1,1,0,0,1,0,1,0,10.41123426
573,2015,C_573_1700858.0,1700858,control,0,2017/4/24,2017,0,Male,Black,1995,19,5,1,5,0,0,0.941562367,2018/10/23,-2,2015/1/1,2016/1/1,0,0,0,0,0,1,0,0,1,0,0,0,0
573,2015,P_573,,participant,1,2017/4/24,2017,0,Male,Black,1995,19,6,1,3,0,0,0,2018/10/23,-2,2015/1/1,2016/1/1,0,0,0,0,1,1,0,0,1,0,0,0,0
573,2016,C_573_1700858.0,1700858,control,0,2017/4/24,2017,0,Male,Black,1995,19,5,1,5,0,0,0.941562367,2018/10/23,-1,2016/1/1,2017/1/1,0,0,0,0,1,1,0,0,1,0,0,0,0
573,2016,P_573,,participant,1,2017/4/24,2017,0,Male,Black,1995,19,6,1,3,0,0,0,2018/10/23,-1,2016/1/1,2017/1/1,0,0,0,0,1,1,0,0,1,0,0,0,0
573,2017,C_573_1700858.0,1700858,control,0,2017/4/24,2017,0,Male,Black,1995,19,5,1,5,0,0,0.941562367,2018/10/23,0,2017/1/1,2018/1/1,1,1,0,0,1,1,0,0,1,0,0,0,0
573,2017,P_573,,participant,1,2017/4/24,2017,0,Male,Black,1995,19,6,1,3,0,0,0,2018/10/23,0,2017/1/1,2018/1/1,1,1,941.9136086,1,1,1,0,0,1,0,1,0,6.848974665
573,2018,C_573_1700858.0,1700858,control,0,2017/4/24,2017,0,Male,Black,1995,19,5,1,5,0,0,0.941562367,2018/10/23,1,2018/1/1,2019/1/1,1,1,0,0,1,1,0,0,1,0,0,0,0
573,2018,P_573,,participant,1,2017/4/24,2017,0,Male,Black,1995,19,6,1,3,0,0,0,2018/10/23,1,2018/1/1,2019/1/1,1,1,0,0,1,1,0,0,1,0,1,0,0
585,2015,C_585_1476517.0,1476517,control,0,2017/5/22,2017,0,Male,Black,1990,20,3,1,3,0,1,0.306360336,2018/11/20,-2,2015/1/1,2016/1/1,0,0,0,0,1,1,0,0,1,0,0,0,0
585,2015,P_585,,participant,1,2017/5/22,2017,0,Male,Black,1990,20,4,1,3,0,1,0,2018/11/20,-2,2015/1/1,2016/1/1,0,0,0,0,1,1,0,0,1,0,0,0,0
585,2016,C_585_1476517.0,1476517,control,0,2017/5/22,2017,0,Male,Black,1990,20,3,1,3,0,1,0.306360336,2018/11/20,-1,2016/1/1,2017/1/1,0,0,0,0,1,1,0,0,1,0,0,0,0
585,2016,P_585,,participant,1,2017/5/22,2017,0,Male,Black,1990,20,4,1,3,0,1,0,2018/11/20,-1,2016/1/1,2017/1/1,0,0,0,0,1,1,0,0,1,0,0,0,0
585,2017,C_585_1476517.0,1476517,control,0,2017/5/22,2017,0,Male,Black,1990,20,3,1,3,0,1,0.306360336,2018/11/20,0,2017/1/1,2018/1/1,1,1,9220.639205,1,1,1,0,0,1,0,0,0,9.129308089
585,2017,P_585,,participant,1,2017/5/22,2017,0,Male,Black,1990,20,4,1,3,0,1,0,2018/11/20,0,2017/1/1,2018/1/1,1,1,24507.97249,1,1,1,0,0,1,0,1,0,10.10679455
585,2018,C_585_1476517.0,1476517,control,0,2017/5/22,2017,0,Male,Black,1990,20,3,1,3,0,1,0.306360336,2018/11/20,1,2018/1/1,2019/1/1,1,1,15878.7568,1,1,1,0,0,1,0,0,0,9.67280042
585,2018,P_585,,participant,1,2017/5/22,2017,0,Male,Black,1990,20,4,1,3,0,1,0,2018/11/20,1,2018/1/1,2019/1/1,1,1,41294.16199,1,1,1,0,0,1,0,1,0,10.62850063
587,2015,C_587_1449190.0,1449190,control,0,2017/5/22,2017,0,Male,Black,1985,27,7,1,7,0,1,1.995066413,2018/11/20,-2,2015/1/1,2016/1/1,0,0,0,0,1,1,0,0,1,0,0,0,0
587,2015,P_587,,participant,1,2017/5/22,2017,0,Male,Black,1985,27,11,1,6,0,1,0,2018/11/20,-2,2015/1/1,2016/1/1,0,0,0,0,1,1,0,0,1,0,0,0,0
587,2016,C_587_1449190.0,1449190,control,0,2017/5/22,2017,0,Male,Black,1985,27,7,1,7,0,1,1.995066413,2018/11/20,-1,2016/1/1,2017/1/1,0,0,0,0,1,1,0,0,1,0,0,0,0
587,2016,P_587,,participant,1,2017/5/22,2017,0,Male,Black,1985,27,11,1,6,0,1,0,2018/11/20,-1,2016/1/1,2017/1/1,0,0,0,0,1,1,0,0,1,0,0,0,0
587,2017,C_587_1449190.0,1449190,control,0,2017/5/22,2017,0,Male,Black,1985,27,7,1,7,0,1,1.995066413,2018/11/20,0,2017/1/1,2018/1/1,1,1,10029.48907,1,1,1,0,0,1,0,0,0,9.213384641
587,2017,P_587,,participant,1,2017/5/22,2017,0,Male,Black,1985,27,11,1,6,0,1,0,2018/11/20,0,2017/1/1,2018/1/1,1,1,24764.85956,1,1,1,0,0,1,0,1,0,10.11722135
587,2018,C_587_1449190.0,1449190,control,0,2017/5/22,2017,0,Male,Black,1985,27,7,1,7,0,1,1.995066413,2018/11/20,1,2018/1/1,2019/1/1,1,1,14180.82127,1,1,1,0,0,1,0,0,0,9.559716231
587,2018,P_587,,participant,1,2017/5/22,2017,0,Male,Black,1985,27,11,1,6,0,1,0,2018/11/20,1,2018/1/1,2019/1/1,1,1,18369.57926,1,1,1,1,1,1,1,1,0,9.81850571
589,2015,C_589_784647.0,784647,control,0,2017/5/30,2017,0,Male,Black,1997,19,0,0,1,0,0,0,2018/11/28,-2,2015/1/1,2016/1/1,0,0,0,0,0,0,0,0,1,0,0,0,0
589,2015,P_589,,participant,1,2017/5/30,2017,0,Male,Black,1997,19,0,0,1,0,0,0,2018/11/28,-2,2015/1/1,2016/1/1,0,0,0,0,0,0,0,0,1,0,0,0,0
589,2016,C_589_784647.0,784647,control,0,2017/5/30,2017,0,Male,Black,1997,19,0,0,1,0,0,0,2018/11/28,-1,2016/1/1,2017/1/1,0,0,0,0,0,1,0,0,1,0,0,0,0
589,2016,P_589,,participant,1,2017/5/30,2017,0,Male,Black,1997,19,0,0,1,0,0,0,2018/11/28,-1,2016/1/1,2017/1/1,0,0,0,0,0,0,0,0,1,0,0,0,0
589,2017,C_589_784647.0,784647,control,0,2017/5/30,2017,0,Male,Black,1997,19,0,0,1,0,0,0,2018/11/28,0,2017/1/1,2018/1/1,1,1,0,0,1,1,0,0,1,0,0,0,0
589,2017,P_589,,participant,1,2017/5/30,2017,0,Male,Black,1997,19,0,0,1,0,0,0,2018/11/28,0,2017/1/1,2018/1/1,1,1,0,0,0,1,1,1,1,1,1,0,0
589,2018,C_589_784647.0,784647,control,0,2017/5/30,2017,0,Male,Black,1997,19,0,0,1,0,0,0,2018/11/28,1,2018/1/1,2019/1/1,1,1,0,0,1,1,0,0,1,0,0,0,0
589,2018,P_589,,participant,1,2017/5/30,2017,0,Male,Black,1997,19,0,0,1,0,0,0,2018/11/28,1,2018/1/1,2019/1/1,1,1,0,0,1,1,0,0,1,0,1,0,0
591,2015,C_591_1033979.0,1033979,control,0,2017/6/19,2017,0,Male,Black,1994,18,5,1,5,0,0,0.840883405,2018/12/18,-2,2015/1/1,2016/1/1,0,0,0,0,1,1,0,0,1,0,0,0,0
591,2015,P_591,,participant,1,2017/6/19,2017,0,Male,Black,1994,18,7,1,3,0,0,0,2018/12/18,-2,2015/1/1,2016/1/1,0,0,0,0,1,1,0,0,1,0,0,0,0
591,2016,C_591_1033979.0,1033979,control,0,2017/6/19,2017,0,Male,Black,1994,18,5,1,5,0,0,0.840883405,2018/12/18,-1,2016/1/1,2017/1/1,0,0,0,0,1,1,0,0,1,0,0,0,0
591,2016,P_591,,participant,1,2017/6/19,2017,0,Male,Black,1994,18,7,1,3,0,0,0,2018/12/18,-1,2016/1/1,2017/1/1,0,0,0,0,1,1,0,0,1,0,0,0,0
591,2017,C_591_1033979.0,1033979,control,0,2017/6/19,2017,0,Male,Black,1994,18,5,1,5,0,0,0.840883405,2018/12/18,0,2017/1/1,2018/1/1,1,1,0,0,1,1,0,0,1,0,0,0,0
591,2017,P_591,,participant,1,2017/6/19,2017,0,Male,Black,1994,18,7,1,3,0,0,0,2018/12/18,0,2017/1/1,2018/1/1,1,1,3642.45929,1,1,1,0,0,1,0,1,0,8.200688864
591,2018,C_591_1033979.0,1033979,control,0,2017/6/19,2017,0,Male,Black,1994,18,5,1,5,0,0,0.840883405,2018/12/18,1,2018/1/1,2019/1/1,1,1,0,0,1,1,0,0,1,0,0,0,0
591,2018,P_591,,participant,1,2017/6/19,2017,0,Male,Black,1994,18,7,1,3,0,0,0,2018/12/18,1,2018/1/1,2019/1/1,1,1,11456.65307,1,1,1,0,0,1,0,1,0,9.346413176
596,2015,C_596_1025502.0,1025502,control,0,2017/6/19,2017,0,Male,Black,1997,18,11,1,11,0,0,4.599567282,2018/12/18,-2,2015/1/1,2016/1/1,0,0,0,0,0,0,0,0,1,0,0,0,0
596,2015,P_596,,participant,1,2017/6/19,2017,0,Male,Black,1997,18,19,1,5,0,0,0,2018/12/18,-2,2015/1/1,2016/1/1,0,0,0,0,0,0,0,0,1,0,0,0,0
596,2016,C_596_1025502.0,1025502,control,0,2017/6/19,2017,0,Male,Black,1997,18,11,1,11,0,0,4.599567282,2018/12/18,-1,2016/1/1,2017/1/1,0,0,0,0,0,1,0,0,1,0,0,0,0
596,2016,P_596,,participant,1,2017/6/19,2017,0,Male,Black,1997,18,19,1,5,0,0,0,2018/12/18,-1,2016/1/1,2017/1/1,0,0,0,0,0,1,0,0,1,0,0,0,0
596,2017,C_596_1025502.0,1025502,control,0,2017/6/19,2017,0,Male,Black,1997,18,11,1,11,0,0,4.599567282,2018/12/18,0,2017/1/1,2018/1/1,1,1,0,0,1,1,0,0,1,0,0,0,0
596,2017,P_596,,participant,1,2017/6/19,2017,0,Male,Black,1997,18,19,1,5,0,0,0,2018/12/18,0,2017/1/1,2018/1/1,1,1,2954.213971,1,1,1,0,0,1,0,1,0,7.991326337
596,2018,C_596_1025502.0,1025502,control,0,2017/6/19,2017,0,Male,Black,1997,18,11,1,11,0,0,4.599567282,2018/12/18,1,2018/1/1,2019/1/1,1,1,0,0,1,1,0,0,1,0,0,0,0
596,2018,P_596,,participant,1,2017/6/19,2017,0,Male,Black,1997,18,19,1,5,0,0,0,2018/12/18,1,2018/1/1,2019/1/1,1,1,6365.126002,1,1,1,1,1,1,1,1,0,8.758746401
602,2015,C_602_1253846.0,1253846,control,0,2017/7/17,2017,0,Male,Black,1994,19,3,1,3,0,0,0.42635945,2019/1/15,-2,2015/1/1,2016/1/1,0,0,0,0,1,1,0,0,1,0,0,0,0
602,2015,P_602,,participant,1,2017/7/17,2017,0,Male,Black,1994,19,4,1,2,0,0,0,2019/1/15,-2,2015/1/1,2016/1/1,0,0,0,0,1,1,0,0,1,0,0,0,0
602,2016,C_602_1253846.0,1253846,control,0,2017/7/17,2017,0,Male,Black,1994,19,3,1,3,0,0,0.42635945,2019/1/15,-1,2016/1/1,2017/1/1,0,0,0,0,1,1,0,0,1,0,0,0,0
602,2016,P_602,,participant,1,2017/7/17,2017,0,Male,Black,1994,19,4,1,2,0,0,0,2019/1/15,-1,2016/1/1,2017/1/1,0,0,0,0,1,1,0,0,1,0,0,0,0
602,2017,C_602_1253846.0,1253846,control,0,2017/7/17,2017,0,Male,Black,1994,19,3,1,3,0,0,0.42635945,2019/1/15,0,2017/1/1,2018/1/1,1,1,0,0,1,1,0,0,1,0,0,0,0
602,2017,P_602,,participant,1,2017/7/17,2017,0,Male,Black,1994,19,4,1,2,0,0,0,2019/1/15,0,2017/1/1,2018/1/1,1,1,1554.499192,1,1,1,0,0,1,0,1,0,7.349551797
602,2018,C_602_1253846.0,1253846,control,0,2017/7/17,2017,0,Male,Black,1994,19,3,1,3,0,0,0.42635945,2019/1/15,1,2018/1/1,2019/1/1,1,1,3819.104937,1,1,1,0,0,1,0,0,0,8.248033172
602,2018,P_602,,participant,1,2017/7/17,2017,0,Male,Black,1994,19,4,1,2,0,0,0,2019/1/15,1,2018/1/1,2019/1/1,1,1,1020.64661,1,1,1,1,1,1,1,1,0,6.929170928
604,2015,C_604_1108198.0,1108198,control,0,2017/6/26,2017,0,Male,Black,1990,22,3,0,3,0,0,1.267077414,2018/12/25,-2,2015/1/1,2016/1/1,0,0,0,0,1,1,0,0,1,0,0,0,0
604,2015,P_604,,participant,1,2017/6/26,2017,0,Male,Black,1990,22,5,0,1,0,0,0,2018/12/25,-2,2015/1/1,2016/1/1,0,0,0,0,1,1,0,0,1,0,0,0,0
604,2016,C_604_1108198.0,1108198,control,0,2017/6/26,2017,0,Male,Black,1990,22,3,0,3,0,0,1.267077414,2018/12/25,-1,2016/1/1,2017/1/1,0,0,0,0,1,1,0,0,1,0,0,0,0
604,2016,P_604,,participant,1,2017/6/26,2017,0,Male,Black,1990,22,5,0,1,0,0,0,2018/12/25,-1,2016/1/1,2017/1/1,0,0,0,0,1,1,0,0,1,0,0,0,0
604,2017,C_604_1108198.0,1108198,control,0,2017/6/26,2017,0,Male,Black,1990,22,3,0,3,0,0,1.267077414,2018/12/25,0,2017/1/1,2018/1/1,1,1,0,0,1,1,0,0,1,0,0,0,0
604,2017,P_604,,participant,1,2017/6/26,2017,0,Male,Black,1990,22,5,0,1,0,0,0,2018/12/25,0,2017/1/1,2018/1/1,1,1,726.9144667,1,1,1,0,0,1,0,1,0,6.590183551
604,2018,C_604_1108198.0,1108198,control,0,2017/6/26,2017,0,Male,Black,1990,22,3,0,3,0,0,1.267077414,2018/12/25,1,2018/1/1,2019/1/1,1,1,0,0,1,1,0,0,1,0,0,0,0
604,2018,P_604,,participant,1,2017/6/26,2017,0,Male,Black,1990,22,5,0,1,0,0,0,2018/12/25,1,2018/1/1,2019/1/1,1,1,0,0,1,1,0,0,1,0,1,0,0
606,2015,C_606_1476773.0,1476773,control,0,2017/7/5,2017,0,Male,Black,1983,26,2,0,2,0,1,1.461086897,2019/1/3,-2,2015/1/1,2016/1/1,0,0,0,0,1,1,0,0,1,0,0,0,0
606,2015,P_606,,participant,1,2017/7/5,2017,0,Male,Black,1983,26,0,0,1,0,1,0,2019/1/3,-2,2015/1/1,2016/1/1,0,0,0,0,1,1,0,0,1,0,0,0,0
606,2016,C_606_1476773.0,1476773,control,0,2017/7/5,2017,0,Male,Black,1983,26,2,0,2,0,1,1.461086897,2019/1/3,-1,2016/1/1,2017/1/1,0,0,0,0,1,1,0,0,1,0,0,0,0
606,2016,P_606,,participant,1,2017/7/5,2017,0,Male,Black,1983,26,0,0,1,0,1,0,2019/1/3,-1,2016/1/1,2017/1/1,0,0,0,0,1,1,0,0,1,0,0,0,0
606,2017,C_606_1476773.0,1476773,control,0,2017/7/5,2017,0,Male,Black,1983,26,2,0,2,0,1,1.461086897,2019/1/3,0,2017/1/1,2018/1/1,1,1,21484.73768,1,1,1,0,0,1,0,0,0,9.97514463
606,2017,P_606,,participant,1,2017/7/5,2017,0,Male,Black,1983,26,0,0,1,0,1,0,2019/1/3,0,2017/1/1,2018/1/1,1,1,0,0,1,1,0,0,1,0,1,0,0
606,2018,C_606_1476773.0,1476773,control,0,2017/7/5,2017,0,Male,Black,1983,26,2,0,2,0,1,1.461086897,2019/1/3,1,2018/1/1,2019/1/1,1,1,44852.59148,1,1,1,0,0,1,0,0,0,10.71115894
606,2018,P_606,,participant,1,2017/7/5,2017,0,Male,Black,1983,26,0,0,1,0,1,0,2019/1/3,1,2018/1/1,2019/1/1,1,1,0,0,1,1,0,0,1,0,1,0,0
610,2015,C_610_1179258.0,1179258,control,0,2017/7/17,2017,0,Male,Black,1994,18,3,1,3,0,0,0.421373109,2019/1/15,-2,2015/1/1,2016/1/1,0,0,0,0,1,1,0,0,1,0,0,0,0
610,2015,P_610,,participant,1,2017/7/17,2017,0,Male,Black,1994,18,4,1,2,0,0,0,2019/1/15,-2,2015/1/1,2016/1/1,0,0,0,0,1,1,0,0,1,0,0,0,0
610,2016,C_610_1179258.0,1179258,control,0,2017/7/17,2017,0,Male,Black,1994,18,3,1,3,0,0,0.421373109,2019/1/15,-1,2016/1/1,2017/1/1,0,0,0,0,1,1,0,0,1,0,0,0,0
610,2016,P_610,,participant,1,2017/7/17,2017,0,Male,Black,1994,18,4,1,2,0,0,0,2019/1/15,-1,2016/1/1,2017/1/1,0,0,0,0,1,1,0,0,1,0,0,0,0
610,2017,C_610_1179258.0,1179258,control,0,2017/7/17,2017,0,Male,Black,1994,18,3,1,3,0,0,0.421373109,2019/1/15,0,2017/1/1,2018/1/1,1,1,0,0,1,1,0,0,1,0,0,0,0
610,2017,P_610,,participant,1,2017/7/17,2017,0,Male,Black,1994,18,4,1,2,0,0,0,2019/1/15,0,2017/1/1,2018/1/1,1,1,0,0,1,1,0,0,1,0,1,0,0
610,2018,C_610_1179258.0,1179258,control,0,2017/7/17,2017,0,Male,Black,1994,18,3,1,3,0,0,0.421373109,2019/1/15,1,2018/1/1,2019/1/1,1,1,0,0,1,1,0,0,1,0,0,0,0
610,2018,P_610,,participant,1,2017/7/17,2017,0,Male,Black,1994,18,4,1,2,0,0,0,2019/1/15,1,2018/1/1,2019/1/1,1,1,5134.493043,1,1,1,0,0,1,0,1,0,8.543931134
612,2015,C_612_1040717.0,1040717,control,0,2017/7/10,2017,0,Male,Black,1980,21,1,0,1,0,0,0,2019/1/8,-2,2015/1/1,2016/1/1,0,0,0,0,1,1,0,0,1,0,0,0,0
612,2015,P_612,,participant,1,2017/7/10,2017,0,Male,Black,1980,21,1,0,1,0,0,0,2019/1/8,-2,2015/1/1,2016/1/1,0,0,0,0,1,1,0,0,1,0,0,0,0
612,2016,C_612_1040717.0,1040717,control,0,2017/7/10,2017,0,Male,Black,1980,21,1,0,1,0,0,0,2019/1/8,-1,2016/1/1,2017/1/1,0,0,0,0,1,1,0,0,1,0,0,0,0
612,2016,P_612,,participant,1,2017/7/10,2017,0,Male,Black,1980,21,1,0,1,0,0,0,2019/1/8,-1,2016/1/1,2017/1/1,0,0,0,0,1,1,0,0,1,0,0,0,0
612,2017,C_612_1040717.0,1040717,control,0,2017/7/10,2017,0,Male,Black,1980,21,1,0,1,0,0,0,2019/1/8,0,2017/1/1,2018/1/1,1,1,0,0,1,1,0,0,1,0,0,0,0
612,2017,P_612,,participant,1,2017/7/10,2017,0,Male,Black,1980,21,1,0,1,0,0,0,2019/1/8,0,2017/1/1,2018/1/1,1,1,10614.70095,1,1,1,0,0,1,0,1,0,9.270089406
612,2018,C_612_1040717.0,1040717,control,0,2017/7/10,2017,0,Male,Black,1980,21,1,0,1,0,0,0,2019/1/8,1,2018/1/1,2019/1/1,1,1,0,0,1,1,0,0,1,0,0,0,0
612,2018,P_612,,participant,1,2017/7/10,2017,0,Male,Black,1980,21,1,0,1,0,0,0,2019/1/8,1,2018/1/1,2019/1/1,1,1,34134.31789,1,1,1,0,0,1,0,1,0,10.43808784
617,2015,C_617_1611140.0,1611140,control,0,2017/7/17,2017,0,Male,Black,1980,17,11,1,11,0,1,14.28285686,2019/1/15,-2,2015/1/1,2016/1/1,0,0,0,0,1,1,0,0,1,0,0,0,0
617,2015,P_617,,participant,1,2017/7/17,2017,0,Male,Black,1980,17,0,0,2,0,0,0,2019/1/15,-2,2015/1/1,2016/1/1,0,0,0,0,1,1,0,0,1,0,0,0,0
617,2016,C_617_1611140.0,1611140,control,0,2017/7/17,2017,0,Male,Black,1980,17,11,1,11,0,1,14.28285686,2019/1/15,-1,2016/1/1,2017/1/1,0,0,0,0,1,1,0,0,1,0,0,0,0
617,2016,P_617,,participant,1,2017/7/17,2017,0,Male,Black,1980,17,0,0,2,0,0,0,2019/1/15,-1,2016/1/1,2017/1/1,0,0,0,0,1,1,0,0,1,0,0,0,0
617,2017,C_617_1611140.0,1611140,control,0,2017/7/17,2017,0,Male,Black,1980,17,11,1,11,0,1,14.28285686,2019/1/15,0,2017/1/1,2018/1/1,1,1,27934.06156,1,1,1,0,0,1,0,0,0,10.23763787
617,2017,P_617,,participant,1,2017/7/17,2017,0,Male,Black,1980,17,0,0,2,0,0,0,2019/1/15,0,2017/1/1,2018/1/1,1,1,0,0,1,1,0,0,1,0,1,0,0
617,2018,C_617_1611140.0,1611140,control,0,2017/7/17,2017,0,Male,Black,1980,17,11,1,11,0,1,14.28285686,2019/1/15,1,2018/1/1,2019/1/1,1,1,56278.39928,1,1,1,0,0,1,0,0,0,10.93808384
617,2018,P_617,,participant,1,2017/7/17,2017,0,Male,Black,1980,17,0,0,2,0,0,0,2019/1/15,1,2018/1/1,2019/1/1,1,1,2498.591326,1,1,1,0,0,1,0,1,0,7.823882528
619,2015,C_619_1248203.0,1248203,control,0,2017/7/24,2017,0,Male,Black,1990,19,1,1,1,0,0,0,2019/1/22,-2,2015/1/1,2016/1/1,0,0,0,0,1,1,0,0,1,0,0,0,0
619,2015,P_619,,participant,1,2017/7/24,2017,0,Male,Black,1990,19,1,1,1,0,0,0,2019/1/22,-2,2015/1/1,2016/1/1,0,0,0,0,1,1,0,0,1,0,0,0,0
619,2016,C_619_1248203.0,1248203,control,0,2017/7/24,2017,0,Male,Black,1990,19,1,1,1,0,0,0,2019/1/22,-1,2016/1/1,2017/1/1,0,0,0,0,1,1,0,0,1,0,0,0,0
619,2016,P_619,,participant,1,2017/7/24,2017,0,Male,Black,1990,19,1,1,1,0,0,0,2019/1/22,-1,2016/1/1,2017/1/1,0,0,0,0,1,1,0,0,1,0,0,0,0
619,2017,C_619_1248203.0,1248203,control,0,2017/7/24,2017,0,Male,Black,1990,19,1,1,1,0,0,0,2019/1/22,0,2017/1/1,2018/1/1,1,1,0,0,1,1,0,0,1,0,0,0,0
619,2017,P_619,,participant,1,2017/7/24,2017,0,Male,Black,1990,19,1,1,1,0,0,0,2019/1/22,0,2017/1/1,2018/1/1,1,1,949.0637342,1,1,1,0,0,1,0,1,0,6.856529071
619,2018,C_619_1248203.0,1248203,control,0,2017/7/24,2017,0,Male,Black,1990,19,1,1,1,0,0,0,2019/1/22,1,2018/1/1,2019/1/1,1,1,0,0,1,1,0,0,1,0,0,0,0
619,2018,P_619,,participant,1,2017/7/24,2017,0,Male,Black,1990,19,1,1,1,0,0,0,2019/1/22,1,2018/1/1,2019/1/1,1,1,6871.739241,1,1,1,0,0,1,0,1,0,8.835318031
620,2015,C_620_1172078.0,1172078,control,0,2017/7/31,2017,0,Male,Black,1981,23,2,1,2,0,0,0.529706722,2019/1/29,-2,2015/1/1,2016/1/1,0,0,0,0,1,1,0,0,1,0,0,0,0
620,2015,P_620,,participant,1,2017/7/31,2017,0,Male,Black,1981,23,3,1,1,0,0,0,2019/1/29,-2,2015/1/1,2016/1/1,0,0,0,0,1,1,0,0,1,0,0,0,0
620,2016,C_620_1172078.0,1172078,control,0,2017/7/31,2017,0,Male,Black,1981,23,2,1,2,0,0,0.529706722,2019/1/29,-1,2016/1/1,2017/1/1,0,0,0,0,1,1,0,0,1,0,0,0,0
620,2016,P_620,,participant,1,2017/7/31,2017,0,Male,Black,1981,23,3,1,1,0,0,0,2019/1/29,-1,2016/1/1,2017/1/1,0,0,0,0,1,1,0,0,1,0,0,0,0
620,2017,C_620_1172078.0,1172078,control,0,2017/7/31,2017,0,Male,Black,1981,23,2,1,2,0,0,0.529706722,2019/1/29,0,2017/1/1,2018/1/1,1,1,0,0,1,1,0,0,1,0,0,0,0
620,2017,P_620,,participant,1,2017/7/31,2017,0,Male,Black,1981,23,3,1,1,0,0,0,2019/1/29,0,2017/1/1,2018/1/1,1,1,405.6927789,1,1,1,0,0,1,0,1,0,6.008058057
620,2018,C_620_1172078.0,1172078,control,0,2017/7/31,2017,0,Male,Black,1981,23,2,1,2,0,0,0.529706722,2019/1/29,1,2018/1/1,2019/1/1,1,1,0,0,1,1,0,0,1,0,0,0,0
620,2018,P_620,,participant,1,2017/7/31,2017,0,Male,Black,1981,23,3,1,1,0,0,0,2019/1/29,1,2018/1/1,2019/1/1,1,1,5053.515215,1,1,1,0,0,1,0,1,0,8.528037225
621,2015,C_621_1745566.0,1745566,control,0,2017/8/7,2017,0,Male,Black,1992,21,2,0,2,0,0,0.421180784,2019/2/5,-2,2015/1/1,2016/1/1,0,0,0,0,1,1,0,0,1,0,0,0,0
621,2015,P_621,,participant,1,2017/8/7,2017,0,Male,Black,1992,21,2,0,1,0,0,0,2019/2/5,-2,2015/1/1,2016/1/1,0,0,0,0,1,1,0,0,1,0,0,0,0
621,2016,C_621_1745566.0,1745566,control,0,2017/8/7,2017,0,Male,Black,1992,21,2,0,2,0,0,0.421180784,2019/2/5,-1,2016/1/1,2017/1/1,0,0,0,0,1,1,0,0,1,0,0,0,0
621,2016,P_621,,participant,1,2017/8/7,2017,0,Male,Black,1992,21,2,0,1,0,0,0,2019/2/5,-1,2016/1/1,2017/1/1,0,0,0,0,1,1,0,0,1,0,0,0,0
621,2017,C_621_1745566.0,1745566,control,0,2017/8/7,2017,0,Male,Black,1992,21,2,0,2,0,0,0.421180784,2019/2/5,0,2017/1/1,2018/1/1,1,1,0,0,1,1,0,0,1,0,0,0,0
621,2017,P_621,,participant,1,2017/8/7,2017,0,Male,Black,1992,21,2,0,1,0,0,0,2019/2/5,0,2017/1/1,2018/1/1,1,1,362.3663656,1,1,1,0,0,1,0,1,0,5.895411597
621,2018,C_621_1745566.0,1745566,control,0,2017/8/7,2017,0,Male,Black,1992,21,2,0,2,0,0,0.421180784,2019/2/5,1,2018/1/1,2019/1/1,1,1,5732.727007,1,1,1,0,0,1,0,0,0,8.654121036
621,2018,P_621,,participant,1,2017/8/7,2017,0,Male,Black,1992,21,2,0,1,0,0,0,2019/2/5,1,2018/1/1,2019/1/1,1,1,1505.512345,1,1,1,1,1,1,1,1,0,7.317552553
624,2015,C_624_1294666.0,1294666,control,0,2017/8/21,2017,0,Male,Black,1994,21,2,0,2,0,0,0.50108047,2019/2/19,-2,2015/1/1,2016/1/1,0,0,0,0,0,0,0,0,1,0,0,0,0
624,2015,P_624,,participant,1,2017/8/21,2017,0,Male,Black,1994,21,2,0,1,0,0,0,2019/2/19,-2,2015/1/1,2016/1/1,0,0,0,0,0,0,0,0,1,0,0,0,0
624,2016,C_624_1294666.0,1294666,control,0,2017/8/21,2017,0,Male,Black,1994,21,2,0,2,0,0,0.50108047,2019/2/19,-1,2016/1/1,2017/1/1,0,0,0,0,0,1,0,0,1,0,0,0,0
624,2016,P_624,,participant,1,2017/8/21,2017,0,Male,Black,1994,21,2,0,1,0,0,0,2019/2/19,-1,2016/1/1,2017/1/1,0,0,0,0,0,1,0,0,1,0,0,0,0
624,2017,C_624_1294666.0,1294666,control,0,2017/8/21,2017,0,Male,Black,1994,21,2,0,2,0,0,0.50108047,2019/2/19,0,2017/1/1,2018/1/1,1,1,3877.684394,1,1,1,0,0,1,0,0,0,8.263251301
624,2017,P_624,,participant,1,2017/8/21,2017,0,Male,Black,1994,21,2,0,1,0,0,0,2019/2/19,0,2017/1/1,2018/1/1,1,1,0,0,1,1,0,0,1,0,1,0,0
624,2018,C_624_1294666.0,1294666,control,0,2017/8/21,2017,0,Male,Black,1994,21,2,0,2,0,0,0.50108047,2019/2/19,1,2018/1/1,2019/1/1,1,1,20866.13833,1,1,1,0,0,1,0,0,0,9.945930872
624,2018,P_624,,participant,1,2017/8/21,2017,0,Male,Black,1994,21,2,0,1,0,0,0,2019/2/19,1,2018/1/1,2019/1/1,1,1,0,0,1,1,1,1,1,1,1,0,0
625,2015,C_625_1059857.0,1059857,control,0,2017/8/8,2017,0,Male,Black,1991,19,3,1,3,0,0,0,2019/2/6,-2,2015/1/1,2016/1/1,0,0,0,0,1,1,0,0,1,0,0,0,0
625,2015,P_625,,participant,1,2017/8/8,2017,0,Male,Black,1991,19,3,1,3,0,0,0,2019/2/6,-2,2015/1/1,2016/1/1,0,0,0,0,1,1,0,0,1,0,0,0,0
625,2016,C_625_1059857.0,1059857,control,0,2017/8/8,2017,0,Male,Black,1991,19,3,1,3,0,0,0,2019/2/6,-1,2016/1/1,2017/1/1,0,0,0,0,1,1,0,0,1,0,0,0,0
625,2016,P_625,,participant,1,2017/8/8,2017,0,Male,Black,1991,19,3,1,3,0,0,0,2019/2/6,-1,2016/1/1,2017/1/1,0,0,0,0,1,1,0,0,1,0,0,0,0
625,2017,C_625_1059857.0,1059857,control,0,2017/8/8,2017,0,Male,Black,1991,19,3,1,3,0,0,0,2019/2/6,0,2017/1/1,2018/1/1,1,1,0,0,1,1,0,0,1,0,0,0,0
625,2017,P_625,,participant,1,2017/8/8,2017,0,Male,Black,1991,19,3,1,3,0,0,0,2019/2/6,0,2017/1/1,2018/1/1,1,1,2396.081947,1,1,1,1,1,1,1,1,0,7.782007421
625,2018,C_625_1059857.0,1059857,control,0,2017/8/8,2017,0,Male,Black,1991,19,3,1,3,0,0,0,2019/2/6,1,2018/1/1,2019/1/1,1,1,0,0,1,1,0,0,1,0,0,0,0
625,2018,P_625,,participant,1,2017/8/8,2017,0,Male,Black,1991,19,3,1,3,0,0,0,2019/2/6,1,2018/1/1,2019/1/1,1,1,0,0,1,1,0,0,1,0,1,0,0
626,2015,C_626_1217833.0,1217833,control,0,2017/8/14,2017,0,Female,Black,1987,23,5,0,5,0,0,8.598691761,2019/2/12,-2,2015/1/1,2016/1/1,0,0,0,0,1,1,0,0,1,0,0,0,0
626,2015,P_626,,participant,1,2017/8/14,2017,0,Female,Black,1987,23,14,0,12,0,0,0,2019/2/12,-2,2015/1/1,2016/1/1,0,0,0,0,1,1,0,0,1,0,0,0,0
626,2016,C_626_1217833.0,1217833,control,0,2017/8/14,2017,0,Female,Black,1987,23,5,0,5,0,0,8.598691761,2019/2/12,-1,2016/1/1,2017/1/1,0,0,0,0,1,1,0,0,1,0,0,0,0
626,2016,P_626,,participant,1,2017/8/14,2017,0,Female,Black,1987,23,14,0,12,0,0,0,2019/2/12,-1,2016/1/1,2017/1/1,0,0,0,0,1,1,0,0,1,0,0,0,0
626,2017,C_626_1217833.0,1217833,control,0,2017/8/14,2017,0,Female,Black,1987,23,5,0,5,0,0,8.598691761,2019/2/12,0,2017/1/1,2018/1/1,1,1,0,0,1,1,0,0,1,0,0,0,0
626,2017,P_626,,participant,1,2017/8/14,2017,0,Female,Black,1987,23,14,0,12,0,0,0,2019/2/12,0,2017/1/1,2018/1/1,1,1,6210.613583,1,1,1,1,1,1,1,1,0,8.734175977
626,2018,C_626_1217833.0,1217833,control,0,2017/8/14,2017,0,Female,Black,1987,23,5,0,5,0,0,8.598691761,2019/2/12,1,2018/1/1,2019/1/1,1,1,0,0,1,1,0,0,1,0,0,0,0
626,2018,P_626,,participant,1,2017/8/14,2017,0,Female,Black,1987,23,14,0,12,0,0,0,2019/2/12,1,2018/1/1,2019/1/1,1,1,0,0,1,1,0,0,1,0,1,0,0
627,2015,C_627_1340951.0,1340951,control,0,2017/8/28,2017,0,Male,Black,1988,24,1,0,1,0,1,0.499309297,2019/2/26,-2,2015/1/1,2016/1/1,0,0,0,0,1,1,0,0,1,0,0,0,0
627,2015,P_627,,participant,1,2017/8/28,2017,0,Male,Black,1988,24,1,0,2,0,1,0,2019/2/26,-2,2015/1/1,2016/1/1,0,0,0,0,1,1,0,0,1,0,0,0,0
627,2016,C_627_1340951.0,1340951,control,0,2017/8/28,2017,0,Male,Black,1988,24,1,0,1,0,1,0.499309297,2019/2/26,-1,2016/1/1,2017/1/1,0,0,0,0,1,1,0,0,1,0,0,0,0
627,2016,P_627,,participant,1,2017/8/28,2017,0,Male,Black,1988,24,1,0,2,0,1,0,2019/2/26,-1,2016/1/1,2017/1/1,0,0,0,0,1,1,0,0,1,0,0,0,0
627,2017,C_627_1340951.0,1340951,control,0,2017/8/28,2017,0,Male,Black,1988,24,1,0,1,0,1,0.499309297,2019/2/26,0,2017/1/1,2018/1/1,1,1,3437.228787,1,1,1,0,0,1,0,0,0,8.14271173
627,2017,P_627,,participant,1,2017/8/28,2017,0,Male,Black,1988,24,1,0,2,0,1,0,2019/2/26,0,2017/1/1,2018/1/1,1,1,0,0,1,1,0,0,1,0,1,0,0
627,2018,C_627_1340951.0,1340951,control,0,2017/8/28,2017,0,Male,Black,1988,24,1,0,1,0,1,0.499309297,2019/2/26,1,2018/1/1,2019/1/1,1,1,0,0,1,1,0,0,1,0,0,0,0
627,2018,P_627,,participant,1,2017/8/28,2017,0,Male,Black,1988,24,1,0,2,0,1,0,2019/2/26,1,2018/1/1,2019/1/1,1,1,1831.957284,1,1,1,0,0,1,0,1,0,7.513685944
634,2015,C_634_1274423.0,1274423,control,0,2017/9/5,2017,0,Male,White,1985,18,5,1,5,0,0,0.815440821,2019/3/6,-2,2015/1/1,2016/1/1,0,0,0,0,1,1,0,0,1,0,0,0,0
634,2015,P_634,,participant,1,2017/9/5,2017,0,Male,White,1985,18,8,1,2,0,0,0,2019/3/6,-2,2015/1/1,2016/1/1,0,0,0,0,1,1,0,0,1,0,0,0,0
634,2016,C_634_1274423.0,1274423,control,0,2017/9/5,2017,0,Male,White,1985,18,5,1,5,0,0,0.815440821,2019/3/6,-1,2016/1/1,2017/1/1,0,0,0,0,1,1,0,0,1,0,0,0,0
634,2016,P_634,,participant,1,2017/9/5,2017,0,Male,White,1985,18,8,1,2,0,0,0,2019/3/6,-1,2016/1/1,2017/1/1,0,0,0,0,1,1,0,0,1,0,0,0,0
634,2017,C_634_1274423.0,1274423,control,0,2017/9/5,2017,0,Male,White,1985,18,5,1,5,0,0,0.815440821,2019/3/6,0,2017/1/1,2018/1/1,1,1,131.4492707,1,1,1,0,0,1,0,0,0,4.886199709
634,2017,P_634,,participant,1,2017/9/5,2017,0,Male,White,1985,18,8,1,2,0,0,0,2019/3/6,0,2017/1/1,2018/1/1,1,1,7548.575996,1,1,1,0,0,1,0,1,0,8.929246681
634,2018,C_634_1274423.0,1274423,control,0,2017/9/5,2017,0,Male,White,1985,18,5,1,5,0,0,0.815440821,2019/3/6,1,2018/1/1,2019/1/1,1,1,0,0,1,1,0,0,1,0,0,0,0
634,2018,P_634,,participant,1,2017/9/5,2017,0,Male,White,1985,18,8,1,2,0,0,0,2019/3/6,1,2018/1/1,2019/1/1,1,1,10030.85224,1,1,1,0,0,1,0,1,0,9.213520534
638,2015,C_638_1010171.0,1010171,control,0,2017/9/11,2017,0,Male,Black,1987,18,5,1,5,0,1,0.459343161,2019/3/12,-2,2015/1/1,2016/1/1,0,0,0,0,1,1,0,0,1,0,0,0,0
638,2015,P_638,,participant,1,2017/9/11,2017,0,Male,Black,1987,18,7,1,4,0,1,0,2019/3/12,-2,2015/1/1,2016/1/1,0,0,0,0,1,1,0,0,1,0,0,0,0
638,2016,C_638_1010171.0,1010171,control,0,2017/9/11,2017,0,Male,Black,1987,18,5,1,5,0,1,0.459343161,2019/3/12,-1,2016/1/1,2017/1/1,0,0,0,0,1,1,0,0,1,0,0,0,0
638,2016,P_638,,participant,1,2017/9/11,2017,0,Male,Black,1987,18,7,1,4,0,1,0,2019/3/12,-1,2016/1/1,2017/1/1,0,0,0,0,1,1,0,0,1,0,0,0,0
638,2017,C_638_1010171.0,1010171,control,0,2017/9/11,2017,0,Male,Black,1987,18,5,1,5,0,1,0.459343161,2019/3/12,0,2017/1/1,2018/1/1,1,1,8290.646973,1,1,1,0,0,1,0,0,0,9.023003898
638,2017,P_638,,participant,1,2017/9/11,2017,0,Male,Black,1987,18,7,1,4,0,1,0,2019/3/12,0,2017/1/1,2018/1/1,1,1,0,0,1,1,1,1,1,1,1,0,0
638,2018,C_638_1010171.0,1010171,control,0,2017/9/11,2017,0,Male,Black,1987,18,5,1,5,0,1,0.459343161,2019/3/12,1,2018/1/1,2019/1/1,1,1,0,0,1,1,0,0,1,0,0,0,0
638,2018,P_638,,participant,1,2017/9/11,2017,0,Male,Black,1987,18,7,1,4,0,1,0,2019/3/12,1,2018/1/1,2019/1/1,1,1,0,0,1,1,0,0,1,0,1,0,0
639,2015,C_639_1130652.0,1130652,control,0,2017/9/18,2017,0,Male,Black,1987,20,6,1,6,0,1,0.559756278,2019/3/19,-2,2015/1/1,2016/1/1,0,0,0,0,1,1,0,0,1,0,0,0,0
639,2015,P_639,,participant,1,2017/9/18,2017,0,Male,Black,1987,20,8,1,5,0,1,0,2019/3/19,-2,2015/1/1,2016/1/1,0,0,0,0,1,1,0,0,1,0,0,0,0
639,2016,C_639_1130652.0,1130652,control,0,2017/9/18,2017,0,Male,Black,1987,20,6,1,6,0,1,0.559756278,2019/3/19,-1,2016/1/1,2017/1/1,0,0,0,0,1,1,0,0,1,0,0,0,0
639,2016,P_639,,participant,1,2017/9/18,2017,0,Male,Black,1987,20,8,1,5,0,1,0,2019/3/19,-1,2016/1/1,2017/1/1,0,0,0,0,1,1,0,0,1,0,0,0,0
639,2017,C_639_1130652.0,1130652,control,0,2017/9/18,2017,0,Male,Black,1987,20,6,1,6,0,1,0.559756278,2019/3/19,0,2017/1/1,2018/1/1,1,1,0,0,1,1,0,0,1,0,0,0,0
639,2017,P_639,,participant,1,2017/9/18,2017,0,Male,Black,1987,20,8,1,5,0,1,0,2019/3/19,0,2017/1/1,2018/1/1,1,1,2532.106274,1,1,1,0,0,1,0,1,0,7.837201605
639,2018,C_639_1130652.0,1130652,control,0,2017/9/18,2017,0,Male,Black,1987,20,6,1,6,0,1,0.559756278,2019/3/19,1,2018/1/1,2019/1/1,1,1,0,0,1,1,0,0,1,0,0,0,0
639,2018,P_639,,participant,1,2017/9/18,2017,0,Male,Black,1987,20,8,1,5,0,1,0,2019/3/19,1,2018/1/1,2019/1/1,1,1,12421.54961,1,1,1,0,0,1,0,1,0,9.427268617
642,2015,C_642_1087531.0,1087531,control,0,2017/9/11,2017,0,Male,Black,1991,18,8,1,8,0,0,1.556150087,2019/3/12,-2,2015/1/1,2016/1/1,0,0,0,0,1,1,0,0,1,0,0,0,0
642,2015,P_642,,participant,1,2017/9/11,2017,0,Male,Black,1991,18,12,1,4,0,0,0,2019/3/12,-2,2015/1/1,2016/1/1,0,0,0,0,1,1,0,0,1,0,0,0,0
642,2016,C_642_1087531.0,1087531,control,0,2017/9/11,2017,0,Male,Black,1991,18,8,1,8,0,0,1.556150087,2019/3/12,-1,2016/1/1,2017/1/1,0,0,0,0,1,1,0,0,1,0,0,0,0
642,2016,P_642,,participant,1,2017/9/11,2017,0,Male,Black,1991,18,12,1,4,0,0,0,2019/3/12,-1,2016/1/1,2017/1/1,0,0,0,0,1,1,0,0,1,0,0,0,0
642,2017,C_642_1087531.0,1087531,control,0,2017/9/11,2017,0,Male,Black,1991,18,8,1,8,0,0,1.556150087,2019/3/12,0,2017/1/1,2018/1/1,1,1,5051.515346,1,1,1,0,0,1,0,0,0,8.527641487
642,2017,P_642,,participant,1,2017/9/11,2017,0,Male,Black,1991,18,12,1,4,0,0,0,2019/3/12,0,2017/1/1,2018/1/1,1,1,0,0,1,1,0,0,1,0,1,0,0
642,2018,C_642_1087531.0,1087531,control,0,2017/9/11,2017,0,Male,Black,1991,18,8,1,8,0,0,1.556150087,2019/3/12,1,2018/1/1,2019/1/1,1,1,13191.11225,1,1,1,1,1,1,1,0,0,9.487374373
642,2018,P_642,,participant,1,2017/9/11,2017,0,Male,Black,1991,18,12,1,4,0,0,0,2019/3/12,1,2018/1/1,2019/1/1,1,1,0,0,1,1,1,1,1,1,1,0,0
643,2015,C_643_215959.0,215959,control,0,2017/9/18,2017,0,Male,Black,1986,36,0,0,0,0,0,1,2019/3/19,-2,2015/1/1,2016/1/1,0,0,0,0,0,0,0,0,0,0,0,0,0
643,2015,P_643,,participant,1,2017/9/18,2017,0,Male,Black,1986,36,0,0,1,0,0,0,2019/3/19,-2,2015/1/1,2016/1/1,0,0,0,0,0,0,0,0,1,0,0,0,0
643,2016,C_643_215959.0,215959,control,0,2017/9/18,2017,0,Male,Black,1986,36,0,0,0,0,0,1,2019/3/19,-1,2016/1/1,2017/1/1,0,0,0,0,0,0,0,0,0,0,0,0,0
643,2016,P_643,,participant,1,2017/9/18,2017,0,Male,Black,1986,36,0,0,1,0,0,0,2019/3/19,-1,2016/1/1,2017/1/1,0,0,0,0,0,1,0,0,1,0,0,0,0
643,2017,C_643_215959.0,215959,control,0,2017/9/18,2017,0,Male,Black,1986,36,0,0,0,0,0,1,2019/3/19,0,2017/1/1,2018/1/1,1,1,9850.363213,1,0,0,0,0,0,0,0,0,9.195365122
643,2017,P_643,,participant,1,2017/9/18,2017,0,Male,Black,1986,36,0,0,1,0,0,0,2019/3/19,0,2017/1/1,2018/1/1,1,1,0,0,1,1,0,0,1,0,1,0,0
643,2018,C_643_215959.0,215959,control,0,2017/9/18,2017,0,Male,Black,1986,36,0,0,0,0,0,1,2019/3/19,1,2018/1/1,2019/1/1,1,1,36908.17753,1,0,0,0,0,0,0,0,0,10.51621551
643,2018,P_643,,participant,1,2017/9/18,2017,0,Male,Black,1986,36,0,0,1,0,0,0,2019/3/19,1,2018/1/1,2019/1/1,1,1,0,0,1,1,0,0,1,0,1,0,0
649,2015,C_649_1373106.0,1373106,control,0,2017/9/25,2017,0,Male,Black,1984,20,4,1,4,0,0,0.334976026,2019/3/26,-2,2015/1/1,2016/1/1,0,0,0,0,1,1,0,0,1,0,0,0,0
649,2015,P_649,,participant,1,2017/9/25,2017,0,Male,Black,1984,20,3,1,5,0,0,0,2019/3/26,-2,2015/1/1,2016/1/1,0,0,0,0,1,1,0,0,1,0,0,0,0
649,2016,C_649_1373106.0,1373106,control,0,2017/9/25,2017,0,Male,Black,1984,20,4,1,4,0,0,0.334976026,2019/3/26,-1,2016/1/1,2017/1/1,0,0,0,0,1,1,0,0,1,0,0,0,0
649,2016,P_649,,participant,1,2017/9/25,2017,0,Male,Black,1984,20,3,1,5,0,0,0,2019/3/26,-1,2016/1/1,2017/1/1,0,0,0,0,1,1,0,0,1,0,0,0,0
649,2017,C_649_1373106.0,1373106,control,0,2017/9/25,2017,0,Male,Black,1984,20,4,1,4,0,0,0.334976026,2019/3/26,0,2017/1/1,2018/1/1,1,1,5710.445947,1,1,1,0,0,1,0,0,0,8.650227501
649,2017,P_649,,participant,1,2017/9/25,2017,0,Male,Black,1984,20,3,1,5,0,0,0,2019/3/26,0,2017/1/1,2018/1/1,1,1,0,0,1,1,0,0,1,0,1,0,0
649,2018,C_649_1373106.0,1373106,control,0,2017/9/25,2017,0,Male,Black,1984,20,4,1,4,0,0,0.334976026,2019/3/26,1,2018/1/1,2019/1/1,1,1,2320.762181,1,1,1,1,1,1,1,0,0,7.750081737
649,2018,P_649,,participant,1,2017/9/25,2017,0,Male,Black,1984,20,3,1,5,0,0,0,2019/3/26,1,2018/1/1,2019/1/1,1,1,0,0,1,1,0,0,1,0,1,0,0
655,2019,C_655_1113996.0,1113996,control,0,2021/6/3,2021,0,Male,White,1992,17,12,1,12,0,0,0.971825316,2022/12/2,-2,2019/1/1,2020/1/1,0,0,0,0,1,1,0,0,1,0,0,0,0
655,2019,P_655,,participant,1,2021/6/3,2021,0,Male,White,1992,17,13,1,8,0,0,0,2022/12/2,-2,2019/1/1,2020/1/1,0,0,0,0,1,1,0,0,1,0,0,0,0
655,2020,C_655_1113996.0,1113996,control,0,2021/6/3,2021,0,Male,White,1992,17,12,1,12,0,0,0.971825316,2022/12/2,-1,2020/1/1,2021/1/1,0,0,0,0,1,1,0,0,1,0,0,0,0
655,2020,P_655,,participant,1,2021/6/3,2021,0,Male,White,1992,17,13,1,8,0,0,0,2022/12/2,-1,2020/1/1,2021/1/1,0,0,0,0,1,1,0,0,1,0,0,0,0
655,2021,C_655_1113996.0,1113996,control,0,2021/6/3,2021,0,Male,White,1992,17,12,1,12,0,0,0.971825316,2022/12/2,0,2021/1/1,2022/1/1,1,1,0,0,1,1,0,0,1,0,0,0,0
655,2021,P_655,,participant,1,2021/6/3,2021,0,Male,White,1992,17,13,1,8,0,0,0,2022/12/2,0,2021/1/1,2022/1/1,1,1,0,0,1,1,0,0,1,0,1,0,0
655,2022,C_655_1113996.0,1113996,control,0,2021/6/3,2021,0,Male,White,1992,17,12,1,12,0,0,0.971825316,2022/12/2,1,2022/1/1,2023/1/1,1,1,0,0,1,1,0,0,1,0,0,0,0
655,2022,P_655,,participant,1,2021/6/3,2021,0,Male,White,1992,17,13,1,8,0,0,0,2022/12/2,1,2022/1/1,2023/1/1,1,1,0,0,1,1,0,0,1,0,1,0,0
656,2015,C_656_1333039.0,1333039,control,0,2017/10/2,2017,0,Male,Black,1992,18,9,1,9,0,1,1.962115497,2019/4/2,-2,2015/1/1,2016/1/1,0,0,0,0,1,1,0,0,1,0,0,0,0
656,2015,P_656,,participant,1,2017/10/2,2017,0,Male,Black,1992,18,16,1,7,0,1,0,2019/4/2,-2,2015/1/1,2016/1/1,0,0,0,0,1,1,0,0,1,0,0,0,0
656,2016,C_656_1333039.0,1333039,control,0,2017/10/2,2017,0,Male,Black,1992,18,9,1,9,0,1,1.962115497,2019/4/2,-1,2016/1/1,2017/1/1,0,0,0,0,1,1,0,0,1,0,0,0,0
656,2016,P_656,,participant,1,2017/10/2,2017,0,Male,Black,1992,18,16,1,7,0,1,0,2019/4/2,-1,2016/1/1,2017/1/1,0,0,0,0,1,1,0,0,1,0,0,0,0
656,2017,C_656_1333039.0,1333039,control,0,2017/10/2,2017,0,Male,Black,1992,18,9,1,9,0,1,1.962115497,2019/4/2,0,2017/1/1,2018/1/1,1,1,1440.684006,1,1,1,0,0,1,0,0,0,7.273567158
656,2017,P_656,,participant,1,2017/10/2,2017,0,Male,Black,1992,18,16,1,7,0,1,0,2019/4/2,0,2017/1/1,2018/1/1,1,1,0,0,1,1,0,0,1,0,1,0,0
656,2018,C_656_1333039.0,1333039,control,0,2017/10/2,2017,0,Male,Black,1992,18,9,1,9,0,1,1.962115497,2019/4/2,1,2018/1/1,2019/1/1,1,1,648.7967823,1,1,1,0,0,1,0,0,0,6.476659671
656,2018,P_656,,participant,1,2017/10/2,2017,0,Male,Black,1992,18,16,1,7,0,1,0,2019/4/2,1,2018/1/1,2019/1/1,1,1,18154.31236,1,1,1,0,0,1,0,1,0,9.806718489
658,2015,C_658_1459067.0,1459067,control,0,2017/10/9,2017,0,Male,Black,1994,18,4,1,4,0,1,0.279748121,2019/4/9,-2,2015/1/1,2016/1/1,0,0,0,0,1,1,0,0,1,0,0,0,0
658,2015,P_658,,participant,1,2017/10/9,2017,0,Male,Black,1994,18,4,1,3,0,1,0,2019/4/9,-2,2015/1/1,2016/1/1,0,0,0,0,1,1,0,0,1,0,0,0,0
658,2016,C_658_1459067.0,1459067,control,0,2017/10/9,2017,0,Male,Black,1994,18,4,1,4,0,1,0.279748121,2019/4/9,-1,2016/1/1,2017/1/1,0,0,0,0,1,1,0,0,1,0,0,0,0
658,2016,P_658,,participant,1,2017/10/9,2017,0,Male,Black,1994,18,4,1,3,0,1,0,2019/4/9,-1,2016/1/1,2017/1/1,0,0,0,0,1,1,0,0,1,0,0,0,0
658,2017,C_658_1459067.0,1459067,control,0,2017/10/9,2017,0,Male,Black,1994,18,4,1,4,0,1,0.279748121,2019/4/9,0,2017/1/1,2018/1/1,1,1,3249.425971,1,1,1,0,0,1,0,0,0,8.086541335
658,2017,P_658,,participant,1,2017/10/9,2017,0,Male,Black,1994,18,4,1,3,0,1,0,2019/4/9,0,2017/1/1,2018/1/1,1,1,0,0,1,1,0,0,1,0,1,0,0
658,2018,C_658_1459067.0,1459067,control,0,2017/10/9,2017,0,Male,Black,1994,18,4,1,4,0,1,0.279748121,2019/4/9,1,2018/1/1,2019/1/1,1,1,14173.61769,1,1,1,0,0,1,0,0,0,9.559208158
658,2018,P_658,,participant,1,2017/10/9,2017,0,Male,Black,1994,18,4,1,3,0,1,0,2019/4/9,1,2018/1/1,2019/1/1,1,1,6068.561826,1,1,1,0,0,1,0,1,0,8.711041695
659,2015,C_659_868870.0,868870,control,0,2017/10/2,2017,0,Male,Black,1997,20,0,0,4,0,1,0,2019/4/2,-2,2015/1/1,2016/1/1,0,0,0,0,0,0,0,0,1,0,0,0,0
659,2015,P_659,,participant,1,2017/10/2,2017,0,Male,Black,1997,20,0,0,4,0,1,0,2019/4/2,-2,2015/1/1,2016/1/1,0,0,0,0,1,1,0,0,1,0,0,0,0
659,2016,C_659_868870.0,868870,control,0,2017/10/2,2017,0,Male,Black,1997,20,0,0,4,0,1,0,2019/4/2,-1,2016/1/1,2017/1/1,0,0,0,0,0,0,0,0,1,0,0,0,0
659,2016,P_659,,participant,1,2017/10/2,2017,0,Male,Black,1997,20,0,0,4,0,1,0,2019/4/2,-1,2016/1/1,2017/1/1,0,0,0,0,1,1,0,0,1,0,0,0,0
659,2017,C_659_868870.0,868870,control,0,2017/10/2,2017,0,Male,Black,1997,20,0,0,4,0,1,0,2019/4/2,0,2017/1/1,2018/1/1,1,1,0,0,0,1,0,0,1,0,0,0,0
659,2017,P_659,,participant,1,2017/10/2,2017,0,Male,Black,1997,20,0,0,4,0,1,0,2019/4/2,0,2017/1/1,2018/1/1,1,1,808.4130146,1,1,1,0,0,1,0,1,0,6.696309312
659,2018,C_659_868870.0,868870,control,0,2017/10/2,2017,0,Male,Black,1997,20,0,0,4,0,1,0,2019/4/2,1,2018/1/1,2019/1/1,1,1,1481.380912,1,1,1,0,0,1,0,0,0,7.301404798
659,2018,P_659,,participant,1,2017/10/2,2017,0,Male,Black,1997,20,0,0,4,0,1,0,2019/4/2,1,2018/1/1,2019/1/1,1,1,1358.265081,1,1,1,0,0,1,0,1,0,7.214699451
663,2015,C_663_1041401.0,1041401,control,0,2017/10/16,2017,0,Male,White,1985,24,1,0,1,0,1,0.743162396,2019/4/16,-2,2015/1/1,2016/1/1,0,0,0,0,1,1,0,0,1,0,0,0,0
663,2015,P_663,,participant,1,2017/10/16,2017,0,Male,White,1985,24,0,0,3,0,1,0,2019/4/16,-2,2015/1/1,2016/1/1,0,0,0,0,1,1,0,0,1,0,0,0,0
663,2016,C_663_1041401.0,1041401,control,0,2017/10/16,2017,0,Male,White,1985,24,1,0,1,0,1,0.743162396,2019/4/16,-1,2016/1/1,2017/1/1,0,0,0,0,1,1,0,0,1,0,0,0,0
663,2016,P_663,,participant,1,2017/10/16,2017,0,Male,White,1985,24,0,0,3,0,1,0,2019/4/16,-1,2016/1/1,2017/1/1,0,0,0,0,1,1,0,0,1,0,0,0,0
663,2017,C_663_1041401.0,1041401,control,0,2017/10/16,2017,0,Male,White,1985,24,1,0,1,0,1,0.743162396,2019/4/16,0,2017/1/1,2018/1/1,1,1,6405.522959,1,1,1,0,0,1,0,0,0,8.765071963
663,2017,P_663,,participant,1,2017/10/16,2017,0,Male,White,1985,24,0,0,3,0,1,0,2019/4/16,0,2017/1/1,2018/1/1,1,1,0,0,1,1,0,0,1,0,1,0,0
663,2018,C_663_1041401.0,1041401,control,0,2017/10/16,2017,0,Male,White,1985,24,1,0,1,0,1,0.743162396,2019/4/16,1,2018/1/1,2019/1/1,1,1,0,0,1,1,0,0,1,0,0,0,0
663,2018,P_663,,participant,1,2017/10/16,2017,0,Male,White,1985,24,0,0,3,0,1,0,2019/4/16,1,2018/1/1,2019/1/1,1,1,0,0,1,1,0,0,1,0,1,0,0
669,2015,C_669_1014000.0,1014000,control,0,2017/10/30,2017,0,Male,Black,1996,18,3,1,3,0,0,0.504389345,2019/4/30,-2,2015/1/1,2016/1/1,0,0,0,0,0,1,0,0,1,0,0,0,0
669,2015,P_669,,participant,1,2017/10/30,2017,0,Male,Black,1996,18,4,1,2,0,0,0,2019/4/30,-2,2015/1/1,2016/1/1,0,0,0,0,0,1,0,0,1,0,0,0,0
669,2016,C_669_1014000.0,1014000,control,0,2017/10/30,2017,0,Male,Black,1996,18,3,1,3,0,0,0.504389345,2019/4/30,-1,2016/1/1,2017/1/1,0,0,0,0,1,1,0,0,1,0,0,0,0
669,2016,P_669,,participant,1,2017/10/30,2017,0,Male,Black,1996,18,4,1,2,0,0,0,2019/4/30,-1,2016/1/1,2017/1/1,0,0,0,0,1,1,0,0,1,0,0,0,0
669,2017,C_669_1014000.0,1014000,control,0,2017/10/30,2017,0,Male,Black,1996,18,3,1,3,0,0,0.504389345,2019/4/30,0,2017/1/1,2018/1/1,1,1,0,0,1,1,0,0,1,0,0,0,0
669,2017,P_669,,participant,1,2017/10/30,2017,0,Male,Black,1996,18,4,1,2,0,0,0,2019/4/30,0,2017/1/1,2018/1/1,1,1,0,0,1,1,0,0,1,0,1,0,0
669,2018,C_669_1014000.0,1014000,control,0,2017/10/30,2017,0,Male,Black,1996,18,3,1,3,0,0,0.504389345,2019/4/30,1,2018/1/1,2019/1/1,1,1,0,0,1,1,0,0,1,0,0,0,0
669,2018,P_669,,participant,1,2017/10/30,2017,0,Male,Black,1996,18,4,1,2,0,0,0,2019/4/30,1,2018/1/1,2019/1/1,1,1,0,0,1,1,1,1,1,1,1,0,0
670,2015,C_670_1052851.0,1052851,control,0,2017/10/23,2017,0,Male,Black,1978,23,3,0,3,0,0,1.225536089,2019/4/23,-2,2015/1/1,2016/1/1,0,0,0,0,1,1,0,0,1,0,0,0,0
670,2015,P_670,,participant,1,2017/10/23,2017,0,Male,Black,1978,23,5,0,6,0,0,0,2019/4/23,-2,2015/1/1,2016/1/1,0,0,0,0,1,1,0,0,1,0,0,0,0
670,2016,C_670_1052851.0,1052851,control,0,2017/10/23,2017,0,Male,Black,1978,23,3,0,3,0,0,1.225536089,2019/4/23,-1,2016/1/1,2017/1/1,0,0,0,0,1,1,0,0,1,0,0,0,0
670,2016,P_670,,participant,1,2017/10/23,2017,0,Male,Black,1978,23,5,0,6,0,0,0,2019/4/23,-1,2016/1/1,2017/1/1,0,0,0,0,1,1,0,0,1,0,0,0,0
670,2017,C_670_1052851.0,1052851,control,0,2017/10/23,2017,0,Male,Black,1978,23,3,0,3,0,0,1.225536089,2019/4/23,0,2017/1/1,2018/1/1,1,1,0,0,1,1,0,0,1,0,0,0,0
670,2017,P_670,,participant,1,2017/10/23,2017,0,Male,Black,1978,23,5,0,6,0,0,0,2019/4/23,0,2017/1/1,2018/1/1,1,1,0,0,1,1,0,0,1,0,1,0,0
670,2018,C_670_1052851.0,1052851,control,0,2017/10/23,2017,0,Male,Black,1978,23,3,0,3,0,0,1.225536089,2019/4/23,1,2018/1/1,2019/1/1,1,1,0,0,1,1,0,0,1,0,0,0,0
670,2018,P_670,,participant,1,2017/10/23,2017,0,Male,Black,1978,23,5,0,6,0,0,0,2019/4/23,1,2018/1/1,2019/1/1,1,1,1427.443023,1,1,1,0,0,1,0,1,0,7.264340335
674,2015,C_674_1042631.0,1042631,control,0,2017/10/30,2017,0,Male,Black,1992,21,6,1,6,0,0,0.614843006,2019/4/30,-2,2015/1/1,2016/1/1,0,0,0,0,1,1,0,0,1,0,0,0,0
674,2015,P_674,,participant,1,2017/10/30,2017,0,Male,Black,1992,21,7,1,5,0,0,0,2019/4/30,-2,2015/1/1,2016/1/1,0,0,0,0,1,1,0,0,1,0,0,0,0
674,2016,C_674_1042631.0,1042631,control,0,2017/10/30,2017,0,Male,Black,1992,21,6,1,6,0,0,0.614843006,2019/4/30,-1,2016/1/1,2017/1/1,0,0,0,0,1,1,0,0,1,0,0,0,0
674,2016,P_674,,participant,1,2017/10/30,2017,0,Male,Black,1992,21,7,1,5,0,0,0,2019/4/30,-1,2016/1/1,2017/1/1,0,0,0,0,1,1,0,0,1,0,0,0,0
674,2017,C_674_1042631.0,1042631,control,0,2017/10/30,2017,0,Male,Black,1992,21,6,1,6,0,0,0.614843006,2019/4/30,0,2017/1/1,2018/1/1,1,1,0,0,1,1,0,0,1,0,0,0,0
674,2017,P_674,,participant,1,2017/10/30,2017,0,Male,Black,1992,21,7,1,5,0,0,0,2019/4/30,0,2017/1/1,2018/1/1,1,1,517.9101264,1,1,1,0,0,1,0,1,0,6.251730701
674,2018,C_674_1042631.0,1042631,control,0,2017/10/30,2017,0,Male,Black,1992,21,6,1,6,0,0,0.614843006,2019/4/30,1,2018/1/1,2019/1/1,1,1,0,0,1,1,0,0,1,0,0,0,0
674,2018,P_674,,participant,1,2017/10/30,2017,0,Male,Black,1992,21,7,1,5,0,0,0,2019/4/30,1,2018/1/1,2019/1/1,1,1,6481.67648,1,1,1,0,0,1,0,1,0,8.776888741
688,2015,C_688_1092596.0,1092596,control,0,2017/12/4,2017,0,Male,White,1990,18,1,0,1,0,0,0.161452043,2019/6/4,-2,2015/1/1,2016/1/1,0,0,0,0,1,1,0,0,1,0,0,0,0
688,2015,P_688,,participant,1,2017/12/4,2017,0,Male,White,1990,18,0,0,1,0,0,0,2019/6/4,-2,2015/1/1,2016/1/1,0,0,0,0,1,1,0,0,1,0,0,0,0
688,2016,C_688_1092596.0,1092596,control,0,2017/12/4,2017,0,Male,White,1990,18,1,0,1,0,0,0.161452043,2019/6/4,-1,2016/1/1,2017/1/1,0,0,0,0,1,1,0,0,1,0,0,0,0
688,2016,P_688,,participant,1,2017/12/4,2017,0,Male,White,1990,18,0,0,1,0,0,0,2019/6/4,-1,2016/1/1,2017/1/1,0,0,0,0,1,1,0,0,1,0,0,0,0
688,2017,C_688_1092596.0,1092596,control,0,2017/12/4,2017,0,Male,White,1990,18,1,0,1,0,0,0.161452043,2019/6/4,0,2017/1/1,2018/1/1,1,1,0,0,1,1,0,0,1,0,0,0,0
688,2017,P_688,,participant,1,2017/12/4,2017,0,Male,White,1990,18,0,0,1,0,0,0,2019/6/4,0,2017/1/1,2018/1/1,1,1,0,0,1,1,0,0,1,0,1,0,0
688,2018,C_688_1092596.0,1092596,control,0,2017/12/4,2017,0,Male,White,1990,18,1,0,1,0,0,0.161452043,2019/6/4,1,2018/1/1,2019/1/1,1,1,0,0,1,1,0,0,1,0,0,0,0
688,2018,P_688,,participant,1,2017/12/4,2017,0,Male,White,1990,18,0,0,1,0,0,0,2019/6/4,1,2018/1/1,2019/1/1,1,1,4182.174909,1,1,1,0,0,1,0,1,0,8.338825785
695,2015,C_695_1013257.0,1013257,control,0,2017/12/18,2017,0,Male,Black,1972,28,7,1,7,0,0,0.65951973,2019/6/18,-2,2015/1/1,2016/1/1,0,0,0,0,1,1,0,0,1,0,0,0,0
695,2015,P_695,,participant,1,2017/12/18,2017,0,Male,Black,1972,28,7,1,5,0,0,0,2019/6/18,-2,2015/1/1,2016/1/1,0,0,0,0,1,1,0,0,1,0,0,0,0
695,2016,C_695_1013257.0,1013257,control,0,2017/12/18,2017,0,Male,Black,1972,28,7,1,7,0,0,0.65951973,2019/6/18,-1,2016/1/1,2017/1/1,0,0,0,0,1,1,0,0,1,0,0,0,0
695,2016,P_695,,participant,1,2017/12/18,2017,0,Male,Black,1972,28,7,1,5,0,0,0,2019/6/18,-1,2016/1/1,2017/1/1,0,0,0,0,1,1,0,0,1,0,0,0,0
695,2017,C_695_1013257.0,1013257,control,0,2017/12/18,2017,0,Male,Black,1972,28,7,1,7,0,0,0.65951973,2019/6/18,0,2017/1/1,2018/1/1,1,1,0,0,1,1,0,0,1,0,0,0,0
695,2017,P_695,,participant,1,2017/12/18,2017,0,Male,Black,1972,28,7,1,5,0,0,0,2019/6/18,0,2017/1/1,2018/1/1,1,1,0,0,1,1,0,0,1,0,1,0,0
695,2018,C_695_1013257.0,1013257,control,0,2017/12/18,2017,0,Male,Black,1972,28,7,1,7,0,0,0.65951973,2019/6/18,1,2018/1/1,2019/1/1,1,1,14765.89288,1,1,1,0,0,1,0,0,0,9.600142986
695,2018,P_695,,participant,1,2017/12/18,2017,0,Male,Black,1972,28,7,1,5,0,0,0,2019/6/18,1,2018/1/1,2019/1/1,1,1,0,0,1,1,0,0,1,0,1,0,0
697,2015,C_697_1326053.0,1326053,control,0,2017/12/27,2017,0,Male,Black,1972,30,1,0,1,0,0,0.305570768,2019/6/27,-2,2015/1/1,2016/1/1,0,0,0,0,1,1,0,0,1,0,0,0,0
697,2015,P_697,,participant,1,2017/12/27,2017,0,Male,Black,1972,30,0,0,1,0,0,0,2019/6/27,-2,2015/1/1,2016/1/1,0,0,0,0,0,1,0,0,1,0,0,0,0
697,2016,C_697_1326053.0,1326053,control,0,2017/12/27,2017,0,Male,Black,1972,30,1,0,1,0,0,0.305570768,2019/6/27,-1,2016/1/1,2017/1/1,0,0,0,0,1,1,0,0,1,0,0,0,0
697,2016,P_697,,participant,1,2017/12/27,2017,0,Male,Black,1972,30,0,0,1,0,0,0,2019/6/27,-1,2016/1/1,2017/1/1,0,0,0,0,1,1,0,0,1,0,0,0,0
697,2017,C_697_1326053.0,1326053,control,0,2017/12/27,2017,0,Male,Black,1972,30,1,0,1,0,0,0.305570768,2019/6/27,0,2017/1/1,2018/1/1,1,1,0,0,1,1,0,0,1,0,0,0,0
697,2017,P_697,,participant,1,2017/12/27,2017,0,Male,Black,1972,30,0,0,1,0,0,0,2019/6/27,0,2017/1/1,2018/1/1,1,1,0,0,1,1,0,0,1,0,1,0,0
697,2018,C_697_1326053.0,1326053,control,0,2017/12/27,2017,0,Male,Black,1972,30,1,0,1,0,0,0.305570768,2019/6/27,1,2018/1/1,2019/1/1,1,1,0,0,1,1,0,0,1,0,0,0,0
697,2018,P_697,,participant,1,2017/12/27,2017,0,Male,Black,1972,30,0,0,1,0,0,0,2019/6/27,1,2018/1/1,2019/1/1,1,1,28532.36048,1,1,1,1,1,1,1,1,0,10.25882922
701,2016,C_701_1413599.0,1413599,control,0,2018/1/8,2018,0,Male,Black,1995,18,2,0,2,0,1,0.270833452,2019/7/9,-2,2016/1/1,2017/1/1,0,0,0,0,1,1,0,0,1,0,0,0,0
701,2016,P_701,,participant,1,2018/1/8,2018,0,Male,Black,1995,18,2,0,1,0,1,0,2019/7/9,-2,2016/1/1,2017/1/1,0,0,0,0,1,1,0,0,1,0,0,0,0
701,2017,C_701_1413599.0,1413599,control,0,2018/1/8,2018,0,Male,Black,1995,18,2,0,2,0,1,0.270833452,2019/7/9,-1,2017/1/1,2018/1/1,0,0,0,0,1,1,0,0,1,0,0,0,0
701,2017,P_701,,participant,1,2018/1/8,2018,0,Male,Black,1995,18,2,0,1,0,1,0,2019/7/9,-1,2017/1/1,2018/1/1,0,0,0,0,1,1,0,0,1,0,0,0,0
701,2018,C_701_1413599.0,1413599,control,0,2018/1/8,2018,0,Male,Black,1995,18,2,0,2,0,1,0.270833452,2019/7/9,0,2018/1/1,2019/1/1,1,1,1353.057305,1,1,1,0,0,1,0,0,0,7.210860776
701,2018,P_701,,participant,1,2018/1/8,2018,0,Male,Black,1995,18,2,0,1,0,1,0,2019/7/9,0,2018/1/1,2019/1/1,1,1,6087.853876,1,1,1,0,0,1,0,1,0,8.714215145
701,2019,C_701_1413599.0,1413599,control,0,2018/1/8,2018,0,Male,Black,1995,18,2,0,2,0,1,0.270833452,2019/7/9,1,2019/1/1,2020/1/1,1,1,10340.9066,1,1,1,0,0,1,0,0,0,9.243959522
701,2019,P_701,,participant,1,2018/1/8,2018,0,Male,Black,1995,18,2,0,1,0,1,0,2019/7/9,1,2019/1/1,2020/1/1,1,1,5396.526579,1,1,1,0,0,1,0,1,0,8.593696087
714,2016,C_714_1504296.0,1504296,control,0,2018/2/19,2018,0,Male,Black,1993,19,3,1,3,0,1,0,2019/8/20,-2,2016/1/1,2017/1/1,0,0,0,0,1,1,0,0,1,0,0,0,0
714,2016,P_714,,participant,1,2018/2/19,2018,0,Male,Black,1993,19,3,1,3,0,1,0,2019/8/20,-2,2016/1/1,2017/1/1,0,0,0,0,1,1,0,0,1,0,0,0,0
714,2017,C_714_1504296.0,1504296,control,0,2018/2/19,2018,0,Male,Black,1993,19,3,1,3,0,1,0,2019/8/20,-1,2017/1/1,2018/1/1,0,0,0,0,1,1,0,0,1,0,0,0,0
714,2017,P_714,,participant,1,2018/2/19,2018,0,Male,Black,1993,19,3,1,3,0,1,0,2019/8/20,-1,2017/1/1,2018/1/1,0,0,0,0,1,1,0,0,1,0,0,0,0
714,2018,C_714_1504296.0,1504296,control,0,2018/2/19,2018,0,Male,Black,1993,19,3,1,3,0,1,0,2019/8/20,0,2018/1/1,2019/1/1,1,1,0,0,1,1,0,0,1,0,0,0,0
714,2018,P_714,,participant,1,2018/2/19,2018,0,Male,Black,1993,19,3,1,3,0,1,0,2019/8/20,0,2018/1/1,2019/1/1,1,1,15099.68403,1,1,1,1,1,1,1,1,0,9.622495322
714,2019,C_714_1504296.0,1504296,control,0,2018/2/19,2018,0,Male,Black,1993,19,3,1,3,0,1,0,2019/8/20,1,2019/1/1,2020/1/1,1,1,0,0,1,1,0,0,1,0,0,0,0
714,2019,P_714,,participant,1,2018/2/19,2018,0,Male,Black,1993,19,3,1,3,0,1,0,2019/8/20,1,2019/1/1,2020/1/1,1,1,0,0,1,1,0,0,1,0,1,0,0
721,2016,C_721_1537247.0,1537247,control,0,2018/2/12,2018,0,Male,Black,1994,18,4,0,5,0,0,0.298673659,2019/8/13,-2,2016/1/1,2017/1/1,0,0,0,0,1,1,0,0,1,0,0,0,0
721,2016,P_721,,participant,1,2018/2/12,2018,0,Male,Black,1994,18,5,0,5,0,0,0,2019/8/13,-2,2016/1/1,2017/1/1,0,0,0,0,1,1,0,0,1,0,0,0,0
721,2017,C_721_1537247.0,1537247,control,0,2018/2/12,2018,0,Male,Black,1994,18,4,0,5,0,0,0.298673659,2019/8/13,-1,2017/1/1,2018/1/1,0,0,0,0,1,1,0,0,1,0,0,0,0
721,2017,P_721,,participant,1,2018/2/12,2018,0,Male,Black,1994,18,5,0,5,0,0,0,2019/8/13,-1,2017/1/1,2018/1/1,0,0,0,0,1,1,0,0,1,0,0,0,0
721,2018,C_721_1537247.0,1537247,control,0,2018/2/12,2018,0,Male,Black,1994,18,4,0,5,0,0,0.298673659,2019/8/13,0,2018/1/1,2019/1/1,1,1,0,0,1,1,0,0,1,0,0,0,0
721,2018,P_721,,participant,1,2018/2/12,2018,0,Male,Black,1994,18,5,0,5,0,0,0,2019/8/13,0,2018/1/1,2019/1/1,1,1,1079.506513,1,1,1,0,0,1,0,1,0,6.985185204
721,2019,C_721_1537247.0,1537247,control,0,2018/2/12,2018,0,Male,Black,1994,18,4,0,5,0,0,0.298673659,2019/8/13,1,2019/1/1,2020/1/1,1,1,0,0,1,1,0,0,1,0,0,0,0
721,2019,P_721,,participant,1,2018/2/12,2018,0,Male,Black,1994,18,5,0,5,0,0,0,2019/8/13,1,2019/1/1,2020/1/1,1,1,0,0,1,1,0,0,1,0,1,0,0
726,2016,C_726_430572.0,430572,control,0,2018/2/12,2018,0,Male,Black,1992,22,0,0,3,0,0,0.467171355,2019/8/13,-2,2016/1/1,2017/1/1,0,0,0,0,1,1,0,0,1,0,0,0,0
726,2016,P_726,,participant,1,2018/2/12,2018,0,Male,Black,1992,22,0,0,4,0,0,0,2019/8/13,-2,2016/1/1,2017/1/1,0,0,0,0,1,1,0,0,1,0,0,0,0
726,2017,C_726_430572.0,430572,control,0,2018/2/12,2018,0,Male,Black,1992,22,0,0,3,0,0,0.467171355,2019/8/13,-1,2017/1/1,2018/1/1,0,0,0,0,1,1,0,0,1,0,0,0,0
726,2017,P_726,,participant,1,2018/2/12,2018,0,Male,Black,1992,22,0,0,4,0,0,0,2019/8/13,-1,2017/1/1,2018/1/1,0,0,0,0,1,1,0,0,1,0,0,0,0
726,2018,C_726_430572.0,430572,control,0,2018/2/12,2018,0,Male,Black,1992,22,0,0,3,0,0,0.467171355,2019/8/13,0,2018/1/1,2019/1/1,1,1,159.9419503,1,1,1,0,0,1,0,0,0,5.081043743
726,2018,P_726,,participant,1,2018/2/12,2018,0,Male,Black,1992,22,0,0,4,0,0,0,2019/8/13,0,2018/1/1,2019/1/1,1,1,5587.908962,1,1,1,0,0,1,0,1,0,8.62853937
726,2019,C_726_430572.0,430572,control,0,2018/2/12,2018,0,Male,Black,1992,22,0,0,3,0,0,0.467171355,2019/8/13,1,2019/1/1,2020/1/1,1,1,0,0,1,1,0,0,1,0,0,0,0
726,2019,P_726,,participant,1,2018/2/12,2018,0,Male,Black,1992,22,0,0,4,0,0,0,2019/8/13,1,2019/1/1,2020/1/1,1,1,0,0,1,1,1,1,1,1,1,0,0
733,2016,C_733_1380008.0,1380008,control,0,2018/3/5,2018,0,Male,Black,1975,21,1,0,1,0,0,4.358898944,2019/9/3,-2,2016/1/1,2017/1/1,0,0,0,0,1,1,0,0,1,0,0,0,0
733,2016,P_733,,participant,1,2018/3/5,2018,0,Male,Black,1975,21,4,0,4,0,1,0,2019/9/3,-2,2016/1/1,2017/1/1,0,0,0,0,1,1,0,0,1,0,0,0,0
733,2017,C_733_1380008.0,1380008,control,0,2018/3/5,2018,0,Male,Black,1975,21,1,0,1,0,0,4.358898944,2019/9/3,-1,2017/1/1,2018/1/1,0,0,0,0,1,1,0,0,1,0,0,0,0
733,2017,P_733,,participant,1,2018/3/5,2018,0,Male,Black,1975,21,4,0,4,0,1,0,2019/9/3,-1,2017/1/1,2018/1/1,0,0,0,0,1,1,0,0,1,0,0,0,0
733,2018,C_733_1380008.0,1380008,control,0,2018/3/5,2018,0,Male,Black,1975,21,1,0,1,0,0,4.358898944,2019/9/3,0,2018/1/1,2019/1/1,1,1,0,0,1,1,0,0,1,0,0,0,0
733,2018,P_733,,participant,1,2018/3/5,2018,0,Male,Black,1975,21,4,0,4,0,1,0,2019/9/3,0,2018/1/1,2019/1/1,1,1,7471.551191,1,1,1,0,0,1,0,1,0,8.918991745
733,2019,C_733_1380008.0,1380008,control,0,2018/3/5,2018,0,Male,Black,1975,21,1,0,1,0,0,4.358898944,2019/9/3,1,2019/1/1,2020/1/1,1,1,0,0,1,1,0,0,1,0,0,0,0
733,2019,P_733,,participant,1,2018/3/5,2018,0,Male,Black,1975,21,4,0,4,0,1,0,2019/9/3,1,2019/1/1,2020/1/1,1,1,10944.16176,1,1,1,0,0,1,0,1,0,9.300652789
737,2016,C_737_1226315.0,1226315,control,0,2018/3/12,2018,0,Male,Black,1990,18,1,1,1,0,1,0,2019/9/10,-2,2016/1/1,2017/1/1,0,0,0,0,1,1,0,0,1,0,0,0,0
737,2016,P_737,,participant,1,2018/3/12,2018,0,Male,Black,1990,18,1,1,1,0,1,0,2019/9/10,-2,2016/1/1,2017/1/1,0,0,0,0,1,1,0,0,1,0,0,0,0
737,2017,C_737_1226315.0,1226315,control,0,2018/3/12,2018,0,Male,Black,1990,18,1,1,1,0,1,0,2019/9/10,-1,2017/1/1,2018/1/1,0,0,0,0,1,1,0,0,1,0,0,0,0
737,2017,P_737,,participant,1,2018/3/12,2018,0,Male,Black,1990,18,1,1,1,0,1,0,2019/9/10,-1,2017/1/1,2018/1/1,0,0,0,0,1,1,0,0,1,0,0,0,0
737,2018,C_737_1226315.0,1226315,control,0,2018/3/12,2018,0,Male,Black,1990,18,1,1,1,0,1,0,2019/9/10,0,2018/1/1,2019/1/1,1,1,4477.37683,1,1,1,0,0,1,0,0,0,8.407015945
737,2018,P_737,,participant,1,2018/3/12,2018,0,Male,Black,1990,18,1,1,1,0,1,0,2019/9/10,0,2018/1/1,2019/1/1,1,1,26459.73698,1,1,1,0,0,1,0,1,0,10.18341729
737,2019,C_737_1226315.0,1226315,control,0,2018/3/12,2018,0,Male,Black,1990,18,1,1,1,0,1,0,2019/9/10,1,2019/1/1,2020/1/1,1,1,0,0,1,1,0,0,1,0,0,0,0
737,2019,P_737,,participant,1,2018/3/12,2018,0,Male,Black,1990,18,1,1,1,0,1,0,2019/9/10,1,2019/1/1,2020/1/1,1,1,8199.3578,1,1,1,0,0,1,0,1,0,9.011933066
739,2016,C_739_1537023.0,1537023,control,0,2018/3/12,2018,0,Male,Black,1986,16,9,1,9,0,0,9.273618495,2019/9/10,-2,2016/1/1,2017/1/1,0,0,0,0,1,1,0,0,1,0,0,0,0
739,2016,P_739,,participant,1,2018/3/12,2018,0,Male,Black,1986,16,2,1,3,0,1,0,2019/9/10,-2,2016/1/1,2017/1/1,0,0,0,0,1,1,0,0,1,0,0,0,0
739,2017,C_739_1537023.0,1537023,control,0,2018/3/12,2018,0,Male,Black,1986,16,9,1,9,0,0,9.273618495,2019/9/10,-1,2017/1/1,2018/1/1,0,0,0,0,1,1,0,0,1,0,0,0,0
739,2017,P_739,,participant,1,2018/3/12,2018,0,Male,Black,1986,16,2,1,3,0,1,0,2019/9/10,-1,2017/1/1,2018/1/1,0,0,0,0,1,1,0,0,1,0,0,0,0
739,2018,C_739_1537023.0,1537023,control,0,2018/3/12,2018,0,Male,Black,1986,16,9,1,9,0,0,9.273618495,2019/9/10,0,2018/1/1,2019/1/1,1,1,0,0,1,1,0,0,1,0,0,0,0
739,2018,P_739,,participant,1,2018/3/12,2018,0,Male,Black,1986,16,2,1,3,0,1,0,2019/9/10,0,2018/1/1,2019/1/1,1,1,5718.395448,1,1,1,0,0,1,0,1,0,8.651618388
739,2019,C_739_1537023.0,1537023,control,0,2018/3/12,2018,0,Male,Black,1986,16,9,1,9,0,0,9.273618495,2019/9/10,1,2019/1/1,2020/1/1,1,1,0,0,1,1,0,0,1,0,0,0,0
739,2019,P_739,,participant,1,2018/3/12,2018,0,Male,Black,1986,16,2,1,3,0,1,0,2019/9/10,1,2019/1/1,2020/1/1,1,1,0,0,1,1,0,0,1,0,1,0,0
742,2016,C_742_1242389.0,1242389,control,0,2018/3/12,2018,0,Male,Black,1984,20,4,1,4,0,1,0.234424692,2019/9/10,-2,2016/1/1,2017/1/1,0,0,0,0,1,1,0,0,1,0,0,0,0
742,2016,P_742,,participant,1,2018/3/12,2018,0,Male,Black,1984,20,4,1,3,0,1,0,2019/9/10,-2,2016/1/1,2017/1/1,0,0,0,0,1,1,0,0,1,0,0,0,0
742,2017,C_742_1242389.0,1242389,control,0,2018/3/12,2018,0,Male,Black,1984,20,4,1,4,0,1,0.234424692,2019/9/10,-1,2017/1/1,2018/1/1,0,0,0,0,1,1,0,0,1,0,0,0,0
742,2017,P_742,,participant,1,2018/3/12,2018,0,Male,Black,1984,20,4,1,3,0,1,0,2019/9/10,-1,2017/1/1,2018/1/1,0,0,0,0,1,1,0,0,1,0,0,0,0
742,2018,C_742_1242389.0,1242389,control,0,2018/3/12,2018,0,Male,Black,1984,20,4,1,4,0,1,0.234424692,2019/9/10,0,2018/1/1,2019/1/1,1,1,26640.99714,1,1,1,0,0,1,0,0,0,10.19024409
742,2018,P_742,,participant,1,2018/3/12,2018,0,Male,Black,1984,20,4,1,3,0,1,0,2019/9/10,0,2018/1/1,2019/1/1,1,1,1881.998613,1,1,1,0,0,1,0,1,0,7.540620792
742,2019,C_742_1242389.0,1242389,control,0,2018/3/12,2018,0,Male,Black,1984,20,4,1,4,0,1,0.234424692,2019/9/10,1,2019/1/1,2020/1/1,1,1,8369.938025,1,1,1,0,0,1,0,0,0,9.032521227
742,2019,P_742,,participant,1,2018/3/12,2018,0,Male,Black,1984,20,4,1,3,0,1,0,2019/9/10,1,2019/1/1,2020/1/1,1,1,0,0,1,1,0,0,1,0,1,0,0
752,2016,C_752_1087641.0,1087641,control,0,2018/3/26,2018,0,Male,Black,1993,20,4,1,4,0,1,0.30996521,2019/9/24,-2,2016/1/1,2017/1/1,0,0,0,0,1,1,0,0,1,0,0,0,0
752,2016,P_752,,participant,1,2018/3/26,2018,0,Male,Black,1993,20,4,1,3,0,1,0,2019/9/24,-2,2016/1/1,2017/1/1,0,0,0,0,1,1,0,0,1,0,0,0,0
752,2017,C_752_1087641.0,1087641,control,0,2018/3/26,2018,0,Male,Black,1993,20,4,1,4,0,1,0.30996521,2019/9/24,-1,2017/1/1,2018/1/1,0,0,0,0,1,1,0,0,1,0,0,0,0
752,2017,P_752,,participant,1,2018/3/26,2018,0,Male,Black,1993,20,4,1,3,0,1,0,2019/9/24,-1,2017/1/1,2018/1/1,0,0,0,0,1,1,0,0,1,0,0,0,0
752,2018,C_752_1087641.0,1087641,control,0,2018/3/26,2018,0,Male,Black,1993,20,4,1,4,0,1,0.30996521,2019/9/24,0,2018/1/1,2019/1/1,1,1,9839.445557,1,1,1,0,0,1,0,0,0,9.194256269
752,2018,P_752,,participant,1,2018/3/26,2018,0,Male,Black,1993,20,4,1,3,0,1,0,2019/9/24,0,2018/1/1,2019/1/1,1,1,13770.13647,1,1,1,0,0,1,0,1,0,9.530330121
752,2019,C_752_1087641.0,1087641,control,0,2018/3/26,2018,0,Male,Black,1993,20,4,1,4,0,1,0.30996521,2019/9/24,1,2019/1/1,2020/1/1,1,1,100.7083579,1,1,1,0,0,1,0,0,0,4.622109482
752,2019,P_752,,participant,1,2018/3/26,2018,0,Male,Black,1993,20,4,1,3,0,1,0,2019/9/24,1,2019/1/1,2020/1/1,1,1,13257.19545,1,1,1,0,0,1,0,1,0,9.492371165
756,2016,C_756_1053237.0,1053237,control,0,2018/4/2,2018,0,Male,Black,1993,19,3,0,3,0,0,0.984563919,2019/10/1,-2,2016/1/1,2017/1/1,0,0,0,0,1,1,0,0,1,0,0,0,0
756,2016,P_756,,participant,1,2018/4/2,2018,0,Male,Black,1993,19,5,0,1,0,0,0,2019/10/1,-2,2016/1/1,2017/1/1,0,0,0,0,1,1,0,0,1,0,0,0,0
756,2017,C_756_1053237.0,1053237,control,0,2018/4/2,2018,0,Male,Black,1993,19,3,0,3,0,0,0.984563919,2019/10/1,-1,2017/1/1,2018/1/1,0,0,0,0,1,1,0,0,1,0,0,0,0
756,2017,P_756,,participant,1,2018/4/2,2018,0,Male,Black,1993,19,5,0,1,0,0,0,2019/10/1,-1,2017/1/1,2018/1/1,0,0,0,0,1,1,0,0,1,0,0,0,0
756,2018,C_756_1053237.0,1053237,control,0,2018/4/2,2018,0,Male,Black,1993,19,3,0,3,0,0,0.984563919,2019/10/1,0,2018/1/1,2019/1/1,1,1,0,0,1,1,0,0,1,0,0,0,0
756,2018,P_756,,participant,1,2018/4/2,2018,0,Male,Black,1993,19,5,0,1,0,0,0,2019/10/1,0,2018/1/1,2019/1/1,1,1,2096.783208,1,1,1,0,0,1,0,1,0,7.648636451
756,2019,C_756_1053237.0,1053237,control,0,2018/4/2,2018,0,Male,Black,1993,19,3,0,3,0,0,0.984563919,2019/10/1,1,2019/1/1,2020/1/1,1,1,0,0,1,1,0,0,1,0,0,0,0
756,2019,P_756,,participant,1,2018/4/2,2018,0,Male,Black,1993,19,5,0,1,0,0,0,2019/10/1,1,2019/1/1,2020/1/1,1,1,212.0317964,1,1,1,0,0,1,0,1,0,5.361441433
758,2016,C_758_1662444.0,1662444,control,0,2018/4/16,2018,0,Male,Black,1979,23,3,0,3,14725.921,1,0.378976699,2019/10/15,-2,2016/1/1,2017/1/1,0,0,0,0,1,1,0,0,1,0,0,0,0
758,2016,P_758,,participant,1,2018/4/16,2018,0,Male,Black,1979,23,3,0,4,13762.2697,1,0,2019/10/15,-2,2016/1/1,2017/1/1,0,0,0,0,1,1,0,0,1,0,0,0,0
758,2017,C_758_1662444.0,1662444,control,0,2018/4/16,2018,0,Male,Black,1979,23,3,0,3,14725.921,1,0.378976699,2019/10/15,-1,2017/1/1,2018/1/1,0,0,0,0,1,1,0,0,1,0,0,0,0
758,2017,P_758,,participant,1,2018/4/16,2018,0,Male,Black,1979,23,3,0,4,13762.2697,1,0,2019/10/15,-1,2017/1/1,2018/1/1,0,0,0,0,1,1,0,0,1,0,0,0,0
758,2018,C_758_1662444.0,1662444,control,0,2018/4/16,2018,0,Male,Black,1979,23,3,0,3,14725.921,1,0.378976699,2019/10/15,0,2018/1/1,2019/1/1,1,1,24283.83726,1,1,1,0,0,1,0,0,0,10.09760745
758,2018,P_758,,participant,1,2018/4/16,2018,0,Male,Black,1979,23,3,0,4,13762.2697,1,0,2019/10/15,0,2018/1/1,2019/1/1,1,1,7366.312928,1,1,1,0,0,1,0,1,0,8.904808323
758,2019,C_758_1662444.0,1662444,control,0,2018/4/16,2018,0,Male,Black,1979,23,3,0,3,14725.921,1,0.378976699,2019/10/15,1,2019/1/1,2020/1/1,1,1,42074.1962,1,1,1,0,0,1,0,0,0,10.64721368
758,2019,P_758,,participant,1,2018/4/16,2018,0,Male,Black,1979,23,3,0,4,13762.2697,1,0,2019/10/15,1,2019/1/1,2020/1/1,1,1,24200.73521,1,1,1,0,0,1,0,1,0,10.09417961
759,2016,C_759_1473174.0,1473174,control,0,2018/4/23,2018,0,Male,Black,1996,20,2,1,2,3721.68777,1,2.273958021,2019/10/22,-2,2016/1/1,2017/1/1,0,0,0,0,0,0,0,0,1,0,0,0,0
759,2016,P_759,,participant,1,2018/4/23,2018,0,Male,Black,1996,20,6,1,1,4890.031895,1,0,2019/10/22,-2,2016/1/1,2017/1/1,0,0,0,0,0,1,0,0,1,0,0,0,0
759,2017,C_759_1473174.0,1473174,control,0,2018/4/23,2018,0,Male,Black,1996,20,2,1,2,3721.68777,1,2.273958021,2019/10/22,-1,2017/1/1,2018/1/1,0,0,0,0,0,1,0,0,1,0,0,0,0
759,2017,P_759,,participant,1,2018/4/23,2018,0,Male,Black,1996,20,6,1,1,4890.031895,1,0,2019/10/22,-1,2017/1/1,2018/1/1,0,0,0,0,1,1,0,0,1,0,0,0,0
759,2018,C_759_1473174.0,1473174,control,0,2018/4/23,2018,0,Male,Black,1996,20,2,1,2,3721.68777,1,2.273958021,2019/10/22,0,2018/1/1,2019/1/1,1,1,0,0,1,1,0,0,1,0,0,0,0
759,2018,P_759,,participant,1,2018/4/23,2018,0,Male,Black,1996,20,6,1,1,4890.031895,1,0,2019/10/22,0,2018/1/1,2019/1/1,1,1,17105.15883,1,1,1,0,0,1,0,1,0,9.747193843
759,2019,C_759_1473174.0,1473174,control,0,2018/4/23,2018,0,Male,Black,1996,20,2,1,2,3721.68777,1,2.273958021,2019/10/22,1,2019/1/1,2020/1/1,1,1,0,0,1,1,0,0,1,0,0,0,0
759,2019,P_759,,participant,1,2018/4/23,2018,0,Male,Black,1996,20,6,1,1,4890.031895,1,0,2019/10/22,1,2019/1/1,2020/1/1,1,1,8353.871123,1,1,1,0,0,1,0,1,0,9.030600016
763,2016,C_763_1713917.0,1713917,control,0,2018/5/21,2018,0,Male,White,1991,18,9,0,10,0,1,0.531183977,2019/11/19,-2,2016/1/1,2017/1/1,0,0,0,0,1,1,0,0,1,0,0,0,0
763,2016,P_763,,participant,1,2018/5/21,2018,0,Male,White,1991,18,10,0,12,260.5181439,1,0,2019/11/19,-2,2016/1/1,2017/1/1,0,0,0,0,1,1,0,0,1,0,0,0,0
763,2017,C_763_1713917.0,1713917,control,0,2018/5/21,2018,0,Male,White,1991,18,9,0,10,0,1,0.531183977,2019/11/19,-1,2017/1/1,2018/1/1,0,0,0,0,1,1,0,0,1,0,0,0,0
763,2017,P_763,,participant,1,2018/5/21,2018,0,Male,White,1991,18,10,0,12,260.5181439,1,0,2019/11/19,-1,2017/1/1,2018/1/1,0,0,0,0,1,1,0,0,1,0,0,0,0
763,2018,C_763_1713917.0,1713917,control,0,2018/5/21,2018,0,Male,White,1991,18,9,0,10,0,1,0.531183977,2019/11/19,0,2018/1/1,2019/1/1,1,1,3120.527839,1,1,1,1,1,1,1,0,0,8.046077853
763,2018,P_763,,participant,1,2018/5/21,2018,0,Male,White,1991,18,10,0,12,260.5181439,1,0,2019/11/19,0,2018/1/1,2019/1/1,1,1,0,0,1,1,1,1,1,1,1,0,0
763,2019,C_763_1713917.0,1713917,control,0,2018/5/21,2018,0,Male,White,1991,18,9,0,10,0,1,0.531183977,2019/11/19,1,2019/1/1,2020/1/1,1,1,643.2196979,1,1,1,0,0,1,0,0,0,6.468039814
763,2019,P_763,,participant,1,2018/5/21,2018,0,Male,White,1991,18,10,0,12,260.5181439,1,0,2019/11/19,1,2019/1/1,2020/1/1,1,1,0,0,1,1,1,1,1,1,1,0,0
765,2016,C_765_1170849.0,1170849,control,0,2018/5/14,2018,0,Male,Black,1979,21,1,0,1,4609.576138,1,0.722681986,2019/11/12,-2,2016/1/1,2017/1/1,0,0,0,0,1,1,0,0,1,0,0,0,0
765,2016,P_765,,participant,1,2018/5/14,2018,0,Male,Black,1979,21,1,0,4,4080.564805,1,0,2019/11/12,-2,2016/1/1,2017/1/1,0,0,0,0,1,1,0,0,1,0,0,0,0
765,2017,C_765_1170849.0,1170849,control,0,2018/5/14,2018,0,Male,Black,1979,21,1,0,1,4609.576138,1,0.722681986,2019/11/12,-1,2017/1/1,2018/1/1,0,0,0,0,1,1,0,0,1,0,0,0,0
765,2017,P_765,,participant,1,2018/5/14,2018,0,Male,Black,1979,21,1,0,4,4080.564805,1,0,2019/11/12,-1,2017/1/1,2018/1/1,0,0,0,0,1,1,0,0,1,0,0,0,0
765,2018,C_765_1170849.0,1170849,control,0,2018/5/14,2018,0,Male,Black,1979,21,1,0,1,4609.576138,1,0.722681986,2019/11/12,0,2018/1/1,2019/1/1,1,1,17459.09361,1,1,1,0,0,1,0,0,0,9.767673191
765,2018,P_765,,participant,1,2018/5/14,2018,0,Male,Black,1979,21,1,0,4,4080.564805,1,0,2019/11/12,0,2018/1/1,2019/1/1,1,1,14140.58219,1,1,1,0,0,1,0,1,0,9.556874828
765,2019,C_765_1170849.0,1170849,control,0,2018/5/14,2018,0,Male,Black,1979,21,1,0,1,4609.576138,1,0.722681986,2019/11/12,1,2019/1/1,2020/1/1,1,1,13473.69868,1,1,1,0,0,1,0,0,0,9.508569034
765,2019,P_765,,participant,1,2018/5/14,2018,0,Male,Black,1979,21,1,0,4,4080.564805,1,0,2019/11/12,1,2019/1/1,2020/1/1,1,1,0,0,1,1,1,1,1,1,1,0,0
767,2016,C_767_1057484.0,1057484,control,0,2018/5/7,2018,0,Male,Black,1994,20,2,1,2,0,1,0.442456231,2019/11/5,-2,2016/1/1,2017/1/1,0,0,0,0,1,1,0,0,1,0,0,0,0
767,2016,P_767,,participant,1,2018/5/7,2018,0,Male,Black,1994,20,1,1,1,0,1,0,2019/11/5,-2,2016/1/1,2017/1/1,0,0,0,0,1,1,0,0,1,0,0,0,0
767,2017,C_767_1057484.0,1057484,control,0,2018/5/7,2018,0,Male,Black,1994,20,2,1,2,0,1,0.442456231,2019/11/5,-1,2017/1/1,2018/1/1,0,0,0,0,1,1,0,0,1,0,0,0,0
767,2017,P_767,,participant,1,2018/5/7,2018,0,Male,Black,1994,20,1,1,1,0,1,0,2019/11/5,-1,2017/1/1,2018/1/1,0,0,0,0,1,1,0,0,1,0,0,0,0
767,2018,C_767_1057484.0,1057484,control,0,2018/5/7,2018,0,Male,Black,1994,20,2,1,2,0,1,0.442456231,2019/11/5,0,2018/1/1,2019/1/1,1,1,21699.75957,1,1,1,0,0,1,0,0,0,9.985102542
767,2018,P_767,,participant,1,2018/5/7,2018,0,Male,Black,1994,20,1,1,1,0,1,0,2019/11/5,0,2018/1/1,2019/1/1,1,1,0,0,1,1,0,0,1,0,1,0,0
767,2019,C_767_1057484.0,1057484,control,0,2018/5/7,2018,0,Male,Black,1994,20,2,1,2,0,1,0.442456231,2019/11/5,1,2019/1/1,2020/1/1,1,1,3910.705934,1,1,1,0,0,1,0,0,0,8.271728858
767,2019,P_767,,participant,1,2018/5/7,2018,0,Male,Black,1994,20,1,1,1,0,1,0,2019/11/5,1,2019/1/1,2020/1/1,1,1,0,0,1,1,0,0,1,0,1,0,0
771,2016,C_771_1153505.0,1153505,control,0,2018/5/14,2018,0,Male,Black,1992,18,2,0,2,5667.598804,1,0.369894848,2019/11/12,-2,2016/1/1,2017/1/1,0,0,0,0,1,1,0,0,1,0,0,0,0
771,2016,P_771,,participant,1,2018/5/14,2018,0,Male,Black,1992,18,1,0,2,6178.001698,1,0,2019/11/12,-2,2016/1/1,2017/1/1,0,0,0,0,1,1,0,0,1,0,0,0,0
771,2017,C_771_1153505.0,1153505,control,0,2018/5/14,2018,0,Male,Black,1992,18,2,0,2,5667.598804,1,0.369894848,2019/11/12,-1,2017/1/1,2018/1/1,0,0,0,0,1,1,0,0,1,0,0,0,0
771,2017,P_771,,participant,1,2018/5/14,2018,0,Male,Black,1992,18,1,0,2,6178.001698,1,0,2019/11/12,-1,2017/1/1,2018/1/1,0,0,0,0,1,1,0,0,1,0,0,0,0
771,2018,C_771_1153505.0,1153505,control,0,2018/5/14,2018,0,Male,Black,1992,18,2,0,2,5667.598804,1,0.369894848,2019/11/12,0,2018/1/1,2019/1/1,1,1,15944.21864,1,1,1,0,0,1,0,0,0,9.676914292
771,2018,P_771,,participant,1,2018/5/14,2018,0,Male,Black,1992,18,1,0,2,6178.001698,1,0,2019/11/12,0,2018/1/1,2019/1/1,1,1,5837.317789,1,1,1,0,0,1,0,1,0,8.672197984
771,2019,C_771_1153505.0,1153505,control,0,2018/5/14,2018,0,Male,Black,1992,18,2,0,2,5667.598804,1,0.369894848,2019/11/12,1,2019/1/1,2020/1/1,1,1,27419.02503,1,1,1,0,0,1,0,0,0,10.21902887
771,2019,P_771,,participant,1,2018/5/14,2018,0,Male,Black,1992,18,1,0,2,6178.001698,1,0,2019/11/12,1,2019/1/1,2020/1/1,1,1,17381.35744,1,1,1,0,0,1,0,1,0,9.76321103
772,2016,C_772_1243249.0,1243249,control,0,2018/5/21,2018,0,Female,Black,1980,23,1,0,1,0,0,2.211083194,2019/11/19,-2,2016/1/1,2017/1/1,0,0,0,0,1,1,0,0,1,0,0,0,0
772,2016,P_772,,participant,1,2018/5/21,2018,0,Female,Black,1980,23,0,0,2,0,1,0,2019/11/19,-2,2016/1/1,2017/1/1,0,0,0,0,1,1,0,0,1,0,0,0,0
772,2017,C_772_1243249.0,1243249,control,0,2018/5/21,2018,0,Female,Black,1980,23,1,0,1,0,0,2.211083194,2019/11/19,-1,2017/1/1,2018/1/1,0,0,0,0,1,1,0,0,1,0,0,0,0
772,2017,P_772,,participant,1,2018/5/21,2018,0,Female,Black,1980,23,0,0,2,0,1,0,2019/11/19,-1,2017/1/1,2018/1/1,0,0,0,0,1,1,0,0,1,0,0,0,0
772,2018,C_772_1243249.0,1243249,control,0,2018/5/21,2018,0,Female,Black,1980,23,1,0,1,0,0,2.211083194,2019/11/19,0,2018/1/1,2019/1/1,1,1,4498.768626,1,1,1,0,0,1,0,0,0,8.411781258
772,2018,P_772,,participant,1,2018/5/21,2018,0,Female,Black,1980,23,0,0,2,0,1,0,2019/11/19,0,2018/1/1,2019/1/1,1,1,1087.287376,1,1,1,0,0,1,0,1,0,6.992360525
772,2019,C_772_1243249.0,1243249,control,0,2018/5/21,2018,0,Female,Black,1980,23,1,0,1,0,0,2.211083194,2019/11/19,1,2019/1/1,2020/1/1,1,1,8216.769648,1,1,1,0,0,1,0,0,0,9.014054119
772,2019,P_772,,participant,1,2018/5/21,2018,0,Female,Black,1980,23,0,0,2,0,1,0,2019/11/19,1,2019/1/1,2020/1/1,1,1,0,0,1,1,0,0,1,0,1,0,0
780,2016,C_780_1467025.0,1467025,control,0,2018/5/29,2018,0,Male,Black,1981,19,6,0,6,0,1,0.233460255,2019/11/27,-2,2016/1/1,2017/1/1,0,0,0,0,1,1,0,0,1,0,0,0,0
780,2016,P_780,,participant,1,2018/5/29,2018,0,Male,Black,1981,19,6,0,5,0,1,0,2019/11/27,-2,2016/1/1,2017/1/1,0,0,0,0,1,1,0,0,1,0,0,0,0
780,2017,C_780_1467025.0,1467025,control,0,2018/5/29,2018,0,Male,Black,1981,19,6,0,6,0,1,0.233460255,2019/11/27,-1,2017/1/1,2018/1/1,0,0,0,0,1,1,0,0,1,0,0,0,0
780,2017,P_780,,participant,1,2018/5/29,2018,0,Male,Black,1981,19,6,0,5,0,1,0,2019/11/27,-1,2017/1/1,2018/1/1,0,0,0,0,1,1,0,0,1,0,0,0,0
780,2018,C_780_1467025.0,1467025,control,0,2018/5/29,2018,0,Male,Black,1981,19,6,0,6,0,1,0.233460255,2019/11/27,0,2018/1/1,2019/1/1,1,1,10306.57834,1,1,1,0,0,1,0,0,0,9.240634665
780,2018,P_780,,participant,1,2018/5/29,2018,0,Male,Black,1981,19,6,0,5,0,1,0,2019/11/27,0,2018/1/1,2019/1/1,1,1,12243.95738,1,1,1,0,0,1,0,1,0,9.412869488
780,2019,C_780_1467025.0,1467025,control,0,2018/5/29,2018,0,Male,Black,1981,19,6,0,6,0,1,0.233460255,2019/11/27,1,2019/1/1,2020/1/1,1,1,0,0,1,1,0,0,1,0,0,0,0
780,2019,P_780,,participant,1,2018/5/29,2018,0,Male,Black,1981,19,6,0,5,0,1,0,2019/11/27,1,2019/1/1,2020/1/1,1,1,10653.11764,1,1,1,0,0,1,0,1,0,9.273701729
783,2016,C_783_1364718.0,1364718,control,0,2018/6/11,2018,0,Male,Black,1987,22,2,0,2,0,0,1.37076519,2019/12/10,-2,2016/1/1,2017/1/1,0,0,0,0,1,1,0,0,1,0,0,0,0
783,2016,P_783,,participant,1,2018/6/11,2018,0,Male,Black,1987,22,0,0,5,0,0,0,2019/12/10,-2,2016/1/1,2017/1/1,0,0,0,0,1,1,0,0,1,0,0,0,0
783,2017,C_783_1364718.0,1364718,control,0,2018/6/11,2018,0,Male,Black,1987,22,2,0,2,0,0,1.37076519,2019/12/10,-1,2017/1/1,2018/1/1,0,0,0,0,1,1,0,0,1,0,0,0,0
783,2017,P_783,,participant,1,2018/6/11,2018,0,Male,Black,1987,22,0,0,5,0,0,0,2019/12/10,-1,2017/1/1,2018/1/1,0,0,0,0,1,1,0,0,1,0,0,0,0
783,2018,C_783_1364718.0,1364718,control,0,2018/6/11,2018,0,Male,Black,1987,22,2,0,2,0,0,1.37076519,2019/12/10,0,2018/1/1,2019/1/1,1,1,0,0,1,1,0,0,1,0,0,0,0
783,2018,P_783,,participant,1,2018/6/11,2018,0,Male,Black,1987,22,0,0,5,0,0,0,2019/12/10,0,2018/1/1,2019/1/1,1,1,0,0,1,1,0,0,1,0,1,0,0
783,2019,C_783_1364718.0,1364718,control,0,2018/6/11,2018,0,Male,Black,1987,22,2,0,2,0,0,1.37076519,2019/12/10,1,2019/1/1,2020/1/1,1,1,0,0,1,1,0,0,1,0,0,0,0
783,2019,P_783,,participant,1,2018/6/11,2018,0,Male,Black,1987,22,0,0,5,0,0,0,2019/12/10,1,2019/1/1,2020/1/1,1,1,1663.439926,1,1,1,0,0,1,0,1,0,7.417243965
784,2016,C_784_1709424.0,1709424,control,0,2018/6/4,2018,0,Male,Black,1998,19,5,1,5,0,1,2.717385311,2019/12/3,-2,2016/1/1,2017/1/1,0,0,0,0,0,0,0,0,1,0,0,0,0
784,2016,P_784,,participant,1,2018/6/4,2018,0,Male,Black,1998,19,5,1,1,1069.985234,1,0,2019/12/3,-2,2016/1/1,2017/1/1,0,0,0,0,0,0,0,0,1,0,0,0,0
784,2017,C_784_1709424.0,1709424,control,0,2018/6/4,2018,0,Male,Black,1998,19,5,1,5,0,1,2.717385311,2019/12/3,-1,2017/1/1,2018/1/1,0,0,0,0,0,1,0,0,1,0,0,0,0
784,2017,P_784,,participant,1,2018/6/4,2018,0,Male,Black,1998,19,5,1,1,1069.985234,1,0,2019/12/3,-1,2017/1/1,2018/1/1,0,0,0,0,0,1,0,0,1,0,0,0,0
784,2018,C_784_1709424.0,1709424,control,0,2018/6/4,2018,0,Male,Black,1998,19,5,1,5,0,1,2.717385311,2019/12/3,0,2018/1/1,2019/1/1,1,1,0,0,1,1,0,0,1,0,0,0,0
784,2018,P_784,,participant,1,2018/6/4,2018,0,Male,Black,1998,19,5,1,1,1069.985234,1,0,2019/12/3,0,2018/1/1,2019/1/1,1,1,2460.729966,1,1,1,0,0,1,0,1,0,7.80861962
784,2019,C_784_1709424.0,1709424,control,0,2018/6/4,2018,0,Male,Black,1998,19,5,1,5,0,1,2.717385311,2019/12/3,1,2019/1/1,2020/1/1,1,1,0,0,1,1,0,0,1,0,0,0,0
784,2019,P_784,,participant,1,2018/6/4,2018,0,Male,Black,1998,19,5,1,1,1069.985234,1,0,2019/12/3,1,2019/1/1,2020/1/1,1,1,4391.182224,1,1,1,2,1,1,1,1,0,8.387581472
785,2016,C_785_1461793.0,1461793,control,0,2018/6/4,2018,0,Male,Black,1990,24,6,1,6,0,1,2.041694489,2019/12/3,-2,2016/1/1,2017/1/1,0,0,0,0,1,1,0,0,1,0,0,0,0
785,2016,P_785,,participant,1,2018/6/4,2018,0,Male,Black,1990,24,9,1,4,0,1,0,2019/12/3,-2,2016/1/1,2017/1/1,0,0,0,0,1,1,0,0,1,0,0,0,0
785,2017,C_785_1461793.0,1461793,control,0,2018/6/4,2018,0,Male,Black,1990,24,6,1,6,0,1,2.041694489,2019/12/3,-1,2017/1/1,2018/1/1,0,0,0,0,1,1,0,0,1,0,0,0,0
785,2017,P_785,,participant,1,2018/6/4,2018,0,Male,Black,1990,24,9,1,4,0,1,0,2019/12/3,-1,2017/1/1,2018/1/1,0,0,0,0,1,1,0,0,1,0,0,0,0
785,2018,C_785_1461793.0,1461793,control,0,2018/6/4,2018,0,Male,Black,1990,24,6,1,6,0,1,2.041694489,2019/12/3,0,2018/1/1,2019/1/1,1,1,0,0,1,1,0,0,1,0,0,0,0
785,2018,P_785,,participant,1,2018/6/4,2018,0,Male,Black,1990,24,9,1,4,0,1,0,2019/12/3,0,2018/1/1,2019/1/1,1,1,590.7533326,1,1,1,0,0,1,0,1,0,6.38308988
785,2019,C_785_1461793.0,1461793,control,0,2018/6/4,2018,0,Male,Black,1990,24,6,1,6,0,1,2.041694489,2019/12/3,1,2019/1/1,2020/1/1,1,1,10631.88007,1,1,1,0,0,1,0,0,0,9.271706373
785,2019,P_785,,participant,1,2018/6/4,2018,0,Male,Black,1990,24,9,1,4,0,1,0,2019/12/3,1,2019/1/1,2020/1/1,1,1,1387.717482,1,1,1,0,0,1,0,1,0,7.236135925
792,2016,C_792_1696626.0,1696626,control,0,2018/6/25,2018,0,Male,Black,1990,22,1,0,1,8672.861678,1,0.454393357,2019/12/24,-2,2016/1/1,2017/1/1,0,0,0,0,1,1,0,0,1,0,0,0,0
792,2016,P_792,,participant,1,2018/6/25,2018,0,Male,Black,1990,22,0,0,1,8870.908635,1,0,2019/12/24,-2,2016/1/1,2017/1/1,0,0,0,0,0,1,0,0,1,0,0,0,0
792,2017,C_792_1696626.0,1696626,control,0,2018/6/25,2018,0,Male,Black,1990,22,1,0,1,8672.861678,1,0.454393357,2019/12/24,-1,2017/1/1,2018/1/1,0,0,0,0,1,1,0,0,1,0,0,0,0
792,2017,P_792,,participant,1,2018/6/25,2018,0,Male,Black,1990,22,0,0,1,8870.908635,1,0,2019/12/24,-1,2017/1/1,2018/1/1,0,0,0,0,1,1,0,0,1,0,0,0,0
792,2018,C_792_1696626.0,1696626,control,0,2018/6/25,2018,0,Male,Black,1990,22,1,0,1,8672.861678,1,0.454393357,2019/12/24,0,2018/1/1,2019/1/1,1,1,27306.04291,1,1,1,0,0,1,0,0,0,10.21489993
792,2018,P_792,,participant,1,2018/6/25,2018,0,Male,Black,1990,22,0,0,1,8870.908635,1,0,2019/12/24,0,2018/1/1,2019/1/1,1,1,0,0,1,1,0,0,1,0,1,0,0
792,2019,C_792_1696626.0,1696626,control,0,2018/6/25,2018,0,Male,Black,1990,22,1,0,1,8672.861678,1,0.454393357,2019/12/24,1,2019/1/1,2020/1/1,1,1,6495.937419,1,1,1,0,0,1,0,0,0,8.779086179
792,2019,P_792,,participant,1,2018/6/25,2018,0,Male,Black,1990,22,0,0,1,8870.908635,1,0,2019/12/24,1,2019/1/1,2020/1/1,1,1,2173.325913,1,1,1,0,0,1,0,1,0,7.68447397
796,2016,C_796_1053237.0,1053237,control,0,2018/7/9,2018,0,Male,Black,1993,19,3,0,3,0,0,0.34152708,2020/1/7,-2,2016/1/1,2017/1/1,0,0,0,0,1,1,0,0,1,0,0,0,0
796,2016,P_796,,participant,1,2018/7/9,2018,0,Male,Black,1993,19,3,0,2,0,0,0,2020/1/7,-2,2016/1/1,2017/1/1,0,0,0,0,1,1,0,0,1,0,0,0,0
796,2017,C_796_1053237.0,1053237,control,0,2018/7/9,2018,0,Male,Black,1993,19,3,0,3,0,0,0.34152708,2020/1/7,-1,2017/1/1,2018/1/1,0,0,0,0,1,1,0,0,1,0,0,0,0
796,2017,P_796,,participant,1,2018/7/9,2018,0,Male,Black,1993,19,3,0,2,0,0,0,2020/1/7,-1,2017/1/1,2018/1/1,0,0,0,0,1,1,0,0,1,0,0,0,0
796,2018,C_796_1053237.0,1053237,control,0,2018/7/9,2018,0,Male,Black,1993,19,3,0,3,0,0,0.34152708,2020/1/7,0,2018/1/1,2019/1/1,1,1,0,0,1,1,0,0,1,0,0,0,0
796,2018,P_796,,participant,1,2018/7/9,2018,0,Male,Black,1993,19,3,0,2,0,0,0,2020/1/7,0,2018/1/1,2019/1/1,1,1,0,0,1,1,0,0,1,0,1,0,0
796,2019,C_796_1053237.0,1053237,control,0,2018/7/9,2018,0,Male,Black,1993,19,3,0,3,0,0,0.34152708,2020/1/7,1,2019/1/1,2020/1/1,1,1,0,0,1,1,0,0,1,0,0,0,0
796,2019,P_796,,participant,1,2018/7/9,2018,0,Male,Black,1993,19,3,0,2,0,0,0,2020/1/7,1,2019/1/1,2020/1/1,1,1,0,0,1,1,0,0,1,0,1,0,0
806,2016,C_806_1880088.0,1880088,control,0,2018/7/23,2018,0,Male,Black,1990,17,4,1,4,3061.246402,1,1.636773866,2020/1/21,-2,2016/1/1,2017/1/1,0,0,0,0,1,1,0,0,1,0,0,0,0
806,2016,P_806,,participant,1,2018/7/23,2018,0,Male,Black,1990,17,12,1,5,2292.60714,1,0,2020/1/21,-2,2016/1/1,2017/1/1,0,0,0,0,1,1,0,0,1,0,0,0,0
806,2017,C_806_1880088.0,1880088,control,0,2018/7/23,2018,0,Male,Black,1990,17,4,1,4,3061.246402,1,1.636773866,2020/1/21,-1,2017/1/1,2018/1/1,0,0,0,0,1,1,0,0,1,0,0,0,0
806,2017,P_806,,participant,1,2018/7/23,2018,0,Male,Black,1990,17,12,1,5,2292.60714,1,0,2020/1/21,-1,2017/1/1,2018/1/1,0,0,0,0,1,1,0,0,1,0,0,0,0
806,2018,C_806_1880088.0,1880088,control,0,2018/7/23,2018,0,Male,Black,1990,17,4,1,4,3061.246402,1,1.636773866,2020/1/21,0,2018/1/1,2019/1/1,1,1,8437.870993,1,1,1,0,0,1,0,0,0,9.04060381
806,2018,P_806,,participant,1,2018/7/23,2018,0,Male,Black,1990,17,12,1,5,2292.60714,1,0,2020/1/21,0,2018/1/1,2019/1/1,1,1,7756.532849,1,1,1,0,0,1,0,1,0,8.956419631
806,2019,C_806_1880088.0,1880088,control,0,2018/7/23,2018,0,Male,Black,1990,17,4,1,4,3061.246402,1,1.636773866,2020/1/21,1,2019/1/1,2020/1/1,1,1,21115.75484,1,1,1,0,0,1,0,0,0,9.957822073
806,2019,P_806,,participant,1,2018/7/23,2018,0,Male,Black,1990,17,12,1,5,2292.60714,1,0,2020/1/21,1,2019/1/1,2020/1/1,1,1,29112.11989,1,1,1,0,0,1,0,1,0,10.27894421
811,2016,C_811_1879903.0,1879903,control,0,2018/7/30,2018,0,Male,Black,1995,21,2,1,2,3491.866271,1,0.692770973,2020/1/28,-2,2016/1/1,2017/1/1,0,0,0,0,0,1,0,0,1,0,0,0,0
811,2016,P_811,,participant,1,2018/7/30,2018,0,Male,Black,1995,21,2,1,3,1578.334649,1,0,2020/1/28,-2,2016/1/1,2017/1/1,0,0,0,0,1,1,0,0,1,0,0,0,0
811,2017,C_811_1879903.0,1879903,control,0,2018/7/30,2018,0,Male,Black,1995,21,2,1,2,3491.866271,1,0.692770973,2020/1/28,-1,2017/1/1,2018/1/1,0,0,0,0,1,1,0,0,1,0,0,0,0
811,2017,P_811,,participant,1,2018/7/30,2018,0,Male,Black,1995,21,2,1,3,1578.334649,1,0,2020/1/28,-1,2017/1/1,2018/1/1,0,0,0,0,1,1,0,0,1,0,0,0,0
811,2018,C_811_1879903.0,1879903,control,0,2018/7/30,2018,0,Male,Black,1995,21,2,1,2,3491.866271,1,0.692770973,2020/1/28,0,2018/1/1,2019/1/1,1,1,625.6264717,1,1,1,0,0,1,0,0,0,6.440350624
811,2018,P_811,,participant,1,2018/7/30,2018,0,Male,Black,1995,21,2,1,3,1578.334649,1,0,2020/1/28,0,2018/1/1,2019/1/1,1,1,0,0,1,1,1,1,1,1,1,0,0
811,2019,C_811_1879903.0,1879903,control,0,2018/7/30,2018,0,Male,Black,1995,21,2,1,2,3491.866271,1,0.692770973,2020/1/28,1,2019/1/1,2020/1/1,1,1,1931.400392,1,1,1,0,0,1,0,0,0,7.566518235
811,2019,P_811,,participant,1,2018/7/30,2018,0,Male,Black,1995,21,2,1,3,1578.334649,1,0,2020/1/28,1,2019/1/1,2020/1/1,1,1,0,0,1,1,0,0,1,0,1,0,0
812,2016,C_812_1385731.0,1385731,control,0,2018/7/30,2018,0,Male,Black,1996,20,1,1,1,0,1,0,2020/1/28,-2,2016/1/1,2017/1/1,0,0,0,0,0,0,0,0,1,0,0,0,0
812,2016,P_812,,participant,1,2018/7/30,2018,0,Male,Black,1996,20,1,1,1,0,1,0,2020/1/28,-2,2016/1/1,2017/1/1,0,0,0,0,0,1,0,0,1,0,0,0,0
812,2017,C_812_1385731.0,1385731,control,0,2018/7/30,2018,0,Male,Black,1996,20,1,1,1,0,1,0,2020/1/28,-1,2017/1/1,2018/1/1,0,0,0,0,0,1,0,0,1,0,0,0,0
812,2017,P_812,,participant,1,2018/7/30,2018,0,Male,Black,1996,20,1,1,1,0,1,0,2020/1/28,-1,2017/1/1,2018/1/1,0,0,0,0,1,1,0,0,1,0,0,0,0
812,2018,C_812_1385731.0,1385731,control,0,2018/7/30,2018,0,Male,Black,1996,20,1,1,1,0,1,0,2020/1/28,0,2018/1/1,2019/1/1,1,1,1617.452295,1,1,1,0,0,1,0,0,0,7.389225598
812,2018,P_812,,participant,1,2018/7/30,2018,0,Male,Black,1996,20,1,1,1,0,1,0,2020/1/28,0,2018/1/1,2019/1/1,1,1,2622.898416,1,1,1,0,0,1,0,1,0,7.872416436
812,2019,C_812_1385731.0,1385731,control,0,2018/7/30,2018,0,Male,Black,1996,20,1,1,1,0,1,0,2020/1/28,1,2019/1/1,2020/1/1,1,1,7130.551927,1,1,1,0,0,1,0,0,0,8.872284151
812,2019,P_812,,participant,1,2018/7/30,2018,0,Male,Black,1996,20,1,1,1,0,1,0,2020/1/28,1,2019/1/1,2020/1/1,1,1,16750.45188,1,1,1,0,0,1,0,1,0,9.726240213
815,2016,C_815_1189839.0,1189839,control,0,2018/8/6,2018,0,Male,Black,1993,22,1,0,1,3508.538539,1,0.015811415,2020/2/4,-2,2016/1/1,2017/1/1,0,0,0,0,0,1,0,0,1,0,0,0,0
815,2016,P_815,,participant,1,2018/8/6,2018,0,Male,Black,1993,22,1,0,1,3422.618115,1,0,2020/2/4,-2,2016/1/1,2017/1/1,0,0,0,0,1,1,0,0,1,0,0,0,0
815,2017,C_815_1189839.0,1189839,control,0,2018/8/6,2018,0,Male,Black,1993,22,1,0,1,3508.538539,1,0.015811415,2020/2/4,-1,2017/1/1,2018/1/1,0,0,0,0,1,1,0,0,1,0,0,0,0
815,2017,P_815,,participant,1,2018/8/6,2018,0,Male,Black,1993,22,1,0,1,3422.618115,1,0,2020/2/4,-1,2017/1/1,2018/1/1,0,0,0,0,1,1,0,0,1,0,0,0,0
815,2018,C_815_1189839.0,1189839,control,0,2018/8/6,2018,0,Male,Black,1993,22,1,0,1,3508.538539,1,0.015811415,2020/2/4,0,2018/1/1,2019/1/1,1,1,90.28981065,1,1,1,0,0,1,0,0,0,4.514039178
815,2018,P_815,,participant,1,2018/8/6,2018,0,Male,Black,1993,22,1,0,1,3422.618115,1,0,2020/2/4,0,2018/1/1,2019/1/1,1,1,3951.495295,1,1,1,1,1,1,1,1,0,8.282102379
815,2019,C_815_1189839.0,1189839,control,0,2018/8/6,2018,0,Male,Black,1993,22,1,0,1,3508.538539,1,0.015811415,2020/2/4,1,2019/1/1,2020/1/1,1,1,480.7491128,1,1,1,0,0,1,0,0,0,6.177423466
815,2019,P_815,,participant,1,2018/8/6,2018,0,Male,Black,1993,22,1,0,1,3422.618115,1,0,2020/2/4,1,2019/1/1,2020/1/1,1,1,2099.824812,1,1,1,0,0,1,0,1,0,7.650085314
819,2016,C_819_1559925.0,1559925,control,0,2018/8/8,2018,0,Male,Black,1977,28,3,1,3,1285.870825,1,0.578019266,2020/2/6,-2,2016/1/1,2017/1/1,0,0,0,0,1,1,0,0,1,0,0,0,0
819,2016,P_819,,participant,1,2018/8/8,2018,0,Male,Black,1977,28,2,1,2,9.304219425,1,0,2020/2/6,-2,2016/1/1,2017/1/1,0,0,0,0,1,1,0,0,1,0,0,0,0
819,2017,C_819_1559925.0,1559925,control,0,2018/8/8,2018,0,Male,Black,1977,28,3,1,3,1285.870825,1,0.578019266,2020/2/6,-1,2017/1/1,2018/1/1,0,0,0,0,1,1,0,0,1,0,0,0,0
819,2017,P_819,,participant,1,2018/8/8,2018,0,Male,Black,1977,28,2,1,2,9.304219425,1,0,2020/2/6,-1,2017/1/1,2018/1/1,0,0,0,0,1,1,0,0,1,0,0,0,0
819,2018,C_819_1559925.0,1559925,control,0,2018/8/8,2018,0,Male,Black,1977,28,3,1,3,1285.870825,1,0.578019266,2020/2/6,0,2018/1/1,2019/1/1,1,1,397.9446124,1,1,1,0,0,1,0,0,0,5.988822591
819,2018,P_819,,participant,1,2018/8/8,2018,0,Male,Black,1977,28,2,1,2,9.304219425,1,0,2020/2/6,0,2018/1/1,2019/1/1,1,1,0,0,1,1,0,0,1,0,1,0,0
819,2019,C_819_1559925.0,1559925,control,0,2018/8/8,2018,0,Male,Black,1977,28,3,1,3,1285.870825,1,0.578019266,2020/2/6,1,2019/1/1,2020/1/1,1,1,0,0,1,1,0,0,1,0,0,0,0
819,2019,P_819,,participant,1,2018/8/8,2018,0,Male,Black,1977,28,2,1,2,9.304219425,1,0,2020/2/6,1,2019/1/1,2020/1/1,1,1,13184.79375,1,1,1,0,0,1,0,1,0,9.486895298
821,2016,C_821_1870130.0,1870130,control,0,2018/8/13,2018,0,Male,White,1986,20,6,0,7,0,0,0.326142644,2020/2/11,-2,2016/1/1,2017/1/1,0,0,0,0,1,1,0,0,1,0,0,0,0
821,2016,P_821,,participant,1,2018/8/13,2018,0,Male,White,1986,20,5,0,8,0,0,0,2020/2/11,-2,2016/1/1,2017/1/1,0,0,0,0,1,1,0,0,1,0,0,0,0
821,2017,C_821_1870130.0,1870130,control,0,2018/8/13,2018,0,Male,White,1986,20,6,0,7,0,0,0.326142644,2020/2/11,-1,2017/1/1,2018/1/1,0,0,0,0,1,1,0,0,1,0,0,0,0
821,2017,P_821,,participant,1,2018/8/13,2018,0,Male,White,1986,20,5,0,8,0,0,0,2020/2/11,-1,2017/1/1,2018/1/1,0,0,0,0,1,1,0,0,1,0,0,0,0
821,2018,C_821_1870130.0,1870130,control,0,2018/8/13,2018,0,Male,White,1986,20,6,0,7,0,0,0.326142644,2020/2/11,0,2018/1/1,2019/1/1,1,1,0,0,1,1,0,0,1,0,0,0,0
821,2018,P_821,,participant,1,2018/8/13,2018,0,Male,White,1986,20,5,0,8,0,0,0,2020/2/11,0,2018/1/1,2019/1/1,1,1,0,0,1,1,0,0,1,0,1,0,0
821,2019,C_821_1870130.0,1870130,control,0,2018/8/13,2018,0,Male,White,1986,20,6,0,7,0,0,0.326142644,2020/2/11,1,2019/1/1,2020/1/1,1,1,0,0,1,1,0,0,1,0,0,0,0
821,2019,P_821,,participant,1,2018/8/13,2018,0,Male,White,1986,20,5,0,8,0,0,0,2020/2/11,1,2019/1/1,2020/1/1,1,1,29496.37889,1,1,1,0,0,1,0,1,0,10.29205669
824,2016,C_824_1161776.0,1161776,control,0,2018/9/4,2018,0,Male,Black,1992,21,2,1,2,0,0,0.584381534,2020/3/4,-2,2016/1/1,2017/1/1,0,0,0,0,1,1,0,0,1,0,0,0,0
824,2016,P_824,,participant,1,2018/9/4,2018,0,Male,Black,1992,21,1,1,1,0,0,0,2020/3/4,-2,2016/1/1,2017/1/1,0,0,0,0,1,1,0,0,1,0,0,0,0
824,2017,C_824_1161776.0,1161776,control,0,2018/9/4,2018,0,Male,Black,1992,21,2,1,2,0,0,0.584381534,2020/3/4,-1,2017/1/1,2018/1/1,0,0,0,0,1,1,0,0,1,0,0,0,0
824,2017,P_824,,participant,1,2018/9/4,2018,0,Male,Black,1992,21,1,1,1,0,0,0,2020/3/4,-1,2017/1/1,2018/1/1,0,0,0,0,1,1,0,0,1,0,0,0,0
824,2018,C_824_1161776.0,1161776,control,0,2018/9/4,2018,0,Male,Black,1992,21,2,1,2,0,0,0.584381534,2020/3/4,0,2018/1/1,2019/1/1,1,1,0,0,1,1,0,0,1,0,0,0,0
824,2018,P_824,,participant,1,2018/9/4,2018,0,Male,Black,1992,21,1,1,1,0,0,0,2020/3/4,0,2018/1/1,2019/1/1,1,1,0,0,1,1,0,0,1,0,1,0,0
824,2019,C_824_1161776.0,1161776,control,0,2018/9/4,2018,0,Male,Black,1992,21,2,1,2,0,0,0.584381534,2020/3/4,1,2019/1/1,2020/1/1,1,1,3525.306954,1,1,1,0,0,1,0,0,0,8.168006414
824,2019,P_824,,participant,1,2018/9/4,2018,0,Male,Black,1992,21,1,1,1,0,0,0,2020/3/4,1,2019/1/1,2020/1/1,1,1,0,0,1,1,0,0,1,0,1,0,0
825,2016,C_825_1842013.0,1842013,control,0,2018/8/13,2018,0,Male,Black,1987,22,5,1,5,0,0,0.826802928,2020/2/11,-2,2016/1/1,2017/1/1,0,0,0,0,1,1,0,0,1,0,0,0,0
825,2016,P_825,,participant,1,2018/8/13,2018,0,Male,Black,1987,22,6,1,3,0,0,0,2020/2/11,-2,2016/1/1,2017/1/1,0,0,0,0,1,1,0,0,1,0,0,0,0
825,2017,C_825_1842013.0,1842013,control,0,2018/8/13,2018,0,Male,Black,1987,22,5,1,5,0,0,0.826802928,2020/2/11,-1,2017/1/1,2018/1/1,0,0,0,0,1,1,0,0,1,0,0,0,0
825,2017,P_825,,participant,1,2018/8/13,2018,0,Male,Black,1987,22,6,1,3,0,0,0,2020/2/11,-1,2017/1/1,2018/1/1,0,0,0,0,1,1,0,0,1,0,0,0,0
825,2018,C_825_1842013.0,1842013,control,0,2018/8/13,2018,0,Male,Black,1987,22,5,1,5,0,0,0.826802928,2020/2/11,0,2018/1/1,2019/1/1,1,1,0,0,1,1,0,0,1,0,0,0,0
825,2018,P_825,,participant,1,2018/8/13,2018,0,Male,Black,1987,22,6,1,3,0,0,0,2020/2/11,0,2018/1/1,2019/1/1,1,1,0,0,1,1,0,0,1,0,1,0,0
825,2019,C_825_1842013.0,1842013,control,0,2018/8/13,2018,0,Male,Black,1987,22,5,1,5,0,0,0.826802928,2020/2/11,1,2019/1/1,2020/1/1,1,1,2259.780242,1,1,1,0,0,1,0,0,0,7.723465273
825,2019,P_825,,participant,1,2018/8/13,2018,0,Male,Black,1987,22,6,1,3,0,0,0,2020/2/11,1,2019/1/1,2020/1/1,1,1,0,0,1,1,0,0,1,0,1,0,0
833,2016,C_833_1037949.0,1037949,control,0,2018/9/4,2018,0,Male,Black,1990,18,7,1,7,0,1,0.903598735,2020/3/4,-2,2016/1/1,2017/1/1,0,0,0,0,1,1,0,0,1,0,0,0,0
833,2016,P_833,,participant,1,2018/9/4,2018,0,Male,Black,1990,18,9,1,4,0,1,0,2020/3/4,-2,2016/1/1,2017/1/1,0,0,0,0,1,1,0,0,1,0,0,0,0
833,2017,C_833_1037949.0,1037949,control,0,2018/9/4,2018,0,Male,Black,1990,18,7,1,7,0,1,0.903598735,2020/3/4,-1,2017/1/1,2018/1/1,0,0,0,0,1,1,0,0,1,0,0,0,0
833,2017,P_833,,participant,1,2018/9/4,2018,0,Male,Black,1990,18,9,1,4,0,1,0,2020/3/4,-1,2017/1/1,2018/1/1,0,0,0,0,1,1,0,0,1,0,0,0,0
833,2018,C_833_1037949.0,1037949,control,0,2018/9/4,2018,0,Male,Black,1990,18,7,1,7,0,1,0.903598735,2020/3/4,0,2018/1/1,2019/1/1,1,1,0,0,1,1,0,0,1,0,0,0,0
833,2018,P_833,,participant,1,2018/9/4,2018,0,Male,Black,1990,18,9,1,4,0,1,0,2020/3/4,0,2018/1/1,2019/1/1,1,1,0,0,1,1,0,0,1,0,1,0,0
833,2019,C_833_1037949.0,1037949,control,0,2018/9/4,2018,0,Male,Black,1990,18,7,1,7,0,1,0.903598735,2020/3/4,1,2019/1/1,2020/1/1,1,1,3653.1859,1,1,1,0,0,1,0,0,0,8.203628611
833,2019,P_833,,participant,1,2018/9/4,2018,0,Male,Black,1990,18,9,1,4,0,1,0,2020/3/4,1,2019/1/1,2020/1/1,1,1,0,0,1,1,0,0,1,0,1,0,0
838,2016,C_838_377466.0,377466,control,0,2018/9/10,2018,0,Male,Black,1988,26,0,0,3,0,0,2.297084183,2020/3/10,-2,2016/1/1,2017/1/1,0,0,0,0,1,1,0,0,1,0,0,0,0
838,2016,P_838,,participant,1,2018/9/10,2018,0,Male,Black,1988,26,0,0,7,0,0,0,2020/3/10,-2,2016/1/1,2017/1/1,0,0,0,0,1,1,0,0,1,0,0,0,0
838,2017,C_838_377466.0,377466,control,0,2018/9/10,2018,0,Male,Black,1988,26,0,0,3,0,0,2.297084183,2020/3/10,-1,2017/1/1,2018/1/1,0,0,0,0,1,1,0,0,1,0,0,0,0
838,2017,P_838,,participant,1,2018/9/10,2018,0,Male,Black,1988,26,0,0,7,0,0,0,2020/3/10,-1,2017/1/1,2018/1/1,0,0,0,0,1,1,0,0,1,0,0,0,0
838,2018,C_838_377466.0,377466,control,0,2018/9/10,2018,0,Male,Black,1988,26,0,0,3,0,0,2.297084183,2020/3/10,0,2018/1/1,2019/1/1,1,1,1172.498138,1,1,1,0,0,1,0,0,0,7.067744428
838,2018,P_838,,participant,1,2018/9/10,2018,0,Male,Black,1988,26,0,0,7,0,0,0,2020/3/10,0,2018/1/1,2019/1/1,1,1,0,0,1,1,1,1,1,1,1,0,0
838,2019,C_838_377466.0,377466,control,0,2018/9/10,2018,0,Male,Black,1988,26,0,0,3,0,0,2.297084183,2020/3/10,1,2019/1/1,2020/1/1,1,1,0,0,1,1,0,0,1,0,0,0,0
838,2019,P_838,,participant,1,2018/9/10,2018,0,Male,Black,1988,26,0,0,7,0,0,0,2020/3/10,1,2019/1/1,2020/1/1,1,1,0,0,1,1,3,1,1,1,1,0,0
843,2016,C_843_930610.0,930610,control,0,2018/10/1,2018,0,Male,Black,1997,25,0,0,0,0,1,2,2020/3/31,-2,2016/1/1,2017/1/1,0,0,0,0,0,0,0,0,0,0,0,0,0
843,2016,P_843,,participant,1,2018/10/1,2018,0,Male,Black,1997,25,0,0,2,0,1,0,2020/3/31,-2,2016/1/1,2017/1/1,0,0,0,0,0,0,0,0,1,0,0,0,0
843,2017,C_843_930610.0,930610,control,0,2018/10/1,2018,0,Male,Black,1997,25,0,0,0,0,1,2,2020/3/31,-1,2017/1/1,2018/1/1,0,0,0,0,0,0,0,0,0,0,0,0,0
843,2017,P_843,,participant,1,2018/10/1,2018,0,Male,Black,1997,25,0,0,2,0,1,0,2020/3/31,-1,2017/1/1,2018/1/1,0,0,0,0,0,0,0,0,1,0,0,0,0
843,2018,C_843_930610.0,930610,control,0,2018/10/1,2018,0,Male,Black,1997,25,0,0,0,0,1,2,2020/3/31,0,2018/1/1,2019/1/1,1,1,4983.997548,1,0,0,0,0,0,0,0,0,8.514188191
843,2018,P_843,,participant,1,2018/10/1,2018,0,Male,Black,1997,25,0,0,2,0,1,0,2020/3/31,0,2018/1/1,2019/1/1,1,1,0,0,0,1,0,0,1,0,1,0,0
843,2019,C_843_930610.0,930610,control,0,2018/10/1,2018,0,Male,Black,1997,25,0,0,0,0,1,2,2020/3/31,1,2019/1/1,2020/1/1,1,1,5002.279256,1,0,0,0,0,0,0,0,0,8.517848828
843,2019,P_843,,participant,1,2018/10/1,2018,0,Male,Black,1997,25,0,0,2,0,1,0,2020/3/31,1,2019/1/1,2020/1/1,1,1,1096.318833,1,1,1,0,0,1,0,1,0,7.000625059
847,2016,C_847_1319786.0,1319786,control,0,2018/10/1,2018,0,Male,Black,1982,23,2,1,2,0,0,0.641192131,2020/3/31,-2,2016/1/1,2017/1/1,0,0,0,0,1,1,0,0,1,0,0,0,0
847,2016,P_847,,participant,1,2018/10/1,2018,0,Male,Black,1982,23,4,1,1,0,0,0,2020/3/31,-2,2016/1/1,2017/1/1,0,0,0,0,1,1,0,0,1,0,0,0,0
847,2017,C_847_1319786.0,1319786,control,0,2018/10/1,2018,0,Male,Black,1982,23,2,1,2,0,0,0.641192131,2020/3/31,-1,2017/1/1,2018/1/1,0,0,0,0,1,1,0,0,1,0,0,0,0
847,2017,P_847,,participant,1,2018/10/1,2018,0,Male,Black,1982,23,4,1,1,0,0,0,2020/3/31,-1,2017/1/1,2018/1/1,0,0,0,0,1,1,0,0,1,0,0,0,0
847,2018,C_847_1319786.0,1319786,control,0,2018/10/1,2018,0,Male,Black,1982,23,2,1,2,0,0,0.641192131,2020/3/31,0,2018/1/1,2019/1/1,1,1,0,0,1,1,0,0,1,0,0,0,0
847,2018,P_847,,participant,1,2018/10/1,2018,0,Male,Black,1982,23,4,1,1,0,0,0,2020/3/31,0,2018/1/1,2019/1/1,1,1,0,0,1,1,0,0,1,0,1,0,0
847,2019,C_847_1319786.0,1319786,control,0,2018/10/1,2018,0,Male,Black,1982,23,2,1,2,0,0,0.641192131,2020/3/31,1,2019/1/1,2020/1/1,1,1,0,0,1,1,0,0,1,0,0,0,0
847,2019,P_847,,participant,1,2018/10/1,2018,0,Male,Black,1982,23,4,1,1,0,0,0,2020/3/31,1,2019/1/1,2020/1/1,1,1,7396.731734,1,1,1,0,0,1,0,1,0,8.90892871
854,2016,C_854_1542853.0,1542853,control,0,2018/10/22,2018,0,Male,Black,1992,17,3,1,3,5445.993293,1,4.632376512,2020/4/21,-2,2016/1/1,2017/1/1,0,0,0,0,1,1,0,0,1,0,0,0,0
854,2016,P_854,,participant,1,2018/10/22,2018,0,Male,Black,1992,17,7,1,2,10728.84864,0,0,2020/4/21,-2,2016/1/1,2017/1/1,0,0,0,0,1,1,0,0,1,0,0,0,0
854,2017,C_854_1542853.0,1542853,control,0,2018/10/22,2018,0,Male,Black,1992,17,3,1,3,5445.993293,1,4.632376512,2020/4/21,-1,2017/1/1,2018/1/1,0,0,0,0,1,1,0,0,1,0,0,0,0
854,2017,P_854,,participant,1,2018/10/22,2018,0,Male,Black,1992,17,7,1,2,10728.84864,0,0,2020/4/21,-1,2017/1/1,2018/1/1,0,0,0,0,1,1,0,0,1,0,0,0,0
854,2018,C_854_1542853.0,1542853,control,0,2018/10/22,2018,0,Male,Black,1992,17,3,1,3,5445.993293,1,4.632376512,2020/4/21,0,2018/1/1,2019/1/1,1,1,282.4781219,1,1,1,0,0,1,0,0,0,5.647134949
854,2018,P_854,,participant,1,2018/10/22,2018,0,Male,Black,1992,17,7,1,2,10728.84864,0,0,2020/4/21,0,2018/1/1,2019/1/1,1,1,0,0,1,1,0,0,1,0,1,0,0
854,2019,C_854_1542853.0,1542853,control,0,2018/10/22,2018,0,Male,Black,1992,17,3,1,3,5445.993293,1,4.632376512,2020/4/21,1,2019/1/1,2020/1/1,1,1,1102.147283,1,1,1,0,0,1,0,0,0,7.00592254
854,2019,P_854,,participant,1,2018/10/22,2018,0,Male,Black,1992,17,7,1,2,10728.84864,0,0,2020/4/21,1,2019/1/1,2020/1/1,1,1,11205.54273,1,1,1,0,0,1,0,1,0,9.324253059
858,2016,C_858_1159651.0,1159651,control,0,2018/10/22,2018,0,Male,Black,1989,20,5,1,5,0,0,0.87824546,2020/4/21,-2,2016/1/1,2017/1/1,0,0,0,0,1,1,0,0,1,0,0,0,0
858,2016,P_858,,participant,1,2018/10/22,2018,0,Male,Black,1989,20,9,1,3,555.365843,0,0,2020/4/21,-2,2016/1/1,2017/1/1,0,0,0,0,1,1,0,0,1,0,0,0,0
858,2017,C_858_1159651.0,1159651,control,0,2018/10/22,2018,0,Male,Black,1989,20,5,1,5,0,0,0.87824546,2020/4/21,-1,2017/1/1,2018/1/1,0,0,0,0,1,1,0,0,1,0,0,0,0
858,2017,P_858,,participant,1,2018/10/22,2018,0,Male,Black,1989,20,9,1,3,555.365843,0,0,2020/4/21,-1,2017/1/1,2018/1/1,0,0,0,0,1,1,0,0,1,0,0,0,0
858,2018,C_858_1159651.0,1159651,control,0,2018/10/22,2018,0,Male,Black,1989,20,5,1,5,0,0,0.87824546,2020/4/21,0,2018/1/1,2019/1/1,1,1,0,0,1,1,0,0,1,0,0,0,0
858,2018,P_858,,participant,1,2018/10/22,2018,0,Male,Black,1989,20,9,1,3,555.365843,0,0,2020/4/21,0,2018/1/1,2019/1/1,1,1,0,0,1,1,0,0,1,0,1,0,0
858,2019,C_858_1159651.0,1159651,control,0,2018/10/22,2018,0,Male,Black,1989,20,5,1,5,0,0,0.87824546,2020/4/21,1,2019/1/1,2020/1/1,1,1,0,0,1,1,0,0,1,0,0,0,0
858,2019,P_858,,participant,1,2018/10/22,2018,0,Male,Black,1989,20,9,1,3,555.365843,0,0,2020/4/21,1,2019/1/1,2020/1/1,1,1,1668.353382,1,1,1,0,0,1,0,1,0,7.420191634
860,2016,C_860_1850004.0,1850004,control,0,2018/10/15,2018,0,Male,Black,1992,22,2,0,2,0,1,0.461542341,2020/4/14,-2,2016/1/1,2017/1/1,0,0,0,0,1,1,0,0,1,0,0,0,0
860,2016,P_860,,participant,1,2018/10/15,2018,0,Male,Black,1992,22,3,0,2,650.8728869,1,0,2020/4/14,-2,2016/1/1,2017/1/1,0,0,0,0,1,1,0,0,1,0,0,0,0
860,2017,C_860_1850004.0,1850004,control,0,2018/10/15,2018,0,Male,Black,1992,22,2,0,2,0,1,0.461542341,2020/4/14,-1,2017/1/1,2018/1/1,0,0,0,0,1,1,0,0,1,0,0,0,0
860,2017,P_860,,participant,1,2018/10/15,2018,0,Male,Black,1992,22,3,0,2,650.8728869,1,0,2020/4/14,-1,2017/1/1,2018/1/1,0,0,0,0,1,1,0,0,1,0,0,0,0
860,2018,C_860_1850004.0,1850004,control,0,2018/10/15,2018,0,Male,Black,1992,22,2,0,2,0,1,0.461542341,2020/4/14,0,2018/1/1,2019/1/1,1,1,18055.38242,1,1,1,0,0,1,0,0,0,9.801254498
860,2018,P_860,,participant,1,2018/10/15,2018,0,Male,Black,1992,22,3,0,2,650.8728869,1,0,2020/4/14,0,2018/1/1,2019/1/1,1,1,0,0,1,1,0,0,1,0,1,0,0
860,2019,C_860_1850004.0,1850004,control,0,2018/10/15,2018,0,Male,Black,1992,22,2,0,2,0,1,0.461542341,2020/4/14,1,2019/1/1,2020/1/1,1,1,36382.26939,1,1,1,0,0,1,0,0,0,10.50186432
860,2019,P_860,,participant,1,2018/10/15,2018,0,Male,Black,1992,22,3,0,2,650.8728869,1,0,2020/4/14,1,2019/1/1,2020/1/1,1,1,3589.1751,1,1,1,0,0,1,0,1,0,8.185956255
861,2016,C_861_1206788.0,1206788,control,0,2018/10/22,2018,0,Male,Black,1987,16,4,1,4,9695.785256,1,2.463509938,2020/4/21,-2,2016/1/1,2017/1/1,0,0,0,0,1,1,0,0,1,0,0,0,0
861,2016,P_861,,participant,1,2018/10/22,2018,0,Male,Black,1987,16,0,0,6,10273.69834,1,0,2020/4/21,-2,2016/1/1,2017/1/1,0,0,0,0,1,1,0,0,1,0,0,0,0
861,2017,C_861_1206788.0,1206788,control,0,2018/10/22,2018,0,Male,Black,1987,16,4,1,4,9695.785256,1,2.463509938,2020/4/21,-1,2017/1/1,2018/1/1,0,0,0,0,1,1,0,0,1,0,0,0,0
861,2017,P_861,,participant,1,2018/10/22,2018,0,Male,Black,1987,16,0,0,6,10273.69834,1,0,2020/4/21,-1,2017/1/1,2018/1/1,0,0,0,0,1,1,0,0,1,0,0,0,0
861,2018,C_861_1206788.0,1206788,control,0,2018/10/22,2018,0,Male,Black,1987,16,4,1,4,9695.785256,1,2.463509938,2020/4/21,0,2018/1/1,2019/1/1,1,1,7317.344226,1,1,1,0,0,1,0,0,0,8.898139383
861,2018,P_861,,participant,1,2018/10/22,2018,0,Male,Black,1987,16,0,0,6,10273.69834,1,0,2020/4/21,0,2018/1/1,2019/1/1,1,1,632.0286746,1,1,1,0,0,1,0,1,0,6.450515721
861,2019,C_861_1206788.0,1206788,control,0,2018/10/22,2018,0,Male,Black,1987,16,4,1,4,9695.785256,1,2.463509938,2020/4/21,1,2019/1/1,2020/1/1,1,1,22880.15379,1,1,1,0,0,1,0,0,0,10.03806887
861,2019,P_861,,participant,1,2018/10/22,2018,0,Male,Black,1987,16,0,0,6,10273.69834,1,0,2020/4/21,1,2019/1/1,2020/1/1,1,1,14193.05467,1,1,1,1,1,1,1,1,0,9.560578471
872,2016,C_872_1038958.0,1038958,control,0,2018/11/6,2018,0,Male,Black,1989,19,10,1,10,0,0,0.296681956,2020/5/6,-2,2016/1/1,2017/1/1,0,0,0,0,1,1,0,0,1,0,0,0,0
872,2016,P_872,,participant,1,2018/11/6,2018,0,Male,Black,1989,19,10,1,9,2157.886734,0,0,2020/5/6,-2,2016/1/1,2017/1/1,0,0,0,0,1,1,0,0,1,0,0,0,0
872,2017,C_872_1038958.0,1038958,control,0,2018/11/6,2018,0,Male,Black,1989,19,10,1,10,0,0,0.296681956,2020/5/6,-1,2017/1/1,2018/1/1,0,0,0,0,1,1,0,0,1,0,0,0,0
872,2017,P_872,,participant,1,2018/11/6,2018,0,Male,Black,1989,19,10,1,9,2157.886734,0,0,2020/5/6,-1,2017/1/1,2018/1/1,0,0,0,0,1,1,0,0,1,0,0,0,0
872,2018,C_872_1038958.0,1038958,control,0,2018/11/6,2018,0,Male,Black,1989,19,10,1,10,0,0,0.296681956,2020/5/6,0,2018/1/1,2019/1/1,1,1,0,0,1,1,0,0,1,0,0,0,0
872,2018,P_872,,participant,1,2018/11/6,2018,0,Male,Black,1989,19,10,1,9,2157.886734,0,0,2020/5/6,0,2018/1/1,2019/1/1,1,1,1394.332647,1,1,1,0,0,1,0,1,0,7.240888123
872,2019,C_872_1038958.0,1038958,control,0,2018/11/6,2018,0,Male,Black,1989,19,10,1,10,0,0,0.296681956,2020/5/6,1,2019/1/1,2020/1/1,1,1,0,0,1,1,0,0,1,0,0,0,0
872,2019,P_872,,participant,1,2018/11/6,2018,0,Male,Black,1989,19,10,1,9,2157.886734,0,0,2020/5/6,1,2019/1/1,2020/1/1,1,1,33159.68737,1,1,1,0,0,1,0,1,0,10.40912034
874,2016,C_874_1035175.0,1035175,control,0,2018/11/6,2018,0,Male,Black,1987,21,4,1,4,0,0,0.319779553,2020/5/6,-2,2016/1/1,2017/1/1,0,0,0,0,1,1,0,0,1,0,0,0,0
874,2016,P_874,,participant,1,2018/11/6,2018,0,Male,Black,1987,21,4,1,3,1174.989996,0,0,2020/5/6,-2,2016/1/1,2017/1/1,0,0,0,0,1,1,0,0,1,0,0,0,0
874,2017,C_874_1035175.0,1035175,control,0,2018/11/6,2018,0,Male,Black,1987,21,4,1,4,0,0,0.319779553,2020/5/6,-1,2017/1/1,2018/1/1,0,0,0,0,1,1,0,0,1,0,0,0,0
874,2017,P_874,,participant,1,2018/11/6,2018,0,Male,Black,1987,21,4,1,3,1174.989996,0,0,2020/5/6,-1,2017/1/1,2018/1/1,0,0,0,0,1,1,0,0,1,0,0,0,0
874,2018,C_874_1035175.0,1035175,control,0,2018/11/6,2018,0,Male,Black,1987,21,4,1,4,0,0,0.319779553,2020/5/6,0,2018/1/1,2019/1/1,1,1,0,0,1,1,0,0,1,0,0,0,0
874,2018,P_874,,participant,1,2018/11/6,2018,0,Male,Black,1987,21,4,1,3,1174.989996,0,0,2020/5/6,0,2018/1/1,2019/1/1,1,1,0,0,1,1,0,0,1,0,1,0,0
874,2019,C_874_1035175.0,1035175,control,0,2018/11/6,2018,0,Male,Black,1987,21,4,1,4,0,0,0.319779553,2020/5/6,1,2019/1/1,2020/1/1,1,1,0,0,1,1,0,0,1,0,0,0,0
874,2019,P_874,,participant,1,2018/11/6,2018,0,Male,Black,1987,21,4,1,3,1174.989996,0,0,2020/5/6,1,2019/1/1,2020/1/1,1,1,31308.75644,1,1,1,0,0,1,0,1,0,10.35168504
878,2016,C_878_1015207.0,1015207,control,0,2018/11/12,2018,0,Male,Black,1997,18,3,0,3,0,1,0.405993876,2020/5/12,-2,2016/1/1,2017/1/1,0,0,0,0,1,1,0,0,1,0,0,0,0
878,2016,P_878,,participant,1,2018/11/12,2018,0,Male,Black,1997,18,4,0,3,0,1,0,2020/5/12,-2,2016/1/1,2017/1/1,0,0,0,0,0,1,0,0,1,0,0,0,0
878,2017,C_878_1015207.0,1015207,control,0,2018/11/12,2018,0,Male,Black,1997,18,3,0,3,0,1,0.405993876,2020/5/12,-1,2017/1/1,2018/1/1,0,0,0,0,1,1,0,0,1,0,0,0,0
878,2017,P_878,,participant,1,2018/11/12,2018,0,Male,Black,1997,18,4,0,3,0,1,0,2020/5/12,-1,2017/1/1,2018/1/1,0,0,0,0,1,1,0,0,1,0,0,0,0
878,2018,C_878_1015207.0,1015207,control,0,2018/11/12,2018,0,Male,Black,1997,18,3,0,3,0,1,0.405993876,2020/5/12,0,2018/1/1,2019/1/1,1,1,1434.318135,1,1,1,0,0,1,0,0,0,7.2691418
878,2018,P_878,,participant,1,2018/11/12,2018,0,Male,Black,1997,18,4,0,3,0,1,0,2020/5/12,0,2018/1/1,2019/1/1,1,1,0,0,1,1,0,0,1,0,1,0,0
878,2019,C_878_1015207.0,1015207,control,0,2018/11/12,2018,0,Male,Black,1997,18,3,0,3,0,1,0.405993876,2020/5/12,1,2019/1/1,2020/1/1,1,1,515.5444415,1,1,1,0,0,1,0,0,0,6.247161328
878,2019,P_878,,participant,1,2018/11/12,2018,0,Male,Black,1997,18,4,0,3,0,1,0,2020/5/12,1,2019/1/1,2020/1/1,1,1,0,0,1,1,2,1,1,1,1,0,0
880,2016,C_880_184770.0,184770,control,0,2018/11/26,2018,0,Male,White,1981,37,0,0,1,0,0,0,2020/5/26,-2,2016/1/1,2017/1/1,0,0,0,0,0,0,0,0,1,0,0,0,0
880,2016,P_880,,participant,1,2018/11/26,2018,0,Male,White,1981,37,0,0,1,0,0,0,2020/5/26,-2,2016/1/1,2017/1/1,0,0,0,0,0,0,0,0,1,0,0,0,0
880,2017,C_880_184770.0,184770,control,0,2018/11/26,2018,0,Male,White,1981,37,0,0,1,0,0,0,2020/5/26,-1,2017/1/1,2018/1/1,0,0,0,0,0,0,0,0,1,0,0,0,0
880,2017,P_880,,participant,1,2018/11/26,2018,0,Male,White,1981,37,0,0,1,0,0,0,2020/5/26,-1,2017/1/1,2018/1/1,0,0,0,0,0,0,0,0,1,0,0,0,0
880,2018,C_880_184770.0,184770,control,0,2018/11/26,2018,0,Male,White,1981,37,0,0,1,0,0,0,2020/5/26,0,2018/1/1,2019/1/1,1,1,0,0,0,1,0,0,1,0,0,0,0
880,2018,P_880,,participant,1,2018/11/26,2018,0,Male,White,1981,37,0,0,1,0,0,0,2020/5/26,0,2018/1/1,2019/1/1,1,1,0,0,0,1,0,0,1,0,1,0,0
880,2019,C_880_184770.0,184770,control,0,2018/11/26,2018,0,Male,White,1981,37,0,0,1,0,0,0,2020/5/26,1,2019/1/1,2020/1/1,1,1,0,0,1,1,1,1,1,1,0,0,0
880,2019,P_880,,participant,1,2018/11/26,2018,0,Male,White,1981,37,0,0,1,0,0,0,2020/5/26,1,2019/1/1,2020/1/1,1,1,0,0,1,1,0,0,1,0,1,0,0
894,2016,C_894_1836070.0,1836070,control,0,2018/12/17,2018,0,Male,White,1997,19,9,0,9,0,1,3.003269528,2020/6/16,-2,2016/1/1,2017/1/1,0,0,0,0,0,1,0,0,1,0,0,0,0
894,2016,P_894,,participant,1,2018/12/17,2018,0,Male,White,1997,19,10,1,7,388.9362373,1,0,2020/6/16,-2,2016/1/1,2017/1/1,0,0,0,0,0,1,0,0,1,0,0,0,0
894,2017,C_894_1836070.0,1836070,control,0,2018/12/17,2018,0,Male,White,1997,19,9,0,9,0,1,3.003269528,2020/6/16,-1,2017/1/1,2018/1/1,0,0,0,0,1,1,0,0,1,0,0,0,0
894,2017,P_894,,participant,1,2018/12/17,2018,0,Male,White,1997,19,10,1,7,388.9362373,1,0,2020/6/16,-1,2017/1/1,2018/1/1,0,0,0,0,1,1,0,0,1,0,0,0,0
894,2018,C_894_1836070.0,1836070,control,0,2018/12/17,2018,0,Male,White,1997,19,9,0,9,0,1,3.003269528,2020/6/16,0,2018/1/1,2019/1/1,1,1,0,0,1,1,0,0,1,0,0,0,0
894,2018,P_894,,participant,1,2018/12/17,2018,0,Male,White,1997,19,10,1,7,388.9362373,1,0,2020/6/16,0,2018/1/1,2019/1/1,1,1,3899.229966,1,1,1,0,0,1,0,1,0,8.268790796
894,2019,C_894_1836070.0,1836070,control,0,2018/12/17,2018,0,Male,White,1997,19,9,0,9,0,1,3.003269528,2020/6/16,1,2019/1/1,2020/1/1,1,1,9064.565925,1,1,1,0,0,1,0,0,0,9.112238551
894,2019,P_894,,participant,1,2018/12/17,2018,0,Male,White,1997,19,10,1,7,388.9362373,1,0,2020/6/16,1,2019/1/1,2020/1/1,1,1,7846.460942,1,1,1,1,1,1,1,1,0,8.967945312
896,2017,C_896_1063772.0,1063772,control,0,2019/1/7,2019,0,Male,Black,1991,18,5,1,5,0,0,0.257105166,2020/7/7,-2,2017/1/1,2018/1/1,0,0,0,0,1,1,0,0,1,0,0,0,0
896,2017,P_896,,participant,1,2019/1/7,2019,0,Male,Black,1991,18,5,1,4,0,0,0,2020/7/7,-2,2017/1/1,2018/1/1,0,0,0,0,1,1,0,0,1,0,0,0,0
896,2018,C_896_1063772.0,1063772,control,0,2019/1/7,2019,0,Male,Black,1991,18,5,1,5,0,0,0.257105166,2020/7/7,-1,2018/1/1,2019/1/1,0,0,0,0,1,1,0,0,1,0,0,0,0
896,2018,P_896,,participant,1,2019/1/7,2019,0,Male,Black,1991,18,5,1,4,0,0,0,2020/7/7,-1,2018/1/1,2019/1/1,0,0,0,0,1,1,0,0,1,0,0,0,0
896,2019,C_896_1063772.0,1063772,control,0,2019/1/7,2019,0,Male,Black,1991,18,5,1,5,0,0,0.257105166,2020/7/7,0,2019/1/1,2020/1/1,1,1,0,0,1,1,0,0,1,0,0,0,0
896,2019,P_896,,participant,1,2019/1/7,2019,0,Male,Black,1991,18,5,1,4,0,0,0,2020/7/7,0,2019/1/1,2020/1/1,1,1,0,0,1,1,1,1,1,1,1,0,0
896,2020,C_896_1063772.0,1063772,control,0,2019/1/7,2019,0,Male,Black,1991,18,5,1,5,0,0,0.257105166,2020/7/7,1,2020/1/1,2021/1/1,1,1,0,0,1,1,0,0,1,0,0,0,0
896,2020,P_896,,participant,1,2019/1/7,2019,0,Male,Black,1991,18,5,1,4,0,0,0,2020/7/7,1,2020/1/1,2021/1/1,1,1,3387.123722,1,1,1,0,0,1,0,1,0,8.128031573
898,2017,C_898_1552735.0,1552735,control,0,2019/1/2,2019,0,Male,Black,1991,20,6,1,6,0,0,0.319275817,2020/7/2,-2,2017/1/1,2018/1/1,0,0,0,0,1,1,0,0,1,0,0,0,0
898,2017,P_898,,participant,1,2019/1/2,2019,0,Male,Black,1991,20,6,1,7,179.9160825,0,0,2020/7/2,-2,2017/1/1,2018/1/1,0,0,0,0,1,1,0,0,1,0,0,0,0
898,2018,C_898_1552735.0,1552735,control,0,2019/1/2,2019,0,Male,Black,1991,20,6,1,6,0,0,0.319275817,2020/7/2,-1,2018/1/1,2019/1/1,0,0,0,0,1,1,0,0,1,0,0,0,0
898,2018,P_898,,participant,1,2019/1/2,2019,0,Male,Black,1991,20,6,1,7,179.9160825,0,0,2020/7/2,-1,2018/1/1,2019/1/1,0,0,0,0,1,1,0,0,1,0,0,0,0
898,2019,C_898_1552735.0,1552735,control,0,2019/1/2,2019,0,Male,Black,1991,20,6,1,6,0,0,0.319275817,2020/7/2,0,2019/1/1,2020/1/1,1,1,8752.004249,1,1,1,1,1,1,1,0,0,9.077152263
898,2019,P_898,,participant,1,2019/1/2,2019,0,Male,Black,1991,20,6,1,7,179.9160825,0,0,2020/7/2,0,2019/1/1,2020/1/1,1,1,18834.35975,1,1,1,0,0,1,0,1,0,9.84349122
898,2020,C_898_1552735.0,1552735,control,0,2019/1/2,2019,0,Male,Black,1991,20,6,1,6,0,0,0.319275817,2020/7/2,1,2020/1/1,2021/1/1,1,1,4378.725235,1,1,1,0,0,1,0,0,0,8.38474127
898,2020,P_898,,participant,1,2019/1/2,2019,0,Male,Black,1991,20,6,1,7,179.9160825,0,0,2020/7/2,1,2020/1/1,2021/1/1,1,1,0,0,1,1,0,0,1,0,1,0,0
902,2017,C_902_1024473.0,1024473,control,0,2019/1/7,2019,0,Male,Black,1990,18,6,1,6,0,0,0.709223483,2020/7/7,-2,2017/1/1,2018/1/1,0,0,0,0,1,1,0,0,1,0,0,0,0
902,2017,P_902,,participant,1,2019/1/7,2019,0,Male,Black,1990,18,8,1,4,0,0,0,2020/7/7,-2,2017/1/1,2018/1/1,0,0,0,0,1,1,0,0,1,0,0,0,0
902,2018,C_902_1024473.0,1024473,control,0,2019/1/7,2019,0,Male,Black,1990,18,6,1,6,0,0,0.709223483,2020/7/7,-1,2018/1/1,2019/1/1,0,0,0,0,1,1,0,0,1,0,0,0,0
902,2018,P_902,,participant,1,2019/1/7,2019,0,Male,Black,1990,18,8,1,4,0,0,0,2020/7/7,-1,2018/1/1,2019/1/1,0,0,0,0,1,1,0,0,1,0,0,0,0
902,2019,C_902_1024473.0,1024473,control,0,2019/1/7,2019,0,Male,Black,1990,18,6,1,6,0,0,0.709223483,2020/7/7,0,2019/1/1,2020/1/1,1,1,8557.670039,1,1,1,0,0,1,0,0,0,9.054700088
902,2019,P_902,,participant,1,2019/1/7,2019,0,Male,Black,1990,18,8,1,4,0,0,0,2020/7/7,0,2019/1/1,2020/1/1,1,1,6068.796243,1,1,1,0,0,1,0,1,0,8.711080316
902,2020,C_902_1024473.0,1024473,control,0,2019/1/7,2019,0,Male,Black,1990,18,6,1,6,0,0,0.709223483,2020/7/7,1,2020/1/1,2021/1/1,1,1,11893.78239,1,1,1,0,0,1,0,0,0,9.383855128
902,2020,P_902,,participant,1,2019/1/7,2019,0,Male,Black,1990,18,8,1,4,0,0,0,2020/7/7,1,2020/1/1,2021/1/1,1,1,0,0,1,1,0,0,1,0,1,0,0
903,2017,C_903_1368971.0,1368971,control,0,2019/1/21,2019,0,Male,White,1994,18,6,1,6,0,1,1.214964286,2020/7/21,-2,2017/1/1,2018/1/1,0,0,0,0,1,1,0,0,1,0,0,0,0
903,2017,P_903,,participant,1,2019/1/21,2019,0,Male,White,1994,18,5,1,2,0,1,0,2020/7/21,-2,2017/1/1,2018/1/1,0,0,0,0,1,1,0,0,1,0,0,0,0
903,2018,C_903_1368971.0,1368971,control,0,2019/1/21,2019,0,Male,White,1994,18,6,1,6,0,1,1.214964286,2020/7/21,-1,2018/1/1,2019/1/1,0,0,0,0,1,1,0,0,1,0,0,0,0
903,2018,P_903,,participant,1,2019/1/21,2019,0,Male,White,1994,18,5,1,2,0,1,0,2020/7/21,-1,2018/1/1,2019/1/1,0,0,0,0,1,1,0,0,1,0,0,0,0
903,2019,C_903_1368971.0,1368971,control,0,2019/1/21,2019,0,Male,White,1994,18,6,1,6,0,1,1.214964286,2020/7/21,0,2019/1/1,2020/1/1,1,1,467.8476881,1,1,1,0,0,1,0,0,0,6.150277957
903,2019,P_903,,participant,1,2019/1/21,2019,0,Male,White,1994,18,5,1,2,0,1,0,2020/7/21,0,2019/1/1,2020/1/1,1,1,908.5872614,1,1,1,0,0,1,0,1,0,6.812990938
903,2020,C_903_1368971.0,1368971,control,0,2019/1/21,2019,0,Male,White,1994,18,6,1,6,0,1,1.214964286,2020/7/21,1,2020/1/1,2021/1/1,1,1,0,0,1,1,0,0,1,0,0,0,0
903,2020,P_903,,participant,1,2019/1/21,2019,0,Male,White,1994,18,5,1,2,0,1,0,2020/7/21,1,2020/1/1,2021/1/1,1,1,0,0,1,1,0,0,1,0,1,0,0
904,2017,C_904_1088347.0,1088347,control,0,2019/1/7,2019,0,Male,Black,1994,18,4,1,4,0,1,0.981627621,2020/7/7,-2,2017/1/1,2018/1/1,0,0,0,0,1,1,0,0,1,0,0,0,0
904,2017,P_904,,participant,1,2019/1/7,2019,0,Male,Black,1994,18,6,1,1,0,1,0,2020/7/7,-2,2017/1/1,2018/1/1,0,0,0,0,1,1,0,0,1,0,0,0,0
904,2018,C_904_1088347.0,1088347,control,0,2019/1/7,2019,0,Male,Black,1994,18,4,1,4,0,1,0.981627621,2020/7/7,-1,2018/1/1,2019/1/1,0,0,0,0,1,1,0,0,1,0,0,0,0
904,2018,P_904,,participant,1,2019/1/7,2019,0,Male,Black,1994,18,6,1,1,0,1,0,2020/7/7,-1,2018/1/1,2019/1/1,0,0,0,0,1,1,0,0,1,0,0,0,0
904,2019,C_904_1088347.0,1088347,control,0,2019/1/7,2019,0,Male,Black,1994,18,4,1,4,0,1,0.981627621,2020/7/7,0,2019/1/1,2020/1/1,1,1,382.0690318,1,1,1,0,0,1,0,0,0,5.948215213
904,2019,P_904,,participant,1,2019/1/7,2019,0,Male,Black,1994,18,6,1,1,0,1,0,2020/7/7,0,2019/1/1,2020/1/1,1,1,2146.406345,1,1,1,0,0,1,0,1,0,7.672016042
904,2020,C_904_1088347.0,1088347,control,0,2019/1/7,2019,0,Male,Black,1994,18,4,1,4,0,1,0.981627621,2020/7/7,1,2020/1/1,2021/1/1,1,1,0,0,1,1,0,0,1,0,0,0,0
904,2020,P_904,,participant,1,2019/1/7,2019,0,Male,Black,1994,18,6,1,1,0,1,0,2020/7/7,1,2020/1/1,2021/1/1,1,1,3876.891319,1,1,1,0,0,1,0,1,0,8.26304681
905,2017,C_905_1228953.0,1228953,control,0,2019/1/14,2019,0,Male,Black,1996,18,5,1,5,0,0,0.310944926,2020/7/14,-2,2017/1/1,2018/1/1,0,0,0,0,1,1,0,0,1,0,0,0,0
905,2017,P_905,,participant,1,2019/1/14,2019,0,Male,Black,1996,18,5,1,6,0,0,0,2020/7/14,-2,2017/1/1,2018/1/1,0,0,0,0,1,1,0,0,1,0,0,0,0
905,2018,C_905_1228953.0,1228953,control,0,2019/1/14,2019,0,Male,Black,1996,18,5,1,5,0,0,0.310944926,2020/7/14,-1,2018/1/1,2019/1/1,0,0,0,0,1,1,0,0,1,0,0,0,0
905,2018,P_905,,participant,1,2019/1/14,2019,0,Male,Black,1996,18,5,1,6,0,0,0,2020/7/14,-1,2018/1/1,2019/1/1,0,0,0,0,1,1,0,0,1,0,0,0,0
905,2019,C_905_1228953.0,1228953,control,0,2019/1/14,2019,0,Male,Black,1996,18,5,1,5,0,0,0.310944926,2020/7/14,0,2019/1/1,2020/1/1,1,1,0,0,1,1,2,1,1,1,0,0,0
905,2019,P_905,,participant,1,2019/1/14,2019,0,Male,Black,1996,18,5,1,6,0,0,0,2020/7/14,0,2019/1/1,2020/1/1,1,1,17085.81511,1,1,1,0,0,1,0,1,0,9.746062399
905,2020,C_905_1228953.0,1228953,control,0,2019/1/14,2019,0,Male,Black,1996,18,5,1,5,0,0,0.310944926,2020/7/14,1,2020/1/1,2021/1/1,1,1,0,0,1,1,0,0,1,0,0,0,0
905,2020,P_905,,participant,1,2019/1/14,2019,0,Male,Black,1996,18,5,1,6,0,0,0,2020/7/14,1,2020/1/1,2021/1/1,1,1,15618.25782,1,1,1,0,0,1,0,1,0,9.656259908
906,2017,C_906_1915353.0,1915353,control,0,2019/1/14,2019,0,Male,White,1994,23,2,0,2,5955.123306,1,1.051959074,2020/7/14,-2,2017/1/1,2018/1/1,0,0,0,0,0,1,0,0,1,0,0,0,0
906,2017,P_906,,participant,1,2019/1/14,2019,0,Male,White,1994,23,2,0,3,14146.89025,1,0,2020/7/14,-2,2017/1/1,2018/1/1,0,0,0,0,0,1,0,0,1,0,0,0,0
906,2018,C_906_1915353.0,1915353,control,0,2019/1/14,2019,0,Male,White,1994,23,2,0,2,5955.123306,1,1.051959074,2020/7/14,-1,2018/1/1,2019/1/1,0,0,0,0,1,1,0,0,1,0,0,0,0
906,2018,P_906,,participant,1,2019/1/14,2019,0,Male,White,1994,23,2,0,3,14146.89025,1,0,2020/7/14,-1,2018/1/1,2019/1/1,0,0,0,0,1,1,0,0,1,0,0,0,0
906,2019,C_906_1915353.0,1915353,control,0,2019/1/14,2019,0,Male,White,1994,23,2,0,2,5955.123306,1,1.051959074,2020/7/14,0,2019/1/1,2020/1/1,1,1,0,0,1,1,0,0,1,0,0,0,0
906,2019,P_906,,participant,1,2019/1/14,2019,0,Male,White,1994,23,2,0,3,14146.89025,1,0,2020/7/14,0,2019/1/1,2020/1/1,1,1,3029.721494,1,1,1,0,0,1,0,1,0,8.016555987
906,2020,C_906_1915353.0,1915353,control,0,2019/1/14,2019,0,Male,White,1994,23,2,0,2,5955.123306,1,1.051959074,2020/7/14,1,2020/1/1,2021/1/1,1,1,0,0,1,1,0,0,1,0,0,0,0
906,2020,P_906,,participant,1,2019/1/14,2019,0,Male,White,1994,23,2,0,3,14146.89025,1,0,2020/7/14,1,2020/1/1,2021/1/1,1,1,0,0,1,1,0,0,1,0,1,0,0
909,2017,C_909_669991.0,669991,control,0,2019/1/28,2019,0,Male,Black,1995,23,0,0,1,0,0,0.031690032,2020/7/28,-2,2017/1/1,2018/1/1,0,0,0,0,0,0,0,0,1,0,0,0,0
909,2017,P_909,,participant,1,2019/1/28,2019,0,Male,Black,1995,23,0,0,1,243.2388792,0,0,2020/7/28,-2,2017/1/1,2018/1/1,0,0,0,0,0,0,0,0,1,0,0,0,0
909,2018,C_909_669991.0,669991,control,0,2019/1/28,2019,0,Male,Black,1995,23,0,0,1,0,0,0.031690032,2020/7/28,-1,2018/1/1,2019/1/1,0,0,0,0,0,1,0,0,1,0,0,0,0
909,2018,P_909,,participant,1,2019/1/28,2019,0,Male,Black,1995,23,0,0,1,243.2388792,0,0,2020/7/28,-1,2018/1/1,2019/1/1,0,0,0,0,0,1,0,0,1,0,0,0,0
909,2019,C_909_669991.0,669991,control,0,2019/1/28,2019,0,Male,Black,1995,23,0,0,1,0,0,0.031690032,2020/7/28,0,2019/1/1,2020/1/1,1,1,0,0,1,1,2,1,1,1,0,0,0
909,2019,P_909,,participant,1,2019/1/28,2019,0,Male,Black,1995,23,0,0,1,243.2388792,0,0,2020/7/28,0,2019/1/1,2020/1/1,1,1,2605.284359,1,1,1,0,0,1,0,1,0,7.865680869
909,2020,C_909_669991.0,669991,control,0,2019/1/28,2019,0,Male,Black,1995,23,0,0,1,0,0,0.031690032,2020/7/28,1,2020/1/1,2021/1/1,1,1,0,0,1,1,2,1,1,1,0,0,0
909,2020,P_909,,participant,1,2019/1/28,2019,0,Male,Black,1995,23,0,0,1,243.2388792,0,0,2020/7/28,1,2020/1/1,2021/1/1,1,1,0,0,1,1,0,0,1,0,1,0,0
910,2017,C_910_1559002.0,1559002,control,0,2019/1/30,2019,0,Male,Black,1991,22,2,1,2,58825.78194,1,2.896011347,2020/7/30,-2,2017/1/1,2018/1/1,0,0,0,0,1,1,0,0,1,0,0,0,0
910,2017,P_910,,participant,1,2019/1/30,2019,0,Male,Black,1991,22,0,0,1,75959.9654,1,0,2020/7/30,-2,2017/1/1,2018/1/1,0,0,0,0,1,1,0,0,1,0,0,0,0
910,2018,C_910_1559002.0,1559002,control,0,2019/1/30,2019,0,Male,Black,1991,22,2,1,2,58825.78194,1,2.896011347,2020/7/30,-1,2018/1/1,2019/1/1,0,0,0,0,1,1,0,0,1,0,0,0,0
910,2018,P_910,,participant,1,2019/1/30,2019,0,Male,Black,1991,22,0,0,1,75959.9654,1,0,2020/7/30,-1,2018/1/1,2019/1/1,0,0,0,0,1,1,0,0,1,0,0,0,0
910,2019,C_910_1559002.0,1559002,control,0,2019/1/30,2019,0,Male,Black,1991,22,2,1,2,58825.78194,1,2.896011347,2020/7/30,0,2019/1/1,2020/1/1,1,1,9689.161522,1,1,1,0,0,1,0,0,0,9.178866374
910,2019,P_910,,participant,1,2019/1/30,2019,0,Male,Black,1991,22,0,0,1,75959.9654,1,0,2020/7/30,0,2019/1/1,2020/1/1,1,1,7826.964273,1,1,1,0,0,1,0,1,0,8.965457765
910,2020,C_910_1559002.0,1559002,control,0,2019/1/30,2019,0,Male,Black,1991,22,2,1,2,58825.78194,1,2.896011347,2020/7/30,1,2020/1/1,2021/1/1,1,1,343.164358,1,1,1,0,0,1,0,0,0,5.841119328
910,2020,P_910,,participant,1,2019/1/30,2019,0,Male,Black,1991,22,0,0,1,75959.9654,1,0,2020/7/30,1,2020/1/1,2021/1/1,1,1,0,0,1,1,0,0,1,0,1,0,0
916,2017,C_916_1454160.0,1454160,control,0,2019/2/4,2019,0,Male,Black,1995,19,6,1,6,0,1,1.138568616,2020/8/4,-2,2017/1/1,2018/1/1,0,0,0,0,1,1,0,0,1,0,0,0,0
916,2017,P_916,,participant,1,2019/2/4,2019,0,Male,Black,1995,19,5,1,9,0,1,0,2020/8/4,-2,2017/1/1,2018/1/1,0,0,0,0,1,1,0,0,1,0,0,0,0
916,2018,C_916_1454160.0,1454160,control,0,2019/2/4,2019,0,Male,Black,1995,19,6,1,6,0,1,1.138568616,2020/8/4,-1,2018/1/1,2019/1/1,0,0,0,0,1,1,0,0,1,0,0,0,0
916,2018,P_916,,participant,1,2019/2/4,2019,0,Male,Black,1995,19,5,1,9,0,1,0,2020/8/4,-1,2018/1/1,2019/1/1,0,0,0,0,1,1,0,0,1,0,0,0,0
916,2019,C_916_1454160.0,1454160,control,0,2019/2/4,2019,0,Male,Black,1995,19,6,1,6,0,1,1.138568616,2020/8/4,0,2019/1/1,2020/1/1,1,1,14315.39493,1,1,1,0,0,1,0,0,0,9.569160658
916,2019,P_916,,participant,1,2019/2/4,2019,0,Male,Black,1995,19,5,1,9,0,1,0,2020/8/4,0,2019/1/1,2020/1/1,1,1,1893.614226,1,1,1,4,1,1,1,1,0,7.546770522
916,2020,C_916_1454160.0,1454160,control,0,2019/2/4,2019,0,Male,Black,1995,19,6,1,6,0,1,1.138568616,2020/8/4,1,2020/1/1,2021/1/1,1,1,939.0868101,1,1,1,0,0,1,0,0,0,6.845972222
916,2020,P_916,,participant,1,2019/2/4,2019,0,Male,Black,1995,19,5,1,9,0,1,0,2020/8/4,1,2020/1/1,2021/1/1,1,1,0,0,1,1,0,0,1,0,1,0,0
919,2017,C_919_1215669.0,1215669,control,0,2019/2/18,2019,0,Male,Black,1990,23,8,1,9,20841.14568,1,2.637642571,2020/8/18,-2,2017/1/1,2018/1/1,0,0,0,0,1,1,0,0,1,0,0,0,0
919,2017,P_919,,participant,1,2019/2/18,2019,0,Male,Black,1990,23,13,1,4,16391.04474,1,0,2020/8/18,-2,2017/1/1,2018/1/1,0,0,0,0,1,1,0,0,1,0,0,0,0
919,2018,C_919_1215669.0,1215669,control,0,2019/2/18,2019,0,Male,Black,1990,23,8,1,9,20841.14568,1,2.637642571,2020/8/18,-1,2018/1/1,2019/1/1,0,0,0,0,1,1,0,0,1,0,0,0,0
919,2018,P_919,,participant,1,2019/2/18,2019,0,Male,Black,1990,23,13,1,4,16391.04474,1,0,2020/8/18,-1,2018/1/1,2019/1/1,0,0,0,0,1,1,0,0,1,0,0,0,0
919,2019,C_919_1215669.0,1215669,control,0,2019/2/18,2019,0,Male,Black,1990,23,8,1,9,20841.14568,1,2.637642571,2020/8/18,0,2019/1/1,2020/1/1,1,1,43750.74326,1,1,1,0,0,1,0,0,0,10.68628674
919,2019,P_919,,participant,1,2019/2/18,2019,0,Male,Black,1990,23,13,1,4,16391.04474,1,0,2020/8/18,0,2019/1/1,2020/1/1,1,1,0,0,1,1,0,0,1,0,1,0,0
919,2020,C_919_1215669.0,1215669,control,0,2019/2/18,2019,0,Male,Black,1990,23,8,1,9,20841.14568,1,2.637642571,2020/8/18,1,2020/1/1,2021/1/1,1,1,0,0,1,1,0,0,1,0,0,0,0
919,2020,P_919,,participant,1,2019/2/18,2019,0,Male,Black,1990,23,13,1,4,16391.04474,1,0,2020/8/18,1,2020/1/1,2021/1/1,1,1,0,0,1,1,0,0,1,0,1,0,0
920,2017,C_920_865127.0,865127,control,0,2019/2/11,2019,0,Male,Black,1996,22,0,0,1,39044.0973,1,1.125898862,2020/8/11,-2,2017/1/1,2018/1/1,0,0,0,0,0,0,0,0,1,0,0,0,0
920,2017,P_920,,participant,1,2019/2/11,2019,0,Male,Black,1996,22,0,0,1,46768.60689,1,0,2020/8/11,-2,2017/1/1,2018/1/1,0,0,0,0,0,0,0,0,1,0,0,0,0
920,2018,C_920_865127.0,865127,control,0,2019/2/11,2019,0,Male,Black,1996,22,0,0,1,39044.0973,1,1.125898862,2020/8/11,-1,2018/1/1,2019/1/1,0,0,0,0,0,1,0,0,1,0,0,0,0
920,2018,P_920,,participant,1,2019/2/11,2019,0,Male,Black,1996,22,0,0,1,46768.60689,1,0,2020/8/11,-1,2018/1/1,2019/1/1,0,0,0,0,0,1,0,0,1,0,0,0,0
920,2019,C_920_865127.0,865127,control,0,2019/2/11,2019,0,Male,Black,1996,22,0,0,1,39044.0973,1,1.125898862,2020/8/11,0,2019/1/1,2020/1/1,1,1,34972.15032,1,1,1,1,1,1,1,0,0,10.46233591
920,2019,P_920,,participant,1,2019/2/11,2019,0,Male,Black,1996,22,0,0,1,46768.60689,1,0,2020/8/11,0,2019/1/1,2020/1/1,1,1,12214.72312,1,1,1,1,1,1,1,1,0,9.410479181
920,2020,C_920_865127.0,865127,control,0,2019/2/11,2019,0,Male,Black,1996,22,0,0,1,39044.0973,1,1.125898862,2020/8/11,1,2020/1/1,2021/1/1,1,1,19484.07494,1,1,1,0,0,1,0,0,0,9.877404064
920,2020,P_920,,participant,1,2019/2/11,2019,0,Male,Black,1996,22,0,0,1,46768.60689,1,0,2020/8/11,1,2020/1/1,2021/1/1,1,1,1608.975744,1,1,1,0,0,1,0,1,0,7.383974392
924,2017,C_924_1050007.0,1050007,control,0,2019/2/18,2019,0,Male,Black,1999,18,5,1,5,0,1,13.81603636,2020/8/18,-2,2017/1/1,2018/1/1,0,0,0,0,0,1,0,0,1,0,0,0,0
924,2017,P_924,,participant,1,2019/2/18,2019,0,Male,Black,1999,18,22,1,3,637.5289627,1,0,2020/8/18,-2,2017/1/1,2018/1/1,0,0,0,0,1,1,0,0,1,0,0,0,0
924,2018,C_924_1050007.0,1050007,control,0,2019/2/18,2019,0,Male,Black,1999,18,5,1,5,0,1,13.81603636,2020/8/18,-1,2018/1/1,2019/1/1,0,0,0,0,1,1,0,0,1,0,0,0,0
924,2018,P_924,,participant,1,2019/2/18,2019,0,Male,Black,1999,18,22,1,3,637.5289627,1,0,2020/8/18,-1,2018/1/1,2019/1/1,0,0,0,0,1,1,0,0,1,0,0,0,0
924,2019,C_924_1050007.0,1050007,control,0,2019/2/18,2019,0,Male,Black,1999,18,5,1,5,0,1,13.81603636,2020/8/18,0,2019/1/1,2020/1/1,1,1,9743.581838,1,1,1,0,0,1,0,0,0,9.184466701
924,2019,P_924,,participant,1,2019/2/18,2019,0,Male,Black,1999,18,22,1,3,637.5289627,1,0,2020/8/18,0,2019/1/1,2020/1/1,1,1,24106.82892,1,1,1,0,0,1,0,1,0,10.09029192
924,2020,C_924_1050007.0,1050007,control,0,2019/2/18,2019,0,Male,Black,1999,18,5,1,5,0,1,13.81603636,2020/8/18,1,2020/1/1,2021/1/1,1,1,3057.053915,1,1,1,0,0,1,0,0,0,8.025534017
924,2020,P_924,,participant,1,2019/2/18,2019,0,Male,Black,1999,18,22,1,3,637.5289627,1,0,2020/8/18,1,2020/1/1,2021/1/1,1,1,10226.79662,1,1,1,0,0,1,0,1,0,9.232864452
925,2017,C_925_1688044.0,1688044,control,0,2019/2/18,2019,0,Male,White,1995,20,1,0,1,4631.597516,1,0.293159305,2020/8/18,-2,2017/1/1,2018/1/1,0,0,0,0,1,1,0,0,1,0,0,0,0
925,2017,P_925,,participant,1,2019/2/18,2019,0,Male,White,1995,20,1,0,2,4160.359414,1,0,2020/8/18,-2,2017/1/1,2018/1/1,0,0,0,0,1,1,0,0,1,0,0,0,0
925,2018,C_925_1688044.0,1688044,control,0,2019/2/18,2019,0,Male,White,1995,20,1,0,1,4631.597516,1,0.293159305,2020/8/18,-1,2018/1/1,2019/1/1,0,0,0,0,1,1,0,0,1,0,0,0,0
925,2018,P_925,,participant,1,2019/2/18,2019,0,Male,White,1995,20,1,0,2,4160.359414,1,0,2020/8/18,-1,2018/1/1,2019/1/1,0,0,0,0,1,1,0,0,1,0,0,0,0
925,2019,C_925_1688044.0,1688044,control,0,2019/2/18,2019,0,Male,White,1995,20,1,0,1,4631.597516,1,0.293159305,2020/8/18,0,2019/1/1,2020/1/1,1,1,23310.54325,1,1,1,0,0,1,0,0,0,10.05670394
925,2019,P_925,,participant,1,2019/2/18,2019,0,Male,White,1995,20,1,0,2,4160.359414,1,0,2020/8/18,0,2019/1/1,2020/1/1,1,1,2225.732214,1,1,1,0,0,1,0,1,0,7.708290415
925,2020,C_925_1688044.0,1688044,control,0,2019/2/18,2019,0,Male,White,1995,20,1,0,1,4631.597516,1,0.293159305,2020/8/18,1,2020/1/1,2021/1/1,1,1,16086.91427,1,1,1,0,0,1,0,0,0,9.685823603
925,2020,P_925,,participant,1,2019/2/18,2019,0,Male,White,1995,20,1,0,2,4160.359414,1,0,2020/8/18,1,2020/1/1,2021/1/1,1,1,0,0,1,1,0,0,1,0,1,0,0
929,2017,C_929_1323756.0,1323756,control,0,2019/2/25,2019,0,Male,Black,1977,23,1,0,1,0,1,0.275167807,2020/8/25,-2,2017/1/1,2018/1/1,0,0,0,0,1,1,0,0,1,0,0,0,0
929,2017,P_929,,participant,1,2019/2/25,2019,0,Male,Black,1977,23,0,0,1,0,1,0,2020/8/25,-2,2017/1/1,2018/1/1,0,0,0,0,0,0,0,0,1,0,0,0,0
929,2018,C_929_1323756.0,1323756,control,0,2019/2/25,2019,0,Male,Black,1977,23,1,0,1,0,1,0.275167807,2020/8/25,-1,2018/1/1,2019/1/1,0,0,0,0,1,1,0,0,1,0,0,0,0
929,2018,P_929,,participant,1,2019/2/25,2019,0,Male,Black,1977,23,0,0,1,0,1,0,2020/8/25,-1,2018/1/1,2019/1/1,0,0,0,0,0,1,0,0,1,0,0,0,0
929,2019,C_929_1323756.0,1323756,control,0,2019/2/25,2019,0,Male,Black,1977,23,1,0,1,0,1,0.275167807,2020/8/25,0,2019/1/1,2020/1/1,1,1,0,0,1,1,0,0,1,0,0,0,0
929,2019,P_929,,participant,1,2019/2/25,2019,0,Male,Black,1977,23,0,0,1,0,1,0,2020/8/25,0,2019/1/1,2020/1/1,1,1,1959.351217,1,1,1,1,1,1,1,1,0,7.580878928
929,2020,C_929_1323756.0,1323756,control,0,2019/2/25,2019,0,Male,Black,1977,23,1,0,1,0,1,0.275167807,2020/8/25,1,2020/1/1,2021/1/1,1,1,0,0,1,1,0,0,1,0,0,0,0
929,2020,P_929,,participant,1,2019/2/25,2019,0,Male,Black,1977,23,0,0,1,0,1,0,2020/8/25,1,2020/1/1,2021/1/1,1,1,0,0,1,1,0,0,1,0,1,0,0
937,2017,C_937_848104.0,848104,control,0,2019/2/25,2019,0,Male,Black,2000,18,0,0,2,0,1,0,2020/8/25,-2,2017/1/1,2018/1/1,0,0,0,0,0,0,0,0,1,0,0,0,0
937,2017,P_937,,participant,1,2019/2/25,2019,0,Male,Black,2000,18,0,0,2,0,1,0,2020/8/25,-2,2017/1/1,2018/1/1,0,0,0,0,0,0,0,0,1,0,0,0,0
937,2018,C_937_848104.0,848104,control,0,2019/2/25,2019,0,Male,Black,2000,18,0,0,2,0,1,0,2020/8/25,-1,2018/1/1,2019/1/1,0,0,0,0,0,1,0,0,1,0,0,0,0
937,2018,P_937,,participant,1,2019/2/25,2019,0,Male,Black,2000,18,0,0,2,0,1,0,2020/8/25,-1,2018/1/1,2019/1/1,0,0,0,0,0,1,0,0,1,0,0,0,0
937,2019,C_937_848104.0,848104,control,0,2019/2/25,2019,0,Male,Black,2000,18,0,0,2,0,1,0,2020/8/25,0,2019/1/1,2020/1/1,1,1,9713.212527,1,1,1,0,0,1,0,0,0,9.181345301
937,2019,P_937,,participant,1,2019/2/25,2019,0,Male,Black,2000,18,0,0,2,0,1,0,2020/8/25,0,2019/1/1,2020/1/1,1,1,333.2894153,1,1,1,0,0,1,0,1,0,5.812007131
937,2020,C_937_848104.0,848104,control,0,2019/2/25,2019,0,Male,Black,2000,18,0,0,2,0,1,0,2020/8/25,1,2020/1/1,2021/1/1,1,1,5815.487197,1,1,1,0,0,1,0,0,0,8.668451784
937,2020,P_937,,participant,1,2019/2/25,2019,0,Male,Black,2000,18,0,0,2,0,1,0,2020/8/25,1,2020/1/1,2021/1/1,1,1,99.18162834,1,1,1,0,0,1,0,1,0,4.606984822
938,2017,C_938_1002137.0,1002137,control,0,2019/3/4,2019,0,Male,Black,1999,18,2,0,2,17801.53622,0,4.334569654,2020/9/1,-2,2017/1/1,2018/1/1,0,0,0,0,0,1,0,0,1,0,0,0,0
938,2017,P_938,,participant,1,2019/3/4,2019,0,Male,Black,1999,18,2,0,9,22824.79806,1,0,2020/9/1,-2,2017/1/1,2018/1/1,0,0,0,0,1,1,0,0,1,0,0,0,0
938,2018,C_938_1002137.0,1002137,control,0,2019/3/4,2019,0,Male,Black,1999,18,2,0,2,17801.53622,0,4.334569654,2020/9/1,-1,2018/1/1,2019/1/1,0,0,0,0,1,1,0,0,1,0,0,0,0
938,2018,P_938,,participant,1,2019/3/4,2019,0,Male,Black,1999,18,2,0,9,22824.79806,1,0,2020/9/1,-1,2018/1/1,2019/1/1,0,0,0,0,1,1,0,0,1,0,0,0,0
938,2019,C_938_1002137.0,1002137,control,0,2019/3/4,2019,0,Male,Black,1999,18,2,0,2,17801.53622,0,4.334569654,2020/9/1,0,2019/1/1,2020/1/1,1,1,416.8561144,1,1,1,0,0,1,0,0,0,6.035137149
938,2019,P_938,,participant,1,2019/3/4,2019,0,Male,Black,1999,18,2,0,9,22824.79806,1,0,2020/9/1,0,2019/1/1,2020/1/1,1,1,2795.587388,1,1,1,0,0,1,0,1,0,7.936155163
938,2020,C_938_1002137.0,1002137,control,0,2019/3/4,2019,0,Male,Black,1999,18,2,0,2,17801.53622,0,4.334569654,2020/9/1,1,2020/1/1,2021/1/1,1,1,0,0,1,1,0,0,1,0,0,0,0
938,2020,P_938,,participant,1,2019/3/4,2019,0,Male,Black,1999,18,2,0,9,22824.79806,1,0,2020/9/1,1,2020/1/1,2021/1/1,1,1,0,0,1,1,0,0,1,0,1,0,0
943,2017,C_943_1682895.0,1682895,control,0,2019/3/18,2019,0,Female,Black,1997,18,5,0,5,3436.842503,1,2.128130457,2020/9/15,-2,2017/1/1,2018/1/1,0,0,0,0,1,1,0,0,1,0,0,0,0
943,2017,P_943,,participant,1,2019/3/18,2019,0,Female,Black,1997,18,7,1,3,0,1,0,2020/9/15,-2,2017/1/1,2018/1/1,0,0,0,0,1,1,0,0,1,0,0,0,0
943,2018,C_943_1682895.0,1682895,control,0,2019/3/18,2019,0,Female,Black,1997,18,5,0,5,3436.842503,1,2.128130457,2020/9/15,-1,2018/1/1,2019/1/1,0,0,0,0,1,1,0,0,1,0,0,0,0
943,2018,P_943,,participant,1,2019/3/18,2019,0,Female,Black,1997,18,7,1,3,0,1,0,2020/9/15,-1,2018/1/1,2019/1/1,0,0,0,0,1,1,0,0,1,0,0,0,0
943,2019,C_943_1682895.0,1682895,control,0,2019/3/18,2019,0,Female,Black,1997,18,5,0,5,3436.842503,1,2.128130457,2020/9/15,0,2019/1/1,2020/1/1,1,1,23388.89827,1,1,1,0,0,1,0,0,0,10.06005951
943,2019,P_943,,participant,1,2019/3/18,2019,0,Female,Black,1997,18,7,1,3,0,1,0,2020/9/15,0,2019/1/1,2020/1/1,1,1,3904.686806,1,1,1,1,1,1,1,1,0,8.270188925
943,2020,C_943_1682895.0,1682895,control,0,2019/3/18,2019,0,Female,Black,1997,18,5,0,5,3436.842503,1,2.128130457,2020/9/15,1,2020/1/1,2021/1/1,1,1,9778.587863,1,1,1,0,0,1,0,0,0,9.188052621
943,2020,P_943,,participant,1,2019/3/18,2019,0,Female,Black,1997,18,7,1,3,0,1,0,2020/9/15,1,2020/1/1,2021/1/1,1,1,125.70123,1,1,1,0,0,1,0,1,0,4.841831796
951,2017,C_951_1010011.0,1010011,control,0,2019/4/1,2019,0,Male,Black,1990,22,5,1,5,0,0,2.055927968,2020/9/29,-2,2017/1/1,2018/1/1,0,0,0,0,1,1,0,0,1,0,0,0,0
951,2017,P_951,,participant,1,2019/4/1,2019,0,Male,Black,1990,22,9,1,2,0,0,0,2020/9/29,-2,2017/1/1,2018/1/1,0,0,0,0,1,1,0,0,1,0,0,0,0
951,2018,C_951_1010011.0,1010011,control,0,2019/4/1,2019,0,Male,Black,1990,22,5,1,5,0,0,2.055927968,2020/9/29,-1,2018/1/1,2019/1/1,0,0,0,0,1,1,0,0,1,0,0,0,0
951,2018,P_951,,participant,1,2019/4/1,2019,0,Male,Black,1990,22,9,1,2,0,0,0,2020/9/29,-1,2018/1/1,2019/1/1,0,0,0,0,1,1,0,0,1,0,0,0,0
951,2019,C_951_1010011.0,1010011,control,0,2019/4/1,2019,0,Male,Black,1990,22,5,1,5,0,0,2.055927968,2020/9/29,0,2019/1/1,2020/1/1,1,1,0,0,1,1,1,1,1,1,0,0,0
951,2019,P_951,,participant,1,2019/4/1,2019,0,Male,Black,1990,22,9,1,2,0,0,0,2020/9/29,0,2019/1/1,2020/1/1,1,1,2546.905744,1,1,1,0,0,1,0,1,0,7.843027024
951,2020,C_951_1010011.0,1010011,control,0,2019/4/1,2019,0,Male,Black,1990,22,5,1,5,0,0,2.055927968,2020/9/29,1,2020/1/1,2021/1/1,1,1,0,0,1,1,0,0,1,0,0,0,0
951,2020,P_951,,participant,1,2019/4/1,2019,0,Male,Black,1990,22,9,1,2,0,0,0,2020/9/29,1,2020/1/1,2021/1/1,1,1,0,0,1,1,0,0,1,0,1,0,0
968,2017,C_968_676837.0,676837,control,0,2019/4/22,2019,0,Male,Black,1995,21,0,0,1,0,1,0.093740603,2020/10/20,-2,2017/1/1,2018/1/1,0,0,0,0,1,1,0,0,1,0,0,0,0
968,2017,P_968,,participant,1,2019/4/22,2019,0,Male,Black,1995,21,0,0,1,892.6504883,1,0,2020/10/20,-2,2017/1/1,2018/1/1,0,0,0,0,1,1,0,0,1,0,0,0,0
968,2018,C_968_676837.0,676837,control,0,2019/4/22,2019,0,Male,Black,1995,21,0,0,1,0,1,0.093740603,2020/10/20,-1,2018/1/1,2019/1/1,0,0,0,0,1,1,0,0,1,0,0,0,0
968,2018,P_968,,participant,1,2019/4/22,2019,0,Male,Black,1995,21,0,0,1,892.6504883,1,0,2020/10/20,-1,2018/1/1,2019/1/1,0,0,0,0,1,1,0,0,1,0,0,0,0
968,2019,C_968_676837.0,676837,control,0,2019/4/22,2019,0,Male,Black,1995,21,0,0,1,0,1,0.093740603,2020/10/20,0,2019/1/1,2020/1/1,1,1,2592.914994,1,1,1,0,0,1,0,0,0,7.860923594
968,2019,P_968,,participant,1,2019/4/22,2019,0,Male,Black,1995,21,0,0,1,892.6504883,1,0,2020/10/20,0,2019/1/1,2020/1/1,1,1,7776.545526,1,1,1,0,0,1,0,1,0,8.958996082
968,2020,C_968_676837.0,676837,control,0,2019/4/22,2019,0,Male,Black,1995,21,0,0,1,0,1,0.093740603,2020/10/20,1,2020/1/1,2021/1/1,1,1,462.1846555,1,1,1,0,0,1,0,0,0,6.138125799
968,2020,P_968,,participant,1,2019/4/22,2019,0,Male,Black,1995,21,0,0,1,892.6504883,1,0,2020/10/20,1,2020/1/1,2021/1/1,1,1,6808.664898,1,1,1,0,0,1,0,1,0,8.826098191
970,2017,C_970_1328987.0,1328987,control,0,2019/4/22,2019,0,Male,Black,1993,19,2,1,2,0,0,0,2020/10/20,-2,2017/1/1,2018/1/1,0,0,0,0,1,1,0,0,1,0,0,0,0
970,2017,P_970,,participant,1,2019/4/22,2019,0,Male,Black,1993,19,2,1,2,0,0,0,2020/10/20,-2,2017/1/1,2018/1/1,0,0,0,0,1,1,0,0,1,0,0,0,0
970,2018,C_970_1328987.0,1328987,control,0,2019/4/22,2019,0,Male,Black,1993,19,2,1,2,0,0,0,2020/10/20,-1,2018/1/1,2019/1/1,0,0,0,0,1,1,0,0,1,0,0,0,0
970,2018,P_970,,participant,1,2019/4/22,2019,0,Male,Black,1993,19,2,1,2,0,0,0,2020/10/20,-1,2018/1/1,2019/1/1,0,0,0,0,1,1,0,0,1,0,0,0,0
970,2019,C_970_1328987.0,1328987,control,0,2019/4/22,2019,0,Male,Black,1993,19,2,1,2,0,0,0,2020/10/20,0,2019/1/1,2020/1/1,1,1,0,0,1,1,0,0,1,0,0,0,0
970,2019,P_970,,participant,1,2019/4/22,2019,0,Male,Black,1993,19,2,1,2,0,0,0,2020/10/20,0,2019/1/1,2020/1/1,1,1,0,0,1,1,1,1,1,1,1,0,0
970,2020,C_970_1328987.0,1328987,control,0,2019/4/22,2019,0,Male,Black,1993,19,2,1,2,0,0,0,2020/10/20,1,2020/1/1,2021/1/1,1,1,0,0,1,1,0,0,1,0,0,0,0
970,2020,P_970,,participant,1,2019/4/22,2019,0,Male,Black,1993,19,2,1,2,0,0,0,2020/10/20,1,2020/1/1,2021/1/1,1,1,0,0,1,1,1,1,1,1,1,0,0
971,2017,C_971_1778141.0,1778141,control,0,2019/5/20,2019,0,Male,Black,1984,18,13,1,13,0,1,0.666080266,2020/11/17,-2,2017/1/1,2018/1/1,0,0,0,0,1,1,0,0,1,0,0,0,0
971,2017,P_971,,participant,1,2019/5/20,2019,0,Male,Black,1984,18,15,1,12,4778.290685,1,0,2020/11/17,-2,2017/1/1,2018/1/1,0,0,0,0,1,1,0,0,1,0,0,0,0
971,2018,C_971_1778141.0,1778141,control,0,2019/5/20,2019,0,Male,Black,1984,18,13,1,13,0,1,0.666080266,2020/11/17,-1,2018/1/1,2019/1/1,0,0,0,0,1,1,0,0,1,0,0,0,0
971,2018,P_971,,participant,1,2019/5/20,2019,0,Male,Black,1984,18,15,1,12,4778.290685,1,0,2020/11/17,-1,2018/1/1,2019/1/1,0,0,0,0,1,1,0,0,1,0,0,0,0
971,2019,C_971_1778141.0,1778141,control,0,2019/5/20,2019,0,Male,Black,1984,18,13,1,13,0,1,0.666080266,2020/11/17,0,2019/1/1,2020/1/1,1,1,34346.50551,1,1,1,0,0,1,0,0,0,10.44428468
971,2019,P_971,,participant,1,2019/5/20,2019,0,Male,Black,1984,18,15,1,12,4778.290685,1,0,2020/11/17,0,2019/1/1,2020/1/1,1,1,9975.814772,1,1,1,0,0,1,0,1,0,9.208019157
971,2020,C_971_1778141.0,1778141,control,0,2019/5/20,2019,0,Male,Black,1984,18,13,1,13,0,1,0.666080266,2020/11/17,1,2020/1/1,2021/1/1,1,1,4713.010542,1,1,1,0,0,1,0,0,0,8.45829432
971,2020,P_971,,participant,1,2019/5/20,2019,0,Male,Black,1984,18,15,1,12,4778.290685,1,0,2020/11/17,1,2020/1/1,2021/1/1,1,1,18694.28398,1,1,1,0,0,1,0,1,0,9.836026578
972,2017,C_972_1115332.0,1115332,control,0,2019/4/29,2019,0,Male,Black,1972,33,1,0,1,0,1,1.172652306,2020/10/27,-2,2017/1/1,2018/1/1,0,0,0,0,1,1,0,0,1,0,0,0,0
972,2017,P_972,,participant,1,2019/4/29,2019,0,Male,Black,1972,33,4,0,3,6466.659464,1,0,2020/10/27,-2,2017/1/1,2018/1/1,0,0,0,0,1,1,0,0,1,0,0,0,0
972,2018,C_972_1115332.0,1115332,control,0,2019/4/29,2019,0,Male,Black,1972,33,1,0,1,0,1,1.172652306,2020/10/27,-1,2018/1/1,2019/1/1,0,0,0,0,1,1,0,0,1,0,0,0,0
972,2018,P_972,,participant,1,2019/4/29,2019,0,Male,Black,1972,33,4,0,3,6466.659464,1,0,2020/10/27,-1,2018/1/1,2019/1/1,0,0,0,0,1,1,0,0,1,0,0,0,0
972,2019,C_972_1115332.0,1115332,control,0,2019/4/29,2019,0,Male,Black,1972,33,1,0,1,0,1,1.172652306,2020/10/27,0,2019/1/1,2020/1/1,1,1,10219.63147,1,1,1,0,0,1,0,0,0,9.23216365
972,2019,P_972,,participant,1,2019/4/29,2019,0,Male,Black,1972,33,4,0,3,6466.659464,1,0,2020/10/27,0,2019/1/1,2020/1/1,1,1,0,0,1,1,0,0,1,0,1,0,0
972,2020,C_972_1115332.0,1115332,control,0,2019/4/29,2019,0,Male,Black,1972,33,1,0,1,0,1,1.172652306,2020/10/27,1,2020/1/1,2021/1/1,1,1,0,0,1,1,0,0,1,0,0,0,0
972,2020,P_972,,participant,1,2019/4/29,2019,0,Male,Black,1972,33,4,0,3,6466.659464,1,0,2020/10/27,1,2020/1/1,2021/1/1,1,1,1460.409336,1,1,1,0,0,1,0,1,0,7.287156548
975,2017,C_975_1440806.0,1440806,control,0,2019/4/29,2019,0,Male,Black,1993,18,1,0,1,5457.083539,0,0.307246321,2020/10/27,-2,2017/1/1,2018/1/1,0,0,0,0,1,1,0,0,1,0,0,0,0
975,2017,P_975,,participant,1,2019/4/29,2019,0,Male,Black,1993,18,0,0,1,3375.902511,0,0,2020/10/27,-2,2017/1/1,2018/1/1,0,0,0,0,0,1,0,0,1,0,0,0,0
975,2018,C_975_1440806.0,1440806,control,0,2019/4/29,2019,0,Male,Black,1993,18,1,0,1,5457.083539,0,0.307246321,2020/10/27,-1,2018/1/1,2019/1/1,0,0,0,0,1,1,0,0,1,0,0,0,0
975,2018,P_975,,participant,1,2019/4/29,2019,0,Male,Black,1993,18,0,0,1,3375.902511,0,0,2020/10/27,-1,2018/1/1,2019/1/1,0,0,0,0,1,1,0,0,1,0,0,0,0
975,2019,C_975_1440806.0,1440806,control,0,2019/4/29,2019,0,Male,Black,1993,18,1,0,1,5457.083539,0,0.307246321,2020/10/27,0,2019/1/1,2020/1/1,1,1,3740.005296,1,1,1,0,0,1,0,0,0,8.22710965
975,2019,P_975,,participant,1,2019/4/29,2019,0,Male,Black,1993,18,0,0,1,3375.902511,0,0,2020/10/27,0,2019/1/1,2020/1/1,1,1,11206.38021,1,1,1,0,0,1,0,1,0,9.324327788
975,2020,C_975_1440806.0,1440806,control,0,2019/4/29,2019,0,Male,Black,1993,18,1,0,1,5457.083539,0,0.307246321,2020/10/27,1,2020/1/1,2021/1/1,1,1,8924.275894,1,1,1,0,0,1,0,0,0,9.096642519
975,2020,P_975,,participant,1,2019/4/29,2019,0,Male,Black,1993,18,0,0,1,3375.902511,0,0,2020/10/27,1,2020/1/1,2021/1/1,1,1,7726.618652,1,1,1,0,0,1,0,1,0,8.952556028
977,2017,C_977_1374657.0,1374657,control,0,2019/5/6,2019,0,Male,Black,1988,27,1,0,2,285.7490723,1,0.455457876,2020/11/3,-2,2017/1/1,2018/1/1,0,0,0,0,1,1,0,0,1,0,0,0,0
977,2017,P_977,,participant,1,2019/5/6,2019,0,Male,Black,1988,27,1,0,3,985.8118939,1,0,2020/11/3,-2,2017/1/1,2018/1/1,0,0,0,0,1,1,0,0,1,0,0,0,0
977,2018,C_977_1374657.0,1374657,control,0,2019/5/6,2019,0,Male,Black,1988,27,1,0,2,285.7490723,1,0.455457876,2020/11/3,-1,2018/1/1,2019/1/1,0,0,0,0,1,1,0,0,1,0,0,0,0
977,2018,P_977,,participant,1,2019/5/6,2019,0,Male,Black,1988,27,1,0,3,985.8118939,1,0,2020/11/3,-1,2018/1/1,2019/1/1,0,0,0,0,1,1,0,0,1,0,0,0,0
977,2019,C_977_1374657.0,1374657,control,0,2019/5/6,2019,0,Male,Black,1988,27,1,0,2,285.7490723,1,0.455457876,2020/11/3,0,2019/1/1,2020/1/1,1,1,16190.06333,1,1,1,0,0,1,0,0,0,9.692214723
977,2019,P_977,,participant,1,2019/5/6,2019,0,Male,Black,1988,27,1,0,3,985.8118939,1,0,2020/11/3,0,2019/1/1,2020/1/1,1,1,387.1386911,1,1,1,1,1,1,1,1,0,5.961362727
977,2020,C_977_1374657.0,1374657,control,0,2019/5/6,2019,0,Male,Black,1988,27,1,0,2,285.7490723,1,0.455457876,2020/11/3,1,2020/1/1,2021/1/1,1,1,13978.87975,1,1,1,0,0,1,0,0,0,9.545374414
977,2020,P_977,,participant,1,2019/5/6,2019,0,Male,Black,1988,27,1,0,3,985.8118939,1,0,2020/11/3,1,2020/1/1,2021/1/1,1,1,0,0,1,1,1,1,1,1,1,0,0
980,2017,C_980_1295631.0,1295631,control,0,2019/5/13,2019,0,Male,Black,1990,19,1,0,1,23637.85493,1,0.259332679,2020/11/10,-2,2017/1/1,2018/1/1,0,0,0,0,1,1,0,0,1,0,0,0,0
980,2017,P_980,,participant,1,2019/5/13,2019,0,Male,Black,1990,19,0,0,1,22043.56602,1,0,2020/11/10,-2,2017/1/1,2018/1/1,0,0,0,0,1,1,0,0,1,0,0,0,0
980,2018,C_980_1295631.0,1295631,control,0,2019/5/13,2019,0,Male,Black,1990,19,1,0,1,23637.85493,1,0.259332679,2020/11/10,-1,2018/1/1,2019/1/1,0,0,0,0,1,1,0,0,1,0,0,0,0
980,2018,P_980,,participant,1,2019/5/13,2019,0,Male,Black,1990,19,0,0,1,22043.56602,1,0,2020/11/10,-1,2018/1/1,2019/1/1,0,0,0,0,1,1,0,0,1,0,0,0,0
980,2019,C_980_1295631.0,1295631,control,0,2019/5/13,2019,0,Male,Black,1990,19,1,0,1,23637.85493,1,0.259332679,2020/11/10,0,2019/1/1,2020/1/1,1,1,0,0,1,1,0,0,1,0,0,0,0
980,2019,P_980,,participant,1,2019/5/13,2019,0,Male,Black,1990,19,0,0,1,22043.56602,1,0,2020/11/10,0,2019/1/1,2020/1/1,1,1,19107.43684,1,1,1,0,0,1,0,1,0,9.857885236
980,2020,C_980_1295631.0,1295631,control,0,2019/5/13,2019,0,Male,Black,1990,19,1,0,1,23637.85493,1,0.259332679,2020/11/10,1,2020/1/1,2021/1/1,1,1,0,0,1,1,0,0,1,0,0,0,0
980,2020,P_980,,participant,1,2019/5/13,2019,0,Male,Black,1990,19,0,0,1,22043.56602,1,0,2020/11/10,1,2020/1/1,2021/1/1,1,1,1325.824913,1,1,1,0,0,1,0,1,0,7.190544083
984,2017,C_984_1331877.0,1331877,control,0,2019/5/13,2019,0,Male,Black,1981,20,5,1,5,2088.610231,1,0.734013851,2020/11/10,-2,2017/1/1,2018/1/1,0,0,0,0,1,1,0,0,1,0,0,0,0
984,2017,P_984,,participant,1,2019/5/13,2019,0,Male,Black,1981,20,7,1,4,7023.762737,1,0,2020/11/10,-2,2017/1/1,2018/1/1,0,0,0,0,1,1,0,0,1,0,0,0,0
984,2018,C_984_1331877.0,1331877,control,0,2019/5/13,2019,0,Male,Black,1981,20,5,1,5,2088.610231,1,0.734013851,2020/11/10,-1,2018/1/1,2019/1/1,0,0,0,0,1,1,0,0,1,0,0,0,0
984,2018,P_984,,participant,1,2019/5/13,2019,0,Male,Black,1981,20,7,1,4,7023.762737,1,0,2020/11/10,-1,2018/1/1,2019/1/1,0,0,0,0,1,1,0,0,1,0,0,0,0
984,2019,C_984_1331877.0,1331877,control,0,2019/5/13,2019,0,Male,Black,1981,20,5,1,5,2088.610231,1,0.734013851,2020/11/10,0,2019/1/1,2020/1/1,1,1,21223.53748,1,1,1,0,0,1,0,0,0,9.962913219
984,2019,P_984,,participant,1,2019/5/13,2019,0,Male,Black,1981,20,7,1,4,7023.762737,1,0,2020/11/10,0,2019/1/1,2020/1/1,1,1,1903.244367,1,1,1,0,0,1,0,1,0,7.551840551
984,2020,C_984_1331877.0,1331877,control,0,2019/5/13,2019,0,Male,Black,1981,20,5,1,5,2088.610231,1,0.734013851,2020/11/10,1,2020/1/1,2021/1/1,1,1,5679.717552,1,1,1,0,0,1,0,0,0,8.644832833
984,2020,P_984,,participant,1,2019/5/13,2019,0,Male,Black,1981,20,7,1,4,7023.762737,1,0,2020/11/10,1,2020/1/1,2021/1/1,1,1,0,0,1,1,0,0,1,0,1,0,0
988,2017,C_988_1283053.0,1283053,control,0,2019/5/28,2019,0,Male,Black,1995,19,2,0,2,6263.272222,1,0.179671307,2020/11/25,-2,2017/1/1,2018/1/1,0,0,0,0,1,1,0,0,1,0,0,0,0
988,2017,P_988,,participant,1,2019/5/28,2019,0,Male,Black,1995,19,2,0,2,7543.459061,1,0,2020/11/25,-2,2017/1/1,2018/1/1,0,0,0,0,1,1,0,0,1,0,0,0,0
988,2018,C_988_1283053.0,1283053,control,0,2019/5/28,2019,0,Male,Black,1995,19,2,0,2,6263.272222,1,0.179671307,2020/11/25,-1,2018/1/1,2019/1/1,0,0,0,0,1,1,0,0,1,0,0,0,0
988,2018,P_988,,participant,1,2019/5/28,2019,0,Male,Black,1995,19,2,0,2,7543.459061,1,0,2020/11/25,-1,2018/1/1,2019/1/1,0,0,0,0,1,1,0,0,1,0,0,0,0
988,2019,C_988_1283053.0,1283053,control,0,2019/5/28,2019,0,Male,Black,1995,19,2,0,2,6263.272222,1,0.179671307,2020/11/25,0,2019/1/1,2020/1/1,1,1,20413.32917,1,1,1,0,0,1,0,0,0,9.923992343
988,2019,P_988,,participant,1,2019/5/28,2019,0,Male,Black,1995,19,2,0,2,7543.459061,1,0,2020/11/25,0,2019/1/1,2020/1/1,1,1,2164.636137,1,1,1,0,0,1,0,1,0,7.680469425
988,2020,C_988_1283053.0,1283053,control,0,2019/5/28,2019,0,Male,Black,1995,19,2,0,2,6263.272222,1,0.179671307,2020/11/25,1,2020/1/1,2021/1/1,1,1,12070.11768,1,1,1,0,0,1,0,0,0,9.39857091
988,2020,P_988,,participant,1,2019/5/28,2019,0,Male,Black,1995,19,2,0,2,7543.459061,1,0,2020/11/25,1,2020/1/1,2021/1/1,1,1,7811.18475,1,1,1,1,1,1,1,1,0,8.963439941
998,2017,C_998_1583023.0,1583023,control,0,2019/7/8,2019,0,Male,Black,1989,23,4,1,4,9513.745861,1,0.623162286,2021/1/5,-2,2017/1/1,2018/1/1,0,0,0,0,1,1,0,0,1,0,0,0,0
998,2017,P_998,,participant,1,2019/7/8,2019,0,Male,Black,1989,23,6,1,4,8717.747665,1,0,2021/1/5,-2,2017/1/1,2018/1/1,0,0,0,0,1,1,0,0,1,0,0,0,0
998,2018,C_998_1583023.0,1583023,control,0,2019/7/8,2019,0,Male,Black,1989,23,4,1,4,9513.745861,1,0.623162286,2021/1/5,-1,2018/1/1,2019/1/1,0,0,0,0,1,1,0,0,1,0,0,0,0
998,2018,P_998,,participant,1,2019/7/8,2019,0,Male,Black,1989,23,6,1,4,8717.747665,1,0,2021/1/5,-1,2018/1/1,2019/1/1,0,0,0,0,1,1,0,0,1,0,0,0,0
998,2019,C_998_1583023.0,1583023,control,0,2019/7/8,2019,0,Male,Black,1989,23,4,1,4,9513.745861,1,0.623162286,2021/1/5,0,2019/1/1,2020/1/1,1,1,10094.70732,1,1,1,0,0,1,0,0,0,9.219865595
998,2019,P_998,,participant,1,2019/7/8,2019,0,Male,Black,1989,23,6,1,4,8717.747665,1,0,2021/1/5,0,2019/1/1,2020/1/1,1,1,6295.150436,1,1,1,0,0,1,0,1,0,8.747693684
998,2020,C_998_1583023.0,1583023,control,0,2019/7/8,2019,0,Male,Black,1989,23,4,1,4,9513.745861,1,0.623162286,2021/1/5,1,2020/1/1,2021/1/1,1,1,18268.66479,1,1,1,0,0,1,0,0,0,9.812997301
998,2020,P_998,,participant,1,2019/7/8,2019,0,Male,Black,1989,23,6,1,4,8717.747665,1,0,2021/1/5,1,2020/1/1,2021/1/1,1,1,5545.382942,1,1,1,0,0,1,0,1,0,8.620901272
999,2017,C_999_nan,,control,0,2019/6/4,2019,0,Male,Black,2000,,0,0,0,0,0,1,2020/12/2,-2,2017/1/1,2018/1/1,0,0,0,0,0,0,0,0,0,0,0,0,0
999,2017,P_999,,participant,1,2019/6/4,2019,0,Male,Black,2000,,0,0,0,0,1,0,2020/12/2,-2,2017/1/1,2018/1/1,0,0,0,0,0,0,0,0,0,0,0,0,0
999,2018,C_999_nan,,control,0,2019/6/4,2019,0,Male,Black,2000,,0,0,0,0,0,1,2020/12/2,-1,2018/1/1,2019/1/1,0,0,0,0,0,0,0,0,0,0,0,0,0
999,2018,P_999,,participant,1,2019/6/4,2019,0,Male,Black,2000,,0,0,0,0,1,0,2020/12/2,-1,2018/1/1,2019/1/1,0,0,0,0,0,0,0,0,0,0,0,0,0
999,2019,C_999_nan,,control,0,2019/6/4,2019,0,Male,Black,2000,,0,0,0,0,0,1,2020/12/2,0,2019/1/1,2020/1/1,1,1,0,0,0,0,0,0,0,0,0,0,0
999,2019,P_999,,participant,1,2019/6/4,2019,0,Male,Black,2000,,0,0,0,0,1,0,2020/12/2,0,2019/1/1,2020/1/1,1,1,0,0,0,0,0,0,0,0,1,0,0
999,2020,C_999_nan,,control,0,2019/6/4,2019,0,Male,Black,2000,,0,0,0,0,0,1,2020/12/2,1,2020/1/1,2021/1/1,1,1,0,0,0,0,0,0,0,0,0,0,0
999,2020,P_999,,participant,1,2019/6/4,2019,0,Male,Black,2000,,0,0,0,0,1,0,2020/12/2,1,2020/1/1,2021/1/1,1,1,0,0,0,0,0,0,0,0,1,0,0
1007,2017,C_1007_1068743.0,1068743,control,0,2019/6/17,2019,0,Male,White,1987,21,2,0,2,65143.99199,1,0.737843048,2020/12/15,-2,2017/1/1,2018/1/1,0,0,0,0,1,1,0,0,1,0,0,0,0
1007,2017,P_1007,,participant,1,2019/6/17,2019,0,Male,White,1987,21,0,0,1,83053.11145,1,0,2020/12/15,-2,2017/1/1,2018/1/1,0,0,0,0,1,1,0,0,1,0,0,0,0
1007,2018,C_1007_1068743.0,1068743,control,0,2019/6/17,2019,0,Male,White,1987,21,2,0,2,65143.99199,1,0.737843048,2020/12/15,-1,2018/1/1,2019/1/1,0,0,0,0,1,1,0,0,1,0,0,0,0
1007,2018,P_1007,,participant,1,2019/6/17,2019,0,Male,White,1987,21,0,0,1,83053.11145,1,0,2020/12/15,-1,2018/1/1,2019/1/1,0,0,0,0,1,1,0,0,1,0,0,0,0
1007,2019,C_1007_1068743.0,1068743,control,0,2019/6/17,2019,0,Male,White,1987,21,2,0,2,65143.99199,1,0.737843048,2020/12/15,0,2019/1/1,2020/1/1,1,1,49612.50682,1,1,1,0,0,1,0,0,0,10.81201839
1007,2019,P_1007,,participant,1,2019/6/17,2019,0,Male,White,1987,21,0,0,1,83053.11145,1,0,2020/12/15,0,2019/1/1,2020/1/1,1,1,15825.50172,1,1,1,0,0,1,0,1,0,9.669441138
1007,2020,C_1007_1068743.0,1068743,control,0,2019/6/17,2019,0,Male,White,1987,21,2,0,2,65143.99199,1,0.737843048,2020/12/15,1,2020/1/1,2021/1/1,1,1,6405.375542,1,1,1,0,0,1,0,0,0,8.765048952
1007,2020,P_1007,,participant,1,2019/6/17,2019,0,Male,White,1987,21,0,0,1,83053.11145,1,0,2020/12/15,1,2020/1/1,2021/1/1,1,1,18877.00456,1,1,1,0,0,1,0,1,0,9.845752744
1008,2017,C_1008_1136980.0,1136980,control,0,2019/6/17,2019,0,Female,White,1991,20,1,0,1,0,0,0.155446353,2020/12/15,-2,2017/1/1,2018/1/1,0,0,0,0,1,1,0,0,1,0,0,0,0
1008,2017,P_1008,,participant,1,2019/6/17,2019,0,Female,White,1991,20,0,0,1,0,0,0,2020/12/15,-2,2017/1/1,2018/1/1,0,0,0,0,0,0,0,0,1,0,0,0,0
1008,2018,C_1008_1136980.0,1136980,control,0,2019/6/17,2019,0,Female,White,1991,20,1,0,1,0,0,0.155446353,2020/12/15,-1,2018/1/1,2019/1/1,0,0,0,0,1,1,0,0,1,0,0,0,0
1008,2018,P_1008,,participant,1,2019/6/17,2019,0,Female,White,1991,20,0,0,1,0,0,0,2020/12/15,-1,2018/1/1,2019/1/1,0,0,0,0,0,1,0,0,1,0,0,0,0
1008,2019,C_1008_1136980.0,1136980,control,0,2019/6/17,2019,0,Female,White,1991,20,1,0,1,0,0,0.155446353,2020/12/15,0,2019/1/1,2020/1/1,1,1,0,0,1,1,0,0,1,0,0,0,0
1008,2019,P_1008,,participant,1,2019/6/17,2019,0,Female,White,1991,20,0,0,1,0,0,0,2020/12/15,0,2019/1/1,2020/1/1,1,1,0,0,1,1,0,0,1,0,1,0,0
1008,2020,C_1008_1136980.0,1136980,control,0,2019/6/17,2019,0,Female,White,1991,20,1,0,1,0,0,0.155446353,2020/12/15,1,2020/1/1,2021/1/1,1,1,0,0,1,1,0,0,1,0,0,0,0
1008,2020,P_1008,,participant,1,2019/6/17,2019,0,Female,White,1991,20,0,0,1,0,0,0,2020/12/15,1,2020/1/1,2021/1/1,1,1,0,0,1,1,0,0,1,0,1,0,0
1012,2017,C_1012_1031497.0,1031497,control,0,2019/6/17,2019,0,Male,White,1979,25,1,0,1,0,1,0.556947062,2020/12/15,-2,2017/1/1,2018/1/1,0,0,0,0,1,1,0,0,1,0,0,0,0
1012,2017,P_1012,,participant,1,2019/6/17,2019,0,Male,White,1979,25,0,0,1,10045.0108,1,0,2020/12/15,-2,2017/1/1,2018/1/1,0,0,0,0,0,0,0,0,1,0,0,0,0
1012,2018,C_1012_1031497.0,1031497,control,0,2019/6/17,2019,0,Male,White,1979,25,1,0,1,0,1,0.556947062,2020/12/15,-1,2018/1/1,2019/1/1,0,0,0,0,1,1,0,0,1,0,0,0,0
1012,2018,P_1012,,participant,1,2019/6/17,2019,0,Male,White,1979,25,0,0,1,10045.0108,1,0,2020/12/15,-1,2018/1/1,2019/1/1,0,0,0,0,0,1,0,0,1,0,0,0,0
1012,2019,C_1012_1031497.0,1031497,control,0,2019/6/17,2019,0,Male,White,1979,25,1,0,1,0,1,0.556947062,2020/12/15,0,2019/1/1,2020/1/1,1,1,88837.34857,1,1,1,0,0,1,0,0,0,11.39457369
1012,2019,P_1012,,participant,1,2019/6/17,2019,0,Male,White,1979,25,0,0,1,10045.0108,1,0,2020/12/15,0,2019/1/1,2020/1/1,1,1,6437.928862,1,1,1,0,0,1,0,1,0,8.770117479
1012,2020,C_1012_1031497.0,1031497,control,0,2019/6/17,2019,0,Male,White,1979,25,1,0,1,0,1,0.556947062,2020/12/15,1,2020/1/1,2021/1/1,1,1,58802.3333,1,1,1,0,0,1,0,0,0,10.98195382
1012,2020,P_1012,,participant,1,2019/6/17,2019,0,Male,White,1979,25,0,0,1,10045.0108,1,0,2020/12/15,1,2020/1/1,2021/1/1,1,1,12192.3138,1,1,1,0,0,1,0,1,0,9.408643031
1018,2017,C_1018_848777.0,848777,control,0,2019/6/19,2019,0,Male,Black,2000,18,2,0,2,1206.980625,1,1.161584284,2020/12/17,-2,2017/1/1,2018/1/1,0,0,0,0,0,0,0,0,1,0,0,0,0
1018,2017,P_1018,,participant,1,2019/6/19,2019,0,Male,Black,2000,18,2,0,1,3750.322225,1,0,2020/12/17,-2,2017/1/1,2018/1/1,0,0,0,0,0,0,0,0,1,0,0,0,0
1018,2018,C_1018_848777.0,848777,control,0,2019/6/19,2019,0,Male,Black,2000,18,2,0,2,1206.980625,1,1.161584284,2020/12/17,-1,2018/1/1,2019/1/1,0,0,0,0,0,1,0,0,1,0,0,0,0
1018,2018,P_1018,,participant,1,2019/6/19,2019,0,Male,Black,2000,18,2,0,1,3750.322225,1,0,2020/12/17,-1,2018/1/1,2019/1/1,0,0,0,0,0,1,0,0,1,0,0,0,0
1018,2019,C_1018_848777.0,848777,control,0,2019/6/19,2019,0,Male,Black,2000,18,2,0,2,1206.980625,1,1.161584284,2020/12/17,0,2019/1/1,2020/1/1,1,1,2031.411786,1,1,1,0,0,1,0,0,0,7.616978439
1018,2019,P_1018,,participant,1,2019/6/19,2019,0,Male,Black,2000,18,2,0,1,3750.322225,1,0,2020/12/17,0,2019/1/1,2020/1/1,1,1,1098.364169,1,1,1,0,0,1,0,1,0,7.002487264
1018,2020,C_1018_848777.0,848777,control,0,2019/6/19,2019,0,Male,Black,2000,18,2,0,2,1206.980625,1,1.161584284,2020/12/17,1,2020/1/1,2021/1/1,1,1,1207.041488,1,1,1,0,0,1,0,0,0,7.096755722
1018,2020,P_1018,,participant,1,2019/6/19,2019,0,Male,Black,2000,18,2,0,1,3750.322225,1,0,2020/12/17,1,2020/1/1,2021/1/1,1,1,7023.736157,1,1,1,0,0,1,0,1,0,8.857192936
1020,2017,C_1020_1630449.0,1630449,control,0,2019/7/1,2019,0,Male,Black,1986,20,7,1,7,6043.501065,1,1.103892557,2020/12/29,-2,2017/1/1,2018/1/1,0,0,0,0,1,1,0,0,1,0,0,0,0
1020,2017,P_1020,,participant,1,2019/7/1,2019,0,Male,Black,1986,20,10,1,3,7831.299417,1,0,2020/12/29,-2,2017/1/1,2018/1/1,0,0,0,0,1,1,0,0,1,0,0,0,0
1020,2018,C_1020_1630449.0,1630449,control,0,2019/7/1,2019,0,Male,Black,1986,20,7,1,7,6043.501065,1,1.103892557,2020/12/29,-1,2018/1/1,2019/1/1,0,0,0,0,1,1,0,0,1,0,0,0,0
1020,2018,P_1020,,participant,1,2019/7/1,2019,0,Male,Black,1986,20,10,1,3,7831.299417,1,0,2020/12/29,-1,2018/1/1,2019/1/1,0,0,0,0,1,1,0,0,1,0,0,0,0
1020,2019,C_1020_1630449.0,1630449,control,0,2019/7/1,2019,0,Male,Black,1986,20,7,1,7,6043.501065,1,1.103892557,2020/12/29,0,2019/1/1,2020/1/1,1,1,0,0,1,1,0,0,1,0,0,0,0
1020,2019,P_1020,,participant,1,2019/7/1,2019,0,Male,Black,1986,20,10,1,3,7831.299417,1,0,2020/12/29,0,2019/1/1,2020/1/1,1,1,2096.338177,1,1,1,0,0,1,0,1,0,7.648424285
1020,2020,C_1020_1630449.0,1630449,control,0,2019/7/1,2019,0,Male,Black,1986,20,7,1,7,6043.501065,1,1.103892557,2020/12/29,1,2020/1/1,2021/1/1,1,1,0,0,1,1,0,0,1,0,0,0,0
1020,2020,P_1020,,participant,1,2019/7/1,2019,0,Male,Black,1986,20,10,1,3,7831.299417,1,0,2020/12/29,1,2020/1/1,2021/1/1,1,1,0,0,1,1,0,0,1,0,1,0,0
1021,2017,C_1021_nan,,control,0,2019/6/24,2019,0,Male,Black,2000,,0,0,0,0,0,0,2020/12/22,-2,2017/1/1,2018/1/1,0,0,0,0,0,0,0,0,0,0,0,0,0
1021,2017,P_1021,,participant,1,2019/6/24,2019,0,Male,Black,2000,,0,0,0,0,0,0,2020/12/22,-2,2017/1/1,2018/1/1,0,0,0,0,0,0,0,0,0,0,0,0,0
1021,2018,C_1021_nan,,control,0,2019/6/24,2019,0,Male,Black,2000,,0,0,0,0,0,0,2020/12/22,-1,2018/1/1,2019/1/1,0,0,0,0,0,0,0,0,0,0,0,0,0
1021,2018,P_1021,,participant,1,2019/6/24,2019,0,Male,Black,2000,,0,0,0,0,0,0,2020/12/22,-1,2018/1/1,2019/1/1,0,0,0,0,0,0,0,0,0,0,0,0,0
1021,2019,C_1021_nan,,control,0,2019/6/24,2019,0,Male,Black,2000,,0,0,0,0,0,0,2020/12/22,0,2019/1/1,2020/1/1,1,1,0,0,0,0,0,0,0,0,0,0,0
1021,2019,P_1021,,participant,1,2019/6/24,2019,0,Male,Black,2000,,0,0,0,0,0,0,2020/12/22,0,2019/1/1,2020/1/1,1,1,0,0,0,0,0,0,0,0,1,0,0
1021,2020,C_1021_nan,,control,0,2019/6/24,2019,0,Male,Black,2000,,0,0,0,0,0,0,2020/12/22,1,2020/1/1,2021/1/1,1,1,0,0,0,0,0,0,0,0,0,0,0
1021,2020,P_1021,,participant,1,2019/6/24,2019,0,Male,Black,2000,,0,0,0,0,0,0,2020/12/22,1,2020/1/1,2021/1/1,1,1,2951.944191,1,0,0,0,0,0,0,1,0,7.990557982
1026,2017,C_1026_1429627.0,1429627,control,0,2019/7/10,2019,0,Male,Black,1981,19,9,1,8,0,0,0.521497658,2021/1/7,-2,2017/1/1,2018/1/1,0,0,0,0,1,1,0,0,1,0,0,0,0
1026,2017,P_1026,,participant,1,2019/7/10,2019,0,Male,Black,1981,19,10,1,6,0,0,0,2021/1/7,-2,2017/1/1,2018/1/1,0,0,0,0,1,1,0,0,1,0,0,0,0
1026,2018,C_1026_1429627.0,1429627,control,0,2019/7/10,2019,0,Male,Black,1981,19,9,1,8,0,0,0.521497658,2021/1/7,-1,2018/1/1,2019/1/1,0,0,0,0,1,1,0,0,1,0,0,0,0
1026,2018,P_1026,,participant,1,2019/7/10,2019,0,Male,Black,1981,19,10,1,6,0,0,0,2021/1/7,-1,2018/1/1,2019/1/1,0,0,0,0,1,1,0,0,1,0,0,0,0
1026,2019,C_1026_1429627.0,1429627,control,0,2019/7/10,2019,0,Male,Black,1981,19,9,1,8,0,0,0.521497658,2021/1/7,0,2019/1/1,2020/1/1,1,1,0,0,1,1,0,0,1,0,0,0,0
1026,2019,P_1026,,participant,1,2019/7/10,2019,0,Male,Black,1981,19,10,1,6,0,0,0,2021/1/7,0,2019/1/1,2020/1/1,1,1,0,0,1,1,1,1,1,1,1,0,0
1026,2020,C_1026_1429627.0,1429627,control,0,2019/7/10,2019,0,Male,Black,1981,19,9,1,8,0,0,0.521497658,2021/1/7,1,2020/1/1,2021/1/1,1,1,0,0,1,1,0,0,1,0,0,0,0
1026,2020,P_1026,,participant,1,2019/7/10,2019,0,Male,Black,1981,19,10,1,6,0,0,0,2021/1/7,1,2020/1/1,2021/1/1,1,1,0,0,1,1,0,0,1,0,1,0,0
1030,2017,C_1030_1882519.0,1882519,control,0,2019/7/8,2019,0,Male,White,1998,18,1,0,1,1803.929672,1,0.169967241,2021/1/5,-2,2017/1/1,2018/1/1,0,0,0,0,1,1,0,0,1,0,0,0,0
1030,2017,P_1030,,participant,1,2019/7/8,2019,0,Male,White,1998,18,1,0,1,399.4345338,1,0,2021/1/5,-2,2017/1/1,2018/1/1,0,0,0,0,0,1,0,0,1,0,0,0,0
1030,2018,C_1030_1882519.0,1882519,control,0,2019/7/8,2019,0,Male,White,1998,18,1,0,1,1803.929672,1,0.169967241,2021/1/5,-1,2018/1/1,2019/1/1,0,0,0,0,1,1,0,0,1,0,0,0,0
1030,2018,P_1030,,participant,1,2019/7/8,2019,0,Male,White,1998,18,1,0,1,399.4345338,1,0,2021/1/5,-1,2018/1/1,2019/1/1,0,0,0,0,1,1,0,0,1,0,0,0,0
1030,2019,C_1030_1882519.0,1882519,control,0,2019/7/8,2019,0,Male,White,1998,18,1,0,1,1803.929672,1,0.169967241,2021/1/5,0,2019/1/1,2020/1/1,1,1,693.5709449,1,1,1,0,0,1,0,0,0,6.543294309
1030,2019,P_1030,,participant,1,2019/7/8,2019,0,Male,White,1998,18,1,0,1,399.4345338,1,0,2021/1/5,0,2019/1/1,2020/1/1,1,1,0,0,1,1,0,0,1,0,1,0,0
1030,2020,C_1030_1882519.0,1882519,control,0,2019/7/8,2019,0,Male,White,1998,18,1,0,1,1803.929672,1,0.169967241,2021/1/5,1,2020/1/1,2021/1/1,1,1,658.4674125,1,1,1,0,0,1,0,0,0,6.491432559
1030,2020,P_1030,,participant,1,2019/7/8,2019,0,Male,White,1998,18,1,0,1,399.4345338,1,0,2021/1/5,1,2020/1/1,2021/1/1,1,1,3602.894661,1,1,1,0,0,1,0,1,0,8.18977039
1034,2017,C_1034_1812165.0,1812165,control,0,2019/8/12,2019,0,Male,Black,1980,31,3,1,3,8284.535388,1,1.247644737,2021/2/9,-2,2017/1/1,2018/1/1,0,0,0,0,1,1,0,0,1,0,0,0,0
1034,2017,P_1034,,participant,1,2019/8/12,2019,0,Male,Black,1980,31,4,1,2,11480.80826,1,0,2021/2/9,-2,2017/1/1,2018/1/1,0,0,0,0,1,1,0,0,1,0,0,0,0
1034,2018,C_1034_1812165.0,1812165,control,0,2019/8/12,2019,0,Male,Black,1980,31,3,1,3,8284.535388,1,1.247644737,2021/2/9,-1,2018/1/1,2019/1/1,0,0,0,0,1,1,0,0,1,0,0,0,0
1034,2018,P_1034,,participant,1,2019/8/12,2019,0,Male,Black,1980,31,4,1,2,11480.80826,1,0,2021/2/9,-1,2018/1/1,2019/1/1,0,0,0,0,1,1,0,0,1,0,0,0,0
1034,2019,C_1034_1812165.0,1812165,control,0,2019/8/12,2019,0,Male,Black,1980,31,3,1,3,8284.535388,1,1.247644737,2021/2/9,0,2019/1/1,2020/1/1,1,1,4180.055414,1,1,1,0,0,1,0,0,0,8.338318985
1034,2019,P_1034,,participant,1,2019/8/12,2019,0,Male,Black,1980,31,4,1,2,11480.80826,1,0,2021/2/9,0,2019/1/1,2020/1/1,1,1,977.3045133,1,1,1,0,0,1,0,1,0,6.885820985
1034,2020,C_1034_1812165.0,1812165,control,0,2019/8/12,2019,0,Male,Black,1980,31,3,1,3,8284.535388,1,1.247644737,2021/2/9,1,2020/1/1,2021/1/1,1,1,0,0,1,1,0,0,1,0,0,0,0
1034,2020,P_1034,,participant,1,2019/8/12,2019,0,Male,Black,1980,31,4,1,2,11480.80826,1,0,2021/2/9,1,2020/1/1,2021/1/1,1,1,1171.471477,1,1,1,0,0,1,0,1,0,7.066869174
1035,2017,C_1035_1633092.0,1633092,control,0,2019/7/22,2019,0,Male,Black,1992,22,2,0,2,14000.97215,1,0.545858543,2021/1/19,-2,2017/1/1,2018/1/1,0,0,0,0,1,1,0,0,1,0,0,0,0
1035,2017,P_1035,,participant,1,2019/7/22,2019,0,Male,Black,1992,22,3,0,2,17698.33672,1,0,2021/1/19,-2,2017/1/1,2018/1/1,0,0,0,0,1,1,0,0,1,0,0,0,0
1035,2018,C_1035_1633092.0,1633092,control,0,2019/7/22,2019,0,Male,Black,1992,22,2,0,2,14000.97215,1,0.545858543,2021/1/19,-1,2018/1/1,2019/1/1,0,0,0,0,1,1,0,0,1,0,0,0,0
1035,2018,P_1035,,participant,1,2019/7/22,2019,0,Male,Black,1992,22,3,0,2,17698.33672,1,0,2021/1/19,-1,2018/1/1,2019/1/1,0,0,0,0,1,1,0,0,1,0,0,0,0
1035,2019,C_1035_1633092.0,1633092,control,0,2019/7/22,2019,0,Male,Black,1992,22,2,0,2,14000.97215,1,0.545858543,2021/1/19,0,2019/1/1,2020/1/1,1,1,4412.280715,1,1,1,0,0,1,0,0,0,8.392373618
1035,2019,P_1035,,participant,1,2019/7/22,2019,0,Male,Black,1992,22,3,0,2,17698.33672,1,0,2021/1/19,0,2019/1/1,2020/1/1,1,1,1054.227836,1,1,1,0,0,1,0,1,0,6.961511981
1035,2020,C_1035_1633092.0,1633092,control,0,2019/7/22,2019,0,Male,Black,1992,22,2,0,2,14000.97215,1,0.545858543,2021/1/19,1,2020/1/1,2021/1/1,1,1,0,0,1,1,0,0,1,0,0,0,0
1035,2020,P_1035,,participant,1,2019/7/22,2019,0,Male,Black,1992,22,3,0,2,17698.33672,1,0,2021/1/19,1,2020/1/1,2021/1/1,1,1,32001.18997,1,1,1,0,0,1,0,1,0,10.37355962
1037,2017,C_1037_1709650.0,1709650,control,0,2019/7/22,2019,0,Male,Black,1993,19,1,1,1,4206.600853,0,1.707774434,2021/1/19,-2,2017/1/1,2018/1/1,0,0,0,0,1,1,0,0,1,0,0,0,0
1037,2017,P_1037,,participant,1,2019/7/22,2019,0,Male,Black,1993,19,4,1,2,14599.00967,0,0,2021/1/19,-2,2017/1/1,2018/1/1,0,0,0,0,1,1,0,0,1,0,0,0,0
1037,2018,C_1037_1709650.0,1709650,control,0,2019/7/22,2019,0,Male,Black,1993,19,1,1,1,4206.600853,0,1.707774434,2021/1/19,-1,2018/1/1,2019/1/1,0,0,0,0,1,1,0,0,1,0,0,0,0
1037,2018,P_1037,,participant,1,2019/7/22,2019,0,Male,Black,1993,19,4,1,2,14599.00967,0,0,2021/1/19,-1,2018/1/1,2019/1/1,0,0,0,0,1,1,0,0,1,0,0,0,0
1037,2019,C_1037_1709650.0,1709650,control,0,2019/7/22,2019,0,Male,Black,1993,19,1,1,1,4206.600853,0,1.707774434,2021/1/19,0,2019/1/1,2020/1/1,1,1,0,0,1,1,0,0,1,0,0,0,0
1037,2019,P_1037,,participant,1,2019/7/22,2019,0,Male,Black,1993,19,4,1,2,14599.00967,0,0,2021/1/19,0,2019/1/1,2020/1/1,1,1,0,0,1,1,0,0,1,0,1,0,0
1037,2020,C_1037_1709650.0,1709650,control,0,2019/7/22,2019,0,Male,Black,1993,19,1,1,1,4206.600853,0,1.707774434,2021/1/19,1,2020/1/1,2021/1/1,1,1,0,0,1,1,0,0,1,0,0,0,0
1037,2020,P_1037,,participant,1,2019/7/22,2019,0,Male,Black,1993,19,4,1,2,14599.00967,0,0,2021/1/19,1,2020/1/1,2021/1/1,1,1,96.67070104,1,1,1,0,0,1,0,1,0,4.581601627
1041,2017,C_1041_nan,,control,0,2019/8/12,2019,0,Male,Black,2000,,0,0,0,0,0,6122.700671,2021/2/9,-2,2017/1/1,2018/1/1,0,0,0,0,0,0,0,0,0,0,0,0,0
1041,2017,P_1041,,participant,1,2019/8/12,2019,0,Male,Black,2000,,0,0,0,6122.700589,1,0,2021/2/9,-2,2017/1/1,2018/1/1,0,0,0,0,0,0,0,0,0,0,0,0,0
1041,2018,C_1041_nan,,control,0,2019/8/12,2019,0,Male,Black,2000,,0,0,0,0,0,6122.700671,2021/2/9,-1,2018/1/1,2019/1/1,0,0,0,0,0,0,0,0,0,0,0,0,0
1041,2018,P_1041,,participant,1,2019/8/12,2019,0,Male,Black,2000,,0,0,0,6122.700589,1,0,2021/2/9,-1,2018/1/1,2019/1/1,0,0,0,0,0,0,0,0,0,0,0,0,0
1041,2019,C_1041_nan,,control,0,2019/8/12,2019,0,Male,Black,2000,,0,0,0,0,0,6122.700671,2021/2/9,0,2019/1/1,2020/1/1,1,1,0,0,0,0,0,0,0,0,0,0,0
1041,2019,P_1041,,participant,1,2019/8/12,2019,0,Male,Black,2000,,0,0,0,6122.700589,1,0,2021/2/9,0,2019/1/1,2020/1/1,1,1,13292.59723,1,0,0,0,0,0,0,1,0,9.495037787
1041,2020,C_1041_nan,,control,0,2019/8/12,2019,0,Male,Black,2000,,0,0,0,0,0,6122.700671,2021/2/9,1,2020/1/1,2021/1/1,1,1,0,0,0,0,0,0,0,0,0,0,0
1041,2020,P_1041,,participant,1,2019/8/12,2019,0,Male,Black,2000,,0,0,0,6122.700589,1,0,2021/2/9,1,2020/1/1,2021/1/1,1,1,5896.005746,1,0,0,0,0,0,0,1,0,8.6822
1044,2017,C_1044_864371.0,864371,control,0,2019/8/26,2019,0,Male,Black,2000,19,0,0,1,6895.731235,1,2.275944389,2021/2/23,-2,2017/1/1,2018/1/1,0,0,0,0,0,0,0,0,1,0,0,0,0
1044,2017,P_1044,,participant,1,2019/8/26,2019,0,Male,Black,2000,19,0,0,3,7451.437137,1,0,2021/2/23,-2,2017/1/1,2018/1/1,0,0,0,0,1,1,0,0,1,0,0,0,0
1044,2018,C_1044_864371.0,864371,control,0,2019/8/26,2019,0,Male,Black,2000,19,0,0,1,6895.731235,1,2.275944389,2021/2/23,-1,2018/1/1,2019/1/1,0,0,0,0,0,0,0,0,1,0,0,0,0
1044,2018,P_1044,,participant,1,2019/8/26,2019,0,Male,Black,2000,19,0,0,3,7451.437137,1,0,2021/2/23,-1,2018/1/1,2019/1/1,0,0,0,0,1,1,0,0,1,0,0,0,0
1044,2019,C_1044_864371.0,864371,control,0,2019/8/26,2019,0,Male,Black,2000,19,0,0,1,6895.731235,1,2.275944389,2021/2/23,0,2019/1/1,2020/1/1,1,1,8337.029075,1,0,1,0,0,1,0,0,0,9.028582145
1044,2019,P_1044,,participant,1,2019/8/26,2019,0,Male,Black,2000,19,0,0,3,7451.437137,1,0,2021/2/23,0,2019/1/1,2020/1/1,1,1,2468.23589,1,1,1,2,1,1,1,1,0,7.811664025
1044,2020,C_1044_864371.0,864371,control,0,2019/8/26,2019,0,Male,Black,2000,19,0,0,1,6895.731235,1,2.275944389,2021/2/23,1,2020/1/1,2021/1/1,1,1,1850.115405,1,1,1,2,1,1,1,0,0,7.523543658
1044,2020,P_1044,,participant,1,2019/8/26,2019,0,Male,Black,2000,19,0,0,3,7451.437137,1,0,2021/2/23,1,2020/1/1,2021/1/1,1,1,15041.30222,1,1,1,0,0,1,0,1,0,9.618621659
1059,2017,C_1059_1638952.0,1638952,control,0,2019/9/18,2019,0,Male,Black,1998,18,1,0,1,15454.60151,1,0.771402421,2021/3/18,-2,2017/1/1,2018/1/1,0,0,0,0,1,1,0,0,1,0,0,0,0
1059,2017,P_1059,,participant,1,2019/9/18,2019,0,Male,Black,1998,18,0,0,2,13101.91165,1,0,2021/3/18,-2,2017/1/1,2018/1/1,0,0,0,0,0,0,0,0,1,0,0,0,0
1059,2018,C_1059_1638952.0,1638952,control,0,2019/9/18,2019,0,Male,Black,1998,18,1,0,1,15454.60151,1,0.771402421,2021/3/18,-1,2018/1/1,2019/1/1,0,0,0,0,1,1,0,0,1,0,0,0,0
1059,2018,P_1059,,participant,1,2019/9/18,2019,0,Male,Black,1998,18,0,0,2,13101.91165,1,0,2021/3/18,-1,2018/1/1,2019/1/1,0,0,0,0,0,0,0,0,1,0,0,0,0
1059,2019,C_1059_1638952.0,1638952,control,0,2019/9/18,2019,0,Male,Black,1998,18,1,0,1,15454.60151,1,0.771402421,2021/3/18,0,2019/1/1,2020/1/1,1,1,0,0,1,1,0,0,1,0,0,0,0
1059,2019,P_1059,,participant,1,2019/9/18,2019,0,Male,Black,1998,18,0,0,2,13101.91165,1,0,2021/3/18,0,2019/1/1,2020/1/1,1,1,3248.630023,1,0,1,0,0,1,0,1,0,8.08629643
1059,2020,C_1059_1638952.0,1638952,control,0,2019/9/18,2019,0,Male,Black,1998,18,1,0,1,15454.60151,1,0.771402421,2021/3/18,1,2020/1/1,2021/1/1,1,1,0,0,1,1,0,0,1,0,0,0,0
1059,2020,P_1059,,participant,1,2019/9/18,2019,0,Male,Black,1998,18,0,0,2,13101.91165,1,0,2021/3/18,1,2020/1/1,2021/1/1,1,1,3797.8588,1,1,1,0,0,1,0,1,0,8.242455985
1069,2017,C_1069_1212953.0,1212953,control,0,2019/9/30,2019,0,Male,Black,1983,30,3,1,3,29430.29728,1,2.886914247,2021/3/30,-2,2017/1/1,2018/1/1,0,0,0,0,1,1,0,0,1,0,0,0,0
1069,2017,P_1069,,participant,1,2019/9/30,2019,0,Male,Black,1983,30,5,1,2,30982.90344,1,0,2021/3/30,-2,2017/1/1,2018/1/1,0,0,0,0,1,1,0,0,1,0,0,0,0
1069,2018,C_1069_1212953.0,1212953,control,0,2019/9/30,2019,0,Male,Black,1983,30,3,1,3,29430.29728,1,2.886914247,2021/3/30,-1,2018/1/1,2019/1/1,0,0,0,0,1,1,0,0,1,0,0,0,0
1069,2018,P_1069,,participant,1,2019/9/30,2019,0,Male,Black,1983,30,5,1,2,30982.90344,1,0,2021/3/30,-1,2018/1/1,2019/1/1,0,0,0,0,1,1,0,0,1,0,0,0,0
1069,2019,C_1069_1212953.0,1212953,control,0,2019/9/30,2019,0,Male,Black,1983,30,3,1,3,29430.29728,1,2.886914247,2021/3/30,0,2019/1/1,2020/1/1,1,1,0,0,1,1,0,0,1,0,0,0,0
1069,2019,P_1069,,participant,1,2019/9/30,2019,0,Male,Black,1983,30,5,1,2,30982.90344,1,0,2021/3/30,0,2019/1/1,2020/1/1,1,1,5625.490882,1,1,1,0,0,1,0,1,0,8.635241238
1069,2020,C_1069_1212953.0,1212953,control,0,2019/9/30,2019,0,Male,Black,1983,30,3,1,3,29430.29728,1,2.886914247,2021/3/30,1,2020/1/1,2021/1/1,1,1,0,0,1,1,0,0,1,0,0,0,0
1069,2020,P_1069,,participant,1,2019/9/30,2019,0,Male,Black,1983,30,5,1,2,30982.90344,1,0,2021/3/30,1,2020/1/1,2021/1/1,1,1,29553.69493,1,1,1,0,0,1,0,1,0,10.29399789
1076,2017,C_1076_1795288.0,1795288,control,0,2019/10/7,2019,0,Male,Black,1993,18,7,1,7,0,1,1.206855465,2021/4/6,-2,2017/1/1,2018/1/1,0,0,0,0,1,1,0,0,1,0,0,0,0
1076,2017,P_1076,,participant,1,2019/10/7,2019,0,Male,Black,1993,18,10,1,3,131.4492707,1,0,2021/4/6,-2,2017/1/1,2018/1/1,0,0,0,0,1,1,0,0,1,0,0,0,0
1076,2018,C_1076_1795288.0,1795288,control,0,2019/10/7,2019,0,Male,Black,1993,18,7,1,7,0,1,1.206855465,2021/4/6,-1,2018/1/1,2019/1/1,0,0,0,0,1,1,0,0,1,0,0,0,0
1076,2018,P_1076,,participant,1,2019/10/7,2019,0,Male,Black,1993,18,10,1,3,131.4492707,1,0,2021/4/6,-1,2018/1/1,2019/1/1,0,0,0,0,1,1,0,0,1,0,0,0,0
1076,2019,C_1076_1795288.0,1795288,control,0,2019/10/7,2019,0,Male,Black,1993,18,7,1,7,0,1,1.206855465,2021/4/6,0,2019/1/1,2020/1/1,1,1,8477.959023,1,1,1,0,0,1,0,0,0,9.045342965
1076,2019,P_1076,,participant,1,2019/10/7,2019,0,Male,Black,1993,18,10,1,3,131.4492707,1,0,2021/4/6,0,2019/1/1,2020/1/1,1,1,0,0,1,1,0,0,1,0,1,0,0
1076,2020,C_1076_1795288.0,1795288,control,0,2019/10/7,2019,0,Male,Black,1993,18,7,1,7,0,1,1.206855465,2021/4/6,1,2020/1/1,2021/1/1,1,1,16120.4565,1,1,1,0,0,1,0,0,0,9.687906366
1076,2020,P_1076,,participant,1,2019/10/7,2019,0,Male,Black,1993,18,10,1,3,131.4492707,1,0,2021/4/6,1,2020/1/1,2021/1/1,1,1,3956.716064,1,1,1,0,0,1,0,1,0,8.283422386
1082,2017,C_1082_489896.0,489896,control,0,2019/10/14,2019,0,Male,Black,1996,20,0,0,4,0,0,0.484345621,2021/4/13,-2,2017/1/1,2018/1/1,0,0,0,0,0,1,0,0,1,0,0,0,0
1082,2017,P_1082,,participant,1,2019/10/14,2019,0,Male,Black,1996,20,0,0,3,2297.591433,0,0,2021/4/13,-2,2017/1/1,2018/1/1,0,0,0,0,1,1,0,0,1,0,0,0,0
1082,2018,C_1082_489896.0,489896,control,0,2019/10/14,2019,0,Male,Black,1996,20,0,0,4,0,0,0.484345621,2021/4/13,-1,2018/1/1,2019/1/1,0,0,0,0,1,1,0,0,1,0,0,0,0
1082,2018,P_1082,,participant,1,2019/10/14,2019,0,Male,Black,1996,20,0,0,3,2297.591433,0,0,2021/4/13,-1,2018/1/1,2019/1/1,0,0,0,0,1,1,0,0,1,0,0,0,0
1082,2019,C_1082_489896.0,489896,control,0,2019/10/14,2019,0,Male,Black,1996,20,0,0,4,0,0,0.484345621,2021/4/13,0,2019/1/1,2020/1/1,1,1,0,0,1,1,0,0,1,0,0,0,0
1082,2019,P_1082,,participant,1,2019/10/14,2019,0,Male,Black,1996,20,0,0,3,2297.591433,0,0,2021/4/13,0,2019/1/1,2020/1/1,1,1,0,0,1,1,0,0,1,0,1,0,0
1082,2020,C_1082_489896.0,489896,control,0,2019/10/14,2019,0,Male,Black,1996,20,0,0,4,0,0,0.484345621,2021/4/13,1,2020/1/1,2021/1/1,1,1,0,0,1,1,0,0,1,0,0,0,0
1082,2020,P_1082,,participant,1,2019/10/14,2019,0,Male,Black,1996,20,0,0,3,2297.591433,0,0,2021/4/13,1,2020/1/1,2021/1/1,1,1,3405.439748,1,1,1,0,0,1,0,1,0,8.133422963
1089,2017,C_1089_1866937.0,1866937,control,0,2019/10/28,2019,0,Male,White,1991,25,6,0,6,38368.44148,1,10.13265554,2021/4/27,-2,2017/1/1,2018/1/1,0,0,0,0,1,1,0,0,1,0,0,0,0
1089,2017,P_1089,,participant,1,2019/10/28,2019,0,Male,White,1991,25,20,0,3,0,1,0,2021/4/27,-2,2017/1/1,2018/1/1,0,0,0,0,1,1,0,0,1,0,0,0,0
1089,2018,C_1089_1866937.0,1866937,control,0,2019/10/28,2019,0,Male,White,1991,25,6,0,6,38368.44148,1,10.13265554,2021/4/27,-1,2018/1/1,2019/1/1,0,0,0,0,1,1,0,0,1,0,0,0,0
1089,2018,P_1089,,participant,1,2019/10/28,2019,0,Male,White,1991,25,20,0,3,0,1,0,2021/4/27,-1,2018/1/1,2019/1/1,0,0,0,0,1,1,0,0,1,0,0,0,0
1089,2019,C_1089_1866937.0,1866937,control,0,2019/10/28,2019,0,Male,White,1991,25,6,0,6,38368.44148,1,10.13265554,2021/4/27,0,2019/1/1,2020/1/1,1,1,0,0,1,1,0,0,1,0,0,0,0
1089,2019,P_1089,,participant,1,2019/10/28,2019,0,Male,White,1991,25,20,0,3,0,1,0,2021/4/27,0,2019/1/1,2020/1/1,1,1,0,0,1,1,0,0,1,0,1,0,0
1089,2020,C_1089_1866937.0,1866937,control,0,2019/10/28,2019,0,Male,White,1991,25,6,0,6,38368.44148,1,10.13265554,2021/4/27,1,2020/1/1,2021/1/1,1,1,0,0,1,1,0,0,1,0,0,0,0
1089,2020,P_1089,,participant,1,2019/10/28,2019,0,Male,White,1991,25,20,0,3,0,1,0,2021/4/27,1,2020/1/1,2021/1/1,1,1,1008.82073,1,1,1,0,0,1,0,1,0,6.917528099
1092,2023,C_1092_1528645.0,1528645,control,0,2025/8/18,2025,1,Male,Black,1990,20,1,0,1,0,0,0.305607962,2027/2/16,-2,2023/1/1,2024/1/1,0,0,0,0,1,1,0,0,1,0,0,0,0
1092,2023,P_1092,,participant,1,2025/8/18,2025,1,Male,Black,1990,20,0,0,1,0,0,0,2027/2/16,-2,2023/1/1,2024/1/1,0,0,0,0,1,1,0,0,1,0,0,0,0
1092,2024,C_1092_1528645.0,1528645,control,0,2025/8/18,2025,1,Male,Black,1990,20,1,0,1,0,0,0.305607962,2027/2/16,-1,2024/1/1,2025/1/1,0,0,0,0,1,1,0,0,1,0,0,0,0
1092,2024,P_1092,,participant,1,2025/8/18,2025,1,Male,Black,1990,20,0,0,1,0,0,0,2027/2/16,-1,2024/1/1,2025/1/1,0,0,0,0,1,1,0,0,1,0,0,0,0
1092,2025,C_1092_1528645.0,1528645,control,0,2025/8/18,2025,1,Male,Black,1990,20,1,0,1,0,0,0.305607962,2027/2/16,0,2025/1/1,2026/1/1,1,1,0,0,1,1,0,0,1,0,0,0,0
1092,2025,P_1092,,participant,1,2025/8/18,2025,1,Male,Black,1990,20,0,0,1,0,0,0,2027/2/16,0,2025/1/1,2026/1/1,1,1,0,0,1,1,0,0,1,0,1,1,0
1092,2026,C_1092_1528645.0,1528645,control,0,2025/8/18,2025,1,Male,Black,1990,20,1,0,1,0,0,0.305607962,2027/2/16,1,2026/1/1,2027/1/1,1,1,0,0,1,1,0,0,1,0,0,0,0
1092,2026,P_1092,,participant,1,2025/8/18,2025,1,Male,Black,1990,20,0,0,1,0,0,0,2027/2/16,1,2026/1/1,2027/1/1,1,1,0,0,1,1,0,0,1,0,1,1,0
1094,2017,C_1094_1191934.0,1191934,control,0,2019/10/28,2019,0,Male,Black,1972,34,5,0,5,58460.70352,1,3.174653244,2021/4/27,-2,2017/1/1,2018/1/1,0,0,0,0,1,1,0,0,1,0,0,0,0
1094,2017,P_1094,,participant,1,2019/10/28,2019,0,Male,Black,1972,34,8,1,3,39067.41041,1,0,2021/4/27,-2,2017/1/1,2018/1/1,0,0,0,0,1,1,0,0,1,0,0,0,0
1094,2018,C_1094_1191934.0,1191934,control,0,2019/10/28,2019,0,Male,Black,1972,34,5,0,5,58460.70352,1,3.174653244,2021/4/27,-1,2018/1/1,2019/1/1,0,0,0,0,1,1,0,0,1,0,0,0,0
1094,2018,P_1094,,participant,1,2019/10/28,2019,0,Male,Black,1972,34,8,1,3,39067.41041,1,0,2021/4/27,-1,2018/1/1,2019/1/1,0,0,0,0,1,1,0,0,1,0,0,0,0
1094,2019,C_1094_1191934.0,1191934,control,0,2019/10/28,2019,0,Male,Black,1972,34,5,0,5,58460.70352,1,3.174653244,2021/4/27,0,2019/1/1,2020/1/1,1,1,19146.34119,1,1,1,0,0,1,0,0,0,9.859919144
1094,2019,P_1094,,participant,1,2019/10/28,2019,0,Male,Black,1972,34,8,1,3,39067.41041,1,0,2021/4/27,0,2019/1/1,2020/1/1,1,1,0,0,1,1,0,0,1,0,1,0,0
1094,2020,C_1094_1191934.0,1191934,control,0,2019/10/28,2019,0,Male,Black,1972,34,5,0,5,58460.70352,1,3.174653244,2021/4/27,1,2020/1/1,2021/1/1,1,1,45350.31713,1,1,1,0,0,1,0,0,0,10.7221945
1094,2020,P_1094,,participant,1,2019/10/28,2019,0,Male,Black,1972,34,8,1,3,39067.41041,1,0,2021/4/27,1,2020/1/1,2021/1/1,1,1,10377.22162,1,1,1,0,0,1,0,1,0,9.247464815
1097,2017,C_1097_1787020.0,1787020,control,0,2019/11/4,2019,0,Male,Black,1996,19,6,1,6,7652.985995,1,0.625874885,2021/5/4,-2,2017/1/1,2018/1/1,0,0,0,0,1,1,0,0,1,0,0,0,0
1097,2017,P_1097,,participant,1,2019/11/4,2019,0,Male,Black,1996,19,5,1,7,6506.046162,1,0,2021/5/4,-2,2017/1/1,2018/1/1,0,0,0,0,1,1,0,0,1,0,0,0,0
1097,2018,C_1097_1787020.0,1787020,control,0,2019/11/4,2019,0,Male,Black,1996,19,6,1,6,7652.985995,1,0.625874885,2021/5/4,-1,2018/1/1,2019/1/1,0,0,0,0,1,1,0,0,1,0,0,0,0
1097,2018,P_1097,,participant,1,2019/11/4,2019,0,Male,Black,1996,19,5,1,7,6506.046162,1,0,2021/5/4,-1,2018/1/1,2019/1/1,0,0,0,0,1,1,0,0,1,0,0,0,0
1097,2019,C_1097_1787020.0,1787020,control,0,2019/11/4,2019,0,Male,Black,1996,19,6,1,6,7652.985995,1,0.625874885,2021/5/4,0,2019/1/1,2020/1/1,1,1,12432.57445,1,1,1,0,0,1,0,0,0,9.428155709
1097,2019,P_1097,,participant,1,2019/11/4,2019,0,Male,Black,1996,19,5,1,7,6506.046162,1,0,2021/5/4,0,2019/1/1,2020/1/1,1,1,1991.179131,1,1,1,0,0,1,0,1,0,7.596984359
1097,2020,C_1097_1787020.0,1787020,control,0,2019/11/4,2019,0,Male,Black,1996,19,6,1,6,7652.985995,1,0.625874885,2021/5/4,1,2020/1/1,2021/1/1,1,1,20231.69648,1,1,1,0,0,1,0,0,0,9.915055212
1097,2020,P_1097,,participant,1,2019/11/4,2019,0,Male,Black,1996,19,5,1,7,6506.046162,1,0,2021/5/4,1,2020/1/1,2021/1/1,1,1,16618.28672,1,1,1,0,0,1,0,1,0,9.71831915
1105,2017,C_1105_1163020.0,1163020,control,0,2019/11/25,2019,0,Male,Black,1995,20,1,0,1,628.3275138,1,0.739556996,2021/5/25,-2,2017/1/1,2018/1/1,0,0,0,0,1,1,0,0,1,0,0,0,0
1105,2017,P_1105,,participant,1,2019/11/25,2019,0,Male,Black,1995,20,0,0,1,4431.154914,1,0,2021/5/25,-2,2017/1/1,2018/1/1,0,0,0,0,0,0,0,0,1,0,0,0,0
1105,2018,C_1105_1163020.0,1163020,control,0,2019/11/25,2019,0,Male,Black,1995,20,1,0,1,628.3275138,1,0.739556996,2021/5/25,-1,2018/1/1,2019/1/1,0,0,0,0,1,1,0,0,1,0,0,0,0
1105,2018,P_1105,,participant,1,2019/11/25,2019,0,Male,Black,1995,20,0,0,1,4431.154914,1,0,2021/5/25,-1,2018/1/1,2019/1/1,0,0,0,0,0,1,0,0,1,0,0,0,0
1105,2019,C_1105_1163020.0,1163020,control,0,2019/11/25,2019,0,Male,Black,1995,20,1,0,1,628.3275138,1,0.739556996,2021/5/25,0,2019/1/1,2020/1/1,1,1,0,0,1,1,0,0,1,0,0,0,0
1105,2019,P_1105,,participant,1,2019/11/25,2019,0,Male,Black,1995,20,0,0,1,4431.154914,1,0,2021/5/25,0,2019/1/1,2020/1/1,1,1,8189.181302,1,1,1,0,0,1,0,1,0,9.010691314
1105,2020,C_1105_1163020.0,1163020,control,0,2019/11/25,2019,0,Male,Black,1995,20,1,0,1,628.3275138,1,0.739556996,2021/5/25,1,2020/1/1,2021/1/1,1,1,622.5103734,1,1,1,0,0,1,0,0,0,6.435365402
1105,2020,P_1105,,participant,1,2019/11/25,2019,0,Male,Black,1995,20,0,0,1,4431.154914,1,0,2021/5/25,1,2020/1/1,2021/1/1,1,1,13669.25677,1,1,1,0,0,1,0,1,0,9.522977713
1108,2017,C_1108_1183724.0,1183724,control,0,2019/11/13,2019,0,Male,White,1978,27,3,0,3,0,0,0.870931011,2021/5/13,-2,2017/1/1,2018/1/1,0,0,0,0,1,1,0,0,1,0,0,0,0
1108,2017,P_1108,,participant,1,2019/11/13,2019,0,Male,White,1978,27,5,0,2,0,0,0,2021/5/13,-2,2017/1/1,2018/1/1,0,0,0,0,1,1,0,0,1,0,0,0,0
1108,2018,C_1108_1183724.0,1183724,control,0,2019/11/13,2019,0,Male,White,1978,27,3,0,3,0,0,0.870931011,2021/5/13,-1,2018/1/1,2019/1/1,0,0,0,0,1,1,0,0,1,0,0,0,0
1108,2018,P_1108,,participant,1,2019/11/13,2019,0,Male,White,1978,27,5,0,2,0,0,0,2021/5/13,-1,2018/1/1,2019/1/1,0,0,0,0,1,1,0,0,1,0,0,0,0
1108,2019,C_1108_1183724.0,1183724,control,0,2019/11/13,2019,0,Male,White,1978,27,3,0,3,0,0,0.870931011,2021/5/13,0,2019/1/1,2020/1/1,1,1,0,0,1,1,0,0,1,0,0,0,0
1108,2019,P_1108,,participant,1,2019/11/13,2019,0,Male,White,1978,27,5,0,2,0,0,0,2021/5/13,0,2019/1/1,2020/1/1,1,1,0,0,1,1,0,0,1,0,1,0,0
1108,2020,C_1108_1183724.0,1183724,control,0,2019/11/13,2019,0,Male,White,1978,27,3,0,3,0,0,0.870931011,2021/5/13,1,2020/1/1,2021/1/1,1,1,0,0,1,1,0,0,1,0,0,0,0
1108,2020,P_1108,,participant,1,2019/11/13,2019,0,Male,White,1978,27,5,0,2,0,0,0,2021/5/13,1,2020/1/1,2021/1/1,1,1,15241.26603,1,1,1,0,0,1,0,1,0,9.631827508
1109,2017,C_1109_1362829.0,1362829,control,0,2019/12/2,2019,0,Male,Black,1985,21,3,1,3,44086.68157,1,0.462852573,2021/6/1,-2,2017/1/1,2018/1/1,0,0,0,0,1,1,0,0,1,0,0,0,0
1109,2017,P_1109,,participant,1,2019/12/2,2019,0,Male,Black,1985,21,4,1,2,40011.97715,1,0,2021/6/1,-2,2017/1/1,2018/1/1,0,0,0,0,1,1,0,0,1,0,0,0,0
1109,2018,C_1109_1362829.0,1362829,control,0,2019/12/2,2019,0,Male,Black,1985,21,3,1,3,44086.68157,1,0.462852573,2021/6/1,-1,2018/1/1,2019/1/1,0,0,0,0,1,1,0,0,1,0,0,0,0
1109,2018,P_1109,,participant,1,2019/12/2,2019,0,Male,Black,1985,21,4,1,2,40011.97715,1,0,2021/6/1,-1,2018/1/1,2019/1/1,0,0,0,0,1,1,0,0,1,0,0,0,0
1109,2019,C_1109_1362829.0,1362829,control,0,2019/12/2,2019,0,Male,Black,1985,21,3,1,3,44086.68157,1,0.462852573,2021/6/1,0,2019/1/1,2020/1/1,1,1,10824.75089,1,1,1,0,0,1,0,0,0,9.289682917
1109,2019,P_1109,,participant,1,2019/12/2,2019,0,Male,Black,1985,21,4,1,2,40011.97715,1,0,2021/6/1,0,2019/1/1,2020/1/1,1,1,4630.531836,1,1,1,0,0,1,0,1,0,8.440642942
1109,2020,C_1109_1362829.0,1362829,control,0,2019/12/2,2019,0,Male,Black,1985,21,3,1,3,44086.68157,1,0.462852573,2021/6/1,1,2020/1/1,2021/1/1,1,1,13259.09658,1,1,1,0,0,1,0,0,0,9.492514547
1109,2020,P_1109,,participant,1,2019/12/2,2019,0,Male,Black,1985,21,4,1,2,40011.97715,1,0,2021/6/1,1,2020/1/1,2021/1/1,1,1,22665.26538,1,1,1,0,0,1,0,1,0,10.02863299
1110,2017,C_1110_838409.0,838409,control,0,2019/12/9,2019,0,Male,Black,1997,20,2,1,2,20480.24739,1,0.625642473,2021/6/8,-2,2017/1/1,2018/1/1,0,0,0,0,0,1,0,0,1,0,0,0,0
1110,2017,P_1110,,participant,1,2019/12/9,2019,0,Male,Black,1997,20,1,1,2,18735.15833,1,0,2021/6/8,-2,2017/1/1,2018/1/1,0,0,0,0,0,0,0,0,1,0,0,0,0
1110,2018,C_1110_838409.0,838409,control,0,2019/12/9,2019,0,Male,Black,1997,20,2,1,2,20480.24739,1,0.625642473,2021/6/8,-1,2018/1/1,2019/1/1,0,0,0,0,1,1,0,0,1,0,0,0,0
1110,2018,P_1110,,participant,1,2019/12/9,2019,0,Male,Black,1997,20,1,1,2,18735.15833,1,0,2021/6/8,-1,2018/1/1,2019/1/1,0,0,0,0,0,1,0,0,1,0,0,0,0
1110,2019,C_1110_838409.0,838409,control,0,2019/12/9,2019,0,Male,Black,1997,20,2,1,2,20480.24739,1,0.625642473,2021/6/8,0,2019/1/1,2020/1/1,1,1,0,0,1,1,0,0,1,0,0,0,0
1110,2019,P_1110,,participant,1,2019/12/9,2019,0,Male,Black,1997,20,1,1,2,18735.15833,1,0,2021/6/8,0,2019/1/1,2020/1/1,1,1,0,0,1,1,0,0,1,0,1,0,0
1110,2020,C_1110_838409.0,838409,control,0,2019/12/9,2019,0,Male,Black,1997,20,2,1,2,20480.24739,1,0.625642473,2021/6/8,1,2020/1/1,2021/1/1,1,1,11414.13563,1,1,1,0,0,1,0,0,0,9.342695441
1110,2020,P_1110,,participant,1,2019/12/9,2019,0,Male,Black,1997,20,1,1,2,18735.15833,1,0,2021/6/8,1,2020/1/1,2021/1/1,1,1,3654.420846,1,1,1,3,1,1,1,1,0,8.203966508
1111,2017,C_1111_1333417.0,1333417,control,0,2019/12/2,2019,0,Male,Black,1990,19,7,1,7,4193.822737,1,0.491881993,2021/6/1,-2,2017/1/1,2018/1/1,0,0,0,0,1,1,0,0,1,0,0,0,0
1111,2017,P_1111,,participant,1,2019/12/2,2019,0,Male,Black,1990,19,9,1,6,4543.639845,1,0,2021/6/1,-2,2017/1/1,2018/1/1,0,0,0,0,1,1,0,0,1,0,0,0,0
1111,2018,C_1111_1333417.0,1333417,control,0,2019/12/2,2019,0,Male,Black,1990,19,7,1,7,4193.822737,1,0.491881993,2021/6/1,-1,2018/1/1,2019/1/1,0,0,0,0,1,1,0,0,1,0,0,0,0
1111,2018,P_1111,,participant,1,2019/12/2,2019,0,Male,Black,1990,19,9,1,6,4543.639845,1,0,2021/6/1,-1,2018/1/1,2019/1/1,0,0,0,0,1,1,0,0,1,0,0,0,0
1111,2019,C_1111_1333417.0,1333417,control,0,2019/12/2,2019,0,Male,Black,1990,19,7,1,7,4193.822737,1,0.491881993,2021/6/1,0,2019/1/1,2020/1/1,1,1,0,0,1,1,0,0,1,0,0,0,0
1111,2019,P_1111,,participant,1,2019/12/2,2019,0,Male,Black,1990,19,9,1,6,4543.639845,1,0,2021/6/1,0,2019/1/1,2020/1/1,1,1,0,0,1,1,0,0,1,0,1,0,0
1111,2020,C_1111_1333417.0,1333417,control,0,2019/12/2,2019,0,Male,Black,1990,19,7,1,7,4193.822737,1,0.491881993,2021/6/1,1,2020/1/1,2021/1/1,1,1,0,0,1,1,0,0,1,0,0,0,0
1111,2020,P_1111,,participant,1,2019/12/2,2019,0,Male,Black,1990,19,9,1,6,4543.639845,1,0,2021/6/1,1,2020/1/1,2021/1/1,1,1,0,0,1,1,1,1,1,1,1,0,0
1115,2017,C_1115_880784.0,880784,control,0,2019/12/9,2019,0,Male,White,2001,18,0,0,1,0,1,0,2021/6/8,-2,2017/1/1,2018/1/1,0,0,0,0,0,0,0,0,1,0,0,0,0
1115,2017,P_1115,,participant,1,2019/12/9,2019,0,Male,White,2001,18,0,0,1,0,1,0,2021/6/8,-2,2017/1/1,2018/1/1,0,0,0,0,0,0,0,0,1,0,0,0,0
1115,2018,C_1115_880784.0,880784,control,0,2019/12/9,2019,0,Male,White,2001,18,0,0,1,0,1,0,2021/6/8,-1,2018/1/1,2019/1/1,0,0,0,0,0,0,0,0,1,0,0,0,0
1115,2018,P_1115,,participant,1,2019/12/9,2019,0,Male,White,2001,18,0,0,1,0,1,0,2021/6/8,-1,2018/1/1,2019/1/1,0,0,0,0,0,0,0,0,1,0,0,0,0
1115,2019,C_1115_880784.0,880784,control,0,2019/12/9,2019,0,Male,White,2001,18,0,0,1,0,1,0,2021/6/8,0,2019/1/1,2020/1/1,1,1,2031.53235,1,0,1,0,0,1,0,0,0,7.617037757
1115,2019,P_1115,,participant,1,2019/12/9,2019,0,Male,White,2001,18,0,0,1,0,1,0,2021/6/8,0,2019/1/1,2020/1/1,1,1,0,0,0,1,0,0,1,0,1,0,0
1115,2020,C_1115_880784.0,880784,control,0,2019/12/9,2019,0,Male,White,2001,18,0,0,1,0,1,0,2021/6/8,1,2020/1/1,2021/1/1,1,1,19486.93185,1,1,1,0,0,1,0,0,0,9.877550673
1115,2020,P_1115,,participant,1,2019/12/9,2019,0,Male,White,2001,18,0,0,1,0,1,0,2021/6/8,1,2020/1/1,2021/1/1,1,1,2174.675369,1,1,1,0,0,1,0,1,0,7.68509441
1116,2022,C_1116_930958.0,930958,control,0,2024/10/7,2024,1,Male,Black,2000,22,1,0,1,9961.068555,1,8.994053738,2026/4/7,-2,2022/1/1,2023/1/1,0,0,0,0,0,1,0,0,1,0,0,0,0
1116,2022,P_1116,,participant,1,2024/10/7,2024,1,Male,Black,2000,22,0,0,2,64647.46452,1,0,2026/4/7,-2,2022/1/1,2023/1/1,0,0,0,0,1,1,0,0,1,0,0,0,0
1116,2023,C_1116_930958.0,930958,control,0,2024/10/7,2024,1,Male,Black,2000,22,1,0,1,9961.068555,1,8.994053738,2026/4/7,-1,2023/1/1,2024/1/1,0,0,0,0,1,1,0,0,1,0,0,0,0
1116,2023,P_1116,,participant,1,2024/10/7,2024,1,Male,Black,2000,22,0,0,2,64647.46452,1,0,2026/4/7,-1,2023/1/1,2024/1/1,0,0,0,0,1,1,0,0,1,0,0,0,0
1116,2024,C_1116_930958.0,930958,control,0,2024/10/7,2024,1,Male,Black,2000,22,1,0,1,9961.068555,1,8.994053738,2026/4/7,0,2024/1/1,2025/1/1,1,1,0,0,1,1,0,0,1,0,0,0,0
1116,2024,P_1116,,participant,1,2024/10/7,2024,1,Male,Black,2000,22,0,0,2,64647.46452,1,0,2026/4/7,0,2024/1/1,2025/1/1,1,1,0,0,1,1,0,0,1,0,1,1,0
1116,2025,C_1116_930958.0,930958,control,0,2024/10/7,2024,1,Male,Black,2000,22,1,0,1,9961.068555,1,8.994053738,2026/4/7,1,2025/1/1,2026/1/1,1,1,0,0,1,1,0,0,1,0,0,0,0
1116,2025,P_1116,,participant,1,2024/10/7,2024,1,Male,Black,2000,22,0,0,2,64647.46452,1,0,2026/4/7,1,2025/1/1,2026/1/1,1,1,0,0,1,1,0,0,1,0,1,1,0
1123,2018,C_1123_1117774.0,1117774,control,0,2020/1/6,2020,0,Female,Black,1991,18,1,0,1,11427.10128,1,0.427003907,2021/7/6,-2,2018/1/1,2019/1/1,0,0,0,0,1,1,0,0,1,0,0,0,0
1123,2018,P_1123,,participant,1,2020/1/6,2020,0,Female,Black,1991,18,0,0,1,11790.55047,1,0,2021/7/6,-2,2018/1/1,2019/1/1,0,0,0,0,0,0,0,0,1,0,0,0,0
1123,2019,C_1123_1117774.0,1117774,control,0,2020/1/6,2020,0,Female,Black,1991,18,1,0,1,11427.10128,1,0.427003907,2021/7/6,-1,2019/1/1,2020/1/1,0,0,0,0,1,1,0,0,1,0,0,0,0
1123,2019,P_1123,,participant,1,2020/1/6,2020,0,Female,Black,1991,18,0,0,1,11790.55047,1,0,2021/7/6,-1,2019/1/1,2020/1/1,0,0,0,0,0,1,0,0,1,0,0,0,0
1123,2020,C_1123_1117774.0,1117774,control,0,2020/1/6,2020,0,Female,Black,1991,18,1,0,1,11427.10128,1,0.427003907,2021/7/6,0,2020/1/1,2021/1/1,1,1,0,0,1,1,0,0,1,0,0,0,0
1123,2020,P_1123,,participant,1,2020/1/6,2020,0,Female,Black,1991,18,0,0,1,11790.55047,1,0,2021/7/6,0,2020/1/1,2021/1/1,1,1,588.0525563,1,1,1,0,0,1,0,1,0,6.378515409
1123,2021,C_1123_1117774.0,1117774,control,0,2020/1/6,2020,0,Female,Black,1991,18,1,0,1,11427.10128,1,0.427003907,2021/7/6,1,2021/1/1,2022/1/1,1,1,0,0,1,1,0,0,1,0,0,0,0
1123,2021,P_1123,,participant,1,2020/1/6,2020,0,Female,Black,1991,18,0,0,1,11790.55047,1,0,2021/7/6,1,2021/1/1,2022/1/1,1,1,455.0809385,1,1,1,0,0,1,0,1,0,6.122670291
1124,2017,C_1124_1097267.0,1097267,control,0,2019/12/16,2019,0,Male,Black,1991,20,4,1,4,0,0,0.450408232,2021/6/15,-2,2017/1/1,2018/1/1,0,0,0,0,1,1,0,0,1,0,0,0,0
1124,2017,P_1124,,participant,1,2019/12/16,2019,0,Male,Black,1991,20,3,1,5,0,0,0,2021/6/15,-2,2017/1/1,2018/1/1,0,0,0,0,1,1,0,0,1,0,0,0,0
1124,2018,C_1124_1097267.0,1097267,control,0,2019/12/16,2019,0,Male,Black,1991,20,4,1,4,0,0,0.450408232,2021/6/15,-1,2018/1/1,2019/1/1,0,0,0,0,1,1,0,0,1,0,0,0,0
1124,2018,P_1124,,participant,1,2019/12/16,2019,0,Male,Black,1991,20,3,1,5,0,0,0,2021/6/15,-1,2018/1/1,2019/1/1,0,0,0,0,1,1,0,0,1,0,0,0,0
1124,2019,C_1124_1097267.0,1097267,control,0,2019/12/16,2019,0,Male,Black,1991,20,4,1,4,0,0,0.450408232,2021/6/15,0,2019/1/1,2020/1/1,1,1,0,0,1,1,0,0,1,0,0,0,0
1124,2019,P_1124,,participant,1,2019/12/16,2019,0,Male,Black,1991,20,3,1,5,0,0,0,2021/6/15,0,2019/1/1,2020/1/1,1,1,0,0,1,1,0,0,1,0,1,0,0
1124,2020,C_1124_1097267.0,1097267,control,0,2019/12/16,2019,0,Male,Black,1991,20,4,1,4,0,0,0.450408232,2021/6/15,1,2020/1/1,2021/1/1,1,1,0,0,1,1,0,0,1,0,0,0,0
1124,2020,P_1124,,participant,1,2019/12/16,2019,0,Male,Black,1991,20,3,1,5,0,0,0,2021/6/15,1,2020/1/1,2021/1/1,1,1,0,0,1,1,0,0,1,0,1,0,0
1131,2018,C_1131_1387651.0,1387651,control,0,2020/1/14,2020,0,Male,Black,1993,18,4,1,4,3795.601871,1,0.616032228,2021/7/14,-2,2018/1/1,2019/1/1,0,0,0,0,1,1,0,0,1,0,0,0,0
1131,2018,P_1131,,participant,1,2020/1/14,2020,0,Male,Black,1993,18,2,1,4,8566.841681,1,0,2021/7/14,-2,2018/1/1,2019/1/1,0,0,0,0,1,1,0,0,1,0,0,0,0
1131,2019,C_1131_1387651.0,1387651,control,0,2020/1/14,2020,0,Male,Black,1993,18,4,1,4,3795.601871,1,0.616032228,2021/7/14,-1,2019/1/1,2020/1/1,0,0,0,0,1,1,0,0,1,0,0,0,0
1131,2019,P_1131,,participant,1,2020/1/14,2020,0,Male,Black,1993,18,2,1,4,8566.841681,1,0,2021/7/14,-1,2019/1/1,2020/1/1,0,0,0,0,1,1,0,0,1,0,0,0,0
1131,2020,C_1131_1387651.0,1387651,control,0,2020/1/14,2020,0,Male,Black,1993,18,4,1,4,3795.601871,1,0.616032228,2021/7/14,0,2020/1/1,2021/1/1,1,1,5536.514485,1,1,1,0,0,1,0,0,0,8.61930103
1131,2020,P_1131,,participant,1,2020/1/14,2020,0,Male,Black,1993,18,2,1,4,8566.841681,1,0,2021/7/14,0,2020/1/1,2021/1/1,1,1,27511.47828,1,1,1,0,0,1,0,1,0,10.22239494
1131,2021,C_1131_1387651.0,1387651,control,0,2020/1/14,2020,0,Male,Black,1993,18,4,1,4,3795.601871,1,0.616032228,2021/7/14,1,2021/1/1,2022/1/1,1,1,8721.516203,1,1,1,0,0,1,0,0,0,9.073663031
1131,2021,P_1131,,participant,1,2020/1/14,2020,0,Male,Black,1993,18,2,1,4,8566.841681,1,0,2021/7/14,1,2021/1/1,2022/1/1,1,1,18175.20031,1,1,1,0,0,1,0,1,0,9.807868342
1136,2018,C_1136_464986.0,464986,control,0,2020/1/20,2020,0,Male,Black,1995,25,0,0,1,1137.351376,1,9.607106813,2021/7/20,-2,2018/1/1,2019/1/1,0,0,0,0,0,0,0,0,1,0,0,0,0
1136,2018,P_1136,,participant,1,2020/1/20,2020,0,Male,Black,1995,25,0,0,2,73655.09042,1,0,2021/7/20,-2,2018/1/1,2019/1/1,0,0,0,0,1,1,0,0,1,0,0,0,0
1136,2019,C_1136_464986.0,464986,control,0,2020/1/20,2020,0,Male,Black,1995,25,0,0,1,1137.351376,1,9.607106813,2021/7/20,-1,2019/1/1,2020/1/1,0,0,0,0,0,0,0,0,1,0,0,0,0
1136,2019,P_1136,,participant,1,2020/1/20,2020,0,Male,Black,1995,25,0,0,2,73655.09042,1,0,2021/7/20,-1,2019/1/1,2020/1/1,0,0,0,0,1,1,0,0,1,0,0,0,0
1136,2020,C_1136_464986.0,464986,control,0,2020/1/20,2020,0,Male,Black,1995,25,0,0,1,1137.351376,1,9.607106813,2021/7/20,0,2020/1/1,2021/1/1,1,1,0,0,0,1,0,0,1,0,0,0,0
1136,2020,P_1136,,participant,1,2020/1/20,2020,0,Male,Black,1995,25,0,0,2,73655.09042,1,0,2021/7/20,0,2020/1/1,2021/1/1,1,1,76702.8792,1,1,1,0,0,1,0,1,0,11.24770756
1136,2021,C_1136_464986.0,464986,control,0,2020/1/20,2020,0,Male,Black,1995,25,0,0,1,1137.351376,1,9.607106813,2021/7/20,1,2021/1/1,2022/1/1,1,1,0,0,1,1,0,0,1,0,0,0,0
1136,2021,P_1136,,participant,1,2020/1/20,2020,0,Male,Black,1995,25,0,0,2,73655.09042,1,0,2021/7/20,1,2021/1/1,2022/1/1,1,1,36868.18986,1,1,1,0,0,1,0,1,0,10.51513152
1143,2018,C_1143_1561199.0,1561199,control,0,2020/1/27,2020,0,Male,Black,1991,21,7,1,7,6307.592216,1,1.187515347,2021/7/27,-2,2018/1/1,2019/1/1,0,0,0,0,1,1,0,0,1,0,0,0,0
1143,2018,P_1143,,participant,1,2020/1/27,2020,0,Male,Black,1991,21,10,1,5,0,1,0,2021/7/27,-2,2018/1/1,2019/1/1,0,0,0,0,1,1,0,0,1,0,0,0,0
1143,2019,C_1143_1561199.0,1561199,control,0,2020/1/27,2020,0,Male,Black,1991,21,7,1,7,6307.592216,1,1.187515347,2021/7/27,-1,2019/1/1,2020/1/1,0,0,0,0,1,1,0,0,1,0,0,0,0
1143,2019,P_1143,,participant,1,2020/1/27,2020,0,Male,Black,1991,21,10,1,5,0,1,0,2021/7/27,-1,2019/1/1,2020/1/1,0,0,0,0,1,1,0,0,1,0,0,0,0
1143,2020,C_1143_1561199.0,1561199,control,0,2020/1/27,2020,0,Male,Black,1991,21,7,1,7,6307.592216,1,1.187515347,2021/7/27,0,2020/1/1,2021/1/1,1,1,384.4072717,1,1,1,0,0,1,0,0,0,5.954300624
1143,2020,P_1143,,participant,1,2020/1/27,2020,0,Male,Black,1991,21,10,1,5,0,1,0,2021/7/27,0,2020/1/1,2021/1/1,1,1,0,0,1,1,0,0,1,0,1,0,0
1143,2021,C_1143_1561199.0,1561199,control,0,2020/1/27,2020,0,Male,Black,1991,21,7,1,7,6307.592216,1,1.187515347,2021/7/27,1,2021/1/1,2022/1/1,1,1,0,0,1,1,0,0,1,0,0,0,0
1143,2021,P_1143,,participant,1,2020/1/27,2020,0,Male,Black,1991,21,10,1,5,0,1,0,2021/7/27,1,2021/1/1,2022/1/1,1,1,0,0,1,1,0,0,1,0,1,0,0
1145,2018,C_1145_1450219.0,1450219,control,0,2020/2/3,2020,0,Male,Black,1991,21,1,0,1,0,1,0,2021/8/3,-2,2018/1/1,2019/1/1,0,0,0,0,1,1,0,0,1,0,0,0,0
1145,2018,P_1145,,participant,1,2020/2/3,2020,0,Male,Black,1991,21,1,0,1,0,1,0,2021/8/3,-2,2018/1/1,2019/1/1,0,0,0,0,1,1,0,0,1,0,0,0,0
1145,2019,C_1145_1450219.0,1450219,control,0,2020/2/3,2020,0,Male,Black,1991,21,1,0,1,0,1,0,2021/8/3,-1,2019/1/1,2020/1/1,0,0,0,0,1,1,0,0,1,0,0,0,0
1145,2019,P_1145,,participant,1,2020/2/3,2020,0,Male,Black,1991,21,1,0,1,0,1,0,2021/8/3,-1,2019/1/1,2020/1/1,0,0,0,0,1,1,0,0,1,0,0,0,0
1145,2020,C_1145_1450219.0,1450219,control,0,2020/2/3,2020,0,Male,Black,1991,21,1,0,1,0,1,0,2021/8/3,0,2020/1/1,2021/1/1,1,1,15571.51958,1,1,1,0,0,1,0,0,0,9.653263074
1145,2020,P_1145,,participant,1,2020/2/3,2020,0,Male,Black,1991,21,1,0,1,0,1,0,2021/8/3,0,2020/1/1,2021/1/1,1,1,16608.70955,1,1,1,0,0,1,0,1,0,9.717742716
1145,2021,C_1145_1450219.0,1450219,control,0,2020/2/3,2020,0,Male,Black,1991,21,1,0,1,0,1,0,2021/8/3,1,2021/1/1,2022/1/1,1,1,7795.537942,1,1,1,0,0,1,0,0,0,8.961435061
1145,2021,P_1145,,participant,1,2020/2/3,2020,0,Male,Black,1991,21,1,0,1,0,1,0,2021/8/3,1,2021/1/1,2022/1/1,1,1,21577.35042,1,1,1,0,0,1,0,1,0,9.979445796
1146,2018,C_1146_1683178.0,1683178,control,0,2020/2/3,2020,0,Male,Black,1991,20,2,1,2,8312.457118,1,0.329394116,2021/8/3,-2,2018/1/1,2019/1/1,0,0,0,0,1,1,0,0,1,0,0,0,0
1146,2018,P_1146,,participant,1,2020/2/3,2020,0,Male,Black,1991,20,3,1,2,9111.531749,1,0,2021/8/3,-2,2018/1/1,2019/1/1,0,0,0,0,1,1,0,0,1,0,0,0,0
1146,2019,C_1146_1683178.0,1683178,control,0,2020/2/3,2020,0,Male,Black,1991,20,2,1,2,8312.457118,1,0.329394116,2021/8/3,-1,2019/1/1,2020/1/1,0,0,0,0,1,1,0,0,1,0,0,0,0
1146,2019,P_1146,,participant,1,2020/2/3,2020,0,Male,Black,1991,20,3,1,2,9111.531749,1,0,2021/8/3,-1,2019/1/1,2020/1/1,0,0,0,0,1,1,0,0,1,0,0,0,0
1146,2020,C_1146_1683178.0,1683178,control,0,2020/2/3,2020,0,Male,Black,1991,20,2,1,2,8312.457118,1,0.329394116,2021/8/3,0,2020/1/1,2021/1/1,1,1,5615.287931,1,1,1,0,0,1,0,0,0,8.633426214
1146,2020,P_1146,,participant,1,2020/2/3,2020,0,Male,Black,1991,20,3,1,2,9111.531749,1,0,2021/8/3,0,2020/1/1,2021/1/1,1,1,5779.964683,1,1,1,0,0,1,0,1,0,8.662325848
1146,2021,C_1146_1683178.0,1683178,control,0,2020/2/3,2020,0,Male,Black,1991,20,2,1,2,8312.457118,1,0.329394116,2021/8/3,1,2021/1/1,2022/1/1,1,1,1344.531031,1,1,1,0,0,1,0,0,0,7.204544033
1146,2021,P_1146,,participant,1,2020/2/3,2020,0,Male,Black,1991,20,3,1,2,9111.531749,1,0,2021/8/3,1,2021/1/1,2022/1/1,1,1,777.932435,1,1,1,0,0,1,0,1,0,6.657924309
1152,2018,C_1152_1726875.0,1726875,control,0,2020/2/17,2020,0,Male,Black,1986,29,4,1,4,5984.680711,1,3.958761313,2021/8/17,-2,2018/1/1,2019/1/1,0,0,0,0,1,1,0,0,1,0,0,0,0
1152,2018,P_1152,,participant,1,2020/2/17,2020,0,Male,Black,1986,29,10,1,1,0,1,0,2021/8/17,-2,2018/1/1,2019/1/1,0,0,0,0,1,1,0,0,1,0,0,0,0
1152,2019,C_1152_1726875.0,1726875,control,0,2020/2/17,2020,0,Male,Black,1986,29,4,1,4,5984.680711,1,3.958761313,2021/8/17,-1,2019/1/1,2020/1/1,0,0,0,0,1,1,0,0,1,0,0,0,0
1152,2019,P_1152,,participant,1,2020/2/17,2020,0,Male,Black,1986,29,10,1,1,0,1,0,2021/8/17,-1,2019/1/1,2020/1/1,0,0,0,0,1,1,0,0,1,0,0,0,0
1152,2020,C_1152_1726875.0,1726875,control,0,2020/2/17,2020,0,Male,Black,1986,29,4,1,4,5984.680711,1,3.958761313,2021/8/17,0,2020/1/1,2021/1/1,1,1,16466.98542,1,1,1,0,0,1,0,0,0,9.709173497
1152,2020,P_1152,,participant,1,2020/2/17,2020,0,Male,Black,1986,29,10,1,1,0,1,0,2021/8/17,0,2020/1/1,2021/1/1,1,1,6871.053722,1,1,1,0,0,1,0,1,0,8.835218281
1152,2021,C_1152_1726875.0,1726875,control,0,2020/2/17,2020,0,Male,Black,1986,29,4,1,4,5984.680711,1,3.958761313,2021/8/17,1,2021/1/1,2022/1/1,1,1,6750.583726,1,1,1,0,0,1,0,0,0,8.817532382
1152,2021,P_1152,,participant,1,2020/2/17,2020,0,Male,Black,1986,29,10,1,1,0,1,0,2021/8/17,1,2021/1/1,2022/1/1,1,1,0,0,1,1,0,0,1,0,1,0,0
1154,2018,C_1154_1438509.0,1438509,control,0,2020/2/17,2020,0,Male,Black,1990,20,3,1,3,5880.892807,1,0.784752283,2021/8/17,-2,2018/1/1,2019/1/1,0,0,0,0,1,1,0,0,1,0,0,0,0
1154,2018,P_1154,,participant,1,2020/2/17,2020,0,Male,Black,1990,20,5,1,2,0,1,0,2021/8/17,-2,2018/1/1,2019/1/1,0,0,0,0,1,1,0,0,1,0,0,0,0
1154,2019,C_1154_1438509.0,1438509,control,0,2020/2/17,2020,0,Male,Black,1990,20,3,1,3,5880.892807,1,0.784752283,2021/8/17,-1,2019/1/1,2020/1/1,0,0,0,0,1,1,0,0,1,0,0,0,0
1154,2019,P_1154,,participant,1,2020/2/17,2020,0,Male,Black,1990,20,5,1,2,0,1,0,2021/8/17,-1,2019/1/1,2020/1/1,0,0,0,0,1,1,0,0,1,0,0,0,0
1154,2020,C_1154_1438509.0,1438509,control,0,2020/2/17,2020,0,Male,Black,1990,20,3,1,3,5880.892807,1,0.784752283,2021/8/17,0,2020/1/1,2021/1/1,1,1,37752.68926,1,1,1,0,0,1,0,0,0,10.53883848
1154,2020,P_1154,,participant,1,2020/2/17,2020,0,Male,Black,1990,20,5,1,2,0,1,0,2021/8/17,0,2020/1/1,2021/1/1,1,1,0,0,1,1,0,0,1,0,1,0,0
1154,2021,C_1154_1438509.0,1438509,control,0,2020/2/17,2020,0,Male,Black,1990,20,3,1,3,5880.892807,1,0.784752283,2021/8/17,1,2021/1/1,2022/1/1,1,1,22043.41312,1,1,1,0,0,1,0,0,0,10.00081448
1154,2021,P_1154,,participant,1,2020/2/17,2020,0,Male,Black,1990,20,5,1,2,0,1,0,2021/8/17,1,2021/1/1,2022/1/1,1,1,0,0,1,1,0,0,1,0,1,0,0
1155,2018,C_1155_850540.0,850540,control,0,2020/2/24,2020,0,Male,Black,1999,16,2,1,2,0,0,0.891924831,2021/8/24,-2,2018/1/1,2019/1/1,0,0,0,0,1,1,0,0,1,0,0,0,0
1155,2018,P_1155,,participant,1,2020/2/24,2020,0,Male,Black,1999,16,3,1,2,2206.206857,0,0,2021/8/24,-2,2018/1/1,2019/1/1,0,0,0,0,1,1,0,0,1,0,0,0,0
1155,2019,C_1155_850540.0,850540,control,0,2020/2/24,2020,0,Male,Black,1999,16,2,1,2,0,0,0.891924831,2021/8/24,-1,2019/1/1,2020/1/1,0,0,0,0,1,1,0,0,1,0,0,0,0
1155,2019,P_1155,,participant,1,2020/2/24,2020,0,Male,Black,1999,16,3,1,2,2206.206857,0,0,2021/8/24,-1,2019/1/1,2020/1/1,0,0,0,0,1,1,0,0,1,0,0,0,0
1155,2020,C_1155_850540.0,850540,control,0,2020/2/24,2020,0,Male,Black,1999,16,2,1,2,0,0,0.891924831,2021/8/24,0,2020/1/1,2021/1/1,1,1,0,0,1,1,0,0,1,0,0,0,0
1155,2020,P_1155,,participant,1,2020/2/24,2020,0,Male,Black,1999,16,3,1,2,2206.206857,0,0,2021/8/24,0,2020/1/1,2021/1/1,1,1,2195.162628,1,1,1,0,0,1,0,1,0,7.694466857
1155,2021,C_1155_850540.0,850540,control,0,2020/2/24,2020,0,Male,Black,1999,16,2,1,2,0,0,0.891924831,2021/8/24,1,2021/1/1,2022/1/1,1,1,0,0,1,1,0,0,1,0,0,0,0
1155,2021,P_1155,,participant,1,2020/2/24,2020,0,Male,Black,1999,16,3,1,2,2206.206857,0,0,2021/8/24,1,2021/1/1,2022/1/1,1,1,8371.417103,1,1,1,0,0,1,0,1,0,9.032697904
1165,2018,C_1165_881443.0,881443,control,0,2020/3/2,2020,0,Male,Black,1997,19,0,0,1,0,0,0.391340119,2021/8/31,-2,2018/1/1,2019/1/1,0,0,0,0,1,1,0,0,1,0,0,0,0
1165,2018,P_1165,,participant,1,2020/3/2,2020,0,Male,Black,1997,19,0,0,2,0,0,0,2021/8/31,-2,2018/1/1,2019/1/1,0,0,0,0,1,1,0,0,1,0,0,0,0
1165,2019,C_1165_881443.0,881443,control,0,2020/3/2,2020,0,Male,Black,1997,19,0,0,1,0,0,0.391340119,2021/8/31,-1,2019/1/1,2020/1/1,0,0,0,0,1,1,0,0,1,0,0,0,0
1165,2019,P_1165,,participant,1,2020/3/2,2020,0,Male,Black,1997,19,0,0,2,0,0,0,2021/8/31,-1,2019/1/1,2020/1/1,0,0,0,0,1,1,0,0,1,0,0,0,0
1165,2020,C_1165_881443.0,881443,control,0,2020/3/2,2020,0,Male,Black,1997,19,0,0,1,0,0,0.391340119,2021/8/31,0,2020/1/1,2021/1/1,1,1,0,0,1,1,0,0,1,0,0,0,0
1165,2020,P_1165,,participant,1,2020/3/2,2020,0,Male,Black,1997,19,0,0,2,0,0,0,2021/8/31,0,2020/1/1,2021/1/1,1,1,0,0,1,1,0,0,1,0,1,0,0
1165,2021,C_1165_881443.0,881443,control,0,2020/3/2,2020,0,Male,Black,1997,19,0,0,1,0,0,0.391340119,2021/8/31,1,2021/1/1,2022/1/1,1,1,0,0,1,1,0,0,1,0,0,0,0
1165,2021,P_1165,,participant,1,2020/3/2,2020,0,Male,Black,1997,19,0,0,2,0,0,0,2021/8/31,1,2021/1/1,2022/1/1,1,1,2708.639928,1,1,1,0,0,1,0,1,0,7.904571037
1166,2018,C_1166_799451.0,799451,control,0,2020/3/9,2020,0,Male,Black,1996,24,0,0,1,2036.630339,0,0.277710204,2021/9/7,-2,2018/1/1,2019/1/1,0,0,0,0,0,0,0,0,1,0,0,0,0
1166,2018,P_1166,,participant,1,2020/3/9,2020,0,Male,Black,1996,24,0,0,1,0,0,0,2021/9/7,-2,2018/1/1,2019/1/1,0,0,0,0,1,1,0,0,1,0,0,0,0
1166,2019,C_1166_799451.0,799451,control,0,2020/3/9,2020,0,Male,Black,1996,24,0,0,1,2036.630339,0,0.277710204,2021/9/7,-1,2019/1/1,2020/1/1,0,0,0,0,0,0,0,0,1,0,0,0,0
1166,2019,P_1166,,participant,1,2020/3/9,2020,0,Male,Black,1996,24,0,0,1,0,0,0,2021/9/7,-1,2019/1/1,2020/1/1,0,0,0,0,1,1,0,0,1,0,0,0,0
1166,2020,C_1166_799451.0,799451,control,0,2020/3/9,2020,0,Male,Black,1996,24,0,0,1,2036.630339,0,0.277710204,2021/9/7,0,2020/1/1,2021/1/1,1,1,0,0,0,1,0,0,1,0,0,0,0
1166,2020,P_1166,,participant,1,2020/3/9,2020,0,Male,Black,1996,24,0,0,1,0,0,0,2021/9/7,0,2020/1/1,2021/1/1,1,1,0,0,1,1,0,0,1,0,1,0,0
1166,2021,C_1166_799451.0,799451,control,0,2020/3/9,2020,0,Male,Black,1996,24,0,0,1,2036.630339,0,0.277710204,2021/9/7,1,2021/1/1,2022/1/1,1,1,5472.371776,1,1,1,0,0,1,0,0,0,8.607650118
1166,2021,P_1166,,participant,1,2020/3/9,2020,0,Male,Black,1996,24,0,0,1,0,0,0,2021/9/7,1,2021/1/1,2022/1/1,1,1,0,0,1,1,0,0,1,0,1,0,0
1176,2018,C_1176_1446509.0,1446509,control,0,2020/3/16,2020,0,Male,Black,1980,20,9,1,9,0,0,0.506363234,2021/9/14,-2,2018/1/1,2019/1/1,0,0,0,0,1,1,0,0,1,0,0,0,0
1176,2018,P_1176,,participant,1,2020/3/16,2020,0,Male,Black,1980,20,11,1,7,0,0,0,2021/9/14,-2,2018/1/1,2019/1/1,0,0,0,0,1,1,0,0,1,0,0,0,0
1176,2019,C_1176_1446509.0,1446509,control,0,2020/3/16,2020,0,Male,Black,1980,20,9,1,9,0,0,0.506363234,2021/9/14,-1,2019/1/1,2020/1/1,0,0,0,0,1,1,0,0,1,0,0,0,0
1176,2019,P_1176,,participant,1,2020/3/16,2020,0,Male,Black,1980,20,11,1,7,0,0,0,2021/9/14,-1,2019/1/1,2020/1/1,0,0,0,0,1,1,0,0,1,0,0,0,0
1176,2020,C_1176_1446509.0,1446509,control,0,2020/3/16,2020,0,Male,Black,1980,20,9,1,9,0,0,0.506363234,2021/9/14,0,2020/1/1,2021/1/1,1,1,0,0,1,1,0,0,1,0,0,0,0
1176,2020,P_1176,,participant,1,2020/3/16,2020,0,Male,Black,1980,20,11,1,7,0,0,0,2021/9/14,0,2020/1/1,2021/1/1,1,1,2425.982248,1,1,1,0,0,1,0,1,0,7.794403891
1176,2021,C_1176_1446509.0,1446509,control,0,2020/3/16,2020,0,Male,Black,1980,20,9,1,9,0,0,0.506363234,2021/9/14,1,2021/1/1,2022/1/1,1,1,0,0,1,1,0,0,1,0,0,0,0
1176,2021,P_1176,,participant,1,2020/3/16,2020,0,Male,Black,1980,20,11,1,7,0,0,0,2021/9/14,1,2021/1/1,2022/1/1,1,1,0,0,1,1,0,0,1,0,1,0,0
1178,2018,C_1178_821689.0,821689,control,0,2020/3/16,2020,0,Male,Black,1997,20,0,0,3,0,0,0,2021/9/14,-2,2018/1/1,2019/1/1,0,0,0,0,0,1,0,0,1,0,0,0,0
1178,2018,P_1178,,participant,1,2020/3/16,2020,0,Male,Black,1997,20,0,0,3,0,0,0,2021/9/14,-2,2018/1/1,2019/1/1,0,0,0,0,1,1,0,0,1,0,0,0,0
1178,2019,C_1178_821689.0,821689,control,0,2020/3/16,2020,0,Male,Black,1997,20,0,0,3,0,0,0,2021/9/14,-1,2019/1/1,2020/1/1,0,0,0,0,1,1,0,0,1,0,0,0,0
1178,2019,P_1178,,participant,1,2020/3/16,2020,0,Male,Black,1997,20,0,0,3,0,0,0,2021/9/14,-1,2019/1/1,2020/1/1,0,0,0,0,1,1,0,0,1,0,0,0,0
1178,2020,C_1178_821689.0,821689,control,0,2020/3/16,2020,0,Male,Black,1997,20,0,0,3,0,0,0,2021/9/14,0,2020/1/1,2021/1/1,1,1,0,0,1,1,0,0,1,0,0,0,0
1178,2020,P_1178,,participant,1,2020/3/16,2020,0,Male,Black,1997,20,0,0,3,0,0,0,2021/9/14,0,2020/1/1,2021/1/1,1,1,0,0,1,1,0,0,1,0,1,0,0
1178,2021,C_1178_821689.0,821689,control,0,2020/3/16,2020,0,Male,Black,1997,20,0,0,3,0,0,0,2021/9/14,1,2021/1/1,2022/1/1,1,1,0,0,1,1,0,0,1,0,0,0,0
1178,2021,P_1178,,participant,1,2020/3/16,2020,0,Male,Black,1997,20,0,0,3,0,0,0,2021/9/14,1,2021/1/1,2022/1/1,1,1,1093.71326,1,1,1,0,0,1,0,1,0,6.998247745
1181,2018,C_1181_1199063.0,1199063,control,0,2020/6/29,2020,0,Male,White,1988,19,3,1,3,1902.380338,1,0.329904577,2021/12/28,-2,2018/1/1,2019/1/1,0,0,0,0,1,1,0,0,1,0,0,0,0
1181,2018,P_1181,,participant,1,2020/6/29,2020,0,Male,White,1988,19,4,1,3,5269.14576,1,0,2021/12/28,-2,2018/1/1,2019/1/1,0,0,0,0,1,1,0,0,1,0,0,0,0
1181,2019,C_1181_1199063.0,1199063,control,0,2020/6/29,2020,0,Male,White,1988,19,3,1,3,1902.380338,1,0.329904577,2021/12/28,-1,2019/1/1,2020/1/1,0,0,0,0,1,1,0,0,1,0,0,0,0
1181,2019,P_1181,,participant,1,2020/6/29,2020,0,Male,White,1988,19,4,1,3,5269.14576,1,0,2021/12/28,-1,2019/1/1,2020/1/1,0,0,0,0,1,1,0,0,1,0,0,0,0
1181,2020,C_1181_1199063.0,1199063,control,0,2020/6/29,2020,0,Male,White,1988,19,3,1,3,1902.380338,1,0.329904577,2021/12/28,0,2020/1/1,2021/1/1,1,1,13488.0938,1,1,1,0,0,1,0,0,0,9.509636771
1181,2020,P_1181,,participant,1,2020/6/29,2020,0,Male,White,1988,19,4,1,3,5269.14576,1,0,2021/12/28,0,2020/1/1,2021/1/1,1,1,0,0,1,1,2,1,1,1,1,0,0
1181,2021,C_1181_1199063.0,1199063,control,0,2020/6/29,2020,0,Male,White,1988,19,3,1,3,1902.380338,1,0.329904577,2021/12/28,1,2021/1/1,2022/1/1,1,1,0,0,1,1,0,0,1,0,0,0,0
1181,2021,P_1181,,participant,1,2020/6/29,2020,0,Male,White,1988,19,4,1,3,5269.14576,1,0,2021/12/28,1,2021/1/1,2022/1/1,1,1,0,0,1,1,0,0,1,0,1,0,0
1189,2018,C_1189_1795419.0,1795419,control,0,2020/5/26,2020,0,Male,Black,1990,27,1,0,1,33742.53702,1,0.623160314,2021/11/24,-2,2018/1/1,2019/1/1,0,0,0,0,1,1,0,0,1,0,0,0,0
1189,2018,P_1189,,participant,1,2020/5/26,2020,0,Male,Black,1990,27,0,0,1,33382.90625,1,0,2021/11/24,-2,2018/1/1,2019/1/1,0,0,0,0,0,0,0,0,1,0,0,0,0
1189,2019,C_1189_1795419.0,1795419,control,0,2020/5/26,2020,0,Male,Black,1990,27,1,0,1,33742.53702,1,0.623160314,2021/11/24,-1,2019/1/1,2020/1/1,0,0,0,0,1,1,0,0,1,0,0,0,0
1189,2019,P_1189,,participant,1,2020/5/26,2020,0,Male,Black,1990,27,0,0,1,33382.90625,1,0,2021/11/24,-1,2019/1/1,2020/1/1,0,0,0,0,0,1,0,0,1,0,0,0,0
1189,2020,C_1189_1795419.0,1795419,control,0,2020/5/26,2020,0,Male,Black,1990,27,1,0,1,33742.53702,1,0.623160314,2021/11/24,0,2020/1/1,2021/1/1,1,1,0,0,1,1,0,0,1,0,0,0,0
1189,2020,P_1189,,participant,1,2020/5/26,2020,0,Male,Black,1990,27,0,0,1,33382.90625,1,0,2021/11/24,0,2020/1/1,2021/1/1,1,1,11650.67566,1,1,1,0,0,1,0,1,0,9.363205282
1189,2021,C_1189_1795419.0,1795419,control,0,2020/5/26,2020,0,Male,Black,1990,27,1,0,1,33742.53702,1,0.623160314,2021/11/24,1,2021/1/1,2022/1/1,1,1,0,0,1,1,0,0,1,0,0,0,0
1189,2021,P_1189,,participant,1,2020/5/26,2020,0,Male,Black,1990,27,0,0,1,33382.90625,1,0,2021/11/24,1,2021/1/1,2022/1/1,1,1,24564.98534,1,1,1,0,0,1,0,1,0,10.10911806
1190,2018,C_1190_1202390.0,1202390,control,0,2020/5/26,2020,0,Female,Black,1988,24,3,0,3,15064.14408,1,6.052903769,2021/11/24,-2,2018/1/1,2019/1/1,0,0,0,0,1,1,0,0,1,0,0,0,0
1190,2018,P_1190,,participant,1,2020/5/26,2020,0,Female,Black,1988,24,7,0,1,63302.12371,1,0,2021/11/24,-2,2018/1/1,2019/1/1,0,0,0,0,1,1,0,0,1,0,0,0,0
1190,2019,C_1190_1202390.0,1202390,control,0,2020/5/26,2020,0,Female,Black,1988,24,3,0,3,15064.14408,1,6.052903769,2021/11/24,-1,2019/1/1,2020/1/1,0,0,0,0,1,1,0,0,1,0,0,0,0
1190,2019,P_1190,,participant,1,2020/5/26,2020,0,Female,Black,1988,24,7,0,1,63302.12371,1,0,2021/11/24,-1,2019/1/1,2020/1/1,0,0,0,0,1,1,0,0,1,0,0,0,0
1190,2020,C_1190_1202390.0,1202390,control,0,2020/5/26,2020,0,Female,Black,1988,24,3,0,3,15064.14408,1,6.052903769,2021/11/24,0,2020/1/1,2021/1/1,1,1,13094.21394,1,1,1,0,0,1,0,0,0,9.480002094
1190,2020,P_1190,,participant,1,2020/5/26,2020,0,Female,Black,1988,24,7,0,1,63302.12371,1,0,2021/11/24,0,2020/1/1,2021/1/1,1,1,0,0,1,1,0,0,1,0,1,0,0
1190,2021,C_1190_1202390.0,1202390,control,0,2020/5/26,2020,0,Female,Black,1988,24,3,0,3,15064.14408,1,6.052903769,2021/11/24,1,2021/1/1,2022/1/1,1,1,6307.186417,1,1,1,0,0,1,0,0,0,8.7496035
1190,2021,P_1190,,participant,1,2020/5/26,2020,0,Female,Black,1988,24,7,0,1,63302.12371,1,0,2021/11/24,1,2021/1/1,2022/1/1,1,1,484.8297821,1,1,1,0,0,1,0,1,0,6.18585832
1194,2018,C_1194_699596.0,699596,control,0,2020/6/1,2020,0,Male,Black,1993,22,7,1,7,0,0,1.275422207,2021/11/30,-2,2018/1/1,2019/1/1,0,0,0,0,1,1,0,0,1,0,0,0,0
1194,2018,P_1194,,participant,1,2020/6/1,2020,0,Male,Black,1993,22,10,1,5,0,0,0,2021/11/30,-2,2018/1/1,2019/1/1,0,0,0,0,1,1,0,0,1,0,0,0,0
1194,2019,C_1194_699596.0,699596,control,0,2020/6/1,2020,0,Male,Black,1993,22,7,1,7,0,0,1.275422207,2021/11/30,-1,2019/1/1,2020/1/1,0,0,0,0,1,1,0,0,1,0,0,0,0
1194,2019,P_1194,,participant,1,2020/6/1,2020,0,Male,Black,1993,22,10,1,5,0,0,0,2021/11/30,-1,2019/1/1,2020/1/1,0,0,0,0,1,1,0,0,1,0,0,0,0
1194,2020,C_1194_699596.0,699596,control,0,2020/6/1,2020,0,Male,Black,1993,22,7,1,7,0,0,1.275422207,2021/11/30,0,2020/1/1,2021/1/1,1,1,0,0,1,1,0,0,1,0,0,0,0
1194,2020,P_1194,,participant,1,2020/6/1,2020,0,Male,Black,1993,22,10,1,5,0,0,0,2021/11/30,0,2020/1/1,2021/1/1,1,1,0,0,1,1,1,1,1,1,1,0,0
1194,2021,C_1194_699596.0,699596,control,0,2020/6/1,2020,0,Male,Black,1993,22,7,1,7,0,0,1.275422207,2021/11/30,1,2021/1/1,2022/1/1,1,1,0,0,1,1,0,0,1,0,0,0,0
1194,2021,P_1194,,participant,1,2020/6/1,2020,0,Male,Black,1993,22,10,1,5,0,0,0,2021/11/30,1,2021/1/1,2022/1/1,1,1,0,0,1,1,0,0,1,0,1,0,0
1199,2018,C_1199_1358050.0,1358050,control,0,2020/6/15,2020,0,Male,Black,1996,17,5,1,5,0,1,1.891643004,2021/12/14,-2,2018/1/1,2019/1/1,0,0,0,0,1,1,0,0,1,0,0,0,0
1199,2018,P_1199,,participant,1,2020/6/15,2020,0,Male,Black,1996,17,5,1,2,0,1,0,2021/12/14,-2,2018/1/1,2019/1/1,0,0,0,0,1,1,0,0,1,0,0,0,0
1199,2019,C_1199_1358050.0,1358050,control,0,2020/6/15,2020,0,Male,Black,1996,17,5,1,5,0,1,1.891643004,2021/12/14,-1,2019/1/1,2020/1/1,0,0,0,0,1,1,0,0,1,0,0,0,0
1199,2019,P_1199,,participant,1,2020/6/15,2020,0,Male,Black,1996,17,5,1,2,0,1,0,2021/12/14,-1,2019/1/1,2020/1/1,0,0,0,0,1,1,0,0,1,0,0,0,0
1199,2020,C_1199_1358050.0,1358050,control,0,2020/6/15,2020,0,Male,Black,1996,17,5,1,5,0,1,1.891643004,2021/12/14,0,2020/1/1,2021/1/1,1,1,0,0,1,1,0,0,1,0,0,0,0
1199,2020,P_1199,,participant,1,2020/6/15,2020,0,Male,Black,1996,17,5,1,2,0,1,0,2021/12/14,0,2020/1/1,2021/1/1,1,1,24387.67328,1,1,1,0,0,1,0,1,0,10.10187409
1199,2021,C_1199_1358050.0,1358050,control,0,2020/6/15,2020,0,Male,Black,1996,17,5,1,5,0,1,1.891643004,2021/12/14,1,2021/1/1,2022/1/1,1,1,0,0,1,1,0,0,1,0,0,0,0
1199,2021,P_1199,,participant,1,2020/6/15,2020,0,Male,Black,1996,17,5,1,2,0,1,0,2021/12/14,1,2021/1/1,2022/1/1,1,1,36625.60609,1,1,1,0,0,1,0,1,0,10.5085302
1201,2018,C_1201_1598540.0,1598540,control,0,2020/6/15,2020,0,Female,Black,1995,18,6,1,6,10343.84392,0,2.619620413,2021/12/14,-2,2018/1/1,2019/1/1,0,0,0,0,1,1,0,0,1,0,0,0,0
1201,2018,P_1201,,participant,1,2020/6/15,2020,0,Female,Black,1995,18,10,1,1,11539.72602,1,0,2021/12/14,-2,2018/1/1,2019/1/1,0,0,0,0,1,1,0,0,1,0,0,0,0
1201,2019,C_1201_1598540.0,1598540,control,0,2020/6/15,2020,0,Female,Black,1995,18,6,1,6,10343.84392,0,2.619620413,2021/12/14,-1,2019/1/1,2020/1/1,0,0,0,0,1,1,0,0,1,0,0,0,0
1201,2019,P_1201,,participant,1,2020/6/15,2020,0,Female,Black,1995,18,10,1,1,11539.72602,1,0,2021/12/14,-1,2019/1/1,2020/1/1,0,0,0,0,1,1,0,0,1,0,0,0,0
1201,2020,C_1201_1598540.0,1598540,control,0,2020/6/15,2020,0,Female,Black,1995,18,6,1,6,10343.84392,0,2.619620413,2021/12/14,0,2020/1/1,2021/1/1,1,1,0,0,1,1,0,0,1,0,0,0,0
1201,2020,P_1201,,participant,1,2020/6/15,2020,0,Female,Black,1995,18,10,1,1,11539.72602,1,0,2021/12/14,0,2020/1/1,2021/1/1,1,1,6713.648845,1,1,1,0,0,1,0,1,0,8.812046813
1201,2021,C_1201_1598540.0,1598540,control,0,2020/6/15,2020,0,Female,Black,1995,18,6,1,6,10343.84392,0,2.619620413,2021/12/14,1,2021/1/1,2022/1/1,1,1,0,0,1,1,0,0,1,0,0,0,0
1201,2021,P_1201,,participant,1,2020/6/15,2020,0,Female,Black,1995,18,10,1,1,11539.72602,1,0,2021/12/14,1,2021/1/1,2022/1/1,1,1,18825.5559,1,1,1,0,0,1,0,1,0,9.8430237
1203,2018,C_1203_1611140.0,1611140,control,0,2020/6/29,2020,0,Male,Black,1980,17,11,1,11,57374.59551,1,47871.17087,2021/12/28,-2,2018/1/1,2019/1/1,0,0,0,0,1,1,0,0,1,0,0,0,0
1203,2018,P_1203,,participant,1,2020/6/29,2020,0,Male,Black,1980,17,0,0,1,9503.426975,0,0,2021/12/28,-2,2018/1/1,2019/1/1,0,0,0,0,1,1,0,0,1,0,0,0,0
1203,2019,C_1203_1611140.0,1611140,control,0,2020/6/29,2020,0,Male,Black,1980,17,11,1,11,57374.59551,1,47871.17087,2021/12/28,-1,2019/1/1,2020/1/1,0,0,0,0,1,1,0,0,1,0,0,0,0
1203,2019,P_1203,,participant,1,2020/6/29,2020,0,Male,Black,1980,17,0,0,1,9503.426975,0,0,2021/12/28,-1,2019/1/1,2020/1/1,0,0,0,0,1,1,0,0,1,0,0,0,0
1203,2020,C_1203_1611140.0,1611140,control,0,2020/6/29,2020,0,Male,Black,1980,17,11,1,11,57374.59551,1,47871.17087,2021/12/28,0,2020/1/1,2021/1/1,1,1,26610.59038,1,1,1,0,0,1,0,0,0,10.18910213
1203,2020,P_1203,,participant,1,2020/6/29,2020,0,Male,Black,1980,17,0,0,1,9503.426975,0,0,2021/12/28,0,2020/1/1,2021/1/1,1,1,2641.210416,1,1,1,0,0,1,0,1,0,7.879371125
1203,2021,C_1203_1611140.0,1611140,control,0,2020/6/29,2020,0,Male,Black,1980,17,11,1,11,57374.59551,1,47871.17087,2021/12/28,1,2021/1/1,2022/1/1,1,1,634.5508568,1,1,1,0,0,1,0,0,0,6.454492114
1203,2021,P_1203,,participant,1,2020/6/29,2020,0,Male,Black,1980,17,0,0,1,9503.426975,0,0,2021/12/28,1,2021/1/1,2022/1/1,1,1,31492.18064,1,1,1,0,0,1,0,1,0,10.35752631
1207,2018,C_1207_1248430.0,1248430,control,0,2020/6/29,2020,0,Male,Black,1998,18,1,0,1,1553.968206,1,0.005515376,2021/12/28,-2,2018/1/1,2019/1/1,0,0,0,0,1,1,0,0,1,0,0,0,0
1207,2018,P_1207,,participant,1,2020/6/29,2020,0,Male,Black,1998,18,1,0,1,1514.563835,1,0,2021/12/28,-2,2018/1/1,2019/1/1,0,0,0,0,1,1,0,0,1,0,0,0,0
1207,2019,C_1207_1248430.0,1248430,control,0,2020/6/29,2020,0,Male,Black,1998,18,1,0,1,1553.968206,1,0.005515376,2021/12/28,-1,2019/1/1,2020/1/1,0,0,0,0,1,1,0,0,1,0,0,0,0
1207,2019,P_1207,,participant,1,2020/6/29,2020,0,Male,Black,1998,18,1,0,1,1514.563835,1,0,2021/12/28,-1,2019/1/1,2020/1/1,0,0,0,0,1,1,0,0,1,0,0,0,0
1207,2020,C_1207_1248430.0,1248430,control,0,2020/6/29,2020,0,Male,Black,1998,18,1,0,1,1553.968206,1,0.005515376,2021/12/28,0,2020/1/1,2021/1/1,1,1,10939.38269,1,1,1,0,0,1,0,0,0,9.300216056
1207,2020,P_1207,,participant,1,2020/6/29,2020,0,Male,Black,1998,18,1,0,1,1514.563835,1,0,2021/12/28,0,2020/1/1,2021/1/1,1,1,1149.542357,1,1,1,0,0,1,0,1,0,7.047988725
1207,2021,C_1207_1248430.0,1248430,control,0,2020/6/29,2020,0,Male,Black,1998,18,1,0,1,1553.968206,1,0.005515376,2021/12/28,1,2021/1/1,2022/1/1,1,1,46650.93141,1,1,1,0,0,1,0,0,0,10.75046961
1207,2021,P_1207,,participant,1,2020/6/29,2020,0,Male,Black,1998,18,1,0,1,1514.563835,1,0,2021/12/28,1,2021/1/1,2022/1/1,1,1,15412.20342,1,1,1,0,0,1,0,1,0,9.642979786
1212,2018,C_1212_1393160.0,1393160,control,0,2020/7/13,2020,0,Male,Black,1980,27,3,0,3,33226.54808,1,1.354414165,2022/1/11,-2,2018/1/1,2019/1/1,0,0,0,0,1,1,0,0,1,0,0,0,0
1212,2018,P_1212,,participant,1,2020/7/13,2020,0,Male,Black,1980,27,6,0,3,14472.53058,1,0,2022/1/11,-2,2018/1/1,2019/1/1,0,0,0,0,1,1,0,0,1,0,0,0,0
1212,2019,C_1212_1393160.0,1393160,control,0,2020/7/13,2020,0,Male,Black,1980,27,3,0,3,33226.54808,1,1.354414165,2022/1/11,-1,2019/1/1,2020/1/1,0,0,0,0,1,1,0,0,1,0,0,0,0
1212,2019,P_1212,,participant,1,2020/7/13,2020,0,Male,Black,1980,27,6,0,3,14472.53058,1,0,2022/1/11,-1,2019/1/1,2020/1/1,0,0,0,0,1,1,0,0,1,0,0,0,0
1212,2020,C_1212_1393160.0,1393160,control,0,2020/7/13,2020,0,Male,Black,1980,27,3,0,3,33226.54808,1,1.354414165,2022/1/11,0,2020/1/1,2021/1/1,1,1,0,0,1,1,0,0,1,0,0,0,0
1212,2020,P_1212,,participant,1,2020/7/13,2020,0,Male,Black,1980,27,6,0,3,14472.53058,1,0,2022/1/11,0,2020/1/1,2021/1/1,1,1,5620.766685,1,1,1,0,0,1,0,1,0,8.63440125
1212,2021,C_1212_1393160.0,1393160,control,0,2020/7/13,2020,0,Male,Black,1980,27,3,0,3,33226.54808,1,1.354414165,2022/1/11,1,2021/1/1,2022/1/1,1,1,0,0,1,1,0,0,1,0,0,0,0
1212,2021,P_1212,,participant,1,2020/7/13,2020,0,Male,Black,1980,27,6,0,3,14472.53058,1,0,2022/1/11,1,2021/1/1,2022/1/1,1,1,14589.13626,1,1,1,0,0,1,0,1,0,9.588100981
1218,2018,C_1218_1275178.0,1275178,control,0,2020/7/17,2020,0,Male,Black,1998,16,1,0,1,251.5216154,1,1.922923738,2022/1/15,-2,2018/1/1,2019/1/1,0,0,0,0,1,1,0,0,1,0,0,0,0
1218,2018,P_1218,,participant,1,2020/7/17,2020,0,Male,Black,1998,16,0,0,1,0,0,0,2022/1/15,-2,2018/1/1,2019/1/1,0,0,0,0,0,1,0,0,1,0,0,0,0
1218,2019,C_1218_1275178.0,1275178,control,0,2020/7/17,2020,0,Male,Black,1998,16,1,0,1,251.5216154,1,1.922923738,2022/1/15,-1,2019/1/1,2020/1/1,0,0,0,0,1,1,0,0,1,0,0,0,0
1218,2019,P_1218,,participant,1,2020/7/17,2020,0,Male,Black,1998,16,0,0,1,0,0,0,2022/1/15,-1,2019/1/1,2020/1/1,0,0,0,0,1,1,0,0,1,0,0,0,0
1218,2020,C_1218_1275178.0,1275178,control,0,2020/7/17,2020,0,Male,Black,1998,16,1,0,1,251.5216154,1,1.922923738,2022/1/15,0,2020/1/1,2021/1/1,1,1,0,0,1,1,0,0,1,0,0,0,0
1218,2020,P_1218,,participant,1,2020/7/17,2020,0,Male,Black,1998,16,0,0,1,0,0,0,2022/1/15,0,2020/1/1,2021/1/1,1,1,531.3252727,1,1,1,0,0,1,0,1,0,6.277254717
1218,2021,C_1218_1275178.0,1275178,control,0,2020/7/17,2020,0,Male,Black,1998,16,1,0,1,251.5216154,1,1.922923738,2022/1/15,1,2021/1/1,2022/1/1,1,1,1010.786643,1,1,1,0,0,1,0,0,0,6.919473001
1218,2021,P_1218,,participant,1,2020/7/17,2020,0,Male,Black,1998,16,0,0,1,0,0,0,2022/1/15,1,2021/1/1,2022/1/1,1,1,3174.265156,1,1,1,0,0,1,0,1,0,8.063146422
1221,2018,C_1221_1857600.0,1857600,control,0,2020/7/20,2020,0,Male,Black,1993,19,11,1,11,0,1,3.971449903,2022/1/18,-2,2018/1/1,2019/1/1,0,0,0,0,1,1,0,0,1,0,0,0,0
1221,2018,P_1221,,participant,1,2020/7/20,2020,0,Male,Black,1993,19,19,1,2,3041.574252,1,0,2022/1/18,-2,2018/1/1,2019/1/1,0,0,0,0,1,1,0,0,1,0,0,0,0
1221,2019,C_1221_1857600.0,1857600,control,0,2020/7/20,2020,0,Male,Black,1993,19,11,1,11,0,1,3.971449903,2022/1/18,-1,2019/1/1,2020/1/1,0,0,0,0,1,1,0,0,1,0,0,0,0
1221,2019,P_1221,,participant,1,2020/7/20,2020,0,Male,Black,1993,19,19,1,2,3041.574252,1,0,2022/1/18,-1,2019/1/1,2020/1/1,0,0,0,0,1,1,0,0,1,0,0,0,0
1221,2020,C_1221_1857600.0,1857600,control,0,2020/7/20,2020,0,Male,Black,1993,19,11,1,11,0,1,3.971449903,2022/1/18,0,2020/1/1,2021/1/1,1,1,0,0,1,1,0,0,1,0,0,0,0
1221,2020,P_1221,,participant,1,2020/7/20,2020,0,Male,Black,1993,19,19,1,2,3041.574252,1,0,2022/1/18,0,2020/1/1,2021/1/1,1,1,0,0,1,1,0,0,1,0,1,0,0
1221,2021,C_1221_1857600.0,1857600,control,0,2020/7/20,2020,0,Male,Black,1993,19,11,1,11,0,1,3.971449903,2022/1/18,1,2021/1/1,2022/1/1,1,1,0,0,1,1,0,0,1,0,0,0,0
1221,2021,P_1221,,participant,1,2020/7/20,2020,0,Male,Black,1993,19,19,1,2,3041.574252,1,0,2022/1/18,1,2021/1/1,2022/1/1,1,1,6404.360554,1,1,1,0,0,1,0,1,0,8.764890505
1231,2018,C_1231_nan,,control,0,2020/7/27,2020,0,Male,Black,2000,,0,0,0,0,0,5151.819349,2022/1/25,-2,2018/1/1,2019/1/1,0,0,0,0,0,0,0,0,0,0,0,0,0
1231,2018,P_1231,,participant,1,2020/7/27,2020,0,Male,Black,2000,,0,0,0,5151.819252,1,0,2022/1/25,-2,2018/1/1,2019/1/1,0,0,0,0,0,0,0,0,0,0,0,0,0
1231,2019,C_1231_nan,,control,0,2020/7/27,2020,0,Male,Black,2000,,0,0,0,0,0,5151.819349,2022/1/25,-1,2019/1/1,2020/1/1,0,0,0,0,0,0,0,0,0,0,0,0,0
1231,2019,P_1231,,participant,1,2020/7/27,2020,0,Male,Black,2000,,0,0,0,5151.819252,1,0,2022/1/25,-1,2019/1/1,2020/1/1,0,0,0,0,0,0,0,0,0,0,0,0,0
1231,2020,C_1231_nan,,control,0,2020/7/27,2020,0,Male,Black,2000,,0,0,0,0,0,5151.819349,2022/1/25,0,2020/1/1,2021/1/1,1,1,0,0,0,0,0,0,0,0,0,0,0
1231,2020,P_1231,,participant,1,2020/7/27,2020,0,Male,Black,2000,,0,0,0,5151.819252,1,0,2022/1/25,0,2020/1/1,2021/1/1,1,1,7421.663858,1,0,0,0,0,0,0,1,0,8.912293282
1231,2021,C_1231_nan,,control,0,2020/7/27,2020,0,Male,Black,2000,,0,0,0,0,0,5151.819349,2022/1/25,1,2021/1/1,2022/1/1,1,1,0,0,0,0,0,0,0,0,0,0,0
1231,2021,P_1231,,participant,1,2020/7/27,2020,0,Male,Black,2000,,0,0,0,5151.819252,1,0,2022/1/25,1,2021/1/1,2022/1/1,1,1,10252.21653,1,0,0,0,0,0,0,1,0,9.235346743
1233,2018,C_1233_231770.0,231770,control,0,2020/8/3,2020,0,Male,Black,1985,31,3,1,3,0,0,2.867978459,2022/2/1,-2,2018/1/1,2019/1/1,0,0,0,0,1,1,0,0,1,0,0,0,0
1233,2018,P_1233,,participant,1,2020/8/3,2020,0,Male,Black,1985,31,3,1,1,0,1,0,2022/2/1,-2,2018/1/1,2019/1/1,0,0,0,0,1,1,0,0,1,0,0,0,0
1233,2019,C_1233_231770.0,231770,control,0,2020/8/3,2020,0,Male,Black,1985,31,3,1,3,0,0,2.867978459,2022/2/1,-1,2019/1/1,2020/1/1,0,0,0,0,1,1,0,0,1,0,0,0,0
1233,2019,P_1233,,participant,1,2020/8/3,2020,0,Male,Black,1985,31,3,1,1,0,1,0,2022/2/1,-1,2019/1/1,2020/1/1,0,0,0,0,1,1,0,0,1,0,0,0,0
1233,2020,C_1233_231770.0,231770,control,0,2020/8/3,2020,0,Male,Black,1985,31,3,1,3,0,0,2.867978459,2022/2/1,0,2020/1/1,2021/1/1,1,1,0,0,1,1,0,0,1,0,0,0,0
1233,2020,P_1233,,participant,1,2020/8/3,2020,0,Male,Black,1985,31,3,1,1,0,1,0,2022/2/1,0,2020/1/1,2021/1/1,1,1,59.76099585,1,1,1,0,0,1,0,1,0,4.106948067
1233,2021,C_1233_231770.0,231770,control,0,2020/8/3,2020,0,Male,Black,1985,31,3,1,3,0,0,2.867978459,2022/2/1,1,2021/1/1,2022/1/1,1,1,0,0,1,1,0,0,1,0,0,0,0
1233,2021,P_1233,,participant,1,2020/8/3,2020,0,Male,Black,1985,31,3,1,1,0,1,0,2022/2/1,1,2021/1/1,2022/1/1,1,1,0,0,1,1,0,0,1,0,1,0,0
1236,2018,C_1236_1516783.0,1516783,control,0,2020/8/10,2020,0,Male,Black,1988,23,3,0,3,0,1,0.421545639,2022/2/8,-2,2018/1/1,2019/1/1,0,0,0,0,1,1,0,0,1,0,0,0,0
1236,2018,P_1236,,participant,1,2020/8/10,2020,0,Male,Black,1988,23,2,0,4,0,1,0,2022/2/8,-2,2018/1/1,2019/1/1,0,0,0,0,1,1,0,0,1,0,0,0,0
1236,2019,C_1236_1516783.0,1516783,control,0,2020/8/10,2020,0,Male,Black,1988,23,3,0,3,0,1,0.421545639,2022/2/8,-1,2019/1/1,2020/1/1,0,0,0,0,1,1,0,0,1,0,0,0,0
1236,2019,P_1236,,participant,1,2020/8/10,2020,0,Male,Black,1988,23,2,0,4,0,1,0,2022/2/8,-1,2019/1/1,2020/1/1,0,0,0,0,1,1,0,0,1,0,0,0,0
1236,2020,C_1236_1516783.0,1516783,control,0,2020/8/10,2020,0,Male,Black,1988,23,3,0,3,0,1,0.421545639,2022/2/8,0,2020/1/1,2021/1/1,1,1,10555.11337,1,1,1,0,0,1,0,0,0,9.264460437
1236,2020,P_1236,,participant,1,2020/8/10,2020,0,Male,Black,1988,23,2,0,4,0,1,0,2022/2/8,0,2020/1/1,2021/1/1,1,1,0,0,1,1,0,0,1,0,1,0,0
1236,2021,C_1236_1516783.0,1516783,control,0,2020/8/10,2020,0,Male,Black,1988,23,3,0,3,0,1,0.421545639,2022/2/8,1,2021/1/1,2022/1/1,1,1,18066.99549,1,1,1,0,0,1,0,0,0,9.801897447
1236,2021,P_1236,,participant,1,2020/8/10,2020,0,Male,Black,1988,23,2,0,4,0,1,0,2022/2/8,1,2021/1/1,2022/1/1,1,1,11649.87693,1,1,1,0,0,1,0,1,0,9.363136729
1241,2018,C_1241_1119266.0,1119266,control,0,2020/8/24,2020,0,Male,Black,1979,26,9,1,9,0,0,10.24351527,2022/2/22,-2,2018/1/1,2019/1/1,0,0,0,0,1,1,0,0,1,0,0,0,0
1241,2018,P_1241,,participant,1,2020/8/24,2020,0,Male,Black,1979,26,33,1,10,0,0,0,2022/2/22,-2,2018/1/1,2019/1/1,0,0,0,0,1,1,0,0,1,0,0,0,0
1241,2019,C_1241_1119266.0,1119266,control,0,2020/8/24,2020,0,Male,Black,1979,26,9,1,9,0,0,10.24351527,2022/2/22,-1,2019/1/1,2020/1/1,0,0,0,0,1,1,0,0,1,0,0,0,0
1241,2019,P_1241,,participant,1,2020/8/24,2020,0,Male,Black,1979,26,33,1,10,0,0,0,2022/2/22,-1,2019/1/1,2020/1/1,0,0,0,0,1,1,0,0,1,0,0,0,0
1241,2020,C_1241_1119266.0,1119266,control,0,2020/8/24,2020,0,Male,Black,1979,26,9,1,9,0,0,10.24351527,2022/2/22,0,2020/1/1,2021/1/1,1,1,0,0,1,1,0,0,1,0,0,0,0
1241,2020,P_1241,,participant,1,2020/8/24,2020,0,Male,Black,1979,26,33,1,10,0,0,0,2022/2/22,0,2020/1/1,2021/1/1,1,1,1129.636862,1,1,1,0,0,1,0,1,0,7.030536348
1241,2021,C_1241_1119266.0,1119266,control,0,2020/8/24,2020,0,Male,Black,1979,26,9,1,9,0,0,10.24351527,2022/2/22,1,2021/1/1,2022/1/1,1,1,1144.874104,1,1,1,0,0,1,0,0,0,7.043923035
1241,2021,P_1241,,participant,1,2020/8/24,2020,0,Male,Black,1979,26,33,1,10,0,0,0,2022/2/22,1,2021/1/1,2022/1/1,1,1,38987.75098,1,1,1,0,0,1,0,1,0,10.57102845
1247,2018,C_1247_1235705.0,1235705,control,0,2020/9/7,2020,0,Male,Black,1985,22,1,0,1,0,0,1.429920816,2022/3/8,-2,2018/1/1,2019/1/1,0,0,0,0,1,1,0,0,1,0,0,0,0
1247,2018,P_1247,,participant,1,2020/9/7,2020,0,Male,Black,1985,22,0,0,3,0,0,0,2022/3/8,-2,2018/1/1,2019/1/1,0,0,0,0,1,1,0,0,1,0,0,0,0
1247,2019,C_1247_1235705.0,1235705,control,0,2020/9/7,2020,0,Male,Black,1985,22,1,0,1,0,0,1.429920816,2022/3/8,-1,2019/1/1,2020/1/1,0,0,0,0,1,1,0,0,1,0,0,0,0
1247,2019,P_1247,,participant,1,2020/9/7,2020,0,Male,Black,1985,22,0,0,3,0,0,0,2022/3/8,-1,2019/1/1,2020/1/1,0,0,0,0,1,1,0,0,1,0,0,0,0
1247,2020,C_1247_1235705.0,1235705,control,0,2020/9/7,2020,0,Male,Black,1985,22,1,0,1,0,0,1.429920816,2022/3/8,0,2020/1/1,2021/1/1,1,1,0,0,1,1,0,0,1,0,0,0,0
1247,2020,P_1247,,participant,1,2020/9/7,2020,0,Male,Black,1985,22,0,0,3,0,0,0,2022/3/8,0,2020/1/1,2021/1/1,1,1,0,0,1,1,0,0,1,0,1,0,0
1247,2021,C_1247_1235705.0,1235705,control,0,2020/9/7,2020,0,Male,Black,1985,22,1,0,1,0,0,1.429920816,2022/3/8,1,2021/1/1,2022/1/1,1,1,0,0,1,1,0,0,1,0,0,0,0
1247,2021,P_1247,,participant,1,2020/9/7,2020,0,Male,Black,1985,22,0,0,3,0,0,0,2022/3/8,1,2021/1/1,2022/1/1,1,1,7896.85188,1,1,1,0,0,1,0,1,0,8.974346088
1260,2018,C_1260_1696902.0,1696902,control,0,2020/10/12,2020,0,Male,Black,1997,19,2,1,2,21536.52466,1,0.655495004,2022/4/12,-2,2018/1/1,2019/1/1,0,0,0,0,1,1,0,0,1,0,0,0,0
1260,2018,P_1260,,participant,1,2020/10/12,2020,0,Male,Black,1997,19,1,1,1,24817.27278,1,0,2022/4/12,-2,2018/1/1,2019/1/1,0,0,0,0,1,1,0,0,1,0,0,0,0
1260,2019,C_1260_1696902.0,1696902,control,0,2020/10/12,2020,0,Male,Black,1997,19,2,1,2,21536.52466,1,0.655495004,2022/4/12,-1,2019/1/1,2020/1/1,0,0,0,0,1,1,0,0,1,0,0,0,0
1260,2019,P_1260,,participant,1,2020/10/12,2020,0,Male,Black,1997,19,1,1,1,24817.27278,1,0,2022/4/12,-1,2019/1/1,2020/1/1,0,0,0,0,1,1,0,0,1,0,0,0,0
1260,2020,C_1260_1696902.0,1696902,control,0,2020/10/12,2020,0,Male,Black,1997,19,2,1,2,21536.52466,1,0.655495004,2022/4/12,0,2020/1/1,2021/1/1,1,1,4558.358439,1,1,1,0,0,1,0,0,0,8.424937199
1260,2020,P_1260,,participant,1,2020/10/12,2020,0,Male,Black,1997,19,1,1,1,24817.27278,1,0,2022/4/12,0,2020/1/1,2021/1/1,1,1,0,0,1,1,0,0,1,0,1,0,0
1260,2021,C_1260_1696902.0,1696902,control,0,2020/10/12,2020,0,Male,Black,1997,19,2,1,2,21536.52466,1,0.655495004,2022/4/12,1,2021/1/1,2022/1/1,1,1,228.7782556,1,1,1,0,0,1,0,0,0,5.437114738
1260,2021,P_1260,,participant,1,2020/10/12,2020,0,Male,Black,1997,19,1,1,1,24817.27278,1,0,2022/4/12,1,2021/1/1,2022/1/1,1,1,7638.693008,1,1,1,0,0,1,0,1,0,8.941112699
1261,2018,C_1261_1059857.0,1059857,control,0,2020/10/5,2020,0,Male,Black,1991,19,3,1,3,0,0,0.415047217,2022/4/5,-2,2018/1/1,2019/1/1,0,0,0,0,1,1,0,0,1,0,0,0,0
1261,2018,P_1261,,participant,1,2020/10/5,2020,0,Male,Black,1991,19,4,1,2,0,0,0,2022/4/5,-2,2018/1/1,2019/1/1,0,0,0,0,1,1,0,0,1,0,0,0,0
1261,2019,C_1261_1059857.0,1059857,control,0,2020/10/5,2020,0,Male,Black,1991,19,3,1,3,0,0,0.415047217,2022/4/5,-1,2019/1/1,2020/1/1,0,0,0,0,1,1,0,0,1,0,0,0,0
1261,2019,P_1261,,participant,1,2020/10/5,2020,0,Male,Black,1991,19,4,1,2,0,0,0,2022/4/5,-1,2019/1/1,2020/1/1,0,0,0,0,1,1,0,0,1,0,0,0,0
1261,2020,C_1261_1059857.0,1059857,control,0,2020/10/5,2020,0,Male,Black,1991,19,3,1,3,0,0,0.415047217,2022/4/5,0,2020/1/1,2021/1/1,1,1,0,0,1,1,0,0,1,0,0,0,0
1261,2020,P_1261,,participant,1,2020/10/5,2020,0,Male,Black,1991,19,4,1,2,0,0,0,2022/4/5,0,2020/1/1,2021/1/1,1,1,0,0,1,1,0,0,1,0,1,0,0
1261,2021,C_1261_1059857.0,1059857,control,0,2020/10/5,2020,0,Male,Black,1991,19,3,1,3,0,0,0.415047217,2022/4/5,1,2021/1/1,2022/1/1,1,1,0,0,1,1,0,0,1,0,0,0,0
1261,2021,P_1261,,participant,1,2020/10/5,2020,0,Male,Black,1991,19,4,1,2,0,0,0,2022/4/5,1,2021/1/1,2022/1/1,1,1,1925.384934,1,1,1,1,1,1,1,1,0,7.563400434
1265,2018,C_1265_1084938.0,1084938,control,0,2020/10/26,2020,0,Male,Black,1981,22,2,0,2,2558.203828,1,0.474439033,2022/4/26,-2,2018/1/1,2019/1/1,0,0,0,0,1,1,0,0,1,0,0,0,0
1265,2018,P_1265,,participant,1,2020/10/26,2020,0,Male,Black,1981,22,2,0,2,8891.75356,1,0,2022/4/26,-2,2018/1/1,2019/1/1,0,0,0,0,1,1,0,0,1,0,0,0,0
1265,2019,C_1265_1084938.0,1084938,control,0,2020/10/26,2020,0,Male,Black,1981,22,2,0,2,2558.203828,1,0.474439033,2022/4/26,-1,2019/1/1,2020/1/1,0,0,0,0,1,1,0,0,1,0,0,0,0
1265,2019,P_1265,,participant,1,2020/10/26,2020,0,Male,Black,1981,22,2,0,2,8891.75356,1,0,2022/4/26,-1,2019/1/1,2020/1/1,0,0,0,0,1,1,0,0,1,0,0,0,0
1265,2020,C_1265_1084938.0,1084938,control,0,2020/10/26,2020,0,Male,Black,1981,22,2,0,2,2558.203828,1,0.474439033,2022/4/26,0,2020/1/1,2021/1/1,1,1,0,0,1,1,0,0,1,0,0,0,0
1265,2020,P_1265,,participant,1,2020/10/26,2020,0,Male,Black,1981,22,2,0,2,8891.75356,1,0,2022/4/26,0,2020/1/1,2021/1/1,1,1,0,0,1,1,0,0,1,0,1,0,0
1265,2021,C_1265_1084938.0,1084938,control,0,2020/10/26,2020,0,Male,Black,1981,22,2,0,2,2558.203828,1,0.474439033,2022/4/26,1,2021/1/1,2022/1/1,1,1,11656.79431,1,1,1,0,0,1,0,0,0,9.363730274
1265,2021,P_1265,,participant,1,2020/10/26,2020,0,Male,Black,1981,22,2,0,2,8891.75356,1,0,2022/4/26,1,2021/1/1,2022/1/1,1,1,58.72383031,1,1,1,0,0,1,0,1,0,4.089731108
1268,2018,C_1268_1846387.0,1846387,control,0,2020/10/12,2020,0,Male,Black,1992,16,2,1,2,0,0,36348.83507,2022/4/12,-2,2018/1/1,2019/1/1,0,0,0,0,1,1,0,0,1,0,0,0,0
1268,2018,P_1268,,participant,1,2020/10/12,2020,0,Male,Black,1992,16,0,0,1,36348.83502,1,0,2022/4/12,-2,2018/1/1,2019/1/1,0,0,0,0,1,1,0,0,1,0,0,0,0
1268,2019,C_1268_1846387.0,1846387,control,0,2020/10/12,2020,0,Male,Black,1992,16,2,1,2,0,0,36348.83507,2022/4/12,-1,2019/1/1,2020/1/1,0,0,0,0,1,1,0,0,1,0,0,0,0
1268,2019,P_1268,,participant,1,2020/10/12,2020,0,Male,Black,1992,16,0,0,1,36348.83502,1,0,2022/4/12,-1,2019/1/1,2020/1/1,0,0,0,0,1,1,0,0,1,0,0,0,0
1268,2020,C_1268_1846387.0,1846387,control,0,2020/10/12,2020,0,Male,Black,1992,16,2,1,2,0,0,36348.83507,2022/4/12,0,2020/1/1,2021/1/1,1,1,0,0,1,1,0,0,1,0,0,0,0
1268,2020,P_1268,,participant,1,2020/10/12,2020,0,Male,Black,1992,16,0,0,1,36348.83502,1,0,2022/4/12,0,2020/1/1,2021/1/1,1,1,0,0,1,1,0,0,1,0,1,0,0
1268,2021,C_1268_1846387.0,1846387,control,0,2020/10/12,2020,0,Male,Black,1992,16,2,1,2,0,0,36348.83507,2022/4/12,1,2021/1/1,2022/1/1,1,1,0,0,1,1,0,0,1,0,0,0,0
1268,2021,P_1268,,participant,1,2020/10/12,2020,0,Male,Black,1992,16,0,0,1,36348.83502,1,0,2022/4/12,1,2021/1/1,2022/1/1,1,1,8635.91331,1,1,1,0,0,1,0,1,0,9.063800542
1270,2018,C_1270_1414071.0,1414071,control,0,2020/11/9,2020,0,Male,Black,1973,28,5,0,5,16559.28338,1,0.645942537,2022/5/10,-2,2018/1/1,2019/1/1,0,0,0,0,1,1,0,0,1,0,0,0,0
1270,2018,P_1270,,participant,1,2020/11/9,2020,0,Male,Black,1973,28,6,0,5,5620.47889,1,0,2022/5/10,-2,2018/1/1,2019/1/1,0,0,0,0,1,1,0,0,1,0,0,0,0
1270,2019,C_1270_1414071.0,1414071,control,0,2020/11/9,2020,0,Male,Black,1973,28,5,0,5,16559.28338,1,0.645942537,2022/5/10,-1,2019/1/1,2020/1/1,0,0,0,0,1,1,0,0,1,0,0,0,0
1270,2019,P_1270,,participant,1,2020/11/9,2020,0,Male,Black,1973,28,6,0,5,5620.47889,1,0,2022/5/10,-1,2019/1/1,2020/1/1,0,0,0,0,1,1,0,0,1,0,0,0,0
1270,2020,C_1270_1414071.0,1414071,control,0,2020/11/9,2020,0,Male,Black,1973,28,5,0,5,16559.28338,1,0.645942537,2022/5/10,0,2020/1/1,2021/1/1,1,1,0,0,1,1,0,0,1,0,0,0,0
1270,2020,P_1270,,participant,1,2020/11/9,2020,0,Male,Black,1973,28,6,0,5,5620.47889,1,0,2022/5/10,0,2020/1/1,2021/1/1,1,1,0,0,1,1,0,0,1,0,1,0,0
1270,2021,C_1270_1414071.0,1414071,control,0,2020/11/9,2020,0,Male,Black,1973,28,5,0,5,16559.28338,1,0.645942537,2022/5/10,1,2021/1/1,2022/1/1,1,1,5536.269761,1,1,1,0,0,1,0,0,0,8.619256835
1270,2021,P_1270,,participant,1,2020/11/9,2020,0,Male,Black,1973,28,6,0,5,5620.47889,1,0,2022/5/10,1,2021/1/1,2022/1/1,1,1,0,0,1,1,0,0,1,0,1,0,0
1275,2018,C_1275_1502089.0,1502089,control,0,2020/12/1,2020,0,Male,Black,1991,18,7,1,7,0,1,0.767404483,2022/6/1,-2,2018/1/1,2019/1/1,0,0,0,0,1,1,0,0,1,0,0,0,0
1275,2018,P_1275,,participant,1,2020/12/1,2020,0,Male,Black,1991,18,10,1,7,0,1,0,2022/6/1,-2,2018/1/1,2019/1/1,0,0,0,0,1,1,0,0,1,0,0,0,0
1275,2019,C_1275_1502089.0,1502089,control,0,2020/12/1,2020,0,Male,Black,1991,18,7,1,7,0,1,0.767404483,2022/6/1,-1,2019/1/1,2020/1/1,0,0,0,0,1,1,0,0,1,0,0,0,0
1275,2019,P_1275,,participant,1,2020/12/1,2020,0,Male,Black,1991,18,10,1,7,0,1,0,2022/6/1,-1,2019/1/1,2020/1/1,0,0,0,0,1,1,0,0,1,0,0,0,0
1275,2020,C_1275_1502089.0,1502089,control,0,2020/12/1,2020,0,Male,Black,1991,18,7,1,7,0,1,0.767404483,2022/6/1,0,2020/1/1,2021/1/1,1,1,7356.324631,1,1,1,0,0,1,0,0,0,8.903451644
1275,2020,P_1275,,participant,1,2020/12/1,2020,0,Male,Black,1991,18,10,1,7,0,1,0,2022/6/1,0,2020/1/1,2021/1/1,1,1,0,0,1,1,0,0,1,0,1,0,0
1275,2021,C_1275_1502089.0,1502089,control,0,2020/12/1,2020,0,Male,Black,1991,18,7,1,7,0,1,0.767404483,2022/6/1,1,2021/1/1,2022/1/1,1,1,25360.76271,1,1,1,0,0,1,0,0,0,10.14099791
1275,2021,P_1275,,participant,1,2020/12/1,2020,0,Male,Black,1991,18,10,1,7,0,1,0,2022/6/1,1,2021/1/1,2022/1/1,1,1,1569.639048,1,1,1,0,0,1,0,1,0,7.359237852
1276,2023,C_1276_1791556.0,1791556,control,0,2025/4/14,2025,1,Male,Black,1980,21,6,0,6,0,0,0.32367273,2026/10/13,-2,2023/1/1,2024/1/1,0,0,0,0,1,1,0,0,1,0,0,0,0
1276,2023,P_1276,,participant,1,2025/4/14,2025,1,Male,Black,1980,21,6,0,6,7503.878819,0,0,2026/10/13,-2,2023/1/1,2024/1/1,0,0,0,0,1,1,0,0,1,0,0,0,0
1276,2024,C_1276_1791556.0,1791556,control,0,2025/4/14,2025,1,Male,Black,1980,21,6,0,6,0,0,0.32367273,2026/10/13,-1,2024/1/1,2025/1/1,0,0,0,0,1,1,0,0,1,0,0,0,0
1276,2024,P_1276,,participant,1,2025/4/14,2025,1,Male,Black,1980,21,6,0,6,7503.878819,0,0,2026/10/13,-1,2024/1/1,2025/1/1,0,0,0,0,1,1,0,0,1,0,0,0,0
1276,2025,C_1276_1791556.0,1791556,control,0,2025/4/14,2025,1,Male,Black,1980,21,6,0,6,0,0,0.32367273,2026/10/13,0,2025/1/1,2026/1/1,1,1,0,0,1,1,0,0,1,0,0,0,0
1276,2025,P_1276,,participant,1,2025/4/14,2025,1,Male,Black,1980,21,6,0,6,7503.878819,0,0,2026/10/13,0,2025/1/1,2026/1/1,1,1,0,0,1,1,0,0,1,0,1,1,0
1276,2026,C_1276_1791556.0,1791556,control,0,2025/4/14,2025,1,Male,Black,1980,21,6,0,6,0,0,0.32367273,2026/10/13,1,2026/1/1,2027/1/1,1,1,0,0,1,1,0,0,1,0,0,0,0
1276,2026,P_1276,,participant,1,2025/4/14,2025,1,Male,Black,1980,21,6,0,6,7503.878819,0,0,2026/10/13,1,2026/1/1,2027/1/1,1,1,0,0,1,1,0,0,1,0,1,1,0
1277,2018,C_1277_nan,,control,0,2020/12/1,2020,0,Male,Black,2000,,0,0,0,0,0,2142.448455,2022/6/1,-2,2018/1/1,2019/1/1,0,0,0,0,0,0,0,0,0,0,0,0,0
1277,2018,P_1277,,participant,1,2020/12/1,2020,0,Male,Black,2000,,0,0,0,2142.448221,1,0,2022/6/1,-2,2018/1/1,2019/1/1,0,0,0,0,0,0,0,0,0,0,0,0,0
1277,2019,C_1277_nan,,control,0,2020/12/1,2020,0,Male,Black,2000,,0,0,0,0,0,2142.448455,2022/6/1,-1,2019/1/1,2020/1/1,0,0,0,0,0,0,0,0,0,0,0,0,0
1277,2019,P_1277,,participant,1,2020/12/1,2020,0,Male,Black,2000,,0,0,0,2142.448221,1,0,2022/6/1,-1,2019/1/1,2020/1/1,0,0,0,0,0,0,0,0,0,0,0,0,0
1277,2020,C_1277_nan,,control,0,2020/12/1,2020,0,Male,Black,2000,,0,0,0,0,0,2142.448455,2022/6/1,0,2020/1/1,2021/1/1,1,1,0,0,0,0,0,0,0,0,0,0,0
1277,2020,P_1277,,participant,1,2020/12/1,2020,0,Male,Black,2000,,0,0,0,2142.448221,1,0,2022/6/1,0,2020/1/1,2021/1/1,1,1,3209.761128,1,0,0,0,0,0,0,1,0,8.074263299
1277,2021,C_1277_nan,,control,0,2020/12/1,2020,0,Male,Black,2000,,0,0,0,0,0,2142.448455,2022/6/1,1,2021/1/1,2022/1/1,1,1,0,0,0,0,0,0,0,0,0,0,0
1277,2021,P_1277,,participant,1,2020/12/1,2020,0,Male,Black,2000,,0,0,0,2142.448221,1,0,2022/6/1,1,2021/1/1,2022/1/1,1,1,5580.538413,1,0,0,0,0,0,0,1,0,8.627219719
1280,2018,C_1280_1800812.0,1800812,control,0,2020/11/16,2020,0,Male,White,1954,,2,1,0,0,0,2.236067977,2022/5/17,-2,2018/1/1,2019/1/1,0,0,0,0,0,0,0,0,0,0,0,0,0
1280,2018,P_1280,,participant,1,2020/11/16,2020,0,Male,White,1954,,0,0,0,0,0,0,2022/5/17,-2,2018/1/1,2019/1/1,0,0,0,0,0,0,0,0,0,0,0,0,0
1280,2019,C_1280_1800812.0,1800812,control,0,2020/11/16,2020,0,Male,White,1954,,2,1,0,0,0,2.236067977,2022/5/17,-1,2019/1/1,2020/1/1,0,0,0,0,0,0,0,0,0,0,0,0,0
1280,2019,P_1280,,participant,1,2020/11/16,2020,0,Male,White,1954,,0,0,0,0,0,0,2022/5/17,-1,2019/1/1,2020/1/1,0,0,0,0,0,0,0,0,0,0,0,0,0
1280,2020,C_1280_1800812.0,1800812,control,0,2020/11/16,2020,0,Male,White,1954,,2,1,0,0,0,2.236067977,2022/5/17,0,2020/1/1,2021/1/1,1,1,0,0,0,0,0,0,0,0,0,0,0
1280,2020,P_1280,,participant,1,2020/11/16,2020,0,Male,White,1954,,0,0,0,0,0,0,2022/5/17,0,2020/1/1,2021/1/1,1,1,0,0,0,0,0,0,0,0,1,0,0
1280,2021,C_1280_1800812.0,1800812,control,0,2020/11/16,2020,0,Male,White,1954,,2,1,0,0,0,2.236067977,2022/5/17,1,2021/1/1,2022/1/1,1,1,0,0,0,0,0,0,0,0,0,0,0
1280,2021,P_1280,,participant,1,2020/11/16,2020,0,Male,White,1954,,0,0,0,0,0,0,2022/5/17,1,2021/1/1,2022/1/1,1,1,9777.274675,1,0,0,0,0,0,0,1,0,9.187918334
1298,2019,C_1298_1257347.0,1257347,control,0,2021/2/16,2021,0,Male,Black,1991,24,1,0,1,9781.892459,1,0.529126354,2022/8/17,-2,2019/1/1,2020/1/1,0,0,0,0,1,1,0,0,1,0,0,0,0
1298,2019,P_1298,,participant,1,2021/2/16,2021,0,Male,Black,1991,24,0,0,1,9999.543827,1,0,2022/8/17,-2,2019/1/1,2020/1/1,0,0,0,0,1,1,0,0,1,0,0,0,0
1298,2020,C_1298_1257347.0,1257347,control,0,2021/2/16,2021,0,Male,Black,1991,24,1,0,1,9781.892459,1,0.529126354,2022/8/17,-1,2020/1/1,2021/1/1,0,0,0,0,1,1,0,0,1,0,0,0,0
1298,2020,P_1298,,participant,1,2021/2/16,2021,0,Male,Black,1991,24,0,0,1,9999.543827,1,0,2022/8/17,-1,2020/1/1,2021/1/1,0,0,0,0,1,1,0,0,1,0,0,0,0
1298,2021,C_1298_1257347.0,1257347,control,0,2021/2/16,2021,0,Male,Black,1991,24,1,0,1,9781.892459,1,0.529126354,2022/8/17,0,2021/1/1,2022/1/1,1,1,17193.44202,1,1,1,0,0,1,0,0,0,9.752341472
1298,2021,P_1298,,participant,1,2021/2/16,2021,0,Male,Black,1991,24,0,0,1,9999.543827,1,0,2022/8/17,0,2021/1/1,2022/1/1,1,1,2060.32639,1,1,1,0,0,1,0,1,0,7.631104933
1298,2022,C_1298_1257347.0,1257347,control,0,2021/2/16,2021,0,Male,Black,1991,24,1,0,1,9781.892459,1,0.529126354,2022/8/17,1,2022/1/1,2023/1/1,1,1,6314.966974,1,1,1,0,0,1,0,0,0,8.750836146
1298,2022,P_1298,,participant,1,2021/2/16,2021,0,Male,Black,1991,24,0,0,1,9999.543827,1,0,2022/8/17,1,2022/1/1,2023/1/1,1,1,0,0,1,1,0,0,1,0,1,0,0
1304,2019,C_1304_nan,,control,0,2021/1/25,2021,0,Male,Black,2000,,0,0,0,0,0,422.5543508,2022/7/26,-2,2019/1/1,2020/1/1,0,0,0,0,0,0,0,0,0,0,0,0,0
1304,2019,P_1304,,participant,1,2021/1/25,2021,0,Male,Black,2000,,0,0,0,422.5531676,1,0,2022/7/26,-2,2019/1/1,2020/1/1,0,0,0,0,0,0,0,0,0,0,0,0,0
1304,2020,C_1304_nan,,control,0,2021/1/25,2021,0,Male,Black,2000,,0,0,0,0,0,422.5543508,2022/7/26,-1,2020/1/1,2021/1/1,0,0,0,0,0,0,0,0,0,0,0,0,0
1304,2020,P_1304,,participant,1,2021/1/25,2021,0,Male,Black,2000,,0,0,0,422.5531676,1,0,2022/7/26,-1,2020/1/1,2021/1/1,0,0,0,0,0,0,0,0,0,0,0,0,0
1304,2021,C_1304_nan,,control,0,2021/1/25,2021,0,Male,Black,2000,,0,0,0,0,0,422.5543508,2022/7/26,0,2021/1/1,2022/1/1,1,1,0,0,0,0,0,0,0,0,0,0,0
1304,2021,P_1304,,participant,1,2021/1/25,2021,0,Male,Black,2000,,0,0,0,422.5531676,1,0,2022/7/26,0,2021/1/1,2022/1/1,1,1,3789.607315,1,0,0,0,0,0,0,1,0,8.240281527
1304,2022,C_1304_nan,,control,0,2021/1/25,2021,0,Male,Black,2000,,0,0,0,0,0,422.5543508,2022/7/26,1,2022/1/1,2023/1/1,1,1,0,0,0,0,0,0,0,0,0,0,0
1304,2022,P_1304,,participant,1,2021/1/25,2021,0,Male,Black,2000,,0,0,0,422.5531676,1,0,2022/7/26,1,2022/1/1,2023/1/1,1,1,9702.667427,1,0,0,0,0,0,0,1,0,9.180259178
1305,2019,C_1305_1335250.0,1335250,control,0,2021/2/8,2021,0,Male,Black,1989,18,11,1,11,11336.48248,1,2.160862686,2022/8/9,-2,2019/1/1,2020/1/1,0,0,0,0,1,1,0,0,1,0,0,0,0
1305,2019,P_1305,,participant,1,2021/2/8,2021,0,Male,Black,1989,18,18,1,6,15205.71495,1,0,2022/8/9,-2,2019/1/1,2020/1/1,0,0,0,0,1,1,0,0,1,0,0,0,0
1305,2020,C_1305_1335250.0,1335250,control,0,2021/2/8,2021,0,Male,Black,1989,18,11,1,11,11336.48248,1,2.160862686,2022/8/9,-1,2020/1/1,2021/1/1,0,0,0,0,1,1,0,0,1,0,0,0,0
1305,2020,P_1305,,participant,1,2021/2/8,2021,0,Male,Black,1989,18,18,1,6,15205.71495,1,0,2022/8/9,-1,2020/1/1,2021/1/1,0,0,0,0,1,1,0,0,1,0,0,0,0
1305,2021,C_1305_1335250.0,1335250,control,0,2021/2/8,2021,0,Male,Black,1989,18,11,1,11,11336.48248,1,2.160862686,2022/8/9,0,2021/1/1,2022/1/1,1,1,0,0,1,1,0,0,1,0,0,0,0
1305,2021,P_1305,,participant,1,2021/2/8,2021,0,Male,Black,1989,18,18,1,6,15205.71495,1,0,2022/8/9,0,2021/1/1,2022/1/1,1,1,11463.68768,1,1,1,0,0,1,0,1,0,9.347026954
1305,2022,C_1305_1335250.0,1335250,control,0,2021/2/8,2021,0,Male,Black,1989,18,11,1,11,11336.48248,1,2.160862686,2022/8/9,1,2022/1/1,2023/1/1,1,1,1158.688269,1,1,1,0,0,1,0,0,0,7.055906514
1305,2022,P_1305,,participant,1,2021/2/8,2021,0,Male,Black,1989,18,18,1,6,15205.71495,1,0,2022/8/9,1,2022/1/1,2023/1/1,1,1,15813.46355,1,1,1,0,0,1,0,1,0,9.668680215
1315,2019,C_1315_1654483.0,1654483,control,0,2021/2/22,2021,0,Male,Black,1992,19,2,0,2,6000.468057,1,0.820659573,2022/8/23,-2,2019/1/1,2020/1/1,0,0,0,0,1,1,0,0,1,0,0,0,0
1315,2019,P_1315,,participant,1,2021/2/22,2021,0,Male,Black,1992,19,0,0,2,0,1,0,2022/8/23,-2,2019/1/1,2020/1/1,0,0,0,0,1,1,0,0,1,0,0,0,0
1315,2020,C_1315_1654483.0,1654483,control,0,2021/2/22,2021,0,Male,Black,1992,19,2,0,2,6000.468057,1,0.820659573,2022/8/23,-1,2020/1/1,2021/1/1,0,0,0,0,1,1,0,0,1,0,0,0,0
1315,2020,P_1315,,participant,1,2021/2/22,2021,0,Male,Black,1992,19,0,0,2,0,1,0,2022/8/23,-1,2020/1/1,2021/1/1,0,0,0,0,1,1,0,0,1,0,0,0,0
1315,2021,C_1315_1654483.0,1654483,control,0,2021/2/22,2021,0,Male,Black,1992,19,2,0,2,6000.468057,1,0.820659573,2022/8/23,0,2021/1/1,2022/1/1,1,1,3212.472346,1,1,1,0,0,1,0,0,0,8.075107359
1315,2021,P_1315,,participant,1,2021/2/22,2021,0,Male,Black,1992,19,0,0,2,0,1,0,2022/8/23,0,2021/1/1,2022/1/1,1,1,21471.66138,1,1,1,0,0,1,0,1,0,9.974535841
1315,2022,C_1315_1654483.0,1654483,control,0,2021/2/22,2021,0,Male,Black,1992,19,2,0,2,6000.468057,1,0.820659573,2022/8/23,1,2022/1/1,2023/1/1,1,1,0,0,1,1,0,0,1,0,0,0,0
1315,2022,P_1315,,participant,1,2021/2/22,2021,0,Male,Black,1992,19,0,0,2,0,1,0,2022/8/23,1,2022/1/1,2023/1/1,1,1,12914.94913,1,1,1,0,0,1,0,1,0,9.466218193
1317,2019,C_1317_1319937.0,1319937,control,0,2021/3/1,2021,0,Male,Black,1993,19,4,1,4,19370.70509,1,0.516493341,2022/8/30,-2,2019/1/1,2020/1/1,0,0,0,0,1,1,0,0,1,0,0,0,0
1317,2019,P_1317,,participant,1,2021/3/1,2021,0,Male,Black,1993,19,4,1,3,23494.70636,1,0,2022/8/30,-2,2019/1/1,2020/1/1,0,0,0,0,1,1,0,0,1,0,0,0,0
1317,2020,C_1317_1319937.0,1319937,control,0,2021/3/1,2021,0,Male,Black,1993,19,4,1,4,19370.70509,1,0.516493341,2022/8/30,-1,2020/1/1,2021/1/1,0,0,0,0,1,1,0,0,1,0,0,0,0
1317,2020,P_1317,,participant,1,2021/3/1,2021,0,Male,Black,1993,19,4,1,3,23494.70636,1,0,2022/8/30,-1,2020/1/1,2021/1/1,0,0,0,0,1,1,0,0,1,0,0,0,0
1317,2021,C_1317_1319937.0,1319937,control,0,2021/3/1,2021,0,Male,Black,1993,19,4,1,4,19370.70509,1,0.516493341,2022/8/30,0,2021/1/1,2022/1/1,1,1,1645.937077,1,1,1,0,0,1,0,0,0,7.406672525
1317,2021,P_1317,,participant,1,2021/3/1,2021,0,Male,Black,1993,19,4,1,3,23494.70636,1,0,2022/8/30,0,2021/1/1,2022/1/1,1,1,4932.466538,1,1,1,0,0,1,0,1,0,8.503797172
1317,2022,C_1317_1319937.0,1319937,control,0,2021/3/1,2021,0,Male,Black,1993,19,4,1,4,19370.70509,1,0.516493341,2022/8/30,1,2022/1/1,2023/1/1,1,1,9816.25809,1,1,1,0,0,1,0,0,0,9.191897145
1317,2022,P_1317,,participant,1,2021/3/1,2021,0,Male,Black,1993,19,4,1,3,23494.70636,1,0,2022/8/30,1,2022/1/1,2023/1/1,1,1,3632.493201,1,1,1,0,0,1,0,1,0,8.197949779
1318,2019,C_1318_1022627.0,1022627,control,0,2021/3/1,2021,0,Male,Black,1994,23,1,0,1,36479.78517,1,0.475170374,2022/8/30,-2,2019/1/1,2020/1/1,0,0,0,0,1,1,0,0,1,0,0,0,0
1318,2019,P_1318,,participant,1,2021/3/1,2021,0,Male,Black,1994,23,0,0,1,35389.44602,1,0,2022/8/30,-2,2019/1/1,2020/1/1,0,0,0,0,1,1,0,0,1,0,0,0,0
1318,2020,C_1318_1022627.0,1022627,control,0,2021/3/1,2021,0,Male,Black,1994,23,1,0,1,36479.78517,1,0.475170374,2022/8/30,-1,2020/1/1,2021/1/1,0,0,0,0,1,1,0,0,1,0,0,0,0
1318,2020,P_1318,,participant,1,2021/3/1,2021,0,Male,Black,1994,23,0,0,1,35389.44602,1,0,2022/8/30,-1,2020/1/1,2021/1/1,0,0,0,0,1,1,0,0,1,0,0,0,0
1318,2021,C_1318_1022627.0,1022627,control,0,2021/3/1,2021,0,Male,Black,1994,23,1,0,1,36479.78517,1,0.475170374,2022/8/30,0,2021/1/1,2022/1/1,1,1,22217.48487,1,1,1,0,0,1,0,0,0,10.00867987
1318,2021,P_1318,,participant,1,2021/3/1,2021,0,Male,Black,1994,23,0,0,1,35389.44602,1,0,2022/8/30,0,2021/1/1,2022/1/1,1,1,28898.57374,1,1,1,0,0,1,0,1,0,10.27158212
1318,2022,C_1318_1022627.0,1022627,control,0,2021/3/1,2021,0,Male,Black,1994,23,1,0,1,36479.78517,1,0.475170374,2022/8/30,1,2022/1/1,2023/1/1,1,1,15507.15406,1,1,1,0,0,1,0,0,0,9.649121233
1318,2022,P_1318,,participant,1,2021/3/1,2021,0,Male,Black,1994,23,0,0,1,35389.44602,1,0,2022/8/30,1,2022/1/1,2023/1/1,1,1,19158.71133,1,1,1,0,0,1,0,1,0,9.860564985
1319,2019,C_1319_nan,,control,0,2021/3/1,2021,0,Male,Black,2000,,0,0,0,0,0,5711.916067,2022/8/30,-2,2019/1/1,2020/1/1,0,0,0,0,0,0,0,0,0,0,0,0,0
1319,2019,P_1319,,participant,1,2021/3/1,2021,0,Male,Black,2000,,0,0,0,5711.91598,1,0,2022/8/30,-2,2019/1/1,2020/1/1,0,0,0,0,0,0,0,0,0,0,0,0,0
1319,2020,C_1319_nan,,control,0,2021/3/1,2021,0,Male,Black,2000,,0,0,0,0,0,5711.916067,2022/8/30,-1,2020/1/1,2021/1/1,0,0,0,0,0,0,0,0,0,0,0,0,0
1319,2020,P_1319,,participant,1,2021/3/1,2021,0,Male,Black,2000,,0,0,0,5711.91598,1,0,2022/8/30,-1,2020/1/1,2021/1/1,0,0,0,0,0,0,0,0,0,0,0,0,0
1319,2021,C_1319_nan,,control,0,2021/3/1,2021,0,Male,Black,2000,,0,0,0,0,0,5711.916067,2022/8/30,0,2021/1/1,2022/1/1,1,1,0,0,0,0,0,0,0,0,0,0,0
1319,2021,P_1319,,participant,1,2021/3/1,2021,0,Male,Black,2000,,0,0,0,5711.91598,1,0,2022/8/30,0,2021/1/1,2022/1/1,1,1,87823.89391,1,0,0,0,0,0,0,1,0,11.38310027
1319,2022,C_1319_nan,,control,0,2021/3/1,2021,0,Male,Black,2000,,0,0,0,0,0,5711.916067,2022/8/30,1,2022/1/1,2023/1/1,1,1,0,0,0,0,0,0,0,0,0,0,0
1319,2022,P_1319,,participant,1,2021/3/1,2021,0,Male,Black,2000,,0,0,0,5711.91598,1,0,2022/8/30,1,2022/1/1,2023/1/1,1,1,55130.76621,1,0,0,0,0,0,0,1,0,10.91748135
1325,2019,C_1325_nan,,control,0,2021/3/8,2021,0,Male,Black,2000,,0,0,0,0,0,7398.092969,2022/9/6,-2,2019/1/1,2020/1/1,0,0,0,0,0,0,0,0,0,0,0,0,0
1325,2019,P_1325,,participant,1,2021/3/8,2021,0,Male,Black,2000,,0,0,0,7398.092901,1,0,2022/9/6,-2,2019/1/1,2020/1/1,0,0,0,0,0,0,0,0,0,0,0,0,0
1325,2020,C_1325_nan,,control,0,2021/3/8,2021,0,Male,Black,2000,,0,0,0,0,0,7398.092969,2022/9/6,-1,2020/1/1,2021/1/1,0,0,0,0,0,0,0,0,0,0,0,0,0
1325,2020,P_1325,,participant,1,2021/3/8,2021,0,Male,Black,2000,,0,0,0,7398.092901,1,0,2022/9/6,-1,2020/1/1,2021/1/1,0,0,0,0,0,0,0,0,0,0,0,0,0
1325,2021,C_1325_nan,,control,0,2021/3/8,2021,0,Male,Black,2000,,0,0,0,0,0,7398.092969,2022/9/6,0,2021/1/1,2022/1/1,1,1,0,0,0,0,0,0,0,0,0,0,0
1325,2021,P_1325,,participant,1,2021/3/8,2021,0,Male,Black,2000,,0,0,0,7398.092901,1,0,2022/9/6,0,2021/1/1,2022/1/1,1,1,6487.161465,1,0,0,0,0,0,0,1,0,8.777734482
1325,2022,C_1325_nan,,control,0,2021/3/8,2021,0,Male,Black,2000,,0,0,0,0,0,7398.092969,2022/9/6,1,2022/1/1,2023/1/1,1,1,0,0,0,0,0,0,0,0,0,0,0
1325,2022,P_1325,,participant,1,2021/3/8,2021,0,Male,Black,2000,,0,0,0,7398.092901,1,0,2022/9/6,1,2022/1/1,2023/1/1,1,1,7565.425812,1,0,0,0,0,0,0,1,0,8.931476083
1335,2019,C_1335_1453157.0,1453157,control,0,2021/4/5,2021,0,Male,Black,1983,17,21,1,21,2934.36861,0,3.36663498,2022/10/4,-2,2019/1/1,2020/1/1,0,0,0,0,1,1,0,0,1,0,0,0,0
1335,2019,P_1335,,participant,1,2021/4/5,2021,0,Male,Black,1983,17,0,0,2,4685.437999,0,0,2022/10/4,-2,2019/1/1,2020/1/1,0,0,0,0,1,1,0,0,1,0,0,0,0
1335,2020,C_1335_1453157.0,1453157,control,0,2021/4/5,2021,0,Male,Black,1983,17,21,1,21,2934.36861,0,3.36663498,2022/10/4,-1,2020/1/1,2021/1/1,0,0,0,0,1,1,0,0,1,0,0,0,0
1335,2020,P_1335,,participant,1,2021/4/5,2021,0,Male,Black,1983,17,0,0,2,4685.437999,0,0,2022/10/4,-1,2020/1/1,2021/1/1,0,0,0,0,1,1,0,0,1,0,0,0,0
1335,2021,C_1335_1453157.0,1453157,control,0,2021/4/5,2021,0,Male,Black,1983,17,21,1,21,2934.36861,0,3.36663498,2022/10/4,0,2021/1/1,2022/1/1,1,1,0,0,1,1,0,0,1,0,0,0,0
1335,2021,P_1335,,participant,1,2021/4/5,2021,0,Male,Black,1983,17,0,0,2,4685.437999,0,0,2022/10/4,0,2021/1/1,2022/1/1,1,1,4412.569712,1,1,1,0,0,1,0,1,0,8.3924391
1335,2022,C_1335_1453157.0,1453157,control,0,2021/4/5,2021,0,Male,Black,1983,17,21,1,21,2934.36861,0,3.36663498,2022/10/4,1,2022/1/1,2023/1/1,1,1,0,0,1,1,0,0,1,0,0,0,0
1335,2022,P_1335,,participant,1,2021/4/5,2021,0,Male,Black,1983,17,0,0,2,4685.437999,0,0,2022/10/4,1,2022/1/1,2023/1/1,1,1,0,0,1,1,0,0,1,0,1,0,0
1343,2019,C_1343_1410608.0,1410608,control,0,2021/4/19,2021,0,Male,Black,1981,18,1,0,1,3278.01559,1,0.346249292,2022/10/18,-2,2019/1/1,2020/1/1,0,0,0,0,1,1,0,0,1,0,0,0,0
1343,2019,P_1343,,participant,1,2021/4/19,2021,0,Male,Black,1981,18,0,0,1,0,1,0,2022/10/18,-2,2019/1/1,2020/1/1,0,0,0,0,1,1,0,0,1,0,0,0,0
1343,2020,C_1343_1410608.0,1410608,control,0,2021/4/19,2021,0,Male,Black,1981,18,1,0,1,3278.01559,1,0.346249292,2022/10/18,-1,2020/1/1,2021/1/1,0,0,0,0,1,1,0,0,1,0,0,0,0
1343,2020,P_1343,,participant,1,2021/4/19,2021,0,Male,Black,1981,18,0,0,1,0,1,0,2022/10/18,-1,2020/1/1,2021/1/1,0,0,0,0,1,1,0,0,1,0,0,0,0
1343,2021,C_1343_1410608.0,1410608,control,0,2021/4/19,2021,0,Male,Black,1981,18,1,0,1,3278.01559,1,0.346249292,2022/10/18,0,2021/1/1,2022/1/1,1,1,0,0,1,1,0,0,1,0,0,0,0
1343,2021,P_1343,,participant,1,2021/4/19,2021,0,Male,Black,1981,18,0,0,1,0,1,0,2022/10/18,0,2021/1/1,2022/1/1,1,1,5468.260558,1,1,1,0,0,1,0,1,0,8.606898705
1343,2022,C_1343_1410608.0,1410608,control,0,2021/4/19,2021,0,Male,Black,1981,18,1,0,1,3278.01559,1,0.346249292,2022/10/18,1,2022/1/1,2023/1/1,1,1,524.9414298,1,1,1,0,0,1,0,0,0,6.265189856
1343,2022,P_1343,,participant,1,2021/4/19,2021,0,Male,Black,1981,18,0,0,1,0,1,0,2022/10/18,1,2022/1/1,2023/1/1,1,1,0,0,1,1,0,0,1,0,1,0,0
1352,2019,C_1352_1562990.0,1562990,control,0,2021/4/26,2021,0,Male,Black,1998,18,4,1,4,0,0,0.655949725,2022/10/25,-2,2019/1/1,2020/1/1,0,0,0,0,1,1,0,0,1,0,0,0,0
1352,2019,P_1352,,participant,1,2021/4/26,2021,0,Male,Black,1998,18,5,1,3,0,0,0,2022/10/25,-2,2019/1/1,2020/1/1,0,0,0,0,1,1,0,0,1,0,0,0,0
1352,2020,C_1352_1562990.0,1562990,control,0,2021/4/26,2021,0,Male,Black,1998,18,4,1,4,0,0,0.655949725,2022/10/25,-1,2020/1/1,2021/1/1,0,0,0,0,1,1,0,0,1,0,0,0,0
1352,2020,P_1352,,participant,1,2021/4/26,2021,0,Male,Black,1998,18,5,1,3,0,0,0,2022/10/25,-1,2020/1/1,2021/1/1,0,0,0,0,1,1,0,0,1,0,0,0,0
1352,2021,C_1352_1562990.0,1562990,control,0,2021/4/26,2021,0,Male,Black,1998,18,4,1,4,0,0,0.655949725,2022/10/25,0,2021/1/1,2022/1/1,1,1,518.3896959,1,1,1,0,0,1,0,0,0,6.252654461
1352,2021,P_1352,,participant,1,2021/4/26,2021,0,Male,Black,1998,18,5,1,3,0,0,0,2022/10/25,0,2021/1/1,2022/1/1,1,1,0,0,1,1,0,0,1,0,1,0,0
1352,2022,C_1352_1562990.0,1562990,control,0,2021/4/26,2021,0,Male,Black,1998,18,4,1,4,0,0,0.655949725,2022/10/25,1,2022/1/1,2023/1/1,1,1,0,0,1,1,0,0,1,0,0,0,0
1352,2022,P_1352,,participant,1,2021/4/26,2021,0,Male,Black,1998,18,5,1,3,0,0,0,2022/10/25,1,2022/1/1,2023/1/1,1,1,0,0,1,1,1,1,1,1,1,0,0
1357,2019,C_1357_1724899.0,1724899,control,0,2021/5/10,2021,0,Male,Black,1989,16,4,1,4,10992.24142,1,3.205605449,2022/11/8,-2,2019/1/1,2020/1/1,0,0,0,0,1,1,0,0,1,0,0,0,0
1357,2019,P_1357,,participant,1,2021/5/10,2021,0,Male,Black,1989,16,3,0,7,6038.887804,1,0,2022/11/8,-2,2019/1/1,2020/1/1,0,0,0,0,1,1,0,0,1,0,0,0,0
1357,2020,C_1357_1724899.0,1724899,control,0,2021/5/10,2021,0,Male,Black,1989,16,4,1,4,10992.24142,1,3.205605449,2022/11/8,-1,2020/1/1,2021/1/1,0,0,0,0,1,1,0,0,1,0,0,0,0
1357,2020,P_1357,,participant,1,2021/5/10,2021,0,Male,Black,1989,16,3,0,7,6038.887804,1,0,2022/11/8,-1,2020/1/1,2021/1/1,0,0,0,0,1,1,0,0,1,0,0,0,0
1357,2021,C_1357_1724899.0,1724899,control,0,2021/5/10,2021,0,Male,Black,1989,16,4,1,4,10992.24142,1,3.205605449,2022/11/8,0,2021/1/1,2022/1/1,1,1,0,0,1,1,0,0,1,0,0,0,0
1357,2021,P_1357,,participant,1,2021/5/10,2021,0,Male,Black,1989,16,3,0,7,6038.887804,1,0,2022/11/8,0,2021/1/1,2022/1/1,1,1,4588.962694,1,1,1,1,1,1,1,1,0,8.431627175
1357,2022,C_1357_1724899.0,1724899,control,0,2021/5/10,2021,0,Male,Black,1989,16,4,1,4,10992.24142,1,3.205605449,2022/11/8,1,2022/1/1,2023/1/1,1,1,0,0,1,1,0,0,1,0,0,0,0
1357,2022,P_1357,,participant,1,2021/5/10,2021,0,Male,Black,1989,16,3,0,7,6038.887804,1,0,2022/11/8,1,2022/1/1,2023/1/1,1,1,0,0,1,1,0,0,1,0,1,0,0
1363,2019,C_1363_1598117.0,1598117,control,0,2021/5/24,2021,0,Male,Black,1982,,2,0,0,0,0,2,2022/11/22,-2,2019/1/1,2020/1/1,0,0,0,0,0,0,0,0,0,0,0,0,0
1363,2019,P_1363,,participant,1,2021/5/24,2021,0,Male,Black,1982,,0,0,0,0,0,0,2022/11/22,-2,2019/1/1,2020/1/1,0,0,0,0,0,0,0,0,0,0,0,0,0
1363,2020,C_1363_1598117.0,1598117,control,0,2021/5/24,2021,0,Male,Black,1982,,2,0,0,0,0,2,2022/11/22,-1,2020/1/1,2021/1/1,0,0,0,0,0,0,0,0,0,0,0,0,0
1363,2020,P_1363,,participant,1,2021/5/24,2021,0,Male,Black,1982,,0,0,0,0,0,0,2022/11/22,-1,2020/1/1,2021/1/1,0,0,0,0,0,0,0,0,0,0,0,0,0
1363,2021,C_1363_1598117.0,1598117,control,0,2021/5/24,2021,0,Male,Black,1982,,2,0,0,0,0,2,2022/11/22,0,2021/1/1,2022/1/1,1,1,0,0,0,0,0,0,0,0,0,0,0
1363,2021,P_1363,,participant,1,2021/5/24,2021,0,Male,Black,1982,,0,0,0,0,0,0,2022/11/22,0,2021/1/1,2022/1/1,1,1,0,0,0,0,0,0,0,0,1,0,0
1363,2022,C_1363_1598117.0,1598117,control,0,2021/5/24,2021,0,Male,Black,1982,,2,0,0,0,0,2,2022/11/22,1,2022/1/1,2023/1/1,1,1,0,0,0,0,0,0,0,0,0,0,0
1363,2022,P_1363,,participant,1,2021/5/24,2021,0,Male,Black,1982,,0,0,0,0,0,0,2022/11/22,1,2022/1/1,2023/1/1,1,1,3007.344373,1,0,0,0,0,0,0,1,0,8.009145164
1385,2019,C_1385_941226.0,941226,control,0,2021/7/21,2021,0,Male,Black,1993,29,0,0,0,5923.629455,1,1.154233546,2023/1/19,-2,2019/1/1,2020/1/1,0,0,0,0,0,0,0,0,0,0,0,0,0
1385,2019,P_1385,,participant,1,2021/7/21,2021,0,Male,Black,1993,29,0,0,1,297.6049873,1,0,2023/1/19,-2,2019/1/1,2020/1/1,0,0,0,0,0,0,0,0,1,0,0,0,0
1385,2020,C_1385_941226.0,941226,control,0,2021/7/21,2021,0,Male,Black,1993,29,0,0,0,5923.629455,1,1.154233546,2023/1/19,-1,2020/1/1,2021/1/1,0,0,0,0,0,0,0,0,0,0,0,0,0
1385,2020,P_1385,,participant,1,2021/7/21,2021,0,Male,Black,1993,29,0,0,1,297.6049873,1,0,2023/1/19,-1,2020/1/1,2021/1/1,0,0,0,0,0,1,0,0,1,0,0,0,0
1385,2021,C_1385_941226.0,941226,control,0,2021/7/21,2021,0,Male,Black,1993,29,0,0,0,5923.629455,1,1.154233546,2023/1/19,0,2021/1/1,2022/1/1,1,1,2109.877307,1,0,0,0,0,0,0,0,0,7.654858925
1385,2021,P_1385,,participant,1,2021/7/21,2021,0,Male,Black,1993,29,0,0,1,297.6049873,1,0,2023/1/19,0,2021/1/1,2022/1/1,1,1,6964.872647,1,1,1,0,0,1,0,1,0,8.848778169
1385,2022,C_1385_941226.0,941226,control,0,2021/7/21,2021,0,Male,Black,1993,29,0,0,0,5923.629455,1,1.154233546,2023/1/19,1,2022/1/1,2023/1/1,1,1,11577.72065,1,0,1,1,1,0,0,0,0,9.356924265
1385,2022,P_1385,,participant,1,2021/7/21,2021,0,Male,Black,1993,29,0,0,1,297.6049873,1,0,2023/1/19,1,2022/1/1,2023/1/1,1,1,10390.88831,1,1,1,0,0,1,0,1,0,9.248780811
1390,2019,C_1390_nan,,control,0,2021/7/12,2021,0,Male,Black,2000,,0,0,0,0,0,11214.4869,2023/1/10,-2,2019/1/1,2020/1/1,0,0,0,0,0,0,0,0,0,0,0,0,0
1390,2019,P_1390,,participant,1,2021/7/12,2021,0,Male,Black,2000,,0,0,0,11214.48686,1,0,2023/1/10,-2,2019/1/1,2020/1/1,0,0,0,0,0,0,0,0,0,0,0,0,0
1390,2020,C_1390_nan,,control,0,2021/7/12,2021,0,Male,Black,2000,,0,0,0,0,0,11214.4869,2023/1/10,-1,2020/1/1,2021/1/1,0,0,0,0,0,0,0,0,0,0,0,0,0
1390,2020,P_1390,,participant,1,2021/7/12,2021,0,Male,Black,2000,,0,0,0,11214.48686,1,0,2023/1/10,-1,2020/1/1,2021/1/1,0,0,0,0,0,0,0,0,0,0,0,0,0
1390,2021,C_1390_nan,,control,0,2021/7/12,2021,0,Male,Black,2000,,0,0,0,0,0,11214.4869,2023/1/10,0,2021/1/1,2022/1/1,1,1,0,0,0,0,0,0,0,0,0,0,0
1390,2021,P_1390,,participant,1,2021/7/12,2021,0,Male,Black,2000,,0,0,0,11214.48686,1,0,2023/1/10,0,2021/1/1,2022/1/1,1,1,5301.007257,1,0,0,0,0,0,0,1,0,8.575840756
1390,2022,C_1390_nan,,control,0,2021/7/12,2021,0,Male,Black,2000,,0,0,0,0,0,11214.4869,2023/1/10,1,2022/1/1,2023/1/1,1,1,0,0,0,0,0,0,0,0,0,0,0
1390,2022,P_1390,,participant,1,2021/7/12,2021,0,Male,Black,2000,,0,0,0,11214.48686,1,0,2023/1/10,1,2022/1/1,2023/1/1,1,1,30959.16114,1,0,0,0,0,0,0,1,0,10.34045653
1396,2019,C_1396_1572939.0,1572939,control,0,2021/7/19,2021,0,Male,Black,1997,18,1,0,1,9568.418661,1,0.362221152,2023/1/17,-2,2019/1/1,2020/1/1,0,0,0,0,1,1,0,0,1,0,0,0,0
1396,2019,P_1396,,participant,1,2021/7/19,2021,0,Male,Black,1997,18,0,0,1,10041.21277,1,0,2023/1/17,-2,2019/1/1,2020/1/1,0,0,0,0,0,0,0,0,1,0,0,0,0
1396,2020,C_1396_1572939.0,1572939,control,0,2021/7/19,2021,0,Male,Black,1997,18,1,0,1,9568.418661,1,0.362221152,2023/1/17,-1,2020/1/1,2021/1/1,0,0,0,0,1,1,0,0,1,0,0,0,0
1396,2020,P_1396,,participant,1,2021/7/19,2021,0,Male,Black,1997,18,0,0,1,10041.21277,1,0,2023/1/17,-1,2020/1/1,2021/1/1,0,0,0,0,0,1,0,0,1,0,0,0,0
1396,2021,C_1396_1572939.0,1572939,control,0,2021/7/19,2021,0,Male,Black,1997,18,1,0,1,9568.418661,1,0.362221152,2023/1/17,0,2021/1/1,2022/1/1,1,1,8250.055149,1,1,1,0,0,1,0,0,0,9.018096368
1396,2021,P_1396,,participant,1,2021/7/19,2021,0,Male,Black,1997,18,0,0,1,10041.21277,1,0,2023/1/17,0,2021/1/1,2022/1/1,1,1,8593.906936,1,1,1,0,0,1,0,1,0,9.05892509
1396,2022,C_1396_1572939.0,1572939,control,0,2021/7/19,2021,0,Male,Black,1997,18,1,0,1,9568.418661,1,0.362221152,2023/1/17,1,2022/1/1,2023/1/1,1,1,21501.12269,1,1,1,0,0,1,0,0,0,9.975906939
1396,2022,P_1396,,participant,1,2021/7/19,2021,0,Male,Black,1997,18,0,0,1,10041.21277,1,0,2023/1/17,1,2022/1/1,2023/1/1,1,1,9805.407575,1,1,1,0,0,1,0,1,0,9.190791285
1397,2019,C_1397_1019482.0,1019482,control,0,2021/7/19,2021,0,Male,Black,1977,39,1,0,1,0,0,0,2023/1/17,-2,2019/1/1,2020/1/1,0,0,0,0,1,1,0,0,1,0,0,0,0
1397,2019,P_1397,,participant,1,2021/7/19,2021,0,Male,Black,1977,39,1,0,1,0,0,0,2023/1/17,-2,2019/1/1,2020/1/1,0,0,0,0,1,1,0,0,1,0,0,0,0
1397,2020,C_1397_1019482.0,1019482,control,0,2021/7/19,2021,0,Male,Black,1977,39,1,0,1,0,0,0,2023/1/17,-1,2020/1/1,2021/1/1,0,0,0,0,1,1,0,0,1,0,0,0,0
1397,2020,P_1397,,participant,1,2021/7/19,2021,0,Male,Black,1977,39,1,0,1,0,0,0,2023/1/17,-1,2020/1/1,2021/1/1,0,0,0,0,1,1,0,0,1,0,0,0,0
1397,2021,C_1397_1019482.0,1019482,control,0,2021/7/19,2021,0,Male,Black,1977,39,1,0,1,0,0,0,2023/1/17,0,2021/1/1,2022/1/1,1,1,0,0,1,1,0,0,1,0,0,0,0
1397,2021,P_1397,,participant,1,2021/7/19,2021,0,Male,Black,1977,39,1,0,1,0,0,0,2023/1/17,0,2021/1/1,2022/1/1,1,1,3705.440248,1,1,1,0,0,1,0,1,0,8.217827193
1397,2022,C_1397_1019482.0,1019482,control,0,2021/7/19,2021,0,Male,Black,1977,39,1,0,1,0,0,0,2023/1/17,1,2022/1/1,2023/1/1,1,1,0,0,1,1,0,0,1,0,0,0,0
1397,2022,P_1397,,participant,1,2021/7/19,2021,0,Male,Black,1977,39,1,0,1,0,0,0,2023/1/17,1,2022/1/1,2023/1/1,1,1,47343.91746,1,1,1,0,0,1,0,1,0,10.76521475
1422,2019,C_1422_809059.0,809059,control,0,2021/8/30,2021,0,Male,Black,1999,22,0,0,1,0,0,0,2023/2/28,-2,2019/1/1,2020/1/1,0,0,0,0,0,0,0,0,1,0,0,0,0
1422,2019,P_1422,,participant,1,2021/8/30,2021,0,Male,Black,1999,22,0,0,1,0,0,0,2023/2/28,-2,2019/1/1,2020/1/1,0,0,0,0,1,1,0,0,1,0,0,0,0
1422,2020,C_1422_809059.0,809059,control,0,2021/8/30,2021,0,Male,Black,1999,22,0,0,1,0,0,0,2023/2/28,-1,2020/1/1,2021/1/1,0,0,0,0,0,0,0,0,1,0,0,0,0
1422,2020,P_1422,,participant,1,2021/8/30,2021,0,Male,Black,1999,22,0,0,1,0,0,0,2023/2/28,-1,2020/1/1,2021/1/1,0,0,0,0,1,1,0,0,1,0,0,0,0
1422,2021,C_1422_809059.0,809059,control,0,2021/8/30,2021,0,Male,Black,1999,22,0,0,1,0,0,0,2023/2/28,0,2021/1/1,2022/1/1,1,1,0,0,0,1,0,0,1,0,0,0,0
1422,2021,P_1422,,participant,1,2021/8/30,2021,0,Male,Black,1999,22,0,0,1,0,0,0,2023/2/28,0,2021/1/1,2022/1/1,1,1,0,0,1,1,0,0,1,0,1,0,0
1422,2022,C_1422_809059.0,809059,control,0,2021/8/30,2021,0,Male,Black,1999,22,0,0,1,0,0,0,2023/2/28,1,2022/1/1,2023/1/1,1,1,0,0,1,1,0,0,1,0,0,0,0
1422,2022,P_1422,,participant,1,2021/8/30,2021,0,Male,Black,1999,22,0,0,1,0,0,0,2023/2/28,1,2022/1/1,2023/1/1,1,1,4839.932286,1,1,1,0,0,1,0,1,0,8.484862602
1433,2019,C_1433_1696902.0,1696902,control,0,2021/9/27,2021,0,Male,Black,1997,19,2,1,2,13836.43353,1,0.673830057,2023/3/28,-2,2019/1/1,2020/1/1,0,0,0,0,1,1,0,0,1,0,0,0,0
1433,2019,P_1433,,participant,1,2021/9/27,2021,0,Male,Black,1997,19,1,1,1,18167.32082,1,0,2023/3/28,-2,2019/1/1,2020/1/1,0,0,0,0,1,1,0,0,1,0,0,0,0
1433,2020,C_1433_1696902.0,1696902,control,0,2021/9/27,2021,0,Male,Black,1997,19,2,1,2,13836.43353,1,0.673830057,2023/3/28,-1,2020/1/1,2021/1/1,0,0,0,0,1,1,0,0,1,0,0,0,0
1433,2020,P_1433,,participant,1,2021/9/27,2021,0,Male,Black,1997,19,1,1,1,18167.32082,1,0,2023/3/28,-1,2020/1/1,2021/1/1,0,0,0,0,1,1,0,0,1,0,0,0,0
1433,2021,C_1433_1696902.0,1696902,control,0,2021/9/27,2021,0,Male,Black,1997,19,2,1,2,13836.43353,1,0.673830057,2023/3/28,0,2021/1/1,2022/1/1,1,1,0,0,1,1,0,0,1,0,0,0,0
1433,2021,P_1433,,participant,1,2021/9/27,2021,0,Male,Black,1997,19,1,1,1,18167.32082,1,0,2023/3/28,0,2021/1/1,2022/1/1,1,1,8184.033123,1,1,1,0,0,1,0,1,0,9.010062537
1433,2022,C_1433_1696902.0,1696902,control,0,2021/9/27,2021,0,Male,Black,1997,19,2,1,2,13836.43353,1,0.673830057,2023/3/28,1,2022/1/1,2023/1/1,1,1,0,0,1,1,0,0,1,0,0,0,0
1433,2022,P_1433,,participant,1,2021/9/27,2021,0,Male,Black,1997,19,1,1,1,18167.32082,1,0,2023/3/28,1,2022/1/1,2023/1/1,1,1,0,0,1,1,0,0,1,0,1,0,0
1438,2019,C_1438_920129.0,920129,control,0,2021/9/27,2021,0,Male,Black,1995,25,0,0,1,4420.963868,1,0.295159009,2023/3/28,-2,2019/1/1,2020/1/1,0,0,0,0,0,0,0,0,1,0,0,0,0
1438,2019,P_1438,,participant,1,2021/9/27,2021,0,Male,Black,1995,25,0,0,1,0,1,0,2023/3/28,-2,2019/1/1,2020/1/1,0,0,0,0,0,0,0,0,1,0,0,0,0
1438,2020,C_1438_920129.0,920129,control,0,2021/9/27,2021,0,Male,Black,1995,25,0,0,1,4420.963868,1,0.295159009,2023/3/28,-1,2020/1/1,2021/1/1,0,0,0,0,0,0,0,0,1,0,0,0,0
1438,2020,P_1438,,participant,1,2021/9/27,2021,0,Male,Black,1995,25,0,0,1,0,1,0,2023/3/28,-1,2020/1/1,2021/1/1,0,0,0,0,0,0,0,0,1,0,0,0,0
1438,2021,C_1438_920129.0,920129,control,0,2021/9/27,2021,0,Male,Black,1995,25,0,0,1,4420.963868,1,0.295159009,2023/3/28,0,2021/1/1,2022/1/1,1,1,23819.86081,1,0,1,0,0,1,0,0,0,10.07831698
1438,2021,P_1438,,participant,1,2021/9/27,2021,0,Male,Black,1995,25,0,0,1,0,1,0,2023/3/28,0,2021/1/1,2022/1/1,1,1,6803.512077,1,0,1,0,0,1,0,1,0,8.825341212
1438,2022,C_1438_920129.0,920129,control,0,2021/9/27,2021,0,Male,Black,1995,25,0,0,1,4420.963868,1,0.295159009,2023/3/28,1,2022/1/1,2023/1/1,1,1,60839.02602,1,1,1,0,0,1,0,0,0,11.01600317
1438,2022,P_1438,,participant,1,2021/9/27,2021,0,Male,Black,1995,25,0,0,1,0,1,0,2023/3/28,1,2022/1/1,2023/1/1,1,1,274.0511326,1,1,1,0,0,1,0,1,0,5.616957017
1439,2021,C_1439_1398275.0,1398275,control,0,2023/9/5,2023,1,Male,Black,1987,19,2,1,2,28022.91059,1,0.444242291,2025/3/5,-2,2021/1/1,2022/1/1,0,0,0,0,1,1,0,0,1,0,0,0,0
1439,2021,P_1439,,participant,1,2023/9/5,2023,1,Male,Black,1987,19,3,1,1,33744.52234,1,0,2025/3/5,-2,2021/1/1,2022/1/1,0,0,0,0,1,1,0,0,1,0,0,0,0
1439,2022,C_1439_1398275.0,1398275,control,0,2023/9/5,2023,1,Male,Black,1987,19,2,1,2,28022.91059,1,0.444242291,2025/3/5,-1,2022/1/1,2023/1/1,0,0,0,0,1,1,0,0,1,0,0,0,0
1439,2022,P_1439,,participant,1,2023/9/5,2023,1,Male,Black,1987,19,3,1,1,33744.52234,1,0,2025/3/5,-1,2022/1/1,2023/1/1,0,0,0,0,1,1,0,0,1,0,0,0,0
1439,2023,C_1439_1398275.0,1398275,control,0,2023/9/5,2023,1,Male,Black,1987,19,2,1,2,28022.91059,1,0.444242291,2025/3/5,0,2023/1/1,2024/1/1,1,1,14951.98343,1,1,1,0,0,1,0,0,0,9.612666119
1439,2023,P_1439,,participant,1,2023/9/5,2023,1,Male,Black,1987,19,3,1,1,33744.52234,1,0,2025/3/5,0,2023/1/1,2024/1/1,1,1,1254.990815,1,1,1,0,0,1,0,1,1,7.135680034
1439,2024,C_1439_1398275.0,1398275,control,0,2023/9/5,2023,1,Male,Black,1987,19,2,1,2,28022.91059,1,0.444242291,2025/3/5,1,2024/1/1,2025/1/1,1,1,17421.83674,1,1,1,0,0,1,0,0,0,9.765537081
1439,2024,P_1439,,participant,1,2023/9/5,2023,1,Male,Black,1987,19,3,1,1,33744.52234,1,0,2025/3/5,1,2024/1/1,2025/1/1,1,1,0,0,1,1,0,0,1,0,1,1,0
1441,2019,C_1441_904962.0,904962,control,0,2021/9/27,2021,0,Male,Black,2001,18,2,1,2,365.7010437,0,1.217716925,2023/3/28,-2,2019/1/1,2020/1/1,0,0,0,0,0,0,0,0,1,0,0,0,0
1441,2019,P_1441,,participant,1,2021/9/27,2021,0,Male,Black,2001,18,2,1,2,5759.954598,0,0,2023/3/28,-2,2019/1/1,2020/1/1,0,0,0,0,0,1,0,0,1,0,0,0,0
1441,2020,C_1441_904962.0,904962,control,0,2021/9/27,2021,0,Male,Black,2001,18,2,1,2,365.7010437,0,1.217716925,2023/3/28,-1,2020/1/1,2021/1/1,0,0,0,0,0,1,0,0,1,0,0,0,0
1441,2020,P_1441,,participant,1,2021/9/27,2021,0,Male,Black,2001,18,2,1,2,5759.954598,0,0,2023/3/28,-1,2020/1/1,2021/1/1,0,0,0,0,1,1,0,0,1,0,0,0,0
1441,2021,C_1441_904962.0,904962,control,0,2021/9/27,2021,0,Male,Black,2001,18,2,1,2,365.7010437,0,1.217716925,2023/3/28,0,2021/1/1,2022/1/1,1,1,0,0,1,1,0,0,1,0,0,0,0
1441,2021,P_1441,,participant,1,2021/9/27,2021,0,Male,Black,2001,18,2,1,2,5759.954598,0,0,2023/3/28,0,2021/1/1,2022/1/1,1,1,1048.402479,1,1,1,0,0,1,0,1,0,6.955976214
1441,2022,C_1441_904962.0,904962,control,0,2021/9/27,2021,0,Male,Black,2001,18,2,1,2,365.7010437,0,1.217716925,2023/3/28,1,2022/1/1,2023/1/1,1,1,0,0,1,1,0,0,1,0,0,0,0
1441,2022,P_1441,,participant,1,2021/9/27,2021,0,Male,Black,2001,18,2,1,2,5759.954598,0,0,2023/3/28,1,2022/1/1,2023/1/1,1,1,0,0,1,1,2,1,1,1,1,0,0
1457,2022,C_1457_862044.0,862044,control,0,2024/2/12,2024,1,Male,Black,1998,20,1,0,1,8837.712123,1,0.078206506,2025/8/12,-2,2022/1/1,2023/1/1,0,0,0,0,1,1,0,0,1,0,0,0,0
1457,2022,P_1457,,participant,1,2024/2/12,2024,1,Male,Black,1998,20,1,0,1,9798.056872,1,0,2025/8/12,-2,2022/1/1,2023/1/1,0,0,0,0,1,1,0,0,1,0,0,0,0
1457,2023,C_1457_862044.0,862044,control,0,2024/2/12,2024,1,Male,Black,1998,20,1,0,1,8837.712123,1,0.078206506,2025/8/12,-1,2023/1/1,2024/1/1,0,0,0,0,1,1,0,0,1,0,0,0,0
1457,2023,P_1457,,participant,1,2024/2/12,2024,1,Male,Black,1998,20,1,0,1,9798.056872,1,0,2025/8/12,-1,2023/1/1,2024/1/1,0,0,0,0,1,1,0,0,1,0,0,0,0
1457,2024,C_1457_862044.0,862044,control,0,2024/2/12,2024,1,Male,Black,1998,20,1,0,1,8837.712123,1,0.078206506,2025/8/12,0,2024/1/1,2025/1/1,1,1,0,0,1,1,0,0,1,0,0,0,0
1457,2024,P_1457,,participant,1,2024/2/12,2024,1,Male,Black,1998,20,1,0,1,9798.056872,1,0,2025/8/12,0,2024/1/1,2025/1/1,1,1,1042.790146,1,1,1,0,0,1,0,1,1,6.950613738
1457,2025,C_1457_862044.0,862044,control,0,2024/2/12,2024,1,Male,Black,1998,20,1,0,1,8837.712123,1,0.078206506,2025/8/12,1,2025/1/1,2026/1/1,1,1,0,0,1,1,0,0,1,0,0,0,0
1457,2025,P_1457,,participant,1,2024/2/12,2024,1,Male,Black,1998,20,1,0,1,9798.056872,1,0,2025/8/12,1,2025/1/1,2026/1/1,1,1,0,0,1,1,0,0,1,0,1,1,0
1463,2019,C_1463_1871907.0,1871907,control,0,2021/11/8,2021,0,Male,Black,1996,19,6,1,6,0,1,2.587928526,2023/5/9,-2,2019/1/1,2020/1/1,0,0,0,0,1,1,0,0,1,0,0,0,0
1463,2019,P_1463,,participant,1,2021/11/8,2021,0,Male,Black,1996,19,8,0,9,0,1,0,2023/5/9,-2,2019/1/1,2020/1/1,0,0,0,0,1,1,0,0,1,0,0,0,0
1463,2020,C_1463_1871907.0,1871907,control,0,2021/11/8,2021,0,Male,Black,1996,19,6,1,6,0,1,2.587928526,2023/5/9,-1,2020/1/1,2021/1/1,0,0,0,0,1,1,0,0,1,0,0,0,0
1463,2020,P_1463,,participant,1,2021/11/8,2021,0,Male,Black,1996,19,8,0,9,0,1,0,2023/5/9,-1,2020/1/1,2021/1/1,0,0,0,0,1,1,0,0,1,0,0,0,0
1463,2021,C_1463_1871907.0,1871907,control,0,2021/11/8,2021,0,Male,Black,1996,19,6,1,6,0,1,2.587928526,2023/5/9,0,2021/1/1,2022/1/1,1,1,0,0,1,1,0,0,1,0,0,0,0
1463,2021,P_1463,,participant,1,2021/11/8,2021,0,Male,Black,1996,19,8,0,9,0,1,0,2023/5/9,0,2021/1/1,2022/1/1,1,1,26.73310091,1,1,1,0,0,1,0,1,0,3.322626678
1463,2022,C_1463_1871907.0,1871907,control,0,2021/11/8,2021,0,Male,Black,1996,19,6,1,6,0,1,2.587928526,2023/5/9,1,2022/1/1,2023/1/1,1,1,0,0,1,1,0,0,1,0,0,0,0
1463,2022,P_1463,,participant,1,2021/11/8,2021,0,Male,Black,1996,19,8,0,9,0,1,0,2023/5/9,1,2022/1/1,2023/1/1,1,1,4760.772178,1,1,1,0,0,1,0,1,0,8.468375184
1468,2019,C_1468_1106066.0,1106066,control,0,2021/11/15,2021,0,Male,White,1982,,1,0,0,0,0,1,2023/5/16,-2,2019/1/1,2020/1/1,0,0,0,0,0,0,0,0,0,0,0,0,0
1468,2019,P_1468,,participant,1,2021/11/15,2021,0,Male,White,1982,,0,0,0,0,0,0,2023/5/16,-2,2019/1/1,2020/1/1,0,0,0,0,0,0,0,0,0,0,0,0,0
1468,2020,C_1468_1106066.0,1106066,control,0,2021/11/15,2021,0,Male,White,1982,,1,0,0,0,0,1,2023/5/16,-1,2020/1/1,2021/1/1,0,0,0,0,0,0,0,0,0,0,0,0,0
1468,2020,P_1468,,participant,1,2021/11/15,2021,0,Male,White,1982,,0,0,0,0,0,0,2023/5/16,-1,2020/1/1,2021/1/1,0,0,0,0,0,0,0,0,0,0,0,0,0
1468,2021,C_1468_1106066.0,1106066,control,0,2021/11/15,2021,0,Male,White,1982,,1,0,0,0,0,1,2023/5/16,0,2021/1/1,2022/1/1,1,1,0,0,0,0,0,0,0,0,0,0,0
1468,2021,P_1468,,participant,1,2021/11/15,2021,0,Male,White,1982,,0,0,0,0,0,0,2023/5/16,0,2021/1/1,2022/1/1,1,1,0,0,0,0,0,0,0,0,1,0,0
1468,2022,C_1468_1106066.0,1106066,control,0,2021/11/15,2021,0,Male,White,1982,,1,0,0,0,0,1,2023/5/16,1,2022/1/1,2023/1/1,1,1,0,0,0,0,0,0,0,0,0,0,0
1468,2022,P_1468,,participant,1,2021/11/15,2021,0,Male,White,1982,,0,0,0,0,0,0,2023/5/16,1,2022/1/1,2023/1/1,1,1,0,0,0,0,0,0,0,0,1,0,0
1469,2019,C_1469_nan,,control,0,2021/11/22,2021,0,Male,Black,2000,,0,0,0,0,0,2163.01378,2023/5/23,-2,2019/1/1,2020/1/1,0,0,0,0,0,0,0,0,0,0,0,0,0
1469,2019,P_1469,,participant,1,2021/11/22,2021,0,Male,Black,2000,,0,0,0,2163.013549,1,0,2023/5/23,-2,2019/1/1,2020/1/1,0,0,0,0,0,0,0,0,0,0,0,0,0
1469,2020,C_1469_nan,,control,0,2021/11/22,2021,0,Male,Black,2000,,0,0,0,0,0,2163.01378,2023/5/23,-1,2020/1/1,2021/1/1,0,0,0,0,0,0,0,0,0,0,0,0,0
1469,2020,P_1469,,participant,1,2021/11/22,2021,0,Male,Black,2000,,0,0,0,2163.013549,1,0,2023/5/23,-1,2020/1/1,2021/1/1,0,0,0,0,0,0,0,0,0,0,0,0,0
1469,2021,C_1469_nan,,control,0,2021/11/22,2021,0,Male,Black,2000,,0,0,0,0,0,2163.01378,2023/5/23,0,2021/1/1,2022/1/1,1,1,0,0,0,0,0,0,0,0,0,0,0
1469,2021,P_1469,,participant,1,2021/11/22,2021,0,Male,Black,2000,,0,0,0,2163.013549,1,0,2023/5/23,0,2021/1/1,2022/1/1,1,1,4574.847182,1,0,0,0,0,0,0,1,0,8.428547137
1469,2022,C_1469_nan,,control,0,2021/11/22,2021,0,Male,Black,2000,,0,0,0,0,0,2163.01378,2023/5/23,1,2022/1/1,2023/1/1,1,1,0,0,0,0,0,0,0,0,0,0,0
1469,2022,P_1469,,participant,1,2021/11/22,2021,0,Male,Black,2000,,0,0,0,2163.013549,1,0,2023/5/23,1,2022/1/1,2023/1/1,1,1,8592.587721,1,0,0,0,0,0,0,1,0,9.05877159
1474,2019,C_1474_nan,,control,0,2021/11/29,2021,0,Male,Black,2000,,0,0,0,0,0,9963.568278,2023/5/30,-2,2019/1/1,2020/1/1,0,0,0,0,0,0,0,0,0,0,0,0,0
1474,2019,P_1474,,participant,1,2021/11/29,2021,0,Male,Black,2000,,0,0,0,9963.568227,1,0,2023/5/30,-2,2019/1/1,2020/1/1,0,0,0,0,0,0,0,0,0,0,0,0,0
1474,2020,C_1474_nan,,control,0,2021/11/29,2021,0,Male,Black,2000,,0,0,0,0,0,9963.568278,2023/5/30,-1,2020/1/1,2021/1/1,0,0,0,0,0,0,0,0,0,0,0,0,0
1474,2020,P_1474,,participant,1,2021/11/29,2021,0,Male,Black,2000,,0,0,0,9963.568227,1,0,2023/5/30,-1,2020/1/1,2021/1/1,0,0,0,0,0,0,0,0,0,0,0,0,0
1474,2021,C_1474_nan,,control,0,2021/11/29,2021,0,Male,Black,2000,,0,0,0,0,0,9963.568278,2023/5/30,0,2021/1/1,2022/1/1,1,1,0,0,0,0,0,0,0,0,0,0,0
1474,2021,P_1474,,participant,1,2021/11/29,2021,0,Male,Black,2000,,0,0,0,9963.568227,1,0,2023/5/30,0,2021/1/1,2022/1/1,1,1,6916.899283,1,0,0,0,0,0,0,1,0,8.841867431
1474,2022,C_1474_nan,,control,0,2021/11/29,2021,0,Male,Black,2000,,0,0,0,0,0,9963.568278,2023/5/30,1,2022/1/1,2023/1/1,1,1,0,0,0,0,0,0,0,0,0,0,0
1474,2022,P_1474,,participant,1,2021/11/29,2021,0,Male,Black,2000,,0,0,0,9963.568227,1,0,2023/5/30,1,2022/1/1,2023/1/1,1,1,28225.4102,1,0,0,0,0,0,0,1,0,10.24801335
1476,2019,C_1476_1310650.0,1310650,control,0,2021/12/6,2021,0,Male,Black,1983,20,8,1,8,0,0,0.55888685,2023/6/6,-2,2019/1/1,2020/1/1,0,0,0,0,1,1,0,0,1,0,0,0,0
1476,2019,P_1476,,participant,1,2021/12/6,2021,0,Male,Black,1983,20,10,1,7,0,0,0,2023/6/6,-2,2019/1/1,2020/1/1,0,0,0,0,1,1,0,0,1,0,0,0,0
1476,2020,C_1476_1310650.0,1310650,control,0,2021/12/6,2021,0,Male,Black,1983,20,8,1,8,0,0,0.55888685,2023/6/6,-1,2020/1/1,2021/1/1,0,0,0,0,1,1,0,0,1,0,0,0,0
1476,2020,P_1476,,participant,1,2021/12/6,2021,0,Male,Black,1983,20,10,1,7,0,0,0,2023/6/6,-1,2020/1/1,2021/1/1,0,0,0,0,1,1,0,0,1,0,0,0,0
1476,2021,C_1476_1310650.0,1310650,control,0,2021/12/6,2021,0,Male,Black,1983,20,8,1,8,0,0,0.55888685,2023/6/6,0,2021/1/1,2022/1/1,1,1,0,0,1,1,0,0,1,0,0,0,0
1476,2021,P_1476,,participant,1,2021/12/6,2021,0,Male,Black,1983,20,10,1,7,0,0,0,2023/6/6,0,2021/1/1,2022/1/1,1,1,0,0,1,1,0,0,1,0,1,0,0
1476,2022,C_1476_1310650.0,1310650,control,0,2021/12/6,2021,0,Male,Black,1983,20,8,1,8,0,0,0.55888685,2023/6/6,1,2022/1/1,2023/1/1,1,1,10598.38598,1,1,1,0,0,1,0,0,0,9.268551352
1476,2022,P_1476,,participant,1,2021/12/6,2021,0,Male,Black,1983,20,10,1,7,0,0,0,2023/6/6,1,2022/1/1,2023/1/1,1,1,0,0,1,1,0,0,1,0,1,0,0
1484,2019,C_1484_1532830.0,1532830,control,0,2021/12/13,2021,0,Male,Black,1987,26,2,0,2,11728.10705,1,0.884737485,2023/6/13,-2,2019/1/1,2020/1/1,0,0,0,0,1,1,0,0,1,0,0,0,0
1484,2019,P_1484,,participant,1,2021/12/13,2021,0,Male,Black,1987,26,1,0,2,0,1,0,2023/6/13,-2,2019/1/1,2020/1/1,0,0,0,0,1,1,0,0,1,0,0,0,0
1484,2020,C_1484_1532830.0,1532830,control,0,2021/12/13,2021,0,Male,Black,1987,26,2,0,2,11728.10705,1,0.884737485,2023/6/13,-1,2020/1/1,2021/1/1,0,0,0,0,1,1,0,0,1,0,0,0,0
1484,2020,P_1484,,participant,1,2021/12/13,2021,0,Male,Black,1987,26,1,0,2,0,1,0,2023/6/13,-1,2020/1/1,2021/1/1,0,0,0,0,1,1,0,0,1,0,0,0,0
1484,2021,C_1484_1532830.0,1532830,control,0,2021/12/13,2021,0,Male,Black,1987,26,2,0,2,11728.10705,1,0.884737485,2023/6/13,0,2021/1/1,2022/1/1,1,1,1245.994964,1,1,1,0,0,1,0,0,0,7.128491907
1484,2021,P_1484,,participant,1,2021/12/13,2021,0,Male,Black,1987,26,1,0,2,0,1,0,2023/6/13,0,2021/1/1,2022/1/1,1,1,2252.554329,1,1,1,0,0,1,0,1,0,7.720263951
1484,2022,C_1484_1532830.0,1532830,control,0,2021/12/13,2021,0,Male,Black,1987,26,2,0,2,11728.10705,1,0.884737485,2023/6/13,1,2022/1/1,2023/1/1,1,1,16840.29073,1,1,1,0,0,1,0,0,0,9.731588932
1484,2022,P_1484,,participant,1,2021/12/13,2021,0,Male,Black,1987,26,1,0,2,0,1,0,2023/6/13,1,2022/1/1,2023/1/1,1,1,3657.532521,1,1,1,0,0,1,0,1,0,8.204817396
1485,2019,C_1485_1441004.0,1441004,control,0,2021/12/20,2021,0,Male,Black,1992,17,9,1,9,0,0,3.567025193,2023/6/20,-2,2019/1/1,2020/1/1,0,0,0,0,1,1,0,0,1,0,0,0,0
1485,2019,P_1485,,participant,1,2021/12/20,2021,0,Male,Black,1992,17,13,1,5,0,1,0,2023/6/20,-2,2019/1/1,2020/1/1,0,0,0,0,1,1,0,0,1,0,0,0,0
1485,2020,C_1485_1441004.0,1441004,control,0,2021/12/20,2021,0,Male,Black,1992,17,9,1,9,0,0,3.567025193,2023/6/20,-1,2020/1/1,2021/1/1,0,0,0,0,1,1,0,0,1,0,0,0,0
1485,2020,P_1485,,participant,1,2021/12/20,2021,0,Male,Black,1992,17,13,1,5,0,1,0,2023/6/20,-1,2020/1/1,2021/1/1,0,0,0,0,1,1,0,0,1,0,0,0,0
1485,2021,C_1485_1441004.0,1441004,control,0,2021/12/20,2021,0,Male,Black,1992,17,9,1,9,0,0,3.567025193,2023/6/20,0,2021/1/1,2022/1/1,1,1,0,0,1,1,0,0,1,0,0,0,0
1485,2021,P_1485,,participant,1,2021/12/20,2021,0,Male,Black,1992,17,13,1,5,0,1,0,2023/6/20,0,2021/1/1,2022/1/1,1,1,0,0,1,1,0,0,1,0,1,0,0
1485,2022,C_1485_1441004.0,1441004,control,0,2021/12/20,2021,0,Male,Black,1992,17,9,1,9,0,0,3.567025193,2023/6/20,1,2022/1/1,2023/1/1,1,1,0,0,1,1,0,0,1,0,0,0,0
1485,2022,P_1485,,participant,1,2021/12/20,2021,0,Male,Black,1992,17,13,1,5,0,1,0,2023/6/20,1,2022/1/1,2023/1/1,1,1,268.2998345,1,1,1,0,0,1,0,1,0,5.595825385
1486,2020,C_1486_853811.0,853811,control,0,2022/1/31,2022,1,Male,Black,1995,23,6,1,6,5240.659764,1,1.291912069,2023/8/1,-2,2020/1/1,2021/1/1,0,0,0,0,1,1,0,0,1,0,0,0,0
1486,2020,P_1486,,participant,1,2022/1/31,2022,1,Male,Black,1995,23,4,1,6,0,1,0,2023/8/1,-2,2020/1/1,2021/1/1,0,0,0,0,1,1,0,0,1,0,0,0,0
1486,2021,C_1486_853811.0,853811,control,0,2022/1/31,2022,1,Male,Black,1995,23,6,1,6,5240.659764,1,1.291912069,2023/8/1,-1,2021/1/1,2022/1/1,0,0,0,0,1,1,0,0,1,0,0,0,0
1486,2021,P_1486,,participant,1,2022/1/31,2022,1,Male,Black,1995,23,4,1,6,0,1,0,2023/8/1,-1,2021/1/1,2022/1/1,0,0,0,0,1,1,0,0,1,0,0,0,0
1486,2022,C_1486_853811.0,853811,control,0,2022/1/31,2022,1,Male,Black,1995,23,6,1,6,5240.659764,1,1.291912069,2023/8/1,0,2022/1/1,2023/1/1,1,1,0,0,1,1,0,0,1,0,0,0,0
1486,2022,P_1486,,participant,1,2022/1/31,2022,1,Male,Black,1995,23,4,1,6,0,1,0,2023/8/1,0,2022/1/1,2023/1/1,1,1,0,0,1,1,0,0,1,0,1,1,0
1486,2023,C_1486_853811.0,853811,control,0,2022/1/31,2022,1,Male,Black,1995,23,6,1,6,5240.659764,1,1.291912069,2023/8/1,1,2023/1/1,2024/1/1,1,1,1553.841421,1,1,1,0,0,1,0,0,0,7.349128839
1486,2023,P_1486,,participant,1,2022/1/31,2022,1,Male,Black,1995,23,4,1,6,0,1,0,2023/8/1,1,2023/1/1,2024/1/1,1,1,0,0,1,1,0,0,1,0,1,1,0
1494,2020,C_1494_689329.0,689329,control,0,2022/1/10,2022,1,Male,Black,1996,18,1,0,1,0,0,0.436240268,2023/7/11,-2,2020/1/1,2021/1/1,0,0,0,0,1,1,0,0,1,0,0,0,0
1494,2020,P_1494,,participant,1,2022/1/10,2022,1,Male,Black,1996,18,0,0,2,0,0,0,2023/7/11,-2,2020/1/1,2021/1/1,0,0,0,0,1,1,0,0,1,0,0,0,0
1494,2021,C_1494_689329.0,689329,control,0,2022/1/10,2022,1,Male,Black,1996,18,1,0,1,0,0,0.436240268,2023/7/11,-1,2021/1/1,2022/1/1,0,0,0,0,1,1,0,0,1,0,0,0,0
1494,2021,P_1494,,participant,1,2022/1/10,2022,1,Male,Black,1996,18,0,0,2,0,0,0,2023/7/11,-1,2021/1/1,2022/1/1,0,0,0,0,1,1,0,0,1,0,0,0,0
1494,2022,C_1494_689329.0,689329,control,0,2022/1/10,2022,1,Male,Black,1996,18,1,0,1,0,0,0.436240268,2023/7/11,0,2022/1/1,2023/1/1,1,1,0,0,1,1,0,0,1,0,0,0,0
1494,2022,P_1494,,participant,1,2022/1/10,2022,1,Male,Black,1996,18,0,0,2,0,0,0,2023/7/11,0,2022/1/1,2023/1/1,1,1,10433.45659,1,1,1,0,0,1,0,1,1,9.252868742
1494,2023,C_1494_689329.0,689329,control,0,2022/1/10,2022,1,Male,Black,1996,18,1,0,1,0,0,0.436240268,2023/7/11,1,2023/1/1,2024/1/1,1,1,0,0,1,1,0,0,1,0,0,0,0
1494,2023,P_1494,,participant,1,2022/1/10,2022,1,Male,Black,1996,18,0,0,2,0,0,0,2023/7/11,1,2023/1/1,2024/1/1,1,1,12726.33955,1,1,1,0,0,1,0,1,1,9.451507679
1499,2020,C_1499_880292.0,880292,control,0,2022/1/18,2022,1,Male,Black,2000,19,1,1,1,0,0,0.003367225,2023/7/19,-2,2020/1/1,2021/1/1,0,0,0,0,1,1,0,0,1,0,0,0,0
1499,2020,P_1499,,participant,1,2022/1/18,2022,1,Male,Black,2000,19,1,1,1,21.36920911,0,0,2023/7/19,-2,2020/1/1,2021/1/1,0,0,0,0,1,1,0,0,1,0,0,0,0
1499,2021,C_1499_880292.0,880292,control,0,2022/1/18,2022,1,Male,Black,2000,19,1,1,1,0,0,0.003367225,2023/7/19,-1,2021/1/1,2022/1/1,0,0,0,0,1,1,0,0,1,0,0,0,0
1499,2021,P_1499,,participant,1,2022/1/18,2022,1,Male,Black,2000,19,1,1,1,21.36920911,0,0,2023/7/19,-1,2021/1/1,2022/1/1,0,0,0,0,1,1,0,0,1,0,0,0,0
1499,2022,C_1499_880292.0,880292,control,0,2022/1/18,2022,1,Male,Black,2000,19,1,1,1,0,0,0.003367225,2023/7/19,0,2022/1/1,2023/1/1,1,1,0,0,1,1,0,0,1,0,0,0,0
1499,2022,P_1499,,participant,1,2022/1/18,2022,1,Male,Black,2000,19,1,1,1,21.36920911,0,0,2023/7/19,0,2022/1/1,2023/1/1,1,1,0,0,1,1,0,0,1,0,1,1,0
1499,2023,C_1499_880292.0,880292,control,0,2022/1/18,2022,1,Male,Black,2000,19,1,1,1,0,0,0.003367225,2023/7/19,1,2023/1/1,2024/1/1,1,1,0,0,1,1,0,0,1,0,0,0,0
1499,2023,P_1499,,participant,1,2022/1/18,2022,1,Male,Black,2000,19,1,1,1,21.36920911,0,0,2023/7/19,1,2023/1/1,2024/1/1,1,1,0,0,1,1,0,0,1,0,1,1,0
1501,2020,C_1501_900903.0,900903,control,0,2022/1/18,2022,1,Male,Black,2001,18,1,1,3,0,0,0,2023/7/19,-2,2020/1/1,2021/1/1,0,0,0,0,0,1,0,0,1,0,0,0,0
1501,2020,P_1501,,participant,1,2022/1/18,2022,1,Male,Black,2001,18,1,1,3,0,0,0,2023/7/19,-2,2020/1/1,2021/1/1,0,0,0,0,0,1,0,0,1,0,0,0,0
1501,2021,C_1501_900903.0,900903,control,0,2022/1/18,2022,1,Male,Black,2001,18,1,1,3,0,0,0,2023/7/19,-1,2021/1/1,2022/1/1,0,0,0,0,1,1,0,0,1,0,0,0,0
1501,2021,P_1501,,participant,1,2022/1/18,2022,1,Male,Black,2001,18,1,1,3,0,0,0,2023/7/19,-1,2021/1/1,2022/1/1,0,0,0,0,1,1,0,0,1,0,0,0,0
1501,2022,C_1501_900903.0,900903,control,0,2022/1/18,2022,1,Male,Black,2001,18,1,1,3,0,0,0,2023/7/19,0,2022/1/1,2023/1/1,1,1,0,0,1,1,0,0,1,0,0,0,0
1501,2022,P_1501,,participant,1,2022/1/18,2022,1,Male,Black,2001,18,1,1,3,0,0,0,2023/7/19,0,2022/1/1,2023/1/1,1,1,3347.974679,1,1,1,0,0,1,0,1,1,8.116409512
1501,2023,C_1501_900903.0,900903,control,0,2022/1/18,2022,1,Male,Black,2001,18,1,1,3,0,0,0,2023/7/19,1,2023/1/1,2024/1/1,1,1,0,0,1,1,0,0,1,0,0,0,0
1501,2023,P_1501,,participant,1,2022/1/18,2022,1,Male,Black,2001,18,1,1,3,0,0,0,2023/7/19,1,2023/1/1,2024/1/1,1,1,0,0,1,1,0,0,1,0,1,1,0
1516,2020,C_1516_1732358.0,1732358,control,0,2022/2/7,2022,1,Male,Black,1983,22,2,1,2,2483.441441,1,0.304563536,2023/8/8,-2,2020/1/1,2021/1/1,0,0,0,0,1,1,0,0,1,0,0,0,0
1516,2020,P_1516,,participant,1,2022/2/7,2022,1,Male,Black,1983,22,3,1,2,5123.575523,1,0,2023/8/8,-2,2020/1/1,2021/1/1,0,0,0,0,1,1,0,0,1,0,0,0,0
1516,2021,C_1516_1732358.0,1732358,control,0,2022/2/7,2022,1,Male,Black,1983,22,2,1,2,2483.441441,1,0.304563536,2023/8/8,-1,2021/1/1,2022/1/1,0,0,0,0,1,1,0,0,1,0,0,0,0
1516,2021,P_1516,,participant,1,2022/2/7,2022,1,Male,Black,1983,22,3,1,2,5123.575523,1,0,2023/8/8,-1,2021/1/1,2022/1/1,0,0,0,0,1,1,0,0,1,0,0,0,0
1516,2022,C_1516_1732358.0,1732358,control,0,2022/2/7,2022,1,Male,Black,1983,22,2,1,2,2483.441441,1,0.304563536,2023/8/8,0,2022/1/1,2023/1/1,1,1,49230.5751,1,1,1,0,0,1,0,0,0,10.80429047
1516,2022,P_1516,,participant,1,2022/2/7,2022,1,Male,Black,1983,22,3,1,2,5123.575523,1,0,2023/8/8,0,2022/1/1,2023/1/1,1,1,28913.66816,1,1,1,0,0,1,0,1,1,10.27210429
1516,2023,C_1516_1732358.0,1732358,control,0,2022/2/7,2022,1,Male,Black,1983,22,2,1,2,2483.441441,1,0.304563536,2023/8/8,1,2023/1/1,2024/1/1,1,1,22526.42818,1,1,1,0,0,1,0,0,0,10.02248888
1516,2023,P_1516,,participant,1,2022/2/7,2022,1,Male,Black,1983,22,3,1,2,5123.575523,1,0,2023/8/8,1,2023/1/1,2024/1/1,1,1,12550.65063,1,1,1,0,0,1,0,1,1,9.43760746
1519,2020,C_1519_1724899.0,1724899,control,0,2022/2/7,2022,1,Male,Black,1989,16,4,1,4,18908.23795,0,2.605378513,2023/8/8,-2,2020/1/1,2021/1/1,0,0,0,0,1,1,0,0,1,0,0,0,0
1519,2020,P_1519,,participant,1,2022/2/7,2022,1,Male,Black,1989,16,5,1,5,0,1,0,2023/8/8,-2,2020/1/1,2021/1/1,0,0,0,0,1,1,0,0,1,0,0,0,0
1519,2021,C_1519_1724899.0,1724899,control,0,2022/2/7,2022,1,Male,Black,1989,16,4,1,4,18908.23795,0,2.605378513,2023/8/8,-1,2021/1/1,2022/1/1,0,0,0,0,1,1,0,0,1,0,0,0,0
1519,2021,P_1519,,participant,1,2022/2/7,2022,1,Male,Black,1989,16,5,1,5,0,1,0,2023/8/8,-1,2021/1/1,2022/1/1,0,0,0,0,1,1,0,0,1,0,0,0,0
1519,2022,C_1519_1724899.0,1724899,control,0,2022/2/7,2022,1,Male,Black,1989,16,4,1,4,18908.23795,0,2.605378513,2023/8/8,0,2022/1/1,2023/1/1,1,1,0,0,1,1,0,0,1,0,0,0,0
1519,2022,P_1519,,participant,1,2022/2/7,2022,1,Male,Black,1989,16,5,1,5,0,1,0,2023/8/8,0,2022/1/1,2023/1/1,1,1,1087.066211,1,1,1,0,0,1,0,1,1,6.992157281
1519,2023,C_1519_1724899.0,1724899,control,0,2022/2/7,2022,1,Male,Black,1989,16,4,1,4,18908.23795,0,2.605378513,2023/8/8,1,2023/1/1,2024/1/1,1,1,0,0,1,1,0,0,1,0,0,0,0
1519,2023,P_1519,,participant,1,2022/2/7,2022,1,Male,Black,1989,16,5,1,5,0,1,0,2023/8/8,1,2023/1/1,2024/1/1,1,1,0,0,1,1,0,0,1,0,1,1,0
1521,2020,C_1521_1129555.0,1129555,control,0,2022/2/16,2022,1,Male,Black,1980,21,4,1,4,0,0,0.664879042,2023/8/17,-2,2020/1/1,2021/1/1,0,0,0,0,1,1,0,0,1,0,0,0,0
1521,2020,P_1521,,participant,1,2022/2/16,2022,1,Male,Black,1980,21,7,1,2,0,0,0,2023/8/17,-2,2020/1/1,2021/1/1,0,0,0,0,1,1,0,0,1,0,0,0,0
1521,2021,C_1521_1129555.0,1129555,control,0,2022/2/16,2022,1,Male,Black,1980,21,4,1,4,0,0,0.664879042,2023/8/17,-1,2021/1/1,2022/1/1,0,0,0,0,1,1,0,0,1,0,0,0,0
1521,2021,P_1521,,participant,1,2022/2/16,2022,1,Male,Black,1980,21,7,1,2,0,0,0,2023/8/17,-1,2021/1/1,2022/1/1,0,0,0,0,1,1,0,0,1,0,0,0,0
1521,2022,C_1521_1129555.0,1129555,control,0,2022/2/16,2022,1,Male,Black,1980,21,4,1,4,0,0,0.664879042,2023/8/17,0,2022/1/1,2023/1/1,1,1,0,0,1,1,0,0,1,0,0,0,0
1521,2022,P_1521,,participant,1,2022/2/16,2022,1,Male,Black,1980,21,7,1,2,0,0,0,2023/8/17,0,2022/1/1,2023/1/1,1,1,16864.31377,1,1,1,0,0,1,0,1,1,9.733014352
1521,2023,C_1521_1129555.0,1129555,control,0,2022/2/16,2022,1,Male,Black,1980,21,4,1,4,0,0,0.664879042,2023/8/17,1,2023/1/1,2024/1/1,1,1,0,0,1,1,0,0,1,0,0,0,0
1521,2023,P_1521,,participant,1,2022/2/16,2022,1,Male,Black,1980,21,7,1,2,0,0,0,2023/8/17,1,2023/1/1,2024/1/1,1,1,27313.40675,1,1,1,0,0,1,0,1,1,10.21516956
1528,2020,C_1528_479968.0,479968,control,0,2022/2/21,2022,1,Male,Black,1994,25,1,1,1,0,1,1.530395451,2023/8/22,-2,2020/1/1,2021/1/1,0,0,0,0,1,1,0,0,1,0,0,0,0
1528,2020,P_1528,,participant,1,2022/2/21,2022,1,Male,Black,1994,25,2,1,2,0,1,0,2023/8/22,-2,2020/1/1,2021/1/1,0,0,0,0,1,1,0,0,1,0,0,0,0
1528,2021,C_1528_479968.0,479968,control,0,2022/2/21,2022,1,Male,Black,1994,25,1,1,1,0,1,1.530395451,2023/8/22,-1,2021/1/1,2022/1/1,0,0,0,0,1,1,0,0,1,0,0,0,0
1528,2021,P_1528,,participant,1,2022/2/21,2022,1,Male,Black,1994,25,2,1,2,0,1,0,2023/8/22,-1,2021/1/1,2022/1/1,0,0,0,0,1,1,0,0,1,0,0,0,0
1528,2022,C_1528_479968.0,479968,control,0,2022/2/21,2022,1,Male,Black,1994,25,1,1,1,0,1,1.530395451,2023/8/22,0,2022/1/1,2023/1/1,1,1,7568.609291,1,1,1,0,0,1,0,0,0,8.931896732
1528,2022,P_1528,,participant,1,2022/2/21,2022,1,Male,Black,1994,25,2,1,2,0,1,0,2023/8/22,0,2022/1/1,2023/1/1,1,1,0,0,1,1,0,0,1,0,1,1,0
1528,2023,C_1528_479968.0,479968,control,0,2022/2/21,2022,1,Male,Black,1994,25,1,1,1,0,1,1.530395451,2023/8/22,1,2023/1/1,2024/1/1,1,1,9917.456662,1,1,1,0,0,1,0,0,0,9.20215261
1528,2023,P_1528,,participant,1,2022/2/21,2022,1,Male,Black,1994,25,2,1,2,0,1,0,2023/8/22,1,2023/1/1,2024/1/1,1,1,0,0,1,1,1,1,1,1,1,1,0
1540,2020,C_1540_1406157.0,1406157,control,0,2022/3/21,2022,1,Male,Black,1997,18,6,1,6,0,0,2.000190395,2023/9/19,-2,2020/1/1,2021/1/1,0,0,0,0,1,1,0,0,1,0,0,0,0
1540,2020,P_1540,,participant,1,2022/3/21,2022,1,Male,Black,1997,18,10,1,2,0,0,0,2023/9/19,-2,2020/1/1,2021/1/1,0,0,0,0,1,1,0,0,1,0,0,0,0
1540,2021,C_1540_1406157.0,1406157,control,0,2022/3/21,2022,1,Male,Black,1997,18,6,1,6,0,0,2.000190395,2023/9/19,-1,2021/1/1,2022/1/1,0,0,0,0,1,1,0,0,1,0,0,0,0
1540,2021,P_1540,,participant,1,2022/3/21,2022,1,Male,Black,1997,18,10,1,2,0,0,0,2023/9/19,-1,2021/1/1,2022/1/1,0,0,0,0,1,1,0,0,1,0,0,0,0
1540,2022,C_1540_1406157.0,1406157,control,0,2022/3/21,2022,1,Male,Black,1997,18,6,1,6,0,0,2.000190395,2023/9/19,0,2022/1/1,2023/1/1,1,1,0,0,1,1,0,0,1,0,0,0,0
1540,2022,P_1540,,participant,1,2022/3/21,2022,1,Male,Black,1997,18,10,1,2,0,0,0,2023/9/19,0,2022/1/1,2023/1/1,1,1,8995.120628,1,1,1,0,0,1,0,1,1,9.104548722
1540,2023,C_1540_1406157.0,1406157,control,0,2022/3/21,2022,1,Male,Black,1997,18,6,1,6,0,0,2.000190395,2023/9/19,1,2023/1/1,2024/1/1,1,1,0,0,1,1,0,0,1,0,0,0,0
1540,2023,P_1540,,participant,1,2022/3/21,2022,1,Male,Black,1997,18,10,1,2,0,0,0,2023/9/19,1,2023/1/1,2024/1/1,1,1,4537.259432,1,1,1,0,0,1,0,1,1,8.420298832
1543,2020,C_1543_1153505.0,1153505,control,0,2022/4/4,2022,1,Male,Black,1992,18,2,0,2,0,1,0.665915125,2023/10/3,-2,2020/1/1,2021/1/1,0,0,0,0,1,1,0,0,1,0,0,0,0
1543,2020,P_1543,,participant,1,2022/4/4,2022,1,Male,Black,1992,18,0,0,2,3467.152814,1,0,2023/10/3,-2,2020/1/1,2021/1/1,0,0,0,0,1,1,0,0,1,0,0,0,0
1543,2021,C_1543_1153505.0,1153505,control,0,2022/4/4,2022,1,Male,Black,1992,18,2,0,2,0,1,0.665915125,2023/10/3,-1,2021/1/1,2022/1/1,0,0,0,0,1,1,0,0,1,0,0,0,0
1543,2021,P_1543,,participant,1,2022/4/4,2022,1,Male,Black,1992,18,0,0,2,3467.152814,1,0,2023/10/3,-1,2021/1/1,2022/1/1,0,0,0,0,1,1,0,0,1,0,0,0,0
1543,2022,C_1543_1153505.0,1153505,control,0,2022/4/4,2022,1,Male,Black,1992,18,2,0,2,0,1,0.665915125,2023/10/3,0,2022/1/1,2023/1/1,1,1,29197.8157,1,1,1,0,0,1,0,0,0,10.28188343
1543,2022,P_1543,,participant,1,2022/4/4,2022,1,Male,Black,1992,18,0,0,2,3467.152814,1,0,2023/10/3,0,2022/1/1,2023/1/1,1,1,0,0,1,1,1,1,1,1,1,1,0
1543,2023,C_1543_1153505.0,1153505,control,0,2022/4/4,2022,1,Male,Black,1992,18,2,0,2,0,1,0.665915125,2023/10/3,1,2023/1/1,2024/1/1,1,1,15379.02035,1,1,1,0,0,1,0,0,0,9.640824566
1543,2023,P_1543,,participant,1,2022/4/4,2022,1,Male,Black,1992,18,0,0,2,3467.152814,1,0,2023/10/3,1,2023/1/1,2024/1/1,1,1,9739.317648,1,1,1,0,0,1,0,1,1,9.184029009
1546,2020,C_1546_1236390.0,1236390,control,0,2022/3/29,2022,1,Male,Black,1986,24,2,0,2,15963.46949,1,0.544764982,2023/9/27,-2,2020/1/1,2021/1/1,0,0,0,0,1,1,0,0,1,0,0,0,0
1546,2020,P_1546,,participant,1,2022/3/29,2022,1,Male,Black,1986,24,1,0,2,18655.80374,1,0,2023/9/27,-2,2020/1/1,2021/1/1,0,0,0,0,0,1,0,0,1,0,0,0,0
1546,2021,C_1546_1236390.0,1236390,control,0,2022/3/29,2022,1,Male,Black,1986,24,2,0,2,15963.46949,1,0.544764982,2023/9/27,-1,2021/1/1,2022/1/1,0,0,0,0,1,1,0,0,1,0,0,0,0
1546,2021,P_1546,,participant,1,2022/3/29,2022,1,Male,Black,1986,24,1,0,2,18655.80374,1,0,2023/9/27,-1,2021/1/1,2022/1/1,0,0,0,0,1,1,0,0,1,0,0,0,0
1546,2022,C_1546_1236390.0,1236390,control,0,2022/3/29,2022,1,Male,Black,1986,24,2,0,2,15963.46949,1,0.544764982,2023/9/27,0,2022/1/1,2023/1/1,1,1,62100.8258,1,1,1,0,0,1,0,0,0,11.03653067
1546,2022,P_1546,,participant,1,2022/3/29,2022,1,Male,Black,1986,24,1,0,2,18655.80374,1,0,2023/9/27,0,2022/1/1,2023/1/1,1,1,7659.000081,1,1,1,0,0,1,0,1,1,8.943767273
1546,2023,C_1546_1236390.0,1236390,control,0,2022/3/29,2022,1,Male,Black,1986,24,2,0,2,15963.46949,1,0.544764982,2023/9/27,1,2023/1/1,2024/1/1,1,1,29637.27449,1,1,1,0,0,1,0,0,0,10.29682186
1546,2023,P_1546,,participant,1,2022/3/29,2022,1,Male,Black,1986,24,1,0,2,18655.80374,1,0,2023/9/27,1,2023/1/1,2024/1/1,1,1,2575.589214,1,1,1,1,1,1,1,1,1,7.854221793
1560,2020,C_1560_932736.0,932736,control,0,2022/4/25,2022,1,Male,Black,2001,20,0,0,3,0,1,0.893095097,2023/10/24,-2,2020/1/1,2021/1/1,0,0,0,0,0,0,0,0,1,0,0,0,0
1560,2020,P_1560,,participant,1,2022/4/25,2022,1,Male,Black,2001,20,0,0,3,3755.164781,1,0,2023/10/24,-2,2020/1/1,2021/1/1,0,0,0,0,1,1,0,0,1,0,0,0,0
1560,2021,C_1560_932736.0,932736,control,0,2022/4/25,2022,1,Male,Black,2001,20,0,0,3,0,1,0.893095097,2023/10/24,-1,2021/1/1,2022/1/1,0,0,0,0,0,0,0,0,1,0,0,0,0
1560,2021,P_1560,,participant,1,2022/4/25,2022,1,Male,Black,2001,20,0,0,3,3755.164781,1,0,2023/10/24,-1,2021/1/1,2022/1/1,0,0,0,0,1,1,0,0,1,0,0,0,0
1560,2022,C_1560_932736.0,932736,control,0,2022/4/25,2022,1,Male,Black,2001,20,0,0,3,0,1,0.893095097,2023/10/24,0,2022/1/1,2023/1/1,1,1,10169.54811,1,0,1,0,0,1,0,0,0,9.227251382
1560,2022,P_1560,,participant,1,2022/4/25,2022,1,Male,Black,2001,20,0,0,3,3755.164781,1,0,2023/10/24,0,2022/1/1,2023/1/1,1,1,4824.649693,1,1,1,2,1,1,1,1,1,8.481700656
1560,2023,C_1560_932736.0,932736,control,0,2022/4/25,2022,1,Male,Black,2001,20,0,0,3,0,1,0.893095097,2023/10/24,1,2023/1/1,2024/1/1,1,1,0,0,1,1,0,0,1,0,0,0,0
1560,2023,P_1560,,participant,1,2022/4/25,2022,1,Male,Black,2001,20,0,0,3,3755.164781,1,0,2023/10/24,1,2023/1/1,2024/1/1,1,1,1467.811923,1,1,1,1,1,1,1,1,1,7.292209137
1576,2020,C_1576_1454283.0,1454283,control,0,2022/5/16,2022,1,Male,White,1982,18,17,0,17,0,0,0.687117029,2023/11/14,-2,2020/1/1,2021/1/1,0,0,0,0,1,1,0,0,1,0,0,0,0
1576,2020,P_1576,,participant,1,2022/5/16,2022,1,Male,White,1982,18,13,0,18,0,0,0,2023/11/14,-2,2020/1/1,2021/1/1,0,0,0,0,1,1,0,0,1,0,0,0,0
1576,2021,C_1576_1454283.0,1454283,control,0,2022/5/16,2022,1,Male,White,1982,18,17,0,17,0,0,0.687117029,2023/11/14,-1,2021/1/1,2022/1/1,0,0,0,0,1,1,0,0,1,0,0,0,0
1576,2021,P_1576,,participant,1,2022/5/16,2022,1,Male,White,1982,18,13,0,18,0,0,0,2023/11/14,-1,2021/1/1,2022/1/1,0,0,0,0,1,1,0,0,1,0,0,0,0
1576,2022,C_1576_1454283.0,1454283,control,0,2022/5/16,2022,1,Male,White,1982,18,17,0,17,0,0,0.687117029,2023/11/14,0,2022/1/1,2023/1/1,1,1,0,0,1,1,0,0,1,0,0,0,0
1576,2022,P_1576,,participant,1,2022/5/16,2022,1,Male,White,1982,18,13,0,18,0,0,0,2023/11/14,0,2022/1/1,2023/1/1,1,1,206.3572273,1,1,1,0,0,1,0,1,1,5.334443042
1576,2023,C_1576_1454283.0,1454283,control,0,2022/5/16,2022,1,Male,White,1982,18,17,0,17,0,0,0.687117029,2023/11/14,1,2023/1/1,2024/1/1,1,1,0,0,1,1,0,0,1,0,0,0,0
1576,2023,P_1576,,participant,1,2022/5/16,2022,1,Male,White,1982,18,13,0,18,0,0,0,2023/11/14,1,2023/1/1,2024/1/1,1,1,8934.496434,1,1,1,0,0,1,0,1,1,9.097786987
1591,2020,C_1591_727438.0,727438,control,0,2022/6/1,2022,1,Male,Black,1998,23,1,1,1,0,0,1.629513622,2023/11/30,-2,2020/1/1,2021/1/1,0,0,0,0,0,0,0,0,1,0,0,0,0
1591,2020,P_1591,,participant,1,2022/6/1,2022,1,Male,Black,1998,23,2,1,1,939.5812849,0,0,2023/11/30,-2,2020/1/1,2021/1/1,0,0,0,0,0,0,0,0,1,0,0,0,0
1591,2021,C_1591_727438.0,727438,control,0,2022/6/1,2022,1,Male,Black,1998,23,1,1,1,0,0,1.629513622,2023/11/30,-1,2021/1/1,2022/1/1,0,0,0,0,0,1,0,0,1,0,0,0,0
1591,2021,P_1591,,participant,1,2022/6/1,2022,1,Male,Black,1998,23,2,1,1,939.5812849,0,0,2023/11/30,-1,2021/1/1,2022/1/1,0,0,0,0,0,1,0,0,1,0,0,0,0
1591,2022,C_1591_727438.0,727438,control,0,2022/6/1,2022,1,Male,Black,1998,23,1,1,1,0,0,1.629513622,2023/11/30,0,2022/1/1,2023/1/1,1,1,0,0,1,1,0,0,1,0,0,0,0
1591,2022,P_1591,,participant,1,2022/6/1,2022,1,Male,Black,1998,23,2,1,1,939.5812849,0,0,2023/11/30,0,2022/1/1,2023/1/1,1,1,2626.338268,1,1,1,0,0,1,0,1,1,7.873726547
1591,2023,C_1591_727438.0,727438,control,0,2022/6/1,2022,1,Male,Black,1998,23,1,1,1,0,0,1.629513622,2023/11/30,1,2023/1/1,2024/1/1,1,1,0,0,1,1,0,0,1,0,0,0,0
1591,2023,P_1591,,participant,1,2022/6/1,2022,1,Male,Black,1998,23,2,1,1,939.5812849,0,0,2023/11/30,1,2023/1/1,2024/1/1,1,1,1046.769272,1,1,1,1,1,1,1,1,1,6.95441868
1603,2020,C_1603_938706.0,938706,control,0,2022/6/13,2022,1,Male,Black,2002,20,0,0,1,3398.87086,1,0.304031237,2023/12/12,-2,2020/1/1,2021/1/1,0,0,0,0,0,0,0,0,1,0,0,0,0
1603,2020,P_1603,,participant,1,2022/6/13,2022,1,Male,Black,2002,20,0,0,1,2762.598955,1,0,2023/12/12,-2,2020/1/1,2021/1/1,0,0,0,0,0,0,0,0,1,0,0,0,0
1603,2021,C_1603_938706.0,938706,control,0,2022/6/13,2022,1,Male,Black,2002,20,0,0,1,3398.87086,1,0.304031237,2023/12/12,-1,2021/1/1,2022/1/1,0,0,0,0,0,0,0,0,1,0,0,0,0
1603,2021,P_1603,,participant,1,2022/6/13,2022,1,Male,Black,2002,20,0,0,1,2762.598955,1,0,2023/12/12,-1,2021/1/1,2022/1/1,0,0,0,0,0,0,0,0,1,0,0,0,0
1603,2022,C_1603_938706.0,938706,control,0,2022/6/13,2022,1,Male,Black,2002,20,0,0,1,3398.87086,1,0.304031237,2023/12/12,0,2022/1/1,2023/1/1,1,1,3426.811162,1,0,1,0,0,1,0,0,0,8.139677191
1603,2022,P_1603,,participant,1,2022/6/13,2022,1,Male,Black,2002,20,0,0,1,2762.598955,1,0,2023/12/12,0,2022/1/1,2023/1/1,1,1,753.5096773,1,0,1,1,1,1,1,1,1,6.626068104
1603,2023,C_1603_938706.0,938706,control,0,2022/6/13,2022,1,Male,Black,2002,20,0,0,1,3398.87086,1,0.304031237,2023/12/12,1,2023/1/1,2024/1/1,1,1,3921.960492,1,1,1,0,0,1,0,0,0,8.274601875
1603,2023,P_1603,,participant,1,2022/6/13,2022,1,Male,Black,2002,20,0,0,1,2762.598955,1,0,2023/12/12,1,2023/1/1,2024/1/1,1,1,2399.767286,1,1,1,0,0,1,0,1,1,7.783543668
1610,2020,C_1610_932522.0,932522,control,0,2022/6/27,2022,1,Male,Black,2000,20,0,0,1,0,1,0,2023/12/26,-2,2020/1/1,2021/1/1,0,0,0,0,0,1,0,0,1,0,0,0,0
1610,2020,P_1610,,participant,1,2022/6/27,2022,1,Male,Black,2000,20,0,0,1,0,1,0,2023/12/26,-2,2020/1/1,2021/1/1,0,0,0,0,0,1,0,0,1,0,0,0,0
1610,2021,C_1610_932522.0,932522,control,0,2022/6/27,2022,1,Male,Black,2000,20,0,0,1,0,1,0,2023/12/26,-1,2021/1/1,2022/1/1,0,0,0,0,1,1,0,0,1,0,0,0,0
1610,2021,P_1610,,participant,1,2022/6/27,2022,1,Male,Black,2000,20,0,0,1,0,1,0,2023/12/26,-1,2021/1/1,2022/1/1,0,0,0,0,1,1,0,0,1,0,0,0,0
1610,2022,C_1610_932522.0,932522,control,0,2022/6/27,2022,1,Male,Black,2000,20,0,0,1,0,1,0,2023/12/26,0,2022/1/1,2023/1/1,1,1,7152.539956,1,1,1,0,0,1,0,0,0,8.875362612
1610,2022,P_1610,,participant,1,2022/6/27,2022,1,Male,Black,2000,20,0,0,1,0,1,0,2023/12/26,0,2022/1/1,2023/1/1,1,1,3608.405792,1,1,1,0,0,1,0,1,1,8.191298437
1610,2023,C_1610_932522.0,932522,control,0,2022/6/27,2022,1,Male,Black,2000,20,0,0,1,0,1,0,2023/12/26,1,2023/1/1,2024/1/1,1,1,21492.46679,1,1,1,0,0,1,0,0,0,9.975504298
1610,2023,P_1610,,participant,1,2022/6/27,2022,1,Male,Black,2000,20,0,0,1,0,1,0,2023/12/26,1,2023/1/1,2024/1/1,1,1,6933.103857,1,1,1,0,0,1,0,1,1,8.844207104
1613,2020,C_1613_1670005.0,1670005,control,0,2022/6/22,2022,1,Male,Black,1993,19,4,1,4,0,0,0,2023/12/21,-2,2020/1/1,2021/1/1,0,0,0,0,1,1,0,0,1,0,0,0,0
1613,2020,P_1613,,participant,1,2022/6/22,2022,1,Male,Black,1993,19,4,1,4,0,0,0,2023/12/21,-2,2020/1/1,2021/1/1,0,0,0,0,1,1,0,0,1,0,0,0,0
1613,2021,C_1613_1670005.0,1670005,control,0,2022/6/22,2022,1,Male,Black,1993,19,4,1,4,0,0,0,2023/12/21,-1,2021/1/1,2022/1/1,0,0,0,0,1,1,0,0,1,0,0,0,0
1613,2021,P_1613,,participant,1,2022/6/22,2022,1,Male,Black,1993,19,4,1,4,0,0,0,2023/12/21,-1,2021/1/1,2022/1/1,0,0,0,0,1,1,0,0,1,0,0,0,0
1613,2022,C_1613_1670005.0,1670005,control,0,2022/6/22,2022,1,Male,Black,1993,19,4,1,4,0,0,0,2023/12/21,0,2022/1/1,2023/1/1,1,1,0,0,1,1,0,0,1,0,0,0,0
1613,2022,P_1613,,participant,1,2022/6/22,2022,1,Male,Black,1993,19,4,1,4,0,0,0,2023/12/21,0,2022/1/1,2023/1/1,1,1,0,0,1,1,0,0,1,0,1,1,0
1613,2023,C_1613_1670005.0,1670005,control,0,2022/6/22,2022,1,Male,Black,1993,19,4,1,4,0,0,0,2023/12/21,1,2023/1/1,2024/1/1,1,1,0,0,1,1,0,0,1,0,0,0,0
1613,2023,P_1613,,participant,1,2022/6/22,2022,1,Male,Black,1993,19,4,1,4,0,0,0,2023/12/21,1,2023/1/1,2024/1/1,1,1,21464.58383,1,1,1,0,0,1,0,1,1,9.974206179
1618,2020,C_1618_756325.0,756325,control,0,2022/7/11,2022,1,Male,Black,1997,19,3,1,3,0,1,0.537133702,2024/1/9,-2,2020/1/1,2021/1/1,0,0,0,0,1,1,0,0,1,0,0,0,0
1618,2020,P_1618,,participant,1,2022/7/11,2022,1,Male,Black,1997,19,4,1,2,0,1,0,2024/1/9,-2,2020/1/1,2021/1/1,0,0,0,0,1,1,0,0,1,0,0,0,0
1618,2021,C_1618_756325.0,756325,control,0,2022/7/11,2022,1,Male,Black,1997,19,3,1,3,0,1,0.537133702,2024/1/9,-1,2021/1/1,2022/1/1,0,0,0,0,1,1,0,0,1,0,0,0,0
1618,2021,P_1618,,participant,1,2022/7/11,2022,1,Male,Black,1997,19,4,1,2,0,1,0,2024/1/9,-1,2021/1/1,2022/1/1,0,0,0,0,1,1,0,0,1,0,0,0,0
1618,2022,C_1618_756325.0,756325,control,0,2022/7/11,2022,1,Male,Black,1997,19,3,1,3,0,1,0.537133702,2024/1/9,0,2022/1/1,2023/1/1,1,1,0,0,1,1,0,0,1,0,0,0,0
1618,2022,P_1618,,participant,1,2022/7/11,2022,1,Male,Black,1997,19,4,1,2,0,1,0,2024/1/9,0,2022/1/1,2023/1/1,1,1,0,0,1,1,0,0,1,0,1,1,0
1618,2023,C_1618_756325.0,756325,control,0,2022/7/11,2022,1,Male,Black,1997,19,3,1,3,0,1,0.537133702,2024/1/9,1,2023/1/1,2024/1/1,1,1,0,0,1,1,0,0,1,0,0,0,0
1618,2023,P_1618,,participant,1,2022/7/11,2022,1,Male,Black,1997,19,4,1,2,0,1,0,2024/1/9,1,2023/1/1,2024/1/1,1,1,1976.712353,1,1,1,0,0,1,0,1,1,7.589696079
1621,2020,C_1621_1496775.0,1496775,control,0,2022/7/11,2022,1,Male,Black,1989,25,1,1,1,0,0,0,2024/1/9,-2,2020/1/1,2021/1/1,0,0,0,0,1,1,0,0,1,0,0,0,0
1621,2020,P_1621,,participant,1,2022/7/11,2022,1,Male,Black,1989,25,1,1,1,0,0,0,2024/1/9,-2,2020/1/1,2021/1/1,0,0,0,0,1,1,0,0,1,0,0,0,0
1621,2021,C_1621_1496775.0,1496775,control,0,2022/7/11,2022,1,Male,Black,1989,25,1,1,1,0,0,0,2024/1/9,-1,2021/1/1,2022/1/1,0,0,0,0,1,1,0,0,1,0,0,0,0
1621,2021,P_1621,,participant,1,2022/7/11,2022,1,Male,Black,1989,25,1,1,1,0,0,0,2024/1/9,-1,2021/1/1,2022/1/1,0,0,0,0,1,1,0,0,1,0,0,0,0
1621,2022,C_1621_1496775.0,1496775,control,0,2022/7/11,2022,1,Male,Black,1989,25,1,1,1,0,0,0,2024/1/9,0,2022/1/1,2023/1/1,1,1,0,0,1,1,0,0,1,0,0,0,0
1621,2022,P_1621,,participant,1,2022/7/11,2022,1,Male,Black,1989,25,1,1,1,0,0,0,2024/1/9,0,2022/1/1,2023/1/1,1,1,0,0,1,1,0,0,1,0,1,1,0
1621,2023,C_1621_1496775.0,1496775,control,0,2022/7/11,2022,1,Male,Black,1989,25,1,1,1,0,0,0,2024/1/9,1,2023/1/1,2024/1/1,1,1,0,0,1,1,0,0,1,0,0,0,0
1621,2023,P_1621,,participant,1,2022/7/11,2022,1,Male,Black,1989,25,1,1,1,0,0,0,2024/1/9,1,2023/1/1,2024/1/1,1,1,0,0,1,1,0,0,1,0,1,1,0
1647,2020,C_1647_1021420.0,1021420,control,0,2022/8/22,2022,1,Male,Black,1978,23,10,1,10,10381.39716,1,1.384134522,2024/2/20,-2,2020/1/1,2021/1/1,0,0,0,0,1,1,0,0,1,0,0,0,0
1647,2020,P_1647,,participant,1,2022/8/22,2022,1,Male,Black,1978,23,14,1,10,5954.163889,1,0,2024/2/20,-2,2020/1/1,2021/1/1,0,0,0,0,1,1,0,0,1,0,0,0,0
1647,2021,C_1647_1021420.0,1021420,control,0,2022/8/22,2022,1,Male,Black,1978,23,10,1,10,10381.39716,1,1.384134522,2024/2/20,-1,2021/1/1,2022/1/1,0,0,0,0,1,1,0,0,1,0,0,0,0
1647,2021,P_1647,,participant,1,2022/8/22,2022,1,Male,Black,1978,23,14,1,10,5954.163889,1,0,2024/2/20,-1,2021/1/1,2022/1/1,0,0,0,0,1,1,0,0,1,0,0,0,0
1647,2022,C_1647_1021420.0,1021420,control,0,2022/8/22,2022,1,Male,Black,1978,23,10,1,10,10381.39716,1,1.384134522,2024/2/20,0,2022/1/1,2023/1/1,1,1,506.6079607,1,1,1,0,0,1,0,0,0,6.229709419
1647,2022,P_1647,,participant,1,2022/8/22,2022,1,Male,Black,1978,23,14,1,10,5954.163889,1,0,2024/2/20,0,2022/1/1,2023/1/1,1,1,884.3553408,1,1,1,0,0,1,0,1,1,6.785989079
1647,2023,C_1647_1021420.0,1021420,control,0,2022/8/22,2022,1,Male,Black,1978,23,10,1,10,10381.39716,1,1.384134522,2024/2/20,1,2023/1/1,2024/1/1,1,1,40785.49262,1,1,1,0,0,1,0,0,0,10.61610624
1647,2023,P_1647,,participant,1,2022/8/22,2022,1,Male,Black,1978,23,14,1,10,5954.163889,1,0,2024/2/20,1,2023/1/1,2024/1/1,1,1,13419.22349,1,1,1,0,0,1,0,1,1,9.504518064
1656,2020,C_1656_1689518.0,1689518,control,0,2022/8/29,2022,1,Female,Black,2000,18,2,0,2,15934.5112,1,2.328285673,2024/2/27,-2,2020/1/1,2021/1/1,0,0,0,0,1,1,0,0,1,0,0,0,0
1656,2020,P_1656,,participant,1,2022/8/29,2022,1,Female,Black,2000,18,0,0,1,25716.89922,1,0,2024/2/27,-2,2020/1/1,2021/1/1,0,0,0,0,1,1,0,0,1,0,0,0,0
1656,2021,C_1656_1689518.0,1689518,control,0,2022/8/29,2022,1,Female,Black,2000,18,2,0,2,15934.5112,1,2.328285673,2024/2/27,-1,2021/1/1,2022/1/1,0,0,0,0,1,1,0,0,1,0,0,0,0
1656,2021,P_1656,,participant,1,2022/8/29,2022,1,Female,Black,2000,18,0,0,1,25716.89922,1,0,2024/2/27,-1,2021/1/1,2022/1/1,0,0,0,0,1,1,0,0,1,0,0,0,0
1656,2022,C_1656_1689518.0,1689518,control,0,2022/8/29,2022,1,Female,Black,2000,18,2,0,2,15934.5112,1,2.328285673,2024/2/27,0,2022/1/1,2023/1/1,1,1,17599.82131,1,1,1,0,0,1,0,0,0,9.775700845
1656,2022,P_1656,,participant,1,2022/8/29,2022,1,Female,Black,2000,18,0,0,1,25716.89922,1,0,2024/2/27,0,2022/1/1,2023/1/1,1,1,20017.23554,1,1,1,0,0,1,0,1,1,9.904398914
1656,2023,C_1656_1689518.0,1689518,control,0,2022/8/29,2022,1,Female,Black,2000,18,2,0,2,15934.5112,1,2.328285673,2024/2/27,1,2023/1/1,2024/1/1,1,1,3974.091398,1,1,1,0,0,1,0,0,0,8.28780302
1656,2023,P_1656,,participant,1,2022/8/29,2022,1,Female,Black,2000,18,0,0,1,25716.89922,1,0,2024/2/27,1,2023/1/1,2024/1/1,1,1,28104.12681,1,1,1,2,1,1,1,1,1,10.24370729
1663,2020,C_1663_1077607.0,1077607,control,0,2022/9/12,2022,1,Male,Black,1987,19,9,1,9,0,0,1.430043067,2024/3/12,-2,2020/1/1,2021/1/1,0,0,0,0,1,1,0,0,1,0,0,0,0
1663,2020,P_1663,,participant,1,2022/9/12,2022,1,Male,Black,1987,19,13,1,4,0,0,0,2024/3/12,-2,2020/1/1,2021/1/1,0,0,0,0,1,1,0,0,1,0,0,0,0
1663,2021,C_1663_1077607.0,1077607,control,0,2022/9/12,2022,1,Male,Black,1987,19,9,1,9,0,0,1.430043067,2024/3/12,-1,2021/1/1,2022/1/1,0,0,0,0,1,1,0,0,1,0,0,0,0
1663,2021,P_1663,,participant,1,2022/9/12,2022,1,Male,Black,1987,19,13,1,4,0,0,0,2024/3/12,-1,2021/1/1,2022/1/1,0,0,0,0,1,1,0,0,1,0,0,0,0
1663,2022,C_1663_1077607.0,1077607,control,0,2022/9/12,2022,1,Male,Black,1987,19,9,1,9,0,0,1.430043067,2024/3/12,0,2022/1/1,2023/1/1,1,1,0,0,1,1,0,0,1,0,0,0,0
1663,2022,P_1663,,participant,1,2022/9/12,2022,1,Male,Black,1987,19,13,1,4,0,0,0,2024/3/12,0,2022/1/1,2023/1/1,1,1,0,0,1,1,0,0,1,0,1,1,0
1663,2023,C_1663_1077607.0,1077607,control,0,2022/9/12,2022,1,Male,Black,1987,19,9,1,9,0,0,1.430043067,2024/3/12,1,2023/1/1,2024/1/1,1,1,0,0,1,1,0,0,1,0,0,0,0
1663,2023,P_1663,,participant,1,2022/9/12,2022,1,Male,Black,1987,19,13,1,4,0,0,0,2024/3/12,1,2023/1/1,2024/1/1,1,1,0,0,1,1,0,0,1,0,1,1,0
1695,2020,C_1695_1014531.0,1014531,control,0,2022/11/7,2022,1,Male,Black,1990,19,2,1,2,0,0,0,2024/5/7,-2,2020/1/1,2021/1/1,0,0,0,0,1,1,0,0,1,0,0,0,0
1695,2020,P_1695,,participant,1,2022/11/7,2022,1,Male,Black,1990,19,2,1,2,0,0,0,2024/5/7,-2,2020/1/1,2021/1/1,0,0,0,0,1,1,0,0,1,0,0,0,0
1695,2021,C_1695_1014531.0,1014531,control,0,2022/11/7,2022,1,Male,Black,1990,19,2,1,2,0,0,0,2024/5/7,-1,2021/1/1,2022/1/1,0,0,0,0,1,1,0,0,1,0,0,0,0
1695,2021,P_1695,,participant,1,2022/11/7,2022,1,Male,Black,1990,19,2,1,2,0,0,0,2024/5/7,-1,2021/1/1,2022/1/1,0,0,0,0,1,1,0,0,1,0,0,0,0
1695,2022,C_1695_1014531.0,1014531,control,0,2022/11/7,2022,1,Male,Black,1990,19,2,1,2,0,0,0,2024/5/7,0,2022/1/1,2023/1/1,1,1,0,0,1,1,0,0,1,0,0,0,0
1695,2022,P_1695,,participant,1,2022/11/7,2022,1,Male,Black,1990,19,2,1,2,0,0,0,2024/5/7,0,2022/1/1,2023/1/1,1,1,0,0,1,1,0,0,1,0,1,1,0
1695,2023,C_1695_1014531.0,1014531,control,0,2022/11/7,2022,1,Male,Black,1990,19,2,1,2,0,0,0,2024/5/7,1,2023/1/1,2024/1/1,1,1,2817.731571,1,1,1,0,0,1,0,0,0,7.944042265
1695,2023,P_1695,,participant,1,2022/11/7,2022,1,Male,Black,1990,19,2,1,2,0,0,0,2024/5/7,1,2023/1/1,2024/1/1,1,1,15955.53556,1,1,1,0,0,1,0,1,1,9.677623777
1702,2020,C_1702_907316.0,907316,control,0,2022/11/28,2022,1,Male,Black,2002,18,2,1,2,0,0,0.501395935,2024/5/28,-2,2020/1/1,2021/1/1,0,0,0,0,0,1,0,0,1,0,0,0,0
1702,2020,P_1702,,participant,1,2022/11/28,2022,1,Male,Black,2002,18,2,1,3,493.8024631,0,0,2024/5/28,-2,2020/1/1,2021/1/1,0,0,0,0,0,0,0,0,1,0,0,0,0
1702,2021,C_1702_907316.0,907316,control,0,2022/11/28,2022,1,Male,Black,2002,18,2,1,2,0,0,0.501395935,2024/5/28,-1,2021/1/1,2022/1/1,0,0,0,0,1,1,0,0,1,0,0,0,0
1702,2021,P_1702,,participant,1,2022/11/28,2022,1,Male,Black,2002,18,2,1,3,493.8024631,0,0,2024/5/28,-1,2021/1/1,2022/1/1,0,0,0,0,0,1,0,0,1,0,0,0,0
1702,2022,C_1702_907316.0,907316,control,0,2022/11/28,2022,1,Male,Black,2002,18,2,1,2,0,0,0.501395935,2024/5/28,0,2022/1/1,2023/1/1,1,1,0,0,1,1,0,0,1,0,0,0,0
1702,2022,P_1702,,participant,1,2022/11/28,2022,1,Male,Black,2002,18,2,1,3,493.8024631,0,0,2024/5/28,0,2022/1/1,2023/1/1,1,1,0,0,1,1,0,0,1,0,1,1,0
1702,2023,C_1702_907316.0,907316,control,0,2022/11/28,2022,1,Male,Black,2002,18,2,1,2,0,0,0.501395935,2024/5/28,1,2023/1/1,2024/1/1,1,1,0,0,1,1,0,0,1,0,0,0,0
1702,2023,P_1702,,participant,1,2022/11/28,2022,1,Male,Black,2002,18,2,1,3,493.8024631,0,0,2024/5/28,1,2023/1/1,2024/1/1,1,1,0,0,1,1,0,0,1,0,1,1,0
1705,2020,C_1705_932452.0,932452,control,0,2022/11/28,2022,1,Male,Black,2000,19,1,0,1,7190.731853,1,0.046044651,2024/5/28,-2,2020/1/1,2021/1/1,0,0,0,0,1,1,0,0,1,0,0,0,0
1705,2020,P_1705,,participant,1,2022/11/28,2022,1,Male,Black,2000,19,1,0,1,7535.090466,1,0,2024/5/28,-2,2020/1/1,2021/1/1,0,0,0,0,0,1,0,0,1,0,0,0,0
1705,2021,C_1705_932452.0,932452,control,0,2022/11/28,2022,1,Male,Black,2000,19,1,0,1,7190.731853,1,0.046044651,2024/5/28,-1,2021/1/1,2022/1/1,0,0,0,0,1,1,0,0,1,0,0,0,0
1705,2021,P_1705,,participant,1,2022/11/28,2022,1,Male,Black,2000,19,1,0,1,7535.090466,1,0,2024/5/28,-1,2021/1/1,2022/1/1,0,0,0,0,1,1,0,0,1,0,0,0,0
1705,2022,C_1705_932452.0,932452,control,0,2022/11/28,2022,1,Male,Black,2000,19,1,0,1,7190.731853,1,0.046044651,2024/5/28,0,2022/1/1,2023/1/1,1,1,2233.898874,1,1,1,0,0,1,0,0,0,7.711951259
1705,2022,P_1705,,participant,1,2022/11/28,2022,1,Male,Black,2000,19,1,0,1,7535.090466,1,0,2024/5/28,0,2022/1/1,2023/1/1,1,1,0,0,1,1,0,0,1,0,1,1,0
1705,2023,C_1705_932452.0,932452,control,0,2022/11/28,2022,1,Male,Black,2000,19,1,0,1,7190.731853,1,0.046044651,2024/5/28,1,2023/1/1,2024/1/1,1,1,25225.54321,1,1,1,0,0,1,0,0,0,10.13565202
1705,2023,P_1705,,participant,1,2022/11/28,2022,1,Male,Black,2000,19,1,0,1,7535.090466,1,0,2024/5/28,1,2023/1/1,2024/1/1,1,1,37772.46194,1,1,1,0,0,1,0,1,1,10.53936207
1710,2020,C_1710_877510.0,877510,control,0,2022/11/7,2022,1,Female,Black,1998,20,1,0,2,0,1,0.635147369,2024/5/7,-2,2020/1/1,2021/1/1,0,0,0,0,1,1,0,0,1,0,0,0,0
1710,2020,P_1710,,participant,1,2022/11/7,2022,1,Female,Black,1998,20,0,0,3,2749.020659,1,0,2024/5/7,-2,2020/1/1,2021/1/1,0,0,0,0,1,1,0,0,1,0,0,0,0
1710,2021,C_1710_877510.0,877510,control,0,2022/11/7,2022,1,Female,Black,1998,20,1,0,2,0,1,0.635147369,2024/5/7,-1,2021/1/1,2022/1/1,0,0,0,0,1,1,0,0,1,0,0,0,0
1710,2021,P_1710,,participant,1,2022/11/7,2022,1,Female,Black,1998,20,0,0,3,2749.020659,1,0,2024/5/7,-1,2021/1/1,2022/1/1,0,0,0,0,1,1,0,0,1,0,0,0,0
1710,2022,C_1710_877510.0,877510,control,0,2022/11/7,2022,1,Female,Black,1998,20,1,0,2,0,1,0.635147369,2024/5/7,0,2022/1/1,2023/1/1,1,1,0,0,1,1,0,0,1,0,0,0,0
1710,2022,P_1710,,participant,1,2022/11/7,2022,1,Female,Black,1998,20,0,0,3,2749.020659,1,0,2024/5/7,0,2022/1/1,2023/1/1,1,1,0,0,1,1,1,1,1,1,1,1,0
1710,2023,C_1710_877510.0,877510,control,0,2022/11/7,2022,1,Female,Black,1998,20,1,0,2,0,1,0.635147369,2024/5/7,1,2023/1/1,2024/1/1,1,1,1200.164597,1,1,1,0,0,1,0,0,0,7.091046863
1710,2023,P_1710,,participant,1,2022/11/7,2022,1,Female,Black,1998,20,0,0,3,2749.020659,1,0,2024/5/7,1,2023/1/1,2024/1/1,1,1,7210.315275,1,1,1,0,0,1,0,1,1,8.883406637
1726,2021,C_1726_1406031.0,1406031,control,0,2023/1/9,2023,1,Male,Black,1964,37,5,1,5,15863.06085,1,0.941239022,2024/7/9,-2,2021/1/1,2022/1/1,0,0,0,0,1,1,0,0,1,0,0,0,0
1726,2021,P_1726,,participant,1,2023/1/9,2023,1,Male,Black,1964,37,9,1,8,15591.4197,1,0,2024/7/9,-2,2021/1/1,2022/1/1,0,0,0,0,1,1,0,0,1,0,0,0,0
1726,2022,C_1726_1406031.0,1406031,control,0,2023/1/9,2023,1,Male,Black,1964,37,5,1,5,15863.06085,1,0.941239022,2024/7/9,-1,2022/1/1,2023/1/1,0,0,0,0,1,1,0,0,1,0,0,0,0
1726,2022,P_1726,,participant,1,2023/1/9,2023,1,Male,Black,1964,37,9,1,8,15591.4197,1,0,2024/7/9,-1,2022/1/1,2023/1/1,0,0,0,0,1,1,0,0,1,0,0,0,0
1726,2023,C_1726_1406031.0,1406031,control,0,2023/1/9,2023,1,Male,Black,1964,37,5,1,5,15863.06085,1,0.941239022,2024/7/9,0,2023/1/1,2024/1/1,1,1,2991.808368,1,1,1,0,0,1,0,0,0,8.003967479
1726,2023,P_1726,,participant,1,2023/1/9,2023,1,Male,Black,1964,37,9,1,8,15591.4197,1,0,2024/7/9,0,2023/1/1,2024/1/1,1,1,2001.208126,1,1,1,0,0,1,0,1,1,7.602005914
1726,2024,C_1726_1406031.0,1406031,control,0,2023/1/9,2023,1,Male,Black,1964,37,5,1,5,15863.06085,1,0.941239022,2024/7/9,1,2024/1/1,2025/1/1,1,1,0,0,1,1,0,0,1,0,0,0,0
1726,2024,P_1726,,participant,1,2023/1/9,2023,1,Male,Black,1964,37,9,1,8,15591.4197,1,0,2024/7/9,1,2024/1/1,2025/1/1,1,1,0,0,1,1,0,0,1,0,1,1,0
1734,2020,C_1734_768719.0,768719,control,0,2022/12/19,2022,1,Male,Black,1995,20,2,1,2,0,0,0.751208349,2024/6/18,-2,2020/1/1,2021/1/1,0,0,0,0,1,1,0,0,1,0,0,0,0
1734,2020,P_1734,,participant,1,2022/12/19,2022,1,Male,Black,1995,20,3,1,1,0,0,0,2024/6/18,-2,2020/1/1,2021/1/1,0,0,0,0,1,1,0,0,1,0,0,0,0
1734,2021,C_1734_768719.0,768719,control,0,2022/12/19,2022,1,Male,Black,1995,20,2,1,2,0,0,0.751208349,2024/6/18,-1,2021/1/1,2022/1/1,0,0,0,0,1,1,0,0,1,0,0,0,0
1734,2021,P_1734,,participant,1,2022/12/19,2022,1,Male,Black,1995,20,3,1,1,0,0,0,2024/6/18,-1,2021/1/1,2022/1/1,0,0,0,0,1,1,0,0,1,0,0,0,0
1734,2022,C_1734_768719.0,768719,control,0,2022/12/19,2022,1,Male,Black,1995,20,2,1,2,0,0,0.751208349,2024/6/18,0,2022/1/1,2023/1/1,1,1,0,0,1,1,0,0,1,0,0,0,0
1734,2022,P_1734,,participant,1,2022/12/19,2022,1,Male,Black,1995,20,3,1,1,0,0,0,2024/6/18,0,2022/1/1,2023/1/1,1,1,0,0,1,1,0,0,1,0,1,1,0
1734,2023,C_1734_768719.0,768719,control,0,2022/12/19,2022,1,Male,Black,1995,20,2,1,2,0,0,0.751208349,2024/6/18,1,2023/1/1,2024/1/1,1,1,0,0,1,1,0,0,1,0,0,0,0
1734,2023,P_1734,,participant,1,2022/12/19,2022,1,Male,Black,1995,20,3,1,1,0,0,0,2024/6/18,1,2023/1/1,2024/1/1,1,1,0,0,1,1,0,0,1,0,1,1,0
1752,2021,C_1752_1397830.0,1397830,control,0,2023/1/17,2023,1,Female,Black,1988,23,1,0,1,10754.42361,1,0.732546407,2024/7/17,-2,2021/1/1,2022/1/1,0,0,0,0,1,1,0,0,1,0,0,0,0
1752,2021,P_1752,,participant,1,2023/1/17,2023,1,Female,Black,1988,23,0,0,1,11195.64776,1,0,2024/7/17,-2,2021/1/1,2022/1/1,0,0,0,0,1,1,0,0,1,0,0,0,0
1752,2022,C_1752_1397830.0,1397830,control,0,2023/1/17,2023,1,Female,Black,1988,23,1,0,1,10754.42361,1,0.732546407,2024/7/17,-1,2022/1/1,2023/1/1,0,0,0,0,1,1,0,0,1,0,0,0,0
1752,2022,P_1752,,participant,1,2023/1/17,2023,1,Female,Black,1988,23,0,0,1,11195.64776,1,0,2024/7/17,-1,2022/1/1,2023/1/1,0,0,0,0,1,1,0,0,1,0,0,0,0
1752,2023,C_1752_1397830.0,1397830,control,0,2023/1/17,2023,1,Female,Black,1988,23,1,0,1,10754.42361,1,0.732546407,2024/7/17,0,2023/1/1,2024/1/1,1,1,40586.16347,1,1,1,0,0,1,0,0,0,10.61120712
1752,2023,P_1752,,participant,1,2023/1/17,2023,1,Female,Black,1988,23,0,0,1,11195.64776,1,0,2024/7/17,0,2023/1/1,2024/1/1,1,1,61351.33068,1,1,1,0,0,1,0,1,1,11.02438844
1752,2024,C_1752_1397830.0,1397830,control,0,2023/1/17,2023,1,Female,Black,1988,23,1,0,1,10754.42361,1,0.732546407,2024/7/17,1,2024/1/1,2025/1/1,1,1,10255.10225,1,1,1,0,0,1,0,0,0,9.235628149
1752,2024,P_1752,,participant,1,2023/1/17,2023,1,Female,Black,1988,23,0,0,1,11195.64776,1,0,2024/7/17,1,2024/1/1,2025/1/1,1,1,30910.22804,1,1,1,0,0,1,0,1,1,10.33887476
1761,2021,C_1761_924202.0,924202,control,0,2023/1/30,2023,1,Male,Black,2000,20,1,0,1,954.1664213,1,0.279674152,2024/7/30,-2,2021/1/1,2022/1/1,0,0,0,0,1,1,0,0,1,0,0,0,0
1761,2021,P_1761,,participant,1,2023/1/30,2023,1,Male,Black,2000,20,1,0,1,2259.644054,1,0,2024/7/30,-2,2021/1/1,2022/1/1,0,0,0,0,1,1,0,0,1,0,0,0,0
1761,2022,C_1761_924202.0,924202,control,0,2023/1/30,2023,1,Male,Black,2000,20,1,0,1,954.1664213,1,0.279674152,2024/7/30,-1,2022/1/1,2023/1/1,0,0,0,0,1,1,0,0,1,0,0,0,0
1761,2022,P_1761,,participant,1,2023/1/30,2023,1,Male,Black,2000,20,1,0,1,2259.644054,1,0,2024/7/30,-1,2022/1/1,2023/1/1,0,0,0,0,1,1,0,0,1,0,0,0,0
1761,2023,C_1761_924202.0,924202,control,0,2023/1/30,2023,1,Male,Black,2000,20,1,0,1,954.1664213,1,0.279674152,2024/7/30,0,2023/1/1,2024/1/1,1,1,1950.122416,1,1,1,0,0,1,0,0,0,7.576160084
1761,2023,P_1761,,participant,1,2023/1/30,2023,1,Male,Black,2000,20,1,0,1,2259.644054,1,0,2024/7/30,0,2023/1/1,2024/1/1,1,1,43093.4979,1,1,1,0,0,1,0,1,1,10.67115061
1761,2024,C_1761_924202.0,924202,control,0,2023/1/30,2023,1,Male,Black,2000,20,1,0,1,954.1664213,1,0.279674152,2024/7/30,1,2024/1/1,2025/1/1,1,1,230.0120697,1,1,1,0,0,1,0,0,0,5.442469959
1761,2024,P_1761,,participant,1,2023/1/30,2023,1,Male,Black,2000,20,1,0,1,2259.644054,1,0,2024/7/30,1,2024/1/1,2025/1/1,1,1,26816.7081,1,1,1,0,0,1,0,1,1,10.1968177
1772,2021,C_1772_1341518.0,1341518,control,0,2023/2/13,2023,1,Male,Black,1987,19,4,0,4,0,1,0.315843676,2024/8/13,-2,2021/1/1,2022/1/1,0,0,0,0,1,1,0,0,1,0,0,0,0
1772,2021,P_1772,,participant,1,2023/2/13,2023,1,Male,Black,1987,19,3,0,5,0,1,0,2024/8/13,-2,2021/1/1,2022/1/1,0,0,0,0,1,1,0,0,1,0,0,0,0
1772,2022,C_1772_1341518.0,1341518,control,0,2023/2/13,2023,1,Male,Black,1987,19,4,0,4,0,1,0.315843676,2024/8/13,-1,2022/1/1,2023/1/1,0,0,0,0,1,1,0,0,1,0,0,0,0
1772,2022,P_1772,,participant,1,2023/2/13,2023,1,Male,Black,1987,19,3,0,5,0,1,0,2024/8/13,-1,2022/1/1,2023/1/1,0,0,0,0,1,1,0,0,1,0,0,0,0
1772,2023,C_1772_1341518.0,1341518,control,0,2023/2/13,2023,1,Male,Black,1987,19,4,0,4,0,1,0.315843676,2024/8/13,0,2023/1/1,2024/1/1,1,1,20785.51499,1,1,1,0,0,1,0,0,0,9.942059738
1772,2023,P_1772,,participant,1,2023/2/13,2023,1,Male,Black,1987,19,3,0,5,0,1,0,2024/8/13,0,2023/1/1,2024/1/1,1,1,852.8412111,1,1,1,0,0,1,0,1,1,6.749745241
1772,2024,C_1772_1341518.0,1341518,control,0,2023/2/13,2023,1,Male,Black,1987,19,4,0,4,0,1,0.315843676,2024/8/13,1,2024/1/1,2025/1/1,1,1,0,0,1,1,0,0,1,0,0,0,0
1772,2024,P_1772,,participant,1,2023/2/13,2023,1,Male,Black,1987,19,3,0,5,0,1,0,2024/8/13,1,2024/1/1,2025/1/1,1,1,0,0,1,1,0,0,1,0,1,1,0
1806,2021,C_1806_nan,,control,0,2023/4/3,2023,1,Male,Black,2000,,0,0,0,0,0,23660.0082,2024/10/1,-2,2021/1/1,2022/1/1,0,0,0,0,0,0,0,0,0,0,0,0,0
1806,2021,P_1806,,participant,1,2023/4/3,2023,1,Male,Black,2000,,0,0,0,23660.00818,1,0,2024/10/1,-2,2021/1/1,2022/1/1,0,0,0,0,0,0,0,0,0,0,0,0,0
1806,2022,C_1806_nan,,control,0,2023/4/3,2023,1,Male,Black,2000,,0,0,0,0,0,23660.0082,2024/10/1,-1,2022/1/1,2023/1/1,0,0,0,0,0,0,0,0,0,0,0,0,0
1806,2022,P_1806,,participant,1,2023/4/3,2023,1,Male,Black,2000,,0,0,0,23660.00818,1,0,2024/10/1,-1,2022/1/1,2023/1/1,0,0,0,0,0,0,0,0,0,0,0,0,0
1806,2023,C_1806_nan,,control,0,2023/4/3,2023,1,Male,Black,2000,,0,0,0,0,0,23660.0082,2024/10/1,0,2023/1/1,2024/1/1,1,1,0,0,0,0,0,0,0,0,0,0,0
1806,2023,P_1806,,participant,1,2023/4/3,2023,1,Male,Black,2000,,0,0,0,23660.00818,1,0,2024/10/1,0,2023/1/1,2024/1/1,1,1,31238.13349,1,0,0,0,0,0,0,1,1,10.34942687
1806,2024,C_1806_nan,,control,0,2023/4/3,2023,1,Male,Black,2000,,0,0,0,0,0,23660.0082,2024/10/1,1,2024/1/1,2025/1/1,1,1,0,0,0,0,0,0,0,0,0,0,0
1806,2024,P_1806,,participant,1,2023/4/3,2023,1,Male,Black,2000,,0,0,0,23660.00818,1,0,2024/10/1,1,2024/1/1,2025/1/1,1,1,34289.98008,1,0,1,1,1,0,0,1,1,10.44263763
1807,2021,C_1807_1373567.0,1373567,control,0,2023/4/3,2023,1,Male,Black,1986,20,4,0,4,3850.72884,1,0.522265695,2024/10/1,-2,2021/1/1,2022/1/1,0,0,0,0,1,1,0,0,1,0,0,0,0
1807,2021,P_1807,,participant,1,2023/4/3,2023,1,Male,Black,1986,20,3,0,6,6324.691889,1,0,2024/10/1,-2,2021/1/1,2022/1/1,0,0,0,0,1,1,0,0,1,0,0,0,0
1807,2022,C_1807_1373567.0,1373567,control,0,2023/4/3,2023,1,Male,Black,1986,20,4,0,4,3850.72884,1,0.522265695,2024/10/1,-1,2022/1/1,2023/1/1,0,0,0,0,1,1,0,0,1,0,0,0,0
1807,2022,P_1807,,participant,1,2023/4/3,2023,1,Male,Black,1986,20,3,0,6,6324.691889,1,0,2024/10/1,-1,2022/1/1,2023/1/1,0,0,0,0,1,1,0,0,1,0,0,0,0
1807,2023,C_1807_1373567.0,1373567,control,0,2023/4/3,2023,1,Male,Black,1986,20,4,0,4,3850.72884,1,0.522265695,2024/10/1,0,2023/1/1,2024/1/1,1,1,5406.858907,1,1,1,0,0,1,0,0,0,8.595608528
1807,2023,P_1807,,participant,1,2023/4/3,2023,1,Male,Black,1986,20,3,0,6,6324.691889,1,0,2024/10/1,0,2023/1/1,2024/1/1,1,1,0,0,1,1,0,0,1,0,1,1,0
1807,2024,C_1807_1373567.0,1373567,control,0,2023/4/3,2023,1,Male,Black,1986,20,4,0,4,3850.72884,1,0.522265695,2024/10/1,1,2024/1/1,2025/1/1,1,1,33309.15652,1,1,1,0,0,1,0,0,0,10.41361763
1807,2024,P_1807,,participant,1,2023/4/3,2023,1,Male,Black,1986,20,3,0,6,6324.691889,1,0,2024/10/1,1,2024/1/1,2025/1/1,1,1,18986.40446,1,1,1,0,0,1,0,1,1,9.851531115
1812,2021,C_1812_934757.0,934757,control,0,2023/4/10,2023,1,Male,Black,2003,18,1,0,1,2011.825898,1,0.945545998,2024/10/8,-2,2021/1/1,2022/1/1,0,0,0,0,0,0,0,0,1,0,0,0,0
1812,2021,P_1812,,participant,1,2023/4/10,2023,1,Male,Black,2003,18,0,0,1,2937.83827,1,0,2024/10/8,-2,2021/1/1,2022/1/1,0,0,0,0,0,0,0,0,1,0,0,0,0
1812,2022,C_1812_934757.0,934757,control,0,2023/4/10,2023,1,Male,Black,2003,18,1,0,1,2011.825898,1,0.945545998,2024/10/8,-1,2022/1/1,2023/1/1,0,0,0,0,0,1,0,0,1,0,0,0,0
1812,2022,P_1812,,participant,1,2023/4/10,2023,1,Male,Black,2003,18,0,0,1,2937.83827,1,0,2024/10/8,-1,2022/1/1,2023/1/1,0,0,0,0,0,1,0,0,1,0,0,0,0
1812,2023,C_1812_934757.0,934757,control,0,2023/4/10,2023,1,Male,Black,2003,18,1,0,1,2011.825898,1,0.945545998,2024/10/8,0,2023/1/1,2024/1/1,1,1,0,0,1,1,0,0,1,0,0,0,0
1812,2023,P_1812,,participant,1,2023/4/10,2023,1,Male,Black,2003,18,0,0,1,2937.83827,1,0,2024/10/8,0,2023/1/1,2024/1/1,1,1,6358.285298,1,1,1,0,0,1,0,1,1,8.757671276
1812,2024,C_1812_934757.0,934757,control,0,2023/4/10,2023,1,Male,Black,2003,18,1,0,1,2011.825898,1,0.945545998,2024/10/8,1,2024/1/1,2025/1/1,1,1,5191.363054,1,1,1,0,0,1,0,0,0,8.554944182
1812,2024,P_1812,,participant,1,2023/4/10,2023,1,Male,Black,2003,18,0,0,1,2937.83827,1,0,2024/10/8,1,2024/1/1,2025/1/1,1,1,2983.103366,1,1,1,0,0,1,0,1,1,8.001054601
1817,2021,C_1817_1600563.0,1600563,control,0,2023/4/10,2023,1,Male,Black,1992,18,7,1,7,0,1,0.727115526,2024/10/8,-2,2021/1/1,2022/1/1,0,0,0,0,1,1,0,0,1,0,0,0,0
1817,2021,P_1817,,participant,1,2023/4/10,2023,1,Male,Black,1992,18,9,1,5,0,1,0,2024/10/8,-2,2021/1/1,2022/1/1,0,0,0,0,1,1,0,0,1,0,0,0,0
1817,2022,C_1817_1600563.0,1600563,control,0,2023/4/10,2023,1,Male,Black,1992,18,7,1,7,0,1,0.727115526,2024/10/8,-1,2022/1/1,2023/1/1,0,0,0,0,1,1,0,0,1,0,0,0,0
1817,2022,P_1817,,participant,1,2023/4/10,2023,1,Male,Black,1992,18,9,1,5,0,1,0,2024/10/8,-1,2022/1/1,2023/1/1,0,0,0,0,1,1,0,0,1,0,0,0,0
1817,2023,C_1817_1600563.0,1600563,control,0,2023/4/10,2023,1,Male,Black,1992,18,7,1,7,0,1,0.727115526,2024/10/8,0,2023/1/1,2024/1/1,1,1,11207.19986,1,1,1,0,0,1,0,0,0,9.32440092
1817,2023,P_1817,,participant,1,2023/4/10,2023,1,Male,Black,1992,18,9,1,5,0,1,0,2024/10/8,0,2023/1/1,2024/1/1,1,1,12929.39718,1,1,1,0,0,1,0,1,1,9.467336189
1817,2024,C_1817_1600563.0,1600563,control,0,2023/4/10,2023,1,Male,Black,1992,18,7,1,7,0,1,0.727115526,2024/10/8,1,2024/1/1,2025/1/1,1,1,8415.928167,1,1,1,0,0,1,0,0,0,9.038000215
1817,2024,P_1817,,participant,1,2023/4/10,2023,1,Male,Black,1992,18,9,1,5,0,1,0,2024/10/8,1,2024/1/1,2025/1/1,1,1,2259.063142,1,1,1,0,0,1,0,1,1,7.723148031
1826,2021,C_1826_1323993.0,1323993,control,0,2023/4/24,2023,1,Female,Black,1969,46,1,0,1,0,0,1.732050808,2024/10/22,-2,2021/1/1,2022/1/1,0,0,0,0,1,1,0,0,1,0,0,0,0
1826,2021,P_1826,,participant,1,2023/4/24,2023,1,Female,Black,1969,46,1,0,1,0,1,0,2024/10/22,-2,2021/1/1,2022/1/1,0,0,0,0,1,1,0,0,1,0,0,0,0
1826,2022,C_1826_1323993.0,1323993,control,0,2023/4/24,2023,1,Female,Black,1969,46,1,0,1,0,0,1.732050808,2024/10/22,-1,2022/1/1,2023/1/1,0,0,0,0,1,1,0,0,1,0,0,0,0
1826,2022,P_1826,,participant,1,2023/4/24,2023,1,Female,Black,1969,46,1,0,1,0,1,0,2024/10/22,-1,2022/1/1,2023/1/1,0,0,0,0,1,1,0,0,1,0,0,0,0
1826,2023,C_1826_1323993.0,1323993,control,0,2023/4/24,2023,1,Female,Black,1969,46,1,0,1,0,0,1.732050808,2024/10/22,0,2023/1/1,2024/1/1,1,1,0,0,1,1,0,0,1,0,0,0,0
1826,2023,P_1826,,participant,1,2023/4/24,2023,1,Female,Black,1969,46,1,0,1,0,1,0,2024/10/22,0,2023/1/1,2024/1/1,1,1,5089.595651,1,1,1,0,0,1,0,1,1,8.535150126
1826,2024,C_1826_1323993.0,1323993,control,0,2023/4/24,2023,1,Female,Black,1969,46,1,0,1,0,0,1.732050808,2024/10/22,1,2024/1/1,2025/1/1,1,1,0,0,1,1,0,0,1,0,0,0,0
1826,2024,P_1826,,participant,1,2023/4/24,2023,1,Female,Black,1969,46,1,0,1,0,1,0,2024/10/22,1,2024/1/1,2025/1/1,1,1,17902.00313,1,1,1,0,0,1,0,1,1,9.79272375
1842,2021,C_1842_1055136.0,1055136,control,0,2023/5/15,2023,1,Male,Black,1978,19,1,0,1,0,0,1.802060676,2024/11/12,-2,2021/1/1,2022/1/1,0,0,0,0,1,1,0,0,1,0,0,0,0
1842,2021,P_1842,,participant,1,2023/5/15,2023,1,Male,Black,1978,19,3,1,3,0,0,0,2024/11/12,-2,2021/1/1,2022/1/1,0,0,0,0,1,1,0,0,1,0,0,0,0
1842,2022,C_1842_1055136.0,1055136,control,0,2023/5/15,2023,1,Male,Black,1978,19,1,0,1,0,0,1.802060676,2024/11/12,-1,2022/1/1,2023/1/1,0,0,0,0,1,1,0,0,1,0,0,0,0
1842,2022,P_1842,,participant,1,2023/5/15,2023,1,Male,Black,1978,19,3,1,3,0,0,0,2024/11/12,-1,2022/1/1,2023/1/1,0,0,0,0,1,1,0,0,1,0,0,0,0
1842,2023,C_1842_1055136.0,1055136,control,0,2023/5/15,2023,1,Male,Black,1978,19,1,0,1,0,0,1.802060676,2024/11/12,0,2023/1/1,2024/1/1,1,1,0,0,1,1,0,0,1,0,0,0,0
1842,2023,P_1842,,participant,1,2023/5/15,2023,1,Male,Black,1978,19,3,1,3,0,0,0,2024/11/12,0,2023/1/1,2024/1/1,1,1,0,0,1,1,0,0,1,0,1,1,0
1842,2024,C_1842_1055136.0,1055136,control,0,2023/5/15,2023,1,Male,Black,1978,19,1,0,1,0,0,1.802060676,2024/11/12,1,2024/1/1,2025/1/1,1,1,0,0,1,1,0,0,1,0,0,0,0
1842,2024,P_1842,,participant,1,2023/5/15,2023,1,Male,Black,1978,19,3,1,3,0,0,0,2024/11/12,1,2024/1/1,2025/1/1,1,1,23535.96104,1,1,1,0,0,1,0,1,1,10.06632727
1852,2021,C_1852_940281.0,940281,control,0,2023/5/30,2023,1,Male,Black,2004,18,2,0,2,1158.119494,0,6.557502156,2024/11/27,-2,2021/1/1,2022/1/1,0,0,0,0,0,0,0,0,1,0,0,0,0
1852,2021,P_1852,,participant,1,2023/5/30,2023,1,Male,Black,2004,18,0,0,1,3251.616587,1,0,2024/11/27,-2,2021/1/1,2022/1/1,0,0,0,0,0,0,0,0,1,0,0,0,0
1852,2022,C_1852_940281.0,940281,control,0,2023/5/30,2023,1,Male,Black,2004,18,2,0,2,1158.119494,0,6.557502156,2024/11/27,-1,2022/1/1,2023/1/1,0,0,0,0,0,1,0,0,1,0,0,0,0
1852,2022,P_1852,,participant,1,2023/5/30,2023,1,Male,Black,2004,18,0,0,1,3251.616587,1,0,2024/11/27,-1,2022/1/1,2023/1/1,0,0,0,0,0,1,0,0,1,0,0,0,0
1852,2023,C_1852_940281.0,940281,control,0,2023/5/30,2023,1,Male,Black,2004,18,2,0,2,1158.119494,0,6.557502156,2024/11/27,0,2023/1/1,2024/1/1,1,1,0,0,1,1,0,0,1,0,0,0,0
1852,2023,P_1852,,participant,1,2023/5/30,2023,1,Male,Black,2004,18,0,0,1,3251.616587,1,0,2024/11/27,0,2023/1/1,2024/1/1,1,1,3143.421807,1,1,1,0,0,1,0,1,1,8.053385307
1852,2024,C_1852_940281.0,940281,control,0,2023/5/30,2023,1,Male,Black,2004,18,2,0,2,1158.119494,0,6.557502156,2024/11/27,1,2024/1/1,2025/1/1,1,1,0,0,1,1,0,0,1,0,0,0,0
1852,2024,P_1852,,participant,1,2023/5/30,2023,1,Male,Black,2004,18,0,0,1,3251.616587,1,0,2024/11/27,1,2024/1/1,2025/1/1,1,1,8038.506424,1,1,1,0,0,1,0,1,1,8.99212297
1861,2021,C_1861_225938.0,225938,control,0,2023/9/5,2023,1,Male,Black,1982,34,3,0,3,0,1,1.588124255,2025/3/5,-2,2021/1/1,2022/1/1,0,0,0,0,1,1,0,0,1,0,0,0,0
1861,2021,P_1861,,participant,1,2023/9/5,2023,1,Male,Black,1982,34,5,0,2,68.54060171,1,0,2025/3/5,-2,2021/1/1,2022/1/1,0,0,0,0,1,1,0,0,1,0,0,0,0
1861,2022,C_1861_225938.0,225938,control,0,2023/9/5,2023,1,Male,Black,1982,34,3,0,3,0,1,1.588124255,2025/3/5,-1,2022/1/1,2023/1/1,0,0,0,0,1,1,0,0,1,0,0,0,0
1861,2022,P_1861,,participant,1,2023/9/5,2023,1,Male,Black,1982,34,5,0,2,68.54060171,1,0,2025/3/5,-1,2022/1/1,2023/1/1,0,0,0,0,1,1,0,0,1,0,0,0,0
1861,2023,C_1861_225938.0,225938,control,0,2023/9/5,2023,1,Male,Black,1982,34,3,0,3,0,1,1.588124255,2025/3/5,0,2023/1/1,2024/1/1,1,1,0,0,1,1,0,0,1,0,0,0,0
1861,2023,P_1861,,participant,1,2023/9/5,2023,1,Male,Black,1982,34,5,0,2,68.54060171,1,0,2025/3/5,0,2023/1/1,2024/1/1,1,1,14.78994347,1,1,1,0,0,1,0,1,1,2.759373248
1861,2024,C_1861_225938.0,225938,control,0,2023/9/5,2023,1,Male,Black,1982,34,3,0,3,0,1,1.588124255,2025/3/5,1,2024/1/1,2025/1/1,1,1,0,0,1,1,0,0,1,0,0,0,0
1861,2024,P_1861,,participant,1,2023/9/5,2023,1,Male,Black,1982,34,5,0,2,68.54060171,1,0,2025/3/5,1,2024/1/1,2025/1/1,1,1,0,0,1,1,0,0,1,0,1,1,0
1873,2021,C_1873_934642.0,934642,control,0,2023/8/7,2023,1,Male,Black,2001,20,4,1,4,3304.006912,1,2.618424127,2025/2/4,-2,2021/1/1,2022/1/1,0,0,0,0,0,1,0,0,1,0,0,0,0
1873,2021,P_1873,,participant,1,2023/8/7,2023,1,Male,Black,2001,20,6,1,3,0,1,0,2025/2/4,-2,2021/1/1,2022/1/1,0,0,0,0,0,0,0,0,1,0,0,0,0
1873,2022,C_1873_934642.0,934642,control,0,2023/8/7,2023,1,Male,Black,2001,20,4,1,4,3304.006912,1,2.618424127,2025/2/4,-1,2022/1/1,2023/1/1,0,0,0,0,1,1,0,0,1,0,0,0,0
1873,2022,P_1873,,participant,1,2023/8/7,2023,1,Male,Black,2001,20,6,1,3,0,1,0,2025/2/4,-1,2022/1/1,2023/1/1,0,0,0,0,0,1,0,0,1,0,0,0,0
1873,2023,C_1873_934642.0,934642,control,0,2023/8/7,2023,1,Male,Black,2001,20,4,1,4,3304.006912,1,2.618424127,2025/2/4,0,2023/1/1,2024/1/1,1,1,0,0,1,1,0,0,1,0,0,0,0
1873,2023,P_1873,,participant,1,2023/8/7,2023,1,Male,Black,2001,20,6,1,3,0,1,0,2025/2/4,0,2023/1/1,2024/1/1,1,1,16490.87537,1,1,1,0,0,1,0,1,1,9.710623137
1873,2024,C_1873_934642.0,934642,control,0,2023/8/7,2023,1,Male,Black,2001,20,4,1,4,3304.006912,1,2.618424127,2025/2/4,1,2024/1/1,2025/1/1,1,1,0,0,1,1,0,0,1,0,0,0,0
1873,2024,P_1873,,participant,1,2023/8/7,2023,1,Male,Black,2001,20,6,1,3,0,1,0,2025/2/4,1,2024/1/1,2025/1/1,1,1,16148.32653,1,1,1,0,0,1,0,1,1,9.689633627
1875,2021,C_1875_1692524.0,1692524,control,0,2023/7/5,2023,1,Male,Black,1982,20,14,1,14,2598.460077,1,2.435636364,2025/1/2,-2,2021/1/1,2022/1/1,0,0,0,0,1,1,0,0,1,0,0,0,0
1875,2021,P_1875,,participant,1,2023/7/5,2023,1,Male,Black,1982,20,23,1,8,0,1,0,2025/1/2,-2,2021/1/1,2022/1/1,0,0,0,0,1,1,0,0,1,0,0,0,0
1875,2022,C_1875_1692524.0,1692524,control,0,2023/7/5,2023,1,Male,Black,1982,20,14,1,14,2598.460077,1,2.435636364,2025/1/2,-1,2022/1/1,2023/1/1,0,0,0,0,1,1,0,0,1,0,0,0,0
1875,2022,P_1875,,participant,1,2023/7/5,2023,1,Male,Black,1982,20,23,1,8,0,1,0,2025/1/2,-1,2022/1/1,2023/1/1,0,0,0,0,1,1,0,0,1,0,0,0,0
1875,2023,C_1875_1692524.0,1692524,control,0,2023/7/5,2023,1,Male,Black,1982,20,14,1,14,2598.460077,1,2.435636364,2025/1/2,0,2023/1/1,2024/1/1,1,1,13759.05354,1,1,1,0,0,1,0,0,0,9.529525002
1875,2023,P_1875,,participant,1,2023/7/5,2023,1,Male,Black,1982,20,23,1,8,0,1,0,2025/1/2,0,2023/1/1,2024/1/1,1,1,0,0,1,1,1,1,1,1,1,1,0
1875,2024,C_1875_1692524.0,1692524,control,0,2023/7/5,2023,1,Male,Black,1982,20,14,1,14,2598.460077,1,2.435636364,2025/1/2,1,2024/1/1,2025/1/1,1,1,11120.97077,1,1,1,0,0,1,0,0,0,9.31667778
1875,2024,P_1875,,participant,1,2023/7/5,2023,1,Male,Black,1982,20,23,1,8,0,1,0,2025/1/2,1,2024/1/1,2025/1/1,1,1,963.1628,1,1,1,0,0,1,0,1,1,6.87126016
1879,2021,C_1879_164761.0,164761,control,0,2023/7/5,2023,1,Male,Black,1980,36,1,1,1,0,0,2.199532829,2025/1/2,-2,2021/1/1,2022/1/1,0,0,0,0,1,1,0,0,1,0,0,0,0
1879,2021,P_1879,,participant,1,2023/7/5,2023,1,Male,Black,1980,36,4,1,1,0,0,0,2025/1/2,-2,2021/1/1,2022/1/1,0,0,0,0,1,1,0,0,1,0,0,0,0
1879,2022,C_1879_164761.0,164761,control,0,2023/7/5,2023,1,Male,Black,1980,36,1,1,1,0,0,2.199532829,2025/1/2,-1,2022/1/1,2023/1/1,0,0,0,0,1,1,0,0,1,0,0,0,0
1879,2022,P_1879,,participant,1,2023/7/5,2023,1,Male,Black,1980,36,4,1,1,0,0,0,2025/1/2,-1,2022/1/1,2023/1/1,0,0,0,0,1,1,0,0,1,0,0,0,0
1879,2023,C_1879_164761.0,164761,control,0,2023/7/5,2023,1,Male,Black,1980,36,1,1,1,0,0,2.199532829,2025/1/2,0,2023/1/1,2024/1/1,1,1,0,0,1,1,0,0,1,0,0,0,0
1879,2023,P_1879,,participant,1,2023/7/5,2023,1,Male,Black,1980,36,4,1,1,0,0,0,2025/1/2,0,2023/1/1,2024/1/1,1,1,0,0,1,1,0,0,1,0,1,1,0
1879,2024,C_1879_164761.0,164761,control,0,2023/7/5,2023,1,Male,Black,1980,36,1,1,1,0,0,2.199532829,2025/1/2,1,2024/1/1,2025/1/1,1,1,4111.043098,1,1,1,0,0,1,0,0,0,8.321675288
1879,2024,P_1879,,participant,1,2023/7/5,2023,1,Male,Black,1980,36,4,1,1,0,0,0,2025/1/2,1,2024/1/1,2025/1/1,1,1,31846.21362,1,1,1,0,0,1,0,1,1,10.36870517
1888,2021,C_1888_171789.0,171789,control,0,2023/7/17,2023,1,Male,Black,1981,38,3,1,3,0,0,1.802775638,2025/1/14,-2,2021/1/1,2022/1/1,0,0,0,0,1,1,0,0,1,0,0,0,0
1888,2021,P_1888,,participant,1,2023/7/17,2023,1,Male,Black,1981,38,4,1,1,0,0,0,2025/1/14,-2,2021/1/1,2022/1/1,0,0,0,0,1,1,0,0,1,0,0,0,0
1888,2022,C_1888_171789.0,171789,control,0,2023/7/17,2023,1,Male,Black,1981,38,3,1,3,0,0,1.802775638,2025/1/14,-1,2022/1/1,2023/1/1,0,0,0,0,1,1,0,0,1,0,0,0,0
1888,2022,P_1888,,participant,1,2023/7/17,2023,1,Male,Black,1981,38,4,1,1,0,0,0,2025/1/14,-1,2022/1/1,2023/1/1,0,0,0,0,1,1,0,0,1,0,0,0,0
1888,2023,C_1888_171789.0,171789,control,0,2023/7/17,2023,1,Male,Black,1981,38,3,1,3,0,0,1.802775638,2025/1/14,0,2023/1/1,2024/1/1,1,1,0,0,1,1,0,0,1,0,0,0,0
1888,2023,P_1888,,participant,1,2023/7/17,2023,1,Male,Black,1981,38,4,1,1,0,0,0,2025/1/14,0,2023/1/1,2024/1/1,1,1,0,0,1,1,0,0,1,0,1,1,0
1888,2024,C_1888_171789.0,171789,control,0,2023/7/17,2023,1,Male,Black,1981,38,3,1,3,0,0,1.802775638,2025/1/14,1,2024/1/1,2025/1/1,1,1,0,0,1,1,0,0,1,0,0,0,0
1888,2024,P_1888,,participant,1,2023/7/17,2023,1,Male,Black,1981,38,4,1,1,0,0,0,2025/1/14,1,2024/1/1,2025/1/1,1,1,0,0,1,1,0,0,1,0,1,1,0
1889,2022,C_1889_1397898.0,1397898,control,0,2024/5/6,2024,1,Male,Black,1995,18,8,1,8,21595.04361,1,0.290855085,2025/11/4,-2,2022/1/1,2023/1/1,0,0,0,0,1,1,0,0,1,0,0,0,0
1889,2022,P_1889,,participant,1,2024/5/6,2024,1,Male,Black,1995,18,8,1,7,19913.98902,1,0,2025/11/4,-2,2022/1/1,2023/1/1,0,0,0,0,1,1,0,0,1,0,0,0,0
1889,2023,C_1889_1397898.0,1397898,control,0,2024/5/6,2024,1,Male,Black,1995,18,8,1,8,21595.04361,1,0.290855085,2025/11/4,-1,2023/1/1,2024/1/1,0,0,0,0,1,1,0,0,1,0,0,0,0
1889,2023,P_1889,,participant,1,2024/5/6,2024,1,Male,Black,1995,18,8,1,7,19913.98902,1,0,2025/11/4,-1,2023/1/1,2024/1/1,0,0,0,0,1,1,0,0,1,0,0,0,0
1889,2024,C_1889_1397898.0,1397898,control,0,2024/5/6,2024,1,Male,Black,1995,18,8,1,8,21595.04361,1,0.290855085,2025/11/4,0,2024/1/1,2025/1/1,1,1,3932.896959,1,1,1,0,0,1,0,0,0,8.277385806
1889,2024,P_1889,,participant,1,2024/5/6,2024,1,Male,Black,1995,18,8,1,7,19913.98902,1,0,2025/11/4,0,2024/1/1,2025/1/1,1,1,0,0,1,1,0,0,1,0,1,1,0
1889,2025,C_1889_1397898.0,1397898,control,0,2024/5/6,2024,1,Male,Black,1995,18,8,1,8,21595.04361,1,0.290855085,2025/11/4,1,2025/1/1,2026/1/1,1,1,0,0,1,1,0,0,1,0,0,0,0
1889,2025,P_1889,,participant,1,2024/5/6,2024,1,Male,Black,1995,18,8,1,7,19913.98902,1,0,2025/11/4,1,2025/1/1,2026/1/1,1,1,0,0,1,1,0,0,1,0,1,1,0
1903,2021,C_1903_nan,,control,0,2023/7/31,2023,1,Male,Black,2000,,0,0,0,0,0,5721.861672,2025/1/28,-2,2021/1/1,2022/1/1,0,0,0,0,0,0,0,0,0,0,0,0,0
1903,2021,P_1903,,participant,1,2023/7/31,2023,1,Male,Black,2000,,0,0,0,5721.861585,1,0,2025/1/28,-2,2021/1/1,2022/1/1,0,0,0,0,0,0,0,0,0,0,0,0,0
1903,2022,C_1903_nan,,control,0,2023/7/31,2023,1,Male,Black,2000,,0,0,0,0,0,5721.861672,2025/1/28,-1,2022/1/1,2023/1/1,0,0,0,0,0,0,0,0,0,0,0,0,0
1903,2022,P_1903,,participant,1,2023/7/31,2023,1,Male,Black,2000,,0,0,0,5721.861585,1,0,2025/1/28,-1,2022/1/1,2023/1/1,0,0,0,0,0,0,0,0,0,0,0,0,0
1903,2023,C_1903_nan,,control,0,2023/7/31,2023,1,Male,Black,2000,,0,0,0,0,0,5721.861672,2025/1/28,0,2023/1/1,2024/1/1,1,1,0,0,0,0,0,0,0,0,0,0,0
1903,2023,P_1903,,participant,1,2023/7/31,2023,1,Male,Black,2000,,0,0,0,5721.861585,1,0,2025/1/28,0,2023/1/1,2024/1/1,1,1,9753.321534,1,0,0,0,0,0,0,1,1,9.1854657
1903,2024,C_1903_nan,,control,0,2023/7/31,2023,1,Male,Black,2000,,0,0,0,0,0,5721.861672,2025/1/28,1,2024/1/1,2025/1/1,1,1,0,0,0,0,0,0,0,0,0,0,0
1903,2024,P_1903,,participant,1,2023/7/31,2023,1,Male,Black,2000,,0,0,0,5721.861585,1,0,2025/1/28,1,2024/1/1,2025/1/1,1,1,20337.49163,1,0,0,0,0,0,0,1,1,9.920270509
1910,2021,C_1910_1208302.0,1208302,control,0,2023/8/14,2023,1,Male,Black,1993,18,11,1,11,0,1,2.728336038,2025/2/11,-2,2021/1/1,2022/1/1,0,0,0,0,1,1,0,0,1,0,0,0,0
1910,2021,P_1910,,participant,1,2023/8/14,2023,1,Male,Black,1993,18,19,1,3,0,1,0,2025/2/11,-2,2021/1/1,2022/1/1,0,0,0,0,1,1,0,0,1,0,0,0,0
1910,2022,C_1910_1208302.0,1208302,control,0,2023/8/14,2023,1,Male,Black,1993,18,11,1,11,0,1,2.728336038,2025/2/11,-1,2022/1/1,2023/1/1,0,0,0,0,1,1,0,0,1,0,0,0,0
1910,2022,P_1910,,participant,1,2023/8/14,2023,1,Male,Black,1993,18,19,1,3,0,1,0,2025/2/11,-1,2022/1/1,2023/1/1,0,0,0,0,1,1,0,0,1,0,0,0,0
1910,2023,C_1910_1208302.0,1208302,control,0,2023/8/14,2023,1,Male,Black,1993,18,11,1,11,0,1,2.728336038,2025/2/11,0,2023/1/1,2024/1/1,1,1,0,0,1,1,0,0,1,0,0,0,0
1910,2023,P_1910,,participant,1,2023/8/14,2023,1,Male,Black,1993,18,19,1,3,0,1,0,2025/2/11,0,2023/1/1,2024/1/1,1,1,160.5765291,1,1,1,0,0,1,0,1,1,5.084978895
1910,2024,C_1910_1208302.0,1208302,control,0,2023/8/14,2023,1,Male,Black,1993,18,11,1,11,0,1,2.728336038,2025/2/11,1,2024/1/1,2025/1/1,1,1,0,0,1,1,0,0,1,0,0,0,0
1910,2024,P_1910,,participant,1,2023/8/14,2023,1,Male,Black,1993,18,19,1,3,0,1,0,2025/2/11,1,2024/1/1,2025/1/1,1,1,5202.451821,1,1,1,0,0,1,0,1,1,8.557077496
1920,2021,C_1920_1457938.0,1457938,control,0,2023/8/21,2023,1,Female,Black,1994,18,1,0,1,17713.2222,1,0.764789688,2025/2/18,-2,2021/1/1,2022/1/1,0,0,0,0,1,1,0,0,1,0,0,0,0
1920,2021,P_1920,,participant,1,2023/8/21,2023,1,Female,Black,1994,18,0,0,1,22820.37015,1,0,2025/2/18,-2,2021/1/1,2022/1/1,0,0,0,0,0,0,0,0,1,0,0,0,0
1920,2022,C_1920_1457938.0,1457938,control,0,2023/8/21,2023,1,Female,Black,1994,18,1,0,1,17713.2222,1,0.764789688,2025/2/18,-1,2022/1/1,2023/1/1,0,0,0,0,1,1,0,0,1,0,0,0,0
1920,2022,P_1920,,participant,1,2023/8/21,2023,1,Female,Black,1994,18,0,0,1,22820.37015,1,0,2025/2/18,-1,2022/1/1,2023/1/1,0,0,0,0,0,1,0,0,1,0,0,0,0
1920,2023,C_1920_1457938.0,1457938,control,0,2023/8/21,2023,1,Female,Black,1994,18,1,0,1,17713.2222,1,0.764789688,2025/2/18,0,2023/1/1,2024/1/1,1,1,5234.244535,1,1,1,0,0,1,0,0,0,8.563168834
1920,2023,P_1920,,participant,1,2023/8/21,2023,1,Female,Black,1994,18,0,0,1,22820.37015,1,0,2025/2/18,0,2023/1/1,2024/1/1,1,1,4249.843024,1,1,1,0,0,1,0,1,1,8.354872601
1920,2024,C_1920_1457938.0,1457938,control,0,2023/8/21,2023,1,Female,Black,1994,18,1,0,1,17713.2222,1,0.764789688,2025/2/18,1,2024/1/1,2025/1/1,1,1,5784.201532,1,1,1,0,0,1,0,0,0,8.663058476
1920,2024,P_1920,,participant,1,2023/8/21,2023,1,Female,Black,1994,18,0,0,1,22820.37015,1,0,2025/2/18,1,2024/1/1,2025/1/1,1,1,17156.43093,1,1,1,0,0,1,0,1,1,9.750186649
1929,2021,C_1929_927046.0,927046,control,0,2023/9/5,2023,1,Male,Black,1994,27,3,0,3,19737.43746,1,2.516142114,2025/3/5,-2,2021/1/1,2022/1/1,0,0,0,0,0,1,0,0,1,0,0,0,0
1929,2021,P_1929,,participant,1,2023/9/5,2023,1,Male,Black,1994,27,2,0,4,2811.717533,1,0,2025/3/5,-2,2021/1/1,2022/1/1,0,0,0,0,1,1,0,0,1,0,0,0,0
1929,2022,C_1929_927046.0,927046,control,0,2023/9/5,2023,1,Male,Black,1994,27,3,0,3,19737.43746,1,2.516142114,2025/3/5,-1,2022/1/1,2023/1/1,0,0,0,0,1,1,0,0,1,0,0,0,0
1929,2022,P_1929,,participant,1,2023/9/5,2023,1,Male,Black,1994,27,2,0,4,2811.717533,1,0,2025/3/5,-1,2022/1/1,2023/1/1,0,0,0,0,1,1,0,0,1,0,0,0,0
1929,2023,C_1929_927046.0,927046,control,0,2023/9/5,2023,1,Male,Black,1994,27,3,0,3,19737.43746,1,2.516142114,2025/3/5,0,2023/1/1,2024/1/1,1,1,8619.199862,1,1,1,0,0,1,0,0,0,9.061863549
1929,2023,P_1929,,participant,1,2023/9/5,2023,1,Male,Black,1994,27,2,0,4,2811.717533,1,0,2025/3/5,0,2023/1/1,2024/1/1,1,1,0,0,1,1,0,0,1,0,1,1,0
1929,2024,C_1929_927046.0,927046,control,0,2023/9/5,2023,1,Male,Black,1994,27,3,0,3,19737.43746,1,2.516142114,2025/3/5,1,2024/1/1,2025/1/1,1,1,28666.52488,1,1,1,0,0,1,0,0,0,10.26352022
1929,2024,P_1929,,participant,1,2023/9/5,2023,1,Male,Black,1994,27,2,0,4,2811.717533,1,0,2025/3/5,1,2024/1/1,2025/1/1,1,1,8234.419326,1,1,1,0,0,1,0,1,1,9.016199561
1943,2021,C_1943_1059110.0,1059110,control,0,2023/9/25,2023,1,Male,Black,1994,19,2,1,2,23721.41839,1,0.370999003,2025/3/25,-2,2021/1/1,2022/1/1,0,0,0,0,1,1,0,0,1,0,0,0,0
1943,2021,P_1943,,participant,1,2023/9/25,2023,1,Male,Black,1994,19,1,1,2,27192.69199,1,0,2025/3/25,-2,2021/1/1,2022/1/1,0,0,0,0,1,1,0,0,1,0,0,0,0
1943,2022,C_1943_1059110.0,1059110,control,0,2023/9/25,2023,1,Male,Black,1994,19,2,1,2,23721.41839,1,0.370999003,2025/3/25,-1,2022/1/1,2023/1/1,0,0,0,0,1,1,0,0,1,0,0,0,0
1943,2022,P_1943,,participant,1,2023/9/25,2023,1,Male,Black,1994,19,1,1,2,27192.69199,1,0,2025/3/25,-1,2022/1/1,2023/1/1,0,0,0,0,1,1,0,0,1,0,0,0,0
1943,2023,C_1943_1059110.0,1059110,control,0,2023/9/25,2023,1,Male,Black,1994,19,2,1,2,23721.41839,1,0.370999003,2025/3/25,0,2023/1/1,2024/1/1,1,1,18061.70383,1,1,1,0,0,1,0,0,0,9.801604529
1943,2023,P_1943,,participant,1,2023/9/25,2023,1,Male,Black,1994,19,1,1,2,27192.69199,1,0,2025/3/25,0,2023/1/1,2024/1/1,1,1,8656.790462,1,1,1,0,0,1,0,1,1,9.066214826
1943,2024,C_1943_1059110.0,1059110,control,0,2023/9/25,2023,1,Male,Black,1994,19,2,1,2,23721.41839,1,0.370999003,2025/3/25,1,2024/1/1,2025/1/1,1,1,8116.049832,1,1,1,0,0,1,0,0,0,9.001722046
1943,2024,P_1943,,participant,1,2023/9/25,2023,1,Male,Black,1994,19,1,1,2,27192.69199,1,0,2025/3/25,1,2024/1/1,2025/1/1,1,1,16507.7835,1,1,1,1,1,1,1,1,1,9.711647851
1945,2021,C_1945_nan,,control,0,2023/10/3,2023,1,Male,Black,2000,,0,0,0,0,0,25020.4997,2025/4/2,-2,2021/1/1,2022/1/1,0,0,0,0,0,0,0,0,0,0,0,0,0
1945,2021,P_1945,,participant,1,2023/10/3,2023,1,Male,Black,2000,,0,0,0,25020.49968,1,0,2025/4/2,-2,2021/1/1,2022/1/1,0,0,0,0,0,0,0,0,0,0,0,0,0
1945,2022,C_1945_nan,,control,0,2023/10/3,2023,1,Male,Black,2000,,0,0,0,0,0,25020.4997,2025/4/2,-1,2022/1/1,2023/1/1,0,0,0,0,0,0,0,0,0,0,0,0,0
1945,2022,P_1945,,participant,1,2023/10/3,2023,1,Male,Black,2000,,0,0,0,25020.49968,1,0,2025/4/2,-1,2022/1/1,2023/1/1,0,0,0,0,0,0,0,0,0,0,0,0,0
1945,2023,C_1945_nan,,control,0,2023/10/3,2023,1,Male,Black,2000,,0,0,0,0,0,25020.4997,2025/4/2,0,2023/1/1,2024/1/1,1,1,0,0,0,0,0,0,0,0,0,0,0
1945,2023,P_1945,,participant,1,2023/10/3,2023,1,Male,Black,2000,,0,0,0,25020.49968,1,0,2025/4/2,0,2023/1/1,2024/1/1,1,1,5657.153378,1,0,0,0,0,0,0,1,1,8.64085286
1945,2024,C_1945_nan,,control,0,2023/10/3,2023,1,Male,Black,2000,,0,0,0,0,0,25020.4997,2025/4/2,1,2024/1/1,2025/1/1,1,1,0,0,0,0,0,0,0,0,0,0,0
1945,2024,P_1945,,participant,1,2023/10/3,2023,1,Male,Black,2000,,0,0,0,25020.49968,1,0,2025/4/2,1,2024/1/1,2025/1/1,1,1,8951.886664,1,0,0,0,0,0,0,1,1,9.099731292
1966,2021,C_1966_166825.0,166825,control,0,2023/10/30,2023,1,Male,Black,1981,39,4,1,4,0,0,2.33265858,2025/4/29,-2,2021/1/1,2022/1/1,0,0,0,0,0,1,0,0,1,0,0,0,0
1966,2021,P_1966,,participant,1,2023/10/30,2023,1,Male,Black,1981,39,5,0,3,0,0,0,2025/4/29,-2,2021/1/1,2022/1/1,0,0,0,0,1,1,0,0,1,0,0,0,0
1966,2022,C_1966_166825.0,166825,control,0,2023/10/30,2023,1,Male,Black,1981,39,4,1,4,0,0,2.33265858,2025/4/29,-1,2022/1/1,2023/1/1,0,0,0,0,1,1,0,0,1,0,0,0,0
1966,2022,P_1966,,participant,1,2023/10/30,2023,1,Male,Black,1981,39,5,0,3,0,0,0,2025/4/29,-1,2022/1/1,2023/1/1,0,0,0,0,1,1,0,0,1,0,0,0,0
1966,2023,C_1966_166825.0,166825,control,0,2023/10/30,2023,1,Male,Black,1981,39,4,1,4,0,0,2.33265858,2025/4/29,0,2023/1/1,2024/1/1,1,1,0,0,1,1,0,0,1,0,0,0,0
1966,2023,P_1966,,participant,1,2023/10/30,2023,1,Male,Black,1981,39,5,0,3,0,0,0,2025/4/29,0,2023/1/1,2024/1/1,1,1,638.0804183,1,1,1,0,0,1,0,1,1,6.460030297
1966,2024,C_1966_166825.0,166825,control,0,2023/10/30,2023,1,Male,Black,1981,39,4,1,4,0,0,2.33265858,2025/4/29,1,2024/1/1,2025/1/1,1,1,0,0,1,1,0,0,1,0,0,0,0
1966,2024,P_1966,,participant,1,2023/10/30,2023,1,Male,Black,1981,39,5,0,3,0,0,0,2025/4/29,1,2024/1/1,2025/1/1,1,1,2171.551496,1,1,1,0,0,1,0,1,1,7.683657561
1969,2022,C_1969_919433.0,919433,control,0,2024/3/25,2024,1,Male,Black,2003,18,2,0,2,0,0,2.601270236,2025/9/23,-2,2022/1/1,2023/1/1,0,0,0,0,1,1,0,0,1,0,0,0,0
1969,2022,P_1969,,participant,1,2024/3/25,2024,1,Male,Black,2003,18,0,0,4,581.6690775,0,0,2025/9/23,-2,2022/1/1,2023/1/1,0,0,0,0,1,1,0,0,1,0,0,0,0
1969,2023,C_1969_919433.0,919433,control,0,2024/3/25,2024,1,Male,Black,2003,18,2,0,2,0,0,2.601270236,2025/9/23,-1,2023/1/1,2024/1/1,0,0,0,0,1,1,0,0,1,0,0,0,0
1969,2023,P_1969,,participant,1,2024/3/25,2024,1,Male,Black,2003,18,0,0,4,581.6690775,0,0,2025/9/23,-1,2023/1/1,2024/1/1,0,0,0,0,1,1,0,0,1,0,0,0,0
1969,2024,C_1969_919433.0,919433,control,0,2024/3/25,2024,1,Male,Black,2003,18,2,0,2,0,0,2.601270236,2025/9/23,0,2024/1/1,2025/1/1,1,1,0,0,1,1,0,0,1,0,0,0,0
1969,2024,P_1969,,participant,1,2024/3/25,2024,1,Male,Black,2003,18,0,0,4,581.6690775,0,0,2025/9/23,0,2024/1/1,2025/1/1,1,1,242.0517968,1,1,1,1,1,1,1,1,1,5.493274576
1969,2025,C_1969_919433.0,919433,control,0,2024/3/25,2024,1,Male,Black,2003,18,2,0,2,0,0,2.601270236,2025/9/23,1,2025/1/1,2026/1/1,1,1,0,0,1,1,0,0,1,0,0,0,0
1969,2025,P_1969,,participant,1,2024/3/25,2024,1,Male,Black,2003,18,0,0,4,581.6690775,0,0,2025/9/23,1,2025/1/1,2026/1/1,1,1,0,0,1,1,0,0,1,0,1,1,0
1977,2021,C_1977_955475.0,955475,control,0,2023/11/13,2023,1,Male,Black,2000,22,1,0,1,6192.298189,1,1.077474497,2025/5/13,-2,2021/1/1,2022/1/1,0,0,0,0,0,0,0,0,1,0,0,0,0
1977,2021,P_1977,,participant,1,2023/11/13,2023,1,Male,Black,2000,22,0,0,1,0,1,0,2025/5/13,-2,2021/1/1,2022/1/1,0,0,0,0,0,0,0,0,1,0,0,0,0
1977,2022,C_1977_955475.0,955475,control,0,2023/11/13,2023,1,Male,Black,2000,22,1,0,1,6192.298189,1,1.077474497,2025/5/13,-1,2022/1/1,2023/1/1,0,0,0,0,0,1,0,0,1,0,0,0,0
1977,2022,P_1977,,participant,1,2023/11/13,2023,1,Male,Black,2000,22,0,0,1,0,1,0,2025/5/13,-1,2022/1/1,2023/1/1,0,0,0,0,0,0,0,0,1,0,0,0,0
1977,2023,C_1977_955475.0,955475,control,0,2023/11/13,2023,1,Male,Black,2000,22,1,0,1,6192.298189,1,1.077474497,2025/5/13,0,2023/1/1,2024/1/1,1,1,2116.018341,1,1,1,0,0,1,0,0,0,7.657763935
1977,2023,P_1977,,participant,1,2023/11/13,2023,1,Male,Black,2000,22,0,0,1,0,1,0,2025/5/13,0,2023/1/1,2024/1/1,1,1,5061.329941,1,0,1,0,0,1,0,1,1,8.529582119
1977,2024,C_1977_955475.0,955475,control,0,2023/11/13,2023,1,Male,Black,2000,22,1,0,1,6192.298189,1,1.077474497,2025/5/13,1,2024/1/1,2025/1/1,1,1,12557.00344,1,1,1,0,0,1,0,0,0,9.438113465
1977,2024,P_1977,,participant,1,2023/11/13,2023,1,Male,Black,2000,22,0,0,1,0,1,0,2025/5/13,1,2024/1/1,2025/1/1,1,1,16724.5972,1,1,1,0,0,1,0,1,1,9.724695591
1978,2021,C_1978_1272993.0,1272993,control,0,2023/11/13,2023,1,Male,Black,1987,21,1,0,1,0,1,0.666917907,2025/5/13,-2,2021/1/1,2022/1/1,0,0,0,0,1,1,0,0,1,0,0,0,0
1978,2021,P_1978,,participant,1,2023/11/13,2023,1,Male,Black,1987,21,0,0,3,0,1,0,2025/5/13,-2,2021/1/1,2022/1/1,0,0,0,0,1,1,0,0,1,0,0,0,0
1978,2022,C_1978_1272993.0,1272993,control,0,2023/11/13,2023,1,Male,Black,1987,21,1,0,1,0,1,0.666917907,2025/5/13,-1,2022/1/1,2023/1/1,0,0,0,0,1,1,0,0,1,0,0,0,0
1978,2022,P_1978,,participant,1,2023/11/13,2023,1,Male,Black,1987,21,0,0,3,0,1,0,2025/5/13,-1,2022/1/1,2023/1/1,0,0,0,0,1,1,0,0,1,0,0,0,0
1978,2023,C_1978_1272993.0,1272993,control,0,2023/11/13,2023,1,Male,Black,1987,21,1,0,1,0,1,0.666917907,2025/5/13,0,2023/1/1,2024/1/1,1,1,12677.0944,1,1,1,0,0,1,0,0,0,9.447630933
1978,2023,P_1978,,participant,1,2023/11/13,2023,1,Male,Black,1987,21,0,0,3,0,1,0,2025/5/13,0,2023/1/1,2024/1/1,1,1,8474.637609,1,1,1,0,0,1,0,1,1,9.044951164
1978,2024,C_1978_1272993.0,1272993,control,0,2023/11/13,2023,1,Male,Black,1987,21,1,0,1,0,1,0.666917907,2025/5/13,1,2024/1/1,2025/1/1,1,1,41291.41002,1,1,1,0,0,1,0,0,0,10.62843399
1978,2024,P_1978,,participant,1,2023/11/13,2023,1,Male,Black,1987,21,0,0,3,0,1,0,2025/5/13,1,2024/1/1,2025/1/1,1,1,1538.657845,1,1,1,0,0,1,0,1,1,7.339315492
1979,2021,C_1979_850890.0,850890,control,0,2023/11/20,2023,1,Male,Black,1995,20,1,0,1,0,1,0.406812316,2025/5/20,-2,2021/1/1,2022/1/1,0,0,0,0,1,1,0,0,1,0,0,0,0
1979,2021,P_1979,,participant,1,2023/11/20,2023,1,Male,Black,1995,20,1,0,1,5514.025748,1,0,2025/5/20,-2,2021/1/1,2022/1/1,0,0,0,0,1,1,0,0,1,0,0,0,0
1979,2022,C_1979_850890.0,850890,control,0,2023/11/20,2023,1,Male,Black,1995,20,1,0,1,0,1,0.406812316,2025/5/20,-1,2022/1/1,2023/1/1,0,0,0,0,1,1,0,0,1,0,0,0,0
1979,2022,P_1979,,participant,1,2023/11/20,2023,1,Male,Black,1995,20,1,0,1,5514.025748,1,0,2025/5/20,-1,2022/1/1,2023/1/1,0,0,0,0,1,1,0,0,1,0,0,0,0
1979,2023,C_1979_850890.0,850890,control,0,2023/11/20,2023,1,Male,Black,1995,20,1,0,1,0,1,0.406812316,2025/5/20,0,2023/1/1,2024/1/1,1,1,0,0,1,1,0,0,1,0,0,0,0
1979,2023,P_1979,,participant,1,2023/11/20,2023,1,Male,Black,1995,20,1,0,1,5514.025748,1,0,2025/5/20,0,2023/1/1,2024/1/1,1,1,4792.998109,1,1,1,0,0,1,0,1,1,8.475120021
1979,2024,C_1979_850890.0,850890,control,0,2023/11/20,2023,1,Male,Black,1995,20,1,0,1,0,1,0.406812316,2025/5/20,1,2024/1/1,2025/1/1,1,1,0,0,1,1,0,0,1,0,0,0,0
1979,2024,P_1979,,participant,1,2023/11/20,2023,1,Male,Black,1995,20,1,0,1,5514.025748,1,0,2025/5/20,1,2024/1/1,2025/1/1,1,1,8452.847213,1,1,1,0,0,1,0,1,1,9.042376908
1988,2021,C_1988_1418539.0,1418539,control,0,2023/11/20,2023,1,Male,Black,1993,18,14,1,14,0,0,1.078469513,2025/5/20,-2,2021/1/1,2022/1/1,0,0,0,0,1,1,0,0,1,0,0,0,0
1988,2021,P_1988,,participant,1,2023/11/20,2023,1,Male,Black,1993,18,16,1,10,0,0,0,2025/5/20,-2,2021/1/1,2022/1/1,0,0,0,0,1,1,0,0,1,0,0,0,0
1988,2022,C_1988_1418539.0,1418539,control,0,2023/11/20,2023,1,Male,Black,1993,18,14,1,14,0,0,1.078469513,2025/5/20,-1,2022/1/1,2023/1/1,0,0,0,0,1,1,0,0,1,0,0,0,0
1988,2022,P_1988,,participant,1,2023/11/20,2023,1,Male,Black,1993,18,16,1,10,0,0,0,2025/5/20,-1,2022/1/1,2023/1/1,0,0,0,0,1,1,0,0,1,0,0,0,0
1988,2023,C_1988_1418539.0,1418539,control,0,2023/11/20,2023,1,Male,Black,1993,18,14,1,14,0,0,1.078469513,2025/5/20,0,2023/1/1,2024/1/1,1,1,0,0,1,1,0,0,1,0,0,0,0
1988,2023,P_1988,,participant,1,2023/11/20,2023,1,Male,Black,1993,18,16,1,10,0,0,0,2025/5/20,0,2023/1/1,2024/1/1,1,1,0,0,1,1,0,0,1,0,1,1,0
1988,2024,C_1988_1418539.0,1418539,control,0,2023/11/20,2023,1,Male,Black,1993,18,14,1,14,0,0,1.078469513,2025/5/20,1,2024/1/1,2025/1/1,1,1,0,0,1,1,0,0,1,0,0,0,0
1988,2024,P_1988,,participant,1,2023/11/20,2023,1,Male,Black,1993,18,16,1,10,0,0,0,2025/5/20,1,2024/1/1,2025/1/1,1,1,0,0,1,1,0,0,1,0,1,1,0
1990,2021,C_1990_1779402.0,1779402,control,0,2023/12/4,2023,1,Male,Black,1994,18,8,1,8,0,1,1.937798486,2025/6/3,-2,2021/1/1,2022/1/1,0,0,0,0,1,1,0,0,1,0,0,0,0
1990,2021,P_1990,,participant,1,2023/12/4,2023,1,Male,Black,1994,18,13,1,3,4448.976341,1,0,2025/6/3,-2,2021/1/1,2022/1/1,0,0,0,0,1,1,0,0,1,0,0,0,0
1990,2022,C_1990_1779402.0,1779402,control,0,2023/12/4,2023,1,Male,Black,1994,18,8,1,8,0,1,1.937798486,2025/6/3,-1,2022/1/1,2023/1/1,0,0,0,0,1,1,0,0,1,0,0,0,0
1990,2022,P_1990,,participant,1,2023/12/4,2023,1,Male,Black,1994,18,13,1,3,4448.976341,1,0,2025/6/3,-1,2022/1/1,2023/1/1,0,0,0,0,1,1,0,0,1,0,0,0,0
1990,2023,C_1990_1779402.0,1779402,control,0,2023/12/4,2023,1,Male,Black,1994,18,8,1,8,0,1,1.937798486,2025/6/3,0,2023/1/1,2024/1/1,1,1,4.225698135,1,1,1,0,0,1,0,0,0,1.653588403
1990,2023,P_1990,,participant,1,2023/12/4,2023,1,Male,Black,1994,18,13,1,3,4448.976341,1,0,2025/6/3,0,2023/1/1,2024/1/1,1,1,2082.212756,1,1,1,0,0,1,0,1,1,7.641666575
1990,2024,C_1990_1779402.0,1779402,control,0,2023/12/4,2023,1,Male,Black,1994,18,8,1,8,0,1,1.937798486,2025/6/3,1,2024/1/1,2025/1/1,1,1,0,0,1,1,0,0,1,0,0,0,0
1990,2024,P_1990,,participant,1,2023/12/4,2023,1,Male,Black,1994,18,13,1,3,4448.976341,1,0,2025/6/3,1,2024/1/1,2025/1/1,1,1,16455.92892,1,1,1,0,0,1,0,1,1,9.708501878
1992,2021,C_1992_1117793.0,1117793,control,0,2023/12/4,2023,1,Female,Black,1978,25,2,0,2,5332.160261,1,2.700081318,2025/6/3,-2,2021/1/1,2022/1/1,0,0,0,0,1,1,0,0,1,0,0,0,0
1992,2021,P_1992,,participant,1,2023/12/4,2023,1,Female,Black,1978,25,3,1,3,0,1,0,2025/6/3,-2,2021/1/1,2022/1/1,0,0,0,0,1,1,0,0,1,0,0,0,0
1992,2022,C_1992_1117793.0,1117793,control,0,2023/12/4,2023,1,Female,Black,1978,25,2,0,2,5332.160261,1,2.700081318,2025/6/3,-1,2022/1/1,2023/1/1,0,0,0,0,1,1,0,0,1,0,0,0,0
1992,2022,P_1992,,participant,1,2023/12/4,2023,1,Female,Black,1978,25,3,1,3,0,1,0,2025/6/3,-1,2022/1/1,2023/1/1,0,0,0,0,1,1,0,0,1,0,0,0,0
1992,2023,C_1992_1117793.0,1117793,control,0,2023/12/4,2023,1,Female,Black,1978,25,2,0,2,5332.160261,1,2.700081318,2025/6/3,0,2023/1/1,2024/1/1,1,1,0,0,1,1,0,0,1,0,0,0,0
1992,2023,P_1992,,participant,1,2023/12/4,2023,1,Female,Black,1978,25,3,1,3,0,1,0,2025/6/3,0,2023/1/1,2024/1/1,1,1,6120.923748,1,1,1,0,0,1,0,1,1,8.719631664
1992,2024,C_1992_1117793.0,1117793,control,0,2023/12/4,2023,1,Female,Black,1978,25,2,0,2,5332.160261,1,2.700081318,2025/6/3,1,2024/1/1,2025/1/1,1,1,0,0,1,1,0,0,1,0,0,0,0
1992,2024,P_1992,,participant,1,2023/12/4,2023,1,Female,Black,1978,25,3,1,3,0,1,0,2025/6/3,1,2024/1/1,2025/1/1,1,1,9245.409373,1,1,1,0,0,1,0,1,1,9.131990579
1998,2021,C_1998_nan,,control,0,2023/12/11,2023,1,Male,Black,2000,,0,0,0,0,0,5805.09899,2025/6/10,-2,2021/1/1,2022/1/1,0,0,0,0,0,0,0,0,0,0,0,0,0
1998,2021,P_1998,,participant,1,2023/12/11,2023,1,Male,Black,2000,,0,0,0,5805.098904,1,0,2025/6/10,-2,2021/1/1,2022/1/1,0,0,0,0,0,0,0,0,0,0,0,0,0
1998,2022,C_1998_nan,,control,0,2023/12/11,2023,1,Male,Black,2000,,0,0,0,0,0,5805.09899,2025/6/10,-1,2022/1/1,2023/1/1,0,0,0,0,0,0,0,0,0,0,0,0,0
1998,2022,P_1998,,participant,1,2023/12/11,2023,1,Male,Black,2000,,0,0,0,5805.098904,1,0,2025/6/10,-1,2022/1/1,2023/1/1,0,0,0,0,0,0,0,0,0,0,0,0,0
1998,2023,C_1998_nan,,control,0,2023/12/11,2023,1,Male,Black,2000,,0,0,0,0,0,5805.09899,2025/6/10,0,2023/1/1,2024/1/1,1,1,0,0,0,0,0,0,0,0,0,0,0
1998,2023,P_1998,,participant,1,2023/12/11,2023,1,Male,Black,2000,,0,0,0,5805.098904,1,0,2025/6/10,0,2023/1/1,2024/1/1,1,1,4088.362945,1,0,0,0,0,0,0,1,1,8.316144478
1998,2024,C_1998_nan,,control,0,2023/12/11,2023,1,Male,Black,2000,,0,0,0,0,0,5805.09899,2025/6/10,1,2024/1/1,2025/1/1,1,1,0,0,0,0,0,0,0,0,0,0,0
1998,2024,P_1998,,participant,1,2023/12/11,2023,1,Male,Black,2000,,0,0,0,5805.098904,1,0,2025/6/10,1,2024/1/1,2025/1/1,1,1,5184.208903,1,0,0,0,0,0,0,1,1,8.55356541
1999,2021,C_1999_nan,,control,0,2023/12/11,2023,1,Male,Black,2000,,0,0,0,0,0,2892.079478,2025/6/10,-2,2021/1/1,2022/1/1,0,0,0,0,0,0,0,0,0,0,0,0,0
1999,2021,P_1999,,participant,1,2023/12/11,2023,1,Male,Black,2000,,0,0,0,2892.079305,1,0,2025/6/10,-2,2021/1/1,2022/1/1,0,0,0,0,0,0,0,0,0,0,0,0,0
1999,2022,C_1999_nan,,control,0,2023/12/11,2023,1,Male,Black,2000,,0,0,0,0,0,2892.079478,2025/6/10,-1,2022/1/1,2023/1/1,0,0,0,0,0,0,0,0,0,0,0,0,0
1999,2022,P_1999,,participant,1,2023/12/11,2023,1,Male,Black,2000,,0,0,0,2892.079305,1,0,2025/6/10,-1,2022/1/1,2023/1/1,0,0,0,0,0,0,0,0,0,0,0,0,0
1999,2023,C_1999_nan,,control,0,2023/12/11,2023,1,Male,Black,2000,,0,0,0,0,0,2892.079478,2025/6/10,0,2023/1/1,2024/1/1,1,1,0,0,0,0,0,0,0,0,0,0,0
1999,2023,P_1999,,participant,1,2023/12/11,2023,1,Male,Black,2000,,0,0,0,2892.079305,1,0,2025/6/10,0,2023/1/1,2024/1/1,1,1,6061.763974,1,0,0,0,0,0,0,1,1,8.709921076
1999,2024,C_1999_nan,,control,0,2023/12/11,2023,1,Male,Black,2000,,0,0,0,0,0,2892.079478,2025/6/10,1,2024/1/1,2025/1/1,1,1,0,0,0,0,0,0,0,0,0,0,0
1999,2024,P_1999,,participant,1,2023/12/11,2023,1,Male,Black,2000,,0,0,0,2892.079305,1,0,2025/6/10,1,2024/1/1,2025/1/1,1,1,10931.80071,1,0,0,0,0,0,0,1,1,9.299522789
2012,2022,C_2012_932155.0,932155,control,0,2024/1/3,2024,1,Male,Black,1993,29,1,1,1,0,1,2.081665999,2025/7/3,-2,2022/1/1,2023/1/1,0,0,0,0,0,1,0,0,1,0,0,0,0
2012,2022,P_2012,,participant,1,2024/1/3,2024,1,Male,Black,1993,29,0,0,1,0,1,0,2025/7/3,-2,2022/1/1,2023/1/1,0,0,0,0,0,1,0,0,1,0,0,0,0
2012,2023,C_2012_932155.0,932155,control,0,2024/1/3,2024,1,Male,Black,1993,29,1,1,1,0,1,2.081665999,2025/7/3,-1,2023/1/1,2024/1/1,0,0,0,0,1,1,0,0,1,0,0,0,0
2012,2023,P_2012,,participant,1,2024/1/3,2024,1,Male,Black,1993,29,0,0,1,0,1,0,2025/7/3,-1,2023/1/1,2024/1/1,0,0,0,0,1,1,0,0,1,0,0,0,0
2012,2024,C_2012_932155.0,932155,control,0,2024/1/3,2024,1,Male,Black,1993,29,1,1,1,0,1,2.081665999,2025/7/3,0,2024/1/1,2025/1/1,1,1,2124.140142,1,1,1,0,0,1,0,0,0,7.661593028
2012,2024,P_2012,,participant,1,2024/1/3,2024,1,Male,Black,1993,29,0,0,1,0,1,0,2025/7/3,0,2024/1/1,2025/1/1,1,1,3242.273554,1,1,1,0,0,1,0,1,1,8.084338455
2012,2025,C_2012_932155.0,932155,control,0,2024/1/3,2024,1,Male,Black,1993,29,1,1,1,0,1,2.081665999,2025/7/3,1,2025/1/1,2026/1/1,1,1,0,0,1,1,0,0,1,0,0,0,0
2012,2025,P_2012,,participant,1,2024/1/3,2024,1,Male,Black,1993,29,0,0,1,0,1,0,2025/7/3,1,2025/1/1,2026/1/1,1,1,0,0,1,1,0,0,1,0,1,1,0
2024,2022,C_2024_704806.0,704806,control,0,2024/1/16,2024,1,Male,Black,1975,45,2,0,2,0,0,1.695582496,2025/7/16,-2,2022/1/1,2023/1/1,0,0,0,0,1,1,0,0,1,0,0,0,0
2024,2022,P_2024,,participant,1,2024/1/16,2024,1,Male,Black,1975,45,3,0,1,0,0,0,2025/7/16,-2,2022/1/1,2023/1/1,0,0,0,0,1,1,0,0,1,0,0,0,0
2024,2023,C_2024_704806.0,704806,control,0,2024/1/16,2024,1,Male,Black,1975,45,2,0,2,0,0,1.695582496,2025/7/16,-1,2023/1/1,2024/1/1,0,0,0,0,1,1,0,0,1,0,0,0,0
2024,2023,P_2024,,participant,1,2024/1/16,2024,1,Male,Black,1975,45,3,0,1,0,0,0,2025/7/16,-1,2023/1/1,2024/1/1,0,0,0,0,1,1,0,0,1,0,0,0,0
2024,2024,C_2024_704806.0,704806,control,0,2024/1/16,2024,1,Male,Black,1975,45,2,0,2,0,0,1.695582496,2025/7/16,0,2024/1/1,2025/1/1,1,1,12159.06439,1,1,1,0,0,1,0,0,0,9.405912451
2024,2024,P_2024,,participant,1,2024/1/16,2024,1,Male,Black,1975,45,3,0,1,0,0,0,2025/7/16,0,2024/1/1,2025/1/1,1,1,8971.441398,1,1,1,0,0,1,0,1,1,9.101913092
2024,2025,C_2024_704806.0,704806,control,0,2024/1/16,2024,1,Male,Black,1975,45,2,0,2,0,0,1.695582496,2025/7/16,1,2025/1/1,2026/1/1,1,1,0,0,1,1,0,0,1,0,0,0,0
2024,2025,P_2024,,participant,1,2024/1/16,2024,1,Male,Black,1975,45,3,0,1,0,0,0,2025/7/16,1,2025/1/1,2026/1/1,1,1,0,0,1,1,0,0,1,0,1,1,0
2048,2022,C_2048_1709950.0,1709950,control,0,2024/8/19,2024,1,Male,Black,1988,21,1,0,1,0,0,0.540416016,2026/2/17,-2,2022/1/1,2023/1/1,0,0,0,0,1,1,0,0,1,0,0,0,0
2048,2022,P_2048,,participant,1,2024/8/19,2024,1,Male,Black,1988,21,0,0,2,0,0,0,2026/2/17,-2,2022/1/1,2023/1/1,0,0,0,0,1,1,0,0,1,0,0,0,0
2048,2023,C_2048_1709950.0,1709950,control,0,2024/8/19,2024,1,Male,Black,1988,21,1,0,1,0,0,0.540416016,2026/2/17,-1,2023/1/1,2024/1/1,0,0,0,0,1,1,0,0,1,0,0,0,0
2048,2023,P_2048,,participant,1,2024/8/19,2024,1,Male,Black,1988,21,0,0,2,0,0,0,2026/2/17,-1,2023/1/1,2024/1/1,0,0,0,0,1,1,0,0,1,0,0,0,0
2048,2024,C_2048_1709950.0,1709950,control,0,2024/8/19,2024,1,Male,Black,1988,21,1,0,1,0,0,0.540416016,2026/2/17,0,2024/1/1,2025/1/1,1,1,0,0,1,1,0,0,1,0,0,0,0
2048,2024,P_2048,,participant,1,2024/8/19,2024,1,Male,Black,1988,21,0,0,2,0,0,0,2026/2/17,0,2024/1/1,2025/1/1,1,1,4199.430525,1,1,1,0,0,1,0,1,1,8.342942305
2048,2025,C_2048_1709950.0,1709950,control,0,2024/8/19,2024,1,Male,Black,1988,21,1,0,1,0,0,0.540416016,2026/2/17,1,2025/1/1,2026/1/1,1,1,0,0,1,1,0,0,1,0,0,0,0
2048,2025,P_2048,,participant,1,2024/8/19,2024,1,Male,Black,1988,21,0,0,2,0,0,0,2026/2/17,1,2025/1/1,2026/1/1,1,1,0,0,1,1,0,0,1,0,1,1,0
2049,2022,C_2049_1219399.0,1219399,control,0,2024/2/19,2024,1,Male,Black,1993,19,2,1,2,0,0,0.328862622,2025/8/19,-2,2022/1/1,2023/1/1,0,0,0,0,1,1,0,0,1,0,0,0,0
2049,2022,P_2049,,participant,1,2024/2/19,2024,1,Male,Black,1993,19,3,1,2,0,0,0,2025/8/19,-2,2022/1/1,2023/1/1,0,0,0,0,1,1,0,0,1,0,0,0,0
2049,2023,C_2049_1219399.0,1219399,control,0,2024/2/19,2024,1,Male,Black,1993,19,2,1,2,0,0,0.328862622,2025/8/19,-1,2023/1/1,2024/1/1,0,0,0,0,1,1,0,0,1,0,0,0,0
2049,2023,P_2049,,participant,1,2024/2/19,2024,1,Male,Black,1993,19,3,1,2,0,0,0,2025/8/19,-1,2023/1/1,2024/1/1,0,0,0,0,1,1,0,0,1,0,0,0,0
2049,2024,C_2049_1219399.0,1219399,control,0,2024/2/19,2024,1,Male,Black,1993,19,2,1,2,0,0,0.328862622,2025/8/19,0,2024/1/1,2025/1/1,1,1,0,0,1,1,0,0,1,0,0,0,0
2049,2024,P_2049,,participant,1,2024/2/19,2024,1,Male,Black,1993,19,3,1,2,0,0,0,2025/8/19,0,2024/1/1,2025/1/1,1,1,5938.457961,1,1,1,0,0,1,0,1,1,8.689373156
2049,2025,C_2049_1219399.0,1219399,control,0,2024/2/19,2024,1,Male,Black,1993,19,2,1,2,0,0,0.328862622,2025/8/19,1,2025/1/1,2026/1/1,1,1,0,0,1,1,0,0,1,0,0,0,0
2049,2025,P_2049,,participant,1,2024/2/19,2024,1,Male,Black,1993,19,3,1,2,0,0,0,2025/8/19,1,2025/1/1,2026/1/1,1,1,0,0,1,1,0,0,1,0,1,1,0
2056,2022,C_2056_1301279.0,1301279,control,0,2024/2/19,2024,1,Male,Black,1998,17,4,1,4,24917.2565,0,4.670634523,2025/8/19,-2,2022/1/1,2023/1/1,0,0,0,0,1,1,0,0,1,0,0,0,0
2056,2022,P_2056,,participant,1,2024/2/19,2024,1,Male,Black,1998,17,0,0,3,43331.77024,1,0,2025/8/19,-2,2022/1/1,2023/1/1,0,0,0,0,1,1,0,0,1,0,0,0,0
2056,2023,C_2056_1301279.0,1301279,control,0,2024/2/19,2024,1,Male,Black,1998,17,4,1,4,24917.2565,0,4.670634523,2025/8/19,-1,2023/1/1,2024/1/1,0,0,0,0,1,1,0,0,1,0,0,0,0
2056,2023,P_2056,,participant,1,2024/2/19,2024,1,Male,Black,1998,17,0,0,3,43331.77024,1,0,2025/8/19,-1,2023/1/1,2024/1/1,0,0,0,0,1,1,0,0,1,0,0,0,0
2056,2024,C_2056_1301279.0,1301279,control,0,2024/2/19,2024,1,Male,Black,1998,17,4,1,4,24917.2565,0,4.670634523,2025/8/19,0,2024/1/1,2025/1/1,1,1,0,0,1,1,0,0,1,0,0,0,0
2056,2024,P_2056,,participant,1,2024/2/19,2024,1,Male,Black,1998,17,0,0,3,43331.77024,1,0,2025/8/19,0,2024/1/1,2025/1/1,1,1,0,0,1,1,2,1,1,1,1,1,0
2056,2025,C_2056_1301279.0,1301279,control,0,2024/2/19,2024,1,Male,Black,1998,17,4,1,4,24917.2565,0,4.670634523,2025/8/19,1,2025/1/1,2026/1/1,1,1,0,0,1,1,0,0,1,0,0,0,0
2056,2025,P_2056,,participant,1,2024/2/19,2024,1,Male,Black,1998,17,0,0,3,43331.77024,1,0,2025/8/19,1,2025/1/1,2026/1/1,1,1,0,0,1,1,0,0,1,0,1,1,0
2088,2022,C_2088_1008164.0,1008164,control,0,2024/12/2,2024,1,Male,Black,1994,18,4,0,4,0,1,0.268069674,2026/6/2,-2,2022/1/1,2023/1/1,0,0,0,0,1,1,0,0,1,0,0,0,0
2088,2022,P_2088,,participant,1,2024/12/2,2024,1,Male,Black,1994,18,3,0,4,0,1,0,2026/6/2,-2,2022/1/1,2023/1/1,0,0,0,0,1,1,0,0,1,0,0,0,0
2088,2023,C_2088_1008164.0,1008164,control,0,2024/12/2,2024,1,Male,Black,1994,18,4,0,4,0,1,0.268069674,2026/6/2,-1,2023/1/1,2024/1/1,0,0,0,0,1,1,0,0,1,0,0,0,0
2088,2023,P_2088,,participant,1,2024/12/2,2024,1,Male,Black,1994,18,3,0,4,0,1,0,2026/6/2,-1,2023/1/1,2024/1/1,0,0,0,0,1,1,0,0,1,0,0,0,0
2088,2024,C_2088_1008164.0,1008164,control,0,2024/12/2,2024,1,Male,Black,1994,18,4,0,4,0,1,0.268069674,2026/6/2,0,2024/1/1,2025/1/1,1,1,0,0,1,1,0,0,1,0,0,0,0
2088,2024,P_2088,,participant,1,2024/12/2,2024,1,Male,Black,1994,18,3,0,4,0,1,0,2026/6/2,0,2024/1/1,2025/1/1,1,1,0,0,1,1,0,0,1,0,1,1,0
2088,2025,C_2088_1008164.0,1008164,control,0,2024/12/2,2024,1,Male,Black,1994,18,4,0,4,0,1,0.268069674,2026/6/2,1,2025/1/1,2026/1/1,1,1,0,0,1,1,0,0,1,0,0,0,0
2088,2025,P_2088,,participant,1,2024/12/2,2024,1,Male,Black,1994,18,3,0,4,0,1,0,2026/6/2,1,2025/1/1,2026/1/1,1,1,0,0,1,1,0,0,1,0,1,1,0
2093,2022,C_2093_855189.0,855189,control,0,2024/4/8,2024,1,Male,Black,2001,18,3,1,3,0,0,0.40576802,2025/10/7,-2,2022/1/1,2023/1/1,0,0,0,0,1,1,0,0,1,0,0,0,0
2093,2022,P_2093,,participant,1,2024/4/8,2024,1,Male,Black,2001,18,3,1,4,0,0,0,2025/10/7,-2,2022/1/1,2023/1/1,0,0,0,0,1,1,0,0,1,0,0,0,0
2093,2023,C_2093_855189.0,855189,control,0,2024/4/8,2024,1,Male,Black,2001,18,3,1,3,0,0,0.40576802,2025/10/7,-1,2023/1/1,2024/1/1,0,0,0,0,1,1,0,0,1,0,0,0,0
2093,2023,P_2093,,participant,1,2024/4/8,2024,1,Male,Black,2001,18,3,1,4,0,0,0,2025/10/7,-1,2023/1/1,2024/1/1,0,0,0,0,1,1,0,0,1,0,0,0,0
2093,2024,C_2093_855189.0,855189,control,0,2024/4/8,2024,1,Male,Black,2001,18,3,1,3,0,0,0.40576802,2025/10/7,0,2024/1/1,2025/1/1,1,1,0,0,1,1,0,0,1,0,0,0,0
2093,2024,P_2093,,participant,1,2024/4/8,2024,1,Male,Black,2001,18,3,1,4,0,0,0,2025/10/7,0,2024/1/1,2025/1/1,1,1,0,0,1,1,1,1,1,1,1,1,0
2093,2025,C_2093_855189.0,855189,control,0,2024/4/8,2024,1,Male,Black,2001,18,3,1,3,0,0,0.40576802,2025/10/7,1,2025/1/1,2026/1/1,1,1,0,0,1,1,0,0,1,0,0,0,0
2093,2025,P_2093,,participant,1,2024/4/8,2024,1,Male,Black,2001,18,3,1,4,0,0,0,2025/10/7,1,2025/1/1,2026/1/1,1,1,0,0,1,1,0,0,1,0,1,1,0
2098,2022,C_2098_932240.0,932240,control,0,2024/4/8,2024,1,Female,White,1995,27,1,0,1,3418.372679,1,3.538868536,2025/10/7,-2,2022/1/1,2023/1/1,0,0,0,0,0,1,0,0,1,0,0,0,0
2098,2022,P_2098,,participant,1,2024/4/8,2024,1,Female,White,1995,27,2,1,1,7336.794058,0,0,2025/10/7,-2,2022/1/1,2023/1/1,0,0,0,0,0,1,0,0,1,0,0,0,0
2098,2023,C_2098_932240.0,932240,control,0,2024/4/8,2024,1,Female,White,1995,27,1,0,1,3418.372679,1,3.538868536,2025/10/7,-1,2023/1/1,2024/1/1,0,0,0,0,1,1,0,0,1,0,0,0,0
2098,2023,P_2098,,participant,1,2024/4/8,2024,1,Female,White,1995,27,2,1,1,7336.794058,0,0,2025/10/7,-1,2023/1/1,2024/1/1,0,0,0,0,1,1,0,0,1,0,0,0,0
2098,2024,C_2098_932240.0,932240,control,0,2024/4/8,2024,1,Female,White,1995,27,1,0,1,3418.372679,1,3.538868536,2025/10/7,0,2024/1/1,2025/1/1,1,1,0,0,1,1,0,0,1,0,0,0,0
2098,2024,P_2098,,participant,1,2024/4/8,2024,1,Female,White,1995,27,2,1,1,7336.794058,0,0,2025/10/7,0,2024/1/1,2025/1/1,1,1,0,0,1,1,0,0,1,0,1,1,0
2098,2025,C_2098_932240.0,932240,control,0,2024/4/8,2024,1,Female,White,1995,27,1,0,1,3418.372679,1,3.538868536,2025/10/7,1,2025/1/1,2026/1/1,1,1,0,0,1,1,0,0,1,0,0,0,0
2098,2025,P_2098,,participant,1,2024/4/8,2024,1,Female,White,1995,27,2,1,1,7336.794058,0,0,2025/10/7,1,2025/1/1,2026/1/1,1,1,0,0,1,1,0,0,1,0,1,1,0
2103,2022,C_2103_nan,,control,0,2024/4/15,2024,1,Male,Black,2000,,0,0,0,0,0,0,2025/10/14,-2,2022/1/1,2023/1/1,0,0,0,0,0,0,0,0,0,0,0,0,0
2103,2022,P_2103,,participant,1,2024/4/15,2024,1,Male,Black,2000,,0,0,0,0,0,0,2025/10/14,-2,2022/1/1,2023/1/1,0,0,0,0,0,0,0,0,0,0,0,0,0
2103,2023,C_2103_nan,,control,0,2024/4/15,2024,1,Male,Black,2000,,0,0,0,0,0,0,2025/10/14,-1,2023/1/1,2024/1/1,0,0,0,0,0,0,0,0,0,0,0,0,0
2103,2023,P_2103,,participant,1,2024/4/15,2024,1,Male,Black,2000,,0,0,0,0,0,0,2025/10/14,-1,2023/1/1,2024/1/1,0,0,0,0,0,0,0,0,0,0,0,0,0
2103,2024,C_2103_nan,,control,0,2024/4/15,2024,1,Male,Black,2000,,0,0,0,0,0,0,2025/10/14,0,2024/1/1,2025/1/1,1,1,0,0,0,0,0,0,0,0,0,0,0
2103,2024,P_2103,,participant,1,2024/4/15,2024,1,Male,Black,2000,,0,0,0,0,0,0,2025/10/14,0,2024/1/1,2025/1/1,1,1,0,0,0,0,0,0,0,0,1,1,0
2103,2025,C_2103_nan,,control,0,2024/4/15,2024,1,Male,Black,2000,,0,0,0,0,0,0,2025/10/14,1,2025/1/1,2026/1/1,1,1,0,0,0,0,0,0,0,0,0,0,0
2103,2025,P_2103,,participant,1,2024/4/15,2024,1,Male,Black,2000,,0,0,0,0,0,0,2025/10/14,1,2025/1/1,2026/1/1,1,1,0,0,0,0,0,0,0,0,1,1,0
2110,2022,C_2110_1627873.0,1627873,control,0,2024/4/22,2024,1,Male,White,1997,18,2,1,2,25941.06742,1,0.425744245,2025/10/21,-2,2022/1/1,2023/1/1,0,0,0,0,1,1,0,0,1,0,0,0,0
2110,2022,P_2110,,participant,1,2024/4/22,2024,1,Male,White,1997,18,2,1,2,31626.81725,1,0,2025/10/21,-2,2022/1/1,2023/1/1,0,0,0,0,1,1,0,0,1,0,0,0,0
2110,2023,C_2110_1627873.0,1627873,control,0,2024/4/22,2024,1,Male,White,1997,18,2,1,2,25941.06742,1,0.425744245,2025/10/21,-1,2023/1/1,2024/1/1,0,0,0,0,1,1,0,0,1,0,0,0,0
2110,2023,P_2110,,participant,1,2024/4/22,2024,1,Male,White,1997,18,2,1,2,31626.81725,1,0,2025/10/21,-1,2023/1/1,2024/1/1,0,0,0,0,1,1,0,0,1,0,0,0,0
2110,2024,C_2110_1627873.0,1627873,control,0,2024/4/22,2024,1,Male,White,1997,18,2,1,2,25941.06742,1,0.425744245,2025/10/21,0,2024/1/1,2025/1/1,1,1,20467.0612,1,1,1,0,0,1,0,0,0,9.92662096
2110,2024,P_2110,,participant,1,2024/4/22,2024,1,Male,White,1997,18,2,1,2,31626.81725,1,0,2025/10/21,0,2024/1/1,2025/1/1,1,1,657.7668958,1,1,1,0,0,1,0,1,1,6.490369748
2110,2025,C_2110_1627873.0,1627873,control,0,2024/4/22,2024,1,Male,White,1997,18,2,1,2,25941.06742,1,0.425744245,2025/10/21,1,2025/1/1,2026/1/1,1,1,0,0,1,1,0,0,1,0,0,0,0
2110,2025,P_2110,,participant,1,2024/4/22,2024,1,Male,White,1997,18,2,1,2,31626.81725,1,0,2025/10/21,1,2025/1/1,2026/1/1,1,1,0,0,1,1,0,0,1,0,1,1,0
2111,2022,C_2111_1212614.0,1212614,control,0,2024/5/1,2024,1,Male,White,1990,20,4,1,4,0,0,0.410372781,2025/10/30,-2,2022/1/1,2023/1/1,0,0,0,0,1,1,0,0,1,0,0,0,0
2111,2022,P_2111,,participant,1,2024/5/1,2024,1,Male,White,1990,20,4,1,5,0,0,0,2025/10/30,-2,2022/1/1,2023/1/1,0,0,0,0,1,1,0,0,1,0,0,0,0
2111,2023,C_2111_1212614.0,1212614,control,0,2024/5/1,2024,1,Male,White,1990,20,4,1,4,0,0,0.410372781,2025/10/30,-1,2023/1/1,2024/1/1,0,0,0,0,1,1,0,0,1,0,0,0,0
2111,2023,P_2111,,participant,1,2024/5/1,2024,1,Male,White,1990,20,4,1,5,0,0,0,2025/10/30,-1,2023/1/1,2024/1/1,0,0,0,0,1,1,0,0,1,0,0,0,0
2111,2024,C_2111_1212614.0,1212614,control,0,2024/5/1,2024,1,Male,White,1990,20,4,1,4,0,0,0.410372781,2025/10/30,0,2024/1/1,2025/1/1,1,1,0,0,1,1,0,0,1,0,0,0,0
2111,2024,P_2111,,participant,1,2024/5/1,2024,1,Male,White,1990,20,4,1,5,0,0,0,2025/10/30,0,2024/1/1,2025/1/1,1,1,637.2116803,1,1,1,0,0,1,0,1,1,6.458670016
2111,2025,C_2111_1212614.0,1212614,control,0,2024/5/1,2024,1,Male,White,1990,20,4,1,4,0,0,0.410372781,2025/10/30,1,2025/1/1,2026/1/1,1,1,0,0,1,1,0,0,1,0,0,0,0
2111,2025,P_2111,,participant,1,2024/5/1,2024,1,Male,White,1990,20,4,1,5,0,0,0,2025/10/30,1,2025/1/1,2026/1/1,1,1,0,0,1,1,0,0,1,0,1,1,0
2132,2022,C_2132_1702434.0,1702434,control,0,2024/5/20,2024,1,Female,Black,1989,20,7,1,7,4033.550928,0,4.066700481,2025/11/18,-2,2022/1/1,2023/1/1,0,0,0,0,1,1,0,0,1,0,0,0,0
2132,2022,P_2132,,participant,1,2024/5/20,2024,1,Female,Black,1989,20,15,1,10,0,1,0,2025/11/18,-2,2022/1/1,2023/1/1,0,0,0,0,1,1,0,0,1,0,0,0,0
2132,2023,C_2132_1702434.0,1702434,control,0,2024/5/20,2024,1,Female,Black,1989,20,7,1,7,4033.550928,0,4.066700481,2025/11/18,-1,2023/1/1,2024/1/1,0,0,0,0,1,1,0,0,1,0,0,0,0
2132,2023,P_2132,,participant,1,2024/5/20,2024,1,Female,Black,1989,20,15,1,10,0,1,0,2025/11/18,-1,2023/1/1,2024/1/1,0,0,0,0,1,1,0,0,1,0,0,0,0
2132,2024,C_2132_1702434.0,1702434,control,0,2024/5/20,2024,1,Female,Black,1989,20,7,1,7,4033.550928,0,4.066700481,2025/11/18,0,2024/1/1,2025/1/1,1,1,0,0,1,1,0,0,1,0,0,0,0
2132,2024,P_2132,,participant,1,2024/5/20,2024,1,Female,Black,1989,20,15,1,10,0,1,0,2025/11/18,0,2024/1/1,2025/1/1,1,1,0,0,1,1,0,0,1,0,1,1,0
2132,2025,C_2132_1702434.0,1702434,control,0,2024/5/20,2024,1,Female,Black,1989,20,7,1,7,4033.550928,0,4.066700481,2025/11/18,1,2025/1/1,2026/1/1,1,1,0,0,1,1,0,0,1,0,0,0,0
2132,2025,P_2132,,participant,1,2024/5/20,2024,1,Female,Black,1989,20,15,1,10,0,1,0,2025/11/18,1,2025/1/1,2026/1/1,1,1,0,0,1,1,0,0,1,0,1,1,0
2144,2022,C_2144_938529.0,938529,control,0,2024/6/3,2024,1,Male,Black,1998,24,2,0,2,0,0,2498.941932,2025/12/2,-2,2022/1/1,2023/1/1,0,0,0,0,0,1,0,0,1,0,0,0,0
2144,2022,P_2144,,participant,1,2024/6/3,2024,1,Male,Black,1998,24,0,0,1,2498.939931,0,0,2025/12/2,-2,2022/1/1,2023/1/1,0,0,0,0,1,1,0,0,1,0,0,0,0
2144,2023,C_2144_938529.0,938529,control,0,2024/6/3,2024,1,Male,Black,1998,24,2,0,2,0,0,2498.941932,2025/12/2,-1,2023/1/1,2024/1/1,0,0,0,0,1,1,0,0,1,0,0,0,0
2144,2023,P_2144,,participant,1,2024/6/3,2024,1,Male,Black,1998,24,0,0,1,2498.939931,0,0,2025/12/2,-1,2023/1/1,2024/1/1,0,0,0,0,1,1,0,0,1,0,0,0,0
2144,2024,C_2144_938529.0,938529,control,0,2024/6/3,2024,1,Male,Black,1998,24,2,0,2,0,0,2498.941932,2025/12/2,0,2024/1/1,2025/1/1,1,1,0,0,1,1,0,0,1,0,0,0,0
2144,2024,P_2144,,participant,1,2024/6/3,2024,1,Male,Black,1998,24,0,0,1,2498.939931,0,0,2025/12/2,0,2024/1/1,2025/1/1,1,1,0,0,1,1,0,0,1,0,1,1,0
2144,2025,C_2144_938529.0,938529,control,0,2024/6/3,2024,1,Male,Black,1998,24,2,0,2,0,0,2498.941932,2025/12/2,1,2025/1/1,2026/1/1,1,1,0,0,1,1,0,0,1,0,0,0,0
2144,2025,P_2144,,participant,1,2024/6/3,2024,1,Male,Black,1998,24,0,0,1,2498.939931,0,0,2025/12/2,1,2025/1/1,2026/1/1,1,1,0,0,1,1,0,0,1,0,1,1,0
2163,2022,C_2163_916617.0,916617,control,0,2024/7/3,2024,1,Female,White,1998,22,7,0,7,0,0,3.070661091,2026/1/1,-2,2022/1/1,2023/1/1,0,0,0,0,1,1,0,0,1,0,0,0,0
2163,2022,P_2163,,participant,1,2024/7/3,2024,1,Female,White,1998,22,10,0,4,11893.85437,1,0,2026/1/1,-2,2022/1/1,2023/1/1,0,0,0,0,1,1,0,0,1,0,0,0,0
2163,2023,C_2163_916617.0,916617,control,0,2024/7/3,2024,1,Female,White,1998,22,7,0,7,0,0,3.070661091,2026/1/1,-1,2023/1/1,2024/1/1,0,0,0,0,1,1,0,0,1,0,0,0,0
2163,2023,P_2163,,participant,1,2024/7/3,2024,1,Female,White,1998,22,10,0,4,11893.85437,1,0,2026/1/1,-1,2023/1/1,2024/1/1,0,0,0,0,1,1,0,0,1,0,0,0,0
2163,2024,C_2163_916617.0,916617,control,0,2024/7/3,2024,1,Female,White,1998,22,7,0,7,0,0,3.070661091,2026/1/1,0,2024/1/1,2025/1/1,1,1,0,0,1,1,0,0,1,0,0,0,0
2163,2024,P_2163,,participant,1,2024/7/3,2024,1,Female,White,1998,22,10,0,4,11893.85437,1,0,2026/1/1,0,2024/1/1,2025/1/1,1,1,7156.298274,1,1,1,0,0,1,0,1,1,8.875887853
2163,2025,C_2163_916617.0,916617,control,0,2024/7/3,2024,1,Female,White,1998,22,7,0,7,0,0,3.070661091,2026/1/1,1,2025/1/1,2026/1/1,1,1,0,0,1,1,0,0,1,0,0,0,0
2163,2025,P_2163,,participant,1,2024/7/3,2024,1,Female,White,1998,22,10,0,4,11893.85437,1,0,2026/1/1,1,2025/1/1,2026/1/1,1,1,0,0,1,1,0,0,1,0,1,1,0
2179,2022,C_2179_1301428.0,1301428,control,0,2024/7/29,2024,1,Female,Black,1989,22,4,1,4,10787.99778,1,1.975619991,2026/1/27,-2,2022/1/1,2023/1/1,0,0,0,0,1,1,0,0,1,0,0,0,0
2179,2022,P_2179,,participant,1,2024/7/29,2024,1,Female,Black,1989,22,5,1,5,21848.20828,1,0,2026/1/27,-2,2022/1/1,2023/1/1,0,0,0,0,1,1,0,0,1,0,0,0,0
2179,2023,C_2179_1301428.0,1301428,control,0,2024/7/29,2024,1,Female,Black,1989,22,4,1,4,10787.99778,1,1.975619991,2026/1/27,-1,2023/1/1,2024/1/1,0,0,0,0,1,1,0,0,1,0,0,0,0
2179,2023,P_2179,,participant,1,2024/7/29,2024,1,Female,Black,1989,22,5,1,5,21848.20828,1,0,2026/1/27,-1,2023/1/1,2024/1/1,0,0,0,0,1,1,0,0,1,0,0,0,0
2179,2024,C_2179_1301428.0,1301428,control,0,2024/7/29,2024,1,Female,Black,1989,22,4,1,4,10787.99778,1,1.975619991,2026/1/27,0,2024/1/1,2025/1/1,1,1,707.0994129,1,1,1,0,0,1,0,0,0,6.562584498
2179,2024,P_2179,,participant,1,2024/7/29,2024,1,Female,Black,1989,22,5,1,5,21848.20828,1,0,2026/1/27,0,2024/1/1,2025/1/1,1,1,6511.892268,1,1,1,0,0,1,0,1,1,8.781538917
2179,2025,C_2179_1301428.0,1301428,control,0,2024/7/29,2024,1,Female,Black,1989,22,4,1,4,10787.99778,1,1.975619991,2026/1/27,1,2025/1/1,2026/1/1,1,1,0,0,1,1,0,0,1,0,0,0,0
2179,2025,P_2179,,participant,1,2024/7/29,2024,1,Female,Black,1989,22,5,1,5,21848.20828,1,0,2026/1/27,1,2025/1/1,2026/1/1,1,1,0,0,1,1,0,0,1,0,1,1,0
2204,2022,C_2204_900759.0,900759,control,0,2024/8/5,2024,1,Male,Black,1992,24,2,0,2,5003.561705,1,0.294296965,2026/2/3,-2,2022/1/1,2023/1/1,0,0,0,0,1,1,0,0,1,0,0,0,0
2204,2022,P_2204,,participant,1,2024/8/5,2024,1,Male,Black,1992,24,2,0,2,10638.91489,1,0,2026/2/3,-2,2022/1/1,2023/1/1,0,0,0,0,1,1,0,0,1,0,0,0,0
2204,2023,C_2204_900759.0,900759,control,0,2024/8/5,2024,1,Male,Black,1992,24,2,0,2,5003.561705,1,0.294296965,2026/2/3,-1,2023/1/1,2024/1/1,0,0,0,0,1,1,0,0,1,0,0,0,0
2204,2023,P_2204,,participant,1,2024/8/5,2024,1,Male,Black,1992,24,2,0,2,10638.91489,1,0,2026/2/3,-1,2023/1/1,2024/1/1,0,0,0,0,1,1,0,0,1,0,0,0,0
2204,2024,C_2204_900759.0,900759,control,0,2024/8/5,2024,1,Male,Black,1992,24,2,0,2,5003.561705,1,0.294296965,2026/2/3,0,2024/1/1,2025/1/1,1,1,12040.21747,1,1,1,0,0,1,0,0,0,9.396090833
2204,2024,P_2204,,participant,1,2024/8/5,2024,1,Male,Black,1992,24,2,0,2,10638.91489,1,0,2026/2/3,0,2024/1/1,2025/1/1,1,1,2662.928167,1,1,1,0,0,1,0,1,1,7.887557067
2204,2025,C_2204_900759.0,900759,control,0,2024/8/5,2024,1,Male,Black,1992,24,2,0,2,5003.561705,1,0.294296965,2026/2/3,1,2025/1/1,2026/1/1,1,1,0,0,1,1,0,0,1,0,0,0,0
2204,2025,P_2204,,participant,1,2024/8/5,2024,1,Male,Black,1992,24,2,0,2,10638.91489,1,0,2026/2/3,1,2025/1/1,2026/1/1,1,1,0,0,1,1,0,0,1,0,1,1,0
2207,2022,C_2207_nan,,control,0,2024/7/22,2024,1,Male,Black,2000,,0,0,0,0,0,26917.15175,2026/1/20,-2,2022/1/1,2023/1/1,0,0,0,0,0,0,0,0,0,0,0,0,0
2207,2022,P_2207,,participant,1,2024/7/22,2024,1,Male,Black,2000,,0,0,0,26917.15173,1,0,2026/1/20,-2,2022/1/1,2023/1/1,0,0,0,0,0,0,0,0,0,0,0,0,0
2207,2023,C_2207_nan,,control,0,2024/7/22,2024,1,Male,Black,2000,,0,0,0,0,0,26917.15175,2026/1/20,-1,2023/1/1,2024/1/1,0,0,0,0,0,0,0,0,0,0,0,0,0
2207,2023,P_2207,,participant,1,2024/7/22,2024,1,Male,Black,2000,,0,0,0,26917.15173,1,0,2026/1/20,-1,2023/1/1,2024/1/1,0,0,0,0,0,0,0,0,0,0,0,0,0
2207,2024,C_2207_nan,,control,0,2024/7/22,2024,1,Male,Black,2000,,0,0,0,0,0,26917.15175,2026/1/20,0,2024/1/1,2025/1/1,1,1,0,0,0,0,0,0,0,0,0,0,0
2207,2024,P_2207,,participant,1,2024/7/22,2024,1,Male,Black,2000,,0,0,0,26917.15173,1,0,2026/1/20,0,2024/1/1,2025/1/1,1,1,7920.95229,1,0,0,0,0,0,0,1,1,8.977392956
2207,2025,C_2207_nan,,control,0,2024/7/22,2024,1,Male,Black,2000,,0,0,0,0,0,26917.15175,2026/1/20,1,2025/1/1,2026/1/1,1,1,0,0,0,0,0,0,0,0,0,0,0
2207,2025,P_2207,,participant,1,2024/7/22,2024,1,Male,Black,2000,,0,0,0,26917.15173,1,0,2026/1/20,1,2025/1/1,2026/1/1,1,1,0,0,0,0,0,0,0,0,1,1,0
2232,2022,C_2232_900959.0,900959,control,0,2024/8/19,2024,1,Male,Black,2002,18,2,0,2,0,0,1.394460733,2026/2/17,-2,2022/1/1,2023/1/1,0,0,0,0,1,1,0,0,1,0,0,0,0
2232,2022,P_2232,,participant,1,2024/8/19,2024,1,Male,Black,2002,18,0,0,4,0,0,0,2026/2/17,-2,2022/1/1,2023/1/1,0,0,0,0,1,1,0,0,1,0,0,0,0
2232,2023,C_2232_900959.0,900959,control,0,2024/8/19,2024,1,Male,Black,2002,18,2,0,2,0,0,1.394460733,2026/2/17,-1,2023/1/1,2024/1/1,0,0,0,0,1,1,0,0,1,0,0,0,0
2232,2023,P_2232,,participant,1,2024/8/19,2024,1,Male,Black,2002,18,0,0,4,0,0,0,2026/2/17,-1,2023/1/1,2024/1/1,0,0,0,0,1,1,0,0,1,0,0,0,0
2232,2024,C_2232_900959.0,900959,control,0,2024/8/19,2024,1,Male,Black,2002,18,2,0,2,0,0,1.394460733,2026/2/17,0,2024/1/1,2025/1/1,1,1,0,0,1,1,0,0,1,0,0,0,0
2232,2024,P_2232,,participant,1,2024/8/19,2024,1,Male,Black,2002,18,0,0,4,0,0,0,2026/2/17,0,2024/1/1,2025/1/1,1,1,0,0,1,1,0,0,1,0,1,1,0
2232,2025,C_2232_900959.0,900959,control,0,2024/8/19,2024,1,Male,Black,2002,18,2,0,2,0,0,1.394460733,2026/2/17,1,2025/1/1,2026/1/1,1,1,0,0,1,1,0,0,1,0,0,0,0
2232,2025,P_2232,,participant,1,2024/8/19,2024,1,Male,Black,2002,18,0,0,4,0,0,0,2026/2/17,1,2025/1/1,2026/1/1,1,1,0,0,1,1,0,0,1,0,1,1,0
2234,2022,C_2234_1739255.0,1739255,control,0,2024/8/5,2024,1,Male,Black,1974,38,3,1,3,25845.23594,1,3.097960459,2026/2/3,-2,2022/1/1,2023/1/1,0,0,0,0,1,1,0,0,1,0,0,0,0
2234,2022,P_2234,,participant,1,2024/8/5,2024,1,Male,Black,1974,38,5,1,1,0,1,0,2026/2/3,-2,2022/1/1,2023/1/1,0,0,0,0,1,1,0,0,1,0,0,0,0
2234,2023,C_2234_1739255.0,1739255,control,0,2024/8/5,2024,1,Male,Black,1974,38,3,1,3,25845.23594,1,3.097960459,2026/2/3,-1,2023/1/1,2024/1/1,0,0,0,0,1,1,0,0,1,0,0,0,0
2234,2023,P_2234,,participant,1,2024/8/5,2024,1,Male,Black,1974,38,5,1,1,0,1,0,2026/2/3,-1,2023/1/1,2024/1/1,0,0,0,0,1,1,0,0,1,0,0,0,0
2234,2024,C_2234_1739255.0,1739255,control,0,2024/8/5,2024,1,Male,Black,1974,38,3,1,3,25845.23594,1,3.097960459,2026/2/3,0,2024/1/1,2025/1/1,1,1,19709.36837,1,1,1,0,0,1,0,0,0,9.88890009
2234,2024,P_2234,,participant,1,2024/8/5,2024,1,Male,Black,1974,38,5,1,1,0,1,0,2026/2/3,0,2024/1/1,2025/1/1,1,1,2801.675872,1,1,1,0,0,1,0,1,1,7.938329908
2234,2025,C_2234_1739255.0,1739255,control,0,2024/8/5,2024,1,Male,Black,1974,38,3,1,3,25845.23594,1,3.097960459,2026/2/3,1,2025/1/1,2026/1/1,1,1,0,0,1,1,0,0,1,0,0,0,0
2234,2025,P_2234,,participant,1,2024/8/5,2024,1,Male,Black,1974,38,5,1,1,0,1,0,2026/2/3,1,2025/1/1,2026/1/1,1,1,0,0,1,1,0,0,1,0,1,1,0
2238,2022,C_2238_746662.0,746662,control,0,2024/8/19,2024,1,Male,Black,1993,28,1,0,1,29144.82142,1,0.909464014,2026/2/17,-2,2022/1/1,2023/1/1,0,0,0,0,0,1,0,0,1,0,0,0,0
2238,2022,P_2238,,participant,1,2024/8/19,2024,1,Male,Black,1993,28,0,0,1,27851.83806,1,0,2026/2/17,-2,2022/1/1,2023/1/1,0,0,0,0,0,1,0,0,1,0,0,0,0
2238,2023,C_2238_746662.0,746662,control,0,2024/8/19,2024,1,Male,Black,1993,28,1,0,1,29144.82142,1,0.909464014,2026/2/17,-1,2023/1/1,2024/1/1,0,0,0,0,1,1,0,0,1,0,0,0,0
2238,2023,P_2238,,participant,1,2024/8/19,2024,1,Male,Black,1993,28,0,0,1,27851.83806,1,0,2026/2/17,-1,2023/1/1,2024/1/1,0,0,0,0,1,1,0,0,1,0,0,0,0
2238,2024,C_2238_746662.0,746662,control,0,2024/8/19,2024,1,Male,Black,1993,28,1,0,1,29144.82142,1,0.909464014,2026/2/17,0,2024/1/1,2025/1/1,1,1,16197.50981,1,1,1,0,0,1,0,0,0,9.69267453
2238,2024,P_2238,,participant,1,2024/8/19,2024,1,Male,Black,1993,28,0,0,1,27851.83806,1,0,2026/2/17,0,2024/1/1,2025/1/1,1,1,0,0,1,1,0,0,1,0,1,1,0
2238,2025,C_2238_746662.0,746662,control,0,2024/8/19,2024,1,Male,Black,1993,28,1,0,1,29144.82142,1,0.909464014,2026/2/17,1,2025/1/1,2026/1/1,1,1,0,0,1,1,0,0,1,0,0,0,0
2238,2025,P_2238,,participant,1,2024/8/19,2024,1,Male,Black,1993,28,0,0,1,27851.83806,1,0,2026/2/17,1,2025/1/1,2026/1/1,1,1,0,0,1,1,0,0,1,0,1,1,0
2251,2022,C_2251_1604913.0,1604913,control,0,2024/8/26,2024,1,Female,Black,1986,21,1,0,1,14744.16179,1,1.203739165,2026/2/24,-2,2022/1/1,2023/1/1,0,0,0,0,1,1,0,0,1,0,0,0,0
2251,2022,P_2251,,participant,1,2024/8/26,2024,1,Female,Black,1986,21,2,0,2,464.454434,1,0,2026/2/24,-2,2022/1/1,2023/1/1,0,0,0,0,1,1,0,0,1,0,0,0,0
2251,2023,C_2251_1604913.0,1604913,control,0,2024/8/26,2024,1,Female,Black,1986,21,1,0,1,14744.16179,1,1.203739165,2026/2/24,-1,2023/1/1,2024/1/1,0,0,0,0,1,1,0,0,1,0,0,0,0
2251,2023,P_2251,,participant,1,2024/8/26,2024,1,Female,Black,1986,21,2,0,2,464.454434,1,0,2026/2/24,-1,2023/1/1,2024/1/1,0,0,0,0,1,1,0,0,1,0,0,0,0
2251,2024,C_2251_1604913.0,1604913,control,0,2024/8/26,2024,1,Female,Black,1986,21,1,0,1,14744.16179,1,1.203739165,2026/2/24,0,2024/1/1,2025/1/1,1,1,1553.974291,1,1,1,0,0,1,0,0,0,7.349214292
2251,2024,P_2251,,participant,1,2024/8/26,2024,1,Female,Black,1986,21,2,0,2,464.454434,1,0,2026/2/24,0,2024/1/1,2025/1/1,1,1,0,0,1,1,0,0,1,0,1,1,0
2251,2025,C_2251_1604913.0,1604913,control,0,2024/8/26,2024,1,Female,Black,1986,21,1,0,1,14744.16179,1,1.203739165,2026/2/24,1,2025/1/1,2026/1/1,1,1,0,0,1,1,0,0,1,0,0,0,0
2251,2025,P_2251,,participant,1,2024/8/26,2024,1,Female,Black,1986,21,2,0,2,464.454434,1,0,2026/2/24,1,2025/1/1,2026/1/1,1,1,0,0,1,1,0,0,1,0,1,1,0
2254,2022,C_2254_1119591.0,1119591,control,0,2024/9/3,2024,1,Male,Black,1996,18,1,1,1,0,0,0.439965443,2026/3/4,-2,2022/1/1,2023/1/1,0,0,0,0,1,1,0,0,1,0,0,0,0
2254,2022,P_2254,,participant,1,2024/9/3,2024,1,Male,Black,1996,18,1,1,1,7535.74547,0,0,2026/3/4,-2,2022/1/1,2023/1/1,0,0,0,0,1,1,0,0,1,0,0,0,0
2254,2023,C_2254_1119591.0,1119591,control,0,2024/9/3,2024,1,Male,Black,1996,18,1,1,1,0,0,0.439965443,2026/3/4,-1,2023/1/1,2024/1/1,0,0,0,0,1,1,0,0,1,0,0,0,0
2254,2023,P_2254,,participant,1,2024/9/3,2024,1,Male,Black,1996,18,1,1,1,7535.74547,0,0,2026/3/4,-1,2023/1/1,2024/1/1,0,0,0,0,1,1,0,0,1,0,0,0,0
2254,2024,C_2254_1119591.0,1119591,control,0,2024/9/3,2024,1,Male,Black,1996,18,1,1,1,0,0,0.439965443,2026/3/4,0,2024/1/1,2025/1/1,1,1,0,0,1,1,0,0,1,0,0,0,0
2254,2024,P_2254,,participant,1,2024/9/3,2024,1,Male,Black,1996,18,1,1,1,7535.74547,0,0,2026/3/4,0,2024/1/1,2025/1/1,1,1,6261.118639,1,1,1,0,0,1,0,1,1,8.742273848
2254,2025,C_2254_1119591.0,1119591,control,0,2024/9/3,2024,1,Male,Black,1996,18,1,1,1,0,0,0.439965443,2026/3/4,1,2025/1/1,2026/1/1,1,1,0,0,1,1,0,0,1,0,0,0,0
2254,2025,P_2254,,participant,1,2024/9/3,2024,1,Male,Black,1996,18,1,1,1,7535.74547,0,0,2026/3/4,1,2025/1/1,2026/1/1,1,1,0,0,1,1,0,0,1,0,1,1,0
2258,2022,C_2258_689680.0,689680,control,0,2024/9/9,2024,1,Male,Black,1996,22,1,0,1,0,0,0.52861156,2026/3/10,-2,2022/1/1,2023/1/1,0,0,0,0,1,1,0,0,1,0,0,0,0
2258,2022,P_2258,,participant,1,2024/9/9,2024,1,Male,Black,1996,22,1,0,2,0,0,0,2026/3/10,-2,2022/1/1,2023/1/1,0,0,0,0,1,1,0,0,1,0,0,0,0
2258,2023,C_2258_689680.0,689680,control,0,2024/9/9,2024,1,Male,Black,1996,22,1,0,1,0,0,0.52861156,2026/3/10,-1,2023/1/1,2024/1/1,0,0,0,0,1,1,0,0,1,0,0,0,0
2258,2023,P_2258,,participant,1,2024/9/9,2024,1,Male,Black,1996,22,1,0,2,0,0,0,2026/3/10,-1,2023/1/1,2024/1/1,0,0,0,0,1,1,0,0,1,0,0,0,0
2258,2024,C_2258_689680.0,689680,control,0,2024/9/9,2024,1,Male,Black,1996,22,1,0,1,0,0,0.52861156,2026/3/10,0,2024/1/1,2025/1/1,1,1,0,0,1,1,0,0,1,0,0,0,0
2258,2024,P_2258,,participant,1,2024/9/9,2024,1,Male,Black,1996,22,1,0,2,0,0,0,2026/3/10,0,2024/1/1,2025/1/1,1,1,0,0,1,1,0,0,1,0,1,1,0
2258,2025,C_2258_689680.0,689680,control,0,2024/9/9,2024,1,Male,Black,1996,22,1,0,1,0,0,0.52861156,2026/3/10,1,2025/1/1,2026/1/1,1,1,0,0,1,1,0,0,1,0,0,0,0
2258,2025,P_2258,,participant,1,2024/9/9,2024,1,Male,Black,1996,22,1,0,2,0,0,0,2026/3/10,1,2025/1/1,2026/1/1,1,1,0,0,1,1,0,0,1,0,1,1,0
2259,2022,C_2259_927823.0,927823,control,0,2024/9/23,2024,1,Male,Black,1998,17,6,1,6,29986.53916,1,2.876465996,2026/3/24,-2,2022/1/1,2023/1/1,0,0,0,0,1,1,0,0,1,0,0,0,0
2259,2022,P_2259,,participant,1,2024/9/23,2024,1,Male,Black,1998,17,0,0,1,31881.02467,1,0,2026/3/24,-2,2022/1/1,2023/1/1,0,0,0,0,1,1,0,0,1,0,0,0,0
2259,2023,C_2259_927823.0,927823,control,0,2024/9/23,2024,1,Male,Black,1998,17,6,1,6,29986.53916,1,2.876465996,2026/3/24,-1,2023/1/1,2024/1/1,0,0,0,0,1,1,0,0,1,0,0,0,0
2259,2023,P_2259,,participant,1,2024/9/23,2024,1,Male,Black,1998,17,0,0,1,31881.02467,1,0,2026/3/24,-1,2023/1/1,2024/1/1,0,0,0,0,1,1,0,0,1,0,0,0,0
2259,2024,C_2259_927823.0,927823,control,0,2024/9/23,2024,1,Male,Black,1998,17,6,1,6,29986.53916,1,2.876465996,2026/3/24,0,2024/1/1,2025/1/1,1,1,0,0,1,1,0,0,1,0,0,0,0
2259,2024,P_2259,,participant,1,2024/9/23,2024,1,Male,Black,1998,17,0,0,1,31881.02467,1,0,2026/3/24,0,2024/1/1,2025/1/1,1,1,9281.707556,1,1,1,0,0,1,0,1,1,9.135908546
2259,2025,C_2259_927823.0,927823,control,0,2024/9/23,2024,1,Male,Black,1998,17,6,1,6,29986.53916,1,2.876465996,2026/3/24,1,2025/1/1,2026/1/1,1,1,0,0,1,1,0,0,1,0,0,0,0
2259,2025,P_2259,,participant,1,2024/9/23,2024,1,Male,Black,1998,17,0,0,1,31881.02467,1,0,2026/3/24,1,2025/1/1,2026/1/1,1,1,0,0,1,1,0,0,1,0,1,1,0
2267,2022,C_2267_1206725.0,1206725,control,0,2024/10/7,2024,1,Male,Black,1989,16,3,1,3,0,1,2.645751311,2026/4/7,-2,2022/1/1,2023/1/1,0,0,0,0,1,1,0,0,1,0,0,0,0
2267,2022,P_2267,,participant,1,2024/10/7,2024,1,Male,Black,1989,16,2,1,1,0,0,0,2026/4/7,-2,2022/1/1,2023/1/1,0,0,0,0,1,1,0,0,1,0,0,0,0
2267,2023,C_2267_1206725.0,1206725,control,0,2024/10/7,2024,1,Male,Black,1989,16,3,1,3,0,1,2.645751311,2026/4/7,-1,2023/1/1,2024/1/1,0,0,0,0,1,1,0,0,1,0,0,0,0
2267,2023,P_2267,,participant,1,2024/10/7,2024,1,Male,Black,1989,16,2,1,1,0,0,0,2026/4/7,-1,2023/1/1,2024/1/1,0,0,0,0,1,1,0,0,1,0,0,0,0
2267,2024,C_2267_1206725.0,1206725,control,0,2024/10/7,2024,1,Male,Black,1989,16,3,1,3,0,1,2.645751311,2026/4/7,0,2024/1/1,2025/1/1,1,1,0,0,1,1,0,0,1,0,0,0,0
2267,2024,P_2267,,participant,1,2024/10/7,2024,1,Male,Black,1989,16,2,1,1,0,0,0,2026/4/7,0,2024/1/1,2025/1/1,1,1,0,0,1,1,0,0,1,0,1,1,0
2267,2025,C_2267_1206725.0,1206725,control,0,2024/10/7,2024,1,Male,Black,1989,16,3,1,3,0,1,2.645751311,2026/4/7,1,2025/1/1,2026/1/1,1,1,0,0,1,1,0,0,1,0,0,0,0
2267,2025,P_2267,,participant,1,2024/10/7,2024,1,Male,Black,1989,16,2,1,1,0,0,0,2026/4/7,1,2025/1/1,2026/1/1,1,1,0,0,1,1,0,0,1,0,1,1,0
2309,2023,C_2309_1009910.0,1009910,control,0,2025/1/21,2025,1,Male,Black,1995,19,2,1,2,15533.8741,1,0.653364942,2026/7/22,-2,2023/1/1,2024/1/1,0,0,0,0,1,1,0,0,1,0,0,0,0
2309,2023,P_2309,,participant,1,2025/1/21,2025,1,Male,Black,1995,19,1,1,3,22265.10758,1,0,2026/7/22,-2,2023/1/1,2024/1/1,0,0,0,0,1,1,0,0,1,0,0,0,0
2309,2024,C_2309_1009910.0,1009910,control,0,2025/1/21,2025,1,Male,Black,1995,19,2,1,2,15533.8741,1,0.653364942,2026/7/22,-1,2024/1/1,2025/1/1,0,0,0,0,1,1,0,0,1,0,0,0,0
2309,2024,P_2309,,participant,1,2025/1/21,2025,1,Male,Black,1995,19,1,1,3,22265.10758,1,0,2026/7/22,-1,2024/1/1,2025/1/1,0,0,0,0,1,1,0,0,1,0,0,0,0
2309,2025,C_2309_1009910.0,1009910,control,0,2025/1/21,2025,1,Male,Black,1995,19,2,1,2,15533.8741,1,0.653364942,2026/7/22,0,2025/1/1,2026/1/1,1,1,0,0,1,1,0,0,1,0,0,0,0
2309,2025,P_2309,,participant,1,2025/1/21,2025,1,Male,Black,1995,19,1,1,3,22265.10758,1,0,2026/7/22,0,2025/1/1,2026/1/1,1,1,0,0,1,1,0,0,1,0,1,1,0
2309,2026,C_2309_1009910.0,1009910,control,0,2025/1/21,2025,1,Male,Black,1995,19,2,1,2,15533.8741,1,0.653364942,2026/7/22,1,2026/1/1,2027/1/1,1,1,0,0,1,1,0,0,1,0,0,0,0
2309,2026,P_2309,,participant,1,2025/1/21,2025,1,Male,Black,1995,19,1,1,3,22265.10758,1,0,2026/7/22,1,2026/1/1,2027/1/1,1,1,0,0,1,1,0,0,1,0,1,1,0
